v -5.09286 22.0393 7.12348
v -6.29952 34.0872 -0.515502
v -15.8021 29.9243 5.92096
v -4.52803 21.9626 7.56523
v 3.22878 23.9412 6.15174
v -4.86223 30.6524 -0.738968
v 8.86107 16.9059 3.92257
v -13.966 30.4842 1.39513
v -1.97253 24.657 5.82177
v -14.098 30.2499 5.95107
v -14.5316 31.9423 -2.83758
v -14.7175 32.5997 -4.38124
v -15.0978 32.3333 -4.65203
v -3.10171 22.4354 7.59105
v -15.0413 26.3999 10.0732
v -3.39638 21.6082 8.03463
v -7.09086 33.4102 0.157781
v -7.37737 33.5149 0.157957
v -17.9198 28.4255 4.5451
v 1.60204 25.7478 2.83817
v -11.2464 8.16783 9.02369
v -10.3137 8.59512 8.82599
v -12.5575 31.6659 -3.83119
v -5.94863 35.0006 -1.12127
v -5.04723 22.6041 6.59005
v 0.590442 8.29686 8.98493
v -4.89304 35.2872 -1.80068
v -11.6573 30.6107 1.46537
v -12.1815 30.3683 1.08946
v -6.75666 24.7773 3.39979
v -8.26027 8.50694 8.25992
v 1.51007 8.2506 8.88045
v -6.11125 24.5129 0.411382
v -6.91594 18.4344 -4.62895
v -11.1828 8.8835 8.54768
v -7.75223 8.43926 8.11096
v 0.0740959 8.6635 9.00748
v 0.787578 8.64294 8.98734
v 1.4314 8.63623 8.91753
v -7.83978 32.6226 0.674347
v -2.91665 24.699 5.18564
v -6.77405 24.8729 0.778714
v 8.81839 13.418 4.81706
v -8.00336 8.72732 8.17572
v -7.50227 8.60573 8.03175
v -18.0125 22.8594 6.26898
v -5.27745 8.72141 9.99121
v -4.62654 8.89351 10.3277
v -3.99828 8.97393 10.2703
v -2.53991 8.80537 9.76096
v -1.67308 9.1704 9.28971
v -1.05543 8.94266 9.21749
v -0.0680116 8.93595 9.20233
v -9.27211 22.8594 6.20755
v -1.37799 21.4692 8.45244
v -17.6407 29.6201 3.49388
v -10.7487 9.23338 8.11613
v -10.1937 9.10188 8.23167
v -9.60716 9.01332 8.14216
v -4.6775 9.39996 9.88874
v -3.75822 9.36543 9.77968
v -2.96465 9.30382 9.50693
v -1.1175 9.45495 9.72322
v 0.478497 9.12845 9.59544
v 1.22145 9.05398 9.57277
v -9.71546 9.58289 7.40991
v -4.98863 9.53904 9.58686
v -3.49897 9.64953 9.24897
v -2.92611 9.49293 9.34544
v -2.42494 9.2777 9.38172
v -1.87746 9.62363 9.78326
v -0.26579 9.36159 9.72463
v 1.72788 9.3548 9.63193
v -14.2388 23.9516 10.5074
v -1.68865 24.1906 6.63325
v 7.53293 8.97649 6.0777
v -0.0505488 22.1948 8.2147
v -10.1351 9.59603 7.35938
v -9.31647 9.52253 7.61206
v -8.64089 9.34004 7.82833
v -8.03351 9.60556 7.77171
v -7.02461 9.60656 7.63195
v -4.63787 9.75521 9.20118
v -4.2181 9.80975 9.03107
v -3.12853 9.75423 9.31492
v -2.46538 9.91566 9.88435
v -0.189524 10.0498 10.5473
v 0.220458 9.70499 10.1315
v 0.906486 10.1695 10.4565
v 6.48032 9.02796 5.94299
v 7.76795 9.49395 6.30608
v -9.20899 10.0231 7.38307
v -7.75822 10.3187 7.70198
v 6.05843 23.2161 3.99413
v -5.05439 10.0245 8.31127
v -4.56845 9.99107 8.5201
v -4.05522 10.0034 8.8964
v -3.68066 9.98749 9.17097
v 1.56357 10.0856 10.1229
v 6.87168 9.82098 6.15569
v 8.19116 9.95751 6.41509
v -1.078 25.3255 4.98209
v -3.10895 31.3736 -1.93072
v -8.0506 33.2506 0.307826
v -12.4281 31.1058 -3.23478
v -4.27609 10.2416 8.67321
v -3.21508 10.5702 9.86977
v -2.78566 10.2224 9.77165
v -1.4502 10.1616 10.2164
v 0.308576 10.5209 10.4984
v -11.3532 29.9928 6.11388
v -5.82809 10.6418 7.10713
v -2.1553 10.8989 10.2572
v -0.871712 10.545 10.5679
v -0.161403 10.595 10.7799
v -15.9165 24.4475 10.1769
v -15.5396 24.93 10.4309
v 7.55844 21.1965 0.614769
v -12.6032 29.0723 7.46991
v -5.60515 10.5022 7.12289
v -0.600769 11.4977 10.5258
v 1.42117 10.9495 10.3451
v 0.689799 21.6648 8.28562
v 8.75668 10.5546 6.37865
v -8.50148 10.2104 7.64773
v -7.10322 10.3243 7.54744
v -6.42227 11.0747 7.37876
v -15.1392 19.2288 -2.11284
v -1.23449 11.0398 10.5503
v 0.361662 11.2942 10.6178
v 1.32431 11.4135 10.4732
v -3.57068 24.1309 5.71635
v -7.1337 22.5702 6.39496
v 7.55176 11.0043 6.11965
v -15.6837 30.2832 4.83709
v -8.63754 11.4539 7.73079
v -7.62285 11.4692 7.91484
v -2.46624 11.8278 10.5975
v -1.84386 11.7841 10.87
v 0.020389 11.4361 10.6982
v 1.83669 11.5037 10.3446
v 1.7106 24.0526 6.82099
v 9.23328 11.0044 6.26108
v -8.23421 11.5654 7.89172
v -6.78799 11.6341 7.70922
v -5.57338 11.5801 7.18268
v -5.13636 11.3128 7.54622
v -1.11137 11.9357 10.9356
v -0.237658 11.8646 10.9572
v 0.57666 11.7806 10.9279
v 1.04296 11.9149 10.9167
v 8.05894 11.0797 6.22075
v 9.06946 11.5082 6.23827
v -2.25857 25.3735 3.61999
v 0.674061 12.4688 11.1202
v -18.416 23.2887 4.00568
v -14.8581 27.6929 9.26768
v 8.10949 11.9837 5.76298
v 9.77907 11.889 5.97365
v 3.10561 22.3375 7.37271
v -12.161 29.0821 -0.641205
v -6.38304 12.2271 7.60321
v -5.60192 12.2542 7.34325
v -3.03243 12.1555 10.4271
v -1.53512 12.4247 11.0042
v -0.761551 12.2534 10.9582
v -16.8512 23.894 -0.520891
v -1.82446 23.7868 7.00758
v 0.153465 23.1777 7.65975
v 8.93979 11.9158 6.06697
v -5.70893 24.5884 1.79506
v -10.1643 12.2306 6.21313
v -8.18884 12.2066 8.04761
v -7.13524 12.3389 8.09034
v -5.34834 12.185 7.41891
v -2.71687 12.7455 10.5173
v -2.65318 12.2403 10.6405
v -0.297898 12.3636 11.1135
v 1.86013 13.1025 10.7066
v -18.1896 23.2404 2.1812
v -15.5918 23.9835 9.96869
v -5.7813 18.1247 -4.87753
v 4.73556 24.3637 3.8298
v 0.673053 13.5037 10.8971
v 1.16354 13.2753 10.8477
v -4.08776 35.928 -4.1192
v -12.289 13.274 6.83063
v -5.01802 24.6059 0.991904
v -12.7731 30.7041 -1.77787
v -7.74142 12.9429 8.18243
v -7.14885 13.1689 8.14755
v -3.0957 12.741 10.4827
v -1.99896 13.3676 10.7863
v -1.14985 13.418 10.9962
v 9.36515 13.0011 5.42097
v 9.61826 12.4633 5.776
v -2.56094 13.2929 10.5567
v -0.336571 13.5146 11.1042
v 7.51327 20.546 -0.310545
v 1.41995 23.2312 7.33988
v 8.55733 12.8059 5.29333
v -15.3854 34.3309 -9.37696
v -13.5174 31.7618 -2.35693
v -8.20168 13.2859 8.11928
v -6.73276 13.5064 8.10023
v -5.66748 13.3568 7.63849
v -5.36163 13.5156 7.84651
v -3.33327 13.9749 10.7445
v -2.96698 13.3809 10.7044
v 0.201304 14.0767 11.1434
v -7.08945 23.5236 5.84268
v -4.19671 20.5906 -4.43226
v -6.85157 33.0141 -2.90853
v -1.86585 17.9048 -7.07732
v -8.77984 13.9173 8.22744
v -6.05489 13.1828 7.66699
v -5.50593 14.2035 7.98903
v 8.84272 13.8977 4.40567
v -3.02264 14.4198 10.8772
v -2.66904 13.9738 10.705
v -2.27801 14.1466 10.9615
v -0.567122 14.2799 11.4929
v 1.6398 14.739 11.0363
v -12.1457 34.2712 -11.0744
v -1.00763 23.3048 7.50486
v -16.7477 21.349 1.31004
v -12.1894 28.7601 -1.29197
v -6.27078 14.3235 7.94571
v -5.22886 18.0594 -6.02482
v -17.3613 20.1787 2.93803
v 0.564015 18.1912 -6.36979
v -9.99992 14.4838 8.28805
v -9.43677 14.1593 8.01562
v -8.42748 14.5606 8.37376
v 1.02585 24.4729 6.43421
v -2.51558 14.813 11.1421
v -1.37222 14.1557 11.3818
v 0.503227 14.5707 11.0334
v -3.24503 23.0125 7.13732
v -12.2866 32.6858 -8.61739
v -4.45166 36.1535 -2.42419
v -11.375 14.8019 8.33919
v -9.12358 14.6254 8.23048
v -7.72071 14.3614 8.234
v 0.0679572 14.984 11.4087
v -0.412329 22.9011 7.83152
v -3.79025 22.7578 7.2151
v 5.22201 23.6274 5.06357
v -7.01884 34.4728 -1.0152
v -10.6505 14.5953 8.17965
v -7.03466 14.2748 8.24714
v -6.05207 15.2149 8.03108
v -5.86862 14.5022 7.90475
v -3.1735 15.1735 11.037
v -1.70839 14.9095 11.2407
v -1.2201 15.6069 11.2911
v -0.851324 14.8854 11.5173
v 1.20621 14.5571 11.1126
v -13.9579 27.2478 9.32424
v -7.79608 33.9832 -0.751764
v -12.2574 15.1482 8.18929
v -8.09835 15.2217 8.47873
v -4.18835 15.4714 10.8792
v 0.434336 15.616 11.1497
v -6.45451 22.9882 6.18218
v -4.83903 23.3065 6.17595
v -2.75209 23.395 7.15991
v 1.19917 25.6994 3.70691
v -10.1002 30.736 1.99933
v -5.2519 35.2974 -1.46863
v -15.4695 30.459 3.6666
v -11.236 15.4532 8.59069
v -9.58557 15.2068 8.60535
v -8.85304 15.3055 8.25814
v -7.35335 15.4274 8.35168
v -6.99664 15.1654 8.21252
v -3.41931 15.7999 11.2763
v -1.28898 22.9718 7.64587
v 1.16134 22.527 7.84784
v -15.8987 29.1078 7.31936
v -14.6035 29.8292 6.80236
v -11.8755 15.8377 8.45704
v -10.9231 15.9912 8.80521
v -10.2016 15.6164 8.60475
v -9.50027 16.0617 8.63329
v -7.78442 15.7389 8.41074
v -6.12854 15.676 8.07229
v -16.9163 29.7609 4.95578
v -2.06791 15.4614 11.362
v -1.73186 15.8453 11.3836
v 0.810033 15.4436 10.9535
v -5.36277 22.9594 6.24259
v -1.76591 22.8114 7.7463
v -15.1186 24.3752 10.2839
v -7.40648 32.8135 0.387238
v -13.0956 31.4319 -2.41137
v -5.33634 24.5078 3.34687
v -10.6531 15.8816 8.82516
v -10.0925 16.2052 8.72706
v -9.0865 15.9802 8.52399
v -8.46117 15.9913 8.23535
v -7.75237 16.2462 8.53907
v -7.14648 15.9798 8.52186
v -6.47211 15.9694 8.16113
v -6.01057 16.354 8.29428
v -2.8551 15.7898 11.1431
v -1.21482 16.3862 11.1364
v -0.500796 15.9295 11.2633
v -4.47811 23.091 6.6151
v -9.06097 32.1943 1.01026
v -8.95024 23.6303 5.37171
v 8.03569 19.7381 4.60021
v 7.8608 20.8148 3.00267
v 8.29443 19.6803 0.247885
v -7.22745 24.8384 3.56831
v -1.21036 19.8005 8.72634
v -9.11604 16.5397 8.74742
v -3.49761 16.6188 11.2751
v -3.14774 17.0929 11.1135
v -1.69463 16.9931 11.2155
v -0.657182 16.5576 11.2495
v 0.374873 16.6582 11.2653
v -3.55296 24.7239 4.53231
v -0.594589 23.979 7.02773
v -7.70438 33.0725 0.47895
v -13.5061 31.1741 -1.34554
v -13.8829 30.7771 -0.330958
v -13.6772 32.5378 -3.83892
v -12.5047 15.9738 8.57282
v -11.5271 16.4866 8.56902
v -9.66662 16.7494 8.91688
v -8.21211 16.6054 8.3282
v -6.75432 16.727 8.37341
v -2.42386 16.652 11.2295
v 0.830522 16.9575 11.1701
v 5.90129 23.0834 5.06812
v -8.40469 23.1462 6.04839
v -4.94558 35.6181 -1.76759
v -13.1317 16.4765 8.52577
v -10.5181 16.7086 8.9031
v -6.65467 17.0098 8.3596
v -6.29624 16.6867 8.2203
v -1.24221 25.3776 0.267033
v 0.954849 25.7865 1.76051
v 1.56542 17.0479 10.9737
v 4.30168 16.8774 9.63937
v -5.41484 18.3412 -5.06487
v -5.66803 17.9622 -5.29215
v 8.47198 18.8896 4.29784
v -14.1942 32.8577 -4.35336
v -6.48012 34.6498 -0.915363
v -12.7136 17.3312 8.79813
v -11.9996 17.374 8.91751
v -11.282 16.8527 8.67293
v -8.08167 17.2129 8.33692
v -7.40194 16.9247 8.61651
v 0.139047 17.485 11.0165
v -8.41577 32.1696 0.971576
v 3.60006 17.789 9.40934
v 7.92502 20.4305 0.166497
v -3.47027 23.4402 6.77154
v -17.1312 22.8249 0.43453
v -10.9267 29.7466 5.77316
v -11.5197 17.5944 8.81408
v -9.24411 17.2696 8.80142
v -8.57934 16.8217 8.52153
v -8.78726 17.7206 8.41693
v -8.35359 17.535 8.33541
v -7.44981 17.6702 8.51734
v -5.97717 17.0057 8.53247
v -2.70352 17.4462 11.1449
v -2.26658 17.2977 11.0619
v -1.58529 17.6389 11.181
v 8.4327 19.5563 2.87337
v -10.7662 17.3984 8.79629
v -9.72224 17.1572 8.93893
v -6.98699 17.4787 8.47137
v -2.18571 18.1086 10.9948
v 0.167677 25.7566 3.20541
v -7.84107 22.4722 6.68805
v -2.0905 32.3337 -3.24098
v -2.374 25.4216 2.72889
v -10.9567 18.0236 8.88164
v -10.4045 17.6828 8.75686
v -10.0891 18.0554 8.61575
v -9.47267 17.949 8.63403
v -6.70876 17.808 8.7198
v -5.79193 17.4962 8.61187
v -3.05976 18.3391 10.7366
v -0.961603 18.1818 10.9981
v -15.5766 26.6301 9.86621
v 4.33459 24.4931 4.52579
v -14.7307 30.3243 0.415103
v -13.6496 17.7115 8.23619
v -13.2416 18.2505 8.3162
v -13.1315 17.4603 8.63478
v -12.1253 18.2434 8.82391
v -8.06501 18.4027 8.25168
v -5.6834 18.0308 8.63501
v -5.28563 18.4264 8.81252
v -2.81965 18.0981 10.9395
v 1.20507 17.8375 10.699
v 1.61832 18.5592 10.1489
v -13.9097 23.174 10.4482
v -11.3566 28.9196 6.41493
v 7.28358 21.4953 4.41336
v 2.6118 24.0565 6.49563
v -10.5386 18.7759 8.52403
v -7.21365 18.3595 8.63167
v -6.26425 18.4897 8.72099
v -2.50138 25.0963 4.62491
v -2.23569 18.4675 10.8077
v -1.33374 18.7556 10.6431
v 0.505735 18.4523 10.7062
v 2.28551 18.2092 10.2343
v -6.28198 34.4186 -0.620925
v -12.1129 19.1345 8.39827
v -11.219 18.4975 8.79783
v -5.05249 18.7471 8.56579
v -1.7701 19.1835 10.1649
v 1.06585 18.9098 10.1704
v 3.38464 18.5807 9.3668
v 4.10393 18.9226 9.19568
v 7.06271 21.2887 -0.621442
v -8.13929 25.2264 2.20458
v -1.69259 25.4829 1.54015
v -11.5947 19.177 8.41121
v -9.60564 18.6427 8.7819
v -8.95451 18.5792 8.49484
v -7.78301 18.8421 8.27621
v -6.42724 18.8355 8.71773
v -5.69949 18.8284 8.81034
v -9.65254 27.6894 2.04696
v -0.656099 19.2381 10.1596
v -0.00274471 18.9394 10.4796
v 1.75455 19.1377 9.59054
v 2.60925 19.1033 9.4567
v -14.8044 23.721 10.4185
v -6.1878 23.397 5.7008
v -15.1345 29.0725 7.83248
v -15.2302 25.3102 10.469
v -13.121 19.7978 8.05156
v -10.3465 19.6513 8.26611
v -9.07123 19.477 8.30833
v -7.32933 19.6341 8.19573
v -6.92881 19.19 8.44187
v -4.33729 19.2847 8.75332
v -2.10493 32.4284 -4.00699
v 0.976261 19.2125 9.83784
v 2.47803 19.5612 9.39229
v -3.56827 25.0213 1.21776
v -14.098 31.9633 -2.55957
v -10.9728 12.6759 6.56285
v 3.24948 25.1726 3.51353
v -12.6336 19.1609 8.27734
v -8.05276 19.1014 8.2097
v -6.85937 20.186 7.97196
v -5.64509 19.5087 8.4655
v -5.14548 19.5924 8.63783
v -2.09148 19.7087 8.79848
v -17.5851 22.9197 0.889711
v 1.18219 19.4861 9.29985
v 2.26116 19.9851 9.2749
v 2.9217 20.0436 9.14846
v -8.87225 31.7195 1.24797
v -14.7751 30.3538 5.37708
v -9.74369 19.4619 8.52264
v -9.42527 20.0967 8.06131
v -1.75533 19.9184 8.61326
v -4.08919 24.9629 2.47914
v 0.484022 19.8898 8.6977
v 1.43478 19.9853 9.03818
v -7.885 23.3067 5.99187
v -0.5911 25.6981 2.13909
v -14.2961 20.1619 7.39865
v -12.7054 19.8667 8.21094
v -11.8695 20.2694 8.16033
v -8.53037 19.7061 8.26524
v -5.72048 20.2445 8.20234
v -3.96789 20.156 8.48396
v -3.07325 20.2698 8.42294
v 0.95418 20.0452 8.72926
v 3.29836 20.2887 8.8569
v 0.970266 23.6292 7.04744
v 8.63276 18.0401 4.43435
v -14.2705 28.6119 8.48155
v -10.9202 19.6691 8.44891
v -10.0827 20.2218 8.01818
v -9.78571 20.6249 7.77343
v -8.82922 20.381 8.14021
v -7.30656 20.6693 7.56441
v -6.26908 19.4184 8.60019
v -3.32371 20.1954 8.52875
v 0.221538 20.2543 8.56618
v -7.55881 23.9831 5.41858
v 6.60171 22.4812 4.619
v -12.4015 29.874 -1.55315
v -15.1342 29.7934 6.69453
v -8.29743 33.417 -0.058165
v -14.5438 20.6251 7.2134
v -11.2838 20.4955 8.10021
v -7.8914 20.1703 7.90158
v -4.39864 20.0382 8.60142
v -2.79995 20.8937 8.43627
v -1.95824 20.2893 8.53268
v -0.542134 20.9121 8.61203
v 2.26213 25.5559 3.51461
v -7.38426 34.141 -1.96116
v -8.47828 20.7872 7.97369
v -6.31589 21.0509 7.65002
v -4.9004 20.4154 8.3386
v -3.67635 20.9412 8.26415
v -1.45494 20.9219 8.62029
v 1.49749 20.7989 8.14859
v 2.22079 20.7631 8.48617
v 3.61891 21.2547 7.79781
v 4.60195 20.5949 7.79409
v -14.5558 24.8349 10.3535
v -11.052 22.2962 6.99684
v 3.56406 24.9287 3.88526
v 3.66478 24.6107 4.78376
v -13.8886 21.3522 7.34542
v -12.1639 21.6605 7.2946
v -10.316 21.0288 7.75896
v -7.55137 21.4125 7.24143
v -5.51083 21.2048 7.67482
v -1.99295 21.6356 8.33527
v 0.879717 20.7467 8.22419
v 1.72237 21.2974 7.90213
v 2.04332 21.0779 7.98437
v 4.00693 21.0781 7.8256
v -10.5968 22.221 6.90649
v -13.3339 21.1693 7.33865
v -10.714 21.0642 7.76905
v -10.1276 21.5397 7.37269
v -9.36639 21.1865 7.72134
v -8.23778 21.7208 7.26322
v -0.00427077 21.1597 8.41734
v 2.58754 22.0622 7.57917
v 3.74593 21.6474 7.56523
v -9.39182 22.0342 7.00833
v -16.9339 23.6384 -0.40305
v -6.02165 22.4953 6.62918
v -3.83808 21.8882 7.79217
v -0.959352 21.9176 8.25305
v -3.96689 23.7347 6.15569
v 2.81939 21.2647 7.97672
v -15.2702 30.9143 -3.8517
v 8.06162 18.7252 -0.999393
v -6.73748 33.9658 -0.212817
v -18.1181 22.9042 4.71103
v -6.64809 33.677 -0.239424
v -11.9495 22.1715 7.11181
v -11.4845 21.9367 7.08879
v -7.08192 21.6335 7.12322
v -11.8851 25.8553 -1.47954
v -1.10346 20.7036 -4.44434
v 5.46981 22.8063 5.95487
v -5.87261 24.5696 1.14918
v 0.571635 7.53683 9.01947
v 4.18142 7.89921 8.11393
v -11.9235 28.8133 7.26431
v -9.80409 7.04425 9.02962
v -1.11591 7.47418 9.48888
v 3.36148 7.59569 8.5328
v -17.1353 27.1567 1.52077
v -9.73205 7.25911 9.03554
v -4.40737 8.07969 10.586
v -0.0741144 8.11207 9.15466
v 2.67035 8.24847 8.76841
v 8.37474 18.5752 4.93579
v -10.5566 7.73549 9.24499
v -8.80551 7.43831 8.76354
v -8.16483 7.87003 8.43135
v -3.42033 8.31049 10.2608
v -2.40925 8.39093 9.86871
v -1.30785 8.35649 9.52095
v 3.32761 8.54678 8.6376
v 3.58461 8.34531 8.5717
v 4.6892 8.55735 7.83851
v -9.95428 18.3508 -4.25007
v -8.86716 8.51252 8.48893
v 8.61945 19.278 1.67497
v -4.70706 33.2502 -2.31313
v -5.49223 33.8935 -1.76304
v 2.6582 8.9973 8.60353
v 3.1661 9.02732 8.50855
v 5.12718 8.89368 7.41308
v 5.53424 8.89965 6.96097
v 5.97799 8.70555 6.05638
v -13.5352 16.6084 -3.41802
v -8.81974 18.4542 -4.30074
v 4.11366 23.4974 6.44978
v -12.9626 24.3578 9.86341
v -9.49554 8.43738 8.62706
v 4.49586 19.1819 8.97129
v -6.06258 33.939 -0.886471
v 1.99998 9.08861 9.15778
v 2.12531 8.7941 8.75118
v 3.87267 8.80308 8.34713
v 4.6607 9.38362 7.70485
v 9.54513 9.34891 5.20535
v 9.99778 9.26608 4.58157
v -2.75698 33.8199 -3.66294
v -10.7001 28.9069 5.3069
v -11.8242 29.7084 6.80054
v -16.7761 19.8048 0.226677
v -10.8016 27.6446 5.80391
v -4.38067 35.8213 -2.2387
v 6.19475 20.5266 6.90839
v 4.28629 9.51834 7.94285
v -3.52263 32.9791 -2.74709
v 4.68116 22.5219 6.69674
v -8.93951 30.4447 1.50924
v -6.3471 32.1479 -0.846624
v -3.86975 31.5472 -1.0005
v -2.58138 33.1833 -3.34325
v 2.37345 9.61353 9.31079
v 3.00555 9.2948 8.62133
v 3.6037 9.40652 8.28026
v -7.48874 31.2624 0.327234
v -2.41086 35.151 -4.62476
v -4.54733 35.5494 -2.1334
v -8.77689 30.0208 1.59987
v 2.17388 10.3818 10.076
v 3.4087 9.58201 8.55128
v 5.80196 9.64996 7.10768
v 9.03107 9.66063 5.94557
v -10.9017 25.1219 7.33788
v 6.74972 18.5387 7.59027
v -8.58582 30.7372 1.11742
v -13.0617 26.4518 8.66659
v -7.25623 31.5059 0.0832176
v 2.15732 22.287 7.58003
v 3.90881 10.2749 9.01179
v 4.57301 10.2675 8.27059
v 4.84282 9.97772 7.75548
v 6.32394 9.74972 6.53294
v 10.4962 10.5243 5.2742
v 11.1045 10.3062 4.29537
v 7.48614 18.6791 -1.80636
v -12.8674 21.2715 7.43436
v 3.1003 17.9658 9.99473
v 4.73787 20.2159 8.18314
v -8.09064 30.6271 1.21898
v 7.36373 19.3851 -1.86924
v -2.64118 34.4286 -4.04598
v 3.02749 10.3485 9.30867
v 5.32267 9.97601 7.49724
v 9.05686 10.1822 6.21456
v 10.0125 10.2666 5.50685
v 10.9806 10.7296 4.77021
v -10.5962 9.61989 7.2363
v 5.00361 23.0125 6.07355
v -7.99248 29.4461 0.810904
v -7.72379 30.6048 1.12514
v -9.4577 29.9795 2.03931
v 5.04513 10.8242 8.25115
v 6.79026 10.1471 6.33063
v 5.99822 22.1376 6.11305
v -11.0398 23.2511 7.53688
v -14.7717 13.1564 2.98834
v -6.8011 32.5496 -0.656992
v 3.07606 11.1302 9.61648
v 4.18052 11.0554 9.24511
v 6.25837 11.0234 7.58581
v 6.78125 10.65 6.68697
v 7.40329 11.1047 6.1737
v -0.169763 20.1999 8.63932
v 10.4776 11.0956 5.57469
v -1.13779 20.0577 8.56645
v -2.95132 32.106 -2.13132
v -9.01596 24.5317 4.94686
v -8.7207 31.2567 1.29185
v -2.50191 32.0304 -2.43974
v -12.2689 26.9547 7.06804
v -11.8292 26.7983 6.85126
v -10.0367 25.2476 6.4883
v 2.18267 10.9762 10.3073
v 3.80993 10.9569 9.45515
v 4.79001 11.1125 8.59645
v 5.587 11.311 8.10554
v 6.50258 11.7899 7.72525
v 7.33951 18.177 7.03617
v -12.2245 23.9352 8.74323
v -5.93682 33.1001 -1.45428
v -11.8936 27.1961 6.69529
v 7.11625 11.744 7.02606
v 11.564 11.6528 4.25187
v -6.90717 32.2044 -0.524656
v -13.3805 27.3169 8.89693
v 1.47889 12.194 10.8117
v 3.61776 11.92 9.56811
v 5.3568 11.8022 8.53854
v -9.42988 23.6683 5.68898
v -6.77612 31.2107 0.538563
v -11.9391 33.0053 -11.5499
v 2.28422 12.0177 10.1474
v 2.58725 11.8241 9.92118
v 3.61093 12.4261 9.60162
v 4.0989 12.6566 9.2805
v 4.26135 11.8428 9.33514
v 5.95945 12.4065 8.08659
v 7.0448 12.7385 7.44515
v 7.72563 11.9482 6.05965
v -11.9459 25.2987 7.87502
v 11.113 12.2686 5.05985
v 1.94458 12.3493 10.6656
v 4.81643 12.0833 8.842
v 7.73232 12.8483 6.53652
v -12.5361 26.3355 7.71895
v 10.2235 13.059 5.33415
v 10.3872 11.9296 5.70605
v -13.3185 28.3887 8.345
v -13.7078 28.0085 8.79323
v -2.85259 35.8489 -4.34496
v 6.68834 12.6299 7.74043
v 10.8021 12.9437 5.13485
v -4.92824 32.1618 -1.44383
v -8.04524 31.0805 0.646254
v -11.7528 28.3261 7.13215
v 2.29373 12.5995 10.3754
v 7.96619 12.4128 5.78692
v -3.45265 31.809 -1.49289
v -17.5583 17.8895 2.42736
v -12.4513 28.5336 7.5055
v -4.25074 34.985 -2.81569
v -3.278 31.5602 -1.51617
v -12.9002 23.1585 9.88659
v 2.7466 12.9059 10.3443
v 4.16777 13.3094 9.44871
v 4.80277 13.3921 8.75917
v 5.41717 12.4552 8.56761
v 5.78234 19.6703 7.86965
v -4.57074 31.8162 -1.1449
v -13.2524 23.3985 10.2485
v -3.46522 31.2648 -1.50447
v 8.45222 13.1169 5.21952
v -6.3941 33.0353 -0.995565
v -12.1474 24.8265 8.33599
v -5.8461 34.6206 -0.913015
v -5.49646 35.0261 -1.20585
v -9.46372 25.4093 5.55051
v 2.20201 23.6329 6.94746
v -11.9803 22.5928 7.44156
v 2.2552 13.7098 10.6244
v 3.08716 13.6084 10.2263
v 6.99717 13.7816 7.37853
v 7.56607 14.531 6.75561
v 8.00352 13.1952 5.84614
v 8.47834 13.6704 5.14956
v 5.07961 20.0294 8.03459
v -10.2783 23.9085 7.02123
v -5.09296 31.4969 -0.337775
v -4.08218 36.1061 -2.61644
v -3.15617 36.2389 -3.97958
v -6.03813 30.948 0.332217
v -12.4279 22.413 7.8776
v 4.47245 13.8378 9.42759
v 5.36476 13.7353 8.40921
v 6.36951 13.4838 7.89757
v -0.668742 19.816 8.61407
v -2.90764 31.7839 -1.94206
v -9.42389 24.5414 5.86685
v 2.6914 14.4751 10.5835
v 3.91637 13.6453 9.71785
v 5.13675 14.4958 8.80463
v 5.81513 13.8945 8.13306
v -16.1003 15.2831 4.77221
v 2.48519 22.691 7.26692
v 8.03815 20.5658 1.0116
v -5.3363 34.6431 -1.51501
v 5.39188 20.5019 7.48414
v 3.29497 14.2901 10.1219
v 5.78406 14.4408 8.46743
v -9.86446 25.7644 5.98091
v -10.0667 22.7459 6.5322
v 5.30208 19.0438 8.38923
v -5.85031 31.8019 -0.697544
v -11.3125 25.0634 7.71687
v 2.95665 14.9272 10.5433
v 3.61234 14.8447 10.2717
v 4.25683 14.5821 9.76918
v 4.95089 14.7107 9.22169
v 6.23882 14.9366 8.3385
v 6.42423 14.4734 7.9361
v 7.12199 14.5622 7.44652
v 8.5144 14.7737 5.2281
v -14.2754 34.3982 -10.3284
v -8.3627 30.3548 1.3602
v -9.66915 29.0287 2.19244
v -10.908 27.1097 6.1101
v -4.47339 30.9341 -0.727177
v 4.64664 15.0654 9.59595
v 5.28125 15.1783 9.02649
v -2.46115 32.4141 -2.71095
v -7.02334 32.9264 -0.0490073
v -9.30486 30.9063 1.71234
v -8.97207 28.7135 1.18368
v -3.11583 20.5969 -4.39986
v 7.71985 20.7359 4.33729
v -13.2786 25.7869 9.22819
v 2.15041 14.8186 10.7599
v 2.69245 15.4145 10.6472
v 4.05691 15.8235 9.97846
v 7.72337 15.9278 6.72722
v 8.02053 14.2855 6.11233
v -16.5277 21.5726 0.746844
v -5.55163 31.2473 0.120229
v 7.91797 20.8265 2.06073
v 7.16355 20.2112 5.98058
v -8.35872 30.9817 0.892403
v -12.8235 24.9385 9.32725
v -12.5241 23.1949 9.23013
v 4.82767 15.7213 9.56286
v 5.51927 15.4887 8.86087
v 7.07044 15.2453 7.50229
v 8.66953 15.6785 4.94778
v -9.68328 23.6564 6.32188
v -17.0808 26.7632 0.77101
v -5.06308 33.7195 -2.18651
v -10.4346 26.5389 6.02372
v -11.0307 24.2263 7.8065
v 7.52526 19.7682 -1.47246
v -10.8916 28.2108 6.05663
v -11.5658 27.6957 6.49919
v 1.69927 15.8243 10.808
v 6.53762 15.7372 8.15076
v -5.77895 32.5016 -1.35289
v -12.9503 22.4804 9.25411
v -12.4443 22.006 7.35004
v -7.04353 31.7653 -0.22968
v -10.5408 27.9952 5.25155
v 3.38622 15.5662 10.4285
v 6.34422 16.3104 8.25638
v -7.89483 31.4785 0.42579
v 6.48862 19.322 7.36044
v -13.4133 22.7071 10.0472
v -8.11738 32.1277 0.858163
v -13.5033 22.3167 9.74375
v -6.95128 30.6941 0.694263
v -3.98504 32.2344 -1.91116
v 4.74833 21.2421 7.54657
v -3.96253 30.9748 -1.36722
v 1.00793 16.366 11.1434
v 1.83892 16.5066 10.8739
v 3.31469 16.8492 9.92928
v 5.22839 16.0656 9.11982
v 6.9948 16.3103 7.49703
v 8.05342 15.9107 6.16538
v 5.96846 18.4102 8.28852
v 5.41749 21.2371 7.30231
v -13.3296 21.5595 7.48448
v -11.9342 23.9183 8.27799
v -12.4473 27.9132 7.50499
v -3.59783 35.3642 -3.48156
v -5.84786 30.1743 -0.770891
v 5.87815 21.5221 6.67198
v 2.50348 16.2415 10.4147
v 7.54117 20.6229 5.18943
v 4.82626 16.5954 9.36455
v 5.7536 16.4435 8.49905
v 8.45226 16.7005 5.40104
v -12.2064 23.1256 8.3301
v 5.46435 18.2804 8.68074
v -9.78968 24.3326 6.34764
v -12.3153 27.4065 7.26218
v -3.241 34.5284 -3.62077
v -6.96154 30.9455 0.77306
v 6.47415 17.3091 8.3008
v 8.00342 16.7516 6.25368
v 6.91782 19.6259 6.69866
v -13.569 24.2754 10.3744
v -4.55598 32.8104 -2.15855
v -6.05814 31.5339 -0.338421
v -7.69939 32.2456 0.533348
v 3.7159 22.8255 7.03804
v -14.3013 25.3341 10.1802
v -11.2054 26.1417 7.04772
v -3.94647 31.2563 -0.960094
v -12.7528 21.9775 7.59434
v 5.12612 16.9269 9.21555
v 6.9541 17.5549 7.70391
v 7.53845 17.3139 6.83027
v -4.54927 31.2608 -0.434694
v 4.20035 20.4949 8.29387
v -13.6952 26.562 9.42596
v -8.26487 29.9549 1.25508
v -11.3678 29.475 6.57478
v -14.7391 26.0481 10.1912
v -12.6364 21.7087 7.33626
v -7.49243 31.9247 0.0258977
v -12.7404 25.9142 8.2903
v -11.9667 24.5093 8.27724
v 8.23243 16.7264 -1.58684
v -12.7247 26.9469 8.00867
v -11.1698 26.9357 6.36659
v 1.86964 17.5091 10.7018
v 2.51883 17.2402 10.5348
v 2.86089 17.1531 10.2015
v -11.0321 22.5648 7.08528
v 4.397 17.8562 9.41854
v 5.6102 17.58 8.60516
v -2.1176 32.6723 -3.22851
v -11.6709 29.2405 6.9857
v -12.8474 23.6509 9.94348
v -12.2178 26.1562 7.5463
v 8.92959 18.0235 1.41186
v -10.2555 24.3633 6.95653
v -8.98291 29.03 1.49089
v 7.96129 17.5442 6.04526
v 6.85312 21.6838 5.31361
v -6.90766 30.0206 0.278192
v -13.0267 27.728 8.38725
v -3.95221 34.0496 -3.01761
v 5.49622 22.21 6.51873
v -18.2728 23.7952 7.71658
v -5.30785 30.8979 -0.115865
v -7.53718 30.9067 0.94584
v -11.7375 27.8188 6.92
v -12.5088 24.4661 9.154
v -9.53003 23.2672 6.06241
v -9.38724 23.2764 5.87944
v 2.41434 17.8449 10.4074
v -2.14258 33.0966 -3.55394
v 5.05876 18.5134 8.9199
v -13.8185 25.5387 9.86188
v -10.8716 28.846 5.82486
v -9.01383 23.8492 5.22448
v -11.8601 23.1987 7.92725
v -10.3554 22.9087 6.65402
v -12.9542 28.4457 8.00188
v 3.95801 19.7142 8.96103
v 4.23054 21.9446 7.23988
v 7.63036 18.4856 6.41213
v -12.0511 31.3789 -6.61671
v 3.6399 6.87096 -1.50246
v 3.4842 6.84184 -2.63809
v 4.25667 7.41907 7.51457
v 8.34659 7.82261 1.4036
v 7.41506 7.62034 0.366333
v 4.19733 7.21872 -0.462264
v 4.15896 7.2901 -0.781082
v 3.27761 6.94415 -3.20373
v 8.38936 8.04496 0.564718
v 7.68477 8.08333 -0.248414
v 3.84422 7.32541 -1.91548
v 3.65748 7.2836 -2.88629
v 2.97068 7.15911 -3.95384
v -10.037 27.3605 0.289492
v -2.03876 35.2081 -5.31766
v -12.5974 23.4573 -1.72187
v -7.70225 18.2178 -4.56481
v 9.60233 8.54365 1.45624
v 4.40551 7.85123 -1.37207
v 4.41019 8.37466 -2.17975
v 4.09054 8.00888 -2.87143
v 3.4491 7.59225 -3.76596
v 1.3161 23.8551 -2.54007
v 4.73079 8.01818 7.51288
v 4.88131 7.85984 6.82458
v -12.182 31.0065 -3.83079
v -1.94178 35.0633 -5.77843
v 9.19922 8.6412 0.367242
v 4.57309 8.13821 -1.42629
v 4.05004 8.35972 -3.84287
v 3.80599 8.52695 -4.28886
v -17.8393 23.6229 1.33705
v -1.82663 32.9096 -3.87206
v -15.8194 21.1452 -0.679134
v -11.9884 34.2338 -11.9509
v -6.76248 29.8076 -0.0617186
v 10.0992 8.83004 2.70908
v 9.52825 9.01941 0.131857
v 5.02505 8.63734 -1.65632
v 4.37799 8.45624 -2.65888
v -1.78115 33.0887 -4.70224
v 7.92737 16.918 -2.20464
v -3.59331 7.16829 10.3225
v 10.8328 9.65401 3.86642
v 10.9442 9.6701 3.41774
v 10.0824 8.85606 2.04559
v 10.5515 9.55505 0.830661
v 9.64873 8.79768 0.629426
v 9.53377 9.58207 -0.527213
v 5.35249 9.09795 -2.41456
v 4.45132 8.66017 -2.87842
v -12.2326 31.8699 -9.80233
v -17.6144 25.9735 6.57607
v -2.6562 31.7274 -2.38085
v 11.0161 9.66916 2.46662
v 10.8506 9.67134 1.35529
v 5.68931 9.20529 -1.51403
v 4.38192 8.81496 -3.33162
v -12.0648 31.3716 -5.56976
v -1.71424 33.3612 -4.60602
v 10.9632 10.1172 0.78155
v -9.77742 28.364 2.11695
v -8.30406 28.9257 0.34855
v -12.1237 30.3215 -5.91746
v 11.3428 10.3013 3.57629
v 10.4383 9.7962 0.240616
v -7.47694 6.60479 -5.79818
v 5.27804 9.27835 -3.19668
v 11.1953 10.0928 1.52056
v 5.81617 9.85914 -2.79958
v 5.25186 10.0597 -4.0303
v -1.28863 19.5873 -4.72123
v -9.46453 26.2196 0.8546
v -11.9011 33.4899 -11.9314
v -1.69381 33.6876 -5.20216
v -5.85742 20.7304 -4.28046
v -12.2031 29.1724 -2.34616
v 7.72016 19.5482 5.52087
v 11.4505 10.3948 2.33106
v 6.23934 10.1417 -1.95258
v 5.61846 10.1098 -3.57087
v -10.5144 28.636 4.68905
v -12.0234 30.7988 -5.14754
v -12.2031 29.7434 -2.371
v 11.5593 11.4886 1.03957
v 8.90795 17.7041 0.80759
v -12.1988 31.4738 -4.6764
v -18.4381 23.5589 2.97074
v -12.5214 30.1688 -7.44499
v 11.4974 11.0536 4.10025
v 11.8972 11.6378 2.15564
v 10.3846 10.6491 -0.433087
v 6.14062 10.7102 -2.79966
v 5.59565 10.616 -3.71584
v -3.63025 18.3272 -6.72777
v -12.8427 12.999 6.12658
v 8.02803 17.926 -1.76501
v -14.9145 29.3282 -2.03209
v -15.8726 19.0786 -1.39096
v 8.72162 18.5337 3.04253
v 11.8056 11.5111 3.21445
v 10.7186 11.7223 -0.355337
v -17.8744 23.0299 5.48062
v 7.0762 10.6903 -1.35404
v 6.91534 11.2454 -2.14542
v 5.85714 11.2838 -3.37391
v -5.69411 6.90797 10.1413
v 11.3509 11.7345 0.492652
v -17.7799 24.7357 1.17054
v 7.4249 11.1138 -1.1163
v -12.0513 33.1815 -10.8073
v -12.1571 30.393 -3.13714
v -12.2453 31.7418 -8.97189
v 11.7622 12.1427 1.28981
v 7.71069 11.7669 -1.04214
v 7.38739 11.9253 -2.01807
v 6.74085 11.3933 -2.56143
v 5.80082 11.8952 -3.81063
v 4.89881 11.3939 -4.70457
v -12.0582 30.9357 -4.49997
v -12.6529 12.2788 4.85968
v -10.2605 29.0772 3.88408
v 11.471 12.7201 4.45683
v 11.9493 12.5798 2.25575
v -16.9032 21.0763 2.13958
v 8.04634 12.4497 -0.799017
v 6.90625 12.3926 -2.68257
v 6.35238 11.8972 -3.37679
v 5.23577 11.9453 -4.44935
v -9.45668 26.7529 1.92603
v -10.2263 28.3368 3.41588
v 11.7498 12.9202 3.81989
v 11.9103 12.7203 3.14353
v 5.81086 12.216 -3.85525
v -18.2555 24.9573 2.53085
v -15.938 28.6299 -0.0333515
v -12.2136 32.7411 -9.35803
v 8.70367 17.7636 -0.244183
v -7.8765 29.2816 0.560282
v 8.76608 17.0892 -0.268948
v 11.7478 13.4386 2.0858
v -16.9463 21.3373 2.50681
v 7.24378 12.9264 -2.56129
v 6.30696 12.7488 -3.61711
v -14.3023 30.2671 -6.29804
v -13.9867 35.3806 -11.0324
v -12.2928 33.3943 -9.85201
v -12.0635 30.3045 -4.52538
v 11.4128 13.0848 0.815555
v 7.75961 12.5409 -1.61749
v 7.59452 13.4161 -2.34827
v 6.78376 13.0691 -3.11369
v 5.6363 12.9516 -3.91707
v 5.18229 12.7626 -4.3497
v -18.0969 25.6996 2.522
v -14.0911 28.8991 -5.65114
v -4.39058 23.4862 -2.18255
v -1.68818 34.2101 -5.3519
v -12.2779 32.1438 -6.50164
v 11.7075 13.666 2.87896
v 11.3326 13.6346 1.16279
v 8.22985 13.1287 -0.655254
v -8.61741 28.8323 0.892841
v -12.0847 30.2452 -3.72665
v -10.3112 26.9621 5.29997
v -9.90248 26.7303 0.226728
v -10.407 28.469 4.40914
v -16.484 21.3451 4.86964
v 8.18938 13.7742 -1.3224
v 7.18979 13.489 -2.75226
v 5.55617 13.7033 -4.411
v -12.1732 31.9468 -8.2711
v -9.37956 26.6524 2.70322
v -17.4312 27.0354 5.55905
v 5.97531 13.5097 -3.81276
v -6.09036 24.1797 -0.689278
v -17.5155 23.4661 0.608365
v -5.99121 30.2389 -0.29596
v -9.68737 27.0066 3.50875
v -1.8775 32.6347 -3.7785
v -15.0367 29.0007 -1.45914
v -14.9094 22.2151 -1.02991
v -17.6085 26.5639 4.52881
v -17.0102 20.75 3.50204
v 6.66227 13.6941 -3.28601
v 6.39641 14.0214 -3.54145
v -18.1155 23.8228 5.6641
v -9.72836 27.3652 1.03017
v 8.5044 17.4714 -0.835252
v -17.2637 23.7707 0.0514456
v -5.09562 17.5604 -6.76659
v 8.55144 14.2284 -0.302434
v -18.1043 24.1299 1.65876
v -12.2393 31.236 -7.99843
v 8.88607 17.8354 2.50285
v -16.3397 21.887 8.69703
v -16.9945 22.2202 0.760037
v -16.9451 19.778 0.871602
v -12.138 32.6387 -10.1975
v -17.7812 27.0788 3.52958
v 9.08397 14.907 1.60633
v 8.28292 14.7858 -1.15555
v 6.58787 14.7937 -3.26802
v -17.8041 22.0857 2.87472
v -18.1339 24.2805 6.48967
v -2.41151 31.9609 -3.10796
v -10.0548 29.1542 2.89811
v -7.31418 29.4551 0.0746116
v -11.5487 6.97665 8.98855
v -10.2642 27.7705 4.13563
v 8.87606 14.7171 0.361829
v 8.17777 15.2285 -1.29458
v 7.516 14.927 -2.18138
v 7.07753 14.6067 -2.596
v -16.9722 21.0847 2.83366
v 8.59558 18.8531 0.520361
v -10.5039 29.5154 4.91829
v 8.21824 17.6808 -1.60246
v -14.4352 28.2869 -1.95808
v -9.47048 28.4079 1.53748
v 9.11439 14.8835 2.52372
v -16.4767 19.0194 -0.668035
v -16.9212 21.2856 3.51572
v -16.4663 21.0871 4.87074
v -12.1827 29.6524 -3.17646
v -9.40139 28.309 1.06715
v -14.0875 31.8049 -8.2173
v 9.01048 15.4713 3.93432
v 7.18926 15.1127 -2.58416
v 6.57634 15.5547 -3.5484
v -16.4655 19.6453 -0.654459
v -16.539 20.0423 -0.10961
v -17.5737 26.9547 6.48057
v -1.88954 33.7111 -4.36266
v -15.5543 18.5827 -1.97647
v -3.08826 7.0847 10.0807
v -9.98114 27.9839 3.25329
v -14.2462 12.5492 3.37365
v -9.672 27.9664 1.50979
v 9.0365 15.8195 1.02492
v 8.76185 15.3652 -0.253398
v 7.6415 15.3675 -2.13439
v -13.5327 27.6299 -1.66642
v 8.7551 16.7313 4.60107
v 9.06559 16.095 1.93962
v 8.88607 16.0324 0.387845
v 8.48723 15.9006 -0.748375
v 7.83892 16.2328 -2.32404
v 7.42537 16.0786 -2.92677
v -17.5117 18.6151 3.21408
v -17.1582 24.6331 -0.10812
v -16.3287 27.9719 0.567036
v -9.63428 27.9981 0.820399
v -9.79708 27.6626 0.728569
v -12.4083 30.6036 -2.51969
v 9.03235 15.7521 3.06851
v 8.97356 16.8195 1.22054
v 8.73697 16.4066 0.213553
v 8.07443 15.7116 -1.52645
v -17.0135 21.6505 1.70867
v -18.3984 24.8263 3.29734
v -12.1705 32.0543 -7.66872
v -12.5034 32.7579 -7.45623
v -12.2215 30.5279 -6.92536
v -12.5013 35.166 -11.5287
v -7.31024 25.0624 1.07189
v -12.7191 35.2551 -11.7442
v -12.2912 34.9137 -11.5673
v -8.75245 25.239 0.410795
v -12.5422 34.7025 -10.7378
v -13.2343 35.3957 -10.7918
v -13.7115 35.5167 -11.0122
v -6.36626 24.5199 3.86873
v -3.43671 25.0606 3.53225
v -13.2318 34.8563 -10.0389
v -14.3851 35.3953 -10.5755
v -13.8811 35.4695 -10.432
v -8.39249 25.2938 1.55777
v -5.18793 24.053 4.56119
v -13.3462 30.5986 4.67225
v -8.84967 32.9073 0.413751
v -7.22771 33.8896 -0.164119
v -9.11892 25.6084 4.52603
v -16.8044 30.0038 2.69504
v -12.8916 30.2992 -0.860915
v -9.513 31.4764 1.47624
v -13.0762 33.9912 -9.00504
v -5.36251 23.5297 5.56001
v -13.0536 32.1023 -3.59632
v -14.4951 30.523 4.66156
v -9.25061 26.338 2.23032
v -13.8244 30.5533 4.8475
v -5.9397 24.554 3.36167
v 9.78923 13.7644 4.71424
v -2.41366 35.9973 -5.18436
v -1.66984 19.5341 9.57668
v -12.7343 33.9701 -9.5657
v -12.6844 29.9233 6.76003
v -11.3297 30.4447 2.94668
v 2.58607 24.5381 6.01356
v -12.8052 30.4917 2.08575
v -8.82184 25.6951 2.07437
v -13.8696 34.7678 -9.35429
v -14.5231 34.8078 -9.07606
v -14.4514 35.2436 -9.82102
v -13.2312 30.3431 0.205331
v -10.929 30.0161 5.35451
v -10.2565 29.6722 3.00809
v -11.3883 30.8299 1.34271
v 3.03938 24.9667 4.89294
v -2.76555 36.2633 -4.93965
v -12.6428 33.2726 -8.50301
v -11.965 29.9652 6.51295
v -16.5001 21.6746 5.24057
v -17.1002 18.4008 1.05171
v -8.57532 25.4019 2.43721
v -13.0736 31.9777 -11.2901
v -7.6224 24.4823 -1.44775
v 1.92059 25.4606 4.44939
v -13.9768 34.3767 -8.57333
v -12.7192 30.301 5.79444
v -18.1976 23.2063 6.71064
v -15.8281 28.1301 -0.223259
v -13.5679 30.2 6.13935
v -14.8 29.8448 -2.60295
v -17.1468 18.8436 0.65469
v -8.65067 24.7188 3.88328
v -2.99143 36.53 -4.68474
v -16.4511 29.8834 1.59191
v -12.8089 33.2291 -7.78907
v -17.8242 22.2541 2.13888
v -13.7809 30.5212 0.412506
v -17.8503 29.0727 2.86236
v -17.2274 19.1848 1.02311
v -9.5955 24.711 -1.27934
v -3.26631 36.6799 -4.14972
v -13.3491 33.6112 -7.51731
v -15.1762 34.2111 -8.40761
v -2.38927 19.2035 9.88557
v -14.7618 35.0844 -10.3219
v -16.9758 29.9768 3.76701
v -8.90042 24.6838 4.60218
v -9.82122 26.7981 4.28243
v -4.77303 23.9485 5.17234
v 0.0937318 24.2703 6.62765
v -8.57458 24.9293 3.69493
v -3.54577 36.4591 -3.44343
v -6.97634 25.0215 1.77586
v -14.1639 33.9871 -7.53058
v -16.6134 17.9632 -0.793929
v -15.0929 18.3291 -2.50861
v -17.4238 18.8499 1.60123
v -18.1228 24.765 5.79056
v -6.14622 23.8944 4.89527
v -17.3201 29.672 2.46967
v -8.49322 24.3672 4.38286
v 0.189335 19.3263 9.96934
v -6.84316 24.0702 5.08178
v -10.6554 30.0862 3.7786
v -14.6535 34.2297 -7.99095
v 11.3875 13.9617 1.99534
v 10.7921 14.2885 1.91846
v -18.5507 24.2676 3.82222
v -8.60077 32.686 0.735509
v -0.244974 25.5381 4.3193
v 6.4208 22.7235 0.225538
v -14.357 28.5635 -2.84893
v -17.5767 19.2744 3.10991
v -18.4685 23.8384 4.72033
v -18.0216 22.6574 7.24538
v -17.4135 25.0549 0.72509
v -8.39065 23.9784 5.03096
v -16.0133 29.6162 6.36706
v -13.1336 29.3901 7.49983
v -11.4224 30.5291 2.12118
v -10.9533 30.5312 2.23437
v -15.0718 21.7921 -0.931177
v -5.60157 23.9295 4.51753
v -13.3487 30.6516 -0.664314
v -4.25422 36.2584 -3.54393
v -13.132 30.5995 3.15298
v -13.678 33.5509 -6.63554
v -12.7778 30.5817 4.52564
v -14.0757 31.3198 -1.36418
v -14.4044 30.8435 -0.723785
v 10.8034 14.3436 3.11115
v 10.3823 14.2882 1.67227
v 9.35674 14.394 2.52519
v -5.81163 23.2351 5.86554
v -0.824539 24.9171 5.84436
v -16.8495 18.8133 0.0392768
v -17.3171 18.1825 1.51431
v -17.5201 18.2704 4.04461
v -15.7581 21.8181 -0.211732
v -13.4044 29.5847 7.33266
v -5.98528 24.664 2.58566
v -9.08918 25.9522 3.81145
v 0.750689 19.5789 9.14715
v -14.6124 33.7796 -7.06079
v -6.45767 24.8463 2.59496
v -9.70922 26.2924 5.06402
v -10.6796 30.2718 2.67595
v 7.54941 21.4119 1.74998
v 6.94247 22.1595 0.699049
v 4.54204 24.2954 0.457129
v 3.92036 24.6239 0.21128
v -14.7508 29.0872 -3.03883
v -18.1267 23.0037 7.9666
v -11.9785 30.533 3.18801
v -8.82428 25.4099 3.93207
v -4.06096 36.3702 -2.8015
v -4.21861 36.3955 -2.94603
v -4.67025 36.0836 -2.84065
v -12.8896 32.9871 -6.32431
v -15.0087 33.4176 -6.63221
v -4.04387 24.2691 4.92935
v -14.642 30.5821 2.81144
v 11.2091 14.122 3.17847
v 1.55622 25.2701 5.21312
v -7.59231 25.0739 2.63785
v -17.7454 26.2844 2.1404
v -17.776 27.2609 4.04947
v -18.0647 22.9675 1.77163
v -14.5295 30.6305 -0.243394
v -13.6086 33.1214 -5.24636
v -14.3473 33.4997 -6.06339
v -14.1754 30.6064 3.91869
v -0.0348105 19.8528 8.73108
v 10.2598 14.4351 2.91301
v -2.69639 24.3187 6.09512
v -11.0138 30.219 4.73116
v -16.4741 20.8749 0.264741
v 2.94551 23.3674 6.89345
v -15.5569 30.273 1.82443
v -8.84505 25.4285 1.06778
v 3.89546 23.851 6.16869
v -5.04832 35.8138 -2.46712
v -11.6325 30.2687 5.40717
v -12.7205 32.4133 -5.11925
v 3.5194 24.4036 5.3902
v -13.6282 29.8852 6.84278
v 2.66368 24.8457 5.51222
v 11.3713 13.6335 3.97872
v 9.50769 14.3856 2.71978
v -7.46036 24.5428 4.38917
v -14.9982 30.3202 1.15451
v -14.1229 30.466 0.755795
v -12.0786 30.5437 4.23308
v -16.2378 21.9017 0.19581
v -0.169875 25.2818 5.21105
v -4.82348 35.8626 -2.04591
v -11.2637 30.4053 3.78222
v 0.601429 25.5593 4.5161
v 10.724 14.1697 3.90337
v 9.10245 14.7042 3.1459
v -0.261072 19.5729 9.59585
v 2.63537 25.3844 0.995352
v -16.9506 20.4597 1.23945
v -17.0761 21.6065 3.51136
v -5.94833 35.1116 -2.43545
v -16.0013 30.3284 3.14674
v -5.10815 35.8097 -2.158
v -14.1617 33.2426 -5.24276
v -12.1998 30.4298 5.08098
v -1.02416 25.5753 3.74109
v 9.22913 14.4087 3.18074
v -1.00903 24.3247 6.5875
v -11.1399 30.7493 1.7749
v -8.18551 24.842 3.54785
v 5.34763 23.8856 1.24426
v 3.81897 24.8543 1.13505
v -14.5925 34.8653 -10.4761
v -14.1996 35.0678 -10.8605
v -15.7525 20.0805 -1.28673
v -11.7991 30.5106 1.99575
v 4.33623 23.885 5.81558
v -5.84587 35.2774 -1.93805
v -14.7627 33.0525 -5.38618
v -10.6391 29.8529 4.89764
v 10.4004 13.9418 4.44111
v 9.28461 14.1038 3.64689
v 9.0454 14.4658 3.67099
v -15.4183 29.9449 0.434876
v -10.4356 30.5978 2.13921
v -1.98138 25.042 5.13158
v -14.8864 30.2834 0.0194569
v -8.49976 25.1413 3.09167
v 7.18174 21.8727 3.39149
v 6.4883 22.8588 1.85456
v 6.06926 23.294 1.47821
v 4.61877 24.4982 2.0398
v -14.7034 29.3656 -4.90471
v -11.7446 30.5784 1.03674
v -1.66609 25.3488 4.5522
v -5.35738 24.6258 2.3387
v -9.98737 29.6882 2.43114
v -13.1804 32.5515 -4.48925
v 10.7454 13.4741 4.84666
v 10.0265 14.265 3.85527
v -4.71865 24.5503 3.62543
v 3.30811 25.191 2.27797
v 0.211574 25.682 0.91151
v -17.3146 19.9139 3.89135
v -17.3453 19.9557 1.9286
v -7.08047 34.5139 -1.62229
v -5.65674 35.3268 -1.48748
v -6.3339 34.9382 -1.50487
v 9.10836 13.7682 4.35309
v 8.89384 14.3066 4.14773
v -14.4565 29.1379 7.89387
v 0.343841 24.6526 6.21012
v 6.67734 22.5515 3.6101
v 5.48454 23.8408 2.78701
v 3.83211 24.9322 3.04494
v 2.68286 25.4573 1.96122
v 1.94102 25.5649 0.846332
v -13.9896 21.2416 -2.11116
v -13.9993 6.83558 1.74687
v -13.0873 6.98278 2.89974
v -12.8424 7.19129 5.2467
v -13.0011 7.13454 5.69291
v -13.0593 7.44732 6.77047
v -12.4785 7.4508 8.23923
v -7.59242 7.24184 8.44895
v -14.1406 7.27448 1.63356
v -13.264 7.35633 2.68885
v -12.6621 7.40799 4.84388
v -12.9027 7.51181 5.56511
v -13.0639 7.39243 6.07153
v -13.0033 7.20032 7.39454
v -11.8058 7.32303 8.93066
v -11.2996 7.61601 9.17375
v -16.6036 15.2539 3.25778
v -7.68583 7.68819 8.25696
v -7.09464 7.57911 9.03812
v -6.5136 7.65086 9.87699
v -5.98537 7.86666 10.1627
v -5.65069 7.58998 10.5162
v -4.83699 7.13544 10.6062
v -11.4297 18.8631 -4.04479
v -14.1562 7.24562 0.760164
v -12.4742 7.02604 3.53892
v -12.0322 7.28573 3.94937
v -11.6653 7.5243 4.01147
v -12.561 7.65572 5.19161
v -12.8226 7.80652 5.78927
v -12.772 7.88549 6.32584
v -12.5985 8.30876 7.37124
v -12.1622 8.12726 8.38175
v -7.19388 8.14669 8.81479
v -5.87762 18.4989 -4.75062
v -9.97593 18.8946 -4.3647
v 9.93138 13.8511 0.778416
v -13.8152 7.91662 0.842448
v -14.2012 7.45501 1.18238
v -13.9945 7.73273 1.54635
v -11.6607 7.77684 3.80247
v -8.18132 33.7242 -0.585325
v -6.94676 8.04724 9.09769
v -6.54255 8.02012 9.8231
v -4.80471 8.26327 10.5834
v -15.7873 18.9226 6.64694
v -16.674 25.8416 9.57146
v -13.9654 7.66237 0.601515
v -12.8395 8.05258 2.58044
v -12.0697 7.71231 3.46758
v -14.9931 19.0927 7.25997
v -10.8842 9.44605 7.60989
v -6.49067 8.55463 9.45934
v -5.46014 8.14136 10.4451
v -14.6722 18.9155 7.65262
v -13.6708 8.32188 1.35397
v -11.8479 8.70265 8.34882
v -14.3079 29.0735 -5.95538
v -7.46856 8.3728 8.23314
v -8.06715 17.0379 -4.20321
v -13.1963 8.7422 1.02765
v -13.2042 8.68609 1.43771
v -12.8856 8.45469 2.09183
v -12.3833 8.18776 2.805
v -3.65887 14.9485 10.8373
v -11.8045 8.99922 7.99025
v -15.5168 16.7565 7.0134
v -6.6597 8.64457 9.01727
v -5.50315 9.12782 9.75595
v -3.79164 19.3033 8.72828
v -2.80434 19.5587 8.73836
v -17.2242 27.052 8.01979
v -14.7778 32.1044 -3.46523
v -11.5832 8.56087 2.86796
v -11.4227 9.24848 7.81145
v -16.0559 25.647 10.144
v -7.04353 9.24705 7.80673
v -6.12351 9.20224 8.85897
v -5.4937 9.41216 9.42001
v -16.5285 18.5593 5.8471
v -12.5078 8.9514 1.65105
v -11.4969 9.21727 1.77062
v -10.9927 9.1983 2.32615
v -3.23983 19.2756 9.01134
v -6.80931 8.91643 8.71921
v -14.8903 31.4578 -2.46873
v -9.70879 32.3078 0.590544
v -14.4177 14.4035 6.63997
v -16.6032 28.0774 7.91411
v -13.8727 19.7222 7.789
v -15.2921 32.7338 -5.87457
v -10.1662 9.09384 3.2014
v -18.0765 24.7157 7.67566
v -17.1561 27.9725 7.29529
v -14.9596 31.002 -1.98851
v -17.7946 28.9928 4.76248
v -15.9936 15.5249 5.77453
v -17.0667 17.8069 5.03875
v -4.38962 18.0993 10.0866
v -11.422 9.45529 1.32743
v -10.0488 9.75172 2.75099
v -3.74652 16.1775 11.2621
v -10.1937 9.94138 6.19028
v -9.70934 9.99363 7.04642
v -17.3179 17.6509 4.47883
v -6.29261 10.1126 7.34413
v -6.51254 9.65607 7.89732
v -5.93764 9.79951 8.323
v -5.19345 9.77359 9.00617
v -11.2671 11.526 4.17885
v -5.23123 17.3873 9.5073
v -4.46902 18.6697 9.07545
v -16.1907 23.9629 9.66568
v -15.0207 31.5829 -3.02346
v -10.9893 9.65155 1.89864
v -17.2075 25.1642 9.01126
v -6.05883 10.0483 7.61723
v -5.60556 10.0037 8.12447
v -9.79632 31.8575 1.10973
v -5.76707 16.7401 8.7133
v -15.3165 16.1239 6.96972
v -10.6604 10.1899 2.02844
v -8.03101 32.8836 -2.13905
v -9.9628 10.2141 6.4154
v -5.58966 10.2514 7.33393
v -5.09695 10.2365 7.76106
v -16.4687 20.7439 5.0717
v -5.39797 16.2886 9.57457
v -9.20096 32.9165 0.054299
v -9.75554 10.4867 3.079
v -14.8923 30.4631 -0.901316
v -9.3141 10.4958 7.22457
v -17.6283 23.286 8.91432
v -5.34413 10.6285 7.26191
v -5.17091 18.1843 8.89652
v -8.4895 17.8508 -4.43327
v -9.95052 10.6576 3.68038
v -9.63416 10.933 6.76957
v -4.70999 10.2496 8.14418
v -4.29428 10.701 8.79175
v -3.73085 10.3968 9.35151
v -10.3894 10.763 2.33633
v -10.011 10.891 3.0735
v -10.1926 10.9938 3.66948
v -10.2037 11.0799 4.12353
v -18.0913 23.5371 8.34843
v -17.7471 28.4631 5.28387
v -2.67439 11.2318 10.0971
v -14.1965 15.7631 7.64642
v -10.7168 11.291 3.9342
v -10.4491 11.256 4.11544
v -10.3246 11.3412 4.45653
v -10.3758 11.6518 5.08411
v -9.76689 11.988 6.65524
v -3.77535 11.3364 9.57615
v -16.0185 21.3412 5.55633
v -16.8824 25.3966 9.5331
v -14.5904 29.2624 -5.71922
v -16.4187 17.4673 5.80875
v -15.2255 33.9035 -7.94273
v -16.9863 19.9307 4.75242
v -16.2102 16.2929 5.96343
v -10.9815 11.6877 4.54447
v -10.5758 11.6295 4.71465
v -10.2901 11.928 5.69417
v -9.96916 11.4828 6.21916
v -8.88953 11.8932 7.61411
v -13.7362 18.7105 8.24823
v -4.70391 11.4196 8.20066
v -4.39792 12.3111 8.73664
v -3.36187 11.795 10.1193
v -16.1248 25.0861 10.1958
v -11.2278 12.0639 5.18227
v -10.5912 11.902 5.2614
v -14.9597 35.0507 -9.88999
v -17.4621 22.5963 8.72035
v -16.6477 29.014 6.72922
v -2.51198 19.7837 8.58321
v -15.2921 33.4116 -7.14174
v -15.8355 20.6709 5.93257
v -10.1645 9.65327 6.92839
v -17.631 23.9694 8.96253
v -15.1745 17.2178 7.44014
v -9.46968 12.5104 7.12702
v -15.3791 22.665 -0.95243
v -16.8258 24.3754 9.5167
v -3.70073 18.4658 10.2748
v -16.7519 19.259 5.45486
v -5.83637 15.4836 8.34226
v -14.8645 22.4904 -1.07155
v 0.902236 21.3984 -3.96736
v -4.44436 18.8985 8.82419
v -3.82594 19.1187 8.8631
v -16.0348 22.8044 -0.553499
v -3.352 18.8869 9.96241
v -3.48853 19.3984 8.64509
v -15.3597 23.0661 9.96415
v -15.0101 20.5164 6.82184
v -4.92513 17.1794 10.1312
v -5.05153 14.2871 8.81549
v -10.5907 31.4351 1.20117
v -8.63997 29.7646 -1.24544
v -13.1419 20.0777 -3.06387
v -10.6139 17.5837 -4.38335
v -14.4952 29.3895 -6.68071
v -16.7085 27.2176 8.61315
v -4.17368 18.5257 9.76954
v -5.12786 12.7176 7.8167
v -3.74777 12.3883 9.83228
v -16.0021 27.0737 9.34472
v -15.1934 34.623 -9.11269
v -4.80741 16.135 10.6507
v -15.3487 28.56 8.38848
v -9.72281 17.6919 -4.25178
v -8.86534 13.0215 7.78802
v -16.2883 22.9794 9.59702
v -7.52111 31.4963 -2.48104
v -16.9765 26.321 8.90422
v -4.5108 13.1769 9.14779
v -14.5524 31.19 -1.56224
v -5.58283 7.17878 10.4824
v -15.7368 22.7259 9.44335
v -16.8582 23.5352 9.55615
v -4.64572 14.3083 9.60848
v -12.6875 26.3245 -1.57929
v -3.93935 17.6613 10.7083
v -17.1942 28.7806 6.10569
v -11.4099 17.2627 -4.13046
v -4.47736 14.6841 10.2173
v -14.0735 22.6313 -1.50367
v -13.2899 18.0652 -3.26255
v -15.8196 23.2133 9.56999
v -4.44261 16.7846 10.8276
v -15.891 17.924 6.52769
v -17.3237 18.9828 4.49943
v -14.2384 18.001 8.10824
v -7.80319 20.3624 -4.00072
v -7.77962 21.1997 -3.85803
v -17.6334 25.3705 8.19716
v -4.84157 15.4339 10.3763
v -16.7941 29.2679 6.17149
v -15.0191 32.0087 -3.80648
v -3.88514 13.3992 10.2744
v -4.10691 14.0894 10.2744
v -5.32882 15.2152 9.1204
v -13.8486 16.8401 8.16151
v -17.9508 24.3208 8.45027
v -5.67416 15.997 8.88703
v -4.61346 18.2299 9.62347
v -8.73881 7.01624 -4.56928
v -8.88096 6.73611 -4.40111
v -18.0992 25.6158 4.99413
v -12.0914 7.57939 4.64312
v -13.9714 33.0985 -9.57334
v -7.93402 33.9726 -1.30857
v -15.256 34.7289 -9.78976
v -8.79206 7.52062 -4.36489
v -8.93532 7.50266 -4.04264
v -9.28356 7.3842 -2.81563
v -16.9581 24.9866 -0.299308
v -11.5899 7.9839 4.14898
v -12.0237 7.90955 4.53805
v -12.5205 7.91235 5.13137
v -12.7707 7.99136 5.7453
v -15.2782 32.568 -7.22951
v -13.2266 32.8889 -10.9328
v -15.1931 34.4106 -9.75892
v -15.0034 34.6862 -10.1266
v -8.2625 7.44004 -5.23806
v -9.05537 7.44591 -3.48677
v -13.7237 8.00164 0.0881982
v -12.4256 8.22654 5.25799
v -15.353 31.7565 -4.93305
v -17.1974 25.4406 0.356819
v -18.1368 22.543 2.8655
v -8.41137 7.57639 -4.9469
v -8.47609 8.41332 -3.90405
v -8.59727 8.29715 -3.42874
v -9.14814 8.049 -2.39798
v -12.7598 8.60778 -0.241519
v -13.526 8.4403 0.430542
v -14.595 30.0972 -3.96106
v -11.27 8.0764 3.79035
v -12.7004 8.42863 6.63877
v -9.41999 32.8295 -0.396877
v -13.2011 8.70572 0.482959
v -18.2152 25.7182 3.80507
v -14.8481 29.4756 -1.59573
v -10.5835 8.54788 3.59029
v -11.9117 8.78918 5.52095
v -18.0609 25.9114 3.41373
v -14.6106 32.208 -7.35435
v -8.14007 8.09074 -4.59886
v -12.662 18.4696 -3.62275
v -10.6892 8.52065 4.0214
v -10.5805 9.14568 4.76066
v -11.8274 8.50434 5.02477
v -12.3557 8.82432 6.32202
v -12.2363 8.88333 7.34605
v -15.4927 32.6279 -6.96011
v -15.1902 31.0339 -4.41456
v -17.5612 22.4375 1.19335
v -7.45897 8.93624 -4.5485
v -8.12084 8.62869 -4.35657
v -8.56593 8.72822 -2.77695
v -11.079 9.25231 -0.805293
v -11.6291 8.97412 -0.601382
v -11.9735 9.21439 0.386494
v -12.7733 9.00486 0.995146
v -11.9536 9.25531 1.19852
v -10.0954 8.99711 3.55002
v -11.1833 9.29904 5.91913
v -11.3427 9.36386 6.45162
v -11.8147 9.22483 7.14223
v -10.3002 31.9402 -0.156911
v -8.06716 9.06649 -3.23556
v -7.92574 19.1567 -4.28981
v 3.38172 22.1217 -3.07197
v -11.3042 9.40707 -0.234271
v -11.5093 9.43964 0.570329
v -14.9937 30.393 -1.32226
v -9.82738 9.47666 3.37295
v -9.88281 9.50666 3.698
v -10.2729 8.93258 4.03375
v -10.7777 9.3353 5.47469
v -10.8374 9.56646 7.1076
v -14.4256 33.9413 -9.71259
v -7.81728 8.99523 -4.1322
v -14.1075 29.3386 -7.92883
v -18.0304 22.3809 3.71527
v -17.9095 28.5624 3.46134
v -10.4516 9.36512 4.92679
v -10.5152 9.61212 5.70382
v -10.5209 9.6101 6.47194
v -10.3519 9.6091 6.7858
v -14.3486 31.9674 -7.55578
v -6.07339 9.43074 -4.64447
v -6.7432 9.44975 -3.75245
v -11.208 9.85201 -0.0272356
v -11.2206 10.2654 0.507894
v -10.1888 9.84414 4.53077
v -10.2673 9.99348 5.26598
v -15.6436 27.5273 -0.743806
v -9.91023 32.334 -0.0856123
v -15.4572 32.2941 -6.05004
v -16.1392 21.2423 -0.0346287
v -5.06052 23.6973 -1.67716
v -5.97694 9.68349 -4.04211
v -6.2711 9.72852 -3.64722
v -6.08874 9.8323 -3.32626
v -6.68672 9.73197 -2.66528
v 6.68981 21.7049 -0.960386
v -10.8252 9.77032 -0.807478
v -14.2685 27.9214 -1.6326
v -15.9974 26.9531 -0.339699
v -6.24068 21.2981 -3.68315
v -5.19172 9.66991 -5.02986
v -5.60294 9.72551 -4.54525
v -5.81214 9.93198 -3.92563
v -14.2344 29.6148 -7.85423
v -10.1512 10.7966 5.56862
v -5.91511 10.2956 -3.42005
v -6.17265 10.0581 -2.58292
v -11.1294 10.9754 0.962529
v -10.9415 10.4888 1.51418
v -10.0509 10.5622 4.19866
v -10.213 10.9557 5.00615
v -14.1644 30.5351 -6.9161
v -15.2378 34.0382 -9.29691
v -13.3932 34.7992 -11.4576
v -5.81464 10.5782 -4.13837
v -10.6983 10.8463 -0.970613
v -11.1452 10.867 0.111015
v -10.9564 11.0223 1.67477
v -10.5226 10.9706 2.27492
v -17.9925 25.5681 1.91807
v -5.01404 10.6468 -5.43694
v -5.42332 10.3354 -4.82677
v -6.02613 10.9067 -3.06802
v -11.2516 11.3487 0.331649
v -11.5785 11.4736 1.17318
v -11.1075 11.254 1.9638
v -17.387 26.9105 2.15415
v -15.4204 33.0445 -7.85244
v -14.5622 29.3331 -6.10207
v -4.02247 35.3037 -4.39995
v -6.24164 11.185 -2.54067
v -11.1044 11.9293 -0.731467
v -11.2043 11.7112 -0.358266
v -17.6938 26.5381 2.90719
v -15.5395 32.958 -7.43452
v -17.9398 25.2983 6.23151
v -14.0428 29.8623 -8.65741
v -15.3677 33.7994 -8.92755
v -8.97921 32.6439 -1.37925
v -4.6284 35.3845 -3.77332
v -5.26862 11.1857 -5.37005
v -5.65507 11.3117 -4.50407
v -6.05949 11.4046 -3.4852
v -17.3783 26.7942 5.18194
v 1.28559 20.5413 -4.13923
v -14.4971 33.4305 -9.05609
v -15.4256 33.9726 -8.55823
v -15.4601 33.8546 -8.71953
v -4.70796 35.8244 -3.32624
v -4.91984 11.0086 -5.71556
v -6.2838 11.7309 -2.92708
v -7.6715 6.96947 -5.73774
v -0.806738 21.8592 -4.05665
v -12.8156 12.1869 -0.360014
v -8.37636 18.7346 -4.3971
v -11.7816 18.3111 -3.76564
v -11.1511 18.4336 -4.21906
v -17.6391 27.3603 2.86397
v -12.3454 32.594 -11.8745
v -15.1745 30.8593 -2.75561
v -8.67403 33.4292 -0.889987
v -3.68017 32.7935 -3.81868
v -13.3554 31.1179 -10.7404
v -5.09268 11.8048 -6.00742
v -5.8018 12.3051 -4.72941
v -6.50089 11.9326 -2.857
v -13.8181 17.7955 -3.1985
v -7.9082 33.6208 -1.88399
v -8.55418 33.4184 -1.27184
v -17.6402 25.9827 7.32731
v -5.33395 23.9256 -1.29713
v -6.50712 12.2663 -2.81103
v -3.87453 6.79308 -5.40748
v -13.4857 12.6073 -0.282849
v -11.9573 17.4911 -3.75628
v -14.6053 29.6452 -5.82353
v -7.6224 24.0297 -2.07232
v -15.5267 33.3317 -8.04684
v -11.2005 31.1933 0.654296
v -5.55963 12.1611 -5.5286
v -5.91523 11.8528 -4.14831
v -6.31603 12.2978 -3.47755
v 6.6356 18.6951 -2.71882
v -13.9151 12.8321 0.0345932
v -14.5129 13.1397 0.300565
v -7.03687 17.2787 -4.73347
v -10.3749 31.5827 -0.410076
v -17.8601 25.2752 7.48882
v -13.8049 33.9225 -10.4499
v -17.4324 27.3263 7.33031
v -16.5645 26.2681 -0.0949524
v -5.52539 13.1274 -5.92958
v -5.85626 12.7296 -5.40545
v -6.35685 12.8021 -3.68217
v 8.6421 13.5368 0.154207
v -9.47741 19.8686 -4.24173
v -11.8855 24.0129 -1.71598
v -17.4805 26.0354 0.776586
v -15.456 33.5617 -7.86746
v -13.7995 32.3409 -9.44738
v -3.54867 35.7056 -4.7969
v -6.0658 12.9254 -4.8401
v -13.9021 13.5456 -1.00523
v -14.2004 13.6118 -0.603167
v -14.7119 13.6852 -0.12234
v -15.3361 29.1338 -0.471818
v -15.1627 29.4155 -1.03001
v -15.3283 33.4133 -8.46922
v -14.7013 33.3127 -8.75022
v -5.3513 35.3131 -2.98521
v -8.94345 22.8786 -3.04112
v -4.91532 12.6709 -6.43576
v -5.94499 13.5444 -5.566
v -6.16065 12.9395 -4.27041
v -8.83305 24.4802 -1.74809
v -2.94161 21.2177 -4.03929
v -14.3093 13.9059 -1.31525
v -14.702 13.964 -0.993185
v -15.0976 13.8848 0.363553
v -15.8478 14.0946 2.91571
v 2.10887 17.3343 -6.10714
v -17.5779 26.3588 1.3021
v -15.1834 31.529 -3.60355
v -15.2237 14.161 -0.515746
v -15.3039 14.2283 0.104311
v -14.4298 28.9676 -3.9185
v -9.12626 32.9912 -0.929335
v -14.7356 31.2563 -5.47843
v -13.548 33.2044 -10.4264
v -16.9138 29.579 1.74036
v -6.91816 14.1077 -3.55805
v 3.33648 24.6454 -0.33501
v -15.3876 14.3902 -0.750844
v -15.8722 14.9688 -0.407114
v -16.0049 14.9664 0.0961382
v -16.0204 14.413 1.42901
v -16.1669 14.886 2.27045
v -16.0625 14.7188 3.11972
v -15.8482 14.618 3.82899
v -17.4839 28.6647 2.00241
v -16.626 28.4748 1.22072
v -13.8601 30.2176 -9.25079
v -17.7748 26.4155 3.86229
v -13.8875 31.0218 -8.57229
v -14.4351 30.31 -5.0782
v -14.7082 31.8319 -6.59257
v -6.25892 13.6479 -4.70432
v -16.4117 14.9734 1.43268
v -13.5055 25.9432 -1.67298
v -16.3868 29.4754 0.79545
v -17.7688 29.4361 3.06622
v 5.18722 17.6095 -4.41207
v -8.80087 17.5206 -4.33157
v -10.5316 31.7589 0.579837
v -4.37672 7.2577 10.5798
v -15.0691 29.8977 -1.49626
v -18.4507 24.8463 4.37611
v -0.113654 21.7643 -3.90814
v -5.39027 14.0978 -6.83777
v -5.80761 13.8541 -6.10143
v -6.23461 14.6549 -5.68269
v -6.58335 14.997 -5.3307
v -6.56816 14.591 -4.98521
v -6.57607 14.2448 -4.3867
v 4.4691 19.9704 -3.85585
v -16.4752 15.3273 0.750975
v -16.7539 15.4627 2.56254
v 1.55145 21.0585 -3.93878
v -14.2025 28.1963 -2.57711
v -14.6243 32.6819 -7.99312
v -15.309 31.5144 -5.08059
v -6.31184 15.1583 -6.08537
v -6.74042 15.0866 -4.64535
v -14.8151 15.8098 -2.21621
v -15.7985 15.6799 -1.01084
v -16.1453 15.8033 -0.353383
v -16.8179 15.6147 2.03612
v -16.9757 15.8725 2.72204
v -16.4593 15.8452 4.45195
v -17.5682 26.2693 5.85466
v -15.1373 28.5406 -0.804103
v -15.7052 29.5328 0.178337
v -14.8532 29.6289 -3.87044
v -14.4507 31.385 -6.43188
v -14.3419 32.7189 -8.41491
v -5.99483 14.9615 -6.54265
v -6.80283 15.1772 -4.15556
v -12.1425 34.3462 -12.0766
v -16.1686 16.1617 -0.847356
v -16.4804 15.9733 0.54435
v -16.8477 15.7498 1.5709
v -17.591 29.2701 2.35557
v -15.2431 29.8952 -0.11713
v -15.0971 30.1767 -2.1535
v 1.40661 22.3574 -3.68303
v -6.79204 15.6297 -4.59868
v -15.5135 16.3101 -1.86058
v -15.7909 16.4027 -1.38472
v -16.1208 16.4363 -1.04631
v -16.8726 16.3075 1.23122
v -16.9533 16.5152 1.78183
v -17.0087 16.5078 2.43418
v -16.8736 15.6719 3.23552
v -16.7811 16.3203 4.14164
v -16.6554 16.803 5.13286
v -16.4587 15.937 5.16841
v -17.9058 27.6289 4.00325
v -17.3526 28.3237 6.22253
v 5.9552 22.8353 -0.477793
v -14.6653 30.1641 -3.64505
v -9.59695 32.4734 -0.771832
v -14.3707 30.8638 -5.91155
v -6.16067 15.6908 -6.25951
v -6.4106 15.0802 -5.57365
v -15.033 16.3861 -2.38486
v -16.8877 16.5269 0.48486
v -16.9684 16.5147 3.40971
v -16.9088 16.7226 4.53038
v -10.9575 31.3245 0.269876
v -6.54093 20.8418 -3.96868
v -17.4702 29.5633 4.37319
v -13.611 30.6134 -10.0281
v -14.6686 29.9331 -3.20193
v 6.00186 17.139 -3.92739
v -17.3278 16.9219 2.35372
v -17.4298 17.3178 3.68326
v -17.9235 28.2832 4.06423
v -17.5185 27.4596 6.68625
v -14.7006 28.3059 -1.33938
v -16.8938 29.0653 1.44839
v -15.4195 32.3499 -6.67405
v -5.58581 16.5532 -6.90854
v -6.38754 16.2044 -5.74019
v -6.60471 16.3215 -4.94691
v 5.24033 23.3056 -0.712583
v -14.718 16.5444 -2.82141
v -15.2208 17.2207 -2.32866
v -16.5853 16.4898 -0.451094
v -17.0227 16.9831 0.342148
v -17.2384 16.8681 0.991722
v -17.381 17.2019 1.73625
v -17.2617 17.046 2.92659
v -17.978 27.8206 3.17121
v -17.6274 28.2552 2.66573
v -14.6392 30.5077 -4.25779
v -17.9503 29.0663 3.82563
v -16.82 27.2818 0.503198
v -6.05928 16.5062 -6.05515
v -6.66048 34.705 -2.09532
v -16.1583 17.2837 -1.19674
v -16.6115 17.3264 -0.577424
v -17.1151 27.9639 1.95805
v -15.1399 30.3454 -3.02783
v -15.3307 31.8797 -5.85117
v -12.7249 32.8027 -11.7672
v -14.0607 30.5653 -7.71823
v -14.7525 29.6444 -2.34418
v -6.38081 16.8589 -5.04911
v -17.1422 21.6194 2.67413
v -16.7826 17.617 -0.0184872
v -17.1579 17.4788 0.626709
v -17.3567 17.4607 1.24127
v -17.5818 27.3392 4.71812
v -14.8391 29.3668 -3.74624
v -15.4355 33.012 -6.81647
v -16.2902 22.3962 -0.235027
v -13.6295 31.5504 -9.76073
v -14.7999 21.3808 -1.55501
v -5.73818 17.2748 -6.24017
v -6.14741 17.1732 -5.22919
v -14.6054 17.2264 -2.93901
v -15.7617 17.3141 -1.57554
v -16.3425 17.7211 -1.16673
v -16.8454 18.1076 0.421274
v -17.0576 18.1304 0.783173
v -17.5852 17.7948 2.91377
v -16.1307 28.9512 0.467401
v -17.8235 27.8862 5.22722
v -16.7542 27.9954 1.3954
v -17.5592 27.6939 5.92402
v -16.2971 28.4568 0.528217
v -14.8976 29.0627 -2.18216
v -15.2255 29.5778 -0.620685
v -15.0947 30.5527 -3.72882
v -14.9166 29.4414 -2.99527
v -14.5321 30.7931 -5.12387
v -16.7229 22.9079 -0.068904
v -16.3825 27.1507 0.091495
v -16.1191 18.4229 -1.33777
v -6.13659 22.4432 -3.20042
v -2.41975 19.3947 -4.8651
v 11.0777 13.472 0.645471
v 0.0978285 22.8539 -3.41484
v 2.969 23.951 -1.79308
v -3.73446 36.593 -3.41984
v 7.29493 17.0161 -3.10363
v -3.05353 20.1523 -4.5627
v -3.77827 36.5893 -3.89058
v 1.40512 23.2184 -3.03474
v 1.97473 21.9735 -3.7262
v -1.32772 22.472 -3.37855
v 9.47531 14.0315 1.15474
v -5.85376 34.7185 -2.98969
v -3.42162 36.3898 -4.60087
v -8.44854 22.1231 -3.22054
v 0.597611 19.3824 -4.62014
v 0.946746 24.1658 -2.03095
v 11.1255 12.9005 0.337332
v -3.42667 7.00557 -5.29513
v -1.01418 19.8044 -4.55737
v 3.13299 23.222 -2.49342
v -4.82622 18.7308 -4.93016
v -3.1049 36.2473 -5.0068
v 10.2712 13.3306 0.207271
v -7.88071 22.8745 -2.84705
v 2.70874 20.7375 -3.73683
v 3.70977 17.5655 -5.11162
v -11.1234 31.0267 0.252513
v -9.27919 22.1971 -3.20173
v -12.062 33.4869 -12.1301
v -9.7954 21.5456 -3.65603
v -12.1279 8.17178 -1.33433
v -2.65324 36.0822 -5.3809
v -6.68454 22.1799 -3.37093
v 0.319967 20.4058 -4.3046
v -1.61492 22.0148 -3.95456
v 7.02234 20.8639 -1.21507
v 6.8033 20.574 -1.98727
v -12.1051 30.2607 0.616846
v -11.6903 30.4956 0.556046
v 2.39657 23.8966 -2.20959
v -9.41815 32.0934 -1.19508
v -2.15149 35.6506 -5.49781
v -5.30956 6.73689 -5.73107
v -4.50518 18.564 -5.82155
v -10.5436 24.8592 -1.05267
v -2.21317 35.361 -5.80452
v -3.08812 19.3042 -4.78057
v -12.7785 30.2618 0.581431
v -11.6901 30.0717 0.14894
v 2.63451 21.858 -3.54427
v -4.74077 21.3003 -4.13535
v -2.75189 35.751 -5.50341
v -3.43264 22.1403 -3.70807
v -11.3502 29.5737 -0.191416
v -10.2614 24.5636 -1.27892
v 4.04463 21.7333 -2.97287
v -12.0673 29.8437 0.0517714
v 5.49836 19.5032 -3.39908
v 3.46704 20.065 -4.23359
v 9.23949 14.0258 0.973608
v -6.77444 8.16438 -5.78896
v -12.3002 29.709 -0.191517
v -0.293924 20.4771 -4.40035
v 9.21602 14.4358 1.92938
v 2.28682 19.2138 -4.52386
v -3.00016 24.3028 -1.0986
v 1.57918 19.3825 -4.38899
v 3.57557 20.796 -3.40022
v -7.50094 22.3208 -3.27354
v 2.30242 18.7125 -5.13568
v -0.278257 19.5658 -4.67779
v -10.2633 6.96352 -2.41536
v -12.5119 29.838 -0.416088
v -11.6218 28.8084 -0.401366
v 4.22891 21.1942 -3.04568
v -1.41798 20.0906 -4.60138
v -12.8007 22.7239 -1.96049
v -1.22956 24.4303 -1.88388
v -3.02877 18.4806 -6.60197
v -4.61501 22.5197 -3.05674
v 4.65596 22.4622 -2.26726
v -2.42159 20.0705 -4.72109
v -11.7959 6.80367 -1.92138
v -6.76125 24.1399 -1.37446
v 6.74461 17.3128 -3.46334
v 2.62764 18.5313 -5.07604
v 1.14699 19.0332 -5.21085
v -0.812178 22.8792 -3.08767
v 2.14152 23.2721 -2.92632
v 2.29095 20.5203 -3.90198
v 2.16803 22.4831 -3.26635
v 5.50147 18.7069 -3.80996
v -6.58421 23.3549 -2.15652
v 2.97845 18.6919 -4.69831
v 6.72397 19.6456 -2.52116
v -6.99106 8.47303 -5.53475
v -6.40661 8.90776 -5.34159
v 1.37957 19.8434 -4.15775
v -7.77077 8.10409 -5.17136
v -10.7015 23.1117 -2.63053
v -4.00509 24.1691 -1.17605
v -2.87663 23.9044 -1.563
v -4.38925 18.9223 -4.86123
v 6.24265 21.9174 -1.42314
v -10.8998 28.1739 -0.30162
v -7.21058 22.768 -2.91367
v 4.43063 17.108 -4.81029
v 1.10493 18.2662 -6.24951
v -1.54467 18.5321 -6.59917
v -2.6116 21.8888 -3.65746
v -3.21919 18.7939 -6.09868
v -6.65532 7.21073 -5.9982
v 4.77806 19.2962 -4.00898
v -1.64358 23.385 -2.76971
v -13.1564 35.1731 -11.669
v 1.7485 18.125 -5.96351
v -0.494717 22.1858 -3.67514
v -5.26612 21.8144 -3.4846
v -11.7449 28.1023 -0.600327
v -0.654878 18.7847 -6.2777
v -12.9793 8.19447 -0.82662
v -11.2474 8.7041 -1.23306
v 9.04705 14.2311 0.781924
v -9.96352 23.1503 -2.78257
v -2.37778 17.016 -7.5391
v 0.758559 22.7987 -3.55253
v -7.32663 7.82909 -5.66547
v 0.259453 24.5189 -1.56192
v -3.18049 23.1476 -2.76293
v -11.8854 27.681 -1.01324
v 10.7744 13.8414 0.923507
v 0.170059 18.626 -6.21642
v 2.56996 17.9671 -5.70458
v -4.14708 21.9238 -3.71196
v 5.48755 15.4422 -4.40264
v 9.03025 12.8766 -0.0885731
v 10.623 12.5327 -0.0767576
v -0.507293 23.9436 -2.13069
v -11.5673 23.6382 -1.83754
v 3.8835 19.5478 -4.36542
v -8.16192 9.27068 -2.47407
v -7.18699 8.86829 -5.01032
v 9.53773 11.943 -0.824473
v -13.8914 22.5511 10.1073
v -8.33143 23.5918 -2.56246
v 4.47425 23.119 -1.77619
v 1.30453 17.5126 -6.47433
v -2.47202 18.2924 -6.87417
v -2.03727 24.5048 -1.4609
v -0.214728 17.9013 -6.78296
v 6.93229 17.8813 -3.07348
v -1.31698 23.9228 -2.25274
v -1.21356 19.033 -5.89411
v 3.17097 17.5682 -5.46181
v -6.25491 7.37745 -5.97521
v -5.52011 22.9293 -2.71162
v -10.4518 27.0328 -0.21887
v -9.1177 25.4158 0.412457
v -7.46735 9.31478 -3.28282
v 8.26667 11.7359 -0.776817
v -11.7908 22.4667 -2.707
v -2.66278 22.9884 -2.99621
v -9.75307 7.04717 -2.41223
v 1.05945 21.9303 -3.94493
v -4.56172 18.153 -6.60222
v -4.08242 19.2635 -4.76947
v 2.91702 20.5098 -3.83588
v -8.544 21.5096 -3.6139
v 5.09934 22.293 -1.89296
v -7.02949 9.10179 -4.72996
v -2.05309 7.08857 -4.99135
v -1.10719 21.4187 -4.40704
v -3.58467 22.6078 -3.28299
v -2.25452 22.3308 -3.41807
v -2.13297 23.7793 -2.20004
v 2.68713 20.0256 -4.30751
v -2.12656 18.9269 -6.12993
v -11.1038 27.1896 -0.895249
v -10.8779 26.4968 -0.7613
v 4.35624 17.9359 -4.58486
v -0.966361 17.9956 -6.92387
v -4.45385 17.7486 -7.0095
v -3.49985 19.1152 -4.97747
v -8.36648 7.00488 -5.34675
v -1.23124 19.4846 -4.95557
v -5.25089 21.6151 -3.71999
v 0.0404091 19.1746 -5.41817
v 5.92923 20.4853 -2.76867
v -9.64358 25.7908 -0.0989354
v 5.54315 16.4593 -4.23163
v 4.93435 16.2214 -4.79856
v 8.89445 13.4733 0.442912
v -3.58532 19.9001 -4.66092
v 8.14434 12.1497 -0.589857
v 1.94464 19.6985 -4.34616
v -2.43549 25.2143 0.637399
v 0.207852 25.5068 0.134018
v 8.56538 12.987 -0.0128693
v 3.64624 23.9445 -1.30506
v -7.28405 6.82385 -5.93976
v 4.91058 20.1605 -3.49098
v -2.43371 17.8485 -7.15429
v -6.96712 23.0366 -2.50469
v -2.86694 19.5446 -4.62908
v 6.43459 21.2572 -1.72269
v -13.2837 35.4358 -11.3831
v -6.84028 6.91876 -6.11035
v -10.3307 26.1062 -0.732254
v -7.71024 25.0452 0.147146
v 1.24292 25.4796 0.122299
v 2.67762 25.2008 0.199888
v -3.77557 21.0278 -4.36438
v 2.72448 22.627 -3.08419
v 3.73647 22.8114 -2.55716
v 4.47764 18.7199 -4.24263
v -11.303 7.03315 -2.04197
v -6.95357 23.6597 -1.93075
v -4.00834 18.517 -6.30228
v -1.96915 17.1323 -7.29149
v -9.88582 25.117 -0.692544
v -9.38508 25.2568 -0.196329
v 5.7325 18.1271 -3.84671
v -0.258842 23.5311 -2.53852
v 3.38687 21.4191 -3.30895
v 6.23337 18.0604 -3.59491
v -4.02206 24.783 0.631579
v -2.31854 24.8535 -0.635536
v -0.0989432 25.3145 -0.255113
v 0.380476 21.1108 -3.98201
v 5.83976 21.8745 -1.86679
v -3.84536 23.1595 -2.46029
v -11.3175 23.4385 -2.08375
v -3.38947 17.8731 -7.14133
v -9.72425 23.8991 -2.25491
v -6.0972 6.85369 -5.9795
v -8.17519 6.65124 -5.4816
v 2.21119 7.0615 -4.37239
v 5.0625 21.2085 -2.77464
v -6.26458 23.8191 -1.44398
v -10.4848 25.7168 -0.929247
v -2.18514 19.6212 -4.74016
v -0.506167 24.8427 -1.21991
v 1.12143 24.8515 -1.22335
v 1.75415 24.9054 -0.943726
v 2.92689 24.4395 -1.00181
v 1.0134 18.6758 -5.89223
v 4.91612 21.839 -2.37588
v -12.4105 34.8896 -11.8855
v 8.57205 12.5385 -0.282311
v 5.59814 20.9749 -2.60778
v 0.136701 19.7469 -4.47333
v -10.16 25.1763 -0.805039
v -4.37482 24.4248 -0.331553
v 4.52339 23.6059 -1.02377
v 10.0157 12.6329 -0.347784
v 0.492139 23.5219 -2.7078
v 7.83911 19.9088 -0.665408
v -8.97751 24.876 -1.11109
v -8.4413 24.7875 -1.14734
v -7.16762 24.7636 -0.44082
v -5.70462 24.4355 0.405125
v -5.19568 24.3611 0.0120607
v -3.19141 24.6246 -0.441908
v -1.33606 24.8946 -1.12175
v 1.79509 24.3147 -1.7304
v 1.48106 6.6986 -4.05904
v 0.909597 6.69541 -4.15726
v 0.00496917 6.81626 -4.62278
v -0.622756 6.81874 -4.6792
v -1.46648 6.84807 -4.8308
v -3.04981 6.81632 -5.08397
v -8.71307 19.2823 -4.2164
v -5.08176 6.85263 -5.65803
v 1.06012 7.06964 -4.62033
v 0.142354 7.06377 -4.78114
v -0.690067 7.10167 -4.85909
v -2.45552 6.82391 -4.99592
v -3.11381 7.22904 -5.24803
v -5.09337 7.19237 -5.71899
v -4.9311 33.4566 -3.79515
v -10.7931 18.963 -4.21532
v -13.2247 6.61017 -1.14823
v 2.82926 7.60386 -4.28674
v -0.169364 7.53307 -4.92013
v -15.1605 24.0918 -1.3639
v -13.0267 19.3421 -3.17606
v -14.6442 19.0942 -2.6375
v -6.8459 31.3781 -2.60213
v -12.7293 7.15709 -1.49847
v -13.0435 6.62675 -1.36691
v -13.376 7.05882 -1.16425
v -13.6622 6.72475 -0.780538
v 4.54745 7.20876 -0.374456
v 2.06965 7.34953 -4.50211
v 0.823862 7.49442 -4.75878
v -1.29589 7.80863 -5.07401
v -4.52742 7.12681 -5.61695
v -14.7379 26.6755 -1.26632
v -13.0837 23.0628 -1.73415
v -12.0935 7.09351 -1.72122
v -13.6122 7.17861 -0.793633
v -13.8536 7.11555 -0.201039
v 6.50168 7.4963 0.00555204
v 4.74498 7.59517 -0.748968
v 1.53312 8.03929 -4.61033
v -2.46149 7.85659 -5.20312
v -5.86266 8.19719 -5.83277
v -14.712 13.6034 4.99243
v -11.8453 25.1716 -1.50046
v -9.35204 7.16244 -2.46601
v -13.4688 7.63561 -0.385059
v 2.27325 7.92656 -4.54696
v 0.466156 8.21589 -4.76262
v -0.764191 8.21914 -4.98744
v -1.91886 8.4746 -5.09885
v -4.02371 8.14749 -5.63542
v -11.2439 20.8647 -3.54509
v 2.85982 19.668 -4.43326
v -13.1526 7.75323 -1.10005
v -13.963 7.47968 0.0499165
v 6.38952 7.86368 -0.524564
v 4.91481 7.8647 -0.936782
v -12.6775 20.1384 -3.37592
v 2.77689 8.48582 -4.7394
v 0.653235 8.47029 -4.83687
v -0.244353 8.49919 -4.9076
v -0.8133 8.49801 -5.06502
v -9.33553 8.00646 -2.29126
v -11.1808 8.06797 -1.71776
v -13.193 8.09248 -0.373587
v -5.51063 34.4284 -3.42136
v 5.48418 8.03175 -0.864607
v -6.35371 7.0577 9.863
v 3.43342 8.85514 -4.55594
v 2.16574 8.58893 -4.88411
v -0.108902 8.77475 -5.15807
v -1.52728 8.98969 -5.77876
v -2.59107 9.13824 -5.78941
v -2.71918 8.52372 -5.23342
v -3.41619 8.6486 -5.40744
v -5.02227 8.68425 -5.56741
v -5.13268 9.29121 -5.13636
v -13.8276 19.8931 -2.76503
v -9.77627 8.4531 -2.04266
v -10.4516 7.77106 -2.14986
v -5.03258 19.5714 -4.6892
v 8.56814 8.53041 0.0948553
v 8.10422 8.83807 -0.719787
v 7.0252 9.04084 -1.18791
v 7.23154 8.20424 -0.607995
v 6.07447 8.84535 -1.16953
v 5.44746 8.7938 -1.28431
v -12.0078 19.0266 -3.56758
v 4.11793 9.05136 -3.96926
v 1.66279 9.00997 -5.00891
v 1.00679 8.8549 -5.0901
v -0.328499 9.11142 -5.64636
v -1.02563 8.93059 -5.6789
v -3.28223 8.8965 -5.51253
v -4.07776 9.11402 -5.46165
v -4.29017 8.97804 -5.4511
v -6.05197 8.69194 -5.60863
v -12.6539 34.0832 -11.9706
v -10.7246 7.06894 9.15592
v -2.46861 33.4813 -4.96814
v -8.83419 8.70296 -2.18539
v -10.7791 8.96116 -1.28635
v -14.8756 13.2283 2.35557
v 8.72495 9.09092 -0.670565
v 4.91745 9.57486 -3.93559
v 4.05276 9.29296 -4.14555
v 3.52512 9.36725 -4.51554
v 2.71469 9.18264 -4.91093
v 2.03876 9.57345 -5.44429
v 1.37731 9.45809 -5.41036
v 0.680062 9.24703 -5.62173
v -0.210754 9.51453 -5.93772
v -1.98261 9.02779 -5.73031
v -5.47391 9.55209 -4.74758
v -9.78608 9.0725 -1.77457
v -12.2628 19.7721 -3.58518
v 3.3864 9.67124 -4.76581
v 2.81389 9.67985 -5.24799
v 0.268478 9.75689 -5.96991
v -1.14509 9.69148 -6.02652
v -8.38923 9.42152 -2.19354
v -10.4262 9.45262 -1.29708
v -2.30413 34.1929 -5.52966
v 8.3698 9.64499 -1.18226
v 6.39944 9.54759 -1.25797
v 6.13226 9.68763 -1.49753
v 4.34512 9.94455 -4.60072
v 3.1577 10.0833 -5.19041
v 2.76415 10.2733 -5.41782
v 1.05268 9.85342 -5.67586
v -2.37924 9.89919 -6.18474
v -3.88996 9.56701 -5.75801
v -4.55549 9.4159 -5.3639
v -6.99987 21.2292 -3.92085
v -7.13538 9.55364 -2.57954
v -7.27332 9.83594 -2.16112
v -8.07043 9.96724 -2.17106
v -9.21326 9.38044 -1.88986
v -4.16903 33.7555 -4.15663
v 9.11712 9.6025 -0.857068
v 7.66758 9.63246 -1.26014
v -13.9439 27.4723 -1.47026
v 4.642 10.2103 -4.47858
v 3.99322 10.149 -5.00995
v -0.674494 10.1836 -6.16253
v -2.0121 10.4066 -6.581
v -13.0573 30.8166 -10.6755
v -6.38654 9.91901 -2.25563
v 8.8043 10.3631 -1.23427
v 6.64494 10.1266 -1.35508
v 5.092 10.8801 -4.13782
v 3.89084 10.6909 -5.38035
v 3.50065 10.6373 -5.47851
v 1.68415 10.5341 -5.93467
v 1.50454 10.8091 -6.02118
v 0.723526 10.3161 -5.84307
v 0.0566118 10.4703 -5.96689
v -1.25985 10.2842 -6.35587
v -6.62272 9.95166 -2.04759
v -7.45376 10.2784 -2.08479
v -8.71951 10.7259 -2.16409
v -8.94069 10.135 -1.97903
v -13.9046 25.1143 -1.79131
v 8.29345 10.5145 -1.33909
v 7.21937 10.2638 -1.30224
v -13.353 18.8079 -3.19752
v 4.37337 10.6366 -5.06663
v 2.59504 10.8949 -5.74462
v 0.932122 11.0909 -6.03332
v 0.455821 10.9883 -6.22178
v -2.59447 10.8507 -6.63521
v -3.1067 10.0224 -6.23071
v -6.38376 10.3819 -2.04636
v -15.0057 19.9417 -2.02257
v 9.67071 10.7878 -0.974121
v 7.71832 10.9077 -1.15635
v 3.31232 11.112 -5.58553
v -2.30577 11.2035 -6.70116
v -3.76556 10.6229 -6.27548
v -6.40266 11.0005 -2.22018
v -8.28592 10.9912 -2.25646
v -9.79209 10.1063 -1.6365
v -13.8379 18.845 -3.10126
v 3.13209 11.7998 -5.5296
v -0.199534 11.1881 -6.33676
v -0.780462 11.2144 -6.47435
v -1.34487 11.1795 -6.52319
v -3.14621 11.4533 -6.92992
v -9.22986 30.7644 -1.49218
v -7.58761 31.0312 -2.26245
v -6.74234 10.7865 -2.02138
v -7.26386 11.0915 -2.16018
v -10.4079 10.3242 -1.22303
v 10.4092 11.7329 -0.618815
v 9.4351 11.2199 -1.07437
v 8.52096 11.0904 -1.14125
v 7.75074 11.4065 -0.939129
v -14.201 26.0123 -1.55865
v -15.8393 23.7206 -0.956259
v 4.53946 11.455 -5.04472
v 2.17981 11.8854 -5.79413
v 1.15334 11.7912 -6.02261
v 0.404369 11.9431 -6.5125
v -4.21736 11.6015 -6.55363
v -7.03139 11.5374 -2.22059
v -9.59732 10.9521 -2.00188
v -14.8861 26.0195 -1.37455
v -2.07146 21.2852 -4.28024
v -0.178715 12.4573 -6.73885
v -1.06541 11.8018 -6.8245
v -1.90408 12.3646 -7.02264
v -2.62625 11.8535 -7.08838
v -5.96539 33.2172 -3.32465
v -6.38065 11.6595 -2.49306
v -6.60087 11.2619 -2.17615
v -9.05633 11.4973 -2.33527
v -6.86397 19.8287 -4.33868
v -6.60348 11.8917 -2.49408
v -8.36961 12.1067 -2.54516
v -10.143 20.6862 -3.78459
v -12.93 25.4651 -1.74811
v -15.1504 23.2394 -1.30882
v -10.1209 19.8913 -4.19083
v 4.27703 12.151 -5.08662
v 2.82996 12.4692 -5.8482
v 0.257125 12.6658 -6.73871
v -0.735308 12.2484 -6.88861
v -2.84132 12.4169 -7.26792
v -3.94015 12.6032 -7.07561
v -4.41791 12.6482 -6.85821
v -7.55529 11.634 -2.24867
v -9.48884 12.448 -2.46147
v -9.58769 11.8586 -2.30467
v -10.8964 12.0256 -1.16824
v -11.6306 11.8948 -0.363409
v -15.4491 25.36 -1.12124
v -11.133 19.9732 -3.73506
v -11.5035 26.2822 -1.24657
v -16.0027 26.0015 -0.662102
v -11.633 19.4493 -3.70219
v -15.0256 24.9402 -1.52672
v 2.07386 13.287 -6.02455
v 1.95998 12.5267 -6.16343
v 1.17843 12.7179 -6.40152
v -2.72198 12.9588 -7.3031
v -3.86139 12.9701 -7.29153
v -12.9852 33.8824 -11.5917
v -6.84308 12.4211 -2.69942
v -7.89052 12.4844 -2.65776
v -9.05269 12.6875 -2.73691
v -10.4662 12.023 -1.74934
v -10.6219 12.6297 -1.78473
v -10.7612 12.3524 -1.41417
v -11.122 12.283 -1.20553
v -11.8848 12.3437 -1.03848
v -12.3256 12.0789 -0.516144
v -13.7585 14.1956 7.0078
v 4.75674 12.6933 -4.6459
v 3.68718 12.5964 -5.52702
v 2.87857 13.0379 -5.90192
v -0.296896 13.4356 -6.71078
v -1.03046 12.9759 -6.85486
v -3.24333 12.9581 -7.42236
v -9.93786 12.6892 -2.22038
v -4.78803 32.3023 -3.27344
v -7.96519 30.428 -1.8119
v -3.01062 34.9534 -5.26024
v -8.42667 31.1675 -1.96676
v -6.6124 32.4572 -3.01649
v -12.2583 21.7343 -2.89905
v -9.17242 21.081 -3.72481
v -11.0409 21.351 -3.52191
v -6.10918 19.2731 -4.49416
v 4.30346 13.0551 -5.31974
v 3.92175 13.5715 -5.60979
v 3.30993 13.6258 -5.82339
v 2.66466 13.5511 -6.12903
v 1.19024 13.3555 -6.38192
v 0.440745 13.4368 -6.52491
v -1.04672 13.5054 -7.04196
v -1.7299 13.0442 -6.97693
v -5.35255 13.5284 -6.54263
v -6.80555 12.9146 -2.95193
v -7.01314 13.3014 -3.12172
v -7.43835 13.3901 -3.05101
v -8.93622 13.081 -2.98401
v -10.3625 12.9764 -2.18557
v -10.8984 12.7347 -1.72272
v -11.414 12.9824 -1.88289
v -12.1864 12.923 -1.62054
v -12.8639 12.3475 -0.631129
v -10.7631 27.7333 -0.375799
v -2.23502 34.7085 -5.76633
v -12.1042 20.9315 -3.28305
v -12.9508 22.222 -2.23406
v 4.67611 13.5349 -5.02389
v 1.06162 13.895 -6.6625
v -13.3827 27.2066 -1.54795
v -6.54848 13.2165 -3.48229
v -8.21853 13.0764 -3.02612
v -9.68561 13.5707 -2.81211
v -10.0632 13.2015 -2.48727
v 0.166247 22.1354 -3.90861
v -7.18511 32.159 -2.75633
v -12.3218 14.5329 7.91264
v -13.9226 24.2402 -1.69172
v -14.5694 27.8116 -1.31819
v -15.5624 13.7461 3.03004
v 5.03852 13.431 -4.65671
v 1.61045 13.9462 -6.48087
v -1.69943 13.7713 -7.15441
v -2.29379 13.8811 -7.44677
v -4.00415 14.4979 -7.65348
v -11.0072 21.7609 -3.39337
v -10.9182 13.5245 -2.76242
v -12.6394 13.5741 -2.21952
v -12.9189 13.2407 -1.4943
v -13.5634 13.2321 -0.905167
v -16.3396 25.0318 -0.87274
v -15.6342 14.0024 3.57011
v -3.97165 7.03119 10.385
v -8.9273 30.4384 -1.52302
v 2.85594 14.035 -6.03549
v -1.73078 14.2358 -7.35139
v -4.29939 13.8729 -7.47532
v -7.53087 14.0939 -3.3661
v -11.3419 14.1388 -3.25607
v -11.8489 13.6153 -2.79733
v -13.4194 13.8174 -1.91616
v -13.6013 13.6838 -1.39058
v -12.7256 20.9048 -2.8661
v -4.53987 34.7559 -4.05824
v 2.04477 13.9373 -6.30826
v 1.56297 14.9199 -6.66512
v -1.32455 14.7379 -7.29043
v -2.26826 14.8056 -7.49481
v -4.60812 14.6897 -7.51435
v -5.32915 14.6358 -7.03932
v -12.6635 31.4599 -11.2549
v -8.34273 13.9141 -3.47563
v -8.63325 13.8947 -3.40678
v -9.22481 14.2754 -3.21068
v -9.6825 14.1761 -3.05698
v -10.5468 13.9168 -3.0597
v -13.2645 14.4027 -2.71501
v -14.3139 14.4297 -1.80581
v -14.6334 23.3925 -1.52421
v -15.5498 24.7268 -1.17112
v -4.46771 31.6504 -2.85107
v 4.67902 14.5426 -5.07683
v 4.11446 14.1631 -5.37696
v 2.33455 14.8252 -6.04477
v 0.710754 14.9047 -6.86193
v 0.348554 14.2557 -6.87726
v -0.621231 14.3554 -7.02031
v -10.3676 14.4376 -3.32003
v -12.3684 14.2281 -3.06547
v -14.7155 14.2752 -1.43392
v -0.843329 20.1807 -4.56984
v -16.6272 24.6756 -0.65503
v -5.34965 32.7326 -3.42498
v -10.2404 28.2495 -0.0618893
v -13.6514 30.1183 -9.71024
v -5.12548 33.8368 -3.75059
v 6.19678 14.9957 -3.94211
v 4.00047 15.0192 -5.2864
v 3.02485 14.7492 -5.78849
v 1.84019 14.7689 -6.48717
v -3.03274 14.4135 -7.63081
v -6.95792 14.513 -3.74215
v -11.8839 14.69 -3.44638
v -12.4477 14.8332 -3.43139
v -13.7697 14.2636 -2.18398
v -12.704 24.8384 -1.7335
v -8.22284 32.326 -2.13629
v -6.6154 33.874 -2.83783
v -10.9039 29.2939 -0.392283
v -9.62958 29.909 -0.994138
v 5.30758 14.3831 -4.68503
v 2.45215 15.5355 -6.14847
v -2.76765 15.2168 -7.51997
v -5.62874 15.5959 -6.93119
v -8.40218 15.0567 -3.71494
v -8.94676 14.867 -3.50613
v -9.83248 14.7875 -3.52146
v -10.7962 14.9601 -3.76161
v -11.3795 14.7917 -3.64468
v -13.0138 14.9527 -3.27822
v -13.439 14.7834 -2.95852
v -14.1584 14.9945 -2.53774
v -14.4706 14.9418 -2.08028
v -4.51262 20.2371 -4.6217
v -9.31547 31.4975 -1.42426
v -14.015 22.1063 -1.71974
v 1.70077 15.6675 -6.4776
v 0.919348 15.6943 -6.66961
v -1.67795 15.166 -7.39617
v -2.87376 15.8387 -7.71627
v -3.81327 15.864 -7.65223
v -4.26233 15.9456 -7.62524
v -4.81775 15.1404 -7.38385
v -2.17868 20.8557 -4.42779
v -13.3725 30.5545 -10.3038
v -6.98573 15.3121 -3.84366
v -7.56482 14.8758 -3.5585
v -9.64005 15.2858 -3.70736
v -11.1551 15.3111 -3.84587
v -12.4334 16.0189 -3.75047
v -15.3856 14.9168 -1.20746
v -12.8282 34.6731 -11.8865
v -5.37722 20.3463 -4.55665
v -6.04598 20.3571 -4.3803
v -10.0048 30.4564 -0.94993
v -9.91789 12.4165 6.67123
v -13.5225 23.6482 -1.7512
v 1.57426 16.5169 -6.38071
v -0.106949 15.4979 -7.01792
v -0.764561 15.7922 -7.26841
v -1.16457 15.278 -7.41396
v -1.71548 16.1925 -7.42547
v -7.30173 20.4021 -3.99751
v -9.28021 15.4726 -3.80832
v -10.4517 15.3332 -3.86171
v -8.05007 19.8418 -4.1804
v 6.31186 15.7056 -3.79679
v 4.38643 15.5292 -5.11185
v 3.60893 15.6965 -5.51521
v 2.73392 16.1811 -5.90413
v 2.25444 16.3708 -6.04581
v 0.530635 16.2995 -6.78771
v -0.121201 16.1152 -7.16267
v -5.28199 15.9452 -7.24462
v -15.4906 27.1614 -0.917651
v -3.03609 33.1731 -4.35293
v -10.5684 19.4521 -4.25379
v -7.05279 15.781 -4.24518
v -8.63417 15.8527 -3.93678
v -10.1403 16.1096 -4.22137
v -10.758 15.8049 -4.16576
v -11.7278 15.6245 -3.80331
v -13.4468 15.8127 -3.36533
v -14.1556 15.6401 -2.86277
v -12.0806 20.2907 -3.57823
v -13.3222 12.0973 3.79791
v 1.25332 16.1646 -6.59533
v -0.821918 16.3803 -7.38837
v -13.0479 31.3887 -11.1609
v -14.2786 16.1239 -3.06606
v -15.3438 15.4849 -1.50242
v -14.4537 20.0047 -2.42321
v -10.6731 30.7405 -0.408886
v -12.7782 31.8873 -11.5101
v -10.5838 28.8014 -0.320566
v 6.77374 16.3107 -3.59342
v 5.86049 16.1247 -3.94959
v 4.48925 16.4345 -5.0403
v 3.38068 16.8308 -5.57588
v 0.45763 16.9617 -6.67051
v -1.70632 16.6655 -7.44448
v -3.26941 16.6843 -7.65437
v -4.33535 16.8541 -7.42146
v -7.01424 16.5022 -4.41959
v -7.48409 16.3527 -4.31294
v -7.93948 16.3079 -4.12787
v -12.0701 16.302 -3.80278
v -10.8612 30.3037 -0.348493
v 3.67999 18.8642 -4.50183
v -11.2841 28.848 -0.354133
v -10.3288 29.7657 -0.666933
v -3.29448 33.9462 -4.6772
v 2.6053 17.2042 -6.00818
v 0.840146 17.2473 -6.5791
v -0.43794 16.6528 -7.24916
v -15.6732 26.5066 -0.804755
v -5.17485 16.9919 -7.0716
v -11.0549 24.34 -1.40444
v -6.85429 16.7644 -4.7716
v -8.70416 16.5688 -4.19837
v -10.0309 16.9917 -4.23052
v -10.8071 16.8348 -4.20027
v -11.1719 16.3789 -4.19559
v -12.7376 17.095 -3.70337
v -12.1101 23.4555 -1.81036
v -13.8039 12.3368 3.79101
v -8.29144 20.9001 -3.97948
v 4.94901 16.8645 -4.62611
v -3.62494 34.5811 -4.68623
v -0.58917 17.2783 -7.03387
v -5.99318 32.7573 -3.26631
v -3.4352 17.1692 -7.50955
v -6.39077 17.1393 -4.95762
v -7.47864 17.4456 -4.60583
v -7.35635 16.8624 -4.35193
v -8.38705 17.2201 -4.26736
v -7.1104 6.62145 -5.97316
v -5.94113 6.55355 -5.68637
v -7.83635 6.65373 -5.78416
v -6.44418 6.5716 -5.80057
v -5.36363 6.55477 -5.17199
v -4.45454 6.56851 -5.04378
v -3.66696 6.5634 -4.86577
v -2.11411 6.60723 -4.62376
v -0.155652 6.64275 -4.28255
v 2.48267 6.79282 -3.83927
v -1.51949 6.6189 -4.51368
v -8.53873 6.73037 -5.14476
v -6.92894 6.57348 -5.45069
v -4.86332 6.62397 -4.17658
v -3.81447 6.59766 -4.21993
v -2.93356 6.63118 -4.07277
v -1.82774 6.66516 -3.86629
v -0.501418 6.6845 -3.6197
v 0.758966 6.68629 -3.43368
v 1.89575 6.68556 -3.0734
v 3.0705 6.79357 -2.80598
v -7.89927 6.56223 -4.96818
v -6.60516 6.59795 -4.17907
v -5.68156 6.59036 -4.34498
v -3.80029 6.74752 -3.84538
v -3.10179 6.76281 -3.72755
v -2.24064 6.77947 -3.57757
v 1.66473 6.75046 -2.74392
v 2.7461 6.75802 -3.51905
v -8.69946 6.56092 -4.23369
v -5.15696 6.85199 -3.913
v -1.63347 6.99033 -3.32371
v 0.169815 6.81215 -3.1567
v 0.862501 6.79459 -3.02019
v 2.34126 6.70285 -2.30603
v -7.2908 6.60359 -3.93872
v -0.81314 6.79568 -3.33209
v 1.39033 7.33922 -2.37787
v 2.86379 6.73683 -1.24381
v -8.00751 6.6051 -3.00921
v -6.28705 6.94586 -3.74998
v -5.14403 7.49356 -3.49922
v -3.96388 7.36447 -3.49842
v -1.95669 7.42009 -3.14245
v -0.575192 7.61077 -2.72683
v -0.0889691 7.37812 -2.90469
v 2.20513 6.73198 -1.39586
v -9.14654 6.79713 -3.50357
v -5.78042 7.40838 -3.51271
v -4.37349 7.56437 -3.25576
v -1.31215 7.64176 -2.71146
v 0.438365 7.52492 -2.63163
v 1.99824 6.83991 -2.13465
v -9.06756 6.59496 -3.28058
v -8.94609 6.56648 -2.53308
v -5.58052 7.58651 -3.16046
v -3.5111 7.57324 -3.14723
v -2.73286 7.58935 -2.99799
v -2.30469 7.63101 -2.53813
v -0.191862 7.68064 -2.28259
v 1.27821 7.55298 -1.62391
v 1.82736 6.88437 -1.46908
v 3.41116 6.85435 -1.28421
v 3.91539 6.87751 -0.780528
v -9.46261 6.63705 -2.81438
v -7.77837 6.67209 -2.89882
v -7.17277 6.7503 -3.38818
v -6.2412 7.52347 -3.20739
v -5.00226 7.55768 -2.35892
v -0.783324 7.65235 -1.81484
v 0.850806 7.58475 -2.2583
v 1.72895 6.68231 0.0214667
v 4.00896 6.829 -0.175997
v 4.19463 6.82501 -0.260657
v -9.89508 6.59561 -2.51779
v -7.52161 6.89899 -2.65508
v -6.71806 7.47101 -2.91953
v -3.34836 7.59148 -1.9678
v -0.169941 7.6712 -1.46263
v 0.456068 7.69661 -1.74206
v 0.846577 7.61547 -1.11459
v 1.19801 7.46517 -1.20945
v 1.25899 6.93478 -0.720682
v 1.40395 6.77182 -0.560871
v 3.41657 6.71385 0.260365
v 4.46109 6.83151 0.154068
v 4.87282 7.06729 0.0287425
v 5.48287 7.19137 0.0381247
v 6.0583 7.46513 -0.188999
v 7.07409 7.75828 -0.183092
v -10.9316 6.6746 -2.28729
v -10.3389 6.61201 -2.25528
v -8.14177 6.65956 -1.87462
v -7.09076 7.47915 -2.445
v 2.82135 6.68484 0.269839
v 4.37605 6.76056 0.67247
v 4.95087 6.83648 0.618778
v -11.5144 6.60072 -2.07551
v -11.233 6.57358 -2.03469
v -10.8638 6.54089 -1.59251
v -9.58774 6.56561 -2.14371
v -8.55886 6.59942 -1.06691
v -8.18053 6.66835 -1.12789
v -7.78475 6.90216 -2.01995
v 0.636472 6.85265 0.207976
v 1.00013 6.64837 0.540525
v 1.77145 6.76031 0.589553
v 3.22841 6.90455 0.579841
v 5.05619 6.80516 1.04646
v 5.84305 6.89611 1.18397
v 6.11399 7.09108 0.701361
v -12.221 6.60598 -1.81332
v -11.8849 6.5763 -1.73809
v -10.0338 6.54523 -1.82666
v -6.58353 7.54184 -2.11629
v -1.79461 7.60202 -1.00571
v 0.667151 7.41737 -0.467121
v 2.63196 6.76874 0.593995
v 2.99932 7.09443 0.719071
v 4.17854 6.7422 1.03871
v 4.49201 6.70759 1.59939
v 7.84501 7.65294 0.825579
v -12.4755 6.60984 -1.56422
v -5.17244 7.4972 -0.795585
v -4.44095 7.54967 -1.8703
v -0.655353 7.60331 -0.0380192
v 0.622638 6.6942 0.751993
v 0.957956 6.68405 0.843715
v 1.50284 6.78995 1.05917
v 1.84596 7.05365 0.886348
v 3.7086 7.11913 1.25849
v 6.44663 6.95655 1.75882
v -15.5753 21.8295 8.93395
v -10.4542 6.54647 -0.662965
v -9.12661 6.5707 -1.04307
v -7.82429 6.73278 -0.411897
v -7.47994 7.49495 -1.38884
v -3.98115 7.52627 -0.636936
v -3.01254 7.56582 -0.807883
v -2.8598 7.52132 -0.0821857
v 0.0138864 7.61318 -0.188499
v 0.0565231 7.40997 0.3803
v 1.21757 6.87818 1.28215
v 1.54313 7.11177 1.13592
v 4.7912 6.72401 1.92714
v 6.60361 6.96305 2.33116
v 7.51611 7.36435 2.0637
v -9.5813 6.57724 -0.156588
v -8.08335 6.60788 -0.160866
v -7.3723 6.5938 0.5129
v -6.94991 7.50188 -0.578849
v -5.98565 7.51212 -0.58982
v -1.16061 7.56921 0.626456
v 0.933532 6.65283 1.79888
v 4.25761 7.04838 2.04201
v 4.88905 6.79145 2.74134
v 5.44556 6.77699 2.08473
v 7.13814 7.21005 2.60254
v 9.46408 8.36884 2.29571
v -12.9159 6.57194 -0.762792
v -11.0321 6.54116 -0.449034
v -9.09055 6.59398 0.104146
v -8.17451 6.5572 0.778447
v -1.81707 7.53634 1.35831
v -0.53854 7.52506 1.19987
v 0.146251 6.85594 1.05867
v 0.0110483 6.79666 1.94451
v 0.474989 6.68118 2.31008
v 0.656464 6.69096 1.91918
v 0.866855 6.68374 2.25953
v 1.0082 6.61628 2.19549
v -13.5008 6.59108 -0.560354
v -12.2883 6.52762 -0.727557
v -9.73434 6.54815 0.856062
v -5.84943 7.49755 0.186861
v -4.85715 7.50059 0.0961736
v -2.42513 7.52414 0.92271
v 1.06252 6.59298 2.58345
v 4.35644 7.16189 2.7368
v 5.99358 6.89321 2.8553
v -13.963 6.71236 -0.00979363
v -13.0696 6.53821 0.138821
v -9.03689 6.55169 0.831687
v -7.1547 6.60261 1.98964
v -6.9013 6.60175 0.960064
v -6.22862 7.47892 0.300586
v -4.24833 7.48054 1.34835
v -3.16248 7.51412 0.973596
v 0.789849 6.66407 2.78877
v 4.19849 7.11347 3.10518
v 4.65655 6.78337 3.37019
v 7.72723 7.56368 3.15363
v 8.72832 7.98269 2.6717
v 8.64952 8.09265 3.65364
v 9.35601 8.39649 3.52864
v -10.7525 13.741 7.58686
v -11.3826 6.56663 0.456906
v -8.60338 6.62879 1.29203
v -5.70666 7.44661 1.15597
v -5.37992 7.43761 1.93165
v -0.9187 7.52661 2.04115
v -0.550854 7.3964 1.81048
v 1.46195 6.71598 3.26459
v 4.21427 7.05055 3.45306
v 5.49526 6.87826 3.40729
v 5.69248 7.04474 3.9111
v -13.9621 6.66307 0.494347
v -13.6959 6.62677 1.17336
v -11.6829 6.54527 0.230246
v -10.0997 6.56575 1.56237
v -9.32373 6.57891 1.19943
v -6.09246 6.63043 2.14759
v -2.71992 7.5056 1.88068
v -1.58275 7.51465 2.92444
v -0.139511 6.93431 2.8439
v 1.07924 6.69116 3.27833
v 1.38276 6.7171 3.85875
v 1.59505 6.81614 3.53882
v 1.97627 6.8071 3.64229
v 3.71181 7.07236 3.75597
v 3.49415 6.77994 4.31826
v 4.17457 6.8003 3.9084
v 4.70606 6.89697 4.38629
v 7.93784 7.85846 4.09837
v -14.2346 6.96066 0.226321
v -9.62878 6.67904 1.53847
v -9.16839 6.98239 1.57926
v -8.79639 7.00976 1.62314
v -8.5838 7.03489 1.64376
v -7.65288 6.58942 1.60127
v -6.75984 6.6088 2.46413
v 0.0499578 6.95749 3.52191
v 0.244504 6.76827 3.27933
v 0.742242 6.7904 4.00601
v 2.43016 6.78554 4.10998
v 2.59966 6.73045 4.1941
v 2.80395 6.73946 4.22729
v 6.8031 7.36983 3.97557
v -17.6103 22.6419 5.48097
v -10.2675 6.65917 1.96891
v -9.82157 6.82791 1.93108
v -9.51382 7.03002 1.81191
v -7.67846 7.11156 2.11233
v -6.76183 6.65535 2.74613
v -6.38139 6.59608 2.69976
v -3.52109 7.49286 1.95885
v -2.43306 7.48718 2.93163
v -0.74855 7.50069 2.89453
v -0.537772 7.38115 2.93809
v 1.98827 6.79799 4.17478
v 2.51732 6.77129 4.43932
v 5.60883 7.40989 4.91166
v 6.20068 7.44293 4.67891
v 9.7674 8.80811 4.08892
v -14.1888 6.87238 1.14013
v -13.1645 6.65347 2.16877
v -10.5651 6.56573 2.14454
v -10.291 6.56751 2.42071
v -7.20143 7.09388 2.569
v -4.80062 7.4224 2.4332
v -3.86132 7.46788 2.72435
v -0.350443 7.51363 3.81746
v 1.22969 6.81669 4.56622
v 3.4263 6.82188 5.03419
v 7.68759 8.00693 4.84369
v 8.38204 8.26973 4.62186
v -12.3987 6.59085 1.64323
v -11.4181 6.5766 2.01629
v -10.417 6.57497 2.73823
v -6.99124 7.02647 3.03499
v -5.85936 6.68717 3.13035
v -4.60017 7.44305 3.23759
v -2.97434 7.4965 3.1449
v -0.0585744 7.54965 4.29622
v 0.401449 7.00895 4.12948
v 1.97782 6.79815 5.03018
v 2.60295 6.8105 5.56098
v 6.95737 8.16047 5.45429
v -14.6328 13.2239 3.82782
v -10.7788 6.56471 2.95898
v -6.29066 6.66501 4.13999
v -5.68056 6.91864 3.46359
v -5.20279 7.39084 3.07499
v 0.8273 7.13037 4.67536
v 2.26617 6.91469 5.70818
v 4.36994 7.08115 5.47874
v 4.94705 7.4844 5.7093
v 8.94362 8.58212 4.73169
v -16.6998 15.7294 3.93718
v -15.843 21.4663 6.88147
v -13.6229 6.88454 2.27218
v -12.4649 6.65735 2.87548
v -10.7536 6.58008 3.65035
v -10.5392 6.45792 3.51422
v -7.08479 6.96923 3.77232
v -6.71524 6.64594 3.76318
v -6.01249 6.78811 4.22611
v 0.543323 7.55425 4.90684
v 1.75718 6.94635 5.22407
v 4.0677 6.90026 5.42898
v 6.09252 7.80491 5.255
v 7.66966 8.52472 5.67144
v 8.4828 8.81215 5.45059
v -12.8899 6.77636 2.88725
v -10.4464 6.5013 3.84295
v -5.61345 7.3593 4.04689
v -3.77406 7.47038 3.98301
v -2.9345 7.49413 4.33165
v -1.3747 7.53506 4.34391
v 3.8186 6.89365 6.42981
v 5.07258 7.75765 6.15465
v 5.40781 8.01597 6.07926
v 6.24974 8.1625 5.5243
v -10.2539 12.7271 6.80598
v -11.4763 12.366 5.82292
v -11.6455 6.63049 3.74804
v -10.5332 6.62902 3.96037
v -10.3536 6.54447 4.17147
v -6.96986 6.67397 4.73689
v -6.90359 6.68672 5.24499
v -5.54683 7.36151 4.46141
v -5.02246 7.4426 4.56428
v 0.879856 7.66498 5.51496
v 1.41055 7.66296 5.80221
v 2.70213 6.80341 6.42959
v 8.19849 9.30511 6.21303
v -14.4382 21.5519 8.46755
v -17.3117 21.9526 6.85784
v -17.6643 22.2678 6.59623
v -14.2665 20.8588 7.30736
v -12.2222 6.79306 4.18843
v -12.097 6.69778 3.65865
v -10.7296 6.61111 4.39048
v -7.49397 6.93591 4.77297
v -7.23193 6.91491 4.74801
v -5.90342 7.06545 4.6402
v -3.65744 7.51936 5.2594
v 1.78998 7.48516 6.04453
v 1.97919 7.17493 6.43868
v 2.20636 6.90277 6.53458
v 4.35608 7.31803 6.76297
v -11.9579 12.9762 6.62703
v -14.0745 28.7626 -4.64801
v -16.5326 21.6043 7.36063
v -17.1899 22.2921 5.56478
v -8.37975 6.63024 5.20267
v -8.20185 6.59122 5.27403
v -7.53181 6.69433 5.32592
v -6.42276 6.76581 5.14286
v -6.25765 7.00333 5.47731
v -5.91869 7.38307 5.39998
v -4.03686 7.50883 5.16187
v -2.1173 7.53416 5.04936
v -1.54244 7.59099 5.7517
v 0.143758 7.6269 5.2381
v 1.20723 7.72224 6.56861
v 1.73636 7.4786 6.55667
v 1.6715 6.82395 7.10372
v 2.10399 6.76916 7.79581
v 3.3634 6.83981 7.35026
v 3.83587 7.05437 7.41604
v -15.5504 14.8069 5.29687
v -12.4001 12.0236 -0.0647572
v -12.5378 6.89349 4.44475
v -12.3486 6.71667 4.92975
v -10.3499 6.70743 5.28838
v -10.1543 6.5929 4.88764
v -8.94723 6.62205 5.45901
v -8.00094 6.70616 5.63743
v -6.85351 6.80283 6.31151
v -5.76419 7.43242 5.74726
v -0.982278 7.68434 6.94235
v -0.585407 7.60738 5.56788
v 0.942065 6.82601 7.30652
v -13.9296 28.8266 -5.21625
v -11.531 11.6669 0.300999
v -12.6343 6.92097 4.7549
v -3.59313 7.57645 6.21499
v -3.02526 7.55515 5.77202
v -2.19189 7.68189 7.13442
v -0.025516 7.74418 6.99394
v 0.6991 7.72059 6.80823
v 0.404804 6.81451 7.55854
v 3.41629 7.06212 8.13872
v 3.89751 7.35727 8.01863
v -14.813 21.776 9.038
v -9.46118 13.3713 7.67222
v -15.6687 21.3344 6.28979
v -14.0199 29.0774 -6.91598
v -14.3428 21.2815 7.48091
v -15.1128 15.0496 6.30031
v -12.842 11.93 0.796125
v -11.4712 6.68407 5.16122
v -10.9452 6.70322 5.6991
v -7.13507 6.74202 6.43596
v -4.96978 7.52128 5.99074
v 0.676168 6.76865 8.20459
v 1.58109 6.75827 7.7239
v 2.98153 6.87299 8.08523
v -11.5603 14.3445 8.04001
v -13.3043 12.2838 0.384982
v -12.561 11.8207 0.979097
v -13.754 28.9326 -6.16579
v -11.8176 6.71847 6.25211
v -9.82932 6.75232 6.52037
v -9.63189 6.73658 5.81601
v -8.91134 6.76082 6.01574
v -8.43838 6.72299 5.77754
v -6.82115 6.82184 6.71493
v -6.33807 7.31416 6.41679
v -6.07102 7.48203 6.58642
v -5.49712 7.55615 6.47914
v -4.4292 7.50642 5.54959
v -3.5779 7.63892 7.00036
v -0.765466 7.72974 7.20907
v -1.03148 6.85657 7.93091
v 1.20729 6.84141 8.65602
v 2.01384 6.82327 8.42006
v 3.19092 7.17514 8.48081
v -15.2002 21.1073 6.75713
v -14.2757 21.9205 9.46392
v -17.1712 21.9213 8.06025
v -7.97782 6.75054 6.7302
v -6.31656 6.73726 7.60854
v -1.65028 6.83472 8.12108
v -0.372283 6.83 7.76911
v -0.29136 6.77616 8.70964
v 0.325645 6.84247 8.83256
v 1.96227 7.0177 8.77699
v 2.58678 7.08517 8.65788
v -15.1363 14.204 5.38184
v -14.6646 22.3516 9.94346
v -15.4473 21.0301 6.33758
v -16.8045 22.0015 5.80174
v -14.3162 12.8439 0.715858
v -12.3043 11.5398 2.17402
v -11.9458 11.4206 2.69756
v -12.8333 6.80116 5.6887
v -10.722 6.74461 7.14262
v -8.71937 6.77509 6.98323
v -6.9345 6.74463 7.15846
v -5.69483 7.539 7.06355
v -4.43882 7.66067 7.5647
v -2.95201 7.66917 7.43152
v -2.47662 6.86281 8.32535
v -2.29855 6.81038 8.40132
v 1.06767 7.01812 8.95036
v 2.04497 7.3381 8.79032
v -13.6684 21.7361 8.52421
v -15.8303 21.0143 5.81108
v -15.1672 22.3888 9.70364
v -14.7995 22.9553 10.2613
v -13.8447 12.43 0.813686
v -13.5833 12.0617 1.51189
v -13.0164 11.8402 1.77972
v -11.524 11.3836 3.27131
v -12.9173 6.84288 6.77687
v -12.6381 6.73053 6.4866
v -7.54599 6.80107 8.15593
v -5.83667 6.75753 8.04224
v -5.18979 7.63076 7.42702
v -2.94051 7.73857 7.8055
v -2.99343 6.81448 8.54449
v -1.18204 6.77078 8.87025
v 0.0470201 7.05942 9.1614
v 0.624659 7.14102 9.06388
v 1.20687 7.4326 8.93127
v -15.591 22.2791 9.14576
v -17.024 21.926 4.51233
v -16.4363 21.7034 8.17449
v -16.3828 21.7181 6.29833
v -14.8765 13.2411 1.12552
v -14.5465 12.8733 1.49163
v -13.8611 12.1697 2.07617
v -13.1427 11.806 2.8803
v -9.10562 6.77364 8.06716
v -5.13264 6.79682 8.5118
v -4.53877 6.82235 8.61009
v -4.65665 6.81448 8.94315
v -1.38183 6.83403 9.25721
v -0.536937 6.91741 9.19223
v -14.8545 21.2016 7.31103
v -16.0186 14.9805 4.42711
v -13.4391 11.9072 2.42799
v -11.194 11.3944 3.56249
v -13.1247 6.99707 6.18823
v -12.8196 6.87894 7.40415
v -10.0468 6.76994 7.17712
v -8.25318 6.8086 8.07067
v -3.93882 6.80105 9.48138
v -2.65804 6.79057 9.17502
v -2.13702 6.93912 9.65963
v -1.38796 7.04817 9.58884
v -0.609354 7.24895 9.36607
v -9.98682 13.0641 7.16146
v -13.4051 12.8396 5.21161
v -12.4613 11.6768 3.35746
v -7.85753 7.03834 8.38711
v -6.96633 6.8051 8.58462
v -6.05503 6.8373 9.17072
v -3.26115 6.84222 9.78903
v -13.2525 15.4383 7.99528
v -17.1115 22.8664 9.22592
v -13.4423 22.0356 9.12403
v -15.1558 21.4949 8.543
v -16.0093 14.5698 0.590403
v -15.6966 14.0539 1.20402
v -10.5242 12.2202 5.92445
v -14.5828 12.8638 2.02903
v -14.1964 12.6288 2.56652
v -13.8788 12.2476 2.69257
v -11.3894 11.545 3.88761
v -12.5602 6.95843 8.17595
v -12.4387 6.80234 7.86184
v -11.9079 6.75655 8.046
v -9.95084 6.78519 8.65441
v -9.41259 6.85146 8.6357
v -8.49447 7.09443 8.65984
v -16.4139 22.3216 9.21958
v -7.22555 7.0272 8.78756
v -5.6123 6.84124 9.78304
v -2.43218 7.06514 9.87294
v -2.01836 7.4277 9.75012
v -16.1092 21.6343 5.77811
v -9.93937 13.6685 7.49996
v -14.0133 13.5855 5.96685
v -15.1877 13.8088 4.29375
v -15.595 21.3941 7.54973
v -17.6179 22.1957 7.81907
v -15.611 13.8316 1.95735
v -15.1277 13.5596 1.41084
v -12.5481 11.9107 4.07596
v -11.4699 11.8059 4.53271
v -11.9513 6.8522 8.56317
v -10.8695 6.77389 8.70007
v -11.1196 13.3306 7.31257
v -14.1138 13.0291 4.51207
v -6.77166 7.04415 9.36208
v -6.51332 6.8531 9.27346
v -4.94036 6.84656 10.1133
v -3.74148 6.89269 10.0893
v -4.36648 30.9844 -1.97267
v -11.6488 27.0632 -1.19757
v -3.44315 31.2258 -2.04037
v -13.4105 29.9012 -9.39521
v -5.70758 31.6003 -2.85048
v -9.69338 28.7748 -0.447127
v -8.38875 29.4261 -1.04148
v -2.64498 31.7567 -2.8412
v -2.57666 32.1545 -3.51925
v -13.0397 28.6939 -4.79392
v -2.26673 32.901 -4.56673
v -12.3172 31.9918 -11.6205
v -12.2322 29.6845 -5.16714
v -7.02685 30.5461 -2.02355
v -1.92901 32.7039 -4.37447
v -14.0718 28.5467 -4.01268
v -13.427 28.4075 -4.05885
v -1.92372 33.6766 -5.39525
v -12.0481 32.5913 -11.8047
v -12.5068 29.1183 -4.97986
v -13.1278 29.728 -8.88207
v -8.3406 29.0913 -0.663999
v -12.793 28.0438 -2.27239
v -12.0693 32.2816 -11.4625
v -13.0339 29.9345 -9.28293
v -12.4782 31.1937 -10.7565
v -12.4388 31.3998 -11.1177
v -5.27164 30.4304 -0.83701
v -12.7196 29.1281 -5.71329
v -3.56057 32.2242 -3.43908
v -5.44438 30.4756 -1.56529
v -13.3257 29.4746 -8.28836
v -13.9244 28.2335 -2.94425
v -5.14065 30.9913 -2.27842
v -12.5076 31.116 -10.1716
v -12.5915 28.8204 -4.16176
v -13.5908 28.5563 -4.65649
v -13.0781 30.3695 -10.1322
v -1.83608 34.2446 -5.65264
v -7.12855 29.9584 -1.43816
v -13.5334 27.8298 -1.97572
v -12.054 28.5594 -0.915159
v -9.39495 28.2305 0.741611
v -1.86671 33.2526 -5.00216
v -13.7804 27.9991 -2.32515
v -6.77192 29.7286 -0.354472
v -14.1931 28.3067 -3.11136
v -12.7714 30.6481 -10.2455
v -12.9783 30.1843 -9.83344
v -12.5081 28.0823 -1.89904
v -12.9404 28.4222 -3.60795
v -8.03958 29.0762 -0.359446
v -13.2761 28.894 -5.78205
v -12.7571 30.1637 -8.26004
v -12.2549 27.7885 -1.29824
v -5.12873 30.5058 -1.24632
v -12.4444 31.0651 -8.99589
v -4.05924 31.4719 -2.67632
v -2.90322 32.5147 -3.86897
v -13.0946 27.7493 -1.7694
v -12.3221 29.219 -3.98496
v -12.8674 27.468 -1.51538
v -9.85305 28.1579 0.233864
v -12.3941 28.0596 -1.58486
v -12.4065 28.3368 -2.27872
v -6.16873 30.1117 -1.20428
v -13.6827 29.2348 -7.80542
v -3.48418 31.5545 -2.73202
v -13.5843 28.3155 -3.61977
v -12.562 28.6461 -3.44944
v -12.2415 31.7951 -10.9262
v -13.1765 29.117 -6.60348
v -7.1597 29.6371 -0.904437
v -9.24677 28.95 -0.610873
v -4.175 30.9051 -1.61558
v -12.3765 28.6354 -2.75475
v -13.1387 29.4165 -7.5057
v -12.7656 29.5312 -6.8215
v -6.04504 30.7385 -2.18042
v -9.19446 28.4974 -0.0404804
v -13.8645 29.7697 -8.93064
v -12.2973 30.032 -6.42255
v -12.8325 28.2697 -2.96179
v -4.52208 30.7315 -1.14333
v -13.9603 29.4985 -8.53008
v -7.76098 29.8347 -1.41339
f 2785 2498 2028
f 1078 226 1061
f 426 451 382
f 2295 451 426
f 1210 470 1436
f 1382 1353 8
f 1314 439 1224
f 3440 3482 3422
f 1224 439 1325
f 1509 35 1518
f 1268 2147 1242
f 226 1078 1196
f 465 310 1222
f 1414 12 350
f 292 1325 543
f 1383 1382 8
f 1439 1579 1120
f 2305 1207 1201
f 1441 1707 249
f 1210 323 411
f 1273 1318 1350
f 1401 1430 102
f 1743 1951 1842
f 1318 1361 1350
f 1396 1413 1398
f 2262 2923 2933
f 2983 2927 2908
f 1517 263 1681
f 171 1336 1332
f 1312 1311 1235
f 1782 156 1727
f 1120 1579 1160
f 1399 1414 350
f 296 326 189
f 1999 1986 2010
f 1431 1436 470
f 3480 3403 3420
f 2295 426 343
f 3039 2401 2391
f 1436 1314 1215
f 46 1258 1123
f 1280 1215 1224
f 154 1210 411
f 1215 1314 1224
f 1352 1215 1280
f 3267 3253 3228
f 1944 1946 1945
f 1071 1091 1828
f 725 1328 2070
f 1985 1986 1999
f 1314 1290 439
f 1436 1215 1352
f 172 1606 2778
f 454 507 1246
f 2256 1102 2307
f 1421 1366 9
f 102 1430 1421
f 474 1401 379
f 2256 950 1102
f 1266 1273 1350
f 1354 1379 1096
f 583 771 810
f 111 889 363
f 1243 363 1415
f 1326 1403 1281
f 1360 393 1383
f 1338 1244 1432
f 1338 1295 1244
f 1256 1296 1285
f 2164 2193 2169
f 1361 1399 350
f 1328 1186 1288
f 116 117 1624
f 1389 1301 1386
f 1842 1835 1357
f 1775 1793 1818
f 195 1230 43
f 1213 1212 1241
f 566 2087 2055
f 1949 1948 2038
f 1248 1266 1199
f 181 294 116
f 294 117 116
f 441 391 1528
f 156 1305 1299
f 1727 1140 1782
f 41 1352 132
f 269 1222 1571
f 2709 2752 2721
f 78 653 57
f 15 391 441
f 157 1665 1662
f 379 1301 1389
f 440 280 1665
f 1986 2025 2010
f 1815 2512 2537
f 350 12 11
f 2817 3405 2726
f 1420 1404 1312
f 344 379 20
f 20 379 268
f 1944 1928 1946
f 1521 1473 47
f 8 1237 2147
f 1975 1986 1985
f 2720 2750 2749
f 294 441 117
f 15 157 391
f 2002 1547 1868
f 3413 2387 3478
f 1827 1826 1594
f 1409 1276 1212
f 2846 1683 1746
f 2769 2768 2734
f 1431 297 1436
f 102 1421 1326
f 1213 1239 1211
f 968 180 1129
f 9 1366 75
f 2695 2659 2634
f 2571 2397 2562
f 3447 3437 2511
f 1958 1419 1990
f 441 890 15
f 486 1665 157
f 1076 1193 1194
f 1144 3445 972
f 1301 102 1386
f 1447 1326 1281
f 1699 917 1598
f 2577 2740 2430
f 1571 1420 269
f 1438 474 344
f 2974 2997 2917
f 438 518 294
f 294 518 441
f 518 878 441
f 441 878 890
f 3485 3413 3439
f 890 157 15
f 972 3445 1114
f 689 1059 707
f 1076 1022 1193
f 344 474 379
f 1421 9 1326
f 2084 725 2049
f 3155 3207 3139
f 1677 3454 3401
f 3310 404 438
f 74 518 438
f 890 259 157
f 2128 971 1010
f 426 382 474
f 2036 2016 2088
f 1161 3475 3460
f 404 74 438
f 74 873 518
f 518 873 878
f 1190 1189 1175
f 2060 2052 1948
f 313 406 801
f 1333 1337 1219
f 2309 344 1452
f 1186 1328 725
f 344 20 1452
f 1386 1326 1447
f 3409 3428 3419
f 259 715 157
f 157 715 486
f 3479 3421 3451
f 314 360 771
f 988 3470 1135
f 2556 2595 2569
f 1301 1401 102
f 1951 1136 1842
f 1542 533 475
f 533 3188 475
f 472 482 462
f 2771 2803 2787
f 88 89 110
f 152 134 101
f 343 426 1438
f 426 474 1438
f 442 1542 1620
f 2063 1867 2816
f 533 522 3188
f 463 472 462
f 873 74 404
f 63 87 109
f 64 65 88
f 37 38 64
f 38 37 26
f 3446 3468 3432
f 345 898 402
f 1002 1028 997
f 1739 1704 1951
f 382 1210 154
f 2087 1948 1949
f 1389 1386 1355
f 1355 1386 1447
f 394 395 1620
f 169 279 484
f 1189 1162 1156
f 1024 1299 1197
f 3449 3422 3464
f 1105 1128 1098
f 1025 3453 1130
f 379 1401 1301
f 393 1382 1383
f 1452 20 1451
f 396 395 394
f 442 533 1542
f 308 256 257
f 179 155 692
f 131 151 130
f 484 235 1281
f 39 65 38
f 32 39 26
f 65 64 38
f 39 38 26
f 974 984 964
f 110 87 88
f 1193 1022 908
f 1138 1177 1128
f 451 188 470
f 653 1787 1504
f 1881 2405 2377
f 455 1620 395
f 1620 455 442
f 476 533 442
f 258 291 238
f 483 886 516
f 184 210 198
f 238 264 245
f 322 357 321
f 577 37 52
f 194 198 222
f 121 129 114
f 155 179 185
f 264 322 308
f 692 155 151
f 692 151 131
f 714 932 1310
f 1066 433 1109
f 1157 1137 1181
f 771 360 118
f 1436 297 1314
f 323 1352 41
f 135 288 3
f 339 352 396
f 397 395 396
f 476 442 455
f 476 642 533
f 291 264 238
f 140 150 149
f 151 150 130
f 246 169 225
f 121 149 166
f 131 130 122
f 99 122 89
f 258 223 827
f 1183 1076 1194
f 1076 1125 1074
f 584 686 829
f 997 1044 1021
f 297 1209 1314
f 1294 439 1290
f 1294 211 439
f 3060 3107 3106
f 339 329 352
f 352 397 396
f 397 455 395
f 149 150 178
f 2919 2939 2929
f 2421 965 2451
f 115 121 114
f 449 436 462
f 898 924 403
f 403 924 415
f 1218 499 104
f 329 353 352
f 417 455 397
f 101 3184 650
f 308 321 307
f 625 99 73
f 422 464 437
f 494 538 506
f 1374 1388 1384
f 3147 2011 1469
f 2669 261 3360
f 353 397 352
f 477 476 455
f 477 642 476
f 477 523 642
f 583 810 374
f 538 123 77
f 1364 494 669
f 945 940 2980
f 421 436 449
f 2656 950 2256
f 547 160 539
f 390 435 413
f 1359 180 968
f 1762 1552 1772
f 2071 2015 1358
f 1224 1325 266
f 282 329 261
f 282 330 329
f 330 353 329
f 417 477 455
f 482 528 471
f 246 225 545
f 1177 1176 1147
f 99 89 73
f 160 1369 770
f 2049 725 2070
f 326 327 1315
f 382 154 1401
f 188 451 2325
f 364 397 353
f 418 417 397
f 427 477 417
f 477 554 523
f 523 554 553
f 122 110 89
f 3477 3476 1025
f 52 53 72
f 1352 1280 132
f 242 272 261
f 261 272 282
f 272 330 282
f 418 427 417
f 669 506 513
f 482 471 1334
f 321 357 390
f 450 464 463
f 1610 1884 1510
f 225 169 324
f 72 63 52
f 984 954 940
f 472 514 482
f 314 549 2356
f 1413 1443 1442
f 327 1360 1268
f 354 353 330
f 354 364 353
f 364 383 397
f 487 477 427
f 534 554 477
f 519 553 554
f 414 421 435
f 462 482 1334
f 898 403 402
f 598 65 39
f 121 140 149
f 1421 41 1366
f 1268 1360 1383
f 2554 2387 3413
f 1637 2586 1642
f 2712 2683 2600
f 364 375 383
f 397 383 418
f 487 501 477
f 501 534 477
f 210 222 198
f 3421 3485 3472
f 1152 549 314
f 88 87 72
f 166 178 165
f 152 158 134
f 3480 2727 3403
f 3469 3450 3435
f 249 1707 260
f 1504 1527 57
f 1209 1290 1314
f 2728 2577 2430
f 250 242 3258
f 272 283 330
f 330 283 354
f 354 375 364
f 418 408 427
f 408 487 427
f 238 245 210
f 123 279 169
f 308 322 321
f 200 744 142
f 2603 1899 2838
f 2853 2577 2725
f 3258 3054 250
f 298 272 242
f 272 298 283
f 340 375 354
f 283 340 354
f 487 534 501
f 534 535 554
f 535 532 554
f 554 532 519
f 464 515 463
f 415 437 436
f 199 2135 424
f 449 1293 421
f 223 258 179
f 2229 3454 2218
f 422 423 464
f 140 121 115
f 2515 1054 1042
f 3433 2713 3457
f 19 2035 2015
f 124 153 152
f 572 21 1468
f 22 21 572
f 21 22 35
f 153 170 152
f 1518 35 1527
f 250 298 242
f 298 340 283
f 383 408 418
f 109 87 114
f 464 483 515
f 515 483 547
f 539 160 770
f 201 43 738
f 1109 433 1115
f 2569 2595 2612
f 1780 1755 1756
f 359 423 422
f 1474 2432 1673
f 2681 2709 2680
f 2074 1646 1330
f 284 298 250
f 299 340 298
f 340 384 375
f 375 384 383
f 383 384 408
f 408 443 487
f 487 443 534
f 534 524 535
f 777 901 532
f 63 72 87
f 178 198 194
f 671 669 513
f 1124 1190 1175
f 130 150 140
f 184 198 178
f 1107 1111 1089
f 1099 999 1075
f 1727 1024 180
f 3464 3482 3475
f 58 78 57
f 3172 172 2778
f 2853 2725 3404
f 250 232 284
f 299 298 284
f 384 385 408
f 488 524 534
f 443 488 534
f 178 155 184
f 547 530 515
f 770 1369 744
f 1233 1223 1248
f 1223 1273 1266
f 2149 1976 2108
f 376 384 340
f 385 428 408
f 428 467 408
f 467 443 408
f 467 488 443
f 489 535 524
f 535 541 532
f 653 78 1633
f 185 258 184
f 3473 3406 3421
f 184 258 238
f 390 357 414
f 529 539 634
f 3440 1806 3444
f 22 59 58
f 66 1556 78
f 1436 1352 323
f 1210 1436 323
f 3409 3452 3428
f 232 273 284
f 299 331 340
f 331 376 340
f 384 376 385
f 488 489 524
f 121 166 148
f 449 1334 1293
f 335 357 322
f 531 934 540
f 101 134 100
f 143 153 124
f 539 770 634
f 2932 942 2392
f 923 54 311
f 91 101 100
f 382 470 1210
f 2616 2651 2628
f 273 285 284
f 285 299 284
f 285 331 299
f 376 386 385
f 386 428 385
f 467 468 488
f 488 468 489
f 541 777 532
f 76 91 100
f 195 201 170
f 3194 3207 3155
f 53 64 72
f 781 782 834
f 59 79 66
f 79 1556 66
f 2050 2084 2033
f 1727 156 1024
f 19 2054 2035
f 1438 344 2309
f 243 232 233
f 243 273 232
f 317 331 285
f 365 376 331
f 468 536 489
f 536 535 489
f 536 541 535
f 541 54 777
f 553 901 745
f 77 123 169
f 37 64 53
f 110 115 87
f 269 657 798
f 269 798 1222
f 224 1206 1083
f 92 1556 79
f 92 1584 1556
f 3476 3466 3431
f 300 285 273
f 317 365 331
f 365 386 376
f 429 428 386
f 428 444 467
f 467 444 468
f 403 436 421
f 2831 2164 2417
f 2254 2160 2406
f 2875 2885 2874
f 160 934 877
f 357 402 414
f 540 934 160
f 598 73 65
f 359 902 423
f 1300 1571 310
f 1124 950 1190
f 3429 2629 1870
f 595 582 59
f 582 79 59
f 474 382 1401
f 1649 438 181
f 274 273 243
f 274 300 273
f 317 285 300
f 367 429 386
f 428 429 444
f 444 490 468
f 490 536 468
f 2141 963 2145
f 3410 3417 3443
f 2727 3437 3448
f 72 64 88
f 798 465 1222
f 403 415 436
f 494 528 538
f 80 79 582
f 80 92 79
f 268 379 1389
f 3272 3301 3271
f 233 215 243
f 365 367 386
f 490 509 536
f 509 537 536
f 536 537 541
f 337 54 541
f 483 516 547
f 151 155 150
f 345 335 845
f 516 531 540
f 149 178 166
f 3444 3468 3482
f 125 92 80
f 1243 111 363
f 1930 820 1906
f 1667 204 215
f 215 234 243
f 243 234 274
f 301 300 274
f 366 317 300
f 301 366 300
f 366 365 317
f 365 366 367
f 429 478 444
f 444 478 490
f 380 337 541
f 537 380 541
f 337 311 54
f 954 982 3017
f 618 73 598
f 465 358 310
f 1469 1986 1975
f 547 516 160
f 125 144 136
f 204 234 215
f 234 262 274
f 262 301 274
f 429 456 478
f 478 509 490
f 337 473 1308
f 1021 1050 1027
f 1181 1176 1193
f 195 43 201
f 1364 471 494
f 358 1300 310
f 1544 1774 1553
f 998 791 1143
f 582 31 80
f 81 125 80
f 144 173 1619
f 1667 1619 173
f 173 204 1667
f 301 332 366
f 332 368 366
f 366 368 367
f 368 398 429
f 367 368 429
f 398 456 429
f 478 502 509
f 473 337 380
f 1038 1044 1028
f 314 2356 360
f 346 902 359
f 1300 325 104
f 81 80 31
f 81 93 125
f 125 93 144
f 286 301 262
f 286 332 301
f 332 355 368
f 456 502 478
f 509 525 537
f 155 185 184
f 1102 950 1124
f 87 115 114
f 547 539 530
f 839 40 1300
f 358 839 1300
f 40 325 1300
f 291 845 264
f 1355 235 1236
f 1949 2089 1188
f 31 44 81
f 93 137 144
f 144 137 173
f 173 190 204
f 190 191 204
f 191 244 204
f 244 234 204
f 244 262 234
f 286 302 332
f 332 302 355
f 302 356 355
f 355 398 368
f 398 430 456
f 509 502 525
f 2656 2726 950
f 1975 1946 1469
f 1009 1102 1124
f 137 174 173
f 174 190 173
f 244 275 262
f 275 286 262
f 525 380 537
f 514 530 529
f 1218 104 18
f 36 45 44
f 45 81 44
f 126 137 93
f 191 251 244
f 356 369 355
f 355 369 398
f 369 409 398
f 409 430 398
f 430 445 456
f 445 502 456
f 445 491 502
f 502 491 525
f 73 89 65
f 40 295 325
f 1529 82 81
f 81 82 93
f 174 191 190
f 276 275 244
f 303 286 275
f 286 303 302
f 302 303 356
f 409 446 430
f 446 445 430
f 525 555 380
f 555 133 380
f 380 133 473
f 211 495 473
f 957 956 947
f 335 402 357
f 530 539 529
f 324 168 225
f 295 17 325
f 325 17 18
f 1135 3423 1047
f 382 451 470
f 82 126 93
f 145 174 137
f 251 276 244
f 276 303 275
f 333 377 369
f 356 333 369
f 369 387 409
f 457 491 445
f 265 473 133
f 265 211 473
f 130 140 115
f 245 257 222
f 18 17 1218
f 2296 1438 2309
f 127 137 126
f 127 145 137
f 205 251 191
f 333 356 303
f 341 377 333
f 369 377 387
f 446 457 445
f 17 550 1218
f 552 597 2
f 2060 2087 566
f 304 303 276
f 304 333 303
f 387 431 409
f 492 446 409
f 431 492 409
f 510 525 491
f 510 555 525
f 65 89 88
f 3400 3467 3402
f 436 437 450
f 17 552 550
f 929 1278 673
f 3445 3472 3465
f 82 1558 126
f 162 174 145
f 162 191 174
f 162 205 191
f 287 304 276
f 341 387 377
f 492 457 446
f 543 133 555
f 543 265 133
f 945 984 940
f 449 462 1334
f 515 530 514
f 179 258 185
f 1281 1403 324
f 1999 2009 2008
f 216 205 162
f 216 228 205
f 228 251 205
f 228 252 251
f 251 252 276
f 342 333 304
f 342 341 333
f 342 370 341
f 341 370 387
f 387 410 431
f 510 491 457
f 492 510 457
f 526 555 510
f 1181 1193 908
f 984 1002 983
f 1002 997 983
f 150 155 178
f 53 52 37
f 141 131 122
f 515 514 472
f 550 2 416
f 351 416 24
f 1164 1445 1418
f 1781 1812 3484
f 41 132 1366
f 112 127 126
f 146 145 127
f 146 162 145
f 252 287 276
f 287 342 304
f 388 410 387
f 1131 908 583
f 196 195 170
f 1749 1713 1714
f 2922 943 942
f 165 178 194
f 411 41 1421
f 1430 411 1421
f 163 216 162
f 253 228 216
f 253 252 228
f 287 305 342
f 305 370 342
f 388 387 370
f 399 410 388
f 410 432 431
f 431 432 492
f 479 510 492
f 479 526 510
f 543 555 526
f 669 762 1364
f 100 659 90
f 55 545 278
f 321 373 320
f 463 515 472
f 1975 1985 1945
f 146 127 112
f 163 162 146
f 163 206 216
f 206 253 216
f 253 217 252
f 287 1641 305
f 1641 1700 305
f 1179 3461 2662
f 1700 1572 305
f 1572 388 370
f 432 458 492
f 492 458 479
f 550 416 351
f 2462 2128 2063
f 287 252 1641
f 210 245 222
f 450 463 436
f 463 462 436
f 1951 1358 1136
f 154 411 1430
f 1386 102 1326
f 1204 1206 224
f 3451 3421 3472
f 399 400 410
f 410 400 432
f 1 543 526
f 1 25 543
f 25 292 543
f 1749 1748 1713
f 1748 1747 1713
f 2931 942 2932
f 166 165 148
f 390 414 435
f 982 973 3017
f 742 270 1442
f 1248 1083 1233
f 3471 3477 3428
f 1826 1827 1834
f 146 112 120
f 146 175 163
f 163 175 206
f 175 207 206
f 207 217 253
f 206 207 253
f 1907 1631 1612
f 3424 3448 3456
f 1355 1447 235
f 399 1587 400
f 459 479 458
f 2322 2101 2187
f 58 59 78
f 110 130 115
f 3201 3233 3436
f 1100 1161 3460
f 545 225 278
f 321 390 373
f 1401 154 1430
f 67 1531 1521
f 67 1561 1531
f 175 1660 207
f 20 268 507
f 1748 1776 1747
f 1451 20 1437
f 1221 1242 2172
f 2727 3448 3403
f 400 419 432
f 432 419 458
f 459 511 479
f 511 526 479
f 3406 3485 3421
f 2213 2273 2261
f 845 322 264
f 194 222 237
f 513 506 55
f 245 264 308
f 1748 1784 1776
f 48 60 47
f 60 1521 47
f 1497 48 1506
f 641 1891 2194
f 1433 1361 328
f 235 1447 1281
f 486 1446 1665
f 1784 1793 1776
f 1350 1361 1375
f 419 1644 458
f 1644 459 458
f 511 4 526
f 4 1 526
f 266 292 25
f 266 1325 292
f 27 623 338
f 90 76 100
f 514 529 528
f 60 67 1521
f 83 1561 67
f 83 96 95
f 1561 83 95
f 1591 1578 95
f 96 1591 95
f 932 119 1310
f 1255 268 1389
f 1353 1397 271
f 507 268 1255
f 1211 1233 1206
f 1587 419 400
f 503 511 459
f 309 266 25
f 1077 1085 1097
f 1074 549 1152
f 3136 76 90
f 122 130 110
f 1369 877 593
f 1060 1050 1077
f 60 83 67
f 2033 2084 2049
f 1956 1999 1974
f 350 11 452
f 1283 756 1272
f 459 447 503
f 309 25 1
f 4 309 1
f 238 210 184
f 2189 2124 2266
f 160 877 1369
f 257 245 308
f 528 123 538
f 49 60 48
f 60 84 83
f 84 96 83
f 106 1591 96
f 2120 347 1487
f 3473 1654 3406
f 1793 1819 1818
f 1594 1826 1817
f 2649 1939 2648
f 544 4 511
f 309 546 266
f 770 744 200
f 437 464 450
f 1280 546 132
f 49 61 60
f 61 84 60
f 97 96 84
f 97 106 96
f 2054 56 1959
f 1930 566 820
f 5 407 1369
f 447 1522 503
f 544 511 503
f 247 309 4
f 142 235 484
f 77 169 246
f 1175 1189 1156
f 153 159 170
f 159 196 170
f 1234 1310 606
f 1452 1451 1393
f 188 171 1431
f 566 2055 820
f 20 507 1437
f 1361 350 328
f 1765 1786 1764
f 1312 1235 1338
f 1522 480 503
f 480 512 503
f 512 544 503
f 544 247 4
f 361 546 309
f 609 755 241
f 1177 1183 1182
f 61 68 84
f 98 97 84
f 68 98 84
f 98 1593 106
f 97 98 106
f 106 1593 1592
f 1266 1350 1199
f 1685 1554 318
f 1523 1536 1275
f 361 309 247
f 1105 1138 1128
f 679 141 122
f 516 540 160
f 1641 252 217
f 1363 271 1226
f 1071 1828 1129
f 1517 254 263
f 263 277 1554
f 1393 1407 1342
f 1393 1451 1407
f 1648 493 480
f 493 512 480
f 16 544 512
f 239 361 247
f 1077 1050 1085
f 988 3425 3470
f 2649 2690 1939
f 1224 546 1280
f 827 845 291
f 258 827 291
f 49 62 61
f 62 68 61
f 68 85 98
f 98 107 1593
f 1397 135 271
f 1452 1393 2310
f 263 254 277
f 277 318 1554
f 319 1678 318
f 3403 3424 3420
f 493 481 512
f 481 16 512
f 14 247 544
f 3444 3482 3440
f 516 886 531
f 32 570 599
f 599 39 32
f 99 679 122
f 307 321 320
f 3432 3468 3444
f 170 201 158
f 98 85 107
f 2117 2377 2370
f 208 219 1517
f 219 254 1517
f 306 277 254
f 401 1678 319
f 401 389 1678
f 16 14 544
f 239 247 14
f 314 771 583
f 545 77 246
f 538 77 545
f 3485 3439 3472
f 170 158 152
f 737 3402 103
f 49 50 62
f 62 69 68
f 68 69 85
f 107 1600 1623
f 1600 164 1623
f 192 209 208
f 209 219 208
f 219 236 254
f 277 306 318
f 306 319 318
f 371 401 319
f 2087 1949 1188
f 3455 3430 3400
f 504 16 481
f 267 361 239
f 1128 1177 1147
f 124 152 101
f 335 345 402
f 85 108 107
f 1255 1389 1355
f 3469 3460 3475
f 1543 12 1414
f 3461 3463 3454
f 236 306 254
f 1523 1630 493
f 493 1630 481
f 267 239 14
f 267 1366 361
f 984 983 954
f 569 26 37
f 414 403 421
f 50 70 62
f 62 70 69
f 70 86 85
f 69 70 85
f 85 86 108
f 108 1600 107
f 763 990 672
f 197 209 192
f 176 197 192
f 197 220 209
f 220 219 209
f 220 221 219
f 221 236 219
f 334 319 306
f 334 371 319
f 378 401 371
f 908 1152 583
f 517 843 531
f 531 843 934
f 402 403 414
f 86 113 1600
f 108 86 1600
f 347 182 1487
f 197 221 220
f 236 289 306
f 289 334 306
f 378 412 401
f 3433 3457 3400
f 507 454 1437
f 527 16 504
f 14 16 527
f 1903 1098 1128
f 200 142 484
f 200 484 279
f 70 71 86
f 197 193 221
f 334 372 371
f 372 378 371
f 412 1275 401
f 1047 1083 1135
f 3482 3469 3475
f 293 14 527
f 293 267 14
f 293 168 267
f 168 75 267
f 75 1366 267
f 121 148 129
f 71 109 86
f 86 109 113
f 139 165 177
f 138 139 177
f 165 193 177
f 221 255 236
f 255 289 236
f 290 334 289
f 290 320 334
f 320 372 334
f 469 1630 460
f 1630 469 505
f 505 527 504
f 3470 3426 3423
f 985 1028 1002
f 50 51 70
f 70 51 71
f 109 129 113
f 113 129 138
f 1787 1778 1504
f 373 372 320
f 373 378 372
f 1044 1050 1021
f 1232 469 460
f 513 527 505
f 1074 1125 549
f 471 528 494
f 845 335 322
f 514 528 482
f 506 538 545
f 50 577 51
f 129 139 138
f 193 237 221
f 221 237 255
f 255 290 289
f 378 413 412
f 412 413 420
f 2740 2111 2430
f 56 1291 1959
f 196 712 195
f 193 194 237
f 256 290 255
f 390 413 378
f 3460 3419 3412
f 506 545 55
f 671 513 505
f 55 527 513
f 55 293 527
f 278 225 293
f 293 225 168
f 168 1403 75
f 1985 1999 1956
f 577 52 51
f 52 63 51
f 51 63 71
f 63 109 71
f 139 148 165
f 193 165 194
f 257 255 237
f 257 256 255
f 256 307 290
f 307 320 290
f 390 378 373
f 1944 1956 3364
f 55 278 293
f 420 434 1232
f 109 114 129
f 148 139 129
f 222 257 237
f 256 308 307
f 143 124 650
f 587 586 570
f 827 846 845
f 842 719 735
f 666 683 682
f 809 696 757
f 757 918 809
f 698 708 692
f 846 899 345
f 643 422 437
f 597 797 663
f 1176 1182 1193
f 2050 2033 2010
f 781 834 804
f 586 618 599
f 2735 2751 2691
f 640 639 603
f 723 710 705
f 1176 1177 1182
f 640 652 639
f 652 670 639
f 652 707 670
f 266 546 1224
f 1470 574 3376
f 2828 2800 2768
f 2612 2647 1880
f 785 828 816
f 599 618 598
f 3184 628 650
f 648 635 680
f 2776 2581 2028
f 590 90 638
f 124 101 650
f 1182 1194 1193
f 1147 1176 1137
f 2922 942 2931
f 1106 1087 1079
f 658 682 681
f 760 732 733
f 765 804 803
f 2193 2125 2253
f 2923 2262 2409
f 878 259 890
f 3448 3447 3434
f 988 3434 3425
f 599 598 39
f 804 827 803
f 796 617 672
f 927 887 878
f 887 259 878
f 627 649 588
f 983 997 992
f 3435 3419 3460
f 746 803 223
f 838 729 736
f 594 802 873
f 873 802 927
f 927 802 887
f 3484 3420 3431
f 582 595 567
f 692 708 179
f 3410 3443 3414
f 642 853 533
f 690 615 663
f 859 899 846
f 729 906 736
f 736 906 873
f 873 906 594
f 887 691 259
f 550 552 2
f 201 738 723
f 774 765 747
f 830 838 840
f 830 729 838
f 594 813 802
f 691 715 259
f 2581 2785 2028
f 911 935 684
f 738 750 723
f 738 751 750
f 751 807 750
f 779 615 832
f 517 531 886
f 830 840 3362
f 887 802 691
f 691 714 715
f 485 571 911
f 811 860 912
f 594 921 813
f 802 632 691
f 1803 2523 2512
f 911 684 884
f 953 1769 34
f 814 729 830
f 814 906 729
f 814 685 906
f 685 921 906
f 906 921 594
f 632 914 691
f 691 914 714
f 774 782 781
f 998 1067 1173
f 858 660 916
f 34 1769 2581
f 758 830 881
f 758 814 830
f 813 893 802
f 893 632 802
f 714 914 932
f 59 22 595
f 713 712 159
f 3452 3471 3428
f 610 858 852
f 773 837 610
f 765 774 781
f 921 740 813
f 632 896 914
f 3243 939 561
f 853 881 3307
f 864 814 758
f 740 893 813
f 893 711 632
f 896 855 914
f 914 855 932
f 672 612 842
f 651 639 670
f 709 702 665
f 807 749 710
f 778 752 644
f 868 647 622
f 2116 1085 1044
f 884 684 883
f 642 891 853
f 891 881 853
f 864 685 814
f 685 894 921
f 921 894 740
f 740 711 893
f 711 896 632
f 1005 1021 1015
f 1852 1169 1110
f 2892 2886 2896
f 883 684 630
f 925 604 617
f 675 796 672
f 3462 1189 1190
f 1050 1044 1085
f 854 685 864
f 854 894 685
f 711 676 896
f 932 726 119
f 754 779 809
f 649 627 666
f 3442 999 1099
f 580 611 600
f 2469 1004 994
f 891 831 881
f 831 758 881
f 758 930 864
f 930 854 864
f 894 706 740
f 706 907 740
f 740 907 711
f 867 855 896
f 676 867 896
f 932 855 726
f 2612 1880 2582
f 3482 3450 3469
f 381 675 1142
f 891 523 831
f 745 758 831
f 745 930 758
f 711 907 676
f 827 859 846
f 793 885 918
f 859 847 900
f 1024 1071 1129
f 684 872 630
f 767 784 732
f 886 483 933
f 796 381 904
f 553 745 831
f 930 661 854
f 854 823 894
f 823 780 894
f 780 706 894
f 855 562 726
f 2785 1690 2498
f 617 604 612
f 3458 1870 2798
f 630 872 837
f 828 817 849
f 900 847 643
f 613 877 934
f 904 925 617
f 745 901 930
f 661 823 854
f 677 676 907
f 920 721 855
f 867 920 855
f 855 721 562
f 2463 567 572
f 1192 1181 1131
f 3306 565 570
f 609 623 727
f 1021 1027 1015
f 842 874 719
f 1395 2067 1159
f 780 879 706
f 879 907 706
f 879 677 907
f 687 867 676
f 687 920 867
f 721 905 562
f 726 562 119
f 3462 3479 3442
f 672 842 724
f 837 872 610
f 767 775 795
f 619 626 648
f 901 661 930
f 687 676 677
f 575 576 50
f 595 22 572
f 567 595 572
f 2106 2103 1272
f 839 674 812
f 682 683 703
f 2116 2100 1085
f 731 759 766
f 915 821 584
f 1415 1153 1295
f 823 629 780
f 780 629 879
f 897 687 677
f 897 826 687
f 826 920 687
f 826 405 920
f 405 721 920
f 405 905 721
f 405 889 905
f 606 889 111
f 905 889 606
f 1107 2729 1111
f 689 707 652
f 610 872 811
f 3483 793 6
f 700 701 731
f 766 759 783
f 728 724 616
f 753 823 661
f 879 897 677
f 3463 3441 3454
f 346 847 805
f 212 2756 2150
f 848 815 795
f 763 724 728
f 3405 3479 3462
f 665 680 635
f 727 623 27
f 620 619 587
f 728 616 737
f 724 842 616
f 823 909 629
f 897 792 826
f 826 825 405
f 3255 3285 3284
f 563 573 567
f 997 1005 992
f 821 915 727
f 179 746 223
f 637 636 611
f 848 861 815
f 763 672 724
f 939 3199 961
f 158 201 723
f 1743 1842 1091
f 519 532 901
f 753 661 901
f 823 753 909
f 909 678 629
f 629 678 879
f 879 822 897
f 792 608 826
f 825 826 608
f 707 1059 718
f 916 613 934
f 766 783 782
f 600 587 578
f 702 701 693
f 579 600 578
f 2630 3413 3485
f 777 931 901
f 931 753 901
f 678 822 879
f 825 928 405
f 363 889 405
f 928 363 405
f 1022 1152 908
f 741 742 24
f 582 567 573
f 404 838 736
f 718 1059 1434
f 1037 1027 1069
f 665 702 693
f 680 665 693
f 737 616 880
f 3376 573 563
f 638 667 627
f 1114 913 972
f 991 1005 1015
f 561 580 579
f 882 902 346
f 874 584 829
f 770 200 634
f 3404 2713 3433
f 643 437 415
f 3458 3410 448
f 737 880 844
f 483 464 933
f 604 915 584
f 897 822 792
f 605 363 928
f 2511 2703 3426
f 574 582 573
f 3413 2630 2554
f 3005 3050 3016
f 717 748 761
f 774 766 782
f 338 270 27
f 580 600 579
f 1509 21 35
f 848 882 861
f 37 577 569
f 882 926 902
f 819 909 753
f 909 866 678
f 678 776 822
f 727 27 585
f 1315 1268 1242
f 507 1255 1246
f 404 2243 838
f 3478 3404 3433
f 1497 49 48
f 821 585 686
f 1116 904 381
f 703 761 733
f 700 731 766
f 683 704 717
f 643 359 422
f 604 584 612
f 926 644 596
f 644 517 886
f 777 922 931
f 819 753 931
f 922 819 931
f 819 866 909
f 822 1101 792
f 1101 833 608
f 792 1101 608
f 816 862 848
f 270 338 1442
f 863 485 911
f 935 811 872
f 659 667 638
f 803 827 223
f 852 934 843
f 734 773 752
f 596 644 886
f 795 784 767
f 922 777 54
f 866 764 678
f 743 776 678
f 618 619 648
f 612 874 842
f 821 727 585
f 844 880 793
f 915 604 868
f 664 679 648
f 913 1114 757
f 992 1005 991
f 748 787 761
f 829 663 615
f 751 788 807
f 805 815 346
f 788 818 807
f 786 785 768
f 882 903 926
f 861 882 346
f 588 580 960
f 601 649 637
f 637 649 658
f 922 695 819
f 695 764 866
f 819 695 866
f 764 743 678
f 618 648 625
f 862 835 903
f 313 810 1424
f 818 850 807
f 2015 2051 1136
f 2267 1690 2849
f 874 829 719
f 648 680 664
f 816 848 795
f 818 863 850
f 776 743 1337
f 669 671 762
f 596 933 423
f 849 870 835
f 580 588 601
f 851 630 734
f 916 654 613
f 2515 1030 1007
f 1025 1200 3481
f 922 923 695
f 49 1497 568
f 50 576 577
f 779 832 875
f 295 40 876
f 3445 1144 3451
f 2554 1669 2387
f 1809 2478 1810
f 749 787 748
f 3459 3449 3461
f 760 775 767
f 578 587 570
f 760 768 775
f 929 695 311
f 764 673 743
f 1337 743 1219
f 1387 338 623
f 849 883 870
f 1075 655 1099
f 3306 570 32
f 529 123 528
f 2947 2946 2403
f 667 666 627
f 604 1170 647
f 2944 2932 2392
f 806 871 884
f 565 561 579
f 815 861 346
f 768 760 733
f 673 764 695
f 2226 2299 1860
f 179 730 746
f 49 575 50
f 899 898 345
f 793 918 6
f 735 779 754
f 885 754 809
f 1279 1101 1337
f 2720 2691 2750
f 637 658 636
f 705 710 688
f 884 883 849
f 850 871 806
f 682 703 694
f 703 733 694
f 695 923 311
f 794 815 805
f 971 1996 1204
f 719 829 779
f 640 1026 652
f 648 679 625
f 586 587 619
f 570 579 578
f 805 847 834
f 1059 1379 1434
f 807 806 749
f 2679 2666 2651
f 705 688 668
f 1958 1265 1419
f 673 1278 743
f 743 1278 1219
f 1022 1074 1152
f 924 898 899
f 844 3474 3402
f 688 683 666
f 13 1694 12
f 1264 1272 756
f 885 880 616
f 709 694 733
f 847 359 643
f 2262 2443 2427
f 123 634 279
f 746 765 803
f 596 886 933
f 709 733 732
f 3426 3411 3423
f 1157 1181 1192
f 733 761 768
f 982 992 991
f 2163 2159 2222
f 787 786 761
f 787 817 786
f 1114 3427 6
f 585 772 597
f 772 741 597
f 3161 628 3184
f 1445 1164 818
f 700 766 747
f 880 885 793
f 2506 1806 1179
f 779 829 615
f 3194 3208 3207
f 863 818 1180
f 750 807 710
f 3330 1893 3293
f 839 876 40
f 991 1015 1001
f 1114 918 757
f 610 811 858
f 682 694 681
f 2131 1231 2141
f 616 754 885
f 1845 3480 3484
f 448 1116 381
f 616 735 754
f 735 719 779
f 670 713 159
f 1026 689 652
f 602 651 628
f 734 837 773
f 903 851 865
f 775 785 795
f 983 982 954
f 783 805 782
f 2128 3418 1867
f 804 859 827
f 670 707 713
f 768 785 775
f 141 698 692
f 1244 1143 791
f 791 1432 1244
f 1786 1787 1555
f 712 196 159
f 3455 3474 3483
f 2311 800 212
f 3482 3468 3450
f 1175 998 433
f 1631 1351 1335
f 2668 2387 1669
f 828 849 835
f 796 904 617
f 686 584 821
f 870 883 630
f 1137 1176 1181
f 26 569 560
f 935 1014 811
f 680 693 664
f 948 947 937
f 3453 3424 3456
f 1963 575 568
f 643 415 924
f 1248 1199 240
f 651 670 143
f 773 852 517
f 722 179 708
f 817 828 785
f 768 761 786
f 900 643 924
f 997 1021 1005
f 657 269 1432
f 1124 1175 433
f 963 1094 3438
f 845 846 345
f 585 27 772
f 316 469 1232
f 1445 818 788
f 638 589 590
f 1928 2672 2684
f 779 875 809
f 963 951 1094
f 603 980 640
f 791 657 1432
f 506 669 494
f 961 3169 3170
f 3404 2725 2629
f 1059 1068 1379
f 1182 1183 1194
f 806 817 787
f 590 589 961
f 586 619 618
f 99 625 679
f 969 1170 925
f 668 659 134
f 199 118 360
f 985 974 2468
f 158 723 705
f 3473 3421 3479
f 998 1173 433
f 710 704 688
f 899 900 924
f 900 899 859
f 143 670 159
f 863 871 850
f 786 817 785
f 704 749 748
f 2421 2403 955
f 699 730 722
f 698 699 722
f 910 791 1156
f 998 1156 791
f 624 657 791
f 2286 2186 2345
f 3208 3267 3228
f 710 749 704
f 651 650 628
f 847 859 804
f 834 847 804
f 1077 1096 1069
f 835 862 816
f 638 627 589
f 835 870 903
f 852 843 517
f 3454 2229 3401
f 816 828 835
f 586 599 570
f 910 624 791
f 624 614 798
f 657 624 798
f 523 553 831
f 597 416 2
f 1432 269 1420
f 1172 3381 575
f 806 884 849
f 585 597 739
f 659 668 667
f 765 781 804
f 2515 1042 1030
f 664 693 699
f 730 747 746
f 674 798 614
f 631 674 614
f 699 700 730
f 809 875 696
f 3381 576 575
f 756 755 856
f 851 778 865
f 806 849 817
f 911 571 935
f 929 673 695
f 668 688 667
f 1170 622 647
f 875 633 696
f 870 851 903
f 971 1047 1010
f 700 747 730
f 888 624 910
f 790 614 624
f 790 631 614
f 757 841 913
f 763 103 990
f 2386 1287 128
f 749 806 787
f 3170 590 961
f 588 649 601
f 1304 1440 1288
f 766 774 747
f 2211 2299 2226
f 926 778 644
f 916 934 852
f 423 902 596
f 1272 2103 1283
f 858 912 660
f 722 730 179
f 1014 860 811
f 681 694 709
f 1181 908 1131
f 2461 2478 2441
f 638 90 659
f 746 747 765
f 565 579 570
f 3431 3420 3453
f 655 910 1099
f 655 888 910
f 812 674 631
f 674 839 465
f 1148 1177 1138
f 885 809 918
f 604 647 868
f 795 785 816
f 686 585 739
f 999 1144 1075
f 760 767 732
f 1445 788 751
f 739 597 663
f 624 888 790
f 645 631 790
f 645 812 631
f 851 734 778
f 1148 1183 1177
f 3381 577 576
f 651 143 650
f 143 159 153
f 1192 1131 7
f 683 717 703
f 703 717 761
f 868 622 856
f 1066 1009 1124
f 658 681 636
f 784 794 783
f 752 517 644
f 870 630 851
f 1297 1077 1097
f 684 935 872
f 671 316 762
f 656 790 888
f 656 645 790
f 720 812 645
f 836 839 812
f 622 716 856
f 856 716 756
f 960 580 561
f 732 759 731
f 915 868 856
f 856 609 727
f 2756 2775 2150
f 811 912 858
f 2385 2422 2480
f 529 634 123
f 2446 974 964
f 895 1076 1183
f 888 655 656
f 656 720 645
f 720 836 812
f 876 839 836
f 895 1125 1076
f 3458 3429 1870
f 705 668 134
f 862 903 882
f 850 806 807
f 558 654 916
f 611 636 620
f 636 635 620
f 611 620 600
f 681 665 636
f 852 858 916
f 856 755 609
f 613 593 877
f 465 798 674
f 884 871 911
f 919 720 656
f 3381 564 577
f 782 805 834
f 927 878 873
f 580 601 611
f 702 709 701
f 709 732 701
f 732 784 759
f 865 778 926
f 2441 2478 1809
f 983 992 982
f 829 686 739
f 841 919 656
f 621 720 919
f 720 621 836
f 663 829 739
f 1835 1866 2060
f 17 797 552
f 564 3381 3351
f 66 78 59
f 634 200 279
f 1020 1191 497
f 1137 2163 2222
f 636 665 635
f 2063 2611 2462
f 630 837 734
f 1156 1162 799
f 913 656 655
f 913 841 656
f 892 876 836
f 737 103 728
f 1066 1124 433
f 750 710 723
f 732 731 701
f 620 635 626
f 784 783 759
f 707 718 713
f 601 637 611
f 358 465 839
f 957 976 956
f 679 699 698
f 589 588 961
f 871 863 911
f 935 571 1014
f 1144 655 1075
f 841 869 919
f 869 621 919
f 633 836 621
f 836 633 892
f 626 635 648
f 2511 2811 2703
f 3415 3468 3446
f 891 642 523
f 613 654 593
f 469 671 505
f 915 856 727
f 603 639 651
f 603 651 602
f 3253 3299 3281
f 696 621 869
f 696 633 621
f 797 295 876
f 892 797 876
f 2931 2932 2944
f 1335 1612 1631
f 3352 569 564
f 564 569 577
f 1934 3201 3415
f 1308 929 311
f 773 610 852
f 600 620 587
f 616 842 735
f 1152 314 583
f 865 926 903
f 688 666 667
f 1050 1060 1027
f 589 627 588
f 688 704 683
f 902 926 596
f 1434 712 718
f 832 892 633
f 295 797 17
f 3364 1956 1974
f 1248 1223 1266
f 1871 2767 2030
f 1227 1066 1109
f 404 3310 2243
f 693 700 699
f 784 795 794
f 619 620 626
f 416 597 741
f 701 700 693
f 704 748 717
f 597 552 797
f 1366 132 361
f 778 734 752
f 649 666 658
f 841 757 869
f 757 696 869
f 663 797 892
f 875 832 633
f 679 664 699
f 985 1002 974
f 698 722 708
f 773 517 752
f 795 815 794
f 612 584 874
f 783 794 805
f 681 709 665
f 862 882 848
f 617 612 672
f 2444 2428 2466
f 658 666 682
f 690 892 832
f 892 690 663
f 569 3352 3323
f 769 3220 1549
f 625 73 618
f 1347 755 1283
f 615 690 832
f 1095 1023 995
f 2013 2012 1987
f 2013 2026 2012
f 1707 1869 1494
f 230 1120 1151
f 1000 1019 3412
f 1000 995 1019
f 737 844 3402
f 1340 1339 118
f 3154 3177 3193
f 1765 1764 1750
f 1024 156 1299
f 1395 1140 2067
f 2057 508 1441
f 941 2948 946
f 1467 1459 3371
f 1813 1605 1819
f 3481 1000 3412
f 1828 1357 1930
f 995 936 1095
f 974 1002 984
f 1439 1613 1579
f 2000 1291 1938
f 1299 1305 1965
f 1965 1704 1739
f 3230 3273 3238
f 2313 2102 2298
f 1200 1000 3481
f 941 946 945
f 1200 936 1000
f 1704 1119 1951
f 995 1023 1019
f 3412 1019 1084
f 966 994 987
f 1090 1107 1089
f 1790 2258 1803
f 622 1170 951
f 1358 1119 2071
f 2240 2258 1768
f 1065 1070 1054
f 2071 19 2015
f 19 1548 2054
f 3228 3253 3178
f 1175 1156 998
f 2054 1548 2029
f 2818 2032 2184
f 2857 2841 2826
f 1896 1545 1691
f 1481 1715 1714
f 1705 1481 1714
f 1011 996 3443
f 1120 1160 1159
f 1169 2088 1110
f 2743 2729 1107
f 1084 1100 3460
f 1048 1191 1020
f 3207 3228 3178
f 2883 2884 2901
f 461 1359 1113
f 1169 2036 2088
f 1269 2000 1948
f 2647 1902 1880
f 1042 1053 1029
f 1198 1095 936
f 1011 1094 996
f 1080 1121 1088
f 1349 1373 241
f 1198 1199 1095
f 1030 1029 1017
f 3402 990 103
f 1244 1295 1153
f 1796 1962 1539
f 2336 949 2868
f 1100 1084 1056
f 1056 1023 962
f 971 1204 224
f 224 1083 1047
f 1122 1139 1150
f 1055 1054 2515
f 3177 3178 3206
f 1055 1065 1054
f 1116 3414 969
f 996 1170 969
f 2683 2712 2563
f 769 2014 1987
f 2000 2038 1948
f 2070 2083 2069
f 978 1154 895
f 3141 3164 3140
f 495 1308 473
f 1013 227 3464
f 2996 3045 3034
f 1185 2104 1184
f 1121 1122 1150
f 1121 1106 1088
f 2104 978 1184
f 2451 975 993
f 978 1033 1154
f 3330 3389 1927
f 1545 1896 1141
f 1019 1056 1084
f 2175 2340 2181
f 1200 1130 936
f 1130 1198 936
f 2399 2970 2981
f 2241 2196 2195
f 2798 3410 3458
f 3457 3429 3467
f 2052 1783 1269
f 1783 2052 2051
f 1227 1009 1066
f 1555 1794 1785
f 1743 1071 1197
f 2595 2613 2612
f 1133 1754 362
f 1064 1088 1063
f 1088 1079 1063
f 1220 1291 56
f 3118 3141 3058
f 3267 3299 3253
f 2187 2213 2251
f 1761 1533 1762
f 2008 2048 2024
f 1359 1727 180
f 2387 2633 3404
f 1328 1288 1270
f 1866 2052 2060
f 1776 1775 1763
f 2613 2649 2612
f 1013 1161 1020
f 986 993 975
f 2120 2637 2445
f 1735 1747 1741
f 1008 2340 2175
f 1842 1357 1091
f 2167 2158 2266
f 1106 1121 1150
f 1828 1045 1129
f 1440 1061 1394
f 1196 1267 1754
f 1267 1359 1754
f 1064 1063 1053
f 1357 1835 1930
f 1250 1395 1104
f 2487 3438 3417
f 1250 3327 1395
f 2754 1982 2806
f 1302 1804 2017
f 2369 2368 2869
f 833 825 608
f 1200 1025 1130
f 2673 1107 1090
f 1010 1047 697
f 551 1305 156
f 1079 1087 1086
f 2087 2060 1948
f 1017 1029 1006
f 1818 1597 1589
f 2673 1090 2622
f 1080 1088 1064
f 588 960 961
f 1027 1037 1015
f 381 796 675
f 990 3407 675
f 1088 1106 1079
f 3180 3229 3179
f 956 965 955
f 1589 1595 1582
f 1170 604 925
f 1358 2015 1136
f 1004 1017 1006
f 1835 566 1930
f 994 1004 987
f 2086 1599 19
f 1161 1048 1020
f 2112 1272 1264
f 969 977 996
f 3475 1161 1013
f 1835 2060 566
f 956 975 965
f 1440 1394 1270
f 1053 1052 1041
f 966 987 957
f 948 966 957
f 1094 1170 996
f 2012 2011 3147
f 1106 1150 1149
f 3219 939 3243
f 3253 3227 3206
f 1133 1196 1754
f 1938 1958 2038
f 968 1129 1045
f 1052 1086 1051
f 1061 226 1394
f 1185 1184 1178
f 1739 1743 1197
f 2012 2025 2011
f 1774 1582 1553
f 1001 1015 1037
f 2253 2125 2821
f 1042 1064 1053
f 1004 1006 986
f 808 1196 1133
f 641 2194 646
f 1016 2514 2490
f 1828 1906 1045
f 1053 1041 1016
f 1006 1016 993
f 986 1006 993
f 947 956 955
f 3427 857 3455
f 1108 1198 1130
f 240 1199 1198
f 1108 240 1198
f 3034 3033 3010
f 2215 2207 2345
f 1139 1166 1165
f 1166 1185 1165
f 3182 3214 3181
f 2207 2215 2246
f 939 961 960
f 3428 3481 3412
f 987 976 957
f 1887 2138 1429
f 1761 1762 1772
f 956 986 975
f 3365 1944 3364
f 3414 977 969
f 3407 1142 675
f 1019 1023 1056
f 3347 3317 3356
f 3456 1130 3453
f 2869 2368 2867
f 1891 2324 2191
f 1464 1482 1481
f 2578 1839 2544
f 1966 2328 2271
f 3425 3426 3470
f 641 646 824
f 1016 1041 2514
f 844 793 3483
f 1674 3309 1649
f 2382 967 949
f 2340 2303 2181
f 2867 2368 2367
f 1267 1727 1359
f 1100 1048 1161
f 1147 1137 2222
f 933 464 423
f 2340 2099 2303
f 1073 240 1108
f 1369 407 744
f 1595 1589 1596
f 1087 1105 1086
f 1776 1763 1741
f 1195 895 1183
f 549 641 824
f 1149 1195 1148
f 1079 1086 1052
f 3179 3209 3194
f 1087 1106 1149
f 1100 962 1048
f 2071 2086 19
f 1882 1862 3259
f 1049 1130 3456
f 1049 1108 1130
f 1391 1164 1418
f 1078 2067 1196
f 962 1023 23
f 1828 1930 1906
f 1086 1062 1051
f 1763 1774 1544
f 1049 1073 1108
f 2366 2867 2367
f 1111 2729 1122
f 2729 1166 1139
f 2866 2874 2865
f 3471 3466 3476
f 2303 2292 2105
f 1138 1149 1148
f 1894 1487 2855
f 1013 1020 227
f 1020 497 227
f 1150 1165 1149
f 1139 1165 1150
f 799 910 1156
f 134 659 100
f 2896 2919 2929
f 3357 3317 3299
f 1781 3484 3466
f 2729 1139 1122
f 3469 3435 3460
f 1817 1816 1792
f 947 955 943
f 3477 1025 3481
f 3457 3467 3400
f 947 943 937
f 971 224 1047
f 1184 978 895
f 1724 1714 1715
f 1184 895 1195
f 1007 1017 2469
f 1007 1030 1017
f 948 957 947
f 1724 1749 1714
f 1582 1818 1589
f 1749 1777 1748
f 1777 1784 1748
f 1040 1052 1046
f 1111 1122 1121
f 2940 2975 2939
f 1794 1793 1784
f 3208 3228 3207
f 1016 2490 993
f 1754 461 362
f 1086 1105 1062
f 2335 1860 2861
f 2300 2157 1973
f 1089 1111 1080
f 988 1049 3456
f 1440 1270 1288
f 1196 2067 1267
f 1054 1064 1042
f 987 986 976
f 1195 1183 1148
f 1178 1184 1195
f 1793 1794 1819
f 1747 1776 1741
f 2000 1938 2038
f 1052 1051 1046
f 1657 1837 1884
f 2729 2789 1166
f 1049 988 1073
f 1073 1083 240
f 1878 2036 1169
f 1270 1394 1134
f 978 2104 1033
f 1185 1178 1165
f 226 1196 808
f 955 965 2421
f 1276 1241 1212
f 2233 2217 2179
f 949 944 2887
f 937 943 2922
f 955 2403 943
f 1060 1077 1069
f 895 1154 1125
f 1105 1087 1138
f 1063 1079 1052
f 2365 2336 2868
f 3350 3359 3349
f 917 1141 1258
f 2052 1269 1948
f 1775 1818 1582
f 763 728 103
f 655 1144 913
f 605 928 833
f 936 995 1000
f 2469 1017 1004
f 1878 1896 1691
f 1070 1080 1064
f 958 966 948
f 565 3243 561
f 1633 1787 653
f 847 346 359
f 312 860 1014
f 2769 2828 2768
f 987 1004 986
f 1743 1091 1071
f 1080 1111 1121
f 1164 1192 7
f 949 2887 2868
f 1144 972 913
f 1557 2034 2026
f 2440 2461 2441
f 2406 2160 2461
f 1054 1070 1064
f 2365 2373 2336
f 958 948 944
f 1114 3445 857
f 713 718 712
f 312 1014 571
f 2828 2827 2800
f 910 799 1099
f 949 958 944
f 3467 3458 3408
f 1101 1103 833
f 1018 605 833
f 605 1018 1153
f 2249 2280 2219
f 1006 1029 1016
f 1178 1195 1149
f 1165 1178 1149
f 1087 1149 1138
f 1029 1053 1016
f 2453 994 966
f 1180 485 863
f 3416 3409 3435
f 6 918 1114
f 982 991 973
f 2366 2373 2365
f 1099 799 3442
f 2453 2469 994
f 1103 1018 833
f 1051 2293 2561
f 2657 963 3438
f 1053 1063 1052
f 3017 940 954
f 485 349 571
f 349 312 571
f 2310 1393 1342
f 433 1173 1115
f 3439 3413 3478
f 3456 3434 988
f 1146 1103 1101
f 1062 1105 1098
f 1741 1526 1735
f 988 1135 1073
f 3160 76 3136
f 1041 1052 1040
f 976 986 956
f 1056 962 1100
f 448 3414 1116
f 1164 1180 818
f 801 860 312
f 1154 549 1125
f 3045 3058 3034
f 1146 1101 1279
f 1018 1058 1153
f 1028 1044 997
f 1030 1042 1029
f 1067 998 1143
f 2014 2013 1987
f 7 485 1180
f 549 824 2356
f 3452 3409 3436
f 1018 1103 1058
f 2145 2131 2141
f 960 561 939
f 640 1001 1026
f 1059 689 1068
f 967 966 958
f 2860 2862 2334
f 2633 2853 3404
f 692 131 141
f 7 1180 1164
f 1036 349 485
f 1135 1083 1073
f 981 1001 640
f 980 981 640
f 1037 1068 689
f 2946 2945 2403
f 967 2453 966
f 1131 485 7
f 313 312 349
f 374 313 349
f 313 801 312
f 2478 2196 1789
f 949 967 958
f 583 1036 1131
f 1115 1146 1279
f 1067 1103 1146
f 1103 1067 1058
f 1026 1037 689
f 1135 3470 3423
f 1131 1036 485
f 1036 374 349
f 583 374 1036
f 973 991 981
f 1027 1060 1069
f 810 313 374
f 825 833 928
f 945 964 984
f 1115 1173 1146
f 1173 1067 1146
f 1143 1244 1058
f 118 424 1340
f 973 981 980
f 3112 973 980
f 1001 1037 1026
f 1037 1069 1068
f 1096 1379 1068
f 2011 2025 1986
f 351 249 1218
f 1370 1353 1382
f 2857 2856 2841
f 34 1894 953
f 1069 1096 1068
f 1493 1480 1713
f 1076 1074 1022
f 1067 1143 1058
f 981 991 1001
f 1360 1422 393
f 1317 1363 1216
f 1363 1228 1216
f 1370 1397 1353
f 497 189 1221
f 1239 1223 1211
f 1201 1206 1204
f 1277 288 135
f 1332 30 1229
f 1239 1241 1240
f 1206 1233 1083
f 1268 8 2147
f 3415 3201 3436
f 1469 2011 1986
f 1362 1351 1414
f 1945 1956 1944
f 1289 1844 1704
f 3429 3458 3467
f 1077 1297 1096
f 562 905 119
f 1390 1434 1379
f 3418 1010 697
f 101 91 3184
f 1247 1264 716
f 47 1473 1506
f 1096 1297 1354
f 1354 1390 1379
f 1416 1434 1390
f 1297 1322 1354
f 1576 1590 1618
f 1298 1322 1297
f 1354 1322 1390
f 1390 1435 1416
f 466 498 281
f 10 466 281
f 1298 1297 1097
f 1322 1435 1390
f 1416 1435 1230
f 1320 1321 327
f 1423 1238 1333
f 1365 1322 1298
f 1322 1365 1435
f 1323 1365 1298
f 1435 1444 1230
f 1230 1444 43
f 1230 195 712
f 1419 1382 393
f 164 1661 1623
f 1380 1365 1323
f 1365 1380 1435
f 1417 1444 1435
f 218 751 43
f 1238 1109 1333
f 1091 1357 1828
f 1380 1417 1435
f 218 1444 1417
f 218 43 1444
f 411 323 41
f 1220 1277 1397
f 1786 1785 1764
f 1324 1380 1323
f 1380 1402 1417
f 1418 218 1417
f 1402 1418 1417
f 1418 1445 218
f 343 1438 2296
f 1571 1653 1404
f 1404 1311 1312
f 1397 1277 135
f 1750 1742 1724
f 1169 1852 1988
f 1380 1324 1402
f 413 434 420
f 1235 1388 1338
f 497 1221 2172
f 1716 1750 1724
f 3336 3337 3335
f 1159 2067 1078
f 1323 2110 1324
f 2163 1391 1324
f 1324 1391 1402
f 1402 1391 1418
f 1371 1009 1227
f 1415 363 1153
f 3450 3416 3435
f 1159 1078 1151
f 2163 1157 1391
f 2360 559 188
f 776 1337 822
f 1375 1225 23
f 2163 1137 1157
f 1258 1141 1123
f 1225 296 23
f 3203 3327 1250
f 1225 203 296
f 522 533 853
f 1400 1257 1374
f 1363 1353 271
f 171 1332 1431
f 227 497 161
f 771 1339 810
f 1310 1331 486
f 1284 1356 1336
f 1213 1211 1207
f 1204 2347 1201
f 801 406 860
f 1345 1384 1388
f 3484 3431 3466
f 498 280 440
f 1663 1627 1708
f 2359 1202 42
f 1256 1273 1223
f 42 1284 559
f 180 1024 1129
f 1356 315 30
f 1655 1453 2695
f 1714 1713 1480
f 2653 2679 2652
f 1288 1186 1304
f 1202 1284 42
f 42 559 33
f 111 1374 1249
f 1101 822 1337
f 1083 1248 240
f 2359 33 1112
f 1274 1663 1855
f 1234 1377 1331
f 1285 1362 1318
f 1356 1423 1405
f 1423 1282 1405
f 1214 1252 425
f 1252 1423 425
f 1268 1383 8
f 1123 1305 551
f 104 1217 1300
f 1377 1446 1331
f 2025 2050 2010
f 1208 1213 1207
f 1388 1367 1295
f 1282 1263 1405
f 315 1356 1405
f 963 2141 951
f 203 1320 326
f 1257 1377 1234
f 1159 1151 1120
f 1320 1672 1321
f 9 75 1403
f 3478 3433 3430
f 1265 1382 1419
f 1265 1370 1382
f 1423 1333 1346
f 1331 1446 486
f 497 2172 161
f 2054 2029 56
f 1220 1397 1370
f 1265 1220 1370
f 1207 1206 1201
f 1222 310 1571
f 1277 2029 288
f 281 498 440
f 1214 1238 1252
f 1305 1289 1965
f 1346 1333 1219
f 1226 135 466
f 1228 10 1260
f 1398 1387 1373
f 1109 1115 1333
f 2305 1208 1207
f 1289 1704 1965
f 1381 1405 1292
f 260 499 1218
f 1525 11 12
f 1296 1335 1285
f 546 361 132
f 1296 1612 1335
f 338 1387 1398
f 1293 435 421
f 1336 1356 30
f 950 3462 1190
f 1292 929 1308
f 1527 1766 1518
f 1375 1433 1225
f 1411 1345 1235
f 1249 1257 1234
f 1227 1109 1238
f 2796 2040 2839
f 3435 3409 3419
f 1315 327 1268
f 324 169 1281
f 1317 1353 1363
f 1311 1411 1235
f 425 1423 1356
f 1191 189 497
f 1345 1388 1235
f 1284 1336 559
f 33 559 2360
f 42 33 2359
f 2140 1847 2739
f 1317 1216 1319
f 1384 1319 1400
f 452 1320 203
f 1400 1319 1257
f 1413 2057 1443
f 105 296 1191
f 1367 1374 111
f 1318 1362 1361
f 1420 1338 1432
f 1192 1391 1157
f 11 1538 1672
f 189 1315 1221
f 1947 1946 1928
f 1284 425 1356
f 1332 1336 30
f 742 772 270
f 1283 755 756
f 2137 29 1429
f 30 315 1209
f 1381 495 1294
f 1336 171 559
f 1852 2071 1119
f 2050 2034 2084
f 1119 1358 1951
f 860 406 912
f 1443 249 351
f 1381 1292 1308
f 3464 227 3463
f 315 1381 1209
f 315 1405 1381
f 2637 2776 2445
f 716 622 1247
f 3 1309 498
f 1207 1211 1206
f 1328 1270 1251
f 2905 2942 2920
f 8 1353 1237
f 1693 2029 1548
f 2308 1202 2359
f 1231 2131 1247
f 1320 452 11
f 2726 3462 950
f 1260 10 281
f 3051 3005 940
f 1346 1263 1282
f 1405 1263 1292
f 439 211 265
f 313 1424 406
f 496 912 406
f 1205 1214 2308
f 499 1217 104
f 1234 1331 1310
f 1216 1228 1260
f 1404 28 1311
f 1527 1778 1766
f 1209 1294 1290
f 141 679 698
f 1381 1308 495
f 623 609 1387
f 3459 3422 3449
f 1221 1315 1242
f 1225 328 203
f 771 118 1339
f 2257 1371 1205
f 1363 1226 1228
f 1842 1136 1866
f 1245 28 1404
f 28 1411 1311
f 1384 1317 1319
f 1320 11 1672
f 1317 1384 1345
f 1855 1612 1274
f 1631 1907 2073
f 751 218 1445
f 1424 1448 406
f 406 1448 496
f 1265 1938 1220
f 1938 1291 1220
f 1237 1317 1411
f 336 912 496
f 336 660 912
f 1523 1275 1232
f 1346 1219 1278
f 1263 1346 1278
f 2141 1231 951
f 1371 1227 1238
f 1317 1345 1411
f 1239 1256 1223
f 1353 1317 1237
f 1374 1257 1249
f 1220 56 1277
f 1285 1335 1362
f 1338 1388 1295
f 2084 1186 725
f 466 135 3
f 28 29 1411
f 1285 1273 1256
f 407 142 744
f 558 660 336
f 1263 1278 1292
f 1278 929 1292
f 1766 1765 1750
f 2360 188 2361
f 1398 1442 338
f 1048 962 105
f 29 1237 1411
f 1429 29 28
f 1257 1260 1377
f 1420 1312 1338
f 2464 2487 3417
f 1306 1258 46
f 558 916 660
f 1340 1425 1339
f 1424 1425 1448
f 1448 94 496
f 1423 1346 1282
f 297 1229 1209
f 1431 1332 1229
f 125 1584 92
f 1240 1296 1256
f 1713 1735 1493
f 1239 1240 1256
f 2769 2734 1939
f 1339 1425 1424
f 496 94 336
f 559 171 188
f 1211 1223 1233
f 1328 1251 2083
f 281 440 1446
f 1095 1350 1375
f 1804 1340 424
f 1425 94 1448
f 1362 1414 1399
f 1214 425 1284
f 1273 1285 1318
f 495 211 1294
f 1319 1216 1257
f 328 1225 1433
f 248 558 336
f 248 654 558
f 3444 1977 3432
f 1214 1284 1202
f 1226 271 135
f 1252 1238 1423
f 1276 1627 1241
f 328 452 203
f 1340 1426 1425
f 1425 1426 94
f 1426 1449 94
f 94 183 336
f 1296 1274 1612
f 1249 1234 606
f 1260 281 1377
f 1257 1216 1260
f 3146 603 602
f 1302 1340 1804
f 1340 1302 1426
f 248 336 183
f 296 189 1191
f 606 119 905
f 3454 1677 3461
f 1449 183 94
f 1412 654 248
f 326 1315 189
f 1214 1202 2308
f 1229 30 1209
f 119 606 1310
f 1208 2305 1082
f 188 2325 2361
f 1645 1648 1522
f 1295 1367 1415
f 389 1275 1647
f 1817 1826 1816
f 1826 1833 1816
f 1446 440 1665
f 1048 105 1191
f 1205 1371 1214
f 1333 1279 1337
f 979 575 1963
f 1367 1388 1374
f 249 260 1218
f 24 742 1442
f 1226 466 10
f 1415 1367 1243
f 1367 111 1243
f 1264 756 716
f 2464 3417 3410
f 1361 1362 1399
f 1371 2257 1009
f 1697 1641 217
f 736 873 404
f 1249 606 111
f 1095 1199 1350
f 1359 968 1113
f 1302 1406 1426
f 1426 1406 1449
f 183 392 248
f 392 1412 248
f 1372 593 1412
f 1429 28 1245
f 1334 1392 1293
f 169 484 1281
f 1998 1999 2008
f 3467 3407 3402
f 1406 1427 1449
f 1192 1164 1391
f 923 922 54
f 1364 1334 471
f 1334 1364 1392
f 466 3 498
f 3447 3425 3434
f 1974 1999 1998
f 1302 2043 1406
f 1412 1376 1372
f 1372 5 1369
f 1293 1392 434
f 3310 438 1649
f 1377 281 1446
f 461 1754 1359
f 1449 1427 183
f 392 1376 1412
f 1376 5 1372
f 593 654 1412
f 413 435 434
f 2713 3429 3457
f 1761 1514 1533
f 521 1376 392
f 1431 1229 297
f 1374 1384 1400
f 1364 762 1392
f 3448 3437 3447
f 1321 1360 327
f 326 1320 327
f 1398 1413 1442
f 2043 1341 1406
f 1406 1341 1427
f 1427 1450 183
f 520 392 183
f 520 521 392
f 470 188 1431
f 270 772 27
f 1392 1232 434
f 9 1403 1326
f 1241 1663 1240
f 1785 1786 1555
f 203 326 296
f 24 416 741
f 2070 1328 2083
f 183 1450 520
f 1236 5 1376
f 1236 407 5
f 1214 1371 1238
f 762 316 1392
f 2048 2049 2070
f 1246 1376 521
f 1442 1443 24
f 316 1232 1392
f 1373 1349 1918
f 23 296 105
f 1484 1736 1458
f 1949 2038 1958
f 2085 1949 1958
f 1341 2353 1342
f 520 1246 521
f 1378 1376 1246
f 1378 1236 1376
f 420 1275 412
f 23 105 962
f 1361 1433 1375
f 1949 2085 2089
f 968 1045 1307
f 3129 3139 3154
f 1342 1407 1341
f 1407 1427 1341
f 1407 1437 1427
f 1450 454 520
f 454 1246 520
f 1236 142 407
f 1443 1441 249
f 1469 3341 3147
f 1023 1375 23
f 1247 622 1231
f 1232 1275 420
f 1443 351 24
f 1689 2849 2785
f 938 944 948
f 1437 1450 1427
f 1308 311 337
f 857 3465 3430
f 1335 1351 1362
f 1279 1333 1115
f 350 452 328
f 1209 1381 1294
f 1307 1045 1906
f 2087 1188 2055
f 2835 2253 2821
f 1437 454 1450
f 1255 1355 1378
f 1246 1255 1378
f 1236 235 142
f 3464 3463 3449
f 1240 1663 1296
f 1507 1688 1620
f 1228 1226 10
f 1369 593 1372
f 1296 1663 1274
f 2853 213 2577
f 3388 1928 1944
f 2849 1690 2785
f 2690 2769 1939
f 1378 1355 1236
f 1179 3459 3461
f 1945 1985 1956
f 1213 1241 1239
f 1571 1404 1420
f 104 325 18
f 2008 2009 2048
f 2009 2049 2048
f 1451 1437 1407
f 1591 1592 1621
f 1560 1569 1559
f 1696 1517 1681
f 1622 1607 1661
f 1639 1678 389
f 1570 1578 1577
f 1602 1615 1562
f 1485 1509 1484
f 120 112 1577
f 1688 394 1620
f 1360 1321 1583
f 1472 1473 1496
f 1612 1855 1907
f 481 1630 504
f 1529 1558 82
f 2702 2746 2765
f 3430 3433 3400
f 1524 1898 1691
f 1685 1551 1651
f 1592 1622 1621
f 439 265 1325
f 1659 1639 1647
f 147 175 146
f 1644 1645 447
f 3411 3418 3423
f 1459 1484 1466
f 1621 1622 1660
f 2668 213 2633
f 3416 3436 3409
f 294 181 438
f 2629 3429 2713
f 2726 3405 3462
f 2631 2151 2657
f 1351 1631 2073
f 318 1678 1685
f 2652 2679 2651
f 2619 2654 2618
f 1505 1521 1531
f 1556 1576 1555
f 574 44 31
f 1576 1584 1590
f 1316 1349 1348
f 1692 1664 1580
f 1510 1884 1837
f 1527 1504 1778
f 1606 1619 1636
f 2452 1746 2385
f 1676 1692 1697
f 1803 2258 2499
f 1587 1564 1644
f 553 519 901
f 2969 2947 2402
f 147 1621 175
f 1570 95 1578
f 1707 1494 260
f 12 1543 13
f 2569 2612 2582
f 31 582 574
f 3449 3463 3461
f 339 396 1698
f 2577 2728 2379
f 1694 1525 12
f 2746 2796 2765
f 1475 1474 1673
f 146 120 1586
f 106 1592 1591
f 1577 1578 1586
f 1189 3462 3442
f 1876 508 2740
f 1486 1520 1537
f 1591 1621 147
f 1525 1694 1931
f 1566 1525 1931
f 1554 1685 1664
f 1551 1701 1651
f 1697 1692 1580
f 1869 1581 1494
f 1537 1560 1559
f 1460 1471 1486
f 370 305 1572
f 2917 2936 2916
f 1538 1566 1868
f 11 1525 1566
f 1538 11 1566
f 1661 1695 1671
f 574 1470 36
f 1530 1537 1520
f 1505 1520 1495
f 2662 2506 1179
f 1563 1701 388
f 339 1698 1601
f 3360 339 1601
f 1547 1538 1868
f 3476 3431 1025
f 3407 990 3402
f 1467 21 1485
f 1485 21 1509
f 1559 1529 1537
f 1580 1563 1572
f 35 57 1527
f 1651 1701 1563
f 1636 3353 2778
f 3419 3428 3412
f 1506 48 47
f 1618 1590 1606
f 1606 1636 2778
f 207 1652 217
f 175 1621 1660
f 1505 1530 1520
f 1819 1605 1604
f 3478 3430 3465
f 2967 2979 2955
f 1505 1495 1496
f 1217 499 1581
f 2739 2668 1669
f 138 177 1600
f 1564 1645 1644
f 603 3112 980
f 2128 1010 3418
f 1605 1626 1616
f 1597 1819 1604
f 1604 1605 1616
f 2885 2884 2874
f 2946 2955 2945
f 1838 2696 1848
f 1697 1700 1641
f 3467 3408 3407
f 1486 1537 1511
f 1618 1606 172
f 2524 2556 2555
f 1676 1696 1681
f 1309 288 1693
f 1592 1593 1607
f 1701 1551 1659
f 113 138 1600
f 1618 172 1617
f 672 990 675
f 1583 1547 1773
f 1583 1672 1547
f 1674 1649 1684
f 3140 3155 3139
f 1700 1580 1572
f 3376 574 573
f 125 136 1584
f 1659 1645 1564
f 2668 1575 213
f 263 1664 1692
f 1659 1564 1701
f 3199 3169 961
f 3442 3479 999
f 399 388 1587
f 172 3366 1617
f 1458 1736 1483
f 1636 1619 1667
f 1591 1586 1578
f 1467 1468 21
f 1561 1560 1530
f 401 1275 389
f 396 394 1698
f 2420 2947 2431
f 1662 1665 1541
f 3233 3452 3436
f 1963 568 1475
f 117 441 1528
f 1684 1649 181
f 44 574 36
f 1697 1580 1700
f 164 192 1661
f 460 1523 1232
f 1507 1620 1542
f 1563 388 1572
f 117 1528 1624
f 1667 3245 1636
f 1625 1616 1626
f 1537 45 1511
f 1569 1558 1559
f 1698 1635 1601
f 1458 1465 3344
f 3405 3473 3479
f 1591 147 1586
f 1675 1565 1638
f 2585 1677 556
f 628 3161 602
f 1647 1645 1659
f 1609 1624 1528
f 1624 1609 1638
f 3173 1626 3366
f 1660 1622 1671
f 1569 1577 1558
f 207 1671 1652
f 1778 1786 1765
f 192 1695 1661
f 1660 1671 207
f 1475 1497 1474
f 1517 1696 1695
f 2739 1575 2668
f 2385 2480 2452
f 1684 1565 1668
f 2777 2553 2742
f 1596 1597 1603
f 2562 2397 2506
f 3443 977 3414
f 1554 1664 263
f 560 569 3323
f 1500 2419 3083
f 1893 3330 1913
f 2767 1871 2511
f 1537 1529 45
f 2776 2028 1012
f 1634 1638 1568
f 1577 1586 120
f 1541 1665 280
f 1601 1635 1573
f 1668 1675 3361
f 116 1638 1565
f 1576 1556 1584
f 1499 1662 1658
f 1698 1688 1635
f 1477 1500 3083
f 1505 1531 1530
f 1862 2655 2620
f 1303 3446 3432
f 2915 2983 2908
f 181 116 1565
f 712 1434 1230
f 2524 2523 2500
f 2811 1253 2816
f 3411 2703 2816
f 563 2463 3393
f 2708 2691 2720
f 1663 1241 1627
f 1664 1651 1580
f 2501 2524 2500
f 177 164 1600
f 3113 1477 3083
f 1490 1500 1477
f 1491 1490 1477
f 1490 1733 1500
f 1651 1563 1580
f 1560 1561 95
f 475 500 1650
f 1457 1464 1456
f 1460 3356 3317
f 1471 1496 1495
f 2811 2816 2703
f 1474 1497 1506
f 3249 1540 1573
f 1609 1528 1499
f 2523 1803 2499
f 2838 1899 1807
f 1671 1676 1652
f 1484 1458 1466
f 1623 1661 1607
f 1477 3113 1491
f 1486 1511 1470
f 2773 2813 2755
f 2524 2545 2556
f 1675 1638 1634
f 1496 1521 1505
f 1040 2514 1041
f 1604 1616 1603
f 1597 1604 1603
f 1616 1625 1615
f 1616 1615 1603
f 1571 1217 1539
f 208 1695 192
f 1638 1609 1568
f 2556 2545 2595
f 1507 1542 475
f 217 1652 1697
f 136 1619 1584
f 1492 1491 1461
f 1508 1490 1491
f 1492 1508 1491
f 1723 2419 1500
f 2512 2523 2537
f 2846 1883 2829
f 1528 391 1662
f 3139 3178 3177
f 1508 1514 1513
f 1685 1651 1664
f 1385 2074 1330
f 1325 265 543
f 1464 1463 1456
f 1528 1662 1499
f 1603 1615 1602
f 1685 1678 1551
f 1688 1507 1635
f 1503 1507 475
f 3403 3448 3424
f 2613 2664 2649
f 181 1565 1684
f 2855 1487 182
f 1668 1565 1675
f 2555 2544 2537
f 1573 1635 1519
f 925 904 969
f 1613 1439 1687
f 1746 2530 2385
f 263 1692 1681
f 2499 2500 2523
f 3344 1465 1457
f 1456 3296 1457
f 2668 2633 2387
f 1499 1670 1609
f 2664 2690 2649
f 3315 3345 1466
f 1492 1515 1508
f 1515 1514 1508
f 1513 1514 1761
f 2523 2555 2537
f 1605 1617 1626
f 1535 1544 1553
f 1557 1550 1687
f 1486 1470 1460
f 1716 1483 1750
f 3451 1144 999
f 1701 1587 388
f 1630 1523 460
f 1465 1464 1457
f 1599 1548 19
f 1544 1535 1741
f 1647 1275 1536
f 1537 1530 1560
f 1622 1661 1671
f 1471 1495 1486
f 288 1309 3
f 2013 1550 1557
f 1550 1640 1687
f 1640 1613 1687
f 394 1688 1698
f 1569 1570 1577
f 1583 1321 1672
f 480 1522 1648
f 1483 1716 1482
f 1465 1482 1464
f 144 1619 136
f 1499 1658 1670
f 1658 1662 1541
f 2463 572 1468
f 1492 1461 1515
f 1587 1644 419
f 1584 1619 1590
f 1590 1619 1606
f 116 1624 1638
f 3417 1011 3443
f 1116 969 904
f 316 671 469
f 3366 1626 1617
f 1475 568 1497
f 1043 1673 2432
f 575 49 568
f 1483 1482 1465
f 1675 1634 3361
f 3439 3478 3465
f 1360 1583 1422
f 1462 1461 3149
f 1462 1515 1461
f 1512 2857 2827
f 2828 1512 2827
f 742 741 772
f 2750 2771 2787
f 1550 1532 1640
f 1640 1579 1613
f 945 2980 941
f 1676 1681 1692
f 3012 3027 2985
f 1458 1483 1465
f 2016 1599 2088
f 2016 1679 1599
f 1679 1548 1599
f 1414 1351 1543
f 1576 1618 1813
f 1536 1648 1645
f 3411 2816 1867
f 2523 2524 2555
f 2775 2776 1012
f 1470 3376 3356
f 1609 1670 1568
f 1693 1548 1679
f 1869 1707 1877
f 3376 563 3375
f 1501 1515 1462
f 1495 1520 1486
f 1560 1570 1569
f 1539 1217 1581
f 213 2740 2577
f 1553 1582 1594
f 2555 2579 2544
f 3361 1634 1585
f 2014 1614 2013
f 2013 1611 1550
f 1611 1532 1550
f 1632 1579 1640
f 653 1504 57
f 1559 1558 1529
f 1577 112 1558
f 1603 1602 1596
f 2378 2396 2372
f 1503 475 1650
f 1652 1676 1697
f 1459 1467 1485
f 2856 953 1894
f 1549 1614 2014
f 1614 1611 2013
f 1632 3308 1579
f 107 1623 1607
f 1560 95 1570
f 1647 1536 1645
f 1695 1696 1676
f 2768 2800 1995
f 391 157 1662
f 1501 1516 1515
f 1515 1516 1533
f 1551 1639 1659
f 1678 1639 1551
f 1769 2788 2581
f 1639 389 1647
f 2254 2211 2160
f 2637 2581 2776
f 1581 499 1494
f 2884 2885 2902
f 1466 3371 1459
f 1522 447 1645
f 1671 1695 1676
f 2106 1348 2103
f 1813 1618 1605
f 1648 1536 1523
f 1462 1478 1501
f 2788 1689 2785
f 2581 2788 2785
f 1487 34 2637
f 857 3430 3455
f 1611 1686 1532
f 1532 1498 1640
f 1496 1473 1521
f 1601 1573 1540
f 500 3278 1650
f 1498 1503 1650
f 1546 1679 2016
f 1546 1629 1679
f 1629 1693 1679
f 2555 2556 2569
f 1455 3162 1478
f 1478 1516 1501
f 1516 1526 1533
f 1533 1526 1534
f 1567 1817 1552
f 1509 1518 1751
f 2142 2372 2863
f 2738 2527 2585
f 1614 1686 1611
f 1632 1640 1498
f 2397 2797 2671
f 1509 1751 1484
f 1605 1618 1617
f 1595 1594 1582
f 176 177 193
f 1518 1766 1751
f 1887 1245 1653
f 1701 1564 1587
f 1567 1552 1534
f 1574 1817 1567
f 2388 2399 2981
f 2334 2142 2860
f 1614 1519 1686
f 81 45 1529
f 2657 3438 2487
f 459 1644 447
f 1404 1653 1245
f 1653 1962 1887
f 1531 1561 1530
f 1478 1502 1516
f 1516 1502 1526
f 1526 1535 1534
f 1535 1567 1534
f 2666 2679 2708
f 182 2078 2855
f 2429 2220 2418
f 2577 2379 2725
f 1549 1573 1614
f 1686 1498 1532
f 3171 590 3170
f 2859 2299 2306
f 3418 697 3423
f 2637 34 2581
f 917 1699 1545
f 2088 1599 2086
f 1657 1812 1781
f 1524 1546 1898
f 126 1558 112
f 1485 1484 1459
f 1309 1629 280
f 2299 2859 1003
f 1614 1573 1519
f 2002 1773 1547
f 2479 2486 2546
f 1344 1628 1598
f 1585 1634 1598
f 1634 1699 1598
f 1546 1541 1629
f 1145 2463 1468
f 1586 147 146
f 1571 1539 1653
f 1653 1539 1962
f 1796 1539 1581
f 1493 1735 1526
f 1502 1493 1526
f 1656 581 1666
f 2040 2796 2746
f 1519 1635 1686
f 1628 1585 1598
f 1699 1568 1691
f 1541 1546 1524
f 1658 1541 1524
f 1538 1547 1672
f 1592 1607 1622
f 1608 1160 3308
f 1479 1502 1478
f 1479 1493 1502
f 1526 1741 1535
f 2579 2578 2544
f 2855 2841 1894
f 1253 2063 2816
f 1635 1503 1686
f 1503 1498 1686
f 2553 2777 2757
f 3361 1585 1628
f 1568 1670 1691
f 1670 1524 1691
f 1541 280 1629
f 1474 1506 1473
f 1607 1593 107
f 1479 1480 1493
f 499 260 1494
f 1535 1553 1567
f 1567 1553 1574
f 1574 1553 1594
f 591 2772 2805
f 2579 2582 2578
f 1507 1503 1635
f 1498 1650 1632
f 1508 1513 1490
f 1894 34 1487
f 2997 2996 2936
f 213 2853 2633
f 1568 1699 1634
f 1670 1658 1524
f 2063 2128 1867
f 2109 2273 2213
f 2347 1996 2774
f 2109 2216 2134
f 2273 2109 2134
f 2188 2107 959
f 1012 2028 1808
f 2134 2216 1861
f 2683 1899 2603
f 2309 2310 2343
f 1253 1718 2063
f 2611 2063 1718
f 2114 2166 2186
f 2343 2344 2364
f 1718 1937 2611
f 1409 1082 1822
f 1794 1813 1819
f 1937 1897 1822
f 1897 789 1409
f 1822 1897 1409
f 789 1408 1409
f 3474 3455 3400
f 2075 1253 1871
f 2075 1718 1253
f 1408 1276 1409
f 1208 1082 1213
f 2075 1937 1718
f 789 1720 1408
f 1720 1276 1408
f 2075 1908 1937
f 1937 1706 1897
f 1706 1779 1897
f 1897 1779 789
f 789 1779 1720
f 1708 1627 1720
f 1908 1706 1937
f 1779 1719 1720
f 1720 1719 1708
f 3420 3424 3453
f 3476 3477 3471
f 1950 1952 2030
f 1952 2075 2030
f 1821 202 1719
f 1779 1821 1719
f 1719 202 1708
f 2239 2417 2158
f 1706 1854 1779
f 1779 1854 1821
f 1845 1952 1950
f 2075 1952 1908
f 1908 1993 1706
f 1854 1846 1821
f 1846 1855 202
f 1821 1846 202
f 1663 202 1855
f 1952 1163 1908
f 1163 1993 1908
f 1993 1854 1706
f 1854 1917 1846
f 2002 1964 1773
f 1993 1917 1854
f 1916 1856 1846
f 1917 1916 1846
f 1993 1916 1917
f 1916 1855 1856
f 1812 2064 1845
f 2064 1952 1845
f 1993 1978 1916
f 1886 1907 1855
f 1916 1886 1855
f 2064 1163 1952
f 1163 1788 1993
f 1993 1788 1978
f 1978 1836 1916
f 1916 1836 1886
f 1351 2073 1543
f 1716 1715 1481
f 1786 1778 1787
f 1843 2073 1907
f 1856 1855 1846
f 1844 1896 989
f 1820 1163 2064
f 1788 1744 1978
f 1836 1843 1886
f 1843 1907 1886
f 1764 1785 1777
f 1464 1481 1463
f 3431 3453 1025
f 2321 2032 1960
f 2327 2227 2341
f 1736 1484 1751
f 2779 952 2398
f 1820 1788 1163
f 1744 1717 1978
f 1717 1843 1836
f 1978 1717 1836
f 2248 2177 2274
f 2110 2163 1324
f 1812 1820 2064
f 1573 1549 3249
f 2251 2213 2274
f 1866 1136 2051
f 1820 1992 1788
f 1717 1752 1843
f 2911 2905 2920
f 2180 2346 2155
f 1657 1820 1812
f 1992 1954 1788
f 1788 1954 1744
f 1954 2039 1717
f 1744 1954 1717
f 1717 2039 1752
f 2073 1843 1752
f 2327 2342 2227
f 1994 2746 2702
f 1994 2021 2746
f 2021 2040 2746
f 2077 2839 2040
f 3247 1837 1657
f 1081 1820 1657
f 2329 2349 2337
f 2309 1452 2310
f 2646 2594 1920
f 2646 1968 1967
f 1980 2021 1994
f 2021 2056 2040
f 2077 229 1127
f 1487 2637 2120
f 1081 2020 1820
f 1820 2020 1992
f 2039 1797 1752
f 1752 1797 2073
f 2099 2284 2276
f 1900 1968 2646
f 1920 1900 2646
f 1967 1968 1994
f 1994 1968 1980
f 2056 2077 2040
f 3034 2982 2996
f 1954 2062 2039
f 2062 1797 2039
f 2003 2190 2108
f 1872 1900 1920
f 2056 2078 2077
f 1884 1081 1657
f 1936 2062 1954
f 1992 1936 1954
f 1797 1543 2073
f 1533 1534 1762
f 2190 2003 2107
f 2568 1858 1872
f 1872 1888 1900
f 1888 1901 1900
f 1900 1921 1968
f 1921 1969 1968
f 1968 1969 1980
f 1969 2022 1980
f 2022 2041 2021
f 1980 2022 2021
f 2041 2056 2021
f 241 755 1348
f 1081 1953 2020
f 2020 1936 1992
f 1555 1813 1794
f 2188 2190 2107
f 2227 2115 2322
f 1829 1849 1858
f 1849 1888 1858
f 1858 1888 1872
f 1901 1921 1900
f 2078 2056 2041
f 348 229 2077
f 2078 348 2077
f 347 2120 229
f 755 1347 1348
f 1953 1081 1884
f 1186 1329 1687
f 2322 959 2355
f 2115 959 2322
f 1969 1970 2022
f 2066 2078 2041
f 2042 2066 2041
f 347 229 348
f 1953 2094 2020
f 2020 2094 1936
f 2062 1725 1797
f 1725 13 1543
f 1797 1725 1543
f 2649 2648 2647
f 435 1293 434
f 1837 3247 1510
f 522 3248 3188
f 1764 1777 1742
f 2197 2114 2350
f 1910 1955 1921
f 1901 1910 1921
f 1921 1971 1969
f 1969 1971 1970
f 1970 2042 2022
f 2022 2042 2041
f 348 2078 182
f 1610 1428 1884
f 1936 1979 2062
f 1979 1725 2062
f 1557 2026 2013
f 493 1648 1523
f 2166 2169 2186
f 2186 2169 2345
f 1806 3440 1179
f 2870 1728 2283
f 1728 1721 2283
f 1728 2198 1721
f 2345 2169 2215
f 1830 1850 1849
f 1829 1830 1849
f 1888 1873 1901
f 1921 1955 1971
f 1971 1981 1970
f 1817 1574 1594
f 1511 45 36
f 1745 2198 1728
f 1745 2241 2198
f 1142 448 381
f 1745 1755 2241
f 1849 1850 1888
f 1873 1910 1901
f 2004 2042 1970
f 2042 2841 2066
f 2272 2209 2152
f 1557 1329 2034
f 1702 1745 1728
f 1783 2054 1269
f 1888 1850 1873
f 1850 1889 1873
f 1873 1922 1910
f 1910 1922 1955
f 1955 1972 1971
f 1971 1972 1981
f 1981 2004 1970
f 2042 2826 2841
f 2866 2270 2369
f 1953 2053 2094
f 2053 1753 1936
f 2094 2053 1936
f 1936 1753 1979
f 1753 1725 1979
f 2352 2362 2200
f 1861 2271 2134
f 1039 1123 551
f 1703 1702 2870
f 1709 1745 1702
f 1709 1756 1745
f 1756 1755 1745
f 1810 1830 1809
f 1810 1823 1830
f 1830 1823 1850
f 1995 2800 2004
f 1981 1995 2004
f 2326 2248 2165
f 3201 1934 1428
f 1428 1991 1884
f 1991 1734 1884
f 1734 1953 1884
f 1734 2053 1953
f 1925 1911 1926
f 186 2112 1909
f 1703 1710 1702
f 1710 1709 1702
f 1729 1756 1709
f 1800 1810 1789
f 1790 1800 1789
f 1800 1811 1810
f 1810 1811 1823
f 1873 1889 1922
f 1955 1922 1972
f 2734 1995 1972
f 1972 1995 1981
f 2734 2768 1995
f 1704 1988 1119
f 1988 1852 1119
f 1753 548 1725
f 1725 1694 13
f 968 1307 1113
f 2264 1127 229
f 1838 186 1909
f 1710 1729 1709
f 1304 230 1440
f 1890 1902 1922
f 1889 1890 1922
f 1922 1902 1972
f 2303 2146 2292
f 1987 2012 3147
f 1141 1896 1844
f 2334 2862 2306
f 1934 2072 1428
f 1428 2072 1991
f 3246 1608 3308
f 1118 1313 1330
f 1848 186 1838
f 1730 1729 1710
f 1729 1780 1756
f 1801 1800 1790
f 1801 1811 1800
f 1811 1814 1823
f 1823 1851 1850
f 1850 1851 1889
f 1902 2663 1972
f 2315 2428 2444
f 1716 1724 1715
f 1742 1749 1724
f 3458 448 3408
f 1742 1777 1749
f 1777 1785 1784
f 1785 1794 1784
f 3444 1155 1977
f 2053 2092 1753
f 1753 2092 548
f 548 1931 1725
f 3097 46 1039
f 1123 1141 1289
f 1722 1710 2906
f 1722 1730 1710
f 1768 1780 1729
f 1842 1866 1835
f 1823 1814 1851
f 1889 1851 1890
f 2663 1939 1972
f 2187 2109 2213
f 1552 1762 1534
f 3070 3089 3043
f 1878 1169 989
f 2031 1734 1991
f 2031 2018 1734
f 2018 2092 2053
f 1734 2018 2053
f 1802 1790 1803
f 2648 2663 2647
f 2629 2713 3404
f 1768 1729 1730
f 1802 1801 1790
f 2258 1790 1780
f 1802 1811 1801
f 1802 1814 1811
f 2445 2776 2775
f 1110 2088 2086
f 1142 3408 448
f 2054 1959 1269
f 1857 186 1848
f 1857 1316 186
f 2906 1711 1722
f 1814 1831 1851
f 1859 1880 1890
f 1851 1859 1890
f 1890 1880 1902
f 2364 2139 959
f 2224 2854 2332
f 1579 3308 1160
f 1039 46 1123
f 1736 1750 1483
f 1713 1747 1735
f 1608 1104 1160
f 1608 1250 1104
f 1608 3382 1250
f 2616 2628 2615
f 1934 1343 2072
f 2093 1991 2072
f 1991 2093 2031
f 2031 2061 2092
f 2018 2031 2092
f 2092 2061 548
f 548 1868 1931
f 1500 1733 1723
f 1716 1481 1482
f 1731 1730 1722
f 1731 1757 1730
f 1757 1768 1730
f 1815 1814 1802
f 1814 1815 1831
f 1831 1839 1851
f 1851 1839 1859
f 1741 1763 1544
f 1776 1793 1775
f 1775 1774 1763
f 2827 2857 2826
f 1343 2093 2072
f 1868 1566 1931
f 1918 1848 2111
f 1918 1857 1848
f 1349 1316 1857
f 2370 2866 2865
f 2906 2409 1711
f 1123 1289 1305
f 1815 1802 1803
f 1859 1874 1880
f 2247 2301 2332
f 2122 2236 2354
f 1774 1775 1582
f 1959 1291 2000
f 1819 1597 1818
f 56 2029 1277
f 3446 1303 1343
f 1868 548 2061
f 1783 2035 2054
f 2051 2035 1783
f 1947 1928 2684
f 1349 1857 1918
f 715 714 486
f 1731 1722 1711
f 2240 1768 1757
f 1815 1839 1831
f 2537 2544 1815
f 1839 2578 1859
f 1859 2578 1874
f 2301 2224 2332
f 3061 3075 3074
f 1931 1694 1725
f 2178 2332 1031
f 2874 2873 2865
f 2239 2212 2314
f 1151 1061 1440
f 1269 1959 2000
f 1866 2051 2052
f 3432 1977 1303
f 1261 2031 2093
f 2065 1261 2093
f 2031 1261 2061
f 1396 1918 2111
f 2016 2036 1546
f 2150 2311 212
f 2192 2098 2302
f 2975 2963 3000
f 3317 3347 3281
f 2023 2045 2044
f 2045 1287 2079
f 230 1151 1440
f 1061 1151 1078
f 2067 1140 1267
f 1110 2086 2071
f 996 977 3443
f 1303 2090 1343
f 2090 1034 2093
f 1343 2090 2093
f 2093 1034 2065
f 1261 2002 2061
f 2002 1868 2061
f 1258 1344 917
f 1852 1110 2071
f 2035 2051 2015
f 1373 1918 1396
f 2515 1007 2507
f 1300 1217 1571
f 1011 3417 1094
f 1171 128 1287
f 2511 3426 3425
f 2217 2132 2098
f 2026 2034 2025
f 2026 2025 2012
f 2856 1894 2841
f 1977 1155 1303
f 1303 1155 2090
f 1261 2065 2002
f 1958 1938 1265
f 591 2846 2772
f 1743 1739 1951
f 2740 2057 2111
f 2057 1396 2111
f 1398 1373 1396
f 1329 2084 2034
f 2286 2231 2219
f 2023 2005 2045
f 1999 2010 2009
f 1304 1439 230
f 1512 2856 2857
f 1513 1733 1490
f 1306 1344 1258
f 29 2137 2147
f 3178 3253 3206
f 2057 1413 1396
f 1104 1159 1160
f 1197 1965 1739
f 1299 1965 1197
f 551 156 1782
f 1552 1817 1792
f 2344 2139 2364
f 3103 3154 3102
f 2134 2209 2273
f 1973 2157 2212
f 2005 2080 2045
f 2045 2080 1287
f 1035 128 1171
f 2538 128 1410
f 2029 1693 288
f 1699 1691 1545
f 2727 1950 2030
f 1898 1546 2036
f 989 1169 1988
f 2034 2050 2025
f 2084 1329 1186
f 2170 2114 2286
f 3139 3177 3154
f 2353 1940 1342
f 2334 2306 2211
f 2268 2245 2043
f 2135 2136 2304
f 2170 2286 2219
f 2134 2572 2209
f 2146 2099 2210
f 2572 1924 2209
f 2023 2813 2005
f 2005 2006 2080
f 2080 2081 1287
f 1287 2081 1171
f 1035 1410 128
f 2352 2200 1799
f 959 2139 2188
f 2009 2033 2049
f 1197 1071 1024
f 1557 1687 1329
f 2465 2485 2240
f 1806 2090 1155
f 1117 1740 1034
f 2090 1117 1034
f 1740 2065 1034
f 1740 1964 2002
f 2065 1740 2002
f 917 1545 1141
f 1104 1395 1159
f 1304 1687 1439
f 230 1439 1120
f 2133 1853 2197
f 2831 2279 2125
f 2217 1808 2132
f 2465 2240 1757
f 2078 2066 2855
f 3376 3375 3347
f 2813 2006 2005
f 2080 2058 2081
f 2081 2097 1171
f 3129 3154 3103
f 1339 1424 810
f 1375 1023 1095
f 2273 2209 2261
f 2312 2190 2188
f 1806 2037 2090
f 2037 1117 2090
f 1737 1581 1869
f 1687 1304 1186
f 1847 1876 1575
f 1707 508 1876
f 1844 989 1988
f 1140 1727 1267
f 32 3325 3306
f 2557 1824 2615
f 1824 1840 2598
f 2615 1824 2598
f 1555 1787 1633
f 1973 2212 2239
f 2722 2773 2755
f 1035 1171 2097
f 2996 2982 2983
f 3034 3058 3033
f 2304 2136 2349
f 2231 2249 2219
f 2132 1808 2498
f 2671 2037 1806
f 1750 1764 1742
f 508 1707 1441
f 1878 989 1896
f 1877 1876 1847
f 1877 1707 1876
f 2252 2208 2276
f 2285 1808 2217
f 1925 1926 2722
f 2773 1983 2813
f 1983 2007 2006
f 2813 1983 2006
f 2007 2058 2080
f 2006 2007 2080
f 2081 1286 2097
f 1313 1118 2076
f 2311 2150 2233
f 2330 2272 2179
f 2191 2324 2321
f 1112 2338 2183
f 2037 1989 1117
f 1915 1740 1117
f 1915 1773 1964
f 1740 1915 1964
f 1141 1844 1289
f 1935 1877 1847
f 1758 1805 2466
f 2557 1805 1824
f 1926 1941 2722
f 2722 1941 2773
f 1983 1997 2007
f 1286 1158 2097
f 1158 1035 2097
f 1158 1167 1035
f 1167 1410 1035
f 970 1313 2076
f 2378 2142 2334
f 2295 2326 2362
f 1989 2037 2671
f 2091 1773 1915
f 2019 1847 2140
f 2019 1935 1847
f 1869 1877 1935
f 1008 2284 2340
f 1759 1758 2221
f 2166 2197 2294
f 2682 1912 1911
f 1912 1932 1926
f 1911 1912 1926
f 1926 1932 1941
f 1941 1942 2773
f 2773 1942 1983
f 1997 2046 2007
f 2046 2059 2058
f 2007 2046 2058
f 2059 1286 2081
f 2058 2059 2081
f 1879 2352 1799
f 2361 2352 1879
f 3270 3229 3254
f 2170 1008 2118
f 2350 2170 2118
f 2915 2908 2901
f 2671 1795 1989
f 1989 1914 1117
f 1914 2091 1915
f 1117 1914 1915
f 1773 2091 1583
f 2827 2826 2800
f 2294 2164 2166
f 1732 1759 2220
f 2009 2010 2033
f 1771 1758 1759
f 1771 1805 1758
f 1805 1825 1824
f 2655 1882 2682
f 2682 1882 1912
f 1932 1942 1941
f 1942 1984 1983
f 1983 1984 1997
f 1984 2046 1997
f 1167 970 1410
f 1330 1313 970
f 2740 1575 1876
f 2240 2500 2499
f 2202 2282 2143
f 2247 2332 2178
f 2181 2303 2105
f 2099 2146 2303
f 1598 917 1344
f 2253 2232 2185
f 1807 1795 2797
f 1259 1989 1795
f 3422 3482 3464
f 2649 2647 2612
f 2140 1895 2019
f 1737 1935 2019
f 1283 2103 1347
f 1732 2220 2429
f 3150 3190 3162
f 1791 1805 1771
f 1824 1841 1840
f 1862 1882 2655
f 2936 2996 2983
f 1912 1913 1932
f 2059 2068 1286
f 2068 1327 1286
f 1327 1158 1286
f 1168 1167 1158
f 1327 1168 1158
f 1798 970 1167
f 1187 1712 2724
f 2282 2210 2143
f 1259 1914 1989
f 1914 2001 2091
f 2001 1583 2091
f 2936 2983 2915
f 1767 2019 1895
f 1767 1796 2019
f 1796 1737 2019
f 1935 1737 1869
f 1723 1732 2429
f 1589 1597 1596
f 1791 1825 1805
f 1825 1832 1824
f 1824 1832 1841
f 1892 1913 1912
f 1882 1892 1912
f 1913 1933 1932
f 1933 1942 1932
f 1942 1943 1984
f 2046 2068 2059
f 1798 1330 970
f 542 1126 167
f 1126 1187 167
f 1899 2683 1712
f 1259 1795 1807
f 1072 1914 1259
f 1990 2001 1914
f 1422 1583 2001
f 1878 1898 2036
f 1627 1276 1720
f 1760 1771 1759
f 1892 1893 1913
f 1913 1927 1933
f 1933 1943 1942
f 1943 1974 1984
f 1974 1998 1984
f 2046 2047 2068
f 1327 607 1168
f 1368 1167 1168
f 607 1368 1168
f 1368 1798 1167
f 1798 1385 1330
f 1726 1899 1712
f 2349 2136 2287
f 1188 1259 1807
f 2815 2027 1895
f 2027 1767 1895
f 1796 1581 1737
f 1751 1766 1750
f 1733 1732 1723
f 1733 1738 1732
f 1772 1771 1760
f 1772 1791 1771
f 1772 1792 1791
f 1792 1825 1791
f 2393 2382 2336
f 2884 2883 2873
f 1998 2024 2046
f 1984 1998 2046
f 2046 2024 2047
f 2047 2069 2068
f 2068 2082 1327
f 2074 362 2095
f 2095 362 542
f 362 1126 542
f 1726 1712 1187
f 1906 1899 1726
f 2055 2096 1899
f 3475 1013 3464
f 2096 1188 1807
f 1188 2089 1259
f 1259 2089 1072
f 2085 1914 1072
f 2085 1990 1914
f 1419 2001 1990
f 1663 1708 202
f 1792 1816 1825
f 1913 3330 1927
f 1927 3364 1933
f 1933 3364 1943
f 1943 3364 1974
f 2024 2048 2047
f 2069 2082 2068
f 1262 607 1327
f 808 1798 1368
f 808 1133 1385
f 1798 808 1385
f 1133 362 2074
f 1385 1133 2074
f 461 1113 1126
f 362 461 1126
f 1113 1187 1126
f 1307 1726 1187
f 2055 1188 2096
f 2089 2085 1072
f 2648 1939 2663
f 1960 2850 2206
f 2027 2815 2126
f 1962 1767 2027
f 1767 1962 1796
f 1515 1533 1514
f 1761 1760 1738
f 1761 1772 1760
f 3234 1832 1833
f 2429 2410 1723
f 2555 2569 2579
f 2083 2082 2069
f 2082 2083 1327
f 1327 2083 1262
f 1270 607 1262
f 1270 1134 607
f 1134 1394 607
f 1394 1368 607
f 1394 226 1368
f 226 808 1368
f 1307 1187 1113
f 1307 1906 1726
f 820 1899 1906
f 820 2055 1899
f 1958 1990 2085
f 1441 1443 2057
f 1704 1844 1988
f 1887 1962 2027
f 1736 1751 1750
f 1513 1738 1733
f 3472 3439 3465
f 1513 1761 1738
f 1772 1552 1792
f 1825 1816 1832
f 2569 2582 2579
f 1998 2008 2024
f 2048 2070 2069
f 2047 2048 2069
f 2083 1251 1262
f 1251 1270 1262
f 3337 3398 3379
f 1804 424 2135
f 2043 2245 2353
f 2268 2180 2245
f 2167 2266 2124
f 2376 2866 2370
f 2347 1203 1201
f 2299 1003 1860
f 1810 2478 1789
f 1204 1996 2347
f 214 2247 2208
f 2659 2260 2634
f 2963 3024 3000
f 2189 2266 2275
f 3108 3075 3076
f 2313 2119 2102
f 2322 2355 2101
f 2120 2202 2143
f 2315 2444 2171
f 2362 2326 2165
f 2222 1903 1147
f 971 2128 1996
f 1799 1093 2255
f 2107 2003 2225
f 3398 1043 3379
f 2259 2561 2293
f 2274 2261 2228
f 2875 2874 2866
f 3140 3139 3129
f 2386 2547 1287
f 3468 3416 3450
f 2183 2338 2192
f 2265 2146 2282
f 186 2106 2112
f 2306 2862 2859
f 343 2363 2326
f 2326 2363 2248
f 1903 1128 1147
f 2232 2253 2835
f 2302 2098 2132
f 231 2207 2246
f 2976 2966 2977
f 2355 2225 2101
f 1903 2297 1098
f 2297 2348 1062
f 1098 2297 1062
f 1062 2348 2293
f 1090 1089 1065
f 1112 2183 2359
f 231 2246 2836
f 2329 2346 2268
f 2329 2268 2043
f 2354 2236 2558
f 2789 2818 1166
f 641 2250 1891
f 2349 2287 2300
f 360 2356 199
f 2211 2306 2299
f 2300 2167 2174
f 2245 2298 2353
f 2145 2151 2131
f 2184 2104 2818
f 2293 1051 1062
f 2157 1891 2191
f 2546 2486 2557
f 2251 2274 2177
f 2212 2157 2191
f 2003 2263 2225
f 2250 2184 2324
f 2203 1804 2304
f 1804 2135 2304
f 2017 2203 2329
f 1043 2432 3379
f 2180 2268 2346
f 2323 2174 2167
f 2324 2184 2032
f 2101 2216 2187
f 2230 2100 2122
f 2774 1203 2347
f 2348 2259 2293
f 2313 2180 1770
f 1633 1556 1555
f 2560 2259 2242
f 1323 2230 1489
f 1940 2298 2344
f 2017 2329 2043
f 2191 2321 1960
f 2337 2349 2300
f 2317 2210 1031
f 2821 2125 2820
f 3356 3376 3347
f 199 2356 2135
f 2150 1012 1808
f 1760 1759 1732
f 2287 2157 2300
f 3445 3465 857
f 2136 2135 824
f 2406 2378 2254
f 2193 2253 2185
f 2222 2291 1903
f 1903 2291 2297
f 2291 2235 2297
f 1242 2147 2172
f 2298 2245 2313
f 2288 1102 1009
f 2337 2300 2174
f 2235 2348 2297
f 76 3184 91
f 1770 2180 2155
f 1790 1789 2269
f 2879 2893 2887
f 2242 2259 2348
f 2236 1044 1038
f 2227 2322 2237
f 1085 2100 1097
f 2353 2298 1940
f 2032 2850 1960
f 824 646 2194
f 2361 2325 2352
f 2111 1848 2430
f 2831 2314 2279
f 2362 2165 2200
f 2122 2116 2236
f 451 2295 2325
f 2298 2102 2344
f 2289 2234 2290
f 3253 3281 3227
f 2116 1044 2236
f 2343 2310 2344
f 2295 2362 2325
f 1097 2100 2230
f 2180 2313 2245
f 2145 963 2657
f 2105 2292 800
f 2222 2159 2291
f 3209 3208 3194
f 2254 2378 2334
f 3230 3212 3231
f 2147 2161 2172
f 3441 2218 3454
f 2167 1973 2158
f 2327 2296 2342
f 2099 2276 2210
f 2766 2105 800
f 1879 1799 2338
f 2323 2167 2124
f 2235 2242 2348
f 1887 2126 2138
f 1891 2250 2324
f 2137 2156 2147
f 2147 2156 2161
f 2161 161 2172
f 2166 2114 2197
f 2284 2252 2276
f 2338 1799 2255
f 2138 2137 1429
f 3460 3412 1084
f 1031 2281 2264
f 1093 2179 2255
f 2185 2232 2169
f 2119 2188 2139
f 2140 2815 1895
f 2043 2353 1341
f 3480 1950 2727
f 2138 2148 2137
f 2137 2148 2156
f 2173 2161 2156
f 2173 161 2161
f 2250 1033 2104
f 2155 2174 2323
f 2193 2185 2169
f 2121 1264 1247
f 2102 2119 2139
f 1489 2230 2122
f 1770 2155 2323
f 2264 2281 1127
f 2153 2156 2148
f 2153 2173 2156
f 161 2173 3441
f 2237 2187 2251
f 2237 2251 2177
f 214 2301 2247
f 2201 2274 2228
f 2280 2208 2219
f 2120 2143 229
f 1187 2724 167
f 2461 2160 2195
f 2461 2195 2196
f 2815 2148 2138
f 2126 2815 2138
f 2815 2830 2148
f 2830 2153 2148
f 985 2468 2504
f 2192 2338 2255
f 1153 363 605
f 2264 229 2143
f 2332 2854 2281
f 3479 3451 999
f 2818 2104 1185
f 2198 2241 2195
f 2269 2196 2241
f 2342 2364 2115
f 2119 2313 2312
f 2162 2271 2328
f 2766 2175 2181
f 2274 2213 2261
f 2209 2272 2261
f 2187 2216 2109
f 3404 3478 2387
f 2282 2202 2265
f 2403 2392 943
f 2146 2265 2292
f 2204 2218 2173
f 2165 2248 2201
f 2948 2402 2420
f 2269 1789 2196
f 1093 2330 2179
f 2703 3411 3426
f 2499 2258 2240
f 2916 2936 2915
f 2229 2277 3401
f 2884 2902 2901
f 1924 2766 800
f 800 2311 1924
f 2209 1924 2152
f 2100 2116 2122
f 1861 1966 2271
f 2217 2233 2285
f 2225 2667 2101
f 29 2147 1237
f 2233 2150 2285
f 1114 857 3427
f 2173 2218 3441
f 2902 2915 2901
f 2602 2278 2339
f 2317 1031 2264
f 2191 1960 2314
f 2461 2440 2406
f 2840 2238 1905
f 2238 2331 2260
f 2206 2850 2820
f 2334 2211 2254
f 2324 2032 2321
f 2190 2149 2108
f 2832 2204 2173
f 1065 1089 1070
f 2277 2256 2278
f 2331 2238 2840
f 2850 2290 2820
f 2248 2363 2177
f 2325 2362 2352
f 751 738 43
f 2118 1008 2175
f 2295 343 2326
f 2189 2275 2294
f 2278 2307 2339
f 2199 2260 2331
f 1556 1633 78
f 2825 2281 2854
f 1070 1089 1080
f 2329 2203 2304
f 2179 2217 2255
f 2114 2170 2350
f 2364 959 2115
f 2256 2307 2278
f 3189 1478 3190
f 2300 1973 2167
f 2144 2154 2840
f 2840 2154 2331
f 2154 2333 2331
f 2223 2678 2199
f 641 1033 2250
f 231 2249 2231
f 2155 2346 2174
f 2114 2186 2286
f 2166 2164 2169
f 2110 2159 2163
f 2329 2337 2346
f 549 1033 641
f 2339 2351 2144
f 2333 2199 2331
f 2211 2226 2160
f 2343 2364 2342
f 2110 1489 2159
f 2252 2219 2208
f 2307 2351 2339
f 2154 2144 2351
f 2223 2199 2333
f 2512 1815 1803
f 2143 2317 2264
f 2360 1879 1112
f 622 951 1231
f 2159 1489 2291
f 2215 2169 2232
f 1102 2288 2307
f 2319 2154 2351
f 2129 2678 2223
f 1808 2285 2150
f 1780 2269 1755
f 2232 1929 2215
f 2288 2319 2307
f 2307 2319 2351
f 1780 1768 2258
f 1924 2311 2233
f 2152 1924 2233
f 2252 2170 2219
f 1342 1940 2310
f 2280 214 2208
f 2309 2343 2342
f 1058 1244 1153
f 2319 1271 2154
f 2154 1271 2333
f 424 118 199
f 2191 2314 2212
f 1799 2200 1093
f 2276 2247 2178
f 2228 2261 2272
f 2183 2192 2316
f 2165 2201 1093
f 2288 2320 2319
f 2319 2320 1271
f 1271 1923 2333
f 2333 1919 2223
f 2127 2129 2223
f 2329 2304 2349
f 2201 2228 2330
f 2210 2178 1031
f 1046 1051 2561
f 2740 508 2057
f 193 197 176
f 2284 2170 2252
f 1770 2323 2149
f 2257 2288 1009
f 2257 2320 2288
f 1919 2127 2223
f 2202 2120 2445
f 2236 1038 2558
f 2265 2202 2445
f 2286 2345 2231
f 2237 2322 2187
f 1966 1861 2216
f 2667 2216 2101
f 2819 2729 2234
f 2320 2357 1271
f 2357 1923 1271
f 2244 2333 1923
f 2244 1919 2333
f 2284 2099 2340
f 1112 1879 2338
f 2850 2289 2290
f 2143 2210 2317
f 2363 2341 2177
f 2228 2272 2330
f 2671 1806 2506
f 2257 1205 2320
f 2320 1205 2357
f 2357 2358 1923
f 2113 2127 1919
f 2210 2276 2178
f 2201 2248 2274
f 1808 2028 2498
f 1489 2122 2291
f 1780 1790 2269
f 33 2360 1112
f 2157 2194 1891
f 1205 2358 2357
f 2113 2267 2127
f 1093 2201 2330
f 2296 2309 2342
f 2122 2235 2291
f 1732 1738 1760
f 2117 2370 2865
f 1298 2230 1323
f 1940 2344 2310
f 2354 2242 2235
f 6 3427 3455
f 2667 2328 1966
f 2308 2358 1205
f 1923 1885 2244
f 2123 1919 2244
f 2123 2113 1919
f 2200 2165 1093
f 2341 2237 2177
f 565 3288 3277
f 343 2296 2327
f 1759 2130 2220
f 2344 2102 2139
f 2831 2125 2193
f 2358 1254 1923
f 1254 1885 1923
f 2354 2558 2242
f 2360 2361 1879
f 3288 565 3306
f 1230 1434 1416
f 2266 2158 2275
f 2287 2194 2157
f 2119 2312 2188
f 2136 2194 2287
f 2332 2281 1031
f 2168 2113 2123
f 2168 2267 2113
f 2342 2115 2227
f 1770 2190 2312
f 1008 2170 2284
f 2118 2175 2723
f 1973 2239 2158
f 2182 2970 2399
f 2043 1302 2017
f 2190 1770 2149
f 2250 2104 2184
f 1298 1097 2230
f 2272 2233 2179
f 1721 2198 2226
f 1759 2221 2130
f 3070 3103 3089
f 2358 2359 1254
f 1885 2123 2244
f 2205 2168 2123
f 2168 1690 2267
f 2255 2217 2098
f 3103 3102 3089
f 2466 2221 1758
f 2428 2130 2221
f 2739 1847 1575
f 2956 2182 2399
f 2315 2956 2399
f 2341 2227 2237
f 2308 2359 2358
f 2302 2123 1885
f 2302 2205 2123
f 343 2327 2363
f 2136 824 2194
f 2354 2235 2122
f 1929 2232 2835
f 2346 2337 2174
f 1804 2203 2017
f 2207 2231 2345
f 2316 1885 1254
f 2152 2233 2272
f 2823 2224 2318
f 959 2107 2355
f 2192 2255 2098
f 2466 2428 2221
f 6 3455 3483
f 2110 1323 1489
f 2106 1272 2112
f 1316 1348 2106
f 2313 1770 2312
f 2279 1960 2206
f 2183 1254 2359
f 1254 2183 2316
f 1885 2316 2302
f 2132 2168 2205
f 2132 2498 2168
f 2355 2107 2225
f 2314 1960 2279
f 2276 2208 2247
f 2301 2318 2224
f 3259 3311 1892
f 2171 2949 2315
f 2112 1264 2121
f 2282 2146 2210
f 2279 2206 2125
f 2316 2192 2302
f 2302 2132 2205
f 2327 2341 2363
f 3448 3434 3456
f 2538 1410 2076
f 2408 2144 2840
f 1769 2371 2788
f 2399 2388 2130
f 1637 1642 1118
f 1453 2076 2758
f 2385 2442 1655
f 942 943 2392
f 2751 2804 2771
f 2829 1680 2845
f 2442 2814 1453
f 2758 1682 2398
f 1453 2758 2659
f 57 22 58
f 2845 1680 2844
f 2390 2388 2389
f 2659 2758 2176
f 2586 2384 2711
f 2176 2758 2398
f 1028 2558 1038
f 2833 2830 2777
f 2777 2830 2815
f 2372 2864 2863
f 1028 2539 2558
f 3259 1892 1882
f 2044 2045 2079
f 2547 2386 2442
f 3177 3206 3193
f 2539 2559 2558
f 2240 2485 2500
f 2670 2738 2779
f 2636 2678 2129
f 1875 2079 2547
f 2571 2838 2397
f 3161 3184 3160
f 2504 2539 1028
f 2397 2838 2797
f 3444 1806 1155
f 2504 2513 2539
f 2513 2559 2539
f 3473 2742 1654
f 3058 3057 3033
f 3201 1428 1610
f 2666 2665 2596
f 1476 2452 2604
f 2001 1419 1422
f 945 2446 964
f 2755 1982 2754
f 1055 2564 1065
f 2658 2634 2636
f 1677 3401 2602
f 2468 2488 2504
f 2504 2488 2513
f 2560 2559 2513
f 2528 2560 2513
f 2939 2975 2999
f 952 1905 2847
f 2682 2681 2655
f 945 946 2446
f 2527 2562 1957
f 2722 2755 2710
f 1815 2544 1839
f 1212 1213 1082
f 2722 2710 1925
f 2710 2754 2737
f 2446 2447 2468
f 2468 2447 2488
f 2488 2528 2513
f 1680 1883 1865
f 2707 2720 2749
f 2751 2771 2750
f 2632 2554 2630
f 1154 1033 549
f 2618 2653 2652
f 2488 2505 2528
f 2528 2540 2560
f 2540 2561 2560
f 2560 2561 2259
f 2860 2142 2863
f 3299 3317 3281
f 2380 581 1656
f 2864 1881 2865
f 2461 2196 2478
f 1881 2864 2372
f 2981 2970 2971
f 1860 1003 2861
f 2121 1909 2112
f 2004 2800 2826
f 2447 2505 2488
f 2505 2529 2528
f 2529 2540 2528
f 2711 2670 2779
f 2786 2787 2802
f 2636 2634 2678
f 2391 2400 2390
f 1330 1637 1118
f 2563 2384 2586
f 2563 2712 2384
f 2711 2779 2398
f 2737 2709 2693
f 2694 2737 2693
f 1864 1746 2452
f 2770 2787 2786
f 952 2779 2738
f 2984 3011 2974
f 2400 2410 2418
f 2390 2400 2418
f 2711 2398 1682
f 946 2449 2447
f 2449 2448 2447
f 2447 2448 2505
f 2529 1046 2540
f 1046 2561 2540
f 2378 2406 2415
f 2712 2605 2384
f 2712 2600 2605
f 2737 2753 2709
f 1746 1864 1883
f 167 2724 2563
f 2604 2807 2601
f 2601 2807 2416
f 2416 2658 2636
f 2659 2176 2260
f 2807 2422 2658
f 2480 2422 2807
f 1905 2408 2840
f 2605 2600 2571
f 2812 591 2805
f 2846 1746 1883
f 2666 2596 2628
f 2843 1666 1961
f 2842 2843 1961
f 2600 2838 2571
f 2448 2529 2505
f 1934 3415 3446
f 2529 1040 1046
f 953 1588 1863
f 1865 1476 2380
f 1476 2601 2380
f 2736 2772 2735
f 2547 2530 1683
f 1875 2547 1683
f 2948 2420 2449
f 2448 2514 2529
f 2514 1040 2529
f 591 1875 1683
f 1680 1865 1656
f 2263 2667 2225
f 2605 2571 2562
f 2747 2801 2769
f 2635 2127 2267
f 2388 2418 2130
f 2557 2486 1805
f 2739 2757 2140
f 2598 2617 2615
f 2617 2616 2615
f 2420 2448 2449
f 1373 1387 241
f 1680 1656 2844
f 1203 2774 2214
f 2420 2450 2448
f 2450 2489 2448
f 2489 2514 2448
f 1655 2442 1453
f 1883 1864 1865
f 2803 2845 2802
f 2801 2842 2828
f 2750 2787 2770
f 2749 2750 2770
f 1387 609 241
f 985 2504 1028
f 2402 2948 941
f 2708 2720 2707
f 1822 2462 2611
f 2530 2547 2385
f 2489 2490 2514
f 2545 2524 2501
f 2218 2656 2229
f 3179 3194 3164
f 3339 3323 3352
f 970 2076 1410
f 2587 2584 1904
f 1822 2774 2462
f 2402 2947 2420
f 2420 2431 2450
f 1994 2702 1967
f 2832 2153 2741
f 2819 2818 2789
f 2818 2819 2032
f 2277 2229 2656
f 2690 2704 2769
f 2079 1875 591
f 2490 2489 993
f 2079 591 2812
f 2686 2630 1654
f 2652 2651 2616
f 2758 1118 1682
f 2706 2770 2748
f 2770 2786 2748
f 2619 2599 2620
f 3411 1867 3418
f 2755 2813 1982
f 2096 1807 1899
f 2620 2654 2619
f 3485 1654 2630
f 2417 2164 2294
f 2650 2706 2705
f 2819 2289 2032
f 2511 3437 2767
f 2570 2525 2526
f 2618 2652 2617
f 2806 2812 2805
f 1878 1691 1898
f 2451 2450 2431
f 1309 1693 1629
f 2754 2806 2753
f 2804 2845 2803
f 542 2563 1646
f 2596 2650 2614
f 2256 2277 2656
f 2818 1185 1166
f 2289 2850 2032
f 2842 1961 2858
f 2465 2502 2485
f 1731 2427 2465
f 2692 2691 2679
f 2422 2695 2658
f 1840 2618 2598
f 2315 2399 2428
f 2619 2618 1840
f 2947 2403 2431
f 2431 2421 2451
f 1475 1043 3398
f 3193 3206 3192
f 2214 1822 2305
f 1065 2564 2622
f 2468 974 2446
f 2596 2614 2580
f 2557 2615 2570
f 2618 2617 2598
f 1065 2622 1090
f 592 581 1488
f 2694 2681 2682
f 1107 2673 2743
f 2290 2234 2743
f 36 1470 1511
f 3474 3400 3402
f 2786 2801 2747
f 2748 2786 2747
f 2570 2597 2580
f 2786 2802 2842
f 2557 2570 2546
f 2464 3410 2798
f 2585 556 2408
f 2403 2421 2431
f 1695 208 1517
f 2870 2283 2335
f 1630 505 504
f 2673 2660 2743
f 2714 2290 2743
f 2582 1880 1874
f 227 3441 3463
f 2525 2580 2545
f 1904 2371 592
f 1925 2710 1911
f 2469 2491 1007
f 1007 2491 2507
f 1055 2515 2507
f 2395 2375 2369
f 1666 581 592
f 2622 2660 2673
f 2660 2714 2743
f 2790 2290 2714
f 1863 592 2371
f 2849 1904 2635
f 2553 2632 2686
f 2738 2585 2408
f 2945 2392 2403
f 1575 2740 213
f 2408 556 2144
f 1127 2839 2077
f 1996 2128 2462
f 2290 2790 2820
f 2787 2803 2802
f 2832 2173 2153
f 1853 2189 2197
f 3187 46 3097
f 1871 1253 2811
f 2706 2748 2705
f 2570 2580 2525
f 2694 2693 2681
f 2799 2601 2584
f 2670 2527 2738
f 2710 2737 1911
f 2814 2538 1453
f 2469 2470 2491
f 2491 2531 2507
f 2531 2564 1055
f 2588 2638 2660
f 2622 2588 2660
f 2660 2715 2714
f 2580 2614 2583
f 2650 2664 2583
f 2545 2580 2583
f 2605 2527 2670
f 2691 2708 2679
f 2356 824 2135
f 2508 2516 2531
f 2491 2508 2531
f 2516 2588 2564
f 2638 2639 2660
f 2639 2715 2660
f 2730 2790 2714
f 2715 2730 2714
f 2239 2314 2831
f 2553 2757 2632
f 1642 2586 1682
f 2788 1904 2849
f 2106 186 1316
f 2734 1972 1939
f 1841 2599 1840
f 2527 2605 2562
f 2044 2079 2812
f 2655 2654 2620
f 1757 1731 2465
f 2470 2508 2491
f 2531 2516 2564
f 2730 2791 2790
f 975 2451 965
f 2479 2466 2486
f 2585 2527 1957
f 2453 2471 2470
f 2471 2481 2470
f 2470 2481 2508
f 2548 2588 2516
f 2548 2623 2588
f 2588 2623 2638
f 2638 2623 2639
f 2790 2791 2820
f 2791 2821 2820
f 393 1422 1419
f 2525 2545 2501
f 2620 3221 1862
f 2446 946 2447
f 2704 2747 2769
f 2443 2466 2479
f 3480 3420 3484
f 2418 2410 2429
f 1864 1476 1865
f 2813 2023 1982
f 2453 2433 2471
f 2508 2517 2516
f 2517 2541 2516
f 2541 2548 2516
f 2315 2949 2957
f 2692 2653 2654
f 1654 3485 3406
f 2481 2492 2508
f 2508 2492 2517
f 2623 2640 2639
f 2687 2639 2640
f 2687 2715 2639
f 2687 2731 2715
f 2731 2730 2715
f 2730 2731 2791
f 2729 2819 2789
f 2828 2842 2858
f 192 164 176
f 2417 2239 2831
f 1409 1212 1082
f 3207 3178 3139
f 2956 2315 2957
f 967 2423 2433
f 2548 2589 2623
f 2589 2624 2623
f 2623 2624 2640
f 2705 2747 2704
f 2705 2704 2664
f 2585 1957 1677
f 2427 2443 2465
f 2444 2466 2443
f 1957 2562 2662
f 2433 2472 2471
f 2472 2482 2481
f 2471 2472 2481
f 2481 2482 2492
f 2492 2493 2517
f 2624 2641 2640
f 2641 2687 2640
f 2731 2744 2791
f 2744 2792 2791
f 2791 2792 2821
f 1055 2507 2531
f 347 348 182
f 2559 2242 2558
f 2831 2193 2164
f 2748 2747 2705
f 2262 2171 2443
f 2721 2691 2692
f 967 2382 2423
f 2423 2472 2433
f 2493 2532 2517
f 2517 2532 2541
f 2565 2548 2541
f 2532 2565 2541
f 2792 2835 2821
f 227 161 3441
f 2238 2260 2176
f 2664 2704 2690
f 1512 1588 2856
f 1170 1094 951
f 2605 2670 2384
f 2465 2479 2502
f 2916 2915 2902
f 2171 2444 2443
f 2721 2735 2691
f 2386 2814 2442
f 2380 1488 581
f 2336 2382 949
f 2482 2493 2492
f 2548 2565 2589
f 2641 2697 2687
f 2716 2731 2687
f 2716 2744 2731
f 1690 2168 2498
f 1863 2371 1769
f 2802 2845 2844
f 2801 2786 2842
f 2479 2546 2502
f 2597 2628 2596
f 2742 3473 3405
f 2181 2105 2766
f 1646 2586 1637
f 2382 2411 2423
f 2423 2434 2472
f 2589 2606 2624
f 2624 2606 2641
f 2716 2687 2697
f 2793 2792 2744
f 2792 2793 2835
f 2793 1929 2835
f 2757 2739 2632
f 1642 1682 1118
f 2635 2267 2849
f 1987 3147 3341
f 2289 2819 2234
f 2382 2393 2411
f 2411 2434 2423
f 2434 2454 2472
f 2454 2473 2472
f 2472 2473 2482
f 2473 2518 2493
f 2482 2473 2493
f 2565 2607 2589
f 2607 2606 2589
f 2606 2697 2641
f 2526 2525 2501
f 2526 2501 2485
f 1723 2410 2419
f 2546 2526 2502
f 2804 2803 2771
f 1646 2563 2586
f 2493 2518 2532
f 2518 2565 2532
f 2697 2732 2716
f 2732 2759 2744
f 2716 2732 2744
f 2759 2780 2744
f 2780 2793 2744
f 2780 1929 2793
f 2614 2650 2583
f 2650 2705 2664
f 3281 3347 3298
f 1976 2124 2189
f 1976 2149 2124
f 2140 2757 2815
f 2769 2801 2828
f 2393 2404 2411
f 2404 2434 2411
f 2454 2474 2473
f 2518 2519 2565
f 2674 2732 2697
f 1937 1822 2611
f 1588 592 1863
f 1961 592 1588
f 1961 1588 2858
f 1996 2462 2774
f 2335 1721 1860
f 1853 1976 2189
f 2833 2777 2742
f 2380 2799 1488
f 2453 2470 2469
f 1929 2246 2215
f 2473 2474 2518
f 2519 2566 2565
f 2566 2608 2607
f 2565 2566 2607
f 2606 2674 2697
f 2674 2698 2732
f 2698 2759 2732
f 1929 2780 2246
f 3347 3334 3298
f 844 3483 3474
f 1666 592 1961
f 2844 1656 2843
f 2546 2570 2526
f 1142 3407 3408
f 2404 2454 2434
f 2474 2494 2518
f 2608 2606 2607
f 2608 2642 2606
f 2606 2642 2674
f 2809 2780 2759
f 2698 2809 2759
f 1966 2216 2667
f 1957 2662 1677
f 2658 2695 2634
f 2263 2108 1976
f 2277 2278 2602
f 2451 993 2450
f 2393 2394 2404
f 2404 2424 2454
f 2454 2455 2474
f 2518 2494 2519
f 2674 2661 2698
f 2760 2809 2698
f 2780 2836 2246
f 3410 3414 448
f 2956 2971 2182
f 1976 1643 2263
f 2839 1127 2281
f 2777 2815 2757
f 3436 3416 3415
f 2336 2373 2393
f 2394 2412 2404
f 2404 2412 2424
f 2424 2455 2454
f 2533 2519 2494
f 2533 2566 2519
f 2642 2661 2674
f 2661 2718 2698
f 2718 2717 2698
f 2717 2760 2698
f 2386 2538 2814
f 2597 2596 2580
f 1871 2030 2075
f 2373 2394 2393
f 2455 2475 2474
f 2474 2475 2494
f 2520 2533 2494
f 2642 2643 2661
f 2643 2718 2661
f 2760 2794 2809
f 2822 2780 2809
f 2822 2836 2780
f 2397 2671 2506
f 2350 2133 2197
f 2328 1853 2133
f 2328 1976 1853
f 1976 2328 1643
f 2817 2833 2742
f 1680 2829 1883
f 1677 2602 556
f 2950 2949 2171
f 2339 556 2602
f 2475 2483 2494
f 2483 2520 2494
f 2520 2534 2533
f 2534 2567 2533
f 2533 2567 2566
f 2566 2567 2608
f 2567 2590 2608
f 2794 2822 2809
f 1488 1904 592
f 2667 2263 1643
f 2197 2189 2294
f 2587 2799 2584
f 2384 2670 2711
f 2367 2374 2373
f 2366 2367 2373
f 2373 2374 2394
f 2643 2642 2608
f 2590 2643 2608
f 2781 2760 2717
f 2760 2781 2794
f 2822 2249 2836
f 2249 231 2836
f 2742 2686 1654
f 3396 1471 3378
f 1731 1711 2409
f 2560 2242 2559
f 2207 231 2231
f 2199 2678 2260
f 2095 542 1646
f 2634 2260 2678
f 2435 2455 2424
f 2435 2456 2475
f 2455 2435 2475
f 2483 2521 2520
f 2520 2521 2534
f 2707 2749 2706
f 2749 2770 2706
f 2134 2271 2572
f 542 167 2563
f 2234 2729 2743
f 2328 2667 1643
f 2465 2443 2479
f 2832 2741 2817
f 2374 2383 2394
f 2383 2412 2394
f 2456 2476 2475
f 2475 2476 2483
f 2521 2549 2534
f 2534 2549 2567
f 2625 2643 2590
f 2718 2781 2717
f 2781 2795 2794
f 2108 2263 2003
f 2367 2375 2374
f 2374 2375 2383
f 2412 2425 2424
f 2424 2425 2435
f 2483 2509 2521
f 2549 2573 2567
f 2567 2573 2590
f 2643 2625 2718
f 2795 2837 2794
f 2837 2822 2794
f 2837 2852 2822
f 2852 2249 2822
f 2615 2597 2570
f 2162 2133 2350
f 2023 2812 1982
f 1864 2452 1476
f 2738 2408 1905
f 2413 2412 2383
f 2412 2413 2425
f 2425 2456 2435
f 2549 2591 2573
f 2590 2573 2625
f 2625 2719 2718
f 2718 2719 2781
f 2681 2654 2655
f 2681 2680 2654
f 2805 2772 2736
f 2686 2632 2630
f 1476 2604 2601
f 2832 2817 2204
f 2562 2506 2662
f 2367 2368 2375
f 2395 2413 2383
f 2413 2426 2425
f 2425 2426 2456
f 2476 2509 2483
f 2521 2509 2549
f 2549 2550 2591
f 2573 2626 2625
f 2719 2783 2781
f 2781 2782 2795
f 2782 2810 2795
f 2795 2810 2837
f 2741 2830 2833
f 2724 1712 2683
f 2595 2583 2613
f 2283 1721 2335
f 2118 2723 2162
f 177 176 164
f 2647 2663 1902
f 2829 2845 2804
f 2426 2457 2456
f 2457 2484 2476
f 2456 2457 2476
f 2484 2509 2476
f 2509 2550 2549
f 2626 2644 2625
f 2625 2644 2719
f 2781 2783 2782
f 2280 2249 2852
f 557 2271 2162
f 2596 2665 2650
f 2662 3461 1677
f 2383 2375 2395
f 2509 2522 2550
f 2550 2574 2591
f 2591 2626 2573
f 2699 2783 2719
f 937 938 948
f 2502 2526 2485
f 2262 2427 2409
f 2204 2726 2656
f 2788 2849 1689
f 2484 2522 2509
f 2522 2551 2550
f 2550 2551 2574
f 2644 2675 2719
f 2719 2675 2699
f 2783 2784 2782
f 2782 2784 2810
f 2823 2837 2810
f 2823 2852 2837
f 2723 2175 557
f 2604 2480 2807
f 2378 2372 2142
f 2742 2553 2686
f 2665 2706 2650
f 2726 2204 2817
f 2368 2369 2375
f 2457 2436 2484
f 2551 2575 2574
f 2575 2626 2591
f 2784 2823 2810
f 2280 2852 214
f 2400 2401 2410
f 2586 2711 1682
f 2921 2943 2897
f 2665 2707 2706
f 2741 2833 2817
f 2395 2414 2413
f 2413 2414 2426
f 2414 2436 2457
f 2426 2414 2457
f 2522 2510 2551
f 2574 2575 2591
f 2626 2645 2644
f 2318 2852 2823
f 2318 214 2852
f 1874 2578 2582
f 2175 2766 557
f 557 2766 2271
f 2695 1453 2659
f 2401 2400 2391
f 2510 2542 2551
f 2645 2626 2575
f 2644 2645 2675
f 2675 2688 2699
f 2688 2761 2699
f 2699 2761 2783
f 1881 2117 2865
f 1911 2694 2682
f 2766 2572 2271
f 2651 2666 2628
f 2124 2149 2323
f 3045 3118 3058
f 2416 2807 2658
f 2401 2419 2410
f 2369 2270 2395
f 2477 2436 2414
f 2477 2484 2436
f 2484 2495 2522
f 2495 2510 2522
f 2551 2542 2575
f 2761 2784 2783
f 2133 2162 2328
f 2452 2480 2604
f 2680 2692 2654
f 2583 2664 2613
f 2405 2414 2395
f 2477 2495 2484
f 2676 2700 2688
f 2675 2676 2688
f 2688 2700 2761
f 2761 2745 2784
f 2784 2762 2823
f 2584 2636 2129
f 2131 2121 1247
f 1887 2027 2126
f 2182 2971 2970
f 2823 2762 2224
f 3344 3315 1466
f 3401 2277 2602
f 2369 2869 2866
f 2275 2158 2417
f 2270 2376 2395
f 2437 2495 2477
f 2510 2535 2542
f 2575 2609 2645
f 2609 2676 2675
f 2645 2609 2675
f 2700 2745 2761
f 1588 953 2856
f 2828 2858 1512
f 2226 1860 1721
f 2453 967 2433
f 2692 2679 2653
f 2802 2843 2842
f 2615 2628 2597
f 1805 2486 2466
f 2847 1905 2238
f 3129 3103 3070
f 2874 2884 2873
f 3050 3096 3016
f 2376 2405 2395
f 2438 2414 2405
f 2437 2477 2414
f 2438 2437 2414
f 2495 2535 2510
f 2542 2576 2575
f 2592 2609 2575
f 2745 2762 2784
f 2584 2416 2636
f 2632 1669 2554
f 22 57 35
f 2130 2418 2220
f 2371 1904 2788
f 3437 2727 2767
f 2275 2417 2294
f 2388 2390 2418
f 2545 2583 2595
f 2919 2940 2939
f 2464 2834 2487
f 2427 1731 2409
f 2631 2657 2487
f 2656 2218 2204
f 2576 2592 2575
f 2762 2824 2224
f 2095 1646 2074
f 2584 2129 2635
f 2666 2708 2665
f 2385 2547 2442
f 1012 2150 2775
f 2981 2389 2388
f 3268 3267 3208
f 3209 3268 3208
f 3378 1460 3317
f 2376 2377 2405
f 2458 2437 2438
f 2458 2536 2437
f 2437 2536 2495
f 2535 2552 2542
f 2542 2552 2576
f 2592 2627 2609
f 2627 2733 2609
f 2609 2733 2676
f 2772 2804 2751
f 2665 2708 2707
f 3440 3422 3459
f 2735 2772 2751
f 2772 2829 2804
f 3039 3083 2401
f 2869 2875 2866
f 2798 2834 2464
f 2631 2487 2834
f 1871 2811 2511
f 2439 2438 2405
f 2439 2458 2438
f 2495 2536 2535
f 2535 2536 2552
f 2676 2733 2700
f 2733 2745 2700
f 2854 2224 2824
f 2601 2416 2584
f 2709 2721 2680
f 705 134 158
f 2752 2736 2721
f 2802 2844 2843
f 1646 1637 1330
f 2965 2964 2930
f 2851 2631 2834
f 1909 2151 2631
f 2377 2117 1881
f 1755 2269 2241
f 2627 2689 2733
f 2689 2677 2733
f 2763 2762 2745
f 2066 2841 2855
f 2693 2709 2681
f 2121 2151 1909
f 2741 2153 2830
f 2752 2805 2736
f 2806 2805 2753
f 2419 2401 3083
f 2121 2131 2151
f 1881 2415 2405
f 1830 1829 1809
f 2405 2415 2439
f 2496 2536 2458
f 2543 2552 2536
f 2593 2576 2552
f 2593 2592 2576
f 2610 2627 2592
f 2593 2610 2592
f 2762 2763 2824
f 2206 2820 2125
f 2076 1118 2758
f 2680 2721 2692
f 3189 3222 1479
f 2292 212 800
f 946 2948 2449
f 2459 2458 2439
f 2459 2496 2458
f 2496 2543 2536
f 2568 2552 2543
f 2568 2593 2552
f 2763 2745 2733
f 2763 2825 2824
f 2824 2825 2854
f 2736 2735 2721
f 2683 2603 2600
f 2754 2753 2737
f 2127 2635 2129
f 3272 3271 3236
f 1904 2799 2587
f 2380 2601 2799
f 2600 2603 2838
f 1705 1714 1480
f 2503 2798 1870
f 2503 2834 2798
f 1838 2631 2851
f 2631 1838 1909
f 1911 2737 2694
f 2610 2689 2627
f 2733 2677 2763
f 2763 2764 2825
f 1488 2799 1904
f 2652 2616 2617
f 2538 2076 1453
f 3124 3123 3082
f 3235 1456 1463
f 2503 2851 2834
f 2739 1669 2632
f 2594 2593 2568
f 2846 591 1683
f 2265 2756 2292
f 2756 212 2292
f 2485 2501 2500
f 1904 2584 2635
f 2724 2683 2563
f 1463 1481 1705
f 3237 3236 3195
f 2942 2964 2963
f 2696 1838 2851
f 1881 2396 2415
f 2460 2439 2415
f 2439 2460 2459
f 2459 2497 2496
f 2594 2610 2593
f 2689 2701 2677
f 2677 2764 2763
f 2751 2750 2691
f 2130 2428 2399
f 1655 2422 2385
f 2797 1795 2671
f 3235 1463 1705
f 2886 2892 2878
f 3241 3255 3284
f 2941 2942 2963
f 2696 2851 2503
f 1705 1479 3222
f 2422 1655 2695
f 2372 2396 1881
f 2460 2497 2459
f 1829 2496 2497
f 1829 2543 2496
f 1829 1858 2543
f 1858 2568 2543
f 2594 2689 2610
f 2701 2764 2677
f 2004 2826 2042
f 2755 2754 2710
f 1287 2547 2079
f 556 2339 2144
f 3235 1705 3222
f 3022 3035 3011
f 2379 2503 1870
f 2728 2696 2503
f 3347 3375 3334
f 2396 2378 2415
f 1809 1829 2497
f 1920 2594 2568
f 1872 1920 2568
f 1967 2689 2594
f 2162 2350 2118
f 1094 3417 3438
f 2265 2445 2756
f 1656 1865 2380
f 1082 2305 1822
f 1480 1479 1705
f 2725 1870 2629
f 2725 2379 1870
f 2379 2728 2503
f 2738 1905 952
f 2415 2440 2460
f 2440 2441 2460
f 2460 2441 2497
f 2441 1809 2497
f 1967 2702 2689
f 2702 2701 2689
f 2765 2764 2701
f 2764 2796 2825
f 2825 2839 2281
f 3446 1343 1934
f 1683 2530 1746
f 2176 952 2847
f 2445 2775 2756
f 3428 3477 3481
f 2846 2829 2772
f 2843 1656 1666
f 2654 2653 2618
f 2398 952 2176
f 2998 3046 2996
f 3350 3380 3359
f 2753 2752 2709
f 2406 2440 2415
f 1982 2812 2806
f 1778 1765 1766
f 2646 1967 2594
f 2701 2702 2765
f 2796 2764 2765
f 2796 2839 2825
f 2858 1588 1512
f 2812 2023 2044
f 2657 2151 2145
f 2753 2805 2752
f 2489 2450 993
f 3012 2985 2986
f 2728 2430 2696
f 2696 2430 1848
f 2588 2622 2564
f 1807 2797 2838
f 2723 557 2162
f 953 1863 1769
f 2238 2176 2847
f 3168 3183 3135
f 3218 3217 3183
f 3287 3306 3305
f 3062 3080 3079
f 3380 1172 3359
f 3285 3322 3284
f 2905 2930 2942
f 3146 3124 3052
f 3014 3062 3048
f 3350 3381 3380
f 3338 3350 3349
f 3238 3302 3237
f 3302 3272 3237
f 3230 3238 3212
f 3051 3082 3050
f 3003 3014 3037
f 3073 3091 3090
f 2969 2955 2946
f 2947 2969 2946
f 2968 2967 2955
f 3396 3397 2432
f 1657 1781 3247
f 1172 3399 3359
f 3399 1172 979
f 3001 3012 2986
f 2969 2968 2955
f 3276 3275 3256
f 3283 3349 3304
f 3339 3352 3351
f 3320 3301 3272
f 3318 3358 3282
f 1461 3113 1454
f 3014 3049 3062
f 3049 3080 3062
f 3217 3256 3216
f 3440 3459 1179
f 3339 3338 3322
f 2987 3002 3001
f 3143 3135 3198
f 3081 3079 3080
f 3122 3135 3109
f 3168 3218 3183
f 3218 3257 3217
f 3122 3109 3079
f 2965 2987 2964
f 2979 2978 2954
f 3257 3276 3217
f 3180 3164 3130
f 3288 3287 3276
f 3017 3053 3051
f 2955 2954 2945
f 3053 3052 3051
f 3053 3146 3052
f 3356 1460 1470
f 2955 2979 2954
f 3261 3247 3466
f 3261 1092 3247
f 3247 1092 1510
f 3155 3164 3194
f 3037 3014 3048
f 3132 3231 3167
f 3348 3398 3337
f 3471 3261 3466
f 1092 3233 1610
f 3201 1610 3233
f 1710 1703 2906
f 3015 2967 2968
f 3015 3003 2967
f 3015 3014 3003
f 3233 1092 3261
f 3158 3122 3079
f 3081 3158 3079
f 2938 2999 2937
f 3183 3198 3135
f 3471 3452 3261
f 1510 1092 1610
f 3261 3452 3233
f 1473 2432 1474
f 3158 3168 3122
f 3082 3123 3096
f 2891 2895 2876
f 3046 3045 2996
f 3257 3288 3276
f 3335 3358 3318
f 3256 3275 3255
f 26 560 3325
f 2945 2944 2392
f 2365 2877 2366
f 2103 1348 1347
f 2988 2987 2965
f 3341 769 1987
f 3349 3321 3303
f 3092 3133 3091
f 3197 3198 3216
f 3133 3142 3132
f 3028 3036 3047
f 2988 3002 2987
f 3036 3028 3029
f 3047 3092 3091
f 3132 3142 3156
f 3282 3357 3299
f 2920 2941 2940
f 3143 3198 3197
f 3380 3381 1172
f 3239 3230 3231
f 3079 3109 3095
f 3132 3167 3120
f 2979 3013 2989
f 3351 3350 3338
f 2885 2890 2902
f 3274 3322 3283
f 2978 2979 2989
f 3322 3349 3283
f 2945 2954 2944
f 3305 3306 3325
f 3090 3133 3120
f 2999 2984 2937
f 3130 3141 3118
f 3389 3330 3367
f 1471 3396 1472
f 3049 3081 3080
f 3104 3119 3045
f 944 2879 2887
f 1140 1395 1782
f 3360 329 339
f 1782 3327 551
f 3164 3155 3140
f 3077 3108 3076
f 3350 3351 3381
f 3277 3288 3257
f 3291 1632 1650
f 3047 3091 3026
f 3275 3287 3305
f 3423 697 1047
f 3276 3287 3275
f 3270 3300 3269
f 564 3351 3352
f 1395 3327 1782
f 3327 3097 551
f 3285 3339 3322
f 3059 3022 3011
f 3304 3349 3303
f 2967 3003 2979
f 2987 2986 2964
f 3216 3256 3232
f 3270 3269 3229
f 3073 3090 3107
f 3160 3184 76
f 3197 3216 3215
f 1309 280 498
f 3015 3063 3014
f 3135 3143 3134
f 3063 3049 3014
f 2895 2891 2904
f 3305 3325 3324
f 3063 3081 3049
f 3144 3158 3081
f 3095 3109 3094
f 3135 3134 3109
f 3144 3168 3158
f 2966 2978 2989
f 3366 172 3172
f 242 2669 3258
f 3105 3131 3071
f 3242 3257 3218
f 2944 2954 2931
f 3242 3277 3257
f 3023 3024 3060
f 3180 3179 3164
f 3256 3255 3232
f 3047 3026 3028
f 3168 3135 3122
f 3210 3236 3271
f 3211 3237 3166
f 261 2669 242
f 3327 3203 3097
f 3203 3187 3097
f 1306 46 3187
f 3025 3073 3107
f 2919 2920 2940
f 3338 3339 3351
f 2953 2965 2930
f 2997 2998 2996
f 3203 3186 3187
f 2917 2997 2936
f 3146 3161 3124
f 3275 3286 3255
f 938 2879 944
f 3024 2985 3025
f 2963 2985 3024
f 2941 2963 2975
f 2940 2941 2975
f 2921 2897 2879
f 938 2921 2879
f 3161 3160 3123
f 2986 2987 3001
f 2953 2930 2897
f 3074 3092 3047
f 3203 3292 3186
f 2381 3030 2391
f 3196 3197 3215
f 3145 3144 3081
f 2911 2920 2919
f 3074 3047 3036
f 3187 3186 3387
f 3094 3109 3093
f 3219 3218 3168
f 3199 3219 3168
f 3143 3197 3196
f 3374 3375 563
f 3275 3305 3286
f 3286 3305 3324
f 3023 3059 3011
f 2887 2878 2868
f 3358 3397 3357
f 3219 3242 3218
f 1250 3292 3203
f 3292 3329 3186
f 1628 1344 3387
f 1625 1626 3173
f 3213 3239 3231
f 2978 2966 2954
f 2892 2891 2877
f 3106 3072 3059
f 3357 3397 3378
f 3186 3280 3387
f 3123 3136 3111
f 2918 2928 2909
f 2895 2904 2903
f 2918 2909 2903
f 3123 3111 3096
f 3023 3011 2984
f 1250 3382 3292
f 3292 3382 3329
f 3280 1628 3387
f 2195 2226 2198
f 3052 3124 3082
f 3213 3231 3132
f 3071 3104 3046
f 3134 3157 3121
f 1927 3365 3364
f 1471 1472 1496
f 3254 3319 3270
f 2966 2976 2953
f 2929 2938 2910
f 3329 3202 3186
f 3186 3202 3280
f 3165 3210 3180
f 3012 3028 3027
f 2685 1475 3398
f 1845 1950 3480
f 2930 2964 2942
f 2910 2918 2903
f 1349 241 1348
f 3246 3382 1608
f 2974 2998 2997
f 2909 2917 2916
f 3075 3092 3074
f 3317 3357 3378
f 3052 3082 3051
f 1963 2685 979
f 3382 3148 3329
f 3329 3148 3202
f 3202 3328 3280
f 3167 3166 3072
f 3365 1927 3389
f 3133 3132 3120
f 3405 2817 2742
f 3022 3105 3071
f 550 351 1218
f 3076 3075 3061
f 2982 3034 3010
f 3382 3246 3148
f 3328 1132 3280
f 3377 1628 3280
f 1132 3377 3280
f 3377 3361 1628
f 3157 3182 3156
f 2984 2974 2928
f 2990 2968 2969
f 2990 3015 2968
f 1944 3365 3388
f 3365 3389 3388
f 1457 3296 3344
f 3166 3165 3131
f 1946 3341 1469
f 1632 3291 3308
f 3271 3254 3180
f 2876 2875 2869
f 2867 2876 2869
f 3301 3319 3254
f 3328 3202 3148
f 3038 3063 3015
f 840 838 2243
f 3447 2511 3425
f 3246 3308 3291
f 1310 486 714
f 3367 2467 3389
f 1946 1947 3341
f 3309 3310 1649
f 2876 2895 2875
f 3136 3171 3159
f 3136 3159 3111
f 3119 3165 3130
f 3399 2685 3398
f 3399 3398 3348
f 3331 3367 3330
f 3386 3328 3148
f 2893 2905 2911
f 3130 3164 3141
f 3387 1306 3187
f 3337 3379 3335
f 3388 2467 2672
f 2684 3385 1947
f 3025 3091 3073
f 3246 3278 3148
f 3148 3278 3386
f 3179 3229 3209
f 1892 3293 1893
f 563 567 2463
f 3389 2467 3388
f 3220 769 3341
f 3195 3236 3210
f 3278 3246 3291
f 2377 2376 2370
f 3386 3363 3328
f 3165 3180 3130
f 3102 3154 3153
f 3293 3331 3330
f 565 3277 3243
f 1975 1945 1946
f 3388 2672 1928
f 3237 3272 3236
f 1650 3278 3291
f 3340 3386 3278
f 3363 1132 3328
f 1132 2991 3377
f 2991 3326 3377
f 3326 1674 3377
f 3377 1674 1668
f 3254 3229 3180
f 3319 3300 3270
f 2885 2895 2890
f 3324 3323 3286
f 3145 3168 3144
f 3145 3199 3168
f 2672 3385 2684
f 3385 3289 3341
f 1947 3385 3341
f 3289 3220 3341
f 3154 3193 3153
f 2890 2895 2902
f 2895 2903 2902
f 3131 3165 3119
f 3340 3363 3386
f 2922 2921 937
f 2895 2885 2875
f 3243 3242 3219
f 3311 3293 1892
f 3242 3243 3277
f 2467 662 2672
f 662 3385 2672
f 3249 1549 3220
f 3046 3104 3045
f 3107 3120 3106
f 3359 3399 3348
f 2991 1132 3363
f 3309 1674 3326
f 3090 3091 3133
f 3293 3311 3331
f 3367 662 2467
f 2903 2909 2902
f 937 2921 938
f 3120 3167 3106
f 500 3340 3278
f 1454 3149 1461
f 3231 3212 3167
f 3182 3196 3215
f 560 3324 3325
f 1472 2432 1473
f 3311 3332 3331
f 3331 3332 3367
f 3332 3368 3367
f 3367 3368 662
f 662 3137 3385
f 3385 2407 3289
f 3289 3249 3220
f 2897 2930 2905
f 2897 2893 2879
f 3051 3050 3005
f 3157 3143 3196
f 3188 3340 500
f 3188 3248 3340
f 3185 3363 3340
f 3244 2991 3363
f 2991 3244 3326
f 3244 3309 3326
f 830 3362 881
f 3182 3181 3156
f 3217 3276 3256
f 3311 3312 3332
f 662 1174 3137
f 3137 2407 3385
f 3136 90 3171
f 3024 3025 3060
f 3143 3157 3134
f 3248 3185 3340
f 3185 3244 3363
f 3279 3290 3244
f 3244 3290 3309
f 324 1403 168
f 3093 3109 3108
f 3109 3134 3108
f 3259 3312 3311
f 3332 3369 3368
f 3369 1174 662
f 3368 3369 662
f 3137 3395 2407
f 2909 2916 2902
f 2976 2965 2953
f 2883 2872 2873
f 3309 3290 3310
f 3445 3451 3472
f 3060 3025 3107
f 3039 3065 3083
f 3112 3146 3053
f 3190 1478 3162
f 1862 3221 3259
f 3221 3250 3259
f 3259 3250 3312
f 3395 3137 1174
f 1540 3249 3289
f 3072 3166 3105
f 3106 3167 3072
f 3004 3015 2990
f 3307 3185 3248
f 3279 3244 3185
f 3149 3162 1455
f 2391 3030 3039
f 3065 3113 3083
f 3004 3038 3015
f 3250 3313 3312
f 3312 3313 3332
f 3332 3342 3369
f 2848 3395 1174
f 2407 3384 3289
f 3384 1540 3289
f 939 3219 3199
f 2878 2877 2365
f 2896 2911 2919
f 2954 2966 2943
f 522 3307 3248
f 3307 3279 3185
f 2954 2943 2931
f 3030 3065 3039
f 3064 3081 3063
f 1555 1576 1813
f 3250 3260 3313
f 3313 3342 3332
f 3342 3333 3369
f 3333 2848 1174
f 3369 3333 1174
f 3395 3354 2407
f 3379 2432 3397
f 3156 3181 3213
f 3110 3145 3081
f 3017 973 3053
f 3279 2243 3290
f 2922 2943 2921
f 3018 2381 2389
f 3040 3030 2381
f 3040 3065 3030
f 3040 3066 3065
f 3066 3113 3065
f 3378 1471 1460
f 3221 3260 3250
f 3354 3384 2407
f 3035 2998 2974
f 3379 3358 3335
f 2999 3023 2984
f 3028 3026 3027
f 3169 3199 3145
f 3307 522 853
f 3362 3279 3307
f 3362 840 3279
f 3234 2599 1841
f 3121 3133 3092
f 3121 3142 3133
f 2906 2923 2409
f 2981 3018 2389
f 3018 3040 2381
f 3468 3415 3416
f 2599 3234 3221
f 2620 2599 3221
f 3221 3234 3260
f 3333 2808 2848
f 2621 1540 3384
f 90 590 3171
f 3391 3370 1562
f 3035 3071 3046
f 1491 3113 1461
f 3134 3121 3075
f 881 3362 3307
f 3279 840 2243
f 3031 3018 2981
f 3114 1454 3066
f 2727 2030 2767
f 3260 3294 3313
f 3313 3294 3342
f 3294 3333 3342
f 2848 3354 3395
f 475 3188 500
f 3035 3046 2998
f 2892 2896 2910
f 2878 2892 2877
f 3090 3120 3107
f 3240 3239 3213
f 3181 3240 3213
f 3302 3320 3272
f 2933 2950 2171
f 2262 2933 2171
f 2971 3031 2981
f 3114 3066 3040
f 1454 3114 3149
f 3234 3294 3260
f 2808 3354 2848
f 3325 32 26
f 3271 3301 3254
f 2911 2896 2886
f 3072 3105 3022
f 3269 3268 3209
f 3229 3269 3209
f 2877 2891 2876
f 2999 2975 3000
f 3031 3040 3018
f 3157 3142 3121
f 3296 3235 3223
f 3294 3295 3333
f 3295 3355 3333
f 3333 3355 2808
f 3355 3390 2808
f 3390 1057 2808
f 1057 3354 2808
f 3354 1032 3384
f 2621 3360 1601
f 1472 3396 2432
f 3166 3195 3165
f 2214 2305 1203
f 3075 3121 3092
f 3038 3064 3063
f 3110 3081 3064
f 3125 3040 3031
f 3125 3114 3040
f 3114 3162 3149
f 3234 1833 3294
f 1032 2621 3384
f 1924 2572 2766
f 2896 2929 2910
f 2868 2878 2365
f 3286 3285 3255
f 2957 2971 2956
f 3067 3031 2971
f 1833 1832 1816
f 1615 1625 3391
f 3157 3196 3182
f 3338 3349 3322
f 3284 3322 3274
f 3067 2971 2957
f 1833 1834 3294
f 1057 1032 3354
f 2939 2938 2929
f 3182 3215 3214
f 2949 2958 2957
f 2958 3019 2957
f 3019 3067 2957
f 3067 3125 3031
f 1887 1429 1245
f 973 3112 3053
f 1834 3295 3294
f 3370 3355 3295
f 3314 3370 3295
f 3370 3390 3355
f 2621 2669 3360
f 3149 1455 1462
f 602 3161 3146
f 2390 2381 2391
f 2950 2958 2949
f 3150 3114 3125
f 3150 3162 3114
f 3166 3131 3105
f 1306 3387 1344
f 1032 187 2621
f 2939 2999 2938
f 1540 2621 1601
f 2980 2969 941
f 2980 2990 2969
f 2992 3019 2958
f 3019 3055 3067
f 3126 3125 3067
f 2390 2389 2381
f 3391 3390 3370
f 1625 1057 3390
f 3391 1625 3390
f 1057 3200 1032
f 3200 187 1032
f 187 2669 2621
f 3026 3091 3025
f 2897 2905 2893
f 3119 3130 3118
f 3096 3064 3038
f 3096 3111 3064
f 3111 3110 3064
f 2933 2972 2950
f 2972 2958 2950
f 2972 2992 2958
f 3055 3126 3067
f 1684 1668 1674
f 1834 3314 3295
f 3173 1057 1625
f 3214 3240 3181
f 3159 3145 3110
f 3126 3150 3125
f 3379 3397 3358
f 3343 3370 3314
f 1201 1203 2305
f 3173 3200 1057
f 2999 3000 3023
f 3378 3397 3396
f 2910 2903 2904
f 2376 2270 2866
f 2923 2959 2933
f 2959 2972 2933
f 3174 3150 3126
f 3174 3190 3150
f 3222 3223 3235
f 1456 3235 3296
f 3156 3213 3132
f 3287 3288 3306
f 2386 128 2538
f 3217 3216 3198
f 2870 2888 1703
f 2888 2912 2906
f 1703 2888 2906
f 2906 2912 2923
f 2992 3068 3019
f 3068 3055 3019
f 3174 3189 3190
f 3189 3223 3222
f 1162 3442 799
f 1162 1189 3442
f 3316 3315 3344
f 3296 3316 3344
f 2909 2974 2917
f 3200 3394 187
f 3394 3258 187
f 187 3258 2669
f 2938 2937 2918
f 2963 2964 2985
f 2880 2870 2335
f 2870 2880 2888
f 2913 2923 2912
f 2913 2959 2923
f 3068 3126 3055
f 3138 3174 3126
f 3174 3223 3189
f 1478 3189 1479
f 3358 3357 3282
f 1781 3466 3247
f 2880 2335 2861
f 1003 2880 2861
f 2993 2959 2913
f 2993 2972 2959
f 2972 3006 2992
f 3006 3032 2992
f 3032 3068 2992
f 3115 3126 3068
f 3115 3138 3126
f 3251 3223 3174
f 3262 3296 3223
f 3262 3316 3296
f 3316 3345 3315
f 2886 2893 2911
f 453 3200 3173
f 453 3394 3200
f 214 2318 2301
f 940 3005 2980
f 2898 2888 2880
f 2898 2912 2888
f 2898 2913 2912
f 2993 3006 2972
f 3251 3262 3223
f 3345 3371 1466
f 3062 3079 3078
f 3394 3054 3258
f 3071 3131 3104
f 3131 3119 3104
f 3195 3210 3165
f 2891 2892 2904
f 2938 2918 2910
f 3210 3271 3180
f 2859 2871 1003
f 2871 2880 1003
f 2960 2993 2913
f 3068 3098 3115
f 3151 3174 3138
f 3262 3372 3316
f 3372 3345 3316
f 3345 3372 3371
f 3366 453 3173
f 3060 3106 3059
f 3059 3072 3022
f 2894 2898 2880
f 3020 3032 3006
f 3116 3115 3098
f 3127 3138 3115
f 3116 3127 3115
f 3191 3174 3151
f 3191 3251 3174
f 3262 3373 3372
f 3366 3172 453
f 2892 2910 2904
f 3023 3060 3059
f 3000 3024 3023
f 3183 3217 3198
f 2862 2871 2859
f 2894 2880 2871
f 2951 2913 2898
f 2951 2960 2913
f 3020 3006 2993
f 3041 3032 3020
f 3041 3069 3032
f 3084 3068 3032
f 3069 3084 3032
f 3099 3098 3068
f 3084 3099 3068
f 3099 3116 3098
f 3152 3151 3138
f 3152 3175 3151
f 3175 3191 3151
f 3252 3251 3191
f 1840 2599 2619
f 453 3172 3394
f 1841 1832 3234
f 3005 2990 2980
f 3005 3004 2990
f 2894 2924 2898
f 2924 2951 2898
f 2961 2960 2951
f 2960 3020 2993
f 3100 3099 3084
f 3163 3175 3152
f 3224 3252 3191
f 3252 3262 3251
f 3373 3371 3372
f 769 1549 2014
f 3172 3353 3394
f 3353 3383 3054
f 3394 3353 3054
f 3054 3383 250
f 2925 2924 2894
f 2925 2934 2924
f 2934 2951 2924
f 2934 2962 2951
f 2962 2961 2951
f 2961 3007 2960
f 3007 3020 2960
f 3007 3041 3020
f 3069 3085 3084
f 3085 3100 3084
f 3176 3175 3163
f 3175 3176 3191
f 3392 3371 3373
f 2226 2195 2160
f 2778 3353 3172
f 3383 232 250
f 2366 2877 2867
f 3170 3169 3145
f 2881 2871 2862
f 2881 2894 2871
f 2881 2925 2894
f 2925 2952 2934
f 2952 2962 2934
f 3069 3056 3085
f 3225 3191 3176
f 3225 3224 3191
f 3252 3297 3262
f 3297 3373 3262
f 3392 1467 3371
f 1562 1615 3391
f 3159 3170 3145
f 1822 2214 2774
f 3029 3028 3012
f 3286 3323 3285
f 3383 233 232
f 560 3323 3324
f 3112 603 3146
f 2899 2925 2881
f 2935 2952 2925
f 2995 2962 2952
f 2995 2961 2962
f 3021 3041 3007
f 3056 3069 3041
f 3056 3086 3085
f 3393 3392 3373
f 3393 1145 3392
f 1145 1467 3392
f 1462 1455 1478
f 3323 3339 3285
f 1826 1834 1833
f 1475 1673 1043
f 2882 2881 2862
f 2860 2882 2862
f 2926 2935 2925
f 2899 2926 2925
f 3056 3087 3086
f 3263 3252 3224
f 3297 3393 3373
f 2878 2893 2886
f 2243 3310 3290
f 1636 3245 3353
f 3245 3383 3353
f 3245 233 3383
f 2887 2893 2878
f 2918 2937 2928
f 1468 1467 1145
f 2863 2882 2860
f 2973 2995 2952
f 3008 3007 2994
f 3008 3021 3007
f 3021 3056 3041
f 3263 3297 3252
f 1845 3484 1812
f 575 979 1172
f 2937 2984 2928
f 3211 3238 3237
f 2889 2881 2882
f 2889 2899 2881
f 2899 2907 2926
f 2973 2935 2926
f 2973 2952 2935
f 3009 2995 2973
f 3056 3088 3087
f 3264 3224 3225
f 3264 3263 3224
f 3263 3346 3297
f 2463 1145 3393
f 941 2969 2402
f 3245 1667 233
f 3022 3071 3035
f 1702 1728 2870
f 3005 3016 3004
f 3016 3038 3004
f 2914 2973 2926
f 3010 3009 2973
f 3088 3021 3008
f 3088 3056 3021
f 3226 3264 3225
f 3346 3393 3297
f 3016 3096 3038
f 3082 3096 3050
f 1667 215 233
f 2864 2882 2863
f 2899 2889 2907
f 2914 2926 2907
f 3010 3044 3009
f 2931 2943 2922
f 979 2685 3399
f 3108 3134 3075
f 3111 3159 3110
f 3159 3171 3170
f 2872 2889 2882
f 2889 2900 2907
f 2900 2914 2907
f 3265 3264 3226
f 3374 3393 3346
f 3157 3156 3142
f 3349 3359 3348
f 2974 3011 3035
f 2877 2876 2867
f 2943 2966 2953
f 3003 3013 2979
f 2864 2872 2882
f 3043 3042 3088
f 3042 3101 3088
f 3298 3264 3265
f 3298 3263 3264
f 3334 3374 3346
f 563 3393 3374
f 1039 551 3097
f 2986 2985 2964
f 2920 2942 2941
f 3017 3051 940
f 3010 3033 3044
f 3266 3265 3226
f 3334 3346 3263
f 3124 3161 3123
f 3212 3238 3211
f 1454 3113 3066
f 1475 2685 1963
f 3349 3348 3321
f 3123 3160 3136
f 2889 2901 2900
f 2908 2914 2900
f 2908 2927 2914
f 2927 2973 2914
f 3375 3374 3334
f 3027 3025 2985
f 2943 2953 2897
f 329 3360 261
f 2928 2974 2909
f 3212 3211 3167
f 3027 3026 3025
f 3167 3211 3166
f 2873 2872 2864
f 2872 2883 2889
f 2889 2883 2901
f 2908 2900 2901
f 2982 2973 2927
f 2982 3010 2973
f 3266 3226 3204
f 3205 3266 3204
f 3266 3298 3265
f 3298 3334 3263
f 1668 3361 3377
f 3237 3195 3166
f 3119 3118 3045
f 2865 2873 2864
f 2983 2982 2927
f 3089 3042 3043
f 3089 3102 3117
f 3042 3089 3117
f 3102 3128 3117
f 3227 3266 3205
f 3206 3227 3205
f 3227 3281 3266
f 3281 3298 3266
f 1458 3344 1466
f 2988 2965 2976
f 3013 3003 3037
f 3093 3108 3077
f 2988 2976 2977
f 3061 3074 3036
f 3077 3076 3061
f 3077 3061 3036
f 2977 2966 2989
f 3078 3079 3095
f 2989 3013 3037
f 2977 2989 3037
f 3048 3062 3078
f 2977 3037 3048
f 2977 3048 3078
f 2977 3078 3095
f 2977 3095 3094
f 2977 3094 3093
f 2977 3093 3077
f 2977 3077 3036
f 2977 3036 3029
f 2977 3029 3012
f 2977 3012 3001
f 3002 2988 2977
f 3002 2977 3001
f 3314 1834 1827
f 3343 3314 1827
f 1595 1596 1602
f 1602 1562 3370
f 1602 3370 3343
f 1602 3343 1827
f 1595 1602 1827
f 1594 1595 1827
f 3044 3033 3057
f 3043 3088 3008
f 2994 3007 2961
f 3141 3140 3129
f 2994 2961 2995
f 3058 3141 3129
f 3058 3129 3070
f 3057 3058 3070
f 3057 3070 3043
f 3044 3057 3043
f 3044 3043 3008
f 3044 3008 2994
f 2994 2995 3009
f 3044 2994 3009
f 3321 3348 3337
f 3273 3230 3239
f 3282 3299 3267
f 3320 3302 3238
f 3232 3255 3241
f 3320 3238 3273
f 3214 3215 3216
f 3214 3216 3232
f 3267 3268 3269
f 3282 3267 3269
f 3283 3304 3303
f 3240 3214 3232
f 3282 3269 3300
f 3240 3232 3241
f 3240 3241 3284
f 3318 3282 3300
f 3335 3318 3300
f 3321 3337 3336
f 3303 3321 3336
f 3239 3240 3284
f 3273 3239 3284
f 3273 3284 3274
f 3273 3274 3283
f 3273 3283 3303
f 3273 3303 3336
f 3335 3300 3319
f 3335 3319 3301
f 3336 3335 3301
f 3336 3301 3320
f 3336 3320 3273
f 3087 3088 3101
f 3226 3225 3176
f 3101 3042 3117
f 3204 3226 3176
f 3153 3193 3192
f 3128 3102 3153
f 3192 3206 3205
f 3153 3192 3205
f 3152 3138 3127
f 3116 3099 3100
f 3100 3085 3086
f 3127 3116 3100
f 3152 3127 3100
f 3152 3100 3086
f 3204 3176 3163
f 3117 3128 3153
f 3117 3153 3205
f 3101 3117 3205
f 3087 3101 3205
f 3087 3205 3204
f 3087 3204 3163
f 3087 3163 3152
f 3087 3152 3086
