# Blender 5.1.2
# www.blender.org
o U3DMesh
v -0.198067 0.031434 -0.548531
v -0.199168 0.032027 -0.573839
v -0.200188 0.051542 -0.581546
v -0.197950 0.052249 -0.541969
v -0.192160 0.021537 -0.603267
v -0.191555 0.032551 -0.611369
v -0.181538 -0.005180 -0.619030
v -0.181024 -0.003866 -0.621305
v -0.180081 0.061210 -0.582945
v -0.185570 0.059561 -0.539447
v -0.178164 0.037846 -0.613279
v -0.173902 0.025460 -0.601623
v -0.181538 -0.005180 -0.619030
v -0.192160 0.021537 -0.603267
v -0.199168 0.032027 -0.573839
v -0.174724 0.037102 -0.571133
v -0.178155 0.032588 -0.546850
v -0.198067 0.031434 -0.548531
v -0.174993 0.050945 -0.540562
v -0.168184 0.051823 -0.576774
v -0.169685 0.033447 -0.607620
v -0.153713 0.029830 -0.506167
v -0.147696 0.027400 -0.529062
v -0.148115 0.044385 -0.536726
v -0.153947 0.048248 -0.504590
v -0.136236 0.018122 -0.552561
v -0.135400 0.026469 -0.558950
v -0.127737 -0.003058 -0.567284
v -0.127070 -0.001813 -0.569594
v -0.133740 0.053593 -0.536386
v -0.143488 0.055276 -0.498855
v -0.128499 0.030473 -0.559297
v -0.124067 0.021395 -0.550161
v -0.127737 -0.003058 -0.567284
v -0.136236 0.018122 -0.552561
v -0.147696 0.027400 -0.529062
v -0.127893 0.031173 -0.524237
v -0.153713 0.029830 -0.506167
v -0.135180 0.032477 -0.498140
v -0.134260 0.046749 -0.494979
v -0.123843 0.046815 -0.529820
v -0.123035 0.027982 -0.555054
v -0.249868 0.031962 -0.551159
v -0.254331 0.029043 -0.576814
v -0.256462 0.048646 -0.584538
v -0.250380 0.051491 -0.547432
v -0.253536 0.018939 -0.606519
v -0.253317 0.029174 -0.612527
v -0.248693 -0.006237 -0.626032
v -0.248714 -0.004438 -0.628644
v -0.239310 0.056491 -0.589205
v -0.237685 0.058630 -0.547007
v -0.244443 0.033076 -0.616559
v -0.239119 0.018659 -0.607477
v -0.248693 -0.006237 -0.626032
v -0.253536 0.018939 -0.606519
v -0.254331 0.029043 -0.576814
v -0.231793 0.028930 -0.578883
v -0.231063 0.032406 -0.553608
v -0.249868 0.031962 -0.551159
v -0.227721 0.049933 -0.549829
v -0.229603 0.044921 -0.585333
v -0.238219 0.027495 -0.613134
v -0.306935 0.023859 -0.520399
v -0.315576 0.022023 -0.546289
v -0.319025 0.037861 -0.552304
v -0.307771 0.041045 -0.518562
v -0.320701 0.010634 -0.574023
v -0.322307 0.019567 -0.579269
v -0.319164 -0.015296 -0.593273
v -0.319838 -0.013588 -0.595586
v -0.307841 0.044666 -0.558202
v -0.299803 0.051808 -0.523022
v -0.315350 0.022869 -0.583070
v -0.308421 0.010930 -0.577063
v -0.319164 -0.015296 -0.593273
v -0.320701 0.010634 -0.574023
v -0.315576 0.022023 -0.546289
v -0.298737 0.022457 -0.550821
v -0.306935 0.023859 -0.520399
v -0.289613 0.024903 -0.526371
v -0.287109 0.042176 -0.525115
v -0.298455 0.036240 -0.556858
v -0.309071 0.018389 -0.581554
v -0.334365 0.016593 -0.470701
v -0.345953 0.013948 -0.494853
v -0.351673 0.028187 -0.499618
v -0.337185 0.030929 -0.470967
v -0.350876 0.004830 -0.517840
v -0.353711 0.012300 -0.522285
v -0.348846 -0.015846 -0.535634
v -0.349739 -0.014745 -0.537569
v -0.341559 0.035685 -0.506564
v -0.327676 0.037617 -0.476684
v -0.348224 0.015541 -0.526355
v -0.340402 0.006365 -0.522301
v -0.348846 -0.015846 -0.535634
v -0.350876 0.004830 -0.517840
v -0.345953 0.013948 -0.494853
v -0.331203 0.016240 -0.501564
v -0.320656 0.016707 -0.480939
v -0.334365 0.016593 -0.470701
v -0.319499 0.030567 -0.480527
v -0.331878 0.027877 -0.506660
v -0.342186 0.012441 -0.526024
v 0.000111 0.866926 0.689895
v 0.000017 0.811836 0.716236
v -0.018377 0.813538 0.707378
v -0.039531 0.862248 0.680744
v 0.000559 0.376275 -0.405492
v -0.000165 0.372156 -0.440520
v -0.050568 0.380787 -0.453851
v -0.048223 0.364760 -0.399810
v -0.002048 0.436103 0.497737
v -0.032333 0.438069 0.511105
v -0.001184 0.466262 0.564900
v -0.209095 0.858746 0.174235
v -0.217946 0.877925 0.287438
v -0.267310 0.741397 0.255304
v -0.243881 0.730811 0.125524
v -0.118251 0.403935 -0.263784
v -0.148376 0.486626 -0.253593
v -0.190588 0.463304 -0.169576
v -0.100887 0.396963 -0.455382
v -0.104113 0.386465 -0.378711
v -0.167002 0.467063 -0.142262
v -0.222556 0.496531 -0.073571
v -0.117529 0.402574 -0.042615
v -0.109695 0.407438 -0.125503
v -0.117963 0.534010 -0.335886
v -0.122315 0.476031 -0.327076
v -0.153994 0.471744 -0.391899
v -0.106783 0.504784 -0.402445
v -0.290997 0.019690 -0.444455
v -0.302959 0.016571 -0.424024
v -0.304834 -0.006487 -0.408069
v -0.273634 -0.014618 -0.428586
v -0.143412 0.011521 -0.409528
v -0.146697 0.010404 -0.439774
v -0.162707 0.006326 -0.453910
v -0.167564 -0.015593 -0.435667
v -0.231755 0.017444 -0.326405
v -0.186922 0.022946 -0.323856
v -0.178684 -0.009646 -0.376740
v -0.209754 -0.021571 -0.401026
v -0.135438 0.069499 -0.429738
v -0.165898 0.076303 -0.446877
v -0.167515 0.072580 -0.459676
v -0.158045 0.075830 -0.457506
v -0.192797 0.085581 -0.462123
v -0.207136 0.085386 -0.477153
v -0.210038 0.081024 -0.488391
v -0.190652 0.085950 -0.487222
v -0.238772 0.090467 -0.463568
v -0.249853 0.074604 -0.465094
v -0.249187 0.072098 -0.479242
v -0.238304 0.085818 -0.487471
v -0.277472 0.047469 -0.297189
v -0.285300 -0.002609 -0.341111
v -0.295967 0.066605 -0.438594
v -0.294192 0.049581 -0.448179
v -0.299220 0.069572 -0.461032
v -0.295827 0.069116 -0.448096
v -0.343070 0.103998 -0.314510
v -0.332198 0.059987 -0.367270
v -0.302028 0.081730 -0.386572
v -0.303129 0.085360 -0.366166
v -0.164404 0.024628 -0.329633
v -0.147881 0.007665 -0.349773
v -0.332865 0.045657 -0.425117
v -0.329518 0.043770 -0.403420
v -0.320302 0.019841 -0.400204
v -0.315694 0.024117 -0.422124
v -0.181175 0.023942 -0.470176
v -0.200097 0.014088 -0.474175
v -0.205341 -0.015938 -0.445253
v -0.237529 -0.008626 -0.445228
v -0.255189 0.020111 -0.471929
v -0.275337 0.014952 -0.457473
v -0.315966 0.068590 -0.422640
v -0.328400 0.034211 -0.348468
v -0.146618 0.070850 -0.388232
v -0.213453 0.082195 -0.458442
v -0.210768 0.101565 -0.426666
v -0.293559 0.068437 -0.426721
v -0.278933 0.083982 -0.448520
v -0.261704 0.095136 -0.410008
v -0.315065 -0.019890 -0.449105
v -0.298077 0.013141 -0.459848
v -0.298077 0.013141 -0.459848
v -0.290997 0.019690 -0.444455
v -0.303842 0.042455 -0.464442
v -0.333634 0.060699 -0.458737
v -0.324932 0.063772 -0.441340
v -0.345175 0.040819 -0.443432
v -0.336300 -0.013348 -0.448547
v -0.173944 0.018210 -0.489966
v -0.149871 -0.006277 -0.471421
v -0.124182 0.015103 -0.465594
v -0.131842 0.074222 -0.474371
v -0.133825 0.071665 -0.454576
v -0.156290 0.074584 -0.466259
v -0.152978 0.076351 -0.483373
v -0.167293 0.055400 -0.491338
v -0.174368 0.060366 -0.469903
v -0.181175 0.023942 -0.470176
v -0.173944 0.018210 -0.489966
v -0.168981 0.010393 -0.511344
v -0.197108 -0.011726 -0.511985
v -0.168981 0.010393 -0.511344
v -0.156460 0.057072 -0.515219
v -0.189716 0.084956 -0.517231
v -0.207026 0.077393 -0.522156
v -0.210811 0.070571 -0.534708
v -0.216348 0.065214 -0.484521
v -0.215200 0.032051 -0.478930
v -0.219563 0.001808 -0.531961
v -0.218582 0.020023 -0.524554
v -0.240065 -0.007129 -0.519737
v -0.236312 0.010452 -0.477309
v -0.215200 0.032051 -0.478930
v -0.218582 0.020023 -0.524554
v -0.213811 0.056097 -0.522002
v -0.258634 0.077775 -0.524909
v -0.241837 0.085123 -0.526092
v -0.270098 0.059016 -0.528115
v -0.258088 0.035563 -0.469519
v -0.255189 0.020111 -0.471929
v -0.264588 0.020114 -0.519503
v -0.261683 0.002766 -0.504560
v -0.284696 -0.015513 -0.494279
v -0.261683 0.002766 -0.504560
v -0.268646 0.053530 -0.506538
v -0.323206 0.048100 -0.494522
v -0.314644 0.065954 -0.492237
v -0.308719 -0.007226 -0.485986
v -0.307160 0.008468 -0.476030
v -0.323989 -0.016579 -0.471523
v -0.338366 0.051687 -0.472999
v -0.350900 0.035824 -0.460528
v -0.341016 -0.011430 -0.463102
v -0.143120 -0.003044 -0.495200
v -0.165206 0.019378 -0.504160
v -0.120390 0.021140 -0.493366
v -0.147716 0.069667 -0.499523
v -0.131332 0.067566 -0.492737
v -0.165206 0.019378 -0.504160
v -0.160405 0.050522 -0.504862
v -0.169515 0.011882 -0.545012
v -0.191584 0.004789 -0.548585
v -0.203690 0.069494 -0.541108
v -0.188990 0.074794 -0.538769
v -0.209250 0.027191 -0.551566
v -0.209148 0.056256 -0.547979
v -0.223922 0.023993 -0.548640
v -0.242041 0.013182 -0.546571
v -0.255958 0.070529 -0.544409
v -0.240804 0.075574 -0.546225
v -0.259018 0.024788 -0.544616
v -0.263806 0.053750 -0.548584
v -0.273407 0.014845 -0.529025
v -0.293735 -0.007561 -0.522809
v -0.322425 0.041591 -0.513605
v -0.316395 0.056962 -0.513394
v -0.313560 -0.001055 -0.513422
v -0.284002 0.062346 -0.524781
v -0.274838 0.071120 -0.507975
v -0.297561 0.075995 -0.498782
v -0.301738 0.067985 -0.516480
v -0.267810 0.075665 -0.477716
v -0.288559 0.078086 -0.471421
v -0.264001 0.076331 -0.467326
v -0.310197 0.035176 -0.478552
v -0.320310 0.062085 -0.469944
v -0.325288 0.052618 -0.480971
v -0.312490 0.066499 -0.450733
v -0.304198 0.066670 -0.441811
v -0.225016 0.066604 -0.547998
v -0.218936 0.079391 -0.526110
v -0.219881 0.081437 -0.489959
v -0.220731 0.085042 -0.475328
v -0.166632 0.067028 -0.536563
v -0.168219 0.078398 -0.517219
v -0.174358 0.077449 -0.478303
v -0.175729 0.069041 -0.462415
v -0.155605 0.071558 -0.379686
v -0.216433 0.083101 -0.409649
v -0.117194 0.059175 -0.488716
v -0.118604 0.056294 -0.467053
v -0.129397 0.050960 -0.443944
v -0.126483 0.042699 -0.414353
v -0.128104 0.040016 -0.361135
v -0.136330 0.043843 -0.355310
v -0.158563 0.097710 -0.363521
v -0.155605 0.083974 -0.373365
v -0.144699 0.063377 -0.349500
v -0.149222 0.080109 -0.339061
v -0.148417 0.084150 -0.339530
v -0.262601 0.087965 -0.396847
v -0.260645 0.114058 -0.390254
v -0.302625 0.103107 -0.357128
v -0.268535 0.066857 -0.271765
v -0.334461 0.091122 -0.292304
v -0.340186 0.136244 -0.253099
v -0.328400 0.034211 -0.348468
v -0.320302 0.019841 -0.400204
v -0.315694 0.024117 -0.422124
v -0.336300 -0.013348 -0.448547
v -0.341016 -0.011430 -0.463102
v -0.277422 0.045656 -0.523510
v -0.255773 0.069329 -0.459692
v -0.214524 0.054693 -0.552041
v -0.214169 0.079909 -0.473275
v -0.159447 0.052907 -0.536844
v -0.257933 0.076225 -0.452347
v -0.209250 0.027191 -0.551566
v -0.219563 0.001808 -0.531961
v -0.259018 0.024788 -0.544616
v -0.264588 0.020114 -0.519503
v -0.308719 -0.007226 -0.485986
v -0.313560 -0.001055 -0.513422
v -0.307160 0.008468 -0.476030
v -0.273407 0.014845 -0.529025
v -0.223922 0.023993 -0.548640
v -0.169515 0.011882 -0.545012
v -0.334365 0.016593 -0.470701
v -0.320656 0.016707 -0.480939
v -0.337185 0.030929 -0.470967
v -0.327676 0.037617 -0.476684
v -0.334365 0.016593 -0.470701
v -0.153713 0.029830 -0.506167
v -0.135180 0.032477 -0.498140
v -0.153713 0.029830 -0.506167
v -0.153947 0.048248 -0.504590
v -0.198067 0.031434 -0.548531
v -0.178155 0.032588 -0.546850
v -0.197950 0.052249 -0.541969
v -0.185570 0.059561 -0.539447
v -0.198067 0.031434 -0.548531
v -0.249868 0.031962 -0.551159
v -0.231063 0.032406 -0.553608
v -0.250380 0.051491 -0.547432
v -0.237685 0.058630 -0.547007
v -0.249868 0.031962 -0.551159
v -0.306935 0.023859 -0.520399
v -0.289613 0.024903 -0.526371
v -0.299803 0.051808 -0.523022
v -0.287109 0.042176 -0.525115
v -0.319499 0.030567 -0.480527
v -0.227721 0.049933 -0.549829
v -0.174993 0.050945 -0.540562
v -0.143488 0.055276 -0.498855
v -0.134260 0.046749 -0.494979
v -0.307771 0.041045 -0.518562
v -0.320656 0.016707 -0.480939
v -0.289613 0.024903 -0.526371
v -0.231063 0.032406 -0.553608
v -0.178155 0.032588 -0.546850
v -0.320218 0.462872 -0.149893
v -0.331335 0.442942 -0.151017
v -0.351715 0.400798 -0.251047
v -0.358811 0.446242 -0.232905
v -0.115938 0.402606 -0.307350
v -0.078386 0.987258 -0.397786
v -0.068570 1.008310 -0.545432
v 0.001492 1.032541 -0.536597
v 0.001350 1.010498 -0.417667
v -0.210788 0.743928 -0.614270
v -0.195837 0.837762 -0.596451
v -0.204762 0.842916 -0.485181
v -0.218887 0.743721 -0.550258
v -0.322945 0.293227 -0.350343
v -0.355181 0.378999 -0.336642
v -0.338161 0.308394 -0.278406
v -0.052242 0.397935 -0.564523
v -0.104255 0.440209 -0.580018
v -0.094592 0.444223 -0.522503
v -0.039203 0.410965 -0.488247
v -0.119033 0.991031 0.427151
v 0.000513 1.028966 0.478021
v 0.000384 0.990436 0.563042
v -0.111230 0.969099 0.522433
v -0.050797 1.026114 -0.281477
v 0.001234 1.037671 -0.262526
v -0.256401 0.820707 -0.470388
v -0.248712 0.702886 -0.539740
v -0.344545 0.360588 -0.191276
v -0.246346 0.512708 -0.125410
v -0.147802 0.564133 -0.266956
v -0.201739 0.568006 -0.220447
v -0.199372 0.547045 -0.176593
v -0.225561 0.045691 -0.305327
v 0.001396 0.362143 -0.225177
v -0.034262 0.359069 -0.254877
v -0.044591 0.361582 -0.119779
v 0.001198 0.343653 -0.105280
v 0.000299 0.956707 0.609226
v -0.086279 0.942660 0.590954
v -0.061402 0.398014 0.405846
v -0.000319 0.376854 0.442508
v -0.000265 0.306194 0.359657
v -0.077121 0.310016 0.337354
v 0.000217 0.919276 0.646833
v -0.060838 0.907048 0.633121
v -0.076343 0.925823 0.614355
v 0.000266 0.939211 0.621435
v -0.036529 0.398536 -0.469620
v 0.000608 0.374514 -0.458559
v 0.000664 0.401760 -0.481642
v -0.057292 0.357561 -0.042276
v 0.000922 0.339576 -0.037318
v -0.060157 0.839876 0.646750
v -0.079932 0.832851 0.623580
v -0.259212 0.640631 0.272441
v -0.204086 0.565813 0.292804
v -0.204431 0.516045 0.248899
v -0.249549 0.597796 0.198269
v -0.216383 0.533029 0.125363
v -0.243461 0.600478 0.108647
v -0.209367 0.106814 -0.398693
v -0.110010 0.439302 0.396405
v -0.150373 0.388503 0.315124
v -0.057176 0.448926 0.499554
v -0.030451 0.468507 0.558232
v -0.042299 0.376323 -0.324117
v 0.000719 0.389135 -0.327442
v -0.255539 0.622630 -0.195425
v -0.201739 0.568006 -0.220447
v -0.194431 0.479937 -0.214133
v -0.266187 0.518367 -0.150893
v -0.255539 0.622630 -0.195425
v -0.228082 0.649798 -0.179894
v -0.222348 0.616060 -0.167719
v -0.263211 0.608666 -0.090027
v -0.251947 0.607492 -0.031629
v -0.284966 0.458123 -0.127595
v -0.307302 0.528532 -0.165422
v -0.266187 0.518367 -0.150893
v -0.305750 0.437480 -0.121137
v -0.224050 0.414849 -0.221406
v -0.284966 0.458123 -0.127595
v -0.229675 0.380906 -0.219585
v -0.305750 0.437480 -0.121137
v -0.327098 0.360572 -0.164981
v -0.240294 0.305292 -0.217072
v -0.327098 0.360572 -0.164981
v 0.002170 0.771702 0.676622
v -0.038411 0.792483 0.665197
v -0.018868 0.801428 0.706342
v 0.000006 0.798465 0.710706
v 0.001454 0.784024 0.672330
v -0.034574 0.794469 0.659937
v -0.227971 0.734928 0.044583
v -0.198134 0.840727 0.079768
v -0.300098 0.766450 -0.447692
v -0.292184 0.833883 -0.286943
v -0.334146 0.791487 -0.292541
v -0.357739 0.689720 -0.429618
v -0.223961 0.443450 -0.536035
v -0.214005 0.498580 -0.555127
v -0.303940 0.548906 -0.497190
v -0.309268 0.474701 -0.471519
v -0.219033 0.609853 -0.567265
v -0.255532 0.684726 -0.526856
v -0.278775 0.622202 -0.514042
v -0.224724 0.564119 -0.570897
v -0.221767 0.612747 -0.578493
v -0.131175 0.443375 -0.311684
v -0.183194 0.375988 -0.338678
v -0.147802 0.564133 -0.266956
v -0.117963 0.534010 -0.335886
v -0.127120 0.430107 -0.357675
v -0.179424 0.363412 -0.385116
v -0.171869 0.392548 -0.473453
v -0.187995 0.363767 -0.442936
v -0.170912 0.358650 -0.420934
v -0.128580 0.415199 -0.415664
v -0.182156 0.526327 -0.544580
v -0.202253 0.534883 -0.565377
v -0.165370 0.532847 -0.620512
v -0.206619 0.605470 -0.625902
v -0.220936 0.614850 -0.607096
v -0.173507 0.558294 -0.578689
v -0.096801 0.423031 -0.499692
v 0.000694 0.374361 -0.547178
v -0.367483 0.500763 -0.244964
v -0.329245 0.589170 -0.238362
v -0.289193 0.625377 -0.215633
v -0.357026 0.417269 -0.331935
v -0.290005 0.334315 -0.428612
v -0.303653 0.389914 -0.418934
v -0.216277 0.284338 -0.410661
v -0.178059 0.288779 -0.382804
v -0.189754 0.342929 -0.409853
v -0.236172 0.345556 -0.426126
v -0.257468 0.269255 -0.417959
v -0.255539 0.622630 -0.195425
v -0.170771 0.328868 -0.382622
v -0.161878 0.290039 -0.359581
v -0.351291 0.282449 -0.196279
v -0.255921 0.212445 -0.237948
v -0.262834 0.153327 -0.258774
v -0.367580 0.203313 -0.232876
v -0.173786 0.322236 -0.345389
v -0.168064 0.291749 -0.316871
v -0.208583 0.120750 -0.274524
v -0.216976 0.074270 -0.285270
v -0.260022 0.106477 -0.268477
v -0.192194 0.052607 -0.320243
v -0.186344 0.083664 -0.301973
v -0.306935 0.023859 -0.520399
v -0.168570 0.202559 -0.313782
v -0.170049 0.207816 -0.333147
v -0.191419 0.223493 -0.365994
v -0.187895 0.201597 -0.291568
v -0.160294 0.139725 -0.309382
v -0.183975 0.133904 -0.293427
v -0.188745 0.325248 -0.315913
v -0.184683 0.297177 -0.282391
v -0.210119 0.201011 -0.265342
v -0.222411 0.205875 -0.380474
v -0.284258 0.194374 -0.364995
v -0.351291 0.282449 -0.196279
v -0.363947 0.279164 -0.213517
v -0.157875 0.862678 0.588447
v -0.110045 0.842234 0.610813
v -0.192538 0.919929 0.467853
v -0.077636 0.493997 0.425761
v -0.047470 0.470462 0.501752
v -0.294176 0.742251 0.296448
v -0.217523 0.898096 0.401377
v -0.142972 0.537474 0.364964
v -0.186889 0.769032 0.635263
v -0.157875 0.862678 0.588447
v -0.110045 0.842234 0.610813
v -0.142558 0.727881 0.673546
v -0.263068 0.663989 0.292682
v -0.317561 0.741566 0.345681
v -0.335045 0.703831 0.375628
v -0.276259 0.642308 0.306174
v -0.241747 0.643871 0.647017
v -0.260367 0.553398 0.632065
v -0.296882 0.574549 0.593689
v -0.245735 0.687863 0.627760
v -0.222836 0.619764 0.670518
v -0.223879 0.527692 0.661499
v -0.140897 0.377659 0.623697
v -0.197904 0.386034 0.644265
v -0.196846 0.404694 0.641478
v -0.151137 0.393324 0.607890
v -0.192538 0.919929 0.467853
v -0.221513 0.796533 0.593396
v -0.245125 0.809903 0.560747
v -0.125262 0.387929 0.519604
v -0.111975 0.371066 0.421079
v -0.123967 0.363981 0.430619
v -0.130420 0.381644 0.513074
v -0.058380 0.465715 0.434537
v -0.047470 0.470462 0.501752
v -0.077636 0.493997 0.425761
v -0.083263 0.488212 0.384173
v -0.069303 0.450440 0.440451
v -0.094145 0.463121 0.369511
v -0.166610 0.669350 0.684008
v -0.213410 0.681584 0.659276
v -0.111092 0.213259 0.543062
v -0.140237 0.213203 0.491943
v -0.135029 0.151486 0.509734
v -0.106749 0.154456 0.536508
v -0.143488 0.102616 0.641954
v -0.141565 0.215144 0.635393
v -0.111092 0.213259 0.543062
v -0.106749 0.154456 0.536508
v -0.252777 0.082859 0.609689
v -0.257325 0.117248 0.608253
v -0.222458 0.104121 0.640662
v -0.221967 0.061893 0.645254
v -0.268079 0.097827 0.572082
v -0.264092 0.129736 0.578796
v -0.182835 0.098342 0.660178
v -0.185066 0.217337 0.653371
v -0.270548 0.000673 0.424300
v -0.291458 0.015524 0.416677
v -0.299364 0.010182 0.430848
v -0.299427 0.013465 0.451816
v -0.151107 0.001742 0.404678
v -0.130926 0.021594 0.405511
v -0.150955 0.026246 0.382599
v -0.165875 0.010625 0.380034
v -0.303736 0.066805 0.495697
v -0.284140 0.077390 0.526595
v -0.272250 0.049617 0.526906
v -0.291081 0.030277 0.496625
v -0.149064 0.098859 0.392886
v -0.179276 0.098496 0.391629
v -0.183286 0.092628 0.381351
v -0.204660 0.114225 0.369997
v -0.199121 0.119523 0.387748
v -0.224599 0.102354 0.386458
v -0.219417 0.105479 0.372281
v -0.246931 0.107197 0.379338
v -0.240505 0.114426 0.397644
v -0.258919 0.087820 0.402010
v -0.258199 0.092197 0.385689
v -0.288903 0.075906 0.427984
v -0.291479 0.064780 0.418254
v -0.293949 0.082166 0.414752
v -0.273724 0.095538 0.462960
v -0.280471 0.104923 0.495222
v -0.298932 0.091227 0.476132
v -0.311241 0.032176 0.443480
v -0.318466 0.062758 0.445440
v -0.315324 0.061672 0.468104
v -0.309759 0.025580 0.467607
v -0.199779 -0.002809 0.401706
v -0.191105 0.022052 0.371954
v -0.264870 0.031696 0.389718
v -0.277378 0.018090 0.403856
v -0.270777 0.108085 0.447290
v -0.249175 0.004593 0.489719
v -0.278640 0.014776 0.498166
v -0.303140 0.083425 0.448640
v -0.129776 0.030966 0.438790
v -0.146980 0.009632 0.456592
v -0.176175 0.004313 0.469728
v -0.146429 0.107204 0.416104
v -0.177086 0.115072 0.412968
v -0.222344 0.109750 0.397527
v -0.195791 0.122040 0.414005
v -0.214783 0.114556 0.419206
v -0.256514 0.092566 0.417060
v -0.230973 0.122561 0.418529
v -0.249594 0.110550 0.440495
v -0.282360 0.080391 0.441664
v -0.281333 0.099888 0.419834
v -0.298410 0.018071 0.404399
v -0.307678 0.009814 0.419573
v -0.302253 0.062141 0.406480
v -0.298410 0.018071 0.404399
v -0.291458 0.015524 0.416677
v -0.291479 0.064780 0.418254
v -0.328559 0.065432 0.430961
v -0.321334 0.083203 0.420253
v -0.310459 0.082522 0.435204
v -0.318466 0.062758 0.445440
v -0.311241 0.032176 0.443480
v -0.322929 0.028592 0.428190
v -0.165495 0.007386 0.357391
v -0.187018 0.021859 0.354361
v -0.146908 0.027159 0.358236
v -0.172538 0.098514 0.358730
v -0.152694 0.095647 0.360687
v -0.155325 0.093411 0.376627
v -0.175481 0.091357 0.373957
v -0.187018 0.021859 0.354361
v -0.182411 0.079540 0.353547
v -0.185264 0.082340 0.373875
v -0.191105 0.022052 0.371954
v -0.210701 0.017722 0.374469
v -0.188977 0.019517 0.338681
v -0.207639 0.007378 0.344070
v -0.184046 0.080590 0.337299
v -0.188977 0.019517 0.338681
v -0.219800 0.103428 0.344896
v -0.206121 0.113689 0.343753
v -0.204660 0.114225 0.369997
v -0.219417 0.105479 0.372281
v -0.226289 0.021009 0.344826
v -0.226588 0.079379 0.344920
v -0.225768 0.088011 0.376029
v -0.228715 0.032423 0.375058
v -0.228715 0.032423 0.375058
v -0.232715 0.021174 0.343050
v -0.252375 0.008002 0.351889
v -0.244190 0.021950 0.381268
v -0.228706 0.070672 0.343110
v -0.232715 0.021174 0.343050
v -0.246931 0.107197 0.379338
v -0.258199 0.092197 0.385689
v -0.268175 0.084629 0.356540
v -0.253274 0.097724 0.352489
v -0.273587 0.019450 0.357166
v -0.275341 0.060070 0.358999
v -0.261449 0.074396 0.391778
v -0.264870 0.031696 0.389718
v -0.276079 0.021460 0.368486
v -0.289783 0.008859 0.378738
v -0.278297 0.063243 0.369321
v -0.276079 0.021460 0.368486
v -0.293949 0.082166 0.414752
v -0.310808 0.062890 0.392234
v -0.310684 0.085859 0.388798
v -0.306475 0.016399 0.388689
v -0.319723 0.013108 0.404763
v -0.309836 0.022256 0.395179
v -0.337230 0.065092 0.416665
v -0.328487 0.078640 0.408567
v -0.330771 0.033145 0.414928
v -0.164058 0.013859 0.340938
v -0.181022 0.026270 0.341681
v -0.152104 0.037242 0.345887
v -0.155025 0.093437 0.345720
v -0.170864 0.095651 0.344731
v -0.181022 0.026270 0.341681
v -0.178999 0.077095 0.340210
v -0.208183 0.013899 0.321140
v -0.194277 0.026395 0.316418
v -0.209204 0.103678 0.324766
v -0.223431 0.093724 0.323944
v -0.230928 0.066856 0.321115
v -0.222249 0.026614 0.323289
v -0.257055 0.009988 0.333238
v -0.242048 0.022702 0.328291
v -0.257487 0.082732 0.330917
v -0.269859 0.069765 0.337574
v -0.275586 0.049338 0.338443
v -0.272389 0.021978 0.337580
v -0.287669 0.019838 0.356810
v -0.300130 0.011229 0.362364
v -0.318312 0.074296 0.369162
v -0.319813 0.057027 0.373979
v -0.314398 0.024848 0.370427
v -0.306858 0.080254 0.365455
v -0.292113 0.069605 0.360509
v -0.283569 0.082651 0.374535
v -0.298649 0.092699 0.382568
v -0.269527 0.085331 0.396570
v -0.286812 0.094407 0.405089
v -0.286812 0.094407 0.405089
v -0.269527 0.085331 0.396570
v -0.318376 0.074280 0.400797
v -0.310220 0.058821 0.396217
v -0.309849 0.077301 0.410507
v -0.300241 0.075512 0.424640
v -0.300241 0.075512 0.424640
v -0.242651 0.078894 0.329528
v -0.239628 0.092109 0.348590
v -0.234997 0.099638 0.375926
v -0.234997 0.099638 0.375926
v -0.194528 0.098226 0.320900
v -0.191653 0.105577 0.339172
v -0.191141 0.101460 0.369997
v -0.191141 0.101460 0.369997
v -0.189419 0.126409 0.442455
v -0.145289 0.069425 0.360683
v -0.146196 0.073832 0.347198
v -0.146790 0.060057 0.377773
v -0.155325 0.093411 0.376627
v -0.146790 0.060057 0.377773
v -0.133305 0.055103 0.399317
v -0.127198 0.066564 0.431839
v -0.144281 0.115697 0.441291
v -0.186749 0.146236 0.454603
v -0.142470 0.134819 0.467537
v -0.119615 0.051664 0.543361
v -0.132134 0.060517 0.479114
v -0.165191 0.034649 0.502579
v -0.161753 0.007411 0.561612
v -0.214268 0.029953 0.513784
v -0.200542 0.003649 0.565613
v -0.254006 0.032143 0.529949
v -0.244368 0.018181 0.571781
v -0.258784 0.042364 0.569675
v -0.265923 0.123932 0.520397
v -0.243684 0.124601 0.460633
v -0.241197 0.142466 0.472395
v -0.122108 0.085443 0.467781
v -0.132134 0.060517 0.479114
v -0.119615 0.051664 0.543361
v -0.123698 0.094975 0.517302
v -0.129776 0.030966 0.438790
v -0.130926 0.021594 0.405511
v -0.150955 0.026246 0.382599
v -0.146908 0.027159 0.358236
v -0.150955 0.026246 0.382599
v -0.322929 0.028592 0.428190
v -0.330771 0.033145 0.414928
v -0.286821 0.051713 0.356181
v -0.261449 0.074396 0.391778
v -0.236436 0.057993 0.327354
v -0.225768 0.088011 0.376029
v -0.186559 0.074827 0.314581
v -0.185264 0.082340 0.373875
v -0.175481 0.091357 0.373957
v -0.310459 0.082522 0.435204
v -0.226289 0.021009 0.344826
v -0.222249 0.026614 0.323289
v -0.273587 0.019450 0.357166
v -0.272389 0.021978 0.337580
v -0.236266 0.009078 0.407143
v -0.314398 0.024848 0.370427
v -0.306475 0.016399 0.388689
v -0.309836 0.022256 0.395179
v -0.287669 0.019838 0.356810
v -0.242048 0.022702 0.328291
v -0.194277 0.026395 0.316418
v -0.152104 0.037242 0.345887
v -0.319430 0.038817 0.391083
v -0.335250 0.059762 0.402166
v -0.326597 0.067549 0.395868
v -0.331808 0.038904 0.401940
v -0.154942 0.045845 0.334806
v -0.172534 0.042647 0.334624
v -0.174403 0.074322 0.335568
v -0.199468 0.039873 0.311481
v -0.223909 0.076358 0.318418
v -0.209323 0.090378 0.315178
v -0.221660 0.044597 0.315627
v -0.248464 0.026170 0.322225
v -0.266560 0.057634 0.334141
v -0.256164 0.069658 0.331500
v -0.266941 0.029618 0.328692
v -0.299113 0.034300 0.351597
v -0.316718 0.037298 0.359290
v -0.318330 0.061423 0.362722
v -0.308723 0.070970 0.357215
v -0.298629 0.056852 0.354610
v -0.320900 0.056057 0.393520
v -0.246720 0.062276 0.327031
v -0.197399 0.076541 0.313382
v -0.163749 0.089232 0.334827
v -0.153256 0.075678 0.335895
v -0.319430 0.038817 0.391083
v -0.299113 0.034300 0.351597
v -0.248464 0.026170 0.322225
v -0.199468 0.039873 0.311481
v -0.154942 0.045845 0.334806
v -0.279218 0.212902 0.564412
v -0.262965 0.222764 0.610823
v -0.222027 0.223390 0.646721
v -0.108876 0.079423 0.570869
v -0.108876 0.079423 0.570869
v -0.142013 0.056006 0.646128
v -0.179434 0.050721 0.661079
v -0.258776 0.147996 0.537234
v -0.267426 0.208142 0.525366
v -0.240824 0.160637 0.478247
v -0.143577 0.012283 0.594240
v -0.115340 0.040344 0.596887
v -0.193052 0.003931 0.599386
v -0.249239 0.038569 0.605465
v -0.238597 0.013779 0.606364
v -0.142638 0.029922 0.631524
v -0.185470 0.020071 0.639841
v -0.115340 0.040344 0.596887
v -0.229695 0.317935 0.335090
v -0.213509 0.313641 0.337121
v -0.215515 0.339105 0.312315
v -0.249150 0.344945 0.324198
v -0.188993 0.326646 0.663500
v -0.137280 0.320566 0.640386
v -0.239937 0.394398 0.656778
v -0.237792 0.416387 0.628771
v -0.282990 0.438161 0.579597
v -0.297981 0.443576 0.516034
v -0.312517 0.490113 0.539762
v -0.284049 0.476169 0.599884
v -0.247226 0.466503 0.638526
v -0.285804 0.562546 0.298453
v -0.342429 0.599182 0.360571
v -0.334176 0.489701 0.367657
v -0.276930 0.474149 0.304773
v -0.204086 0.565813 0.292804
v -0.259212 0.640631 0.272441
v -0.219142 0.599528 0.313657
v -0.226579 0.581256 0.303733
v -0.214591 0.505077 0.284508
v -0.209625 0.443750 0.286569
v -0.261045 0.349450 0.364191
v -0.240280 0.308963 0.380788
v -0.192124 0.205367 0.445915
v -0.195656 0.261366 0.403515
v -0.242938 0.265326 0.428948
v -0.247208 0.213367 0.474363
v -0.104501 0.355124 0.535684
v -0.100883 0.305117 0.535982
v -0.225924 0.026069 0.633680
v -0.181426 0.487732 0.671176
v -0.192053 0.452848 0.645594
v -0.178399 0.595499 0.684775
v -0.278267 0.420479 0.579159
v -0.286544 0.412676 0.509634
v -0.187018 0.163045 0.458261
v -0.149223 0.159028 0.468068
v -0.168233 0.348878 0.323858
v -0.169980 0.384706 0.304237
v -0.212270 0.382681 0.288541
v -0.317697 0.726679 0.511674
v -0.281541 0.791882 0.503777
v -0.293834 0.328330 0.596700
v -0.305103 0.313111 0.539791
v -0.250112 0.334903 0.658995
v -0.100883 0.305117 0.535982
v -0.128782 0.301223 0.476429
v -0.287028 0.319705 0.462719
v -0.306048 0.369715 0.525884
v -0.276954 0.279366 0.489266
v -0.130420 0.381644 0.513074
v -0.292405 0.391938 0.596721
v -0.303873 0.427751 0.431004
v -0.323928 0.480726 0.467948
v -0.100956 0.417522 0.517923
v -0.090143 0.397579 0.415603
v -0.241967 0.436786 0.625876
v -0.100956 0.417522 0.517923
v -0.125262 0.387929 0.519604
v -0.142634 0.397774 0.598623
v -0.114246 0.428828 0.593980
v -0.196537 0.417192 0.644791
v -0.150060 0.211046 0.457206
v -0.138001 0.276686 0.418920
v -0.336270 0.607538 0.474725
v -0.311874 0.582398 0.558768
v -0.145085 0.362620 0.367037
v -0.127619 0.379739 0.351420
v -0.177365 0.324623 0.341273
v -0.156993 0.335883 0.372840
v -0.180358 0.297486 0.372063
v -0.212593 0.287601 0.365196
v -0.108811 0.420281 0.343797
v -0.265871 0.396596 0.317704
v -0.298304 0.376362 0.440102
v -0.294176 0.742251 0.296448
v -0.217523 0.898096 0.401377
v -0.218513 0.003611 0.468258
v -0.145268 0.034833 0.467663
v -0.169655 0.029833 0.489331
v -0.210754 0.025854 0.488340
v -0.243201 0.022283 0.514037
v -0.262551 0.032832 0.518708
v -0.157331 0.433549 0.315611
v -0.112173 0.338209 0.456266
v -0.287611 0.407044 0.361274
v -0.150225 0.476694 0.315968
v -0.142972 0.537474 0.364964
v -0.157076 0.543576 0.371099
v -0.104501 0.355124 0.535684
v -0.018377 0.813538 0.707378
v 0.000017 0.811836 0.716236
v -0.154330 0.440625 -0.511871
v -0.168878 0.450633 -0.523913
v -0.221483 0.421890 -0.519972
v -0.302301 0.443176 -0.454110
v -0.369157 0.487053 -0.370941
v -0.373564 0.513744 -0.390164
v -0.233819 0.377814 -0.457077
v -0.223324 0.392255 -0.484221
v -0.302225 0.415319 -0.439243
v -0.361930 0.443612 -0.348922
v -0.372753 0.603486 -0.426855
v -0.167940 0.472900 -0.534485
v -0.200563 0.555664 -0.593312
v -0.155150 0.459908 -0.413259
v -0.163742 0.443122 -0.434029
v -0.166300 0.445661 -0.505575
v -0.147102 0.474243 -0.532591
v -0.149050 0.504137 -0.563358
v -0.050756 0.361834 -0.363655
v 0.000547 0.383034 -0.388331
v -0.113245 0.406826 -0.201541
v -0.369157 0.487053 -0.370941
v -0.302301 0.443176 -0.454110
v -0.221483 0.421890 -0.519972
v -0.154330 0.440625 -0.511871
v -0.106783 0.504784 -0.402445
v -0.246103 0.691058 -0.116495
v -0.242740 0.706553 -0.073062
v -0.374677 0.552796 -0.272655
v -0.366388 0.688274 -0.297325
v -0.376562 0.595756 -0.282632
v -0.374677 0.552796 -0.272655
v -0.331397 0.639980 -0.228136
v -0.303977 0.716602 -0.217287
v -0.255096 0.720062 -0.162375
v -0.288279 0.685245 -0.184332
v -0.289193 0.625377 -0.215633
v -0.329245 0.589170 -0.238362
v -0.146378 0.514052 0.339631
v -0.072779 0.805298 0.649156
v -0.079932 0.832851 0.623580
v -0.060157 0.839876 0.646750
v -0.148416 0.442880 0.642044
v 0.002086 0.764746 0.675927
v -0.040526 0.767986 0.677421
v -0.095845 0.777848 0.668691
v -0.072779 0.805298 0.649156
v -0.034574 0.794469 0.659937
v -0.040526 0.767986 0.677421
v -0.079932 0.832851 0.623580
v -0.101765 0.683072 0.693044
v -0.045633 0.657661 0.698374
v 0.003178 0.653273 0.692986
v -0.045633 0.657661 0.698374
v -0.114928 0.637330 0.695212
v -0.047008 0.617306 0.697603
v 0.003370 0.601638 0.692269
v -0.047008 0.617306 0.697603
v -0.067101 0.487624 0.571121
v -0.038454 0.493392 0.613214
v -0.038454 0.493392 0.613214
v 0.001431 0.485434 0.617483
v -0.111779 0.556283 0.679878
v -0.037044 0.568795 0.687034
v 0.002665 0.561649 0.680662
v -0.037044 0.568795 0.687034
v 0.002514 0.507480 0.655493
v -0.034254 0.519975 0.661457
v 0.001431 0.485434 0.617483
v -0.038454 0.493392 0.613214
v -0.077843 0.503012 0.635493
v -0.034254 0.519975 0.661457
v -0.038454 0.493392 0.613214
v -0.067101 0.487624 0.571121
v -0.283828 0.719967 0.584427
v -0.324260 0.209516 -0.326430
v -0.378022 0.206622 -0.254571
v -0.311907 0.155189 -0.352411
v -0.204030 0.118392 -0.392334
v -0.211971 0.149971 -0.384281
v -0.271036 0.148158 -0.375770
v -0.263743 0.126848 -0.384727
v -0.176292 0.152651 -0.353321
v -0.157997 0.148567 -0.333554
v -0.367580 0.203313 -0.232876
v -0.262349 0.786106 -0.190859
v -0.234880 0.767587 -0.125575
v -0.094718 0.951592 0.118049
v -0.114567 0.967484 0.214835
v 0.000819 1.012982 0.137997
v 0.000748 1.033664 0.238371
v -0.193688 0.922491 -0.408194
v -0.164097 0.938222 -0.555845
v -0.222248 0.086830 0.294941
v -0.223909 0.076358 0.318418
v -0.221660 0.044597 0.315627
v -0.225511 0.056146 0.301121
v -0.226505 0.044620 0.276979
v -0.225968 0.061582 0.267297
v -0.218077 0.011490 0.258007
v -0.217743 0.010427 0.260801
v -0.209323 0.090378 0.315178
v -0.211964 0.095368 0.287954
v -0.217700 0.065735 0.259304
v -0.207653 0.035442 0.274233
v -0.207653 0.035442 0.274233
v -0.199209 0.046878 0.295398
v -0.199209 0.046878 0.295398
v -0.199468 0.039873 0.311481
v -0.199468 0.039873 0.311481
v -0.197399 0.076541 0.313382
v -0.203333 0.081468 0.287773
v -0.199209 0.046878 0.295398
v -0.209265 0.053609 0.262786
v -0.207653 0.035442 0.274233
v -0.217743 0.010427 0.260801
v -0.173162 0.066991 0.312774
v -0.174403 0.074322 0.335568
v -0.172534 0.042647 0.334624
v -0.172244 0.041475 0.320475
v -0.171118 0.030444 0.297866
v -0.171259 0.041311 0.288586
v -0.161905 0.011431 0.285338
v -0.162508 0.010753 0.287487
v -0.165143 0.081073 0.307740
v -0.163749 0.089232 0.334827
v -0.165329 0.047160 0.283905
v -0.157488 0.031342 0.295353
v -0.162508 0.010753 0.287487
v -0.171118 0.030444 0.297866
v -0.171118 0.030444 0.297866
v -0.172244 0.041475 0.320475
v -0.152442 0.043102 0.318177
v -0.154942 0.045845 0.334806
v -0.172244 0.041475 0.320475
v -0.172534 0.042647 0.334624
v -0.153256 0.075678 0.335895
v -0.155661 0.075539 0.308071
v -0.159126 0.042589 0.286196
v -0.273658 0.070420 0.314908
v -0.266560 0.057634 0.334141
v -0.266941 0.029618 0.328692
v -0.273148 0.037727 0.314284
v -0.275292 0.036040 0.294178
v -0.278353 0.054738 0.288022
v -0.275788 0.012524 0.276832
v -0.275314 0.011160 0.280411
v -0.263674 0.082579 0.309988
v -0.256164 0.069658 0.331500
v -0.274239 0.064687 0.281505
v -0.248464 0.026170 0.322225
v -0.246720 0.062276 0.327031
v -0.254565 0.070888 0.308515
v -0.254872 0.047963 0.306407
v -0.266899 0.058075 0.284118
v -0.263719 0.043605 0.288907
v -0.275314 0.011160 0.280411
v -0.275292 0.036040 0.294178
v -0.273148 0.037727 0.314284
v -0.266941 0.029618 0.328692
v -0.329314 0.064904 0.344337
v -0.318330 0.061423 0.362722
v -0.316718 0.037298 0.359290
v -0.327877 0.041014 0.347037
v -0.331643 0.033514 0.333722
v -0.337793 0.050095 0.324294
v -0.334352 0.011733 0.317751
v -0.333632 0.009998 0.320651
v -0.321324 0.074292 0.337676
v -0.308723 0.070970 0.357215
v -0.331883 0.055025 0.320320
v -0.299113 0.034300 0.351597
v -0.298629 0.056852 0.354610
v -0.311424 0.066083 0.335599
v -0.307996 0.045803 0.336040
v -0.323291 0.049412 0.320399
v -0.321016 0.036820 0.323780
v -0.333632 0.009998 0.320651
v -0.331643 0.033514 0.333722
v -0.327877 0.041014 0.347037
v -0.316718 0.037298 0.359290
v -0.335250 0.059762 0.402166
v -0.331808 0.038904 0.401940
v -0.342053 0.034875 0.387130
v -0.346143 0.056779 0.381776
v -0.349506 0.028739 0.373716
v -0.353712 0.040677 0.366086
v -0.351325 0.013351 0.361021
v -0.349961 0.011984 0.363166
v -0.339159 0.064471 0.376001
v -0.326597 0.067549 0.395868
v -0.350983 0.045983 0.360046
v -0.319430 0.038817 0.391083
v -0.320900 0.056057 0.393520
v -0.333164 0.054657 0.375872
v -0.328520 0.040152 0.377049
v -0.344109 0.040159 0.362651
v -0.341230 0.031740 0.366624
v -0.349961 0.011984 0.363166
v -0.349506 0.028739 0.373716
v -0.342053 0.034875 0.387130
v -0.331808 0.038904 0.401940
v -0.172534 0.042647 0.334624
v -0.221660 0.044597 0.315627
v -0.266941 0.029618 0.328692
v -0.316718 0.037298 0.359290
v -0.331808 0.038904 0.401940
v -0.334461 0.091122 -0.292304
v 0.001033 0.961051 -0.151670
v -0.126032 0.986710 0.327619
v 0.000650 1.043767 0.354034
v -0.066802 0.329511 0.054591
v -0.136378 0.387562 0.048941
v 0.000142 0.311724 0.057361
v -0.158268 0.353513 0.245152
v -0.081462 0.286478 0.266239
v -0.000226 0.269758 0.271515
v -0.149830 0.362851 0.142996
v -0.071722 0.301199 0.158974
v -0.000106 0.285312 0.166835
v -0.192767 0.881667 -0.165841
v -0.273877 0.886091 -0.288571
v -0.235283 0.925858 -0.296309
v -0.120297 0.921147 -0.163811
v -0.226115 0.770391 -0.013747
v -0.236865 0.594262 0.016830
v -0.225803 0.835918 -0.179432
v -0.209960 0.815355 -0.113376
v -0.216189 0.499339 0.032689
v -0.178699 0.872583 -0.092870
v -0.101625 0.947462 -0.066591
v 0.000970 0.993744 -0.044235
v -0.189770 0.847324 0.010581
v -0.097186 0.951286 0.040443
v 0.000886 1.004801 0.057522
v -0.363404 0.145795 -0.295687
v -0.357540 0.178026 -0.248104
v -0.340186 0.136244 -0.253099
v -0.367901 0.173915 -0.269803
v -0.167321 0.081295 -0.310213
v -0.169571 0.055644 -0.321778
v -0.357540 0.178026 -0.248104
v -0.297829 0.120349 -0.352914
v 0.184426 0.037992 -0.548995
v 0.185474 0.058790 -0.542434
v 0.182381 0.058203 -0.581954
v 0.182136 0.038667 -0.574221
v 0.169572 0.039435 -0.610390
v 0.171098 0.028392 -0.602463
v 0.158093 0.001873 -0.616714
v 0.157299 0.003202 -0.618896
v 0.173648 0.066260 -0.538261
v 0.162406 0.068149 -0.580628
v 0.156117 0.044928 -0.610476
v 0.158093 0.001873 -0.616714
v 0.153282 0.032556 -0.598379
v 0.171098 0.028392 -0.602463
v 0.158347 0.044062 -0.568253
v 0.182136 0.038667 -0.574221
v 0.164931 0.039419 -0.544657
v 0.184426 0.037992 -0.548995
v 0.151312 0.058900 -0.572936
v 0.162901 0.057784 -0.537969
v 0.148415 0.040614 -0.603744
v 0.146128 0.036827 -0.501073
v 0.146824 0.055243 -0.499504
v 0.136691 0.051572 -0.530578
v 0.137062 0.034574 -0.522957
v 0.120866 0.033915 -0.550933
v 0.122434 0.025533 -0.544729
v 0.111744 0.004526 -0.558222
v 0.110786 0.005797 -0.560416
v 0.137332 0.062382 -0.492407
v 0.122616 0.060982 -0.528295
v 0.114036 0.038013 -0.550345
v 0.111744 0.004526 -0.558222
v 0.110738 0.028970 -0.540712
v 0.122434 0.025533 -0.544729
v 0.118142 0.038589 -0.515517
v 0.137062 0.034574 -0.522957
v 0.146128 0.036827 -0.501073
v 0.128872 0.039703 -0.490628
v 0.113596 0.054313 -0.520474
v 0.128584 0.053974 -0.487344
v 0.109153 0.035589 -0.545410
v 0.235405 0.037836 -0.558539
v 0.236690 0.057333 -0.554874
v 0.237701 0.054573 -0.592463
v 0.236355 0.034960 -0.584573
v 0.230568 0.035256 -0.619827
v 0.231446 0.024993 -0.613928
v 0.223678 -0.000022 -0.632675
v 0.223373 0.001788 -0.635261
v 0.224268 0.064642 -0.552736
v 0.220192 0.062670 -0.594770
v 0.221290 0.039296 -0.622625
v 0.223678 -0.000022 -0.632675
v 0.217024 0.024923 -0.612944
v 0.231446 0.024993 -0.613928
v 0.213740 0.035169 -0.583601
v 0.236355 0.034960 -0.584573
v 0.216451 0.038545 -0.558445
v 0.235405 0.037836 -0.558539
v 0.210930 0.051216 -0.589660
v 0.213895 0.056092 -0.554216
v 0.215503 0.033785 -0.618410
v 0.295961 0.028841 -0.535718
v 0.297276 0.046008 -0.533972
v 0.303862 0.042815 -0.568923
v 0.301029 0.026999 -0.562538
v 0.303247 0.024593 -0.596129
v 0.302236 0.015661 -0.590736
v 0.297778 -0.010173 -0.609671
v 0.298159 -0.008464 -0.612050
v 0.288933 0.056896 -0.537300
v 0.292085 0.049796 -0.573253
v 0.295891 0.028006 -0.598956
v 0.297778 -0.010173 -0.609671
v 0.289664 0.016134 -0.592103
v 0.302236 0.015661 -0.590736
v 0.283748 0.027671 -0.564774
v 0.301029 0.026999 -0.562538
v 0.295961 0.028841 -0.535718
v 0.278011 0.030144 -0.539312
v 0.282847 0.041490 -0.570684
v 0.275944 0.047435 -0.537696
v 0.289809 0.023604 -0.596623
v 0.329701 0.021002 -0.490159
v 0.332655 0.035309 -0.490767
v 0.343134 0.032494 -0.521108
v 0.337908 0.018313 -0.515653
v 0.341898 0.016677 -0.543880
v 0.339580 0.009227 -0.539113
v 0.334904 -0.011354 -0.556527
v 0.335541 -0.010247 -0.558558
v 0.322559 0.042147 -0.495144
v 0.332285 0.040156 -0.526618
v 0.335959 0.020008 -0.547170
v 0.334904 -0.011354 -0.556527
v 0.328630 0.010912 -0.542131
v 0.339580 0.009227 -0.539113
v 0.322425 0.020830 -0.520321
v 0.337908 0.018313 -0.515653
v 0.314742 0.021351 -0.498465
v 0.329701 0.021002 -0.490159
v 0.322571 0.032478 -0.525434
v 0.313849 0.035216 -0.497875
v 0.329983 0.016980 -0.546044
v 0.039758 0.862149 0.680820
v 0.018433 0.813492 0.707413
v 0.049300 0.364640 -0.399714
v 0.051791 0.380660 -0.453749
v 0.029430 0.442767 0.509705
v 0.210282 0.858229 0.174637
v 0.244281 0.730726 0.128614
v 0.264712 0.744790 0.266477
v 0.219340 0.876309 0.289697
v 0.148987 0.484078 -0.254121
v 0.119134 0.403656 -0.263569
v 0.191110 0.462610 -0.169435
v 0.102151 0.396712 -0.455181
v 0.105202 0.386207 -0.378506
v 0.167621 0.466485 -0.142065
v 0.110339 0.407164 -0.125293
v 0.118007 0.402283 -0.042388
v 0.223257 0.495811 -0.073201
v 0.119050 0.529260 -0.337698
v 0.110605 0.499098 -0.404342
v 0.155530 0.469576 -0.392363
v 0.123365 0.473068 -0.327741
v 0.290284 0.024528 -0.458282
v 0.274725 -0.009529 -0.440345
v 0.308499 -0.001902 -0.424180
v 0.304828 0.021238 -0.439693
v 0.149001 0.018008 -0.404490
v 0.168669 -0.009066 -0.433101
v 0.161707 0.013013 -0.450536
v 0.148300 0.017035 -0.435074
v 0.247625 0.020853 -0.336454
v 0.215036 -0.015720 -0.404397
v 0.188341 -0.003978 -0.377126
v 0.204371 0.025656 -0.329474
v 0.138809 0.076414 -0.422793
v 0.157571 0.082593 -0.453328
v 0.166618 0.079223 -0.456755
v 0.166782 0.082812 -0.443846
v 0.191512 0.091768 -0.462550
v 0.186046 0.092378 -0.487137
v 0.205031 0.087194 -0.490902
v 0.203716 0.091548 -0.479366
v 0.236958 0.096097 -0.470140
v 0.233234 0.091591 -0.493770
v 0.244925 0.077702 -0.487097
v 0.247520 0.080138 -0.473165
v 0.296544 0.051328 -0.311649
v 0.299308 0.002282 -0.356522
v 0.296651 0.071410 -0.453098
v 0.295262 0.073966 -0.462495
v 0.296906 0.074428 -0.475760
v 0.293367 0.054458 -0.462388
v 0.359240 0.109697 -0.334753
v 0.314411 0.091877 -0.382453
v 0.310168 0.086973 -0.402617
v 0.342513 0.065402 -0.387615
v 0.162282 0.012426 -0.347458
v 0.181623 0.027411 -0.332553
v 0.334721 0.049920 -0.444725
v 0.317811 0.028594 -0.439503
v 0.325247 0.024183 -0.418406
v 0.334287 0.047989 -0.422784
v 0.178075 0.030438 -0.469096
v 0.204808 -0.009868 -0.447716
v 0.196155 0.020337 -0.475617
v 0.272955 0.020126 -0.469142
v 0.251131 0.025603 -0.480760
v 0.236806 -0.002993 -0.451990
v 0.318633 0.073062 -0.439963
v 0.341089 0.039511 -0.368737
v 0.156366 0.076876 -0.384536
v 0.212420 0.088073 -0.461679
v 0.214291 0.107413 -0.429824
v 0.267214 0.100657 -0.420452
v 0.278684 0.089056 -0.460617
v 0.295871 0.073213 -0.441009
v 0.312956 -0.015288 -0.466240
v 0.295144 0.018011 -0.474545
v 0.295144 0.018011 -0.474545
v 0.300651 0.047262 -0.479811
v 0.290284 0.024528 -0.458282
v 0.331195 0.065070 -0.478116
v 0.344399 0.044985 -0.464533
v 0.324940 0.068201 -0.459703
v 0.334167 -0.009046 -0.468521
v 0.168179 0.024881 -0.487750
v 0.146467 0.000652 -0.466194
v 0.122096 0.022348 -0.456938
v 0.129335 0.081390 -0.466547
v 0.149099 0.083275 -0.478293
v 0.154648 0.081398 -0.461780
v 0.133917 0.078731 -0.447200
v 0.161928 0.062154 -0.488147
v 0.168179 0.024881 -0.487750
v 0.178075 0.030438 -0.469096
v 0.171880 0.066942 -0.467843
v 0.187768 -0.005290 -0.512736
v 0.160291 0.017206 -0.508288
v 0.160291 0.017206 -0.508288
v 0.148013 0.064073 -0.510356
v 0.181086 0.091511 -0.516750
v 0.197473 0.083733 -0.523967
v 0.199447 0.076908 -0.536925
v 0.207528 0.008022 -0.535510
v 0.210730 0.038120 -0.482315
v 0.211587 0.071277 -0.487946
v 0.207803 0.026221 -0.528004
v 0.210730 0.038120 -0.482315
v 0.231571 0.016222 -0.483581
v 0.229360 -0.001247 -0.526163
v 0.207803 0.026221 -0.528004
v 0.203920 0.062346 -0.524763
v 0.231553 0.090996 -0.532516
v 0.248253 0.083417 -0.533610
v 0.258917 0.064525 -0.538358
v 0.254067 0.025669 -0.529161
v 0.251131 0.025603 -0.480760
v 0.254483 0.040576 -0.478622
v 0.252948 0.008305 -0.513997
v 0.276873 -0.010324 -0.506929
v 0.252948 0.008305 -0.513997
v 0.260291 0.058976 -0.516790
v 0.307960 0.070721 -0.508756
v 0.315887 0.052762 -0.512203
v 0.301903 -0.002396 -0.501913
v 0.318846 -0.012021 -0.489647
v 0.301912 0.013277 -0.491807
v 0.333847 0.056049 -0.492902
v 0.347712 0.039978 -0.482252
v 0.336913 -0.007128 -0.483571
v 0.157635 0.026221 -0.500642
v 0.136643 0.004058 -0.488849
v 0.114699 0.028550 -0.483937
v 0.126273 0.074820 -0.484689
v 0.141632 0.076716 -0.493608
v 0.153219 0.057430 -0.500633
v 0.157635 0.026221 -0.500642
v 0.177622 0.011438 -0.548232
v 0.156333 0.018817 -0.541720
v 0.177345 0.081433 -0.538019
v 0.191524 0.075944 -0.542319
v 0.195821 0.062667 -0.549882
v 0.195041 0.033610 -0.553510
v 0.228004 0.019147 -0.552978
v 0.209923 0.030210 -0.552579
v 0.227699 0.081539 -0.552349
v 0.242887 0.076282 -0.552590
v 0.249870 0.059414 -0.557812
v 0.245254 0.030505 -0.553296
v 0.261456 0.020317 -0.539788
v 0.282119 -0.002386 -0.536397
v 0.306735 0.061787 -0.529976
v 0.312472 0.046328 -0.531026
v 0.303117 0.003806 -0.529740
v 0.273191 0.067644 -0.536911
v 0.291951 0.073019 -0.531049
v 0.290296 0.081018 -0.512934
v 0.266484 0.076478 -0.519012
v 0.263637 0.081002 -0.488076
v 0.285069 0.083126 -0.484611
v 0.261251 0.081686 -0.477270
v 0.304961 0.039942 -0.494663
v 0.319833 0.057187 -0.499049
v 0.316511 0.066678 -0.487435
v 0.311392 0.071133 -0.467338
v 0.304372 0.071383 -0.457386
v 0.211689 0.072800 -0.552005
v 0.208773 0.085584 -0.529476
v 0.214580 0.087479 -0.493774
v 0.217433 0.091017 -0.479381
v 0.155377 0.073963 -0.532853
v 0.159698 0.085237 -0.513874
v 0.170981 0.084056 -0.476133
v 0.174332 0.075515 -0.460560
v 0.167747 0.076896 -0.379467
v 0.224451 0.090123 -0.416007
v 0.116948 0.063616 -0.457556
v 0.112685 0.066607 -0.478826
v 0.130664 0.058048 -0.436112
v 0.131627 0.049687 -0.406379
v 0.141613 0.045022 -0.356089
v 0.151388 0.047936 -0.353764
v 0.172685 0.101466 -0.364428
v 0.164826 0.085324 -0.338284
v 0.165588 0.082532 -0.340281
v 0.160020 0.067164 -0.349093
v 0.168060 0.088827 -0.373186
v 0.314782 0.108983 -0.372699
v 0.269825 0.120192 -0.401040
v 0.271251 0.095072 -0.408374
v 0.288768 0.068525 -0.285159
v 0.358559 0.138937 -0.271020
v 0.353112 0.095811 -0.312004
v 0.341089 0.039511 -0.368737
v 0.325247 0.024183 -0.418406
v 0.317811 0.028594 -0.439503
v 0.334167 -0.009046 -0.468521
v 0.336913 -0.007128 -0.483571
v 0.266605 0.051050 -0.534801
v 0.254035 0.074761 -0.468615
v 0.200585 0.061048 -0.554630
v 0.211123 0.085919 -0.476470
v 0.148023 0.059942 -0.532196
v 0.257229 0.081505 -0.461619
v 0.207528 0.008022 -0.535510
v 0.195041 0.033610 -0.553510
v 0.254067 0.025669 -0.529161
v 0.245254 0.030505 -0.553296
v 0.301903 -0.002396 -0.501913
v 0.303117 0.003806 -0.529740
v 0.301912 0.013277 -0.491807
v 0.261456 0.020317 -0.539788
v 0.209923 0.030210 -0.552579
v 0.156333 0.018817 -0.541720
v 0.329701 0.021002 -0.490159
v 0.314742 0.021351 -0.498465
v 0.332655 0.035309 -0.490767
v 0.322559 0.042147 -0.495144
v 0.329701 0.021002 -0.490159
v 0.146128 0.036827 -0.501073
v 0.128872 0.039703 -0.490628
v 0.146128 0.036827 -0.501073
v 0.146824 0.055243 -0.499504
v 0.184426 0.037992 -0.548995
v 0.164931 0.039419 -0.544657
v 0.185474 0.058790 -0.542434
v 0.173648 0.066260 -0.538261
v 0.184426 0.037992 -0.548995
v 0.235405 0.037836 -0.558539
v 0.216451 0.038545 -0.558445
v 0.236690 0.057333 -0.554874
v 0.224268 0.064642 -0.552736
v 0.235405 0.037836 -0.558539
v 0.295961 0.028841 -0.535718
v 0.278011 0.030144 -0.539312
v 0.288933 0.056896 -0.537300
v 0.275944 0.047435 -0.537696
v 0.313849 0.035216 -0.497875
v 0.213895 0.056092 -0.554216
v 0.162901 0.057784 -0.537969
v 0.137332 0.062382 -0.492407
v 0.128584 0.053974 -0.487344
v 0.297276 0.046008 -0.533972
v 0.314742 0.021351 -0.498465
v 0.278011 0.030144 -0.539312
v 0.216451 0.038545 -0.558445
v 0.164931 0.039419 -0.544657
v 0.320923 0.465303 -0.148719
v 0.361746 0.449809 -0.230505
v 0.356025 0.403627 -0.247911
v 0.333146 0.442661 -0.148985
v 0.116901 0.402335 -0.307136
v 0.080991 0.987061 -0.397632
v 0.001490 1.032470 -0.535504
v 0.071509 1.008137 -0.545298
v 0.213219 0.743404 -0.613847
v 0.221186 0.743178 -0.549821
v 0.207183 0.842408 -0.484779
v 0.198459 0.837274 -0.596057
v 0.331080 0.298321 -0.349340
v 0.346195 0.311812 -0.277892
v 0.361552 0.383624 -0.332382
v 0.053717 0.397804 -0.564416
v 0.040567 0.410867 -0.488167
v 0.096104 0.443988 -0.522313
v 0.105867 0.439949 -0.579806
v 0.120062 0.990736 0.427381
v 0.112023 0.968824 0.522647
v 0.053273 1.025986 -0.281377
v 0.258730 0.820071 -0.469886
v 0.250871 0.702271 -0.539253
v 0.351476 0.361583 -0.191194
v 0.247026 0.511486 -0.125173
v 0.199025 0.544369 -0.177342
v 0.200936 0.565591 -0.221468
v 0.147445 0.559987 -0.268638
v 0.243837 0.048170 -0.314749
v 0.045110 0.361469 -0.119694
v 0.034987 0.358929 -0.254801
v 0.086877 0.942446 0.591120
v 0.057974 0.403425 0.406407
v 0.076642 0.309826 0.337501
v 0.076855 0.925633 0.614502
v 0.061267 0.906898 0.633238
v 0.037826 0.398445 -0.469546
v 0.057657 0.357419 -0.042165
v 0.060394 0.839727 0.646866
v 0.082684 0.828023 0.623717
v 0.249813 0.656711 0.281007
v 0.246194 0.603160 0.204617
v 0.202723 0.518632 0.251548
v 0.197562 0.576867 0.298280
v 0.243032 0.601456 0.111469
v 0.215560 0.534492 0.127865
v 0.218727 0.113129 -0.403996
v 0.105985 0.445952 0.396930
v 0.147619 0.392612 0.316381
v 0.053888 0.454479 0.497671
v 0.027884 0.473229 0.553514
v 0.043192 0.376139 -0.324036
v 0.252691 0.622758 -0.195853
v 0.265010 0.520252 -0.151337
v 0.196014 0.478060 -0.215172
v 0.200936 0.565591 -0.221468
v 0.252691 0.622758 -0.195853
v 0.220499 0.614779 -0.168562
v 0.224515 0.649659 -0.181025
v 0.253012 0.606266 -0.031144
v 0.264450 0.607158 -0.089543
v 0.285519 0.459019 -0.126899
v 0.265010 0.520252 -0.151337
v 0.305694 0.531561 -0.165486
v 0.307554 0.435780 -0.120098
v 0.285519 0.459019 -0.126899
v 0.228221 0.413052 -0.220775
v 0.235757 0.378724 -0.219168
v 0.307554 0.435780 -0.120098
v 0.334687 0.359914 -0.165257
v 0.334687 0.359914 -0.165257
v 0.249964 0.302674 -0.217187
v 0.018896 0.801381 0.706378
v 0.040278 0.789194 0.664654
v 0.036446 0.791186 0.659499
v 0.199458 0.840236 0.080150
v 0.229102 0.734364 0.045022
v 0.302244 0.765708 -0.447113
v 0.359341 0.690604 -0.428612
v 0.335776 0.791002 -0.291850
v 0.294335 0.833074 -0.286318
v 0.228817 0.442985 -0.536087
v 0.314289 0.476023 -0.470654
v 0.306904 0.549706 -0.496273
v 0.218309 0.497814 -0.554653
v 0.221032 0.609309 -0.566838
v 0.227832 0.563620 -0.570052
v 0.281141 0.622202 -0.513159
v 0.257618 0.684096 -0.526360
v 0.223794 0.612196 -0.578055
v 0.136200 0.437833 -0.313083
v 0.191132 0.373595 -0.338471
v 0.147445 0.559987 -0.268638
v 0.133766 0.424685 -0.358723
v 0.119050 0.529260 -0.337698
v 0.188804 0.360406 -0.384733
v 0.180672 0.387393 -0.474344
v 0.137040 0.409875 -0.416422
v 0.181312 0.354533 -0.420513
v 0.198525 0.361303 -0.442290
v 0.205397 0.533192 -0.564700
v 0.184248 0.526094 -0.544237
v 0.167288 0.532435 -0.620176
v 0.175404 0.557862 -0.578335
v 0.223025 0.614300 -0.606647
v 0.208726 0.604956 -0.625483
v 0.098217 0.422790 -0.499498
v 0.368387 0.505882 -0.243655
v 0.286093 0.626803 -0.215402
v 0.327344 0.593032 -0.237332
v 0.362927 0.421271 -0.329091
v 0.312252 0.391653 -0.416664
v 0.299923 0.338286 -0.426098
v 0.226212 0.286521 -0.408668
v 0.247047 0.346574 -0.422707
v 0.201138 0.341885 -0.407436
v 0.188529 0.288373 -0.380929
v 0.266938 0.273630 -0.416390
v 0.252691 0.622758 -0.195853
v 0.182416 0.326705 -0.381057
v 0.172796 0.287726 -0.357786
v 0.365501 0.281710 -0.202858
v 0.383346 0.205501 -0.247301
v 0.280439 0.152674 -0.268123
v 0.270752 0.210527 -0.244536
v 0.184934 0.319801 -0.344599
v 0.178774 0.288794 -0.315478
v 0.279411 0.107253 -0.280283
v 0.236464 0.075227 -0.293718
v 0.227822 0.119217 -0.282100
v 0.209573 0.055763 -0.325457
v 0.205342 0.084269 -0.307472
v 0.295961 0.028841 -0.535718
v 0.184170 0.200990 -0.315287
v 0.184941 0.207339 -0.333956
v 0.204277 0.225142 -0.365812
v 0.203865 0.199712 -0.294716
v 0.202316 0.132465 -0.298303
v 0.177278 0.137631 -0.312198
v 0.199067 0.323031 -0.315397
v 0.195216 0.293923 -0.281530
v 0.226737 0.198863 -0.270448
v 0.234220 0.209893 -0.382152
v 0.294642 0.199687 -0.370422
v 0.377288 0.279877 -0.220530
v 0.365501 0.281710 -0.202858
v 0.161262 0.856664 0.589085
v 0.112253 0.838451 0.610921
v 0.195698 0.914474 0.470870
v 0.043623 0.478653 0.492564
v 0.070728 0.507336 0.420850
v 0.289219 0.749540 0.309077
v 0.220571 0.892417 0.406942
v 0.135288 0.551292 0.366181
v 0.192873 0.758040 0.633348
v 0.149214 0.715848 0.669460
v 0.112253 0.838451 0.610921
v 0.161262 0.856664 0.589085
v 0.250827 0.685643 0.299998
v 0.261606 0.670328 0.303403
v 0.326521 0.719320 0.377908
v 0.309970 0.753972 0.356145
v 0.251519 0.626589 0.637742
v 0.253996 0.672735 0.623031
v 0.303465 0.565353 0.572667
v 0.270068 0.538399 0.610239
v 0.232903 0.602565 0.657380
v 0.236068 0.508186 0.638340
v 0.150782 0.370873 0.585719
v 0.160134 0.386885 0.571028
v 0.208094 0.394759 0.602400
v 0.209102 0.377144 0.603110
v 0.195698 0.914474 0.470870
v 0.251313 0.797691 0.564605
v 0.228203 0.783729 0.594934
v 0.128227 0.389349 0.485209
v 0.132894 0.385213 0.477233
v 0.120704 0.376291 0.394099
v 0.107946 0.384487 0.386622
v 0.052799 0.478345 0.420361
v 0.074132 0.506932 0.373695
v 0.070728 0.507336 0.420850
v 0.043623 0.478653 0.492564
v 0.064012 0.463001 0.423402
v 0.084434 0.484059 0.353020
v 0.221456 0.667333 0.651834
v 0.174561 0.655389 0.675785
v 0.112361 0.216853 0.494186
v 0.107018 0.156550 0.483940
v 0.133737 0.154161 0.455513
v 0.138382 0.219220 0.441406
v 0.149149 0.101307 0.585773
v 0.107018 0.156550 0.483940
v 0.112361 0.216853 0.494186
v 0.148344 0.213472 0.584574
v 0.256419 0.081845 0.547547
v 0.227518 0.060860 0.585205
v 0.227936 0.102283 0.580109
v 0.261049 0.116120 0.546147
v 0.269831 0.097380 0.509632
v 0.266269 0.129436 0.516687
v 0.192871 0.214237 0.599993
v 0.189415 0.096212 0.601662
v 0.264736 0.000225 0.362531
v 0.295011 0.012888 0.388567
v 0.293875 0.009639 0.367624
v 0.285278 0.015027 0.353879
v 0.144458 0.001679 0.348988
v 0.157985 0.010558 0.323641
v 0.143261 0.026220 0.326981
v 0.124406 0.021590 0.350872
v 0.301700 0.066149 0.432257
v 0.288999 0.029656 0.433769
v 0.271586 0.049340 0.464355
v 0.283479 0.077240 0.463413
v 0.172223 0.098371 0.334671
v 0.142115 0.098821 0.337457
v 0.175689 0.092508 0.324194
v 0.196525 0.114060 0.311803
v 0.211353 0.105266 0.313323
v 0.217237 0.102104 0.327215
v 0.191910 0.119346 0.329819
v 0.239193 0.106892 0.318979
v 0.250724 0.091848 0.324729
v 0.252257 0.087443 0.340986
v 0.233725 0.114110 0.337597
v 0.285528 0.064280 0.355525
v 0.283483 0.075398 0.365390
v 0.287871 0.081665 0.351929
v 0.278249 0.105292 0.432424
v 0.270156 0.095023 0.401123
v 0.295985 0.090616 0.412996
v 0.306444 0.031577 0.379670
v 0.306166 0.024947 0.403831
v 0.311859 0.061021 0.404099
v 0.313852 0.062134 0.381306
v 0.192903 -0.003010 0.343547
v 0.182808 0.021924 0.314309
v 0.270573 0.017655 0.341792
v 0.257407 0.031322 0.328326
v 0.266456 0.107603 0.385640
v 0.246720 0.004105 0.428954
v 0.276607 0.014188 0.435914
v 0.298770 0.082841 0.385309
v 0.124976 0.030911 0.384175
v 0.142995 0.009497 0.401051
v 0.172801 0.004071 0.412685
v 0.171168 0.114919 0.356118
v 0.140686 0.107137 0.360791
v 0.215568 0.109489 0.338395
v 0.209131 0.114283 0.360438
v 0.189922 0.121831 0.356215
v 0.250632 0.092172 0.356146
v 0.244964 0.110142 0.379931
v 0.225290 0.122242 0.358953
v 0.277655 0.079881 0.379391
v 0.275582 0.099416 0.357669
v 0.291606 0.017574 0.341269
v 0.301606 0.009264 0.355941
v 0.295683 0.061628 0.343217
v 0.285528 0.064280 0.355525
v 0.285278 0.015027 0.353879
v 0.291606 0.017574 0.341269
v 0.323205 0.064802 0.366338
v 0.313852 0.062134 0.381306
v 0.305396 0.081939 0.371517
v 0.315502 0.082612 0.356035
v 0.317331 0.027983 0.363800
v 0.306444 0.031577 0.379670
v 0.156448 0.007357 0.301040
v 0.177834 0.021771 0.296945
v 0.137989 0.027184 0.302856
v 0.163825 0.098462 0.302155
v 0.167515 0.091272 0.317203
v 0.147527 0.093381 0.320894
v 0.144097 0.095651 0.305110
v 0.177834 0.021771 0.296945
v 0.182808 0.021924 0.314309
v 0.177255 0.082226 0.316612
v 0.173367 0.079467 0.296450
v 0.202493 0.017532 0.315821
v 0.197863 0.007246 0.285601
v 0.178989 0.019449 0.281183
v 0.174179 0.080539 0.280142
v 0.178989 0.019449 0.281183
v 0.210341 0.103258 0.285951
v 0.211353 0.105266 0.313323
v 0.196525 0.114060 0.311803
v 0.196654 0.113562 0.285516
v 0.216569 0.020822 0.285431
v 0.220557 0.032179 0.315518
v 0.217832 0.087773 0.316719
v 0.217049 0.079190 0.285596
v 0.220557 0.032179 0.315518
v 0.236296 0.021650 0.320921
v 0.242939 0.007725 0.291144
v 0.222896 0.020970 0.283331
v 0.219046 0.070479 0.283668
v 0.222896 0.020970 0.283331
v 0.239193 0.106892 0.318979
v 0.244140 0.097444 0.291829
v 0.259187 0.084298 0.295101
v 0.250724 0.091848 0.324729
v 0.264426 0.019102 0.295356
v 0.257407 0.031322 0.328326
v 0.254224 0.074028 0.330619
v 0.266394 0.059714 0.297157
v 0.281662 0.008429 0.316064
v 0.267494 0.021086 0.306538
v 0.269877 0.062862 0.307321
v 0.267494 0.021086 0.306538
v 0.287871 0.081665 0.351929
v 0.303280 0.085350 0.325165
v 0.303508 0.062375 0.328557
v 0.298860 0.015903 0.325168
v 0.312894 0.012547 0.340544
v 0.302563 0.021739 0.331488
v 0.331140 0.064459 0.351620
v 0.322039 0.078046 0.343996
v 0.324505 0.032535 0.350166
v 0.171216 0.026221 0.284591
v 0.154199 0.013862 0.284692
v 0.142582 0.037271 0.290274
v 0.145661 0.093457 0.290042
v 0.161436 0.095627 0.288255
v 0.169276 0.077054 0.283300
v 0.171216 0.026221 0.284591
v 0.197264 0.013803 0.262682
v 0.183174 0.026348 0.258690
v 0.198740 0.103573 0.266384
v 0.212877 0.093578 0.264827
v 0.220140 0.066692 0.261583
v 0.211460 0.026473 0.264135
v 0.246674 0.009728 0.272283
v 0.231474 0.022494 0.268122
v 0.247209 0.082474 0.270049
v 0.259863 0.069460 0.276051
v 0.265564 0.049015 0.276600
v 0.262245 0.021665 0.275860
v 0.291173 0.010795 0.299190
v 0.278472 0.019449 0.294287
v 0.309868 0.073796 0.305151
v 0.311558 0.056515 0.309860
v 0.305873 0.024358 0.306539
v 0.298258 0.079794 0.302036
v 0.290966 0.092235 0.319561
v 0.275467 0.082245 0.312290
v 0.283249 0.069197 0.297829
v 0.280290 0.093943 0.342657
v 0.262567 0.084931 0.335012
v 0.262567 0.084931 0.335012
v 0.280290 0.093943 0.342657
v 0.311535 0.073729 0.336741
v 0.303520 0.076759 0.346876
v 0.303109 0.058301 0.332558
v 0.294634 0.074976 0.361475
v 0.294634 0.074976 0.361475
v 0.230297 0.091875 0.288619
v 0.232310 0.078682 0.269409
v 0.227080 0.099373 0.316166
v 0.227080 0.099373 0.316166
v 0.181948 0.105500 0.281663
v 0.183870 0.098170 0.263259
v 0.182985 0.101335 0.312469
v 0.182985 0.101335 0.312469
v 0.184351 0.129289 0.384595
v 0.136623 0.069451 0.305444
v 0.136860 0.073877 0.291936
v 0.138960 0.060051 0.322423
v 0.126569 0.055102 0.344615
v 0.138960 0.060051 0.322423
v 0.147527 0.093381 0.320894
v 0.122157 0.066528 0.377417
v 0.139310 0.118076 0.385742
v 0.182563 0.148423 0.397274
v 0.138976 0.136995 0.412379
v 0.119468 0.053175 0.487292
v 0.162498 0.007718 0.503095
v 0.163220 0.035286 0.445142
v 0.129157 0.061381 0.423800
v 0.212892 0.030051 0.454009
v 0.201438 0.003654 0.504998
v 0.253419 0.031957 0.468102
v 0.245676 0.017813 0.509308
v 0.259954 0.042090 0.506236
v 0.265055 0.124363 0.458446
v 0.237869 0.144010 0.412068
v 0.239632 0.126250 0.399877
v 0.118591 0.086758 0.413135
v 0.121979 0.099094 0.461650
v 0.119468 0.053175 0.487292
v 0.129157 0.061381 0.423800
v 0.124976 0.030911 0.384175
v 0.124406 0.021590 0.350872
v 0.143261 0.026220 0.326981
v 0.143261 0.026220 0.326981
v 0.137989 0.027184 0.302856
v 0.317331 0.027983 0.363800
v 0.324505 0.032535 0.350166
v 0.277691 0.051328 0.293749
v 0.254224 0.074028 0.330619
v 0.225930 0.057803 0.267522
v 0.217832 0.087773 0.316719
v 0.175521 0.074805 0.257317
v 0.177255 0.082226 0.316612
v 0.167515 0.091272 0.317203
v 0.305396 0.081939 0.371517
v 0.216569 0.020822 0.285431
v 0.211460 0.026473 0.264135
v 0.264426 0.019102 0.295356
v 0.262245 0.021665 0.275860
v 0.229653 0.008760 0.347145
v 0.305873 0.024358 0.306539
v 0.298860 0.015903 0.325168
v 0.302563 0.021739 0.331488
v 0.278472 0.019449 0.294287
v 0.231474 0.022494 0.268122
v 0.183174 0.026348 0.258690
v 0.142582 0.037271 0.290274
v 0.311987 0.038279 0.326934
v 0.319474 0.066982 0.331391
v 0.328412 0.059159 0.337232
v 0.324900 0.038311 0.337151
v 0.144881 0.045884 0.279076
v 0.164442 0.074302 0.278893
v 0.162432 0.042634 0.277999
v 0.188150 0.039818 0.253516
v 0.198332 0.090288 0.256783
v 0.213022 0.076219 0.259259
v 0.210538 0.044470 0.256539
v 0.237585 0.025953 0.261742
v 0.245877 0.069403 0.270679
v 0.256356 0.057344 0.272773
v 0.256376 0.029336 0.267270
v 0.289682 0.033885 0.288522
v 0.309520 0.060934 0.298699
v 0.307663 0.036819 0.295318
v 0.289419 0.056434 0.291589
v 0.299676 0.070518 0.293700
v 0.313632 0.055511 0.329320
v 0.236197 0.062056 0.266684
v 0.186291 0.076489 0.255572
v 0.143343 0.075720 0.280293
v 0.153808 0.089244 0.278715
v 0.311987 0.038279 0.326934
v 0.289682 0.033885 0.288522
v 0.237585 0.025953 0.261742
v 0.188150 0.039818 0.253516
v 0.144881 0.045884 0.279076
v 0.268143 0.221103 0.553101
v 0.281446 0.213554 0.505283
v 0.229446 0.220247 0.591435
v 0.110002 0.081620 0.514999
v 0.147693 0.055276 0.590172
v 0.110002 0.081620 0.514999
v 0.185816 0.049713 0.603125
v 0.267269 0.211013 0.466784
v 0.258795 0.148970 0.475975
v 0.237686 0.163481 0.418391
v 0.146383 0.011976 0.537878
v 0.117885 0.040635 0.540004
v 0.196024 0.003382 0.540384
v 0.241911 0.012996 0.545085
v 0.252595 0.037764 0.543849
v 0.147451 0.029304 0.575328
v 0.190615 0.019209 0.581335
v 0.117885 0.040635 0.540004
v 0.219365 0.340859 0.287388
v 0.238157 0.368881 0.278108
v 0.203762 0.364245 0.268008
v 0.203337 0.336338 0.290052
v 0.200101 0.320187 0.618237
v 0.146934 0.316425 0.598124
v 0.251939 0.384204 0.613516
v 0.248122 0.407810 0.588245
v 0.289659 0.432545 0.540231
v 0.291871 0.466857 0.565886
v 0.315679 0.489567 0.506414
v 0.299911 0.446591 0.477090
v 0.258101 0.451233 0.605357
v 0.270532 0.594497 0.280269
v 0.262819 0.505939 0.274727
v 0.324468 0.513579 0.334846
v 0.331345 0.623107 0.342641
v 0.197562 0.576867 0.298280
v 0.208401 0.618872 0.317222
v 0.249813 0.656711 0.281007
v 0.211850 0.610242 0.296085
v 0.198913 0.538272 0.263593
v 0.194576 0.477179 0.257368
v 0.252793 0.369181 0.317408
v 0.232991 0.326375 0.331364
v 0.187302 0.213294 0.391918
v 0.244097 0.219179 0.417390
v 0.238000 0.276735 0.376760
v 0.189138 0.275227 0.354220
v 0.103710 0.309473 0.495446
v 0.108359 0.357135 0.498656
v 0.230720 0.025104 0.573132
v 0.203728 0.436460 0.614130
v 0.194755 0.466512 0.645361
v 0.187453 0.580414 0.670178
v 0.288543 0.416764 0.466463
v 0.285105 0.417189 0.536750
v 0.182869 0.166865 0.401495
v 0.145647 0.162829 0.413295
v 0.157442 0.372621 0.283694
v 0.198090 0.415118 0.250277
v 0.157069 0.414377 0.269072
v 0.319820 0.722355 0.512206
v 0.284799 0.784373 0.511567
v 0.300461 0.326005 0.545148
v 0.307837 0.315143 0.486648
v 0.260920 0.328161 0.610438
v 0.127675 0.309949 0.434117
v 0.103710 0.309473 0.495446
v 0.285241 0.328981 0.410543
v 0.276015 0.285716 0.435618
v 0.308859 0.372480 0.476820
v 0.132894 0.385213 0.477233
v 0.300202 0.387622 0.550178
v 0.299632 0.442323 0.390525
v 0.321783 0.490505 0.433356
v 0.085601 0.411260 0.386385
v 0.103769 0.418092 0.489249
v 0.252152 0.424506 0.588679
v 0.103769 0.418092 0.489249
v 0.122485 0.418885 0.565289
v 0.151211 0.389369 0.563415
v 0.128227 0.389349 0.485209
v 0.208278 0.402982 0.607793
v 0.146072 0.218816 0.406034
v 0.132825 0.289871 0.374443
v 0.315756 0.578268 0.538201
v 0.333639 0.615331 0.456979
v 0.118396 0.402285 0.317925
v 0.137390 0.381671 0.329507
v 0.149574 0.353964 0.331715
v 0.167625 0.346721 0.297783
v 0.172470 0.314836 0.326160
v 0.204066 0.305432 0.316352
v 0.098653 0.443800 0.317552
v 0.253649 0.425650 0.277064
v 0.295311 0.388029 0.392933
v 0.289219 0.749540 0.309077
v 0.220571 0.892417 0.406942
v 0.215007 0.003248 0.409071
v 0.141921 0.034683 0.412231
v 0.167176 0.030040 0.432159
v 0.208342 0.025480 0.429553
v 0.241885 0.022048 0.453074
v 0.261490 0.032504 0.456808
v 0.144668 0.462088 0.288409
v 0.110518 0.348113 0.417707
v 0.278486 0.430503 0.319920
v 0.137283 0.504625 0.295344
v 0.148451 0.559641 0.369777
v 0.135288 0.551292 0.366181
v 0.108359 0.357135 0.498656
v 0.018433 0.813492 0.707413
v 0.162507 0.436854 -0.513137
v 0.173399 0.448430 -0.524431
v 0.229062 0.420913 -0.520356
v 0.309675 0.445047 -0.452856
v 0.373491 0.491375 -0.368874
v 0.377075 0.516792 -0.388544
v 0.243931 0.376589 -0.455714
v 0.233484 0.390227 -0.483644
v 0.310483 0.416872 -0.437513
v 0.367370 0.447969 -0.346336
v 0.374919 0.604390 -0.425767
v 0.170775 0.471810 -0.534605
v 0.202478 0.555165 -0.592912
v 0.156697 0.458222 -0.413402
v 0.167783 0.445249 -0.505246
v 0.164947 0.442533 -0.433862
v 0.150776 0.503765 -0.563051
v 0.148708 0.473878 -0.532297
v 0.051755 0.361708 -0.363555
v 0.114021 0.406549 -0.201331
v 0.373491 0.491375 -0.368874
v 0.309675 0.445047 -0.452856
v 0.229062 0.420913 -0.520356
v 0.162507 0.436854 -0.513137
v 0.110605 0.499098 -0.404342
v 0.244468 0.705210 -0.072421
v 0.246487 0.689995 -0.116381
v 0.374859 0.558502 -0.270739
v 0.365566 0.691113 -0.296644
v 0.376237 0.600786 -0.281244
v 0.374859 0.558502 -0.270739
v 0.328816 0.643308 -0.227800
v 0.284721 0.686078 -0.184599
v 0.254707 0.719667 -0.162515
v 0.302126 0.717695 -0.217390
v 0.286093 0.626803 -0.215402
v 0.327344 0.593032 -0.237332
v 0.134406 0.538586 0.327301
v 0.074731 0.801872 0.648723
v 0.060394 0.839727 0.646866
v 0.082684 0.828023 0.623717
v 0.160012 0.426501 0.612358
v 0.043153 0.763249 0.676243
v 0.099597 0.771072 0.667054
v 0.043153 0.763249 0.676243
v 0.036446 0.791186 0.659499
v 0.074731 0.801872 0.648723
v 0.082684 0.828023 0.623717
v 0.109610 0.669002 0.687153
v 0.053046 0.644386 0.692439
v 0.053046 0.644386 0.692439
v 0.122563 0.624086 0.685976
v 0.054273 0.604625 0.689184
v 0.054273 0.604625 0.689184
v 0.069655 0.485028 0.555333
v 0.040669 0.490894 0.599738
v 0.040669 0.490894 0.599738
v 0.119907 0.543014 0.664710
v 0.042709 0.559403 0.676283
v 0.042709 0.559403 0.676283
v 0.039661 0.511577 0.647549
v 0.040669 0.490894 0.599738
v 0.084689 0.492554 0.618172
v 0.039661 0.511577 0.647549
v 0.069655 0.485028 0.555333
v 0.040669 0.490894 0.599738
v 0.289556 0.709332 0.581892
v 0.334785 0.214469 -0.333769
v 0.323447 0.161249 -0.364065
v 0.392031 0.210550 -0.268977
v 0.214353 0.124257 -0.396860
v 0.274026 0.133144 -0.395116
v 0.281832 0.154031 -0.383844
v 0.223479 0.154358 -0.388226
v 0.190913 0.154038 -0.354529
v 0.173906 0.148474 -0.335241
v 0.383346 0.205501 -0.247301
v 0.236765 0.766597 -0.124962
v 0.263441 0.785576 -0.190476
v 0.115945 0.967199 0.215056
v 0.096243 0.951356 0.118233
v 0.196152 0.922010 -0.407814
v 0.166885 0.937813 -0.555521
v 0.210204 0.086735 0.235912
v 0.213683 0.056031 0.241873
v 0.210538 0.044470 0.256539
v 0.213022 0.076219 0.259259
v 0.212443 0.061520 0.208078
v 0.213418 0.044541 0.217695
v 0.203938 0.011466 0.199127
v 0.203743 0.010400 0.201932
v 0.198332 0.090288 0.256783
v 0.199604 0.095314 0.229467
v 0.203793 0.065710 0.200520
v 0.194424 0.035423 0.215895
v 0.194424 0.035423 0.215895
v 0.187097 0.046850 0.237477
v 0.187097 0.046850 0.237477
v 0.188150 0.039818 0.253516
v 0.188150 0.039818 0.253516
v 0.187097 0.046850 0.237477
v 0.190935 0.081440 0.229704
v 0.186291 0.076489 0.255572
v 0.194424 0.035423 0.215895
v 0.195508 0.053604 0.204407
v 0.203743 0.010400 0.201932
v 0.162025 0.067012 0.256179
v 0.161421 0.041487 0.263880
v 0.162432 0.042634 0.277999
v 0.164442 0.074302 0.278893
v 0.158821 0.041377 0.232082
v 0.159117 0.030495 0.241342
v 0.149224 0.011529 0.229268
v 0.149934 0.010846 0.231383
v 0.153804 0.081125 0.251579
v 0.153808 0.089244 0.278715
v 0.152679 0.047251 0.227717
v 0.149934 0.010846 0.231383
v 0.145380 0.031437 0.239524
v 0.159117 0.030495 0.241342
v 0.141534 0.043176 0.262591
v 0.161421 0.041487 0.263880
v 0.159117 0.030495 0.241342
v 0.144881 0.045884 0.279076
v 0.162432 0.042634 0.277999
v 0.161421 0.041487 0.263880
v 0.144334 0.075619 0.252382
v 0.143343 0.075720 0.280293
v 0.146587 0.042694 0.230312
v 0.262510 0.070140 0.253224
v 0.261870 0.037450 0.252579
v 0.256376 0.029336 0.267270
v 0.256356 0.057344 0.272773
v 0.265788 0.054488 0.226110
v 0.262987 0.035789 0.232387
v 0.262533 0.012300 0.215003
v 0.262236 0.010931 0.218600
v 0.252327 0.082336 0.248834
v 0.245877 0.069403 0.270679
v 0.261379 0.064460 0.219825
v 0.237585 0.025953 0.261742
v 0.243249 0.047753 0.245652
v 0.243119 0.070675 0.247806
v 0.236197 0.062056 0.266684
v 0.251185 0.043397 0.227719
v 0.254162 0.057865 0.222798
v 0.262236 0.010931 0.218600
v 0.262987 0.035789 0.232387
v 0.261870 0.037450 0.252579
v 0.256376 0.029336 0.267270
v 0.319569 0.064412 0.279786
v 0.318198 0.040522 0.282521
v 0.307663 0.036819 0.295318
v 0.309520 0.060934 0.298699
v 0.326976 0.049610 0.259317
v 0.321262 0.033032 0.269021
v 0.323092 0.011269 0.252901
v 0.322513 0.009532 0.255832
v 0.311280 0.073834 0.273552
v 0.299676 0.070518 0.293700
v 0.320888 0.054565 0.255656
v 0.289682 0.033885 0.288522
v 0.297801 0.045387 0.272552
v 0.301262 0.065658 0.271968
v 0.289419 0.056434 0.291589
v 0.310155 0.036386 0.259635
v 0.312294 0.048977 0.256162
v 0.322513 0.009532 0.255832
v 0.321262 0.033032 0.269021
v 0.318198 0.040522 0.282521
v 0.307663 0.036819 0.295318
v 0.328412 0.059159 0.337232
v 0.338249 0.056177 0.316313
v 0.334369 0.034276 0.321833
v 0.324900 0.038311 0.337151
v 0.344964 0.040078 0.300235
v 0.341114 0.028140 0.308052
v 0.342240 0.012767 0.295258
v 0.340983 0.011401 0.297466
v 0.331005 0.063899 0.310910
v 0.319474 0.066982 0.331391
v 0.341948 0.045401 0.294349
v 0.311987 0.038279 0.326934
v 0.320358 0.039609 0.312460
v 0.324981 0.054103 0.311069
v 0.313632 0.055511 0.329320
v 0.332498 0.031177 0.301392
v 0.335198 0.039593 0.297291
v 0.340983 0.011401 0.297466
v 0.341114 0.028140 0.308052
v 0.334369 0.034276 0.321833
v 0.324900 0.038311 0.337151
v 0.162432 0.042634 0.277999
v 0.210538 0.044470 0.256539
v 0.256376 0.029336 0.267270
v 0.307663 0.036819 0.295318
v 0.324900 0.038311 0.337151
v 0.353112 0.095811 -0.312004
v 0.127240 0.986398 0.327862
v 0.066913 0.329346 0.054719
v 0.136644 0.387225 0.049204
v 0.158073 0.353123 0.245455
v 0.081061 0.286277 0.266395
v 0.149854 0.362481 0.143284
v 0.071564 0.301022 0.159112
v 0.194709 0.881157 -0.165440
v 0.122288 0.920848 -0.163578
v 0.237561 0.925268 -0.295842
v 0.276052 0.885403 -0.288032
v 0.227602 0.769623 -0.013241
v 0.237702 0.593677 0.017286
v 0.227768 0.835231 -0.178909
v 0.211801 0.814645 -0.112856
v 0.216761 0.498805 0.033105
v 0.180465 0.872116 -0.092505
v 0.103494 0.947208 -0.066394
v 0.191247 0.846847 0.010955
v 0.098859 0.951044 0.040631
v 0.378575 0.152525 -0.315558
v 0.374389 0.181520 -0.263210
v 0.383552 0.178292 -0.286600
v 0.358559 0.138937 -0.271020
v 0.185917 0.081855 -0.314081
v 0.187544 0.058002 -0.325473
v 0.374389 0.181520 -0.263210
v 0.309886 0.126064 -0.366399
v 0.001459 0.559792 -1.110714
v 0.001465 0.559395 -1.117313
v -0.012518 0.562823 -1.116114
v -0.011421 0.565931 -1.106990
v -0.029143 0.592460 -1.080188
v -0.025126 0.588694 -1.081303
v -0.038596 0.588510 -1.092328
v -0.044730 0.592689 -1.085414
v -0.020414 0.579643 -1.104170
v -0.027466 0.576368 -1.105839
v -0.018970 0.586851 -1.092569
v -0.035793 0.584861 -1.108316
v -0.033885 0.607285 -1.108649
v -0.042884 0.616623 -1.087936
v -0.011421 0.565931 -1.106990
v -0.014781 0.589364 -1.102394
v 0.001484 0.583842 -1.106080
v 0.001459 0.559792 -1.110714
v 0.001465 0.559395 -1.117313
v 0.001493 0.577709 -1.123118
v -0.013157 0.575593 -1.123075
v -0.012518 0.562823 -1.116114
v -0.017638 0.559033 -1.107368
v -0.019291 0.557093 -1.111882
v -0.026344 0.578262 -1.119378
v -0.020414 0.579643 -1.104170
v -0.036946 0.587008 -1.076899
v -0.038366 0.609176 -1.053231
v -0.040750 0.603177 -1.062446
v -0.042526 0.598342 -1.046626
v -0.027466 0.576368 -1.105839
v -0.056692 0.618307 -1.037152
v -0.061136 0.633191 -0.991943
v -0.043366 0.620246 -0.997466
v -0.043912 0.610154 -1.032580
v -0.042526 0.598342 -1.046626
v -0.052927 0.608764 -1.059313
v -0.022447 0.561746 -1.068918
v -0.034255 0.559666 -1.070779
v -0.032761 0.552779 -1.078026
v -0.020269 0.557831 -1.076411
v -0.012015 0.522629 -1.083392
v -0.021836 0.538743 -1.100680
v -0.027577 0.540208 -1.090728
v -0.028279 0.536234 -1.068748
v -0.004963 0.546869 -1.103697
v -0.008095 0.542419 -1.086681
v -0.014256 0.545240 -1.093970
v -0.018143 0.542496 -1.096277
v -0.003819 0.545503 -1.109763
v -0.004963 0.546869 -1.103697
v -0.009271 0.543717 -1.109586
v -0.007649 0.534295 -1.104231
v -0.014780 0.545859 -1.109335
v -0.018143 0.542496 -1.096277
v -0.031405 0.571182 -1.070341
v -0.040053 0.576923 -1.048306
v -0.032226 0.579554 -1.056665
v -0.045414 0.602267 -0.968937
v -0.043665 0.594151 -0.992511
v -0.040770 0.609020 -0.989400
v -0.040115 0.618827 -0.977771
v -0.041011 0.593737 -1.023870
v -0.036327 0.609069 -1.017861
v -0.032651 0.596358 -1.029021
v -0.033864 0.586903 -1.054684
v -0.020014 0.543079 -1.094072
v -0.041290 0.628960 -0.998671
v -0.026579 0.605284 -0.987352
v -0.033430 0.619651 -0.982766
v -0.061138 0.668014 -0.925178
v -0.063041 0.648901 -0.944736
v -0.062642 0.646211 -0.964595
v -0.062546 0.667200 -0.959867
v -0.046931 0.644613 -0.968508
v -0.046412 0.646653 -0.944887
v -0.015008 0.594557 -1.092840
v -0.037550 0.545986 -1.076578
v -0.032511 0.570389 -1.082365
v -0.029335 0.567598 -1.086993
v -0.037550 0.545986 -1.076578
v -0.029335 0.567598 -1.086993
v -0.032700 0.564757 -1.095974
v -0.037550 0.545986 -1.076578
v -0.040227 0.566719 -1.095547
v -0.040293 0.570553 -1.088866
v -0.037550 0.545986 -1.076578
v -0.040293 0.570553 -1.088866
v -0.032511 0.570389 -1.082365
v -0.040750 0.603177 -1.062446
v -0.040860 0.617696 -1.024071
v -0.043912 0.610154 -1.032580
v -0.043366 0.620246 -0.997466
v -0.041290 0.628960 -0.998671
v -0.037550 0.545986 -1.076578
v -0.032700 0.564757 -1.095974
v -0.040227 0.566719 -1.095547
v -0.019108 0.558848 -1.100861
v -0.021702 0.565126 -1.092361
v -0.025087 0.575339 -1.110610
v -0.022536 0.556199 -1.103925
v -0.019108 0.558848 -1.100861
v -0.025087 0.575339 -1.110610
v -0.029185 0.563081 -1.094507
v -0.027100 0.556765 -1.102588
v -0.025087 0.575339 -1.110610
v -0.021702 0.565126 -1.092361
v -0.029185 0.563081 -1.094507
v -0.025087 0.575339 -1.110610
v -0.031405 0.571182 -1.070341
v -0.022447 0.561746 -1.068918
v -0.032226 0.579554 -1.056665
v -0.027100 0.556765 -1.102588
v -0.022536 0.556199 -1.103925
v -0.025087 0.575339 -1.110610
v -0.054950 0.645384 -0.933789
v -0.053379 0.632510 -0.940556
v -0.042821 0.638561 -0.935789
v -0.039073 0.648697 -0.928033
v -0.049839 0.615850 -0.932021
v -0.054139 0.643847 -0.913112
v -0.042122 0.583373 -1.010626
v -0.027245 0.599259 -0.972533
v -0.031083 0.619620 -0.935395
v -0.026579 0.605284 -0.987352
v -0.039195 0.653273 -0.970249
v -0.040665 0.634485 -1.021209
v -0.037232 0.623735 -1.064195
v -0.025463 0.606068 -1.083576
v -0.029143 0.592460 -1.080188
v -0.055013 0.636525 -1.037151
v -0.062637 0.656102 -0.996047
v -0.046931 0.644613 -0.968508
v -0.036946 0.587008 -1.076899
v -0.017638 0.559033 -1.107368
v -0.011676 0.559065 -1.108687
v -0.012384 0.556961 -1.113487
v -0.019291 0.557093 -1.111882
v -0.017879 0.601527 -1.120195
v -0.013157 0.575593 -1.123075
v -0.017638 0.559033 -1.107368
v -0.019291 0.557093 -1.111882
v -0.026344 0.578262 -1.119378
v -0.033209 0.548516 -1.056873
v -0.017931 0.558157 -1.065451
v -0.024574 0.578123 -1.021032
v -0.025978 0.586391 -1.025947
v -0.036327 0.609069 -1.017861
v -0.032651 0.596358 -1.029021
v -0.020269 0.557831 -1.076411
v -0.013783 0.547560 -1.090196
v -0.020014 0.543079 -1.094072
v -0.038391 0.567637 -1.035246
v -0.018970 0.586851 -1.092569
v -0.025126 0.588694 -1.081303
v -0.018970 0.586851 -1.092569
v -0.027466 0.576368 -1.105839
v -0.038596 0.588510 -1.092328
v -0.035793 0.584861 -1.108316
v -0.038596 0.588510 -1.092328
v -0.025126 0.588694 -1.081303
v -0.027466 0.576368 -1.105839
v -0.035793 0.584861 -1.108316
v 0.001386 0.519599 -1.088263
v 0.001417 0.532859 -1.103268
v 0.001433 0.545817 -1.104026
v 0.001434 0.542784 -1.109205
v -0.025126 0.588694 -1.081303
v -0.046412 0.646653 -0.944887
v -0.050698 0.627155 -1.061868
v 0.001493 0.577709 -1.123118
v 0.001522 0.599902 -1.124707
v -0.042821 0.638561 -0.935789
v -0.033430 0.619651 -0.982766
v 0.001433 0.545817 -1.104026
v 0.001412 0.538938 -1.090174
v -0.036385 0.651774 -0.910304
v -0.039073 0.648697 -0.928033
v -0.013783 0.547560 -1.090196
v -0.020269 0.557831 -1.076411
v -0.020014 0.543079 -1.094072
v -0.013783 0.547560 -1.090196
v -0.032761 0.552779 -1.078026
v -0.027577 0.540208 -1.090728
v -0.020269 0.557831 -1.076411
v -0.032761 0.552779 -1.078026
v -0.027577 0.540208 -1.090728
v -0.020014 0.543079 -1.094072
v -0.011676 0.559065 -1.108687
v -0.011421 0.565931 -1.106990
v -0.012518 0.562823 -1.116114
v -0.012384 0.556961 -1.113487
v -0.012384 0.556961 -1.113487
v -0.020802 0.642184 -1.066701
v -0.024817 0.661254 -1.024460
v 0.001506 0.666979 -1.021754
v 0.001516 0.640061 -1.067401
v 0.001513 0.614081 -1.096984
v -0.012832 0.613964 -1.096460
v -0.021801 0.676154 -0.955060
v 0.001457 0.681119 -0.953074
v -0.019084 0.669820 -0.889764
v 0.001384 0.675932 -0.883630
v -0.036385 0.651774 -0.910304
v -0.019084 0.669820 -0.889764
v -0.018715 0.674763 -0.846227
v 0.001352 0.677811 -0.848088
v 0.001384 0.675932 -0.883630
v -0.026164 0.649206 -0.885725
v 0.001342 0.591362 -0.949749
v 0.001329 0.619830 -0.898855
v 0.001404 0.549667 -1.068506
v 0.001361 0.565334 -1.003005
v -0.016402 0.665408 -0.834854
v 0.001312 0.664778 -0.822867
v -0.039073 0.648697 -0.928033
v -0.054950 0.645384 -0.933789
v -0.039073 0.648697 -0.928033
v -0.054139 0.643847 -0.913112
v -0.011676 0.559065 -1.108687
v -0.033864 0.586903 -1.054684
v 0.001436 0.552605 -1.098468
v -0.011176 0.557874 -1.088808
v -0.011570 0.568489 -1.069209
v 0.001421 0.560389 -1.072116
v 0.001361 0.599721 -0.958521
v 0.001380 0.581890 -1.001428
v -0.016323 0.591158 -0.998518
v -0.016569 0.610637 -0.957355
v -0.007324 0.560587 -1.099020
v 0.001444 0.556435 -1.102041
v 0.001443 0.574044 -1.077723
v -0.007183 0.579462 -1.077985
v -0.005002 0.611506 -1.007789
v 0.001415 0.605641 -1.007467
v 0.001399 0.625342 -0.965141
v -0.008630 0.632790 -0.967120
v 0.001443 0.552396 -1.106094
v -0.008288 0.554924 -1.103509
v -0.008288 0.554924 -1.103509
v 0.001443 0.552396 -1.106094
v -0.014952 0.562605 -1.091566
v -0.020617 0.578831 -1.072275
v -0.029862 0.603685 -1.000957
v -0.030373 0.623864 -0.960728
v -0.012991 0.565072 -1.090812
v -0.017909 0.577752 -1.071838
v -0.023203 0.612847 -1.005476
v -0.023551 0.633544 -0.965416
v 0.001411 0.575147 -1.042448
v -0.013294 0.581886 -1.039291
v -0.006358 0.597762 -1.046257
v 0.001436 0.592129 -1.046386
v -0.025580 0.591739 -1.042518
v -0.018972 0.598208 -1.043769
v -0.016397 0.618279 -0.907771
v 0.001317 0.603196 -0.907400
v -0.009615 0.641073 -0.915674
v 0.001367 0.636589 -0.916936
v -0.030330 0.631288 -0.909544
v -0.023496 0.641454 -0.913643
v -0.015833 0.623386 -0.871905
v 0.001292 0.614474 -0.866893
v -0.011116 0.643008 -0.872333
v 0.001329 0.638588 -0.874865
v -0.026551 0.634327 -0.868980
v -0.022093 0.643736 -0.874792
v 0.001196 1.070066 -0.180746
v 0.001128 1.077650 -0.100524
v -0.082122 1.030050 -0.076653
v -0.086925 1.034338 -0.191080
v -0.050797 1.026114 -0.281477
v 0.001234 1.037671 -0.262526
v -0.184096 0.959646 -0.169370
v -0.235283 0.925858 -0.296309
v -0.274033 0.887366 -0.289237
v -0.244932 0.899725 -0.187563
v -0.294074 0.841147 -0.290390
v -0.281621 0.847676 -0.220977
v -0.153660 0.969881 -0.097794
v -0.207004 0.920421 -0.121452
v -0.231486 0.860793 -0.133563
v -0.300746 0.886330 -0.436694
v -0.229541 0.863852 -0.530262
v -0.185973 0.961275 -0.463119
v -0.249988 0.975416 -0.386585
v 0.001343 1.123199 -0.265367
v -0.126791 1.069024 -0.275855
v -0.125373 1.039862 -0.371364
v 0.001376 1.086004 -0.348566
v -0.317927 0.910391 -0.378821
v -0.302231 0.773175 -0.450014
v -0.308456 0.799771 -0.477725
v -0.195837 0.837779 -0.596439
v -0.164097 0.938222 -0.555887
v -0.068570 1.008342 -0.545473
v 0.001491 1.032536 -0.536521
v 0.001389 1.032442 -0.430999
v -0.086227 0.998510 -0.440560
v -0.210788 0.743928 -0.614270
v -0.277568 0.995943 -0.292740
v 0.001559 0.991488 -0.655524
v -0.108328 0.973702 -0.660132
v -0.095314 0.912587 -0.737296
v 0.001577 0.943661 -0.730819
v -0.090044 0.555124 -0.738676
v -0.149862 0.593176 -0.755086
v -0.172600 0.554377 -0.694718
v -0.106901 0.498452 -0.699899
v -0.235777 0.658398 -0.665247
v -0.174158 0.662977 -0.730557
v -0.186729 0.752058 -0.714614
v -0.185354 0.788846 -0.656720
v -0.145160 0.840167 -0.727681
v -0.159780 0.904080 -0.648478
v 0.001078 0.491954 -0.798682
v -0.043554 0.512948 -0.758463
v -0.056401 0.459454 -0.702979
v 0.000943 0.450162 -0.711200
v -0.117132 0.427703 -0.615023
v -0.065247 0.393019 -0.606584
v 0.001524 1.061414 -0.533613
v -0.112188 1.025659 -0.550732
v -0.183126 0.966223 -0.541957
v -0.270613 0.650342 -0.612099
v -0.187928 0.495505 -0.620454
v -0.236371 0.851122 -0.576979
v 0.000750 0.382989 -0.594449
v -0.100518 0.872496 -0.792929
v 0.001576 0.878691 -0.820108
v -0.086616 0.544895 -0.837273
v -0.144723 0.627461 -0.828368
v -0.153170 0.674525 -0.839821
v -0.182244 0.725056 -0.845224
v -0.156195 0.778418 -0.822119
v 0.001104 0.479630 -0.842230
v -0.043591 0.516934 -0.836060
v -0.182232 0.737165 -0.845896
v -0.202507 0.740930 -0.790253
v -0.175372 0.658819 -0.794725
v -0.153152 0.686229 -0.846449
v -0.086602 0.547610 -0.849129
v -0.144718 0.629738 -0.832336
v -0.152875 0.605920 -0.806619
v -0.103992 0.537263 -0.821316
v 0.001104 0.479630 -0.842230
v -0.043594 0.515540 -0.834261
v -0.048491 0.496954 -0.818646
v 0.001076 0.457841 -0.841778
v -0.100518 0.872499 -0.792925
v -0.095391 0.898312 -0.765301
v -0.193341 0.813723 -0.759667
v -0.156192 0.786988 -0.817789
v 0.001599 0.922788 -0.784014
v 0.001576 0.878691 -0.820108
v -0.227081 0.840010 -0.710887
v -0.261297 0.739413 -0.738382
v -0.122313 0.494264 -0.759826
v -0.054851 0.443099 -0.795201
v -0.248647 0.661428 -0.745659
v -0.189268 0.554515 -0.752813
v 0.001021 0.426349 -0.824367
v -0.135485 0.982401 -0.654074
v 0.001615 0.993305 -0.710039
v -0.140538 0.691217 -0.891142
v -0.167216 0.748290 -0.879142
v -0.115822 0.619467 -0.920395
v 0.001209 0.501798 -0.924233
v -0.046126 0.554923 -0.958803
v -0.089236 0.596227 -0.951487
v -0.130252 0.655775 -0.900939
v -0.127522 0.843713 -0.861659
v -0.053105 0.888261 -0.857310
v -0.162030 0.786989 -0.885065
v 0.001595 0.872488 -0.850816
v -0.090024 0.881172 -0.851515
v -0.143671 0.813610 -0.879260
v -0.160233 0.847274 -0.832667
v -0.155080 0.834485 -0.856033
v -0.143473 0.841731 -0.860899
v -0.151661 0.852476 -0.836140
v -0.158232 0.906948 -0.839407
v -0.143527 0.914513 -0.833684
v -0.162245 0.914118 -0.812426
v -0.169662 0.909327 -0.829983
v -0.147409 0.886830 -0.853427
v -0.134264 0.889907 -0.859623
v -0.146186 0.897879 -0.823464
v -0.151820 0.873922 -0.812955
v -0.134161 0.864374 -0.824357
v -0.128951 0.882913 -0.842593
v -0.131321 0.858730 -0.864239
v -0.127522 0.843713 -0.861659
v -0.139556 0.837962 -0.880762
v -0.142148 0.858650 -0.867329
v -0.171138 0.873502 -0.819051
v -0.177479 0.896777 -0.820578
v -0.158232 0.906948 -0.839407
v -0.128951 0.882913 -0.842593
v -0.146186 0.897879 -0.823464
v -0.077816 0.704973 -1.024252
v -0.090486 0.700377 -1.007449
v -0.074058 0.681989 -1.017456
v -0.070876 0.693685 -1.030425
v -0.051072 0.711773 -1.043131
v -0.045613 0.704601 -1.039390
v -0.043977 0.704226 -1.052347
v -0.052853 0.714642 -1.052863
v -0.062324 0.594584 -1.018786
v -0.074399 0.597657 -1.006827
v -0.066408 0.589462 -1.018479
v -0.057755 0.597157 -1.031559
v -0.060619 0.700472 -1.035691
v -0.050646 0.698926 -1.036775
v -0.051256 0.711897 -1.023780
v -0.051072 0.711773 -1.043131
v -0.045613 0.704601 -1.039390
v -0.066086 0.710906 -1.037438
v -0.067055 0.709283 -1.034371
v -0.070115 0.720064 -1.044324
v -0.078728 0.717374 -1.032912
v -0.066086 0.710906 -1.037438
v -0.062038 0.712661 -1.040267
v -0.174321 0.891704 -0.793364
v -0.131599 0.905893 -0.785814
v -0.148285 0.887307 -0.776234
v -0.125636 0.650836 -0.934889
v -0.106300 0.640584 -0.958781
v -0.113289 0.655179 -0.967083
v -0.149837 0.680267 -0.932533
v -0.078775 0.713305 -1.023183
v -0.093720 0.713278 -1.007994
v -0.064383 0.703973 -1.034519
v -0.060619 0.700472 -1.035691
v -0.053449 0.689367 -1.034856
v -0.050646 0.698926 -1.036775
v -0.037625 0.711779 -1.062653
v -0.044510 0.730783 -1.059980
v -0.064383 0.703973 -1.034519
v -0.067055 0.709283 -1.034371
v -0.036571 0.693799 -1.049003
v -0.064440 0.592960 -1.022284
v -0.055643 0.599317 -1.018079
v -0.058108 0.595974 -1.017840
v -0.062964 0.579032 -1.049152
v -0.066146 0.585826 -1.026822
v -0.058141 0.588855 -1.024465
v -0.056708 0.575761 -1.050388
v -0.023074 0.545652 -1.103032
v -0.038460 0.553055 -1.084922
v -0.042512 0.547247 -1.088273
v -0.027619 0.542424 -1.106411
v -0.039526 0.539211 -1.083167
v -0.048486 0.562671 -1.075148
v -0.047259 0.555398 -1.064017
v -0.052540 0.591121 -1.049941
v -0.043837 0.571019 -1.074819
v -0.046167 0.591155 -1.050023
v -0.051093 0.598928 -1.030868
v -0.042822 0.584718 -1.036089
v -0.050052 0.599736 -1.011808
v -0.055236 0.626032 -1.006969
v -0.054143 0.611490 -1.003816
v -0.060654 0.633897 -0.942093
v -0.049100 0.658488 -0.969231
v -0.046469 0.560899 -1.091492
v -0.031308 0.553607 -1.118776
v -0.032947 0.572011 -1.128838
v -0.049457 0.582510 -1.106463
v -0.064602 0.606434 -1.053842
v -0.075923 0.620321 -1.026778
v -0.026115 0.614657 -1.145611
v -0.013334 0.622277 -1.159901
v -0.017735 0.634665 -1.145401
v -0.029284 0.625305 -1.136170
v -0.026571 0.600748 -1.131083
v -0.012926 0.594328 -1.140264
v -0.021064 0.611946 -1.142461
v -0.109364 0.713781 -0.987291
v -0.141236 0.718392 -0.942943
v -0.106645 0.673228 -0.983659
v -0.100969 0.691698 -0.992292
v -0.038136 0.687651 -1.048285
v -0.055995 0.678294 -1.032576
v -0.012926 0.594328 -1.140264
v -0.010112 0.609214 -1.135727
v -0.021064 0.611946 -1.142461
v -0.015235 0.570254 -1.138309
v -0.032418 0.611726 -1.119406
v -0.034903 0.631997 -1.114245
v -0.057269 0.593964 -1.081702
v -0.062038 0.712661 -1.040267
v -0.086727 0.633783 -0.974537
v -0.077094 0.651012 -1.002671
v -0.032121 0.695648 -1.059986
v -0.110904 0.733777 -0.994955
v -0.122331 0.753949 -0.968862
v -0.016245 0.701118 -1.064457
v -0.017516 0.721181 -1.060153
v -0.022656 0.743492 -1.052448
v -0.015298 0.640724 -1.123024
v -0.019188 0.661792 -1.094181
v -0.046649 0.646117 -1.084191
v -0.020735 0.686425 -1.073717
v -0.058420 0.660616 -1.053131
v -0.010536 0.613655 -1.157602
v -0.055236 0.626032 -1.006969
v -0.054143 0.611490 -1.003816
v -0.037804 0.629377 -1.061824
v -0.048375 0.609511 -1.059761
v -0.048375 0.609511 -1.059761
v -0.028664 0.548555 -1.115006
v -0.009991 0.552533 -1.121652
v -0.014686 0.556364 -1.126613
v 0.001470 0.555531 -1.128294
v -0.054144 0.568383 -1.068458
v -0.042914 0.557538 -1.087419
v -0.058369 0.569766 -1.073226
v -0.013923 0.605148 -1.097471
v -0.036467 0.595834 -1.100018
v -0.036467 0.595834 -1.100018
v -0.132455 0.840640 -0.899342
v -0.132225 0.861934 -0.886165
v -0.132046 0.819671 -0.898500
v -0.133825 0.822174 -0.880802
v -0.162030 0.786989 -0.885065
v -0.167216 0.748290 -0.879142
v -0.144937 0.736525 -0.906150
v -0.140760 0.774924 -0.930668
v -0.127522 0.843713 -0.861659
v -0.120009 0.833772 -0.924913
v -0.111397 0.899373 -0.810430
v -0.090024 0.881172 -0.851515
v -0.131599 0.905893 -0.785814
v -0.111397 0.899373 -0.810430
v -0.055494 0.917505 -0.798317
v -0.131545 0.914012 -0.754769
v -0.093995 0.858619 -0.910634
v -0.093995 0.858619 -0.910634
v -0.120009 0.833772 -0.924913
v -0.114742 0.825236 -0.936829
v -0.053077 0.870221 -0.919608
v -0.135066 0.808786 -0.911848
v -0.132046 0.819671 -0.898500
v -0.143671 0.813610 -0.879260
v -0.133825 0.822174 -0.880802
v -0.131599 0.905893 -0.785814
v -0.131545 0.914012 -0.754769
v -0.148285 0.887307 -0.776234
v -0.162412 0.865919 -0.781379
v -0.173504 0.868195 -0.797569
v -0.152712 0.840327 -0.811292
v -0.162412 0.865919 -0.781379
v -0.167165 0.880890 -0.756802
v -0.188689 0.844307 -0.787847
v -0.152712 0.840327 -0.811292
v -0.150814 0.828372 -0.837420
v -0.133486 0.833087 -0.872559
v -0.108009 0.809656 -0.956564
v -0.055599 0.836325 -0.961825
v -0.201052 0.794168 -0.829623
v -0.150814 0.828372 -0.837420
v -0.133486 0.833087 -0.872559
v -0.133825 0.822174 -0.880802
v -0.143671 0.813610 -0.879260
v -0.037627 0.561368 -1.064414
v -0.029575 0.784486 -1.024001
v -0.049684 0.752877 -1.050162
v -0.012124 0.584467 -1.121117
v -0.055963 0.954667 -0.764021
v -0.128368 0.937412 -0.738008
v -0.128368 0.937412 -0.738008
v -0.184662 0.888193 -0.734542
v -0.210671 0.851084 -0.752875
v -0.116592 0.527206 -0.871355
v -0.092591 0.548047 -0.908461
v -0.123835 0.603869 -0.903582
v -0.183124 0.600932 -0.850566
v -0.241622 0.812742 -0.778111
v -0.046126 0.554923 -0.958803
v -0.089236 0.596217 -0.951488
v -0.049923 0.517774 -0.920690
v -0.060429 0.474208 -0.863178
v -0.083340 0.749769 -1.030421
v -0.078538 0.735587 -1.040652
v -0.056725 0.736652 -1.055743
v -0.060919 0.718712 -1.051359
v -0.056692 0.713397 -1.042309
v -0.056692 0.713397 -1.042309
v -0.086287 0.613450 -0.970576
v -0.098721 0.614877 -0.944655
v -0.078158 0.601154 -0.974740
v -0.081207 0.608476 -1.006064
v -0.190782 0.651484 -0.849367
v -0.160194 0.655560 -0.877707
v -0.149083 0.691266 -0.875293
v -0.164562 0.691895 -0.848591
v -0.082048 0.664304 -1.000475
v -0.074423 0.673246 -1.004023
v 0.001652 0.835363 -0.957000
v 0.001625 0.853450 -0.906552
v 0.001588 0.624651 -1.161845
v 0.001589 0.636604 -1.147306
v -0.017496 0.536071 -1.109875
v 0.001423 0.528502 -1.114889
v 0.001428 0.536116 -1.110923
v -0.013233 0.541507 -1.107252
v 0.001632 0.798604 -0.983507
v -0.045132 0.801957 -0.989579
v 0.001625 0.773580 -1.008748
v 0.001573 0.640353 -1.125615
v 0.001570 0.665675 -1.089813
v 0.001605 0.724553 -1.051468
v 0.001623 0.749062 -1.038764
v 0.001583 0.689261 -1.073529
v 0.001499 0.586795 -1.118051
v 0.001595 0.872488 -0.850816
v -0.053105 0.888261 -0.857310
v 0.001395 0.519218 -1.097230
v -0.012347 0.519938 -1.092596
v 0.001608 0.912683 -0.813198
v 0.001626 0.952915 -0.780069
v 0.001152 0.471795 -0.902963
v 0.001117 0.449334 -0.895491
v 0.001590 0.705812 -1.059544
v -0.098324 0.724625 -1.016289
v -0.091440 0.773548 -1.007351
v -0.034872 0.522618 -1.061217
v -0.035853 0.529864 -1.044527
v -0.018959 0.517153 -1.092552
v -0.017186 0.505646 -1.074164
v 0.001349 0.499704 -1.074999
v 0.001386 0.510873 -1.099434
v -0.052757 0.566339 -0.994503
v 0.001209 0.501798 -0.924233
v 0.001252 0.503473 -0.967181
v -0.042822 0.584718 -1.036089
v -0.046488 0.599351 -0.982040
v -0.050052 0.599736 -1.011808
v -0.043718 0.550348 -1.022744
v -0.053868 0.579831 -1.041973
v -0.011160 0.554960 -1.055323
v -0.013215 0.571219 -0.993766
v -0.037627 0.561368 -1.064414
v 0.001327 0.513156 -1.034284
v -0.034414 0.542173 -1.080143
v -0.017239 0.540472 -1.072150
v -0.011160 0.554960 -1.055323
v -0.014687 0.509139 -1.049949
v -0.028394 0.535621 -1.099119
v 0.001496 0.569642 -1.136939
v -0.017442 0.531065 -1.104828
v 0.001412 0.524839 -1.107960
v 0.001571 0.613449 -1.159037
v -0.024477 0.532983 -1.082823
v -0.098159 0.786970 -0.980790
v -0.115822 0.619467 -0.920395
v -0.057489 0.670151 -1.035623
v -0.209912 0.753872 -0.835976
v -0.090024 0.881172 -0.851515
v -0.134161 0.864374 -0.824357
v -0.007256 0.604732 -1.149665
v -0.010536 0.613655 -1.157602
v -0.007256 0.604732 -1.149665
v 0.001551 0.604748 -1.149338
v -0.140538 0.691217 -0.891142
v -0.130252 0.655775 -0.900939
v 0.001528 0.591986 -1.141434
v -0.017757 0.593444 -0.947582
v -0.036475 0.685870 -1.061179
v 0.001327 0.498810 -1.053329
v 0.001396 0.536451 -1.077051
v 0.001404 0.548044 -1.070260
v -0.050484 0.631901 -0.914887
v -0.025766 0.638692 -0.888977
v -0.041155 0.666926 -0.933729
v -0.030787 0.674064 -0.901268
v -0.210788 0.743928 -0.614270
v -0.165584 0.754188 -0.657659
v -0.195837 0.837724 -0.596477
v 0.001491 1.032536 -0.536521
v -0.068570 1.008474 -0.545644
v -0.077452 0.959907 -0.663224
v 0.001560 0.960277 -0.695427
v -0.206619 0.605470 -0.625902
v -0.165370 0.532847 -0.620512
v -0.157952 0.601536 -0.652439
v -0.184871 0.661028 -0.657646
v -0.164097 0.938220 -0.555398
v -0.135058 0.908127 -0.662895
v -0.044827 0.369204 -0.490603
v 0.000627 0.362898 -0.493733
v 0.000694 0.374361 -0.547178
v -0.052242 0.397935 -0.564523
v -0.085620 1.021580 -0.457726
v -0.186926 0.973313 -0.479997
v -0.100358 0.440830 -0.580023
v -0.045187 0.489341 -0.686849
v -0.105494 0.536818 -0.680523
v -0.246367 0.854952 -0.542285
v -0.244691 0.714186 -0.585610
v 0.001448 1.066610 -0.447306
v -0.214518 0.556142 -0.595340
v -0.149071 0.456096 -0.549949
v 0.000966 0.481157 -0.695390
v -0.088396 0.396063 -0.505764
v -0.227052 0.636171 -0.605385
v -0.050568 0.380787 -0.453851
v -0.000165 0.372156 -0.440520
v -0.180830 1.058777 -0.388649
v -0.233897 1.013789 -0.398102
v -0.289836 0.862759 -0.503133
v -0.257767 0.687119 -0.527405
v 0.001462 1.127622 -0.383810
v -0.196750 0.541707 -0.566086
v -0.163818 0.445512 -0.505933
v -0.095805 0.399206 -0.460780
v -0.220977 0.610887 -0.567882
v -0.090049 0.554499 -0.734450
v -0.149871 0.591071 -0.748162
v -0.043558 0.512144 -0.754639
v 0.001078 0.491954 -0.798682
v -0.175477 0.742555 -0.726819
v -0.134349 0.840115 -0.735311
v -0.095308 0.913415 -0.742206
v -0.174162 0.661926 -0.725987
v 0.001577 0.943661 -0.730819
v -0.103306 1.041924 -0.199221
v -0.132898 1.025567 -0.299095
v 0.001314 1.088862 -0.279750
v 0.001268 1.100523 -0.216360
v 0.001332 1.060519 -0.334685
v -0.122504 1.016510 -0.332254
v -0.233380 0.961877 -0.361152
v -0.242678 0.957310 -0.326405
v -0.289278 0.885608 -0.343559
v -0.264176 0.889457 -0.418012
v -0.336523 0.812867 -0.341222
v -0.302231 0.773175 -0.450014
v -0.308942 0.895738 -0.260466
v -0.220765 0.969180 -0.218599
v -0.294074 0.841147 -0.290390
v -0.086226 0.998567 -0.440685
v 0.001389 1.032442 -0.430999
v -0.210788 0.743928 -0.614270
v -0.229563 0.863908 -0.530740
v -0.185973 0.961275 -0.463119
v -0.052955 1.004128 -0.013822
v -0.058945 1.003241 -0.136479
v 0.001096 1.033561 -0.124143
v 0.000972 1.022928 -0.008613
v -0.121311 0.952157 -0.036095
v -0.145333 0.940794 -0.135690
v -0.157562 0.914588 -0.052071
v -0.185972 0.894283 -0.156598
v -0.050797 1.026114 -0.281477
v 0.001234 1.037671 -0.262526
v -0.235283 0.925858 -0.296309
v -0.273896 0.886377 -0.288720
v -0.177795 0.870222 -0.091100
v -0.227150 0.839046 -0.181869
v -0.294074 0.841147 -0.290390
v -0.248130 0.702292 -0.539594
v -0.257767 0.687119 -0.527405
v 0.014346 0.565899 -1.106965
v 0.015454 0.562789 -1.116088
v 0.032083 0.592384 -1.080129
v 0.047680 0.592575 -1.085325
v 0.041549 0.588410 -1.092251
v 0.028059 0.588628 -1.081251
v 0.030416 0.576297 -1.105783
v 0.023369 0.579589 -1.104128
v 0.021920 0.586800 -1.092529
v 0.045898 0.616514 -1.087850
v 0.036916 0.607197 -1.108581
v 0.038768 0.584769 -1.108245
v 0.014346 0.565899 -1.106965
v 0.017756 0.589323 -1.102363
v 0.015454 0.562789 -1.116088
v 0.016137 0.575557 -1.123047
v 0.020547 0.558985 -1.107331
v 0.023369 0.579589 -1.104128
v 0.029324 0.578194 -1.119325
v 0.022204 0.557042 -1.111842
v 0.039866 0.586913 -1.076825
v 0.043682 0.603073 -1.062365
v 0.041295 0.609078 -1.053155
v 0.045415 0.598233 -1.046542
v 0.030416 0.576297 -1.105783
v 0.059612 0.618163 -1.037040
v 0.046803 0.610042 -1.032492
v 0.046215 0.620135 -0.997380
v 0.064006 0.633036 -0.991823
v 0.055867 0.608630 -1.059208
v 0.045415 0.598233 -1.046542
v 0.025286 0.561687 -1.068872
v 0.023113 0.557778 -1.076370
v 0.035595 0.552695 -1.077960
v 0.037092 0.559578 -1.070711
v 0.014786 0.522596 -1.083367
v 0.031054 0.536161 -1.068691
v 0.030404 0.540136 -1.090672
v 0.024679 0.538685 -1.100636
v 0.007831 0.546853 -1.103685
v 0.020986 0.542448 -1.096240
v 0.017102 0.545201 -1.093940
v 0.010920 0.542396 -1.086663
v 0.007831 0.546853 -1.103685
v 0.006695 0.545490 -1.109753
v 0.012143 0.543691 -1.109566
v 0.010488 0.534273 -1.104213
v 0.020986 0.542448 -1.096240
v 0.017657 0.545819 -1.109304
v 0.034269 0.571101 -1.070278
v 0.042890 0.576820 -1.048227
v 0.035085 0.579471 -1.056601
v 0.048162 0.602152 -0.968848
v 0.042921 0.618725 -0.977691
v 0.043574 0.608916 -0.989320
v 0.046438 0.594040 -0.992425
v 0.039186 0.608976 -1.017789
v 0.043843 0.593632 -1.023789
v 0.035499 0.596274 -1.028956
v 0.036737 0.586816 -1.054617
v 0.022854 0.543026 -1.094031
v 0.044162 0.628855 -0.998589
v 0.036248 0.619565 -0.982699
v 0.029370 0.605215 -0.987299
v 0.063966 0.667859 -0.925058
v 0.065438 0.667042 -0.959744
v 0.065491 0.646053 -0.964472
v 0.065859 0.648742 -0.944613
v 0.049784 0.644493 -0.968415
v 0.049224 0.646535 -0.944795
v 0.017978 0.594516 -1.092809
v 0.035400 0.570305 -1.082300
v 0.040367 0.545889 -1.076503
v 0.032226 0.567522 -1.086933
v 0.032226 0.567522 -1.086933
v 0.040367 0.545889 -1.076503
v 0.035602 0.564672 -1.095909
v 0.043133 0.566616 -1.095466
v 0.040367 0.545889 -1.076503
v 0.043195 0.570450 -1.088786
v 0.043195 0.570450 -1.088786
v 0.040367 0.545889 -1.076503
v 0.035400 0.570305 -1.082300
v 0.043682 0.603073 -1.062365
v 0.043753 0.617592 -1.023989
v 0.044162 0.628855 -0.998589
v 0.046215 0.620135 -0.997380
v 0.046803 0.610042 -1.032492
v 0.035602 0.564672 -1.095909
v 0.040367 0.545889 -1.076503
v 0.043133 0.566616 -1.095466
v 0.024594 0.565069 -1.092317
v 0.022001 0.558797 -1.100822
v 0.028039 0.575274 -1.110559
v 0.022001 0.558797 -1.100822
v 0.025428 0.556140 -1.103879
v 0.028039 0.575274 -1.110559
v 0.029991 0.556695 -1.102534
v 0.032076 0.563006 -1.094449
v 0.028039 0.575274 -1.110559
v 0.032076 0.563006 -1.094449
v 0.024594 0.565069 -1.092317
v 0.028039 0.575274 -1.110559
v 0.025286 0.561687 -1.068872
v 0.034269 0.571101 -1.070278
v 0.035085 0.579471 -1.056601
v 0.025428 0.556140 -1.103879
v 0.029991 0.556695 -1.102534
v 0.028039 0.575274 -1.110559
v 0.057738 0.645245 -0.933681
v 0.041858 0.648598 -0.927955
v 0.045596 0.638452 -0.935704
v 0.056148 0.632375 -0.940451
v 0.052550 0.615724 -0.931923
v 0.056883 0.643710 -0.913006
v 0.044903 0.583265 -1.010543
v 0.033810 0.619540 -0.935332
v 0.029992 0.599189 -0.972478
v 0.029370 0.605215 -0.987299
v 0.043595 0.634381 -1.021128
v 0.042073 0.653173 -0.970171
v 0.040219 0.623640 -1.064120
v 0.032083 0.592384 -1.080129
v 0.028442 0.606001 -1.083525
v 0.065572 0.655943 -0.995924
v 0.057979 0.636386 -1.037042
v 0.049784 0.644493 -0.968415
v 0.039866 0.586913 -1.076825
v 0.020547 0.558985 -1.107331
v 0.022204 0.557042 -1.111842
v 0.015300 0.556927 -1.113460
v 0.014588 0.559032 -1.108661
v 0.020918 0.601479 -1.120157
v 0.016137 0.575557 -1.123047
v 0.020547 0.558985 -1.107331
v 0.022204 0.557042 -1.111842
v 0.029324 0.578194 -1.119325
v 0.035992 0.548431 -1.056807
v 0.020754 0.558110 -1.065415
v 0.028795 0.586324 -1.025895
v 0.027362 0.578059 -1.020983
v 0.035499 0.596274 -1.028956
v 0.039186 0.608976 -1.017789
v 0.023113 0.557778 -1.076370
v 0.016627 0.547523 -1.090167
v 0.022854 0.543026 -1.094031
v 0.041180 0.567539 -1.035170
v 0.021920 0.586800 -1.092529
v 0.028059 0.588628 -1.081251
v 0.030416 0.576297 -1.105783
v 0.021920 0.586800 -1.092529
v 0.041549 0.588410 -1.092251
v 0.038768 0.584769 -1.108245
v 0.028059 0.588628 -1.081251
v 0.041549 0.588410 -1.092251
v 0.038768 0.584769 -1.108245
v 0.030416 0.576297 -1.105783
v 0.028059 0.588628 -1.081251
v 0.049224 0.646535 -0.944795
v 0.053688 0.627026 -1.061768
v 0.036248 0.619565 -0.982699
v 0.045596 0.638452 -0.935704
v 0.041858 0.648598 -0.927955
v 0.039143 0.651681 -0.910231
v 0.016627 0.547523 -1.090167
v 0.023113 0.557778 -1.076370
v 0.022854 0.543026 -1.094031
v 0.016627 0.547523 -1.090167
v 0.030404 0.540136 -1.090672
v 0.035595 0.552695 -1.077960
v 0.023113 0.557778 -1.076370
v 0.035595 0.552695 -1.077960
v 0.022854 0.543026 -1.094031
v 0.030404 0.540136 -1.090672
v 0.014588 0.559032 -1.108661
v 0.015300 0.556927 -1.113460
v 0.015454 0.562789 -1.116088
v 0.014346 0.565899 -1.106965
v 0.015300 0.556927 -1.113460
v 0.023838 0.642129 -1.066658
v 0.027820 0.661189 -1.024409
v 0.015856 0.613929 -1.096432
v 0.024706 0.676096 -0.955015
v 0.021848 0.669769 -0.889725
v 0.039143 0.651681 -0.910231
v 0.021848 0.669769 -0.889725
v 0.021407 0.674714 -0.846189
v 0.028869 0.649138 -0.885672
v 0.019050 0.665364 -0.834820
v 0.041858 0.648598 -0.927955
v 0.041858 0.648598 -0.927955
v 0.057738 0.645245 -0.933681
v 0.056883 0.643710 -0.913006
v 0.014588 0.559032 -1.108661
v 0.036737 0.586816 -1.054617
v 0.014426 0.568457 -1.069184
v 0.014043 0.557843 -1.088784
v 0.019316 0.610592 -0.957321
v 0.019100 0.591114 -0.998484
v 0.010217 0.560565 -1.099003
v 0.010083 0.579440 -1.077969
v 0.007848 0.611490 -1.007776
v 0.011450 0.632765 -0.967101
v 0.011176 0.554900 -1.103491
v 0.011176 0.554900 -1.103491
v 0.023505 0.578777 -1.072233
v 0.017836 0.562564 -1.091535
v 0.033154 0.619321 -0.960876
v 0.032675 0.603608 -1.000897
v 0.020793 0.577704 -1.071801
v 0.015880 0.565037 -1.090784
v 0.026370 0.633482 -0.965368
v 0.026047 0.612786 -1.005429
v 0.016127 0.581850 -1.039263
v 0.009243 0.597743 -1.046242
v 0.028442 0.591673 -1.042466
v 0.021853 0.598157 -1.043730
v 0.019068 0.618235 -0.907737
v 0.012357 0.641046 -0.915653
v 0.033036 0.631210 -0.909483
v 0.026236 0.641393 -0.913595
v 0.018448 0.623343 -0.871873
v 0.013780 0.642977 -0.872310
v 0.029187 0.634259 -0.868927
v 0.024764 0.643678 -0.874747
v 0.089248 1.034121 -0.190911
v 0.084215 1.029845 -0.076493
v 0.053273 1.025986 -0.281377
v 0.237561 0.925268 -0.295842
v 0.186196 0.959189 -0.169013
v 0.276052 0.885403 -0.288032
v 0.246947 0.899099 -0.187078
v 0.294335 0.833074 -0.286318
v 0.283699 0.846843 -0.220355
v 0.155645 0.969500 -0.097497
v 0.208918 0.919906 -0.121054
v 0.233327 0.860172 -0.133088
v 0.303173 0.885585 -0.436107
v 0.252540 0.974797 -0.386097
v 0.188641 0.960813 -0.462755
v 0.232099 0.863282 -0.529807
v 0.128056 1.039549 -0.371120
v 0.129362 1.068708 -0.275609
v 0.310748 0.799007 -0.477128
v 0.302244 0.765708 -0.447113
v 0.320301 0.909604 -0.378201
v 0.198459 0.837291 -0.596044
v 0.166885 0.937813 -0.555521
v 0.071509 1.008137 -0.545298
v 0.088941 0.998294 -0.440391
v 0.213219 0.743404 -0.613847
v 0.279992 0.995256 -0.292201
v 0.098401 0.912347 -0.737102
v 0.111409 0.973430 -0.659914
v 0.092242 0.554899 -0.738496
v 0.108883 0.498185 -0.699686
v 0.174712 0.553947 -0.694371
v 0.152185 0.592803 -0.754789
v 0.238091 0.657812 -0.664771
v 0.187975 0.788384 -0.656347
v 0.189371 0.751593 -0.714239
v 0.176606 0.662544 -0.730212
v 0.162666 0.903681 -0.648158
v 0.148048 0.839804 -0.727388
v 0.058293 0.459312 -0.702865
v 0.045686 0.512837 -0.758375
v 0.118781 0.418874 -0.625081
v 0.066793 0.392855 -0.606452
v 0.115181 1.025378 -0.550510
v 0.185954 0.965767 -0.541596
v 0.272802 0.649668 -0.611544
v 0.189751 0.495037 -0.620071
v 0.238986 0.850532 -0.576493
v 0.103604 0.872244 -0.792730
v 0.147274 0.627100 -0.828082
v 0.088977 0.544678 -0.837102
v 0.185071 0.724602 -0.844863
v 0.155860 0.674143 -0.839518
v 0.159109 0.778028 -0.821809
v 0.045879 0.516823 -0.835973
v 0.185071 0.724602 -0.844863
v 0.155877 0.685847 -0.846150
v 0.177929 0.658382 -0.794382
v 0.205258 0.740426 -0.789858
v 0.088977 0.544678 -0.837102
v 0.106298 0.537003 -0.821113
v 0.155324 0.605539 -0.806321
v 0.147280 0.629377 -0.832050
v 0.050696 0.496832 -0.818549
v 0.045879 0.516823 -0.835973
v 0.103604 0.872244 -0.792730
v 0.159109 0.778028 -0.821809
v 0.196216 0.813242 -0.759287
v 0.098491 0.898073 -0.765111
v 0.229928 0.839445 -0.710440
v 0.263948 0.738764 -0.737868
v 0.124397 0.493959 -0.759585
v 0.056878 0.442961 -0.795092
v 0.251117 0.660811 -0.745172
v 0.191487 0.554045 -0.752441
v 0.138576 0.982062 -0.653804
v 0.170153 0.747873 -0.878817
v 0.143357 0.690867 -0.890869
v 0.118520 0.619178 -0.920170
v 0.048738 0.554806 -0.958713
v 0.091936 0.596004 -0.951314
v 0.133003 0.655450 -0.900685
v 0.130662 0.843394 -0.861411
v 0.056346 0.888126 -0.857204
v 0.165074 0.786585 -0.884750
v 0.093237 0.880946 -0.851339
v 0.146770 0.813251 -0.878980
v 0.163325 0.846875 -0.832355
v 0.154773 0.852098 -0.835845
v 0.146606 0.841373 -0.860619
v 0.158186 0.834098 -0.855731
v 0.161485 0.906553 -0.839099
v 0.172902 0.908903 -0.829653
v 0.165464 0.913713 -0.812111
v 0.146787 0.914154 -0.833405
v 0.137514 0.889571 -0.859361
v 0.150639 0.886462 -0.853140
v 0.149386 0.897514 -0.823180
v 0.132151 0.882591 -0.842342
v 0.137280 0.864039 -0.824096
v 0.154940 0.873543 -0.812659
v 0.134503 0.858401 -0.863983
v 0.145336 0.858295 -0.867053
v 0.142718 0.837614 -0.880490
v 0.130662 0.843394 -0.861411
v 0.174269 0.873075 -0.818719
v 0.161485 0.906553 -0.839099
v 0.180670 0.896335 -0.820233
v 0.132151 0.882591 -0.842342
v 0.149386 0.897514 -0.823180
v 0.080926 0.704777 -1.024100
v 0.073970 0.693506 -1.030286
v 0.077098 0.681802 -1.017311
v 0.093552 0.700150 -1.007272
v 0.054235 0.711644 -1.043030
v 0.056042 0.714507 -1.052758
v 0.047139 0.704113 -1.052260
v 0.048751 0.704485 -1.039299
v 0.065149 0.594427 -1.018664
v 0.060611 0.597011 -1.031446
v 0.069219 0.589294 -1.018350
v 0.077209 0.597470 -1.006682
v 0.053765 0.698797 -1.036674
v 0.063739 0.700318 -1.035572
v 0.054382 0.711767 -1.023678
v 0.054235 0.711644 -1.043030
v 0.048751 0.704485 -1.039299
v 0.070195 0.709114 -1.034240
v 0.069236 0.710739 -1.037308
v 0.073300 0.719887 -1.044186
v 0.065198 0.712504 -1.040145
v 0.069236 0.710739 -1.037308
v 0.081885 0.717176 -1.032758
v 0.177447 0.891269 -0.793025
v 0.134746 0.905564 -0.785558
v 0.151368 0.886937 -0.775945
v 0.128440 0.650522 -0.934645
v 0.152709 0.679893 -0.932242
v 0.116165 0.654896 -0.966863
v 0.109124 0.640318 -0.958573
v 0.096819 0.713042 -1.007810
v 0.081903 0.713107 -1.023028
v 0.067510 0.703810 -1.034392
v 0.063739 0.700318 -1.035572
v 0.053765 0.698797 -1.036674
v 0.056541 0.689231 -1.034750
v 0.047752 0.730669 -1.059891
v 0.040825 0.711682 -1.062577
v 0.070195 0.709114 -1.034240
v 0.067510 0.703810 -1.034392
v 0.039701 0.693705 -1.048930
v 0.067268 0.592798 -1.022158
v 0.060935 0.595827 -1.017726
v 0.058479 0.599176 -1.017970
v 0.065810 0.578874 -1.049029
v 0.059549 0.575618 -1.050277
v 0.060964 0.588708 -1.024351
v 0.068973 0.591311 -1.027276
v 0.025939 0.545592 -1.102985
v 0.030483 0.542353 -1.106355
v 0.045353 0.547139 -1.088189
v 0.041308 0.552956 -1.084846
v 0.042338 0.539110 -1.083089
v 0.050074 0.555278 -1.063924
v 0.051340 0.562547 -1.075053
v 0.055416 0.590988 -1.049838
v 0.049043 0.591037 -1.049932
v 0.046711 0.570908 -1.074732
v 0.053952 0.598798 -1.030768
v 0.052877 0.599609 -1.011710
v 0.045655 0.584609 -1.036005
v 0.058116 0.625892 -1.006860
v 0.051989 0.658363 -0.969134
v 0.063430 0.633744 -0.941974
v 0.056981 0.611353 -1.003710
v 0.049352 0.560781 -1.091400
v 0.052422 0.582384 -1.106365
v 0.035929 0.571926 -1.128772
v 0.034226 0.553526 -1.118713
v 0.078828 0.620130 -1.026629
v 0.067525 0.606272 -1.053715
v 0.029235 0.614589 -1.145558
v 0.032412 0.625229 -1.136110
v 0.020904 0.634618 -1.145364
v 0.016501 0.622241 -1.159872
v 0.024172 0.611890 -1.142417
v 0.015986 0.594293 -1.140236
v 0.029629 0.600679 -1.131029
v 0.112424 0.713507 -0.987078
v 0.103985 0.691444 -0.992094
v 0.109598 0.672961 -0.983451
v 0.144222 0.718039 -0.942668
v 0.041250 0.687553 -1.048209
v 0.059055 0.678152 -1.032466
v 0.013200 0.609185 -1.135704
v 0.015986 0.594293 -1.140236
v 0.024172 0.611890 -1.142417
v 0.018231 0.570212 -1.138277
v 0.060215 0.593820 -1.081589
v 0.038006 0.631907 -1.114175
v 0.035480 0.611642 -1.119341
v 0.065198 0.712504 -1.040145
v 0.080028 0.650818 -1.002520
v 0.089565 0.633565 -0.974368
v 0.035277 0.695565 -1.059921
v 0.125455 0.753642 -0.968623
v 0.114028 0.733499 -0.994739
v 0.020735 0.721133 -1.060116
v 0.019423 0.701074 -1.064423
v 0.025915 0.743432 -1.052401
v 0.018439 0.640682 -1.122991
v 0.049728 0.645998 -1.084098
v 0.022326 0.661741 -1.094141
v 0.023894 0.686370 -1.073674
v 0.061476 0.660468 -1.053015
v 0.013677 0.613625 -1.157578
v 0.058116 0.625892 -1.006860
v 0.056981 0.611353 -1.003710
v 0.051317 0.609388 -1.059665
v 0.040799 0.629280 -1.061748
v 0.051317 0.609388 -1.059665
v 0.017625 0.556324 -1.126582
v 0.012911 0.552504 -1.121630
v 0.031562 0.548480 -1.114948
v 0.001470 0.555531 -1.128294
v 0.057001 0.568246 -1.068352
v 0.061239 0.569618 -1.073111
v 0.045781 0.557429 -1.087334
v 0.039453 0.595740 -1.099945
v 0.016927 0.605110 -1.097441
v 0.039453 0.595740 -1.099945
v 0.135659 0.840309 -0.899084
v 0.135457 0.861603 -0.885907
v 0.135197 0.819341 -0.898243
v 0.136947 0.821839 -0.880541
v 0.165074 0.786585 -0.884750
v 0.143862 0.774572 -0.930394
v 0.147897 0.736163 -0.905868
v 0.170153 0.747873 -0.878817
v 0.130662 0.843394 -0.861411
v 0.123245 0.833471 -0.924679
v 0.114575 0.899094 -0.810212
v 0.093237 0.880946 -0.851339
v 0.134746 0.905564 -0.785558
v 0.134652 0.913683 -0.754513
v 0.058694 0.917364 -0.798207
v 0.114575 0.899094 -0.810212
v 0.097266 0.858383 -0.910450
v 0.097266 0.858383 -0.910450
v 0.056394 0.870086 -0.919502
v 0.117981 0.824948 -0.936605
v 0.123245 0.833471 -0.924679
v 0.138216 0.808448 -0.911585
v 0.135197 0.819341 -0.898243
v 0.146770 0.813251 -0.878980
v 0.136947 0.821839 -0.880541
v 0.134652 0.913683 -0.754513
v 0.134746 0.905564 -0.785558
v 0.151368 0.886937 -0.775945
v 0.176580 0.867763 -0.797232
v 0.165452 0.865514 -0.781064
v 0.155746 0.839946 -0.810995
v 0.165452 0.865514 -0.781064
v 0.155746 0.839946 -0.810995
v 0.191688 0.843837 -0.787481
v 0.170193 0.880474 -0.756477
v 0.153869 0.827995 -0.837127
v 0.136620 0.832753 -0.872299
v 0.058913 0.836184 -0.961715
v 0.111247 0.809385 -0.956353
v 0.153869 0.827995 -0.837127
v 0.204007 0.793667 -0.829233
v 0.136620 0.832753 -0.872299
v 0.136947 0.821839 -0.880541
v 0.146770 0.813251 -0.878980
v 0.040456 0.561272 -1.064339
v 0.032881 0.784409 -1.023941
v 0.052962 0.752751 -1.050063
v 0.015123 0.584433 -1.121091
v 0.059189 0.954525 -0.763911
v 0.131501 0.937091 -0.737759
v 0.187667 0.887733 -0.734184
v 0.131501 0.937091 -0.737759
v 0.213619 0.850560 -0.752466
v 0.118968 0.526916 -0.871129
v 0.185642 0.600476 -0.850212
v 0.126463 0.603560 -0.903342
v 0.095091 0.547815 -0.908280
v 0.244523 0.812141 -0.777644
v 0.048738 0.554806 -0.958713
v 0.052372 0.517647 -0.920592
v 0.091936 0.595994 -0.951314
v 0.062663 0.474056 -0.863058
v 0.059973 0.736508 -1.055631
v 0.081755 0.735390 -1.040498
v 0.086572 0.749559 -1.030258
v 0.064115 0.718558 -1.051239
v 0.059857 0.713253 -1.042197
v 0.059857 0.713253 -1.042197
v 0.089066 0.613234 -0.970408
v 0.080915 0.600958 -0.974588
v 0.101455 0.614630 -0.944463
v 0.084042 0.608272 -1.005906
v 0.193423 0.651010 -0.848997
v 0.167301 0.691485 -0.848272
v 0.151872 0.690894 -0.875004
v 0.162898 0.655161 -0.877396
v 0.085012 0.664098 -1.000314
v 0.077415 0.673058 -1.003876
v 0.020351 0.536025 -1.109839
v 0.016096 0.541470 -1.107224
v 0.048415 0.801841 -0.989488
v 0.056346 0.888126 -0.857204
v 0.015128 0.519904 -1.092569
v 0.101467 0.724379 -1.016097
v 0.094687 0.773318 -1.007172
v 0.037600 0.522528 -1.061147
v 0.038567 0.529772 -1.044456
v 0.021733 0.517103 -1.092513
v 0.019897 0.505600 -1.074129
v 0.055466 0.566206 -0.994399
v 0.049254 0.599233 -0.981949
v 0.045655 0.584609 -1.036005
v 0.052877 0.599609 -1.011710
v 0.056701 0.579694 -1.041868
v 0.046440 0.550237 -1.022658
v 0.013956 0.554929 -1.055299
v 0.040456 0.561272 -1.064339
v 0.015935 0.571183 -0.993738
v 0.013956 0.554929 -1.055299
v 0.020032 0.540426 -1.072115
v 0.037226 0.542085 -1.080074
v 0.017360 0.509100 -1.049919
v 0.031227 0.535547 -1.099062
v 0.001496 0.569642 -1.136939
v 0.020275 0.531018 -1.104792
v 0.027271 0.532919 -1.082773
v 0.101387 0.786724 -0.980598
v 0.118520 0.619178 -0.920170
v 0.060535 0.670005 -1.035509
v 0.212779 0.753350 -0.835570
v 0.093237 0.880946 -0.851339
v 0.137280 0.864039 -0.824096
v 0.013677 0.613625 -1.157578
v 0.010359 0.604711 -1.149648
v 0.010359 0.604711 -1.149648
v 0.143357 0.690867 -0.890869
v 0.133003 0.655450 -0.900685
v 0.020442 0.593397 -0.947546
v 0.039609 0.685776 -1.061105
v 0.053202 0.631773 -0.914787
v 0.028452 0.638625 -0.888925
v 0.043996 0.666821 -0.933648
v 0.033584 0.673984 -0.901206
v 0.168124 0.753775 -0.657324
v 0.213219 0.743404 -0.613847
v 0.198459 0.837274 -0.596057
v 0.080507 0.959711 -0.663068
v 0.071509 1.008137 -0.545298
v 0.208726 0.604956 -0.625483
v 0.187180 0.660568 -0.657272
v 0.160104 0.601142 -0.652119
v 0.167288 0.532435 -0.620176
v 0.166884 0.937811 -0.555072
v 0.137986 0.907789 -0.662623
v 0.046093 0.369092 -0.490512
v 0.053717 0.397804 -0.564416
v 0.189656 0.972848 -0.479631
v 0.088424 1.021366 -0.457557
v 0.105867 0.439949 -0.579806
v 0.107535 0.536554 -0.680311
v 0.047123 0.489226 -0.686756
v 0.248926 0.854339 -0.541791
v 0.246991 0.713579 -0.585126
v 0.150663 0.455725 -0.549650
v 0.216442 0.555609 -0.594910
v 0.089756 0.395842 -0.505588
v 0.229191 0.635606 -0.604931
v 0.051791 0.380660 -0.453749
v 0.183593 1.058328 -0.388298
v 0.236567 1.013209 -0.397646
v 0.292336 0.862040 -0.502566
v 0.257618 0.684096 -0.526360
v 0.205397 0.533192 -0.564700
v 0.167783 0.445249 -0.505246
v 0.102151 0.396712 -0.455181
v 0.221032 0.609309 -0.566838
v 0.092238 0.554273 -0.734269
v 0.152185 0.592803 -0.754789
v 0.045686 0.512837 -0.758375
v 0.178122 0.742117 -0.726463
v 0.137256 0.839778 -0.735037
v 0.098401 0.912347 -0.737102
v 0.176602 0.661491 -0.725638
v 0.105664 1.041667 -0.199020
v 0.135406 1.025236 -0.298837
v 0.125055 1.016205 -0.332015
v 0.235850 0.961298 -0.360697
v 0.266575 0.888803 -0.417497
v 0.291546 0.884885 -0.342988
v 0.245076 0.956709 -0.325932
v 0.302244 0.765708 -0.447113
v 0.338726 0.811945 -0.340516
v 0.311142 0.894917 -0.259831
v 0.222985 0.968632 -0.218172
v 0.294335 0.833074 -0.286318
v 0.088941 0.998294 -0.440391
v 0.213219 0.743404 -0.613847
v 0.232099 0.863282 -0.529807
v 0.188641 0.960813 -0.462755
v 0.054862 1.003995 -0.013719
v 0.061086 1.003093 -0.136364
v 0.147320 0.940432 -0.135410
v 0.123134 0.951856 -0.035860
v 0.187898 0.893814 -0.156232
v 0.159322 0.914196 -0.051767
v 0.053273 1.025986 -0.281377
v 0.237561 0.925268 -0.295842
v 0.276052 0.885403 -0.288032
v 0.180465 0.872116 -0.092505
v 0.227768 0.835231 -0.178909
v 0.294335 0.833074 -0.286318
v 0.250871 0.702271 -0.539253
v 0.257618 0.684096 -0.526360
v -0.070608 0.722112 -1.028116
v -0.070614 0.716622 -1.029700
v -0.064041 0.717313 -1.034325
v -0.064035 0.724126 -1.032360
v -0.070623 0.709054 -1.029347
v -0.064053 0.707919 -1.033887
v -0.070635 0.702197 -1.026124
v -0.064068 0.699408 -1.029887
v -0.070644 0.698083 -1.022161
v -0.064079 0.694301 -1.024968
v -0.053785 0.717762 -1.037375
v -0.053778 0.725450 -1.035159
v -0.053798 0.707162 -1.036881
v -0.053815 0.697558 -1.032368
v -0.053827 0.691794 -1.026817
v -0.043123 0.717593 -1.036332
v -0.043116 0.724986 -1.034200
v -0.043136 0.707400 -1.035856
v -0.043152 0.698165 -1.031517
v -0.043164 0.692623 -1.026179
v -0.035768 0.717089 -1.033043
v -0.035762 0.723543 -1.031182
v -0.035779 0.708190 -1.032628
v -0.035793 0.700127 -1.028839
v -0.035803 0.695288 -1.024179
v 0.073767 0.721934 -1.027978
v 0.067207 0.723964 -1.032234
v 0.067200 0.717151 -1.034199
v 0.073762 0.716444 -1.029561
v 0.067188 0.707757 -1.033761
v 0.073752 0.708876 -1.029208
v 0.067174 0.699246 -1.029761
v 0.073741 0.702019 -1.025986
v 0.067163 0.694139 -1.024842
v 0.073732 0.697905 -1.022023
v 0.056958 0.725314 -1.035053
v 0.056951 0.717626 -1.037269
v 0.056937 0.707026 -1.036775
v 0.056921 0.697421 -1.032262
v 0.056908 0.691658 -1.026710
v 0.046293 0.724875 -1.034114
v 0.046286 0.717483 -1.036246
v 0.046273 0.707290 -1.035771
v 0.046258 0.698055 -1.031431
v 0.046246 0.692513 -1.026093
v 0.038930 0.723451 -1.031110
v 0.038924 0.716997 -1.032971
v 0.038912 0.708097 -1.032556
v 0.038899 0.700035 -1.028767
v 0.038888 0.695196 -1.024107
vn -0.9219 0.3522 -0.1615
vn -0.9891 -0.0865 -0.1194
vn -0.9985 -0.0238 0.0496
vn -0.7411 0.6712 0.0131
vn -0.8217 0.1820 -0.5401
vn -0.9559 -0.1382 -0.2592
vn 0.5738 -0.2126 -0.7909
vn -0.9309 -0.1830 -0.3161
vn 0.1308 0.9506 -0.2814
vn 0.0801 0.9956 0.0479
vn 0.1921 0.5049 -0.8415
vn 0.1025 -0.7504 0.6530
vn 0.6347 -0.4952 0.5932
vn 0.6302 -0.6656 0.3999
vn 0.1525 -0.9782 0.1408
vn 0.7172 -0.6836 0.1354
vn 0.6420 -0.7665 0.0174
vn 0.0601 -0.9979 -0.0260
vn 0.9932 0.1125 0.0308
vn 0.8379 0.5220 0.1591
vn 0.9698 0.0624 -0.2357
vn -0.8805 0.2622 -0.3949
vn -0.9298 -0.1708 -0.3261
vn -0.9757 -0.0645 -0.2095
vn -0.7477 0.6326 -0.2018
vn -0.7724 0.1368 -0.6202
vn -0.9230 -0.1713 -0.3446
vn 0.6280 0.0049 -0.7782
vn -0.9312 -0.1476 -0.3332
vn 0.0135 0.8887 -0.4582
vn 0.2561 0.9655 0.0467
vn 0.2082 0.5190 -0.8290
vn 0.0766 -0.7589 0.6467
vn 0.6010 -0.5170 0.6095
vn 0.6806 -0.6041 0.4144
vn 0.1328 -0.9401 0.3140
vn 0.6826 -0.6867 0.2499
vn 0.8174 -0.5145 0.2590
vn 0.1294 -0.9853 0.1116
vn 0.9311 0.3453 0.1174
vn 0.8934 0.3607 0.2678
vn 0.9481 0.2093 -0.2393
vn -0.9385 0.3407 -0.0559
vn -0.9979 -0.0510 0.0397
vn -0.9842 -0.0476 0.1706
vn -0.7379 0.6727 0.0543
vn -0.9066 0.2353 -0.3502
vn -0.9952 -0.0326 -0.0918
vn 0.4482 -0.0284 -0.8935
vn -0.9901 -0.0875 -0.1096
vn 0.1618 0.9100 -0.3818
vn 0.0954 0.9940 -0.0541
vn 0.0876 0.5340 -0.8409
vn 0.0230 -0.8121 0.5831
vn 0.6885 -0.5846 0.4291
vn 0.6666 -0.7164 0.2062
vn 0.0185 -0.9741 0.2255
vn 0.7648 -0.6436 0.0296
vn 0.6572 -0.7507 0.0673
vn 0.0373 -0.9936 0.1065
vn 0.9757 0.1176 -0.1850
vn 0.8936 0.4416 -0.0807
vn 0.8986 0.0850 -0.4304
vn -0.9447 0.3005 0.1313
vn -0.9654 -0.0908 0.2446
vn -0.9434 -0.0820 0.3215
vn -0.8336 0.5248 0.1725
vn -0.9651 0.2110 -0.1551
vn -0.9850 -0.0907 0.1469
vn 0.2954 0.0597 -0.9535
vn -0.9816 -0.1403 0.1291
vn -0.0261 0.9003 -0.4345
vn -0.1687 0.9728 -0.1590
vn -0.0612 0.5563 -0.8287
vn 0.1674 -0.7824 0.5998
vn 0.8042 -0.5141 0.2981
vn 0.7486 -0.6543 0.1070
vn 0.0923 -0.9605 0.2624
vn 0.6739 -0.7323 -0.0981
vn 0.8136 -0.5293 -0.2404
vn 0.0623 -0.9961 0.0627
vn 0.8889 0.1706 -0.4253
vn 0.7927 0.4959 -0.3545
vn 0.7973 0.1728 -0.5783
vn -0.9498 0.1989 0.2416
vn -0.9155 -0.2250 0.3334
vn -0.8742 -0.1834 0.4497
vn -0.7344 0.6006 0.3163
vn -0.9931 0.0883 -0.0776
vn -0.9473 -0.2220 0.2310
vn 0.1684 0.0969 -0.9809
vn -0.9370 -0.2681 0.2238
vn -0.0737 0.9115 -0.4047
vn 0.0265 0.9967 -0.0767
vn -0.2301 0.5424 -0.8080
vn 0.3401 -0.7759 0.5314
vn 0.8775 -0.4433 0.1828
vn 0.8230 -0.5680 -0.0030
vn 0.1894 -0.9681 0.1642
vn 0.7971 -0.5485 -0.2525
vn 0.6458 -0.7132 -0.2726
vn 0.0660 -0.9948 0.0773
vn 0.8309 0.2159 -0.5128
vn 0.7462 0.5353 -0.3957
vn 0.6932 0.2520 -0.6753
vn -0.5194 0.2567 0.8151
vn -0.0003 0.4314 0.9022
vn -0.0001 0.5382 0.8428
vn -0.6136 0.2932 0.7331
vn -0.0719 -0.9028 -0.4240
vn 0.0003 -0.9621 -0.2727
vn -0.0026 -0.9979 0.0646
vn -0.1227 -0.9911 -0.0513
vn 0.0938 -0.8947 0.4366
vn -0.2417 -0.8129 0.5299
vn 0.0764 -0.8117 0.5790
vn -0.9392 0.1950 -0.2825
vn -0.7937 0.5830 -0.1736
vn -0.8281 0.5262 -0.1935
vn -0.9694 0.1833 -0.1632
vn -0.7268 -0.6718 -0.1428
vn -0.8837 -0.1947 -0.4257
vn -0.7333 -0.6673 -0.1303
vn -0.6409 -0.7616 0.0955
vn -0.4097 -0.8718 -0.2685
vn -0.6203 -0.7596 -0.1953
vn -0.7264 -0.6854 0.0503
vn -0.5543 -0.8262 0.1011
vn -0.6368 -0.7691 -0.0548
vn -0.8888 0.4565 0.0411
vn -0.9837 -0.1553 0.0904
vn -0.9537 0.2274 -0.1969
vn -0.5908 0.7466 -0.3057
vn -0.6926 -0.6344 -0.3434
vn -0.2931 -0.9073 0.3016
vn -0.0483 -0.9954 -0.0822
vn -0.3080 -0.8522 -0.4230
vn -0.1014 -0.9844 -0.1435
vn 0.6225 -0.7475 0.2318
vn 0.7301 -0.6829 -0.0256
vn 0.4034 -0.8313 -0.3823
vn 0.2578 -0.9100 0.3246
vn 0.1719 -0.5085 0.8437
vn -0.0332 -0.7927 0.6087
vn -0.0353 -0.9794 0.1990
vn 0.0689 0.9386 -0.3381
vn 0.3482 0.9248 -0.1535
vn 0.4100 0.9073 0.0935
vn -0.1183 0.9892 0.0871
vn -0.4928 0.8513 -0.1801
vn -0.2613 0.9633 -0.0621
vn 0.2111 0.9612 -0.1773
vn 0.1120 0.9937 -0.0028
vn -0.8162 0.5766 -0.0360
vn -0.7721 0.6047 -0.1953
vn -0.2627 0.9404 -0.2159
vn -0.3413 0.9360 -0.0861
vn -0.1104 -0.7357 0.6683
vn -0.3360 -0.8699 0.3611
vn -0.7648 0.6056 0.2198
vn 0.0361 0.8544 -0.5183
vn -0.3985 0.9140 -0.0759
vn -0.6126 0.7748 0.1566
vn -0.4509 0.8749 -0.1770
vn -0.9728 0.0875 -0.2144
vn -0.9920 0.0028 -0.1259
vn -0.5092 0.5731 -0.6420
vn 0.5733 -0.6043 0.5534
vn 0.5561 -0.2017 0.8063
vn -0.9188 -0.3924 -0.0433
vn -0.9680 0.2484 0.0359
vn -0.9545 0.1647 0.2484
vn -0.7814 -0.4793 0.3997
vn 0.1859 -0.9683 -0.1668
vn -0.2603 -0.9424 -0.2101
vn -0.0443 -0.8393 -0.5419
vn -0.3316 -0.9245 -0.1882
vn -0.2104 -0.9292 -0.3038
vn 0.1274 -0.9916 0.0208
vn -0.3803 0.9244 -0.0271
vn -0.9730 -0.2304 0.0168
vn 0.5533 0.8169 0.1630
vn 0.0166 0.9989 0.0427
vn 0.0754 0.9354 -0.3454
vn -0.2363 0.9558 -0.1747
vn -0.4671 0.8583 -0.2125
vn 0.0038 0.9873 0.1589
vn 0.4721 -0.8796 0.0583
vn 0.8285 -0.5049 -0.2421
vn -0.8120 -0.1362 0.5676
vn 0.8676 0.0712 -0.4921
vn 0.8157 0.2221 -0.5341
vn -0.5617 0.8216 0.0970
vn -0.5607 0.8243 -0.0781
vn -0.8971 0.1893 0.3992
vn -0.8573 -0.1962 0.4760
vn -0.6408 -0.7545 -0.1422
vn -0.0221 -0.9991 0.0358
vn 0.8844 -0.3860 0.2624
vn -0.1254 0.9890 -0.0780
vn 0.7275 0.6791 0.0978
vn 0.4932 0.8699 0.0065
vn -0.4345 0.8495 -0.2994
vn -0.9089 0.1487 -0.3897
vn 0.6252 0.7601 -0.1770
vn -0.8286 0.3497 -0.4373
vn -0.8772 0.1353 -0.4606
vn 0.1277 -0.9913 -0.0313
vn 0.6049 -0.7746 0.1845
vn 0.9481 -0.2199 0.2299
vn 0.9958 0.0544 0.0742
vn 0.0313 0.9690 -0.2451
vn -0.5299 0.7831 -0.3255
vn -0.9786 0.0931 -0.1836
vn 0.5656 0.7395 -0.3651
vn -0.9219 0.2886 -0.2586
vn -0.9775 0.1174 -0.1754
vn 0.2019 -0.9496 -0.2397
vn -0.0862 -0.9792 -0.1836
vn 0.7605 -0.6492 0.0130
vn -0.0381 -0.9197 -0.3908
vn 0.9945 -0.0768 -0.0715
vn 0.9992 -0.0238 -0.0331
vn -0.1098 0.9699 -0.2172
vn -0.7647 0.6426 -0.0478
vn -0.9972 -0.0737 0.0095
vn 0.4483 0.7595 -0.4713
vn -0.9978 0.0548 -0.0369
vn -0.9889 -0.1461 -0.0272
vn 0.3004 -0.9495 0.0902
vn 0.5557 -0.8292 0.0601
vn 0.9410 0.1527 -0.3019
vn 0.9103 0.2040 -0.3601
vn -0.8438 0.5281 0.0952
vn -0.9645 0.0273 0.2628
vn -0.9333 -0.1982 0.2995
vn 0.6284 -0.4992 -0.5966
vn -0.1225 -0.5666 -0.8148
vn -0.7309 0.3307 -0.5970
vn -0.9383 -0.0155 -0.3454
vn -0.9298 -0.1769 -0.3227
vn -0.3952 -0.6847 -0.6123
vn 0.2213 -0.5421 -0.8106
vn 0.7357 -0.3157 -0.5993
vn 0.1520 0.5740 -0.8046
vn 0.4423 0.5508 -0.7078
vn -0.4950 0.2872 -0.8201
vn -0.5641 0.0684 -0.8229
vn 0.4589 -0.6874 -0.5629
vn 0.0315 -0.3595 -0.9326
vn -0.1643 0.6405 -0.7502
vn 0.1142 0.4596 -0.8807
vn -0.7520 0.1082 -0.6502
vn 0.0417 0.4171 -0.9079
vn 0.4478 -0.6360 -0.6284
vn -0.1056 -0.5434 -0.8328
vn -0.3806 0.5816 -0.7189
vn -0.0352 0.4424 -0.8961
vn -0.8494 -0.2063 -0.4857
vn -0.5868 0.2075 -0.7827
vn -0.2393 -0.6076 -0.7573
vn 0.3034 -0.5924 -0.7463
vn -0.7871 0.1447 -0.5996
vn -0.6397 0.5117 -0.5736
vn -0.9387 -0.2095 -0.2736
vn -0.2552 0.9478 -0.1911
vn 0.7138 0.5653 -0.4134
vn 0.1178 0.4822 -0.8681
vn -0.4203 0.5377 -0.7309
vn -0.3435 0.9392 -0.0003
vn 0.5234 0.7958 -0.3045
vn 0.5693 0.8126 -0.1247
vn 0.3975 0.7324 -0.5528
vn 0.4466 0.2098 -0.8698
vn -0.2123 0.4303 -0.8774
vn 0.0806 0.9658 -0.2466
vn 0.0380 0.9974 -0.0619
vn 0.7661 0.6040 -0.2196
vn 0.1364 0.5062 -0.8516
vn 0.5568 0.8158 -0.1567
vn 0.4521 0.8920 0.0041
vn 0.7805 0.6215 -0.0677
vn 0.3672 0.5014 -0.7834
vn 0.6200 0.7744 0.1261
vn 0.2211 0.9706 -0.0951
vn 0.2090 0.8958 -0.3923
vn 0.6502 0.7595 0.0212
vn 0.8087 0.2598 -0.5278
vn 0.9158 0.2845 0.2835
vn 0.9657 0.0627 0.2519
vn 0.9997 0.0248 0.0079
vn 0.9431 0.0519 0.3285
vn 0.7532 0.3398 0.5632
vn 0.9625 0.1738 0.2083
vn 0.7049 0.3365 -0.6244
vn 0.8372 0.3007 -0.4568
vn 0.9964 0.0590 -0.0614
vn 0.9627 -0.1130 0.2459
vn -0.3467 0.3521 -0.8694
vn -0.2403 0.9316 -0.2726
vn -0.5999 0.3276 -0.7300
vn -0.4636 -0.6108 0.6418
vn -0.0245 -0.5399 0.8414
vn -0.0417 -0.2856 0.9575
vn -0.6451 -0.6892 0.3299
vn -0.8020 -0.5963 0.0358
vn -0.7081 -0.7003 -0.0901
vn -0.2288 -0.7483 0.6226
vn -0.4300 -0.8217 -0.3741
vn 0.5881 0.1943 -0.7851
vn -0.1585 0.8181 -0.5528
vn 0.6300 0.1918 -0.7525
vn 0.0418 0.9972 -0.0615
vn 0.7692 0.2339 -0.5946
vn -0.2377 0.8685 -0.4349
vn -0.0907 -0.4993 -0.8617
vn -0.5561 -0.8311 0.0085
vn -0.5599 -0.5959 -0.5758
vn -0.7418 -0.6672 -0.0680
vn -0.2936 -0.9505 0.1022
vn -0.4924 -0.6219 -0.6089
vn 0.6333 0.0231 -0.7736
vn 0.5085 0.1723 -0.8436
vn 0.7577 -0.1322 -0.6391
vn 0.8227 -0.0509 -0.5662
vn -0.2279 -0.2438 -0.9427
vn -0.5312 -0.1455 -0.8347
vn -0.3003 -0.0206 -0.9536
vn -0.5730 -0.1212 -0.8106
vn -0.6096 -0.1087 -0.7853
vn 0.3542 -0.0419 -0.9342
vn 0.2572 -0.2303 -0.9385
vn 0.2089 0.1253 -0.9699
vn -0.0526 0.0459 -0.9976
vn 0.1243 0.0018 -0.9922
vn 0.1620 0.0414 -0.9859
vn 0.1148 0.1197 -0.9862
vn 0.3399 0.1633 -0.9262
vn 0.3785 0.1891 -0.9061
vn 0.0126 -0.3501 -0.9366
vn -0.2320 -0.3210 -0.9182
vn -0.0834 0.0699 -0.9941
vn 0.0210 0.1350 -0.9906
vn -0.1866 -0.0033 -0.9824
vn -0.2661 -0.0717 -0.9613
vn -0.3911 -0.0941 -0.9155
vn 0.0047 0.0766 -0.9971
vn -0.3904 0.1966 -0.8994
vn 0.1897 0.1332 -0.9728
vn 0.0259 0.0701 -0.9972
vn 0.2752 0.1659 -0.9470
vn 0.3568 0.0783 -0.9309
vn 0.3828 0.0639 -0.9216
vn -0.4098 0.1447 -0.9006
vn 0.3415 -0.0006 -0.9399
vn -0.1077 0.0877 -0.9903
vn 0.6120 0.0535 -0.7891
vn 0.5817 0.1721 -0.7950
vn -0.9878 -0.1090 0.1112
vn -0.9324 0.1098 0.3443
vn -0.7849 0.2597 0.5625
vn -0.9646 -0.1725 0.1994
vn -0.6998 -0.7036 0.1234
vn -0.2865 0.9472 0.1442
vn -0.4776 0.8767 0.0569
vn -0.3934 0.9185 -0.0395
vn 0.0012 0.9970 -0.0778
vn -0.8558 0.4245 -0.2958
vn -0.9631 0.2539 -0.0890
vn -0.9614 0.1262 -0.2444
vn -0.8088 0.3173 -0.4952
vn -0.9568 -0.1685 -0.2371
vn -0.8440 -0.2691 -0.4639
vn -0.9863 0.0411 -0.1597
vn -0.5027 -0.8179 -0.2798
vn -0.7615 -0.6409 0.0964
vn -0.5035 -0.8303 0.2389
vn -0.2514 -0.8890 -0.3827
vn 0.0007 0.9076 0.4199
vn 0.0009 0.9639 0.2662
vn -0.5384 0.8354 0.1104
vn -0.4807 0.7755 0.4094
vn -0.3714 0.9145 0.1605
vn 0.0010 0.9793 0.2023
vn -0.8422 0.1142 -0.5270
vn -0.7123 0.5246 -0.4664
vn -0.9761 0.1272 0.1760
vn -0.9137 -0.3091 -0.2637
vn -0.8644 -0.4744 -0.1662
vn -0.8114 -0.0935 -0.5770
vn -0.8515 -0.2500 -0.4610
vn 0.2277 -0.5178 0.8246
vn -0.3882 -0.9196 -0.0602
vn -0.2343 -0.9692 -0.0755
vn -0.0033 -0.9864 -0.1645
vn 0.0046 -0.9942 -0.1075
vn 0.0004 0.7775 0.6288
vn -0.4034 0.6827 0.6092
vn 0.0094 -0.7751 0.6318
vn 0.0493 -0.7676 0.6391
vn -0.5131 -0.6505 0.5600
vn -0.4567 -0.7027 0.5456
vn -0.4003 0.5158 0.7574
vn -0.5376 0.3418 0.7708
vn 0.0001 0.6710 0.7414
vn 0.0002 0.7170 0.6971
vn 0.0017 -0.8616 -0.5076
vn -0.1700 -0.8188 -0.5484
vn -0.0011 -0.9959 -0.0902
vn -0.4435 -0.8810 -0.1646
vn 0.0016 -0.9762 -0.2168
vn -0.6027 0.0527 0.7962
vn -0.8327 0.0480 0.5517
vn -0.9190 -0.3601 0.1603
vn -0.8382 -0.2828 0.4664
vn -0.8843 -0.4038 0.2345
vn -0.9563 -0.2805 -0.0823
vn -0.9072 -0.4204 0.0137
vn -0.9834 -0.1730 -0.0556
vn 0.2191 0.3722 -0.9019
vn -0.7576 -0.2508 0.6026
vn -0.8246 -0.3714 0.4267
vn -0.8486 -0.2214 0.4805
vn -0.5341 -0.7230 0.4382
vn -0.0305 -0.9995 -0.0028
vn -0.0023 -0.9991 0.0417
vn 0.6765 -0.0663 0.7335
vn 0.5812 0.1061 0.8068
vn 0.6127 0.1609 0.7738
vn 0.7128 -0.0529 0.6994
vn -0.9557 -0.2730 -0.1099
vn -0.8394 -0.2807 0.4655
vn -0.6080 -0.1918 0.7704
vn -0.9796 -0.0722 0.1876
vn -0.9875 -0.0113 -0.1570
vn -0.5143 0.3939 0.7618
vn -0.3614 0.4393 0.8224
vn -0.2136 0.4061 0.8885
vn -0.6472 0.2828 0.7079
vn 0.7654 -0.2856 0.5767
vn 0.7628 -0.1830 0.6202
vn 0.5412 -0.3526 0.7634
vn 0.8528 -0.0577 0.5190
vn -0.8112 -0.0553 0.5822
vn 0.5097 -0.2891 0.8104
vn 0.2099 -0.4755 0.8543
vn -0.6085 -0.4161 0.6757
vn -0.5415 -0.8407 -0.0056
vn -0.0162 -0.9985 0.0516
vn -0.0010 -0.4409 0.8975
vn -0.0359 -0.9343 -0.3547
vn -0.3018 -0.7236 0.6207
vn -0.8679 0.4780 -0.1353
vn -0.9773 0.2111 0.0190
vn -0.8759 0.4410 0.1957
vn -0.8404 0.5394 0.0525
vn -0.7891 0.3821 -0.4811
vn -0.8355 0.2926 -0.4651
vn -0.6985 -0.1282 -0.7040
vn -0.0494 -0.2327 -0.9713
vn -0.2871 -0.4351 -0.8534
vn -0.7509 -0.3417 -0.5651
vn -0.6778 0.1279 -0.7241
vn -0.8713 -0.0588 -0.4872
vn -0.8228 -0.1754 -0.5406
vn -0.4795 -0.1547 -0.8638
vn -0.9006 -0.3300 -0.2830
vn 0.8733 -0.3748 0.3111
vn 0.8351 -0.3629 0.4133
vn 0.9076 -0.3621 0.2125
vn 0.9280 -0.1530 0.3397
vn 0.8775 -0.0118 0.4795
vn 0.9425 -0.2277 0.2445
vn 0.8836 -0.4351 -0.1731
vn 0.1989 -0.7775 -0.5966
vn 0.3685 -0.7442 -0.5571
vn 0.8686 -0.4856 -0.0992
vn -0.7825 -0.5013 -0.3692
vn -0.6856 -0.4286 -0.5884
vn -0.9271 -0.2535 -0.2761
vn -0.8263 -0.2356 -0.5116
vn -0.8554 -0.5163 -0.0411
vn -0.6173 -0.5087 -0.6001
vn -0.1296 -0.7595 -0.6375
vn -0.0015 -0.9226 0.3857
vn -0.6302 0.3703 0.6824
vn -0.6637 0.2340 0.7105
vn -0.9155 0.0897 0.3921
vn -0.5748 -0.2589 -0.7763
vn -0.9594 -0.1544 -0.2361
vn -0.7358 -0.2836 -0.6149
vn 0.5118 -0.4436 -0.7357
vn 0.7874 -0.2198 -0.5759
vn 0.4353 -0.2664 -0.8600
vn 0.1692 -0.4735 -0.8644
vn -0.1857 -0.4058 -0.8949
vn -0.3217 0.4437 0.8365
vn 0.8607 -0.3390 -0.3799
vn 0.9696 -0.0098 -0.2446
vn 0.1518 -0.3026 0.9409
vn 0.4210 -0.2466 0.8729
vn 0.1642 -0.3634 0.9171
vn -0.0101 -0.4766 0.8791
vn 0.9179 0.3345 0.2134
vn 0.8973 0.1734 0.4060
vn 0.3642 -0.3824 0.8492
vn 0.4319 -0.1848 0.8828
vn 0.1843 -0.2212 0.9577
vn 0.3327 -0.3731 0.8661
vn 0.3814 -0.3646 0.8495
vn -0.4123 -0.0111 -0.9110
vn 0.9878 0.0031 0.1554
vn 0.9737 0.0551 -0.2209
vn 0.6768 -0.1393 -0.7229
vn 0.8885 0.0509 0.4560
vn 0.7210 0.0426 0.6916
vn 0.5923 -0.1074 0.7985
vn 0.9065 0.3078 0.2891
vn 0.8274 0.0645 0.5579
vn 0.6260 -0.0935 0.7742
vn 0.1322 -0.1968 -0.9715
vn -0.4304 0.0595 -0.9007
vn -0.9845 0.1249 0.1234
vn -0.8347 -0.0647 0.5469
vn -0.6027 0.4679 0.6464
vn -0.4755 0.1084 0.8730
vn -0.6686 0.7029 0.2427
vn -0.9371 0.0156 0.3487
vn -0.8128 0.2146 0.5416
vn -0.9390 0.1804 -0.2927
vn -0.7508 0.6574 -0.0640
vn -0.7800 -0.0944 0.6187
vn -0.2979 0.4986 0.8140
vn -0.4393 0.5571 0.7048
vn -0.4226 0.4412 0.7917
vn -0.2272 0.3861 0.8940
vn -0.9351 0.1274 -0.3307
vn -0.9747 0.1986 -0.1023
vn -0.8416 -0.5026 -0.1978
vn -0.3642 0.0638 -0.9292
vn -0.8187 0.0202 0.5739
vn -0.7527 -0.0407 0.6571
vn -0.7135 0.1506 0.6842
vn -0.6558 0.2765 0.7025
vn -0.5271 -0.0924 0.8448
vn -0.5277 0.0690 0.8466
vn 0.2754 0.2636 0.9245
vn 0.2600 0.1774 0.9492
vn 0.6504 0.4844 0.5851
vn 0.8320 -0.0348 0.5537
vn -0.5550 0.5064 0.6600
vn -0.6647 0.6461 0.3751
vn -0.6704 0.5611 0.4855
vn 0.9268 -0.3547 -0.1236
vn 0.7030 -0.7092 -0.0533
vn 0.6752 -0.7070 0.2106
vn 0.9942 -0.0584 0.0903
vn 0.8474 0.4228 -0.3211
vn -0.5170 0.8556 0.0234
vn 0.7940 -0.5865 -0.1597
vn 0.8254 0.2675 -0.4971
vn 0.8994 -0.3689 -0.2346
vn 0.8067 0.0813 -0.5854
vn -0.5186 0.2952 0.8025
vn -0.2689 0.1630 0.9493
vn 0.8733 0.0886 -0.4790
vn 0.9205 -0.1033 -0.3768
vn 0.8142 -0.0244 -0.5801
vn 0.7932 0.0011 -0.6089
vn 0.9446 -0.0246 0.3274
vn 0.6702 -0.0297 0.7416
vn 0.7311 0.0536 0.6802
vn 0.9200 0.0904 0.3813
vn -0.5426 0.0096 0.8400
vn -0.8540 -0.0431 0.5184
vn -0.8342 -0.0682 0.5472
vn -0.5561 -0.1243 0.8218
vn -0.9944 0.0163 0.1044
vn -0.9634 -0.0438 0.2645
vn 0.0646 -0.0122 0.9978
vn -0.0048 0.0595 0.9982
vn -0.3978 -0.9154 -0.0611
vn -0.1254 -0.9205 -0.3701
vn -0.1631 -0.9416 -0.2947
vn -0.4597 -0.8593 0.2244
vn 0.6796 -0.6247 -0.3844
vn 0.6862 -0.6876 -0.2374
vn 0.5424 -0.8078 -0.2308
vn 0.3297 -0.9061 -0.2652
vn -0.7834 -0.4617 0.4161
vn -0.9007 0.1940 0.3888
vn -0.9045 0.0865 0.4177
vn -0.6897 -0.4552 0.5632
vn 0.3543 0.8146 -0.4592
vn 0.3419 0.7742 -0.5326
vn 0.6059 0.6654 -0.4360
vn -0.1625 0.8699 -0.4657
vn 0.1748 0.9093 -0.3776
vn 0.1229 0.9845 -0.1249
vn -0.7744 0.6152 -0.1475
vn -0.4278 0.8443 -0.3228
vn -0.2240 0.9260 -0.3040
vn -0.2999 0.9192 -0.2552
vn -0.9043 0.4206 0.0729
vn -0.8925 0.3164 0.3214
vn -0.7267 0.5398 -0.4249
vn -0.4369 0.8889 -0.1376
vn -0.7172 0.6944 0.0589
vn -0.7683 0.6390 -0.0360
vn -0.6237 0.7262 -0.2891
vn -0.9608 0.0697 0.2684
vn -0.9217 0.3089 0.2346
vn -0.8582 -0.4551 0.2374
vn -0.8335 -0.5062 0.2212
vn -0.0376 -0.9669 -0.2525
vn -0.1781 -0.9470 -0.2674
vn 0.0828 -0.9710 -0.2243
vn 0.1090 -0.9585 -0.2635
vn -0.7438 0.6580 -0.1176
vn -0.0697 -0.9484 0.3092
vn -0.4047 -0.7225 0.5605
vn -0.5154 0.8537 -0.0745
vn 0.7783 -0.5546 0.2943
vn 0.5481 -0.7583 0.3528
vn 0.2384 -0.7891 0.5661
vn 0.4804 0.7970 -0.3660
vn 0.3889 0.8505 -0.3541
vn -0.1056 0.9883 -0.1098
vn -0.1820 0.9368 -0.2987
vn 0.0492 0.9330 -0.3565
vn -0.3092 0.8876 -0.3415
vn -0.4606 0.8418 -0.2815
vn -0.3750 0.8336 -0.4056
vn -0.4983 0.8640 -0.0724
vn -0.6943 0.7175 -0.0555
vn -0.2949 -0.9360 0.1920
vn 0.2293 -0.8984 -0.3746
vn 0.7269 0.1050 -0.6786
vn 0.7697 0.0757 -0.6339
vn 0.7098 0.3549 -0.6085
vn -0.8722 0.3966 0.2862
vn -0.1799 0.9581 0.2230
vn -0.4268 0.8942 0.1349
vn -0.8186 0.2029 0.5374
vn -0.7895 0.0563 0.6112
vn -0.8185 -0.1846 0.5440
vn -0.7503 -0.2173 0.6244
vn -0.5266 -0.7852 -0.3260
vn -0.0076 -0.9935 -0.1138
vn 0.7750 -0.6147 -0.1468
vn 0.5852 0.7520 0.3033
vn 0.6581 0.7530 -0.0011
vn -0.2906 0.9568 0.0089
vn -0.6300 0.7712 0.0910
vn -0.4834 0.7934 -0.3699
vn -0.9138 0.3422 -0.2186
vn -0.9614 0.0821 -0.2626
vn 0.9906 -0.0730 -0.1153
vn 0.4830 -0.8738 -0.0558
vn -0.1199 -0.9676 -0.2220
vn -0.1766 -0.9814 0.0756
vn 0.9891 -0.1086 -0.0994
vn 0.9876 0.1454 -0.0586
vn 0.0145 0.9999 0.0003
vn -0.1193 0.9634 -0.2402
vn -0.7399 0.6648 -0.1031
vn -0.8561 0.5147 -0.0460
vn -0.7500 0.5594 -0.3529
vn -0.9811 0.1900 0.0361
vn -0.9985 -0.0440 -0.0317
vn 0.9653 -0.0751 -0.2500
vn 0.2099 -0.9643 0.1614
vn 0.5498 -0.8229 -0.1438
vn -0.0357 -0.9980 -0.0518
vn -0.0315 -0.9966 0.0767
vn 0.9316 -0.1021 -0.3490
vn 0.9058 0.2497 -0.3423
vn -0.8319 0.5460 -0.0992
vn -0.8913 0.4017 0.2105
vn -0.2283 0.9509 -0.2092
vn -0.2638 0.8794 -0.3963
vn -0.8623 0.4757 -0.1736
vn -0.9778 0.1697 0.1230
vn -0.9873 -0.0382 0.1545
vn 0.6432 0.0779 -0.7617
vn 0.1188 -0.9929 0.0025
vn 0.5308 -0.8115 -0.2442
vn 0.8050 0.0262 -0.5927
vn 0.7328 0.2597 -0.6290
vn -0.8689 0.0163 0.4947
vn -0.7759 0.2764 0.5670
vn -0.7467 0.6398 0.1822
vn -0.8770 -0.1118 0.4674
vn -0.5372 -0.7643 -0.3567
vn -0.1161 -0.6559 -0.7459
vn -0.3835 0.8353 -0.3940
vn -0.9441 0.3215 0.0725
vn -0.9532 -0.1873 0.2373
vn 0.2123 -0.6171 -0.7577
vn -0.4089 -0.5138 -0.7542
vn 0.8043 -0.3030 -0.5112
vn 0.6214 0.7068 -0.3381
vn -0.4711 0.7659 -0.4375
vn -0.8308 0.0239 -0.5560
vn -0.7743 0.2674 -0.5736
vn -0.1589 -0.7146 -0.6812
vn 0.3045 -0.6140 -0.7282
vn -0.0943 0.7667 -0.6351
vn -0.7428 0.4614 -0.4851
vn -0.9079 0.0465 -0.4166
vn -0.8308 -0.1429 -0.5379
vn -0.1272 -0.8383 -0.5302
vn 0.4200 -0.7138 -0.5605
vn -0.3559 0.4835 -0.7997
vn -0.7505 0.2341 -0.6180
vn -0.8936 0.0439 -0.4466
vn -0.8465 -0.0121 -0.5322
vn -0.2114 -0.7996 -0.5621
vn 0.1818 -0.7053 -0.6853
vn -0.8969 0.4050 -0.1774
vn -0.9819 -0.0441 0.1843
vn -0.9863 -0.1422 0.0836
vn 0.4471 0.6891 -0.5703
vn 0.3542 0.4321 -0.8293
vn -0.1129 0.7363 -0.6672
vn -0.1202 0.9461 -0.3006
vn -0.0741 0.9972 0.0053
vn 0.5409 0.6566 -0.5256
vn -0.2151 0.9072 -0.3616
vn 0.2013 0.6809 -0.7042
vn 0.4899 0.2041 -0.8476
vn 0.2748 0.5963 -0.7543
vn 0.4077 0.8189 -0.4040
vn 0.5601 0.7196 -0.4106
vn 0.1592 0.7607 -0.6293
vn 0.4570 0.7632 -0.4567
vn 0.3810 0.4249 -0.8212
vn 0.6843 0.6527 -0.3252
vn 0.4673 0.6271 -0.6231
vn 0.6615 0.7229 -0.1996
vn 0.5124 0.5391 -0.6684
vn 0.8917 0.4505 0.0432
vn 0.8474 0.4896 -0.2054
vn 0.0292 0.8630 -0.5043
vn 0.9936 0.1127 -0.0037
vn 0.9519 0.0912 -0.2925
vn 0.9901 0.0664 0.1233
vn 0.8429 0.0573 -0.5351
vn 0.3034 0.8720 -0.3840
vn 0.9472 0.0922 -0.3073
vn 0.9801 0.1274 -0.1523
vn 0.6254 0.6111 -0.4853
vn 0.0101 0.4002 -0.9164
vn 0.8125 0.3766 -0.4449
vn 0.4331 -0.9012 -0.0168
vn 0.6843 -0.6921 0.2296
vn 0.6150 -0.7445 -0.2597
vn 0.2733 -0.9263 -0.2592
vn -0.1492 -0.9656 -0.2129
vn 0.0831 -0.9965 -0.0023
vn -0.6447 -0.7642 0.0215
vn -0.3979 -0.9097 0.1187
vn -0.9157 -0.3364 0.2199
vn -0.9129 0.4035 -0.0613
vn -0.5188 0.7831 -0.3430
vn -0.6642 0.4192 -0.6189
vn 0.9897 -0.1031 -0.0992
vn 0.9556 -0.2934 -0.0277
vn 0.9856 0.0727 -0.1527
vn 0.9651 0.0296 -0.2603
vn 0.9989 -0.0310 -0.0349
vn 0.8964 -0.0568 -0.4396
vn 0.7212 -0.1842 -0.6678
vn 0.9922 -0.0834 0.0922
vn 0.9920 -0.0310 -0.1221
vn -0.6507 -0.6467 0.3980
vn -0.8566 -0.5105 0.0752
vn 0.5198 0.1351 -0.8435
vn -0.5512 0.5690 -0.6102
vn 0.6135 0.0366 -0.7889
vn -0.2765 0.5798 -0.7664
vn 0.7344 0.0718 -0.6749
vn 0.2550 0.5359 -0.8049
vn -0.3132 0.8240 -0.4722
vn -0.1796 0.9768 -0.1163
vn -0.6236 -0.7766 -0.0896
vn -0.5837 -0.5438 -0.6029
vn -0.4397 -0.8755 0.2001
vn -0.6256 -0.6369 -0.4506
vn -0.2056 -0.8894 -0.4083
vn -0.1970 -0.9791 0.0512
vn -0.6424 -0.7564 -0.1235
vn 0.5388 0.0295 -0.8419
vn 0.5590 -0.0312 -0.8286
vn 0.7451 -0.1358 -0.6530
vn 0.7833 -0.1477 -0.6038
vn 0.9520 -0.1023 -0.2886
vn -0.5082 -0.4001 -0.7627
vn -0.4543 0.5767 -0.6789
vn -0.9875 0.0808 -0.1350
vn -0.9866 -0.1629 0.0066
vn 0.4941 -0.2974 -0.8169
vn -0.6381 0.1185 -0.7608
vn -0.6237 -0.0135 -0.7815
vn -0.1205 -0.3103 -0.9430
vn -0.1171 0.4977 -0.8594
vn -0.6375 0.1053 -0.7632
vn -0.9790 -0.0520 -0.1973
vn -0.0292 -0.5518 -0.8335
vn -0.4316 -0.0074 -0.9020
vn -0.5741 0.0867 -0.8142
vn -0.8845 0.1006 -0.4556
vn -0.2731 -0.3969 -0.8763
vn -0.9746 0.0412 -0.2203
vn -0.9900 -0.0824 0.1141
vn 0.2491 0.3487 -0.9035
vn -0.2720 0.5806 -0.7674
vn 0.2097 0.2771 -0.9377
vn -0.0940 0.0849 -0.9919
vn 0.1655 0.3134 -0.9351
vn 0.7845 0.2519 -0.5666
vn -0.1089 0.6259 -0.7723
vn 0.3231 0.0930 -0.9418
vn 0.2869 0.0493 -0.9567
vn 0.3867 0.0025 -0.9222
vn 0.3233 -0.0355 -0.9456
vn 0.8933 -0.0835 -0.4417
vn -0.8465 -0.1437 0.5126
vn -0.9755 -0.2197 -0.0114
vn -0.4269 -0.1058 0.8981
vn 0.9043 -0.2720 -0.3292
vn 0.6679 -0.1427 0.7305
vn 0.8642 0.0970 0.4937
vn -0.0075 -0.2846 0.9586
vn -0.9718 0.0411 -0.2322
vn -0.9146 -0.2267 -0.3349
vn -0.7146 0.0284 -0.6989
vn 0.8448 -0.4363 0.3098
vn 0.5111 -0.8567 0.0698
vn 0.0097 -0.9853 0.1707
vn -0.8895 -0.2525 0.3807
vn -0.5208 -0.7912 0.3206
vn 0.5966 -0.5679 0.5671
vn -0.0034 -0.7076 0.7066
vn 0.9624 -0.1660 -0.2150
vn -0.0462 -0.5934 -0.8036
vn 0.1347 -0.6948 -0.7065
vn -0.5087 -0.6878 -0.5178
vn -0.6789 -0.4719 -0.5625
vn 0.8273 0.0573 0.5589
vn 0.1885 0.0843 0.9784
vn -0.5046 0.3509 0.7888
vn -0.3174 0.3614 0.8767
vn -0.9235 -0.2153 0.3176
vn -0.9327 -0.3097 0.1847
vn -0.8401 -0.3072 0.4470
vn -0.8023 -0.1160 0.5856
vn -0.5220 -0.3227 0.7895
vn -0.9245 -0.2593 -0.2793
vn -0.9028 0.0427 -0.4280
vn -0.4367 0.0311 -0.8991
vn -0.4962 -0.1426 -0.8564
vn -0.7870 -0.5487 0.2820
vn -0.7882 -0.5170 0.3338
vn -0.3789 -0.6175 -0.6893
vn 0.4392 0.3023 -0.8460
vn 0.1877 0.1462 -0.9713
vn 0.1030 -0.0473 -0.9936
vn -0.7675 -0.5198 -0.3751
vn -0.8359 -0.4752 -0.2748
vn -0.6698 -0.5194 -0.5306
vn 0.2209 -0.7053 -0.6736
vn -0.0774 -0.5006 -0.8622
vn -0.6587 -0.2962 -0.6916
vn 0.9014 0.3414 0.2663
vn 0.9441 -0.0039 0.3297
vn -0.5509 -0.4392 0.7097
vn -0.1293 -0.3335 0.9338
vn -0.1716 -0.3200 0.9318
vn -0.1975 -0.0697 0.9778
vn -0.9275 0.0958 0.3613
vn -0.9901 0.0190 0.1392
vn -0.0701 -0.0793 -0.9944
vn 0.6987 0.0632 -0.7127
vn -0.0702 -0.3079 -0.9488
vn 0.5880 -0.2644 -0.7645
vn 0.5739 -0.5154 -0.6364
vn -0.9288 0.2927 0.2271
vn -0.7926 0.5921 0.1457
vn -0.8943 -0.0621 0.4432
vn -0.9873 -0.1564 -0.0288
vn -0.4019 -0.0149 0.9156
vn 0.9155 -0.2028 -0.3476
vn 0.9271 -0.3086 -0.2128
vn -0.9842 0.1758 -0.0217
vn -0.8970 -0.3393 -0.2834
vn -0.8754 -0.3514 -0.3320
vn 0.9441 0.2707 0.1882
vn -0.8674 0.3278 0.3745
vn -0.9628 -0.2219 0.1543
vn -0.9439 -0.3280 0.0389
vn 0.7862 -0.5848 0.1996
vn 0.8627 -0.5040 -0.0411
vn -0.5559 -0.1749 0.8126
vn 0.7359 -0.4769 0.4806
vn 0.6748 -0.6996 0.2349
vn 0.7652 -0.6014 0.2296
vn 0.6677 -0.5963 0.4456
vn 0.1698 -0.1951 0.9660
vn 0.7191 -0.2697 -0.6405
vn 0.7159 -0.4346 -0.5465
vn -0.9898 -0.0063 0.1425
vn -0.9463 0.0107 0.3231
vn 0.7070 -0.6315 -0.3183
vn 0.6539 -0.5336 -0.5364
vn 0.8174 -0.4005 -0.4141
vn 0.5260 -0.6419 -0.5579
vn 0.6185 -0.6353 -0.4624
vn -0.1287 -0.7823 -0.6094
vn 0.7762 -0.2577 -0.5755
vn -0.6725 -0.2598 -0.6930
vn -0.9807 -0.1790 -0.0786
vn -0.8529 0.4519 -0.2614
vn -0.8456 0.5333 0.0245
vn 0.1099 -0.9520 0.2856
vn 0.6435 -0.5702 0.5107
vn 0.2704 -0.8619 0.4290
vn 0.1876 -0.8320 0.5221
vn 0.0909 -0.8448 0.5273
vn -0.4729 -0.6467 0.5985
vn 0.5295 -0.0920 -0.8433
vn 0.9550 -0.1285 -0.2675
vn -0.8953 -0.3768 -0.2374
vn 0.5724 0.1340 -0.8089
vn 0.6123 0.1661 -0.7730
vn -0.5878 -0.8088 -0.0157
vn 0.9289 0.3504 -0.1195
vn -0.5281 -0.1526 0.8354
vn -0.0014 -0.3822 0.9241
vn 0.2089 0.6109 -0.7636
vn 0.4479 -0.3385 -0.8275
vn -0.0437 -0.6044 -0.7955
vn -0.6912 -0.4715 -0.5476
vn -0.8969 -0.3413 -0.2813
vn -0.9457 -0.1738 -0.2748
vn -0.1856 -0.6527 -0.7345
vn -0.3041 -0.7192 -0.6247
vn -0.6863 -0.4364 -0.5819
vn -0.9422 -0.2659 -0.2040
vn -0.9380 0.0791 -0.3374
vn 0.5673 -0.1138 -0.8156
vn -0.4519 -0.4295 -0.7819
vn -0.9020 -0.3000 0.3104
vn -0.6688 -0.6747 -0.3121
vn -0.8806 -0.4371 0.1830
vn -0.5913 -0.6692 -0.4501
vn -0.2752 -0.6749 -0.6847
vn 0.0548 -0.9900 0.1300
vn -0.0015 -0.9898 0.1428
vn -0.5559 -0.8236 0.1127
vn -0.9438 -0.2358 -0.2315
vn -0.6637 -0.4353 -0.6083
vn -0.0682 -0.7352 -0.6744
vn 0.7103 -0.5062 -0.4892
vn 0.9816 -0.1902 -0.0142
vn -0.9729 0.1922 0.1283
vn -0.9889 -0.0363 0.1444
vn -0.9241 0.0720 0.3753
vn -0.9255 0.2159 0.3113
vn -0.9357 0.0376 0.3507
vn -0.9600 -0.0141 0.2797
vn -0.8895 0.2666 0.3712
vn -0.7763 0.2125 0.5935
vn -0.7308 0.0740 0.6785
vn -0.7299 -0.1345 0.6701
vn -0.5812 -0.0789 0.8099
vn -0.3989 -0.2630 0.8785
vn 0.6373 0.4337 -0.6370
vn -0.7461 0.0742 0.6617
vn -0.7665 0.3186 0.5576
vn -0.7491 -0.2275 0.6221
vn 0.2998 -0.4875 0.8200
vn 0.0816 0.2954 0.9519
vn 0.0266 0.2941 0.9554
vn -0.0418 0.5819 0.8122
vn -0.0991 0.6309 0.7695
vn -0.2108 0.4782 0.8526
vn -0.0775 0.3809 0.9214
vn -0.1312 0.6511 0.7476
vn -0.1962 0.1933 0.9613
vn -0.0676 0.1421 0.9875
vn 0.1108 0.0482 0.9927
vn 0.0536 0.0993 0.9936
vn -0.0955 -0.0711 0.9929
vn -0.0751 -0.0654 0.9950
vn 0.0621 -0.1155 0.9914
vn 0.0792 -0.1639 0.9833
vn 0.7050 -0.6900 0.1640
vn -0.4958 -0.8481 0.1867
vn -0.4928 -0.8174 0.2982
vn 0.0570 -0.9393 0.3382
vn 0.1063 -0.3310 0.9376
vn -0.1165 -0.3863 0.9150
vn 0.0741 -0.3147 0.9463
vn 0.0599 -0.3610 0.9307
vn 0.0621 -0.6137 0.7871
vn -0.1530 -0.7469 0.6470
vn -0.2208 -0.8460 0.4854
vn 0.0171 -0.8788 0.4768
vn 0.3225 -0.6741 0.6645
vn -0.2292 -0.7885 0.5708
vn 0.3961 -0.8432 0.3634
vn -0.5114 -0.7331 0.4485
vn -0.7797 0.3024 0.5482
vn -0.9938 -0.1089 0.0207
vn -0.8366 0.0994 -0.5388
vn -0.7061 -0.0235 -0.7077
vn -0.3573 0.1223 -0.9260
vn 0.2426 0.2310 -0.9422
vn 0.2106 0.3966 -0.8935
vn -0.4526 0.2841 -0.8453
vn 0.7141 0.1708 -0.6789
vn 0.9750 0.1016 -0.1977
vn -0.8832 -0.2693 0.3840
vn -0.7991 0.2840 0.5300
vn -0.8872 0.3149 0.3372
vn -0.6286 0.7695 -0.1132
vn -0.5929 0.7784 -0.2062
vn 0.0014 0.9812 -0.1932
vn 0.0014 0.9857 -0.1684
vn -0.8621 0.4972 -0.0982
vn -0.7097 0.6919 -0.1331
vn -0.8373 -0.5073 -0.2037
vn -0.9216 0.3745 0.1018
vn -0.9111 0.4122 -0.0029
vn -0.7733 -0.5951 0.2189
vn -0.9192 -0.3109 0.2416
vn -0.9205 0.1526 -0.3597
vn -0.1436 -0.2873 -0.9470
vn -0.6758 -0.4495 0.5842
vn -0.1808 0.9564 0.2294
vn 0.3133 0.9132 -0.2607
vn -0.0727 0.4707 -0.8793
vn -0.0863 -0.4441 0.8918
vn -0.2657 -0.8411 0.4712
vn -0.1801 -0.8336 0.5222
vn -0.3233 -0.8311 -0.4525
vn -0.2608 -0.8836 -0.3890
vn 0.9300 0.2114 -0.3008
vn 0.9110 0.4002 -0.1000
vn 0.9957 0.0465 -0.0807
vn 0.9839 0.0824 -0.1585
vn 0.9503 -0.1072 -0.2923
vn 0.8291 0.0508 -0.5569
vn 0.9404 -0.2647 -0.2134
vn -0.9984 -0.0494 -0.0263
vn -0.9358 0.3303 -0.1233
vn -0.9721 0.1448 -0.1848
vn -0.9988 -0.0427 -0.0225
vn -0.9743 -0.1451 -0.1724
vn -0.8946 0.0037 -0.4468
vn -0.0596 -0.3576 -0.9320
vn -0.9165 -0.2272 -0.3292
vn -0.0245 0.9576 -0.2872
vn -0.2326 0.8547 -0.4641
vn -0.2031 0.3463 -0.9159
vn 0.1917 -0.3907 0.9003
vn 0.6649 -0.4025 0.6293
vn 0.8372 -0.4872 0.2485
vn 0.1315 -0.8901 0.4363
vn 0.1395 -0.8872 0.4398
vn 0.7741 -0.6070 0.1797
vn 0.1394 -0.9815 0.1309
vn 0.7649 -0.6361 0.1020
vn 0.1774 -0.9805 0.0848
vn 0.8928 0.3222 -0.3148
vn 0.8457 0.5176 -0.1301
vn 0.8039 0.0950 -0.5871
vn -0.9355 -0.0353 0.3515
vn -0.7224 0.4349 0.5375
vn -0.9459 0.2241 0.2344
vn -0.9683 -0.0198 0.2489
vn -0.9861 -0.0671 0.1518
vn -0.9977 0.0616 -0.0297
vn -0.3599 -0.1613 -0.9189
vn -0.9923 -0.0593 0.1089
vn 0.0649 0.8653 0.4971
vn 0.0599 0.9831 0.1728
vn -0.2698 0.6029 -0.7509
vn 0.8607 0.2656 -0.4344
vn 0.8662 0.4926 -0.0840
vn 0.5417 -0.5063 -0.6710
vn 0.7115 -0.5670 -0.4150
vn 0.9251 -0.3014 -0.2308
vn 0.7088 0.1460 -0.6902
vn 0.8785 -0.3872 0.2799
vn 0.5867 -0.7712 0.2470
vn 0.0705 -0.8944 -0.4418
vn -0.2938 -0.8815 -0.3696
vn -0.8058 -0.0479 0.5903
vn -0.6918 0.5084 0.5128
vn -0.8981 0.2955 0.3257
vn -0.8690 0.0037 0.4949
vn -0.9428 -0.0728 0.3254
vn -0.9835 0.1687 -0.0654
vn -0.3837 -0.1862 -0.9045
vn -0.9750 -0.0391 0.2187
vn 0.1715 0.9836 0.0566
vn -0.0383 0.9924 -0.1166
vn -0.3077 0.5201 -0.7967
vn 0.7052 0.3322 -0.6264
vn 0.7897 0.5081 -0.3438
vn 0.6799 -0.3093 -0.6649
vn 0.5102 -0.7918 -0.3358
vn 0.8525 -0.3544 -0.3843
vn 0.4758 0.1146 -0.8720
vn 0.8943 -0.4336 0.1109
vn 0.5371 -0.7421 0.4011
vn 0.2434 -0.9698 0.0177
vn -0.1458 -0.9102 -0.3876
vn -0.8492 -0.0752 0.5227
vn -0.7966 -0.1378 0.5886
vn -0.8144 0.3867 0.4327
vn -0.9094 0.3098 0.2775
vn -0.9011 -0.1099 0.4195
vn -0.9932 0.0751 0.0884
vn -0.4218 -0.3210 -0.8480
vn -0.8810 -0.2348 0.4107
vn 0.4196 0.8165 -0.3965
vn -0.2244 0.9243 -0.3089
vn -0.3209 0.4486 -0.8341
vn 0.7071 0.2579 -0.6584
vn 0.7692 0.3095 -0.5590
vn 0.7160 -0.5626 -0.4132
vn 0.6865 -0.6443 -0.3371
vn 0.8373 -0.3316 -0.4346
vn 0.5989 0.0288 -0.8003
vn 0.9148 -0.4038 -0.0030
vn 0.5582 -0.7632 0.3255
vn 0.2739 -0.9612 0.0323
vn 0.1406 -0.9757 0.1681
vn -0.0989 -0.2409 -0.9655
vn -0.3361 -0.3074 -0.8903
vn -0.4601 -0.4137 -0.7856
vn -0.6031 -0.4606 -0.6512
vn -0.7973 -0.4209 -0.4326
vn -0.9369 -0.2900 0.1951
vn 0.0010 0.9856 0.1689
vn -0.5628 0.8215 -0.0916
vn 0.0012 1.0000 0.0076
vn -0.4296 -0.8613 -0.2711
vn -0.7259 -0.6723 -0.1450
vn -0.0006 -0.9648 -0.2629
vn -0.8090 -0.5854 0.0528
vn -0.4717 -0.8770 0.0908
vn -0.0014 -0.9812 0.1929
vn -0.8283 -0.5408 -0.1463
vn -0.4416 -0.8718 -0.2122
vn -0.0010 -0.9839 -0.1786
vn -0.6062 0.7950 -0.0215
vn -0.8364 0.5082 0.2054
vn -0.6892 0.6247 0.3670
vn -0.4655 0.8555 0.2268
vn -0.9489 0.3075 0.0704
vn -0.9972 -0.0576 0.0483
vn -0.7821 0.4375 0.4437
vn -0.8923 0.4008 0.2078
vn -0.9255 -0.3625 0.1099
vn -0.7777 0.6242 0.0746
vn -0.4974 0.8602 -0.1127
vn 0.0014 0.9900 -0.1414
vn -0.8502 0.5254 0.0326
vn -0.6034 0.7975 0.0004
vn 0.0013 0.9979 -0.0650
vn -0.9369 -0.0500 -0.3461
vn -0.8644 -0.4066 0.2959
vn -0.7883 -0.4707 0.3963
vn -0.9543 -0.1902 -0.2303
vn 0.7344 -0.1740 0.6561
vn 0.4757 -0.2720 0.8365
vn 0.0643 -0.2647 0.9622
vn -0.6483 0.1480 -0.7468
vn 0.8967 0.3405 -0.2829
vn 0.7454 0.6611 -0.0850
vn 0.9957 -0.0373 -0.0846
vn 0.9629 -0.0994 -0.2510
vn 0.7445 0.1728 -0.6449
vn 0.9106 -0.1505 -0.3849
vn 0.8776 -0.1944 -0.4383
vn -0.6775 -0.2018 -0.7073
vn -0.1541 0.9534 -0.2595
vn -0.0594 0.9964 0.0602
vn -0.2962 0.5106 -0.8072
vn -0.0245 -0.7515 0.6593
vn -0.5802 -0.6585 0.4793
vn -0.5564 -0.4888 0.6720
vn -0.1461 -0.9766 0.1581
vn -0.7020 -0.6744 0.2289
vn -0.0774 -0.9968 -0.0196
vn -0.6445 -0.7578 0.1018
vn -0.9784 0.1258 0.1639
vn -0.8018 0.5326 0.2711
vn -0.9917 0.0763 -0.1035
vn 0.8233 0.2515 -0.5088
vn 0.7226 0.6233 -0.2988
vn 0.9378 -0.0771 -0.3385
vn 0.8752 -0.1823 -0.4480
vn 0.6840 0.1288 -0.7180
vn 0.8658 -0.1827 -0.4658
vn 0.8756 -0.1586 -0.4563
vn -0.7262 0.0165 -0.6873
vn -0.0622 0.8905 -0.4506
vn -0.2339 0.9688 0.0825
vn -0.3098 0.5249 -0.7928
vn -0.0001 -0.7601 0.6498
vn -0.6273 -0.5964 0.5009
vn -0.5208 -0.5112 0.6837
vn -0.1026 -0.9394 0.3270
vn -0.6524 -0.6784 0.3377
vn -0.1270 -0.9839 0.1260
vn -0.7824 -0.5044 0.3652
vn -0.9021 0.3575 0.2418
vn -0.8443 0.3721 0.3857
vn -0.9686 0.2231 -0.1099
vn 0.9272 0.3283 -0.1803
vn 0.7479 0.6624 -0.0435
vn 0.9974 -0.0616 0.0371
vn 0.9934 -0.0645 -0.0944
vn 0.8547 0.2245 -0.4681
vn 0.9734 -0.0457 -0.2245
vn 0.9651 -0.1005 -0.2418
vn -0.5642 -0.0186 -0.8254
vn -0.1987 0.9137 -0.3544
vn -0.0878 0.9954 -0.0382
vn -0.1920 0.5387 -0.8204
vn 0.0435 -0.8142 0.5789
vn -0.6431 -0.7080 0.2919
vn -0.6330 -0.5771 0.5161
vn -0.0022 -0.9746 0.2237
vn -0.7630 -0.6331 0.1302
vn -0.0366 -0.9934 0.1084
vn -0.6528 -0.7419 0.1530
vn -0.9899 0.1316 -0.0523
vn -0.8900 0.4541 0.0410
vn -0.9469 0.0990 -0.3060
vn 0.9581 0.2864 0.0025
vn 0.8564 0.5128 0.0605
vn 0.9767 -0.0959 0.1920
vn 0.9881 -0.1048 0.1127
vn 0.9385 0.1987 -0.2825
vn 0.9944 -0.1044 0.0134
vn 0.9881 -0.1539 -0.0038
vn -0.4196 0.0677 -0.9052
vn -0.0199 0.9017 -0.4319
vn 0.1591 0.9711 -0.1778
vn -0.0426 0.5590 -0.8281
vn -0.0964 -0.7826 0.6150
vn -0.7365 -0.6447 0.2048
vn -0.7642 -0.5043 0.4022
vn -0.0693 -0.9603 0.2701
vn -0.6909 -0.7229 -0.0085
vn -0.0670 -0.9954 0.0683
vn -0.8458 -0.5173 -0.1304
vn -0.9354 0.1843 -0.3018
vn -0.8262 0.5080 -0.2438
vn -0.8651 0.1860 -0.4658
vn 0.9762 0.1852 0.1126
vn 0.7783 0.5894 0.2164
vn 0.9240 -0.1968 0.3279
vn 0.9488 -0.2387 0.2071
vn 0.9748 0.0755 -0.2101
vn 0.9665 -0.2356 0.1016
vn 0.9550 -0.2810 0.0947
vn -0.2968 0.1034 -0.9493
vn 0.0312 0.9121 -0.4088
vn -0.0232 0.9973 -0.0702
vn 0.1270 0.5427 -0.8303
vn -0.2762 -0.7735 0.5704
vn -0.8237 -0.5570 0.1062
vn -0.8510 -0.4325 0.2980
vn -0.1790 -0.9662 0.1857
vn -0.8312 -0.5367 -0.1447
vn -0.0691 -0.9942 0.0827
vn -0.6864 -0.7032 -0.1854
vn -0.8891 0.2292 -0.3962
vn -0.7852 0.5468 -0.2907
vn -0.7739 0.2640 -0.5757
vn 0.5185 0.2554 0.8160
vn 0.6129 0.2917 0.7343
vn 0.0695 -0.9025 -0.4251
vn 0.1204 -0.9914 -0.0510
vn 0.3486 -0.7753 0.5267
vn 0.9506 0.1760 -0.2555
vn 0.9736 0.1747 -0.1468
vn 0.8345 0.5185 -0.1864
vn 0.8055 0.5693 -0.1648
vn 0.7246 -0.6748 -0.1397
vn 0.7310 -0.6705 -0.1266
vn 0.8871 -0.1955 -0.4181
vn 0.4077 -0.8729 -0.2678
vn 0.6365 -0.7654 0.0949
vn 0.6187 -0.7613 -0.1942
vn 0.6351 -0.7706 -0.0537
vn 0.5521 -0.8275 0.1017
vn 0.7234 -0.6885 0.0516
vn 0.8989 0.4339 0.0605
vn 0.5784 0.7618 -0.2918
vn 0.9538 0.2354 -0.1866
vn 0.9830 -0.1572 0.0953
vn 0.6311 -0.6421 -0.4352
vn 0.2364 -0.8556 -0.4605
vn 0.0223 -0.9957 -0.0904
vn 0.3182 -0.9122 0.2582
vn 0.0676 -0.9851 -0.1580
vn -0.4625 -0.8247 -0.3257
vn -0.7344 -0.6750 0.0712
vn -0.5899 -0.7439 0.3141
vn -0.2213 -0.9102 0.3500
vn 0.0558 -0.9813 0.1844
vn 0.1063 -0.8020 0.5878
vn -0.0815 -0.5116 0.8554
vn -0.0975 0.9417 -0.3221
vn 0.1420 0.9872 0.0728
vn -0.3743 0.9137 0.1582
vn -0.3447 0.9341 -0.0927
vn 0.4762 0.8455 -0.2417
vn -0.0969 0.9952 0.0164
vn -0.2189 0.9655 -0.1407
vn 0.2638 0.9602 -0.0916
vn 0.8125 0.5649 -0.1441
vn 0.3399 0.9316 -0.1284
vn 0.2449 0.9381 -0.2450
vn 0.7469 0.5958 -0.2952
vn 0.3744 -0.8736 0.3107
vn 0.2003 -0.7500 0.6304
vn 0.7954 0.5948 0.1167
vn 0.6382 0.7662 0.0748
vn 0.3966 0.9092 -0.1264
vn -0.0934 0.8570 -0.5067
vn 0.4470 0.8529 -0.2697
vn 0.4435 0.5823 -0.6814
vn 0.9692 0.0509 -0.2410
vn 0.9353 0.0842 -0.3437
vn -0.4760 -0.5680 0.6714
vn -0.4449 -0.1747 0.8784
vn 0.8989 -0.4043 -0.1691
vn 0.8212 -0.4911 0.2906
vn 0.9814 0.1508 0.1187
vn 0.9674 0.2311 -0.1039
vn -0.2198 -0.9651 -0.1421
vn 0.2166 -0.9451 -0.2449
vn -0.0403 -0.8378 -0.5445
vn 0.2906 -0.9281 -0.2327
vn -0.1385 -0.9897 0.0354
vn 0.1543 -0.9314 -0.3296
vn 0.3871 0.9185 -0.0803
vn 0.9676 -0.2294 -0.1059
vn -0.4637 0.8316 0.3057
vn 0.0051 0.9975 0.0703
vn -0.1085 0.9383 -0.3284
vn 0.2235 0.9526 -0.2062
vn 0.0306 0.9907 0.1327
vn 0.4477 0.8491 -0.2803
vn -0.8603 -0.4928 -0.1307
vn -0.4719 -0.8735 0.1193
vn -0.8767 0.2352 -0.4197
vn -0.9248 0.0847 -0.3708
vn 0.8784 -0.1491 0.4541
vn 0.9451 0.1756 0.2757
vn 0.5567 0.8169 -0.1511
vn 0.5811 0.8135 0.0224
vn 0.9105 -0.2096 0.3563
vn 0.0140 -0.9994 0.0327
vn 0.6053 -0.7625 -0.2283
vn -0.8435 -0.3771 0.3826
vn 0.1273 0.9876 -0.0919
vn 0.4022 0.8447 -0.3533
vn -0.4757 0.8765 0.0744
vn -0.6982 0.6886 0.1961
vn 0.8505 0.1378 -0.5077
vn 0.8094 0.1251 -0.5738
vn 0.7674 0.3400 -0.5437
vn -0.6325 0.7693 -0.0901
vn -0.1445 -0.9894 -0.0158
vn -0.5855 -0.7670 0.2624
vn -0.9760 0.0677 0.2070
vn -0.9117 -0.2078 0.3544
vn 0.4924 0.7771 -0.3921
vn -0.0505 0.9702 -0.2369
vn 0.9463 0.0805 -0.3131
vn 0.9468 0.1048 -0.3044
vn 0.8829 0.2770 -0.3792
vn -0.5991 0.7487 -0.2839
vn -0.2455 -0.9459 -0.2124
vn -0.0272 -0.9186 -0.3943
vn -0.7610 -0.6388 0.1135
vn 0.0471 -0.9796 -0.1955
vn -0.9948 -0.0102 0.1011
vn -0.9960 -0.0634 0.0624
vn 0.0935 0.9692 -0.2280
vn 0.7609 0.6317 -0.1482
vn 0.9882 -0.0849 -0.1277
vn 0.9742 -0.1594 -0.1597
vn 0.9846 0.0409 -0.1698
vn -0.4977 0.7663 -0.4064
vn -0.5541 -0.8219 0.1323
vn -0.2996 -0.9455 0.1273
vn -0.9475 0.2179 -0.2339
vn -0.9704 0.1680 -0.1734
vn 0.8563 0.5162 -0.0177
vn 0.9912 0.0133 0.1313
vn 0.9622 -0.2120 0.1712
vn -0.7096 -0.4884 -0.5079
vn 0.0044 -0.5652 -0.8249
vn 0.8833 -0.0269 -0.4681
vn 0.6489 0.3228 -0.6890
vn 0.8757 -0.1883 -0.4447
vn 0.3003 -0.6877 -0.6610
vn -0.3353 -0.5360 -0.7748
vn -0.8136 -0.3034 -0.4959
vn -0.2505 0.5791 -0.7758
vn -0.5253 0.5597 -0.6410
vn 0.3847 0.2835 -0.8784
vn 0.4497 0.0639 -0.8909
vn -0.5397 -0.6789 -0.4977
vn -0.1611 -0.3554 -0.9207
vn 0.0712 0.6410 -0.7642
vn -0.2247 0.4644 -0.8566
vn 0.6596 0.1005 -0.7449
vn -0.1570 0.4211 -0.8933
vn -0.5368 -0.6275 -0.5640
vn -0.0147 -0.5415 -0.8406
vn 0.2889 0.5791 -0.7623
vn -0.0790 0.4452 -0.8919
vn 0.7738 -0.2160 -0.5955
vn 0.4794 0.2026 -0.8539
vn -0.4089 -0.5854 -0.7001
vn 0.1271 -0.6080 -0.7837
vn 0.7016 0.1364 -0.6994
vn 0.5641 0.5052 -0.6531
vn 0.8907 -0.2212 -0.3971
vn 0.2404 0.9450 -0.2218
vn 0.3260 0.5347 -0.7796
vn -0.2263 0.4870 -0.8436
vn -0.7550 0.5766 -0.3124
vn -0.5487 0.8036 -0.2305
vn 0.3533 0.9345 -0.0442
vn -0.5700 0.8204 -0.0461
vn -0.4569 0.7381 -0.4964
vn 0.0990 0.4306 -0.8971
vn -0.5560 0.2191 -0.8018
vn -0.0996 0.9676 -0.2319
vn -0.0326 0.9980 -0.0543
vn -0.2420 0.5112 -0.8247
vn -0.7801 0.6152 -0.1138
vn -0.5613 0.8239 -0.0788
vn -0.4353 0.8977 0.0685
vn -0.4619 0.5093 -0.7262
vn -0.7738 0.6322 0.0386
vn -0.5858 0.7826 0.2106
vn -0.2141 0.9748 -0.0634
vn -0.6167 0.7715 0.1568
vn -0.2525 0.9000 -0.3553
vn -0.8684 0.2728 -0.4140
vn -0.8654 0.2959 0.4044
vn -0.9213 0.0717 0.3822
vn -0.9872 0.0378 0.1551
vn -0.8314 0.1030 0.5460
vn -0.5707 0.3798 0.7280
vn -0.9235 -0.1698 0.3440
vn -0.9993 -0.0069 0.0377
vn -0.8802 0.3490 -0.3215
vn -0.9275 0.1778 0.3288
vn -0.7749 0.3512 -0.5256
vn 0.2509 0.3834 -0.8889
vn 0.5190 0.3789 -0.7662
vn 0.2336 0.9123 -0.3362
vn 0.5405 -0.6164 0.5727
vn 0.1454 -0.3361 0.9305
vn 0.1182 -0.5662 0.8158
vn 0.6840 -0.6887 0.2404
vn 0.7952 -0.6017 -0.0750
vn 0.6796 -0.7098 -0.1854
vn 0.2994 -0.7540 0.5848
vn 0.3645 -0.8260 -0.4299
vn -0.6850 0.2054 -0.6989
vn 0.0938 0.8191 -0.5660
vn -0.7224 0.2032 -0.6610
vn -0.0356 0.9982 -0.0487
vn -0.8385 0.2466 -0.4859
vn 0.1866 0.8666 -0.4627
vn -0.0324 -0.4972 -0.8670
vn 0.5408 -0.8384 -0.0679
vn 0.4691 -0.6012 -0.6469
vn 0.7168 -0.6767 -0.1680
vn 0.3973 -0.6264 -0.6706
vn 0.2912 -0.9548 0.0596
vn -0.7308 0.0347 -0.6817
vn -0.6144 0.1825 -0.7676
vn -0.8383 -0.1194 -0.5320
vn -0.8918 -0.0376 -0.4509
vn 0.0959 -0.2432 -0.9652
vn 0.4125 -0.1495 -0.8986
vn 0.4573 -0.1258 -0.8804
vn 0.1696 -0.0213 -0.9853
vn 0.4974 -0.1137 -0.8600
vn -0.4767 -0.0336 -0.8784
vn -0.3837 -0.2232 -0.8961
vn -0.0805 0.0490 -0.9955
vn -0.3351 0.1318 -0.9329
vn -0.2561 0.0073 -0.9666
vn -0.2920 0.0474 -0.9552
vn -0.4586 0.1714 -0.8720
vn -0.2441 0.1250 -0.9616
vn -0.4938 0.1976 -0.8468
vn -0.1429 -0.3464 -0.9271
vn 0.1023 -0.3207 -0.9416
vn -0.1518 0.1391 -0.9786
vn -0.0496 0.0725 -0.9961
vn 0.0530 -0.0019 -0.9986
vn 0.1339 -0.0717 -0.9884
vn 0.2635 -0.0959 -0.9599
vn 0.2692 0.1946 -0.9432
vn -0.1370 0.0804 -0.9873
vn -0.3165 0.1395 -0.9383
vn -0.1583 0.0743 -0.9846
vn -0.3974 0.1732 -0.9012
vn -0.5019 0.0726 -0.8619
vn -0.4772 0.0867 -0.8745
vn 0.2872 0.1426 -0.9472
vn -0.4645 0.0078 -0.8856
vn -0.0249 0.0901 -0.9956
vn -0.7116 0.0650 -0.6996
vn -0.6808 0.1830 -0.7092
vn 0.9877 -0.0885 0.1291
vn 0.9660 -0.1362 0.2199
vn 0.7660 0.2720 0.5825
vn 0.9243 0.1409 0.3546
vn 0.6972 -0.7058 0.1259
vn 0.2887 0.9463 0.1452
vn 0.3958 0.9175 -0.0386
vn 0.4799 0.8754 0.0578
vn 0.8574 0.4224 -0.2941
vn 0.8106 0.3152 -0.4935
vn 0.9622 0.1238 -0.2424
vn 0.9639 0.2515 -0.0872
vn 0.9773 0.1071 -0.1829
vn 0.8505 -0.2272 -0.4744
vn 0.9640 -0.1599 -0.2126
vn 0.5013 -0.8191 -0.2789
vn 0.2500 -0.8896 -0.3822
vn 0.5010 -0.8316 0.2398
vn 0.7598 -0.6427 0.0980
vn 0.4858 0.7711 0.4115
vn 0.5464 0.8297 0.1147
vn 0.3733 0.9136 0.1612
vn 0.7144 0.5229 -0.4651
vn 0.8435 0.1121 -0.5253
vn 0.9686 0.1925 0.1576
vn 0.9128 -0.3101 -0.2658
vn 0.8745 -0.4560 -0.1651
vn 0.8557 -0.2398 -0.4586
vn 0.8202 -0.0913 -0.5647
vn -0.1356 -0.5461 0.8267
vn 0.3895 -0.9191 -0.0595
vn 0.2275 -0.9709 -0.0751
vn 0.4069 0.6797 0.6102
vn 0.4645 -0.6881 0.5574
vn 0.5420 -0.6230 0.5640
vn 0.3992 0.5143 0.7591
vn 0.5318 0.3433 0.7741
vn 0.1727 -0.8227 -0.5417
vn 0.4457 -0.8801 -0.1636
vn 0.8241 0.0482 0.5644
vn 0.5868 0.0619 0.8073
vn 0.9221 -0.3295 0.2029
vn 0.9577 -0.2876 -0.0083
vn 0.8505 -0.3961 0.3460
vn 0.8159 -0.2451 0.5237
vn 0.9107 -0.4116 0.0338
vn 0.9834 -0.1795 -0.0262
vn -0.3200 0.3968 -0.8603
vn 0.8195 -0.3448 0.4577
vn 0.7538 -0.2174 0.6201
vn 0.8546 -0.1721 0.4900
vn 0.6015 -0.6984 0.3879
vn 0.0231 -0.9997 -0.0028
vn -0.6857 -0.0820 0.7233
vn -0.7239 -0.0672 0.6866
vn -0.6314 0.1456 0.7616
vn -0.5945 0.0909 0.7990
vn 0.9622 -0.2447 -0.1193
vn 0.6137 -0.1661 0.7719
vn 0.8501 -0.2698 0.4523
vn 0.9786 -0.0765 0.1911
vn 0.9844 -0.0072 -0.1760
vn 0.4892 0.4123 0.7685
vn 0.1940 0.4145 0.8891
vn 0.3408 0.4370 0.8324
vn 0.6273 0.2810 0.7263
vn -0.7629 -0.3137 0.5654
vn -0.7688 -0.2057 0.6055
vn -0.8563 -0.0963 0.5075
vn -0.5402 -0.3750 0.7534
vn 0.8203 -0.0176 0.5717
vn -0.4824 -0.3447 0.8053
vn -0.1674 -0.5150 0.8407
vn 0.5984 -0.3948 0.6972
vn 0.5158 -0.8561 0.0330
vn 0.3151 -0.7165 0.6224
vn 0.8705 0.4743 -0.1317
vn 0.9779 0.2077 0.0252
vn 0.8782 0.4326 0.2042
vn 0.8349 0.2959 -0.4640
vn 0.7901 0.3815 -0.4798
vn 0.8414 0.5377 0.0539
vn 0.7031 -0.1152 -0.7017
vn 0.7634 -0.3173 -0.5626
vn 0.3047 -0.4100 -0.8597
vn 0.0655 -0.2259 -0.9719
vn 0.6783 0.1317 -0.7229
vn 0.4907 -0.1422 -0.8597
vn 0.8203 -0.1725 -0.5453
vn 0.8717 -0.0601 -0.4863
vn 0.9003 -0.3322 -0.2811
vn -0.8293 -0.3929 0.3974
vn -0.8595 -0.4162 0.2965
vn -0.8948 -0.4006 0.1970
vn -0.8825 -0.0440 0.4683
vn -0.9236 -0.1962 0.3294
vn -0.9355 -0.2680 0.2304
vn -0.8464 -0.5020 -0.1777
vn -0.8511 -0.5146 -0.1040
vn -0.3177 -0.7688 -0.5549
vn -0.1041 -0.8193 -0.5639
vn 0.7795 -0.4996 -0.3778
vn 0.7086 -0.4295 -0.5598
vn 0.9270 -0.2558 -0.2742
vn 0.6172 -0.5102 -0.5989
vn 0.8542 -0.5184 -0.0393
vn 0.8268 -0.2377 -0.5098
vn 0.1290 -0.7598 -0.6373
vn 0.6040 0.3857 0.6974
vn 0.9024 0.1218 0.4134
vn 0.6368 0.2469 0.7304
vn 0.5943 -0.2634 -0.7599
vn 0.7563 -0.2709 -0.5956
vn 0.9674 -0.1393 -0.2113
vn -0.4799 -0.4595 -0.7474
vn -0.1441 -0.4945 -0.8572
vn -0.4316 -0.2537 -0.8657
vn -0.7843 -0.2313 -0.5756
vn 0.1936 -0.3847 -0.9025
vn 0.2980 0.4530 0.8403
vn -0.8277 -0.3968 -0.3967
vn -0.9681 -0.0173 -0.2499
vn -0.0781 -0.3574 0.9307
vn 0.1064 -0.5370 0.8368
vn -0.1009 -0.4242 0.8999
vn -0.3839 -0.3149 0.8680
vn -0.8970 0.1353 0.4209
vn -0.9282 0.3132 0.2009
vn -0.2869 -0.4160 0.8629
vn -0.0826 -0.2770 0.9573
vn -0.3762 -0.2216 0.8996
vn -0.3083 -0.3862 0.8694
vn -0.2536 -0.3989 0.8812
vn 0.2862 -0.0131 -0.9581
vn -0.9817 0.0339 -0.1874
vn -0.9826 -0.0416 0.1808
vn -0.6925 -0.1388 -0.7080
vn -0.8634 0.0182 0.5042
vn -0.5303 -0.1437 0.8355
vn -0.6827 -0.0065 0.7306
vn -0.8260 0.0073 0.5637
vn -0.9189 0.2779 0.2799
vn -0.5890 -0.1548 0.7931
vn -0.1672 -0.1540 -0.9738
vn 0.3740 0.1418 -0.9165
vn 0.9786 0.1882 0.0836
vn 0.8650 -0.0520 0.4990
vn 0.4716 0.1128 0.8746
vn 0.6038 0.4613 0.6500
vn 0.6783 0.6919 0.2474
vn 0.9399 0.0429 0.3388
vn 0.7735 0.2783 0.5694
vn 0.9631 0.1417 -0.2289
vn 0.7640 0.6431 -0.0516
vn 0.7569 -0.0607 0.6507
vn 0.3040 0.4668 0.8305
vn 0.2392 0.3341 0.9117
vn 0.4232 0.4029 0.8115
vn 0.4470 0.5331 0.7184
vn 0.9002 0.2056 -0.3839
vn 0.1967 0.3162 -0.9281
vn 0.8803 -0.4353 -0.1886
vn 0.9530 0.2907 -0.0852
vn 0.8570 -0.0395 0.5138
vn 0.6646 0.2275 0.7117
vn 0.7244 0.0848 0.6842
vn 0.7892 -0.1125 0.6037
vn 0.5317 -0.0070 0.8469
vn 0.5687 -0.1787 0.8029
vn -0.2032 0.1084 0.9731
vn -0.7602 -0.1993 0.6184
vn -0.5983 0.4503 0.6628
vn -0.1960 0.1001 0.9755
vn 0.5507 0.4799 0.6830
vn 0.6620 0.5450 0.5145
vn 0.6605 0.6402 0.3924
vn -0.9254 -0.3645 -0.1036
vn -0.9759 -0.1494 0.1591
vn -0.6116 -0.7725 0.1711
vn -0.7087 -0.6997 -0.0903
vn -0.8536 0.5051 -0.1278
vn -0.8514 0.3549 -0.3862
vn -0.8079 -0.5671 -0.1604
vn -0.5942 -0.8011 -0.0721
vn -0.8488 0.1631 -0.5030
vn -0.9098 -0.3514 -0.2210
vn 0.5121 0.2399 0.8248
vn 0.2842 0.0942 0.9541
vn -0.8961 0.1156 -0.4285
vn -0.8251 0.0380 -0.5637
vn -0.8467 0.0234 -0.5316
vn -0.9433 -0.0652 -0.3255
vn -0.9244 -0.0347 0.3799
vn -0.8981 0.0843 0.4316
vn -0.6907 0.0386 0.7221
vn -0.6246 -0.0707 0.7778
vn 0.5893 -0.0121 0.8078
vn 0.5988 -0.1249 0.7911
vn 0.8622 -0.0700 0.5018
vn 0.8811 -0.0639 0.4687
vn 0.9754 -0.0498 0.2148
vn 0.9988 0.0072 0.0484
vn -0.0056 -0.0688 0.9976
vn 0.0590 0.0505 0.9970
vn 0.3914 -0.9165 -0.0825
vn 0.4678 -0.8610 0.1996
vn 0.1451 -0.9416 -0.3040
vn 0.1037 -0.9202 -0.3773
vn -0.7002 -0.6221 -0.3504
vn -0.3454 -0.9047 -0.2494
vn -0.5559 -0.8058 -0.2042
vn -0.6994 -0.6852 -0.2033
vn 0.7984 -0.4616 0.3866
vn 0.7131 -0.4554 0.5329
vn 0.9219 0.0859 0.3778
vn 0.9182 0.1911 0.3471
vn -0.3746 0.8164 -0.4395
vn -0.6252 0.6679 -0.4037
vn -0.3661 0.7761 -0.5135
vn 0.1413 0.8702 -0.4720
vn 0.7678 0.6132 -0.1857
vn -0.1261 0.9851 -0.1170
vn -0.1910 0.9105 -0.3668
vn 0.4134 0.8434 -0.3433
vn 0.9081 0.4178 0.0276
vn 0.2893 0.9187 -0.2688
vn 0.2111 0.9258 -0.3137
vn 0.9086 0.3132 0.2762
vn 0.4321 0.8878 -0.1583
vn 0.7059 0.5383 -0.4604
vn 0.7245 0.6891 0.0186
vn 0.6121 0.7210 -0.3247
vn 0.7753 0.6264 -0.0807
vn 0.9734 0.0664 0.2195
vn 0.8421 -0.5091 0.1780
vn 0.8677 -0.4580 0.1930
vn 0.9333 0.3058 0.1880
vn 0.1615 -0.9471 -0.2774
vn 0.0219 -0.9666 -0.2555
vn -0.1251 -0.9577 -0.2591
vn -0.0971 -0.9704 -0.2212
vn 0.7463 0.6437 -0.1693
vn 0.4261 -0.7205 0.5471
vn 0.0798 -0.9475 0.3097
vn 0.5136 0.8523 -0.0993
vn -0.5319 -0.7573 0.3790
vn -0.7668 -0.5485 0.3336
vn -0.2130 -0.7854 0.5811
vn -0.4964 0.7799 -0.3812
vn -0.4013 0.8370 -0.3720
vn 0.1079 0.9821 -0.1547
vn -0.0574 0.9214 -0.3842
vn 0.1694 0.9368 -0.3062
vn 0.3084 0.8698 -0.3852
vn 0.3627 0.8199 -0.4429
vn 0.4483 0.8409 -0.3033
vn 0.6928 0.7155 -0.0897
vn 0.4966 0.8626 -0.0964
vn -0.2507 -0.8971 -0.3638
vn 0.3014 -0.9372 0.1754
vn -0.7600 0.1083 -0.6408
vn 0.8868 0.3936 0.2422
vn -0.7386 0.3579 -0.5712
vn -0.8006 0.0790 -0.5939
vn 0.1939 0.9572 0.2150
vn 0.8196 0.0530 0.5705
vn 0.8454 0.1996 0.4955
vn 0.4359 0.8927 0.1145
vn 0.8445 -0.1879 0.5015
vn 0.7803 -0.2205 0.5852
vn -0.0012 -0.9933 -0.1155
vn 0.5070 -0.7862 -0.3534
vn -0.7833 -0.6121 -0.1082
vn -0.5668 0.7532 0.3337
vn 0.6362 0.7692 0.0601
vn 0.2935 0.9559 -0.0044
vn -0.6550 0.7549 0.0334
vn 0.4665 0.7926 -0.3926
vn -0.9954 -0.0698 -0.0651
vn 0.9471 0.0797 -0.3108
vn 0.9026 0.3399 -0.2641
vn -0.4878 -0.8723 -0.0325
vn 0.1772 -0.9820 0.0651
vn 0.1056 -0.9676 -0.2292
vn -0.9889 0.1484 -0.0082
vn -0.9932 -0.1056 -0.0493
vn -0.0115 0.9999 0.0025
vn 0.8543 0.5123 -0.0886
vn 0.7357 0.6627 -0.1395
vn 0.1099 0.9634 -0.2446
vn 0.7329 0.5578 -0.3896
vn -0.9770 -0.0719 -0.2007
vn 0.9955 -0.0469 -0.0823
vn 0.9823 0.1871 -0.0134
vn -0.2044 -0.9639 0.1704
vn 0.0323 -0.9968 0.0736
vn 0.0300 -0.9980 -0.0550
vn -0.5588 -0.8210 -0.1170
vn -0.9212 0.2529 -0.2956
vn -0.9483 -0.0988 -0.3015
vn 0.8274 0.5437 -0.1405
vn 0.2461 0.8793 -0.4078
vn 0.2203 0.9505 -0.2191
vn 0.9018 0.3989 0.1663
vn 0.8538 0.4734 -0.2164
vn -0.6808 0.0810 -0.7280
vn 0.9937 -0.0413 0.1042
vn 0.9833 0.1666 0.0735
vn -0.1216 -0.9926 0.0071
vn -0.5450 -0.8096 -0.2182
vn -0.7629 0.2628 -0.5906
vn -0.8339 0.0295 -0.5511
vn 0.8929 0.0129 0.4501
vn 0.7569 0.6372 0.1450
vn 0.8045 0.2732 0.5274
vn 0.8992 -0.1151 0.4222
vn 0.0762 -0.6550 -0.7517
vn 0.5161 -0.7653 -0.3845
vn 0.9476 0.3186 0.0250
vn 0.3656 0.8348 -0.4117
vn 0.9634 -0.1905 0.1884
vn -0.2523 -0.6152 -0.7469
vn 0.3686 -0.5138 -0.7747
vn -0.8300 -0.2998 -0.4703
vn 0.4507 0.7653 -0.4596
vn -0.6356 0.7092 -0.3051
vn 0.8017 0.0224 -0.5973
vn 0.7450 0.2661 -0.6117
vn -0.3429 -0.6119 -0.7127
vn 0.1220 -0.7140 -0.6895
vn 0.7187 0.4600 -0.5214
vn 0.0643 0.7674 -0.6379
vn 0.8020 -0.1445 -0.5796
vn 0.8857 0.0445 -0.4621
vn -0.4500 -0.7116 -0.5395
vn 0.0976 -0.8378 -0.5371
vn 0.7189 0.2328 -0.6549
vn 0.3164 0.4838 -0.8160
vn 0.8184 -0.0137 -0.5745
vn 0.8700 0.0420 -0.4913
vn 0.1802 -0.7993 -0.5733
vn -0.2184 -0.7036 -0.6762
vn 0.9898 -0.0473 0.1342
vn 0.8880 0.4026 -0.2220
vn 0.9888 -0.1452 0.0333
vn -0.4733 0.6913 -0.5459
vn 0.1077 0.9463 -0.3049
vn 0.0812 0.7370 -0.6710
vn -0.3945 0.4345 -0.8097
vn 0.0773 0.9970 0.0030
vn -0.5656 0.6593 -0.4954
vn 0.1993 0.9071 -0.3707
vn -0.2347 0.6826 -0.6920
vn -0.4252 0.8207 -0.3816
vn -0.3109 0.5983 -0.7385
vn -0.5316 0.2068 -0.8214
vn -0.5780 0.7219 -0.3806
vn -0.1886 0.7622 -0.6193
vn -0.4773 0.7653 -0.4318
vn -0.4208 0.4273 -0.8002
vn -0.6979 0.6553 -0.2891
vn -0.4964 0.6295 -0.5977
vn -0.6686 0.7251 -0.1648
vn -0.5440 0.5417 -0.6408
vn -0.8870 0.4530 0.0890
vn -0.8552 0.4924 -0.1615
vn -0.0446 0.8361 -0.5467
vn -0.9652 0.0945 -0.2438
vn -0.9922 0.1156 0.0468
vn -0.9824 0.0691 0.1734
vn -0.8687 0.0606 -0.4916
vn -0.9612 0.0955 -0.2587
vn -0.3198 0.8736 -0.3669
vn -0.9860 0.1240 -0.1117
vn -0.6485 0.5992 -0.4696
vn -0.8318 0.3810 -0.4037
vn -0.0593 0.4159 -0.9075
vn -0.4440 -0.8959 0.0158
vn -0.2935 -0.9206 -0.2577
vn -0.6320 -0.7382 -0.2359
vn -0.6805 -0.6802 0.2725
vn -0.0939 -0.9955 0.0110
vn 0.1319 -0.9631 -0.2346
vn 0.3976 -0.9116 0.1039
vn 0.6427 -0.7658 -0.0213
vn 0.9244 -0.3417 0.1694
vn 0.9115 0.3978 -0.1040
vn 0.5165 0.7627 -0.3893
vn 0.6341 0.4255 -0.6456
vn -0.9923 -0.1103 -0.0559
vn -0.9747 0.0387 -0.2203
vn -0.9915 0.0664 -0.1115
vn -0.9574 -0.2880 0.0188
vn -0.9995 -0.0282 0.0146
vn -0.9177 -0.0534 -0.3937
vn -0.7547 -0.1809 -0.6307
vn -0.9865 -0.0806 0.1422
vn -0.9970 -0.0278 -0.0717
vn 0.6681 -0.6493 0.3635
vn 0.8577 -0.5131 0.0310
vn -0.5615 0.1380 -0.8159
vn 0.5213 0.5683 -0.6366
vn -0.6526 0.0397 -0.7567
vn 0.2391 0.5802 -0.7786
vn -0.7674 0.0751 -0.6367
vn -0.2938 0.5379 -0.7901
vn 0.2914 0.8238 -0.4863
vn 0.1764 0.9765 -0.1238
vn 0.5508 -0.5445 -0.6325
vn 0.6159 -0.7783 -0.1222
vn 0.6000 -0.6380 -0.4827
vn 0.4467 -0.8772 0.1763
vn 0.1819 -0.8893 -0.4195
vn 0.6330 -0.7581 -0.1570
vn 0.1963 -0.9797 0.0397
vn -0.5806 0.0325 -0.8135
vn -0.6004 -0.0282 -0.7992
vn -0.7776 -0.1326 -0.6146
vn -0.8133 -0.1444 -0.5636
vn -0.9657 -0.0991 -0.2402
vn 0.4676 -0.4003 -0.7881
vn 0.4211 0.5765 -0.7002
vn 0.9797 0.0781 -0.1847
vn 0.9852 -0.1658 -0.0437
vn -0.5358 -0.2947 -0.7913
vn 0.5990 0.1178 -0.7920
vn 0.5832 -0.0141 -0.8122
vn 0.0716 -0.3091 -0.9483
vn 0.0749 0.4988 -0.8635
vn 0.5983 0.1046 -0.7944
vn 0.9676 -0.0546 -0.2467
vn -0.0148 -0.5505 -0.8347
vn 0.3852 -0.0072 -0.9228
vn 0.5323 0.0863 -0.8421
vn 0.8605 0.0988 -0.4997
vn 0.2271 -0.3963 -0.8896
vn 0.9623 0.0386 -0.2693
vn 0.9943 -0.0855 0.0637
vn -0.2935 0.3509 -0.8892
vn 0.2346 0.5810 -0.7794
vn -0.2562 0.2792 -0.9254
vn 0.0438 0.0863 -0.9953
vn -0.2117 0.3154 -0.9250
vn -0.8115 0.2551 -0.5258
vn 0.0715 0.6269 -0.7759
vn -0.3701 0.0954 -0.9241
vn -0.3349 0.0517 -0.9408
vn -0.4330 0.0051 -0.9014
vn -0.3709 -0.0331 -0.9281
vn -0.9147 -0.0802 -0.3960
vn 0.8727 -0.1888 0.4502
vn 0.9699 -0.2291 -0.0829
vn 0.4791 -0.1698 0.8612
vn -0.9220 -0.2557 -0.2907
vn -0.6288 -0.1420 0.7645
vn -0.8447 0.0807 0.5291
vn 0.0557 -0.2844 0.9571
vn 0.9571 0.0453 -0.2862
vn 0.8928 -0.2055 -0.4010
vn 0.6744 0.0521 -0.7365
vn -0.5138 -0.8539 0.0829
vn -0.8335 -0.4423 0.3311
vn -0.0058 -0.9875 0.1577
vn 0.9095 -0.2573 0.3264
vn 0.5338 -0.7964 0.2841
vn -0.5754 -0.5720 0.5846
vn 0.0369 -0.7137 0.6995
vn -0.9711 -0.1643 -0.1733
vn -0.0115 -0.4872 -0.8732
vn 0.6420 -0.3789 -0.6665
vn 0.4697 -0.6240 -0.6246
vn -0.1861 -0.6129 -0.7680
vn -0.1254 0.0153 0.9920
vn -0.7893 0.0314 0.6132
vn 0.3740 0.2829 0.8832
vn 0.5844 0.2160 0.7822
vn 0.9461 -0.2404 0.2169
vn 0.8445 -0.1845 0.5027
vn 0.8665 -0.3730 0.3318
vn 0.9439 -0.3211 0.0773
vn 0.5780 -0.4322 0.6922
vn 0.9042 -0.1969 -0.3790
vn 0.4317 -0.0098 -0.9020
vn 0.3523 0.1887 -0.9166
vn 0.8652 0.1306 -0.4842
vn 0.4451 -0.5371 -0.7166
vn 0.7693 -0.4027 0.4960
vn 0.6919 -0.5523 0.4650
vn -0.5786 0.5407 -0.6106
vn -0.2707 0.2970 -0.9157
vn -0.1766 0.0912 -0.9800
vn 0.8177 -0.4286 -0.3844
vn 0.7369 -0.4817 -0.4744
vn 0.6321 -0.4723 -0.6143
vn 0.6170 -0.2378 -0.7502
vn 0.0195 -0.4148 -0.9097
vn -0.2724 -0.6372 -0.7209
vn -0.8734 0.3353 0.3532
vn -0.9213 -0.0135 0.3887
vn 0.5851 -0.4474 0.6764
vn 0.1740 -0.4423 0.8798
vn 0.2394 -0.4597 0.8552
vn 0.2155 -0.1483 0.9652
vn 0.9548 0.0351 0.2953
vn 0.9974 0.0098 0.0719
vn 0.0119 -0.0228 -0.9997
vn -0.7366 0.0885 -0.6705
vn 0.0006 -0.1602 -0.9871
vn -0.6197 -0.4336 -0.6542
vn -0.6434 -0.1562 -0.7494
vn 0.7737 0.6118 0.1643
vn 0.9413 0.2689 0.2040
vn 0.9806 -0.1672 -0.1028
vn 0.9185 -0.1102 0.3797
vn 0.4575 -0.0932 0.8843
vn -0.9398 -0.1598 -0.3019
vn -0.9444 -0.2775 -0.1761
vn 0.8467 -0.3355 -0.4130
vn 0.8722 -0.3177 -0.3719
vn 0.9822 0.1748 -0.0691
vn -0.9288 0.2443 0.2786
vn 0.8918 0.2915 0.3460
vn 0.9486 -0.3077 -0.0745
vn 0.9738 -0.2213 0.0516
vn -0.7627 -0.6214 0.1794
vn -0.8566 -0.5140 -0.0451
vn 0.6106 -0.3194 0.7247
vn -0.6516 -0.6051 0.4574
vn -0.6263 -0.6668 0.4040
vn -0.7372 -0.6461 0.1976
vn -0.5330 -0.8306 0.1614
vn -0.0805 -0.3887 0.9178
vn -0.7608 -0.2064 -0.6153
vn -0.7564 -0.3737 -0.5369
vn 0.9977 -0.0180 0.0658
vn 0.9663 -0.0227 0.2563
vn -0.7398 -0.5786 -0.3433
vn -0.6999 -0.4487 -0.5557
vn -0.8462 -0.3550 -0.3975
vn -0.5656 -0.5750 -0.5911
vn -0.6552 -0.5799 -0.4841
vn 0.0834 -0.7136 -0.6956
vn -0.8148 -0.1869 -0.5487
vn 0.6211 -0.1399 -0.7711
vn 0.9735 -0.1549 -0.1684
vn 0.8279 0.5006 -0.2531
vn 0.8484 0.5287 0.0251
vn -0.0980 -0.9514 0.2918
vn -0.2569 -0.8481 0.4633
vn -0.6180 -0.5596 0.5522
vn -0.1676 -0.8237 0.5418
vn 0.4923 -0.6418 0.5881
vn -0.0717 -0.8363 0.5435
vn -0.5887 0.0178 -0.8081
vn -0.9725 -0.0979 -0.2112
vn 0.8830 -0.3123 -0.3503
vn -0.6338 0.2446 -0.7338
vn -0.7059 0.5458 -0.4513
vn 0.6667 -0.7402 0.0872
vn -0.9290 0.3694 -0.0207
vn 0.5261 -0.1539 0.8364
vn -0.4480 -0.4077 -0.7957
vn -0.3031 0.5334 -0.7897
vn 0.0762 -0.5776 -0.8128
vn 0.7139 -0.4215 -0.5592
vn 0.9530 -0.1541 -0.2609
vn 0.9117 -0.3100 -0.2695
vn 0.3522 -0.7044 -0.6162
vn 0.2295 -0.6716 -0.7045
vn 0.7123 -0.4197 -0.5626
vn 0.9548 -0.2347 -0.1825
vn 0.9407 0.0858 -0.3281
vn -0.5439 -0.1385 -0.8276
vn 0.4356 -0.4219 -0.7951
vn 0.8902 -0.3322 0.3118
vn 0.6649 -0.6800 -0.3089
vn 0.8748 -0.4510 0.1773
vn 0.5905 -0.6706 -0.4491
vn 0.2649 -0.6744 -0.6892
vn -0.0584 -0.9898 0.1296
vn 0.5539 -0.8248 0.1135
vn 0.6886 -0.4042 -0.6020
vn 0.9558 -0.2057 -0.2101
vn 0.1153 -0.7171 -0.6874
vn -0.6920 -0.5204 -0.5004
vn -0.9710 -0.2370 -0.0296
vn 0.9931 -0.0500 0.1061
vn 0.9755 0.1852 0.1190
vn 0.9110 0.0946 0.4014
vn 0.9188 0.2144 0.3315
vn 0.9271 0.0563 0.3705
vn 0.9540 0.0146 0.2996
vn 0.8923 0.2177 0.3954
vn 0.7066 -0.1766 0.6852
vn 0.7074 0.0510 0.7050
vn 0.7762 0.1981 0.5985
vn 0.3963 -0.2521 0.8828
vn 0.5685 -0.0607 0.8204
vn -0.6823 0.5494 -0.4823
vn 0.7378 0.0817 0.6700
vn 0.7419 -0.2362 0.6276
vn 0.7582 0.3152 0.5707
vn -0.2483 -0.5930 0.7659
vn 0.0155 0.2732 0.9618
vn 0.0717 0.5402 0.8385
vn 0.1046 0.3420 0.9339
vn 0.2404 0.4423 0.8641
vn 0.1595 0.5968 0.7864
vn 0.1776 0.6288 0.7570
vn 0.2155 0.1391 0.9666
vn 0.0917 0.0880 0.9919
vn 0.0364 0.0149 0.9992
vn 0.1221 -0.1408 0.9825
vn 0.1032 -0.1317 0.9859
vn 0.0760 -0.2186 0.9728
vn -0.7018 -0.7003 0.1307
vn 0.3545 -0.9308 0.0891
vn 0.4702 -0.8599 0.1986
vn -0.0796 -0.4031 0.9117
vn 0.1291 -0.4434 0.8870
vn 0.1331 -0.4119 0.9015
vn 0.2506 -0.7709 0.5856
vn 0.2956 -0.8745 0.3846
vn 0.1600 -0.8487 0.5040
vn -0.3128 -0.7184 0.6214
vn -0.4181 -0.8601 0.2923
vn 0.3989 -0.8385 0.3712
vn 0.7958 0.2589 0.5473
vn 0.9978 -0.0438 -0.0490
vn 0.6462 0.0745 -0.7595
vn 0.7961 0.1877 -0.5753
vn 0.2773 0.2128 -0.9369
vn 0.3689 0.3621 -0.8560
vn -0.3071 0.4500 -0.8386
vn -0.3202 0.2862 -0.9031
vn -0.7600 0.1823 -0.6238
vn -0.9851 0.0868 -0.1488
vn 0.9186 -0.2431 0.3115
vn 0.8076 0.2625 0.5282
vn 0.8945 0.3025 0.3292
vn 0.6307 0.7679 -0.1120
vn 0.5964 0.7763 -0.2039
vn 0.7116 0.6901 -0.1318
vn 0.8634 0.4952 -0.0965
vn 0.8244 -0.5094 -0.2466
vn 0.7816 -0.5977 0.1786
vn 0.9110 0.4095 -0.0484
vn 0.9267 0.3716 0.0555
vn 0.9294 -0.3140 0.1942
vn 0.9016 0.1505 -0.4056
vn 0.7033 -0.4525 0.5484
vn 0.0945 -0.2862 -0.9535
vn -0.3234 0.9145 -0.2431
vn 0.1951 0.9555 0.2214
vn 0.0295 0.4719 -0.8811
vn 0.1300 -0.4458 0.8857
vn 0.2038 -0.8349 0.5112
vn 0.2866 -0.8426 0.4559
vn 0.2380 -0.8837 -0.4030
vn 0.2975 -0.8313 -0.4696
vn -0.9434 0.2146 -0.2530
vn -0.9904 0.0855 -0.1083
vn -0.9983 0.0496 -0.0301
vn -0.9137 0.4030 -0.0531
vn -0.9642 -0.1039 -0.2439
vn -0.8561 0.0541 -0.5140
vn -0.9508 -0.2618 -0.1655
vn 0.9957 -0.0523 -0.0770
vn 0.9963 -0.0456 -0.0732
vn 0.9619 0.1422 -0.2336
vn 0.9293 0.3277 -0.1700
vn 0.9639 -0.1477 -0.2217
vn 0.8708 0.0017 -0.4916
vn 0.8980 -0.2294 -0.3755
vn 0.0112 -0.3562 -0.9343
vn 0.2114 0.8548 -0.4740
vn 0.0127 0.9580 -0.2866
vn 0.1574 0.3471 -0.9245
vn -0.1470 -0.3916 0.9083
vn -0.8250 -0.4852 0.2899
vn -0.6334 -0.4016 0.6615
vn -0.1120 -0.8904 0.4411
vn -0.7658 -0.6050 0.2178
vn -0.1197 -0.8875 0.4450
vn -0.1356 -0.9813 0.1364
vn -0.1758 -0.9801 0.0922
vn -0.7606 -0.6340 0.1397
vn -0.9066 0.3254 -0.2687
vn -0.8496 0.5203 -0.0863
vn -0.8323 0.0983 -0.5455
vn 0.9520 -0.0386 0.3036
vn 0.9796 -0.0231 0.1995
vn 0.9573 0.2210 0.1865
vn 0.7500 0.4319 0.5009
vn 0.9923 -0.0703 0.1015
vn 0.9951 0.0587 -0.0802
vn 0.9963 -0.0625 0.0584
vn 0.3124 -0.1609 -0.9362
vn -0.0481 0.9830 0.1771
vn -0.0370 0.8647 0.5010
vn 0.2332 0.6033 -0.7627
vn -0.8808 0.2689 -0.3898
vn -0.7334 -0.5642 -0.3793
vn -0.5766 -0.5036 -0.6434
vn -0.8678 0.4953 -0.0393
vn -0.9366 -0.2983 -0.1841
vn -0.7424 0.1492 -0.6532
vn -0.8643 -0.3851 0.3235
vn -0.5758 -0.7699 0.2753
vn -0.0955 -0.8934 -0.4389
vn 0.2721 -0.8818 -0.3853
vn 0.8345 -0.0512 0.5487
vn 0.8929 0.0003 0.4502
vn 0.9144 0.2923 0.2801
vn 0.7184 0.5055 0.4779
vn 0.9578 -0.0761 0.2771
vn 0.9794 0.1659 -0.1149
vn 0.9847 -0.0425 0.1692
vn 0.3369 -0.1859 -0.9230
vn 0.0354 0.9925 -0.1169
vn -0.1654 0.9840 0.0667
vn 0.2685 0.5205 -0.8105
vn -0.7350 0.3353 -0.5894
vn -0.5289 -0.7897 -0.3107
vn -0.7136 -0.3063 -0.6300
vn -0.8045 0.5110 -0.3026
vn -0.8720 -0.3512 -0.3411
vn -0.5191 0.1174 -0.8466
vn -0.8889 -0.4310 0.1553
vn -0.5183 -0.7411 0.4267
vn -0.2451 -0.9691 0.0285
vn 0.1232 -0.9100 -0.3959
vn 0.8743 -0.0786 0.4789
vn 0.9232 0.3067 0.2315
vn 0.8364 0.3836 0.3915
vn 0.8250 -0.1411 0.5472
vn 0.9208 -0.1132 0.3731
vn 0.9967 0.0720 0.0381
vn 0.8999 -0.2381 0.3653
vn 0.3773 -0.3208 -0.8688
vn 0.2113 0.9241 -0.3185
vn -0.4367 0.8184 -0.3735
vn 0.2796 0.4490 -0.8487
vn -0.7387 0.2610 -0.6214
vn -0.7046 -0.6417 -0.3028
vn -0.7378 -0.5599 -0.3772
vn -0.7956 0.3127 -0.5189
vn -0.8593 -0.3284 -0.3921
vn -0.6385 0.0319 -0.7689
vn -0.9151 -0.4010 0.0427
vn -0.5433 -0.7621 0.3522
vn -0.2748 -0.9605 0.0447
vn -0.1349 -0.9755 0.1736
vn 0.0491 -0.2396 -0.9696
vn 0.2896 -0.3069 -0.9066
vn 0.4185 -0.4138 -0.8085
vn 0.5680 -0.4613 -0.6816
vn 0.7731 -0.4226 -0.4730
vn 0.9604 -0.2602 0.0999
vn 0.5663 0.8192 -0.0904
vn 0.7262 -0.6729 -0.1409
vn 0.4293 -0.8619 -0.2697
vn 0.8110 -0.5804 0.0730
vn 0.4756 -0.8741 0.0989
vn 0.8321 -0.5361 -0.1423
vn 0.4399 -0.8728 -0.2113
vn 0.6082 0.7935 -0.0203
vn 0.4672 0.8543 0.2277
vn 0.6896 0.6236 0.3682
vn 0.8368 0.5069 0.2067
vn 0.9494 0.3053 0.0740
vn 0.9963 -0.0610 0.0598
vn 0.7835 0.4340 0.4447
vn 0.8923 0.3995 0.2101
vn 0.9235 -0.3640 0.1210
vn 0.7788 0.6226 0.0763
vn 0.4997 0.8590 -0.1118
vn 0.8514 0.5235 0.0346
vn 0.6053 0.7960 0.0016
vn 0.8998 0.0264 -0.4355
vn 0.9439 -0.1128 -0.3104
vn 0.8291 -0.4605 0.3170
vn 0.9050 -0.3691 0.2117
vn -0.6586 -0.2648 0.7043
vn -0.3899 -0.2817 0.8767
vn 0.0394 -0.3424 0.9387
vn 0.5690 0.2430 -0.7856
vn -0.2813 -0.9383 0.2013
vn -0.0013 -0.9982 0.0599
vn -0.0014 -0.9777 0.2099
vn -0.3229 -0.8834 0.3397
vn -0.8985 -0.4346 -0.0616
vn -0.4656 -0.6684 0.5801
vn -0.1722 -0.9755 0.1371
vn -0.6700 -0.7344 -0.1082
vn 0.7246 -0.5731 0.3828
vn 0.2722 -0.8322 0.4831
vn 0.4238 -0.6034 0.6755
vn -0.8752 0.0116 -0.4837
vn -0.8364 -0.1084 -0.5374
vn -0.9070 0.0037 -0.4211
vn -0.0012 -0.2233 0.9747
vn 0.5397 -0.3144 0.7809
vn 0.1743 -0.1921 0.9658
vn -0.0012 -0.1892 0.9819
vn -0.1538 -0.4221 -0.8934
vn 0.0005 -0.3022 -0.9533
vn 0.0004 -0.3954 -0.9185
vn -0.1806 -0.4540 -0.8725
vn -0.8281 -0.4622 -0.3172
vn -0.9029 -0.1595 0.3992
vn -0.9070 -0.1699 0.3854
vn -0.3921 -0.8897 0.2337
vn -0.4076 -0.8865 -0.2189
vn 0.9496 -0.2852 0.1301
vn 0.3163 -0.8304 0.4588
vn 0.8557 -0.3518 0.3795
vn -0.1489 -0.9775 -0.1491
vn -0.3507 -0.6961 0.6265
vn -0.7103 -0.5853 0.3911
vn -0.8984 -0.4301 0.0887
vn -0.5900 -0.7210 0.3635
vn -0.6529 -0.7492 0.1118
vn -0.8956 -0.4292 -0.1171
vn -0.8910 0.2184 -0.3981
vn -0.7607 0.1662 -0.6274
vn -0.0482 0.5761 -0.8160
vn -0.2664 0.8204 -0.5060
vn -0.9096 -0.2943 -0.2931
vn -0.7646 0.0801 -0.6395
vn -0.4605 -0.7774 -0.4284
vn -0.8903 -0.4426 -0.1070
vn 0.0334 0.9619 -0.2715
vn 0.4664 0.8788 -0.1015
vn -0.0551 0.9936 0.0986
vn -0.3504 0.8422 -0.4097
vn -0.0568 0.2579 -0.9645
vn -0.0274 0.9722 -0.2324
vn 0.0933 0.5492 -0.8305
vn -0.1534 -0.6098 -0.7776
vn -0.4346 0.8951 -0.0993
vn -0.4623 0.4991 -0.7329
vn -0.5681 0.3509 -0.7444
vn -0.9500 0.1081 -0.2929
vn -0.7374 0.3407 -0.5833
vn -0.7880 0.5139 -0.3391
vn -0.9572 0.2245 -0.1824
vn -0.9807 0.0838 -0.1767
vn -0.6852 0.5961 -0.4186
vn -0.5436 0.7640 -0.3475
vn -0.9220 0.3028 -0.2412
vn -0.7606 0.4544 -0.4636
vn -0.5287 0.6752 -0.5145
vn -0.3836 0.8171 -0.4304
vn 0.1782 -0.5061 0.8439
vn -0.2445 0.6940 -0.6772
vn 0.2871 0.8131 -0.5065
vn -0.9046 -0.4085 0.1220
vn -0.5560 -0.8305 0.0334
vn -0.9965 -0.0073 0.0835
vn -0.9998 -0.0002 0.0210
vn -0.0560 -0.9580 0.2813
vn -0.0250 -0.9992 -0.0304
vn 0.8652 -0.1616 0.4747
vn 0.7819 -0.1233 0.6111
vn 0.7927 -0.2006 0.5757
vn 0.8152 -0.0311 0.5783
vn 0.8614 -0.4800 -0.1663
vn 0.8665 -0.4666 -0.1771
vn 0.8820 -0.4291 -0.1948
vn -1.0000 -0.0036 -0.0078
vn -0.9970 0.0318 -0.0705
vn -0.9950 -0.0902 0.0419
vn -0.6187 0.2372 0.7489
vn -0.6172 0.2524 0.7452
vn -0.6079 0.2999 0.7352
vn -0.5579 -0.8092 0.1841
vn 0.9257 -0.3582 0.1215
vn 0.8759 -0.4330 0.2129
vn 0.9658 -0.2317 0.1164
vn 0.9621 -0.2294 0.1471
vn -0.2300 -0.5902 -0.7738
vn -0.2066 -0.6292 -0.7492
vn -0.2159 -0.6741 -0.7064
vn 0.9352 0.3534 0.0243
vn 0.9181 0.3947 0.0374
vn 0.9245 0.3812 0.0005
vn 0.7184 -0.1421 -0.6809
vn 0.7136 -0.2571 -0.6517
vn 0.7391 -0.2199 -0.6367
vn -0.9687 -0.0022 -0.2482
vn -0.9759 -0.0502 -0.2125
vn -0.9695 -0.0712 -0.2345
vn -0.3594 0.7843 0.5056
vn -0.3651 0.8150 0.4500
vn -0.3546 0.8134 0.4612
vn 0.8079 0.5093 -0.2965
vn 0.7180 0.6402 -0.2731
vn 0.7076 0.6208 -0.3375
vn -0.3030 -0.3500 -0.8864
vn -0.3006 -0.4853 -0.8210
vn -0.2472 -0.5171 -0.8195
vn -0.1093 0.7273 -0.6775
vn -0.8475 0.2882 -0.4458
vn -0.6960 0.2902 -0.6567
vn 0.1786 0.5554 -0.8122
vn -0.9821 -0.1864 0.0259
vn -0.9853 -0.1690 0.0261
vn -0.9887 0.0865 -0.1224
vn 0.9533 0.2999 -0.0368
vn 0.7788 0.5258 -0.3421
vn 0.8643 0.4693 -0.1810
vn 0.9691 -0.2278 0.0947
vn 0.8171 -0.5724 0.0690
vn 0.9153 -0.2399 0.3236
vn 0.7498 -0.0626 0.6586
vn 0.6962 -0.2093 0.6866
vn -0.9870 0.0305 -0.1578
vn -0.9972 -0.0517 -0.0538
vn 0.7478 -0.6205 0.2361
vn 0.0391 -0.7281 0.6843
vn 0.0798 -0.9214 0.3804
vn 0.0908 -0.9170 0.3885
vn 0.0799 -0.9213 0.3805
vn 0.0688 -0.9255 0.3724
vn -0.1393 0.0842 -0.9867
vn -0.3661 0.0740 -0.9276
vn 0.1022 -0.1921 0.9760
vn -0.2251 -0.4324 -0.8731
vn -0.3222 -0.4096 -0.8535
vn -0.9725 -0.2233 -0.0656
vn 0.9107 0.3769 -0.1691
vn 0.7599 0.6254 -0.1772
vn 0.6670 0.7011 -0.2522
vn 0.8472 0.4730 -0.2421
vn 0.8388 0.4861 -0.2452
vn 0.2529 0.8532 -0.4561
vn 0.7064 0.6872 -0.1695
vn -0.3006 0.8278 -0.4738
vn -0.9907 -0.1304 -0.0379
vn 0.7727 -0.2835 0.5680
vn 0.7968 -0.3500 0.4926
vn 0.8498 -0.5047 -0.1517
vn 0.8503 -0.5061 -0.1446
vn -0.9877 0.0926 -0.1262
vn -0.9757 0.1017 -0.1943
vn -0.6232 0.2056 0.7546
vn -0.6214 0.2068 0.7557
vn -0.2360 -0.5456 -0.8041
vn -0.2748 -0.5076 -0.8166
vn -0.0002 -0.7240 -0.6898
vn -0.0003 -0.7494 -0.6622
vn 0.0015 0.9382 -0.3460
vn 0.0009 -0.0670 -0.9978
vn 0.6666 -0.0545 0.7434
vn 0.6194 -0.7846 -0.0285
vn -0.9670 0.0838 -0.2408
vn 0.0009 -0.0714 -0.9974
vn 0.0010 0.0192 -0.9998
vn 0.8374 0.4657 -0.2860
vn 0.9036 0.4283 0.0082
vn 0.0013 0.9997 -0.0228
vn 0.0008 0.9325 0.3612
vn 0.8006 0.3442 -0.4905
vn 0.9397 0.1174 -0.3211
vn 0.9008 0.4198 0.1111
vn 0.9087 0.4151 0.0440
vn 0.6580 -0.3293 -0.6772
vn 0.7074 -0.3134 -0.6336
vn -0.9681 -0.1056 -0.2272
vn -0.9540 -0.1129 -0.2776
vn -0.3859 0.8176 0.4273
vn -0.3674 0.8290 0.4215
vn -0.2159 -0.5940 -0.7749
vn -0.1389 -0.5741 -0.8070
vn 0.9921 -0.0219 -0.1236
vn 0.9931 -0.0081 -0.1167
vn 0.9908 -0.0358 -0.1305
vn -0.2145 -0.4036 -0.8895
vn -0.0015 -0.9411 0.3381
vn 0.6341 -0.7309 0.2524
vn 0.3867 -0.7088 0.5900
vn -0.0016 -0.7852 0.6193
vn 0.4500 -0.4145 0.7910
vn -0.0015 -0.5407 0.8412
vn 0.5243 -0.8503 0.0452
vn -0.0012 -1.0000 0.0082
vn 0.4493 -0.8885 -0.0930
vn -0.0012 -0.9972 -0.0745
vn 0.8245 -0.5620 -0.0666
vn -0.0010 -0.9681 -0.2507
vn 0.5883 -0.7597 -0.2770
vn 0.7917 -0.6054 -0.0825
vn -0.0013 -0.9986 0.0528
vn 0.8147 0.4097 -0.4103
vn 0.0015 0.8911 -0.4539
vn 0.0016 0.8554 -0.5180
vn 0.0015 0.9375 -0.3479
vn 0.0015 0.9193 -0.3936
vn 0.8202 -0.2784 -0.4997
vn 0.0015 0.5356 -0.8445
vn 0.7063 -0.7036 -0.0783
vn -0.0938 -0.9923 -0.0805
vn 0.1918 -0.9808 0.0354
vn -0.7572 -0.6439 0.1102
vn 0.2108 -0.2419 0.9471
vn 0.8909 0.3871 -0.2376
vn -0.5393 -0.7815 0.3138
vn -0.5333 -0.8204 0.2059
vn -0.0015 -0.9622 0.2723
vn -0.0015 -0.9273 0.3743
vn -0.5568 -0.7924 0.2491
vn -0.0014 -0.9692 0.2464
vn -0.0014 -0.9628 0.2701
vn -0.6303 -0.7419 0.2286
vn 0.0016 0.8087 -0.5883
vn 0.0016 0.7165 -0.6976
vn -0.1202 0.7083 -0.6956
vn 0.0503 0.8108 -0.5831
vn 0.0015 0.9542 -0.2990
vn 0.0015 0.9289 -0.3704
vn 0.3380 0.8662 -0.3681
vn 0.2202 0.9296 -0.2956
vn -0.0013 -0.9956 0.0934
vn -0.5231 -0.8495 0.0678
vn 0.0015 0.7083 -0.7059
vn -0.1569 0.6600 -0.7347
vn -0.9307 0.1634 -0.3271
vn -0.7238 0.3680 -0.5837
vn -0.9958 -0.0916 -0.0062
vn -0.9884 0.1429 -0.0513
vn -0.1270 0.8009 -0.5852
vn -0.4607 0.6497 -0.6047
vn -0.4753 0.7880 -0.3913
vn -0.4767 0.8358 -0.2725
vn -0.4823 -0.8386 0.2534
vn -0.0015 -0.9509 0.3096
vn 0.0015 0.8931 -0.4500
vn 0.2256 0.8731 -0.4322
vn -0.9378 -0.3470 0.0087
vn -0.3124 0.8406 -0.4424
vn -0.6470 -0.7548 0.1078
vn -0.0014 -0.9857 0.1687
vn 0.2454 0.9636 -0.1059
vn 0.0013 0.9947 -0.1024
vn -0.9897 -0.1279 0.0648
vn -0.4667 0.8786 -0.1012
vn -0.6177 -0.7710 0.1548
vn -0.0014 -0.9634 0.2682
vn 0.2613 0.9645 -0.0386
vn 0.0013 0.9989 -0.0475
vn -0.9129 -0.3925 0.1121
vn -0.4762 0.8792 -0.0160
vn -0.5204 0.8539 0.0084
vn 0.0013 0.9956 -0.0941
vn 0.0014 0.9857 -0.1682
vn -0.5122 0.8581 -0.0347
vn 0.0015 0.9297 -0.3683
vn -0.2916 0.9129 -0.2856
vn -0.5923 0.8044 -0.0457
vn -0.6747 0.7263 0.1318
vn -0.7823 0.6063 0.1427
vn -0.8350 0.4882 0.2538
vn -0.8746 0.4587 0.1567
vn -0.8601 0.4302 0.2743
vn -0.6532 0.7454 0.1331
vn -0.7861 0.5502 0.2815
vn -0.8563 0.2936 0.4249
vn -0.5504 0.7349 -0.3963
vn -0.7229 0.3610 -0.5892
vn -0.8040 0.4182 -0.4228
vn -0.4811 0.7508 -0.4527
vn -0.3112 0.8458 -0.4333
vn -0.3746 0.8852 -0.2758
vn 0.0015 0.9352 -0.3542
vn 0.0015 0.8782 -0.4783
vn -0.9702 -0.0818 -0.2280
vn -0.7968 0.4665 -0.3841
vn -0.9157 0.0118 -0.4017
vn -0.7258 0.6078 -0.3222
vn -0.7761 0.4281 -0.4630
vn 0.0015 0.9533 -0.3022
vn 0.0014 1.0000 0.0009
vn -0.4024 0.9130 -0.0677
vn -0.3157 0.8936 -0.3191
vn -0.8745 0.1790 -0.4508
vn -0.4973 0.8097 -0.3117
vn -0.5134 0.7014 -0.4944
vn -0.4863 0.7118 -0.5068
vn 0.0016 0.8309 -0.5564
vn 0.0016 0.8249 -0.5653
vn -0.6283 -0.4843 -0.6089
vn -0.7615 -0.5017 -0.4102
vn -0.5783 -0.7232 -0.3774
vn -0.5261 -0.5308 -0.6644
vn -0.9626 0.1074 -0.2487
vn -0.9038 -0.1206 -0.4105
vn -0.8167 0.0393 -0.5757
vn -0.8355 0.3410 -0.4309
vn -0.8463 0.4304 -0.3139
vn -0.8087 0.4272 -0.4043
vn -0.4343 -0.6929 -0.5756
vn -0.6249 -0.7059 -0.3335
vn -0.0009 -0.9520 -0.3062
vn -0.0006 -0.8633 -0.5046
vn -0.2207 -0.8097 -0.5438
vn -0.4897 -0.6600 -0.5698
vn 0.0016 0.8843 -0.4668
vn -0.5572 0.7155 -0.4214
vn -0.7099 0.4594 -0.5338
vn -0.6349 -0.5404 -0.5522
vn -0.8293 -0.1652 -0.5338
vn -0.6916 0.3382 -0.6382
vn -0.0006 -0.8668 -0.4987
vn 0.0016 0.8086 -0.5884
vn -0.4154 0.7521 -0.5117
vn -0.6509 -0.7569 -0.0576
vn -0.9099 -0.3414 -0.2357
vn -0.9538 -0.2781 -0.1135
vn -0.9815 0.1600 -0.1049
vn -0.8037 0.5299 -0.2708
vn -0.0014 -0.9912 0.1325
vn -0.6253 -0.7804 -0.0028
vn -0.7345 -0.2044 -0.6471
vn -0.7727 0.2186 -0.5959
vn -0.9328 -0.0629 -0.3547
vn -0.8651 -0.3015 -0.4009
vn -0.7149 -0.2780 -0.6416
vn -0.8666 -0.3274 -0.3766
vn -0.6442 -0.6108 -0.4604
vn -0.5810 -0.5312 -0.6167
vn -0.4798 -0.4432 -0.7572
vn -0.5307 -0.7128 -0.4586
vn 0.0022 -0.5654 -0.8248
vn 0.0006 -0.2787 -0.9604
vn -0.5983 0.5135 -0.6152
vn -0.4118 0.6731 -0.6143
vn -0.4902 0.8213 -0.2919
vn -0.8327 0.5200 -0.1904
vn 0.0016 0.7070 -0.7072
vn 0.0015 0.9637 -0.2671
vn -0.6262 0.0718 -0.7763
vn -0.5950 0.4470 -0.6680
vn -0.5634 -0.3154 -0.7636
vn -0.5538 -0.5103 -0.6580
vn -0.6213 -0.3968 -0.6757
vn -0.5874 -0.1231 -0.7999
vn 0.0003 -0.4839 -0.8751
vn -0.4497 0.6196 -0.6433
vn 0.0016 0.7300 -0.6834
vn -0.8783 -0.3222 -0.3532
vn -0.8902 -0.1154 -0.4407
vn -0.8588 -0.4479 -0.2488
vn 0.0029 -0.9626 -0.2711
vn -0.6246 -0.7382 -0.2548
vn -0.7381 -0.6166 -0.2739
vn -0.9368 -0.2078 -0.2815
vn -0.8209 0.5698 0.0388
vn 0.0443 0.9974 0.0577
vn -0.9267 0.3660 -0.0851
vn 0.0014 0.9802 -0.1980
vn -0.4589 0.8871 0.0491
vn -0.8587 0.5104 0.0461
vn -0.4184 0.6932 -0.5869
vn -0.8192 0.2237 -0.5281
vn -0.9480 -0.0588 -0.3127
vn -0.2963 0.7039 -0.6455
vn -0.1860 0.9783 0.0909
vn 0.1305 0.9334 -0.3342
vn -0.7009 0.5036 -0.5052
vn -0.8657 0.3013 -0.3998
vn -0.2578 0.5852 -0.7688
vn -0.8873 -0.4230 0.1838
vn -0.3764 0.4866 -0.7884
vn -0.0746 0.0919 -0.9930
vn -0.4321 -0.5265 -0.7322
vn -0.8116 -0.2776 -0.5141
vn -0.9392 -0.2463 0.2394
vn -0.9885 0.0121 0.1510
vn -0.5953 -0.4052 0.6938
vn -0.9960 -0.0026 -0.0894
vn -0.4620 0.2962 -0.8359
vn -0.6921 -0.1766 -0.6998
vn -0.3749 -0.8986 -0.2279
vn -0.8148 -0.4847 0.3182
vn -0.6316 -0.7744 0.0368
vn -0.7660 -0.3105 -0.5629
vn -0.7398 -0.2867 -0.6087
vn -0.7252 -0.1349 -0.6752
vn -0.5337 -0.2161 -0.8176
vn -0.7397 -0.5801 -0.3409
vn -0.8409 -0.4025 -0.3617
vn -0.6339 -0.7639 -0.1213
vn -0.5521 -0.6134 -0.5648
vn -0.9267 -0.0015 -0.3759
vn -0.7954 -0.5743 -0.1938
vn -0.9238 0.0792 -0.3747
vn -0.4853 0.8363 -0.2552
vn -0.0661 -0.5654 -0.8222
vn -0.3991 0.6395 -0.6571
vn 0.1624 0.6452 -0.7465
vn -0.9497 -0.0981 -0.2975
vn -0.5643 -0.8255 -0.0001
vn 0.5582 -0.3755 -0.7399
vn 0.3165 -0.9070 -0.2778
vn -0.4345 -0.6639 -0.6087
vn -0.6226 -0.5839 -0.5210
vn -0.5570 -0.4386 -0.7052
vn -0.2583 -0.7790 -0.5713
vn -0.7486 0.4138 0.5180
vn -0.4497 0.4161 0.7903
vn -0.1500 0.8674 0.4744
vn -0.7014 -0.4931 -0.5147
vn -0.6999 -0.5343 -0.4740
vn -0.8456 -0.4874 -0.2179
vn -0.9212 -0.2844 -0.2655
vn -0.6964 -0.4247 -0.5785
vn -0.7496 -0.3444 -0.5653
vn 0.4025 0.4292 -0.8086
vn -0.4605 -0.0762 -0.8844
vn -0.2759 -0.1800 -0.9442
vn -0.4825 0.0209 -0.8757
vn -0.2785 -0.0626 -0.9584
vn -0.2289 0.0626 -0.9714
vn -0.6379 -0.4541 -0.6220
vn -0.5395 -0.1122 -0.8345
vn -0.8053 -0.1338 -0.5775
vn -0.2870 0.9475 -0.1412
vn -0.5147 -0.7144 0.4740
vn 0.3893 0.2689 0.8810
vn 0.5022 -0.6746 0.5409
vn -0.5040 -0.6433 0.5764
vn -0.8121 -0.5823 0.0367
vn 0.1923 -0.8978 0.3961
vn -0.7566 0.1747 -0.6301
vn 0.3478 0.8580 -0.3780
vn 0.2937 0.9168 -0.2705
vn -0.5703 -0.0384 -0.8205
vn -0.9004 0.0708 -0.4293
vn -0.8496 -0.4754 -0.2284
vn -0.9459 -0.3243 -0.0083
vn 0.5479 0.6143 -0.5679
vn -0.7169 0.4788 -0.5069
vn 0.4031 0.8405 -0.3621
vn 0.9031 0.4215 -0.0825
vn 0.3042 0.9408 -0.1496
vn 0.5374 0.8035 -0.2560
vn 0.9947 -0.0165 -0.1019
vn 0.9492 0.3128 -0.0336
vn 0.9602 -0.2341 0.1523
vn 0.8928 -0.4296 0.1356
vn -0.6791 -0.1949 -0.7077
vn -0.4813 -0.6260 -0.6135
vn -0.8078 -0.5442 -0.2267
vn -0.8711 -0.0415 -0.4893
vn -0.9812 -0.0130 -0.1926
vn -0.9387 0.0370 -0.3427
vn -0.4284 0.7678 -0.4764
vn -0.4191 0.0319 -0.9074
vn -0.6643 -0.2258 -0.7125
vn -0.9018 0.2704 -0.3372
vn -0.2564 -0.2027 -0.9451
vn -0.8420 -0.1439 -0.5200
vn 0.2157 -0.5419 -0.8123
vn -0.7083 -0.1596 -0.6877
vn -0.9373 0.0282 -0.3474
vn -0.8177 -0.1411 -0.5581
vn -0.6557 -0.1910 -0.7305
vn -0.8126 0.3254 -0.4834
vn -0.6754 0.1661 -0.7185
vn 0.3061 -0.5983 -0.7405
vn -0.6506 -0.4384 -0.6201
vn -0.3101 0.3303 -0.8915
vn -0.1740 -0.3648 -0.9147
vn -0.8140 0.3336 -0.4755
vn -0.8646 0.0346 -0.5013
vn -0.9472 0.0054 -0.3206
vn 0.1780 -0.9707 -0.1614
vn -0.8777 -0.2474 -0.4103
vn -0.7783 -0.0795 -0.6228
vn -0.7389 0.0615 -0.6710
vn -0.8433 0.1825 -0.5055
vn -0.8753 -0.0595 -0.4799
vn -0.0561 0.2768 -0.9593
vn 0.1731 0.3040 -0.9368
vn 0.1663 0.4283 -0.8882
vn -0.7520 0.4226 -0.5059
vn -0.2368 0.6629 -0.7103
vn -0.3628 0.8157 -0.4506
vn -0.8336 0.3428 -0.4332
vn -0.3736 0.5363 -0.7569
vn -0.2954 -0.6125 -0.7332
vn 0.9947 -0.1019 0.0168
vn 0.4275 0.6142 -0.6633
vn 0.7267 -0.5489 0.4129
vn 0.8002 -0.3774 0.4661
vn 0.9579 -0.1844 0.2202
vn 0.1109 -0.9412 0.3191
vn 0.1243 -0.8856 0.4474
vn -0.2174 -0.6933 -0.6870
vn 0.1404 -0.8493 -0.5089
vn 0.2416 -0.8311 0.5010
vn 0.3227 -0.8392 0.4377
vn -0.7665 -0.6422 -0.0064
vn 0.5385 -0.6256 0.5644
vn 0.3143 -0.8667 0.3874
vn 0.8415 -0.0840 0.5337
vn -0.5370 0.6202 -0.5719
vn -0.9034 0.1234 -0.4106
vn -0.9480 -0.1395 -0.2861
vn -0.9853 -0.0534 -0.1624
vn -0.9278 -0.0992 -0.3597
vn -0.7955 -0.1383 -0.5900
vn -0.8247 0.2495 -0.5076
vn -0.8840 0.1910 -0.4268
vn -0.1624 0.8296 -0.5342
vn -0.7493 0.3570 -0.5578
vn 0.3517 0.9355 0.0334
vn 0.2320 0.8513 -0.4706
vn -0.2032 0.8195 -0.5358
vn -0.1898 0.8784 -0.4387
vn -0.1948 0.9249 -0.3265
vn -0.3461 0.7439 -0.5717
vn -0.2430 0.8355 -0.4928
vn -0.5399 0.5752 -0.6146
vn -0.7273 0.4923 -0.4782
vn -0.3302 0.7761 -0.5372
vn -0.0274 0.8977 -0.4398
vn -0.8193 0.4183 -0.3921
vn -0.7811 0.5881 -0.2097
vn -0.6887 0.6456 -0.3300
vn -0.6617 0.7303 -0.1698
vn -0.6992 0.6291 -0.3397
vn -0.6251 0.6284 -0.4631
vn -0.7740 0.6129 -0.1589
vn -0.7342 -0.2360 0.6366
vn -0.9219 -0.3643 0.1319
vn -0.7801 -0.5938 0.1969
vn -0.4411 0.7142 -0.5434
vn -0.5540 0.6571 -0.5112
vn -0.5084 0.6503 -0.5644
vn -0.2760 0.7836 -0.5566
vn -0.8745 -0.4785 0.0793
vn 0.3795 0.5501 -0.7439
vn -0.2213 0.6758 -0.7031
vn -0.6705 0.4393 -0.5978
vn -0.4286 0.7720 -0.4694
vn -0.6563 0.4602 -0.5979
vn -0.3998 0.5684 -0.7191
vn -0.5112 0.5097 -0.6920
vn -0.9024 -0.0140 -0.4307
vn 0.6966 0.5381 -0.4745
vn -0.2643 0.5262 -0.8083
vn 0.0771 0.7390 -0.6693
vn 0.2597 -0.0611 0.9638
vn -0.3947 0.5698 -0.7207
vn -0.3319 0.6209 -0.7102
vn -0.5103 0.5941 -0.6218
vn -0.5163 0.5439 -0.6615
vn -0.5124 0.6907 -0.5103
vn -0.7270 -0.1993 -0.6571
vn -0.6219 -0.5040 -0.5994
vn -0.6013 -0.4350 -0.6703
vn -0.6440 -0.2208 -0.7325
vn -0.5875 0.5515 -0.5922
vn -0.7949 -0.3881 -0.4664
vn -0.5994 -0.6668 -0.4429
vn -0.4175 -0.6268 -0.6579
vn -0.5093 -0.5483 -0.6633
vn -0.6694 0.0646 -0.7401
vn -0.6375 0.4011 -0.6579
vn -0.3745 0.1870 -0.9082
vn -0.4300 -0.5448 -0.7200
vn -0.2854 -0.8993 -0.3314
vn -0.0927 -0.9943 -0.0533
vn -0.8077 -0.3452 -0.4780
vn -0.9103 -0.2813 -0.3036
vn -0.8481 -0.4845 -0.2144
vn -0.9154 -0.3392 -0.2169
vn -0.8385 0.0957 -0.5365
vn -0.6988 0.0927 -0.7093
vn -0.7168 0.1473 -0.6816
vn -0.8236 -0.0635 -0.5636
vn -0.6997 -0.2562 -0.6669
vn -0.5065 -0.0708 -0.8593
vn 0.0016 0.7536 -0.6573
vn 0.0015 0.9438 -0.3304
vn 0.0014 0.4789 -0.8779
vn 0.0015 0.9093 -0.4161
vn 0.0016 0.8193 -0.5734
vn 0.0006 -0.2494 -0.9684
vn -0.2752 0.0026 -0.9614
vn 0.3540 0.9201 0.1677
vn -0.0945 0.7462 -0.6590
vn 0.0016 0.7559 -0.6547
vn 0.0016 0.7433 -0.6690
vn 0.0015 0.9396 -0.3421
vn 0.0016 0.7397 -0.6729
vn 0.0014 0.4177 -0.9086
vn 0.0015 0.6177 -0.7864
vn 0.0015 0.6172 -0.7868
vn -0.0012 -0.1630 0.9866
vn 0.0148 0.8954 -0.4450
vn 0.0015 0.8886 -0.4588
vn 0.0012 0.9986 0.0521
vn 0.4861 0.8629 0.1383
vn 0.0016 0.7521 -0.6591
vn 0.0015 0.6565 -0.7544
vn 0.0001 -0.5692 -0.8222
vn 0.0005 -0.3157 -0.9489
vn 0.0014 0.4521 -0.8919
vn -0.7710 -0.3414 -0.5377
vn -0.5949 0.5573 -0.5793
vn -0.8121 -0.5821 0.0404
vn -0.7293 -0.5997 0.3294
vn -0.0009 -0.9444 -0.3289
vn -0.5737 -0.8082 -0.1330
vn -0.5453 -0.6683 -0.5059
vn -0.0002 -0.7091 -0.7051
vn -0.8012 -0.5882 -0.1101
vn -0.0012 -0.9999 -0.0148
vn -0.0005 -0.8519 -0.5236
vn 0.8764 0.4713 -0.0988
vn 0.7506 0.6311 -0.1958
vn 0.6245 0.7373 -0.2576
vn -0.9466 -0.2914 -0.1382
vn -0.8264 -0.5562 0.0878
vn 0.5869 0.7777 -0.2252
vn 0.5034 0.7782 -0.3754
vn 0.3701 0.7490 -0.5496
vn -0.0015 -0.8731 0.4875
vn 0.1704 0.6991 -0.6944
vn 0.7773 0.5748 -0.2557
vn -0.0816 0.6611 -0.7458
vn -0.5288 -0.7626 0.3726
vn -0.6770 -0.5251 -0.5157
vn 0.0628 -0.3649 -0.9289
vn -0.4585 -0.5773 -0.6756
vn -0.0002 -0.7195 -0.6945
vn 0.0002 -0.5095 -0.8605
vn 0.6969 0.7172 0.0017
vn -0.5259 0.5697 -0.6316
vn -0.8625 -0.2600 -0.4342
vn -0.8703 0.2212 -0.4401
vn -0.7213 0.0504 -0.6908
vn -0.2406 0.8941 -0.3778
vn -0.9753 0.0669 -0.2106
vn -0.5994 -0.7866 -0.1481
vn -0.9814 -0.0714 -0.1782
vn -0.0001 -0.6419 -0.7668
vn -0.0507 -0.6466 -0.7611
vn -0.9532 -0.1345 -0.2708
vn -0.8631 -0.1430 -0.4844
vn 0.0004 -0.3644 -0.9312
vn 0.4905 0.7732 -0.4020
vn -0.7479 0.4852 -0.4531
vn -0.0014 -0.9644 0.2644
vn 0.0015 0.6950 -0.7190
vn 0.0014 0.5055 -0.8629
vn 0.8446 0.2477 -0.4747
vn 0.6246 0.3635 -0.6912
vn 0.8806 -0.4232 -0.2133
vn 0.8535 -0.2513 -0.4564
vn -0.5908 0.3524 -0.7258
vn -0.8990 0.2215 -0.3777
vn -0.7172 0.1323 -0.6842
vn -0.4813 0.7913 -0.3771
vn -0.4357 0.8410 -0.3208
vn 0.0026 0.9257 -0.3783
vn 0.0080 0.8967 -0.4425
vn -0.7164 -0.4836 -0.5029
vn -0.5696 -0.4800 -0.6672
vn -0.6630 -0.1934 -0.7232
vn -0.8903 -0.1128 -0.4412
vn -0.6276 0.5557 -0.5452
vn -0.8085 0.5029 -0.3056
vn -0.0008 -0.9240 -0.3824
vn -0.0021 -0.9965 0.0839
vn -0.3299 -0.9422 -0.0593
vn -0.3635 -0.8119 -0.4568
vn -0.4676 0.7167 -0.5174
vn -0.3163 0.8022 -0.5064
vn -0.4591 -0.7906 -0.4052
vn -0.5212 -0.6892 -0.5033
vn -0.6623 -0.5655 -0.4915
vn -0.8702 -0.0301 -0.4918
vn -0.6239 0.4236 -0.6568
vn 0.0020 0.8960 -0.4440
vn -0.8826 -0.4027 -0.2426
vn -0.6655 -0.6637 -0.3415
vn -0.0007 -0.8953 -0.4456
vn -0.5143 -0.8212 -0.2471
vn -0.9428 -0.1416 -0.3016
vn -0.0038 -0.9852 0.1713
vn -0.2414 -0.9442 0.2240
vn -0.4883 0.6234 -0.6107
vn -0.3005 0.6940 -0.6542
vn -0.9318 -0.2005 -0.3026
vn -0.7506 0.2574 -0.6086
vn 0.0016 0.7102 -0.7040
vn -0.6308 -0.7291 -0.2654
vn -0.9288 -0.3582 0.0951
vn -0.4921 -0.8688 0.0543
vn -0.9521 -0.2760 -0.1314
vn -0.8394 -0.5414 -0.0477
vn -0.7041 -0.6634 -0.2534
vn -0.6449 -0.6982 -0.3108
vn -0.0034 -0.9783 -0.2073
vn -0.8026 0.4903 -0.3397
vn -0.9831 0.1812 -0.0275
vn -0.4764 0.8074 -0.3479
vn -0.9980 -0.0315 -0.0541
vn 0.0153 0.9051 -0.4249
vn 0.0014 0.9733 -0.2294
vn -0.4370 0.8787 -0.1919
vn -0.4868 0.8718 -0.0542
vn 0.0014 0.9835 -0.1809
vn 0.0016 0.9387 -0.3446
vn -0.3701 0.8986 -0.2356
vn -0.8811 0.4542 -0.1314
vn -0.6283 0.7687 -0.1197
vn -0.6780 0.7009 -0.2214
vn -0.8355 0.4232 -0.3504
vn -0.8582 0.5030 -0.1021
vn -0.8038 0.3873 -0.4516
vn -0.8873 0.4349 -0.1536
vn -0.5723 0.8196 0.0273
vn -0.9749 0.2060 0.0843
vn -0.3131 0.9139 -0.2583
vn 0.0018 0.9600 -0.2799
vn -0.8356 0.4240 -0.3494
vn -0.8809 0.2327 -0.4122
vn -0.4918 0.8273 -0.2714
vn 0.0012 0.9978 0.0663
vn -0.5136 0.8520 0.1015
vn -0.5019 0.8637 0.0463
vn 0.0011 0.9958 0.0916
vn -0.6745 0.7083 0.2080
vn -0.7106 0.6989 0.0809
vn -0.8263 0.4867 0.2834
vn -0.8667 0.4780 0.1427
vn 0.0012 0.9996 0.0297
vn -0.3949 0.9148 0.0844
vn -0.5715 0.7906 0.2201
vn -0.7604 0.4666 0.4517
vn -0.8103 0.3970 0.4311
vn -0.8950 0.3709 0.2480
vn -0.7982 0.3377 0.4988
vn -0.8589 -0.0264 -0.5115
vn -0.8259 0.0758 -0.5587
vn 0.2786 -0.9390 0.2018
vn 0.3200 -0.8842 0.3403
vn 0.8976 -0.4368 -0.0599
vn 0.6684 -0.7361 -0.1069
vn 0.1695 -0.9759 0.1374
vn 0.4629 -0.6695 0.5810
vn -0.7267 -0.5713 0.3814
vn -0.4266 -0.6024 0.6746
vn -0.2752 -0.8315 0.4826
vn 0.8761 0.0094 -0.4820
vn 0.9078 0.0014 -0.4193
vn 0.8371 -0.1104 -0.5357
vn -0.1766 -0.1916 0.9654
vn -0.5420 -0.3131 0.7799
vn 0.1545 -0.4225 -0.8931
vn 0.1812 -0.4544 -0.8722
vn 0.8276 -0.4642 -0.3157
vn 0.3895 -0.8907 0.2344
vn 0.9058 -0.1722 0.3871
vn 0.9017 -0.1617 0.4009
vn 0.4059 -0.8875 -0.2181
vn -0.9505 -0.2829 0.1283
vn -0.8573 -0.3497 0.3779
vn -0.3192 -0.8295 0.4582
vn 0.1468 -0.9779 -0.1488
vn 0.3478 -0.6969 0.6272
vn 0.5875 -0.7224 0.3646
vn 0.8972 -0.4323 0.0904
vn 0.7081 -0.5870 0.3924
vn 0.6508 -0.7508 0.1131
vn 0.8948 -0.4314 -0.1154
vn 0.8923 0.2163 -0.3963
vn 0.2694 0.8197 -0.5055
vn 0.0511 0.5759 -0.8159
vn 0.7623 0.1643 -0.6260
vn 0.9095 -0.2966 -0.2914
vn 0.8893 -0.4450 -0.1055
vn 0.4594 -0.7786 -0.4276
vn 0.7660 0.0782 -0.6381
vn -0.0305 0.9619 -0.2716
vn 0.3533 0.8414 -0.4090
vn 0.0574 0.9935 0.0987
vn -0.4640 0.8799 -0.1024
vn 0.0593 0.2577 -0.9644
vn -0.0903 0.5494 -0.8307
vn 0.0302 0.9722 -0.2324
vn 0.1533 -0.6101 -0.7773
vn 0.4649 0.4980 -0.7320
vn 0.4370 0.8940 -0.0985
vn 0.5703 0.3495 -0.7433
vn 0.7393 0.3389 -0.5819
vn 0.9508 0.1058 -0.2910
vn 0.7899 0.5119 -0.3376
vn 0.6874 0.5944 -0.4173
vn 0.9812 0.0813 -0.1748
vn 0.9581 0.2221 -0.1806
vn 0.9232 0.3005 -0.2394
vn 0.5461 0.7627 -0.3465
vn 0.7626 0.4526 -0.4622
vn 0.5313 0.6738 -0.5135
vn 0.3864 0.8161 -0.4296
vn -0.1811 -0.5056 0.8435
vn 0.2475 0.6934 -0.6767
vn -0.2841 0.8138 -0.5070
vn 0.9033 -0.4107 0.1237
vn 0.9997 -0.0026 0.0229
vn 0.9963 -0.0098 0.0854
vn 0.5539 -0.8319 0.0345
vn 0.0226 -0.9993 -0.0303
vn 0.0531 -0.9581 0.2814
vn -0.8665 -0.1595 0.4730
vn -0.7834 -0.1213 0.6095
vn -0.8164 -0.0291 0.5768
vn -0.7943 -0.1986 0.5741
vn -0.8622 -0.4778 -0.1680
vn -0.8827 -0.4269 -0.1965
vn -0.8673 -0.4645 -0.1788
vn 1.0000 -0.0061 -0.0059
vn 0.9947 -0.0926 0.0438
vn 0.9972 0.0293 -0.0686
vn 0.6179 0.2357 0.7501
vn 0.6072 0.2984 0.7364
vn 0.6164 0.2509 0.7464
vn 0.5556 -0.8106 0.1852
vn -0.9268 -0.3559 0.1197
vn -0.9630 -0.2270 0.1452
vn -0.9666 -0.2293 0.1146
vn -0.8773 -0.4309 0.2112
vn 0.2300 -0.5908 -0.7733
vn 0.2156 -0.6747 -0.7059
vn 0.2065 -0.6298 -0.7488
vn -0.9343 0.3557 0.0225
vn -0.9235 0.3835 -0.0012
vn -0.9171 0.3970 0.0357
vn -0.7175 -0.1403 -0.6823
vn -0.7384 -0.2181 -0.6381
vn -0.7130 -0.2554 -0.6530
vn 0.9692 -0.0046 -0.2464
vn 0.9698 -0.0735 -0.2326
vn 0.9761 -0.0526 -0.2106
vn 0.3603 0.7835 0.5063
vn 0.3557 0.8125 0.4619
vn 0.3662 0.8141 0.4507
vn -0.8061 0.5113 -0.2980
vn -0.7054 0.6225 -0.3389
vn -0.7159 0.6420 -0.2745
vn 0.3038 -0.3507 -0.8858
vn 0.2475 -0.5177 -0.8190
vn 0.3010 -0.4860 -0.8205
vn 0.1123 0.7270 -0.6773
vn -0.1756 0.5559 -0.8125
vn 0.6980 0.2885 -0.6554
vn 0.8491 0.2861 -0.4441
vn 0.9848 -0.1714 0.0280
vn 0.9816 -0.1888 0.0278
vn 0.9892 0.0840 -0.1205
vn -0.9524 0.3023 -0.0386
vn -0.8628 0.4714 -0.1827
vn -0.7768 0.5277 -0.3436
vn -0.9698 -0.2254 0.0928
vn -0.8186 -0.5703 0.0674
vn -0.9165 -0.2377 0.3219
vn -0.7513 -0.0607 0.6572
vn -0.6981 -0.2075 0.6853
vn 0.9874 0.0280 -0.1559
vn 0.9972 -0.0542 -0.0518
vn -0.7498 -0.6187 0.2346
vn -0.0422 -0.7280 0.6843
vn -0.0829 -0.9211 0.3803
vn -0.0718 -0.9253 0.3723
vn -0.0828 -0.9211 0.3803
vn -0.0939 -0.9168 0.3883
vn 0.1414 0.0839 -0.9864
vn 0.3681 0.0731 -0.9269
vn -0.1046 -0.1918 0.9758
vn 0.3228 -0.4104 -0.8529
vn 0.2257 -0.4330 -0.8727
vn 0.9721 -0.2257 -0.0637
vn -0.9094 0.3792 -0.1709
vn -0.6648 0.7027 -0.2535
vn -0.7580 0.6273 -0.1787
vn -0.8455 0.4751 -0.2437
vn -0.8372 0.4881 -0.2468
vn -0.7044 0.6889 -0.1708
vn -0.2499 0.8538 -0.4567
vn 0.3036 0.8270 -0.4732
vn 0.9905 -0.1328 -0.0360
vn -0.7986 -0.3481 0.4911
vn -0.7745 -0.2816 0.5665
vn -0.8508 -0.5026 -0.1535
vn -0.8512 -0.5040 -0.1462
vn 0.9763 0.0993 -0.1924
vn 0.9881 0.0901 -0.1243
vn 0.6222 0.2040 0.7558
vn 0.6204 0.2053 0.7569
vn 0.2363 -0.5462 -0.8037
vn 0.2751 -0.5083 -0.8161
vn -0.6682 -0.0529 0.7421
vn -0.6213 -0.7830 -0.0298
vn 0.9676 0.0814 -0.2389
vn -0.8357 0.4678 -0.2876
vn -0.9025 0.4305 0.0065
vn -0.7988 0.3462 -0.4920
vn -0.9388 0.1197 -0.3229
vn -0.9078 0.4173 0.0423
vn -0.9000 0.4220 0.1094
vn -0.7069 -0.3116 -0.6349
vn -0.6575 -0.3277 -0.6784
vn 0.9683 -0.1080 -0.2253
vn 0.9543 -0.1153 -0.2758
vn 0.3686 0.8281 0.4222
vn 0.3871 0.8167 0.4281
vn 0.2159 -0.5946 -0.7745
vn 0.1390 -0.5744 -0.8067
vn -0.9919 -0.0193 -0.1254
vn -0.9906 -0.0334 -0.1324
vn -0.9919 -0.0194 -0.1255
vn -0.9929 -0.0056 -0.1186
vn 0.2152 -0.4041 -0.8890
vn -0.3895 -0.7079 0.5892
vn -0.6364 -0.7293 0.2512
vn -0.4525 -0.4134 0.7901
vn -0.5265 -0.8490 0.0442
vn -0.4513 -0.8874 -0.0939
vn -0.8257 -0.5599 -0.0682
vn -0.7930 -0.6034 -0.0841
vn -0.5897 -0.7582 -0.2781
vn -0.8129 0.4117 -0.4119
vn -0.8199 -0.2764 -0.5013
vn -0.7079 -0.7018 -0.0797
vn 0.0915 -0.9926 -0.0803
vn -0.1943 -0.9803 0.0351
vn 0.7554 -0.6457 0.1117
vn -0.2132 -0.2414 0.9467
vn -0.8895 0.3893 -0.2393
vn 0.5368 -0.7828 0.3148
vn 0.5309 -0.8218 0.2070
vn 0.5543 -0.7938 0.2502
vn 0.5799 -0.7786 0.2397
vn -0.0471 0.8109 -0.5832
vn 0.1232 0.7080 -0.6954
vn -0.2173 0.9301 -0.2960
vn -0.3351 0.8670 -0.3688
vn 0.5210 -0.8508 0.0687
vn 0.1599 0.6596 -0.7344
vn 0.9318 0.1611 -0.3254
vn 0.7258 0.3662 -0.5823
vn 0.9927 -0.1205 0.0011
vn 0.9986 0.0492 -0.0219
vn 0.1301 0.8006 -0.5849
vn 0.4634 0.6486 -0.6039
vn 0.4959 0.7822 -0.3772
vn 0.5395 0.8003 -0.2616
vn 0.4797 -0.8398 0.2543
vn -0.2226 0.8737 -0.4326
vn 0.9369 -0.3493 0.0105
vn 0.3154 0.8398 -0.4418
vn 0.6449 -0.7564 0.1090
vn -0.2428 0.9642 -0.1064
vn 0.9843 -0.1588 0.0774
vn 0.4918 0.8642 -0.1064
vn 0.6155 -0.7726 0.1560
vn -0.2589 0.9651 -0.0391
vn 0.9117 -0.3947 0.1138
vn 0.4784 0.8780 -0.0151
vn 0.5226 0.8526 0.0094
vn 0.5144 0.8569 -0.0337
vn 0.2945 0.9122 -0.2850
vn 0.5988 0.7998 -0.0420
vn 0.6779 0.7230 0.1328
vn 0.8393 0.4873 0.2412
vn 0.7972 0.5855 0.1470
vn 0.8591 0.4556 0.2333
vn 0.8825 0.4551 0.1186
vn 0.6547 0.7438 0.1344
vn 0.7868 0.5485 0.2830
vn 0.8558 0.2924 0.4267
vn 0.5529 0.7336 -0.3953
vn 0.4839 0.7496 -0.4517
vn 0.8108 0.4114 -0.4164
vn 0.7242 0.3603 -0.5880
vn 0.3141 0.8450 -0.4327
vn 0.3774 0.8842 -0.2751
vn 0.9740 -0.1160 -0.1945
vn 0.9190 0.0080 -0.3941
vn 0.8036 0.4573 -0.3809
vn 0.7786 0.4261 -0.4606
vn 0.7277 0.6061 -0.3210
vn 0.3185 0.8928 -0.3186
vn 0.4048 0.9120 -0.0670
vn 0.8742 0.1788 -0.4515
vn 0.4999 0.8084 -0.3108
vn 0.5161 0.7002 -0.4934
vn 0.4890 0.7106 -0.5058
vn 0.6283 -0.4858 -0.6076
vn 0.5270 -0.5040 -0.6843
vn 0.5773 -0.7247 -0.3763
vn 0.7611 -0.5036 -0.4088
vn 0.9634 0.1050 -0.2468
vn 0.8372 0.3389 -0.4292
vn 0.8180 0.0372 -0.5741
vn 0.9044 -0.1229 -0.4087
vn 0.8480 0.4283 -0.3123
vn 0.8106 0.4252 -0.4027
vn 0.3938 -0.6987 -0.5972
vn 0.6238 -0.7074 -0.3323
vn 0.4326 -0.6410 -0.6340
vn 0.1488 -0.8239 -0.5468
vn 0.5598 0.7141 -0.4203
vn 0.7121 0.4576 -0.5324
vn 0.8300 -0.1673 -0.5321
vn 0.6506 -0.5065 -0.5659
vn 0.6938 0.3365 -0.6368
vn 0.4183 0.7510 -0.5109
vn 0.6492 -0.7586 -0.0563
vn 0.9095 -0.3437 -0.2340
vn 0.9534 -0.2804 -0.1116
vn 0.9821 0.1576 -0.1030
vn 0.8055 0.5279 -0.2693
vn 0.6233 -0.7820 -0.0017
vn 0.7328 -0.2221 -0.6432
vn 0.8512 -0.3353 -0.4038
vn 0.9255 -0.1020 -0.3647
vn 0.7696 0.2089 -0.6033
vn 0.6925 -0.2675 -0.6701
vn 0.5409 -0.4876 -0.6853
vn 0.6351 -0.5882 -0.5006
vn 0.8599 -0.3403 -0.3805
vn 0.4873 -0.4219 -0.7645
vn 0.5611 -0.7007 -0.4406
vn 0.5993 0.5090 -0.6178
vn 0.8486 0.4980 -0.1784
vn 0.4989 0.8161 -0.2916
vn 0.4146 0.6721 -0.6135
vn 0.5974 0.4455 -0.6668
vn 0.6279 0.0703 -0.7751
vn 0.5538 -0.5116 -0.6569
vn 0.5641 -0.3168 -0.7625
vn 0.5886 -0.1245 -0.7987
vn 0.6216 -0.3984 -0.6745
vn 0.4525 0.6185 -0.6424
vn 0.8576 -0.3521 -0.3750
vn 0.8835 -0.1010 -0.4574
vn 0.8560 -0.4559 -0.2436
vn 0.6250 -0.7410 -0.2455
vn 0.7361 -0.6243 -0.2615
vn 0.9368 -0.2100 -0.2797
vn 0.8359 0.5447 0.0682
vn -0.0419 0.9975 0.0576
vn 0.9377 0.3464 -0.0254
vn 0.4610 0.8860 0.0500
vn 0.8657 0.4875 0.1135
vn 0.4212 0.6922 -0.5860
vn 0.2993 0.7032 -0.6449
vn 0.9485 -0.0611 -0.3109
vn 0.8208 0.2216 -0.5265
vn 0.1883 0.9779 0.0913
vn 0.8672 0.2992 -0.3981
vn 0.7031 0.5019 -0.5038
vn -0.1276 0.9337 -0.3345
vn 0.2607 0.5845 -0.7684
vn 0.8859 -0.4252 0.1855
vn 0.3791 0.4856 -0.7877
vn 0.8119 -0.2796 -0.5125
vn 0.4322 -0.5275 -0.7314
vn 0.0767 0.0918 -0.9928
vn 0.9381 -0.2486 0.2412
vn 0.9961 -0.0050 -0.0875
vn 0.5930 -0.4067 0.6950
vn 0.9882 0.0097 0.1529
vn 0.4644 0.2951 -0.8350
vn 0.3732 -0.8995 -0.2271
vn 0.6930 -0.1783 -0.6985
vn 0.6296 -0.7760 0.0380
vn 0.8130 -0.4867 0.3198
vn 0.7663 -0.3124 -0.5614
vn 0.5347 -0.2174 -0.8166
vn 0.7262 -0.1367 -0.6738
vn 0.7402 -0.2886 -0.6073
vn 0.7390 -0.5819 -0.3395
vn 0.5517 -0.6147 -0.5637
vn 0.6322 -0.7654 -0.1201
vn 0.8406 -0.4046 -0.3601
vn 0.9274 -0.0039 -0.3741
vn 0.4879 0.8351 -0.2542
vn 0.9247 0.0769 -0.3729
vn 0.7943 -0.5763 -0.1922
vn 0.0663 -0.5655 -0.8221
vn -0.1594 0.6456 -0.7468
vn 0.4020 0.6385 -0.6563
vn 0.9500 -0.1005 -0.2956
vn 0.5623 -0.8269 0.0010
vn -0.3182 -0.9062 -0.2785
vn -0.5577 -0.3742 -0.7410
vn 0.4341 -0.6649 -0.6078
vn 0.2575 -0.7797 -0.5708
vn 0.5573 -0.4400 -0.7042
vn 0.6222 -0.5854 -0.5198
vn 0.7486 0.4119 0.5195
vn 0.1512 0.8671 0.4747
vn 0.4492 0.4150 0.7912
vn 0.7011 -0.4948 -0.5134
vn 0.9210 -0.2867 -0.2638
vn 0.8448 -0.4895 -0.2163
vn 0.6995 -0.5360 -0.4726
vn 0.6964 -0.4264 -0.5772
vn 0.7498 -0.3463 -0.5638
vn -0.3998 0.4302 -0.8094
vn 0.4620 -0.0773 -0.8835
vn 0.4842 0.0198 -0.8747
vn 0.2773 -0.1807 -0.9436
vn 0.2802 -0.0633 -0.9578
vn 0.2310 0.0620 -0.9710
vn 0.6380 -0.4557 -0.6208
vn 0.5409 -0.1135 -0.8334
vn 0.8061 -0.1358 -0.5760
vn 0.2896 0.9468 -0.1406
vn -0.3905 0.2701 0.8801
vn 0.5776 -0.7539 0.3130
vn -0.3359 -0.7885 0.5151
vn -0.1953 -0.8974 0.3958
vn 0.8491 -0.5239 0.0674
vn 0.7150 -0.6175 0.3278
vn 0.7582 0.1728 -0.6287
vn 0.5717 -0.0399 -0.8195
vn -0.2909 0.9175 -0.2711
vn -0.3450 0.8588 -0.3787
vn 0.9014 0.0685 -0.4276
vn 0.9451 -0.3266 -0.0064
vn 0.8489 -0.4775 -0.2268
vn -0.5453 0.6156 -0.5690
vn -0.4003 0.8415 -0.3629
vn 0.7190 0.4770 -0.5055
vn -0.9019 0.4237 -0.0842
vn -0.5349 0.8049 -0.2570
vn -0.3016 0.9415 -0.1502
vn -0.9945 -0.0140 -0.1038
vn -0.8941 -0.4274 0.1339
vn -0.9611 -0.2317 0.1505
vn -0.9484 0.3152 -0.0355
vn 0.6800 -0.1965 -0.7064
vn 0.8719 -0.0436 -0.4877
vn 0.8068 -0.5462 -0.2251
vn 0.4810 -0.6272 -0.6126
vn 0.9783 -0.0319 -0.2047
vn 0.9394 0.0347 -0.3409
vn 0.4312 0.7668 -0.4756
vn 0.9031 0.2682 -0.3355
vn 0.6651 -0.2275 -0.7112
vn 0.4209 0.0308 -0.9066
vn 0.2577 -0.2033 -0.9446
vn -0.2155 -0.5414 -0.8127
vn 0.8426 -0.1459 -0.5183
vn 0.7092 -0.1613 -0.6863
vn 0.6566 -0.1926 -0.7292
vn 0.8184 -0.1431 -0.5565
vn 0.9380 0.0258 -0.3456
vn 0.6772 0.1644 -0.7172
vn 0.8144 0.3234 -0.4819
vn -0.3061 -0.5975 -0.7411
vn 0.3127 0.3296 -0.8909
vn 0.6507 -0.4400 -0.6188
vn 0.1748 -0.3652 -0.9143
vn 0.8158 0.3316 -0.4739
vn 0.9478 0.0030 -0.3188
vn 0.8657 0.0324 -0.4996
vn -0.1802 -0.9702 -0.1617
vn 0.8779 -0.2496 -0.4086
vn 0.7793 -0.0814 -0.6213
vn 0.7403 0.0597 -0.6696
vn 0.8447 0.1805 -0.5039
vn 0.8761 -0.0616 -0.4782
vn 0.0586 0.2766 -0.9592
vn -0.1706 0.3045 -0.9371
vn -0.1635 0.4287 -0.8885
vn 0.7540 0.4207 -0.5045
vn 0.3657 0.8148 -0.4499
vn 0.2398 0.6623 -0.7099
vn 0.3764 0.5354 -0.7561
vn 0.8353 0.3407 -0.4316
vn 0.2952 -0.6132 -0.7327
vn -0.4247 0.6153 -0.6642
vn -0.9949 -0.0994 0.0148
vn -0.7289 -0.5471 0.4116
vn -0.8020 -0.3754 0.4646
vn -0.9587 -0.1820 0.2184
vn -0.1139 -0.9409 0.3189
vn 0.2170 -0.6939 -0.6866
vn -0.1273 -0.8853 0.4472
vn -0.1415 -0.8489 -0.5092
vn 0.7649 -0.6441 -0.0049
vn -0.3256 -0.8384 0.4371
vn -0.2446 -0.8305 0.5005
vn -0.5412 -0.6243 0.5634
vn -0.3172 -0.8659 0.3868
vn -0.8427 -0.0819 0.5321
vn 0.9045 0.1212 -0.4089
vn 0.5396 0.6188 -0.5709
vn 0.9855 -0.0559 -0.1605
vn 0.9482 -0.1419 -0.2842
vn 0.9282 -0.1015 -0.3579
vn 0.8852 0.1888 -0.4251
vn 0.8263 0.2474 -0.5060
vn 0.7963 -0.1403 -0.5885
vn 0.1655 0.8292 -0.5339
vn 0.7512 0.3551 -0.5564
vn -0.3494 0.9364 0.0328
vn -0.2290 0.8519 -0.4711
vn 0.2063 0.8190 -0.5354
vn 0.3491 0.7431 -0.5710
vn 0.1977 0.9244 -0.3261
vn 0.1928 0.8779 -0.4383
vn 0.2460 0.8349 -0.4924
vn 0.5425 0.5738 -0.6135
vn 0.0305 0.8976 -0.4397
vn 0.3332 0.7753 -0.5366
vn 0.7294 0.4905 -0.4768
vn 0.7830 0.5862 -0.2082
vn 0.8211 0.4163 -0.3906
vn 0.6638 0.7287 -0.1685
vn 0.6909 0.6439 -0.3287
vn 0.7014 0.6273 -0.3384
vn 0.7758 0.6110 -0.1575
vn 0.6275 0.6268 -0.4619
vn 0.7324 -0.2378 0.6380
vn 0.9207 -0.3666 0.1337
vn 0.7783 -0.5957 0.1984
vn 0.4439 0.7132 -0.5425
vn 0.2790 0.7829 -0.5560
vn 0.5111 0.6491 -0.5634
vn 0.5566 0.6557 -0.5102
vn 0.8731 -0.4807 0.0810
vn -0.3767 0.5510 -0.7446
vn 0.2243 0.6753 -0.7026
vn 0.6728 0.4376 -0.5966
vn 0.4314 0.7709 -0.4685
vn 0.6586 0.4585 -0.5966
vn 0.5137 0.5085 -0.6910
vn 0.4026 0.5674 -0.7184
vn 0.9032 -0.0162 -0.4290
vn -0.6944 0.5399 -0.4758
vn 0.2671 0.5255 -0.8078
vn -0.0740 0.7391 -0.6695
vn -0.2617 -0.0605 0.9633
vn 0.3348 0.6201 -0.7095
vn 0.3975 0.5689 -0.7200
vn 0.5129 0.5929 -0.6208
vn 0.5189 0.5426 -0.6605
vn 0.5151 0.6894 -0.5093
vn 0.7277 -0.2010 -0.6557
vn 0.6449 -0.2224 -0.7312
vn 0.6015 -0.4365 -0.6691
vn 0.6218 -0.5055 -0.5982
vn 0.5900 0.5501 -0.5910
vn 0.4172 -0.6278 -0.6572
vn 0.5986 -0.6682 -0.4418
vn 0.7948 -0.3901 -0.4648
vn 0.5092 -0.5496 -0.6623
vn 0.6710 0.0629 -0.7388
vn 0.3767 0.1861 -0.9075
vn 0.6397 0.3995 -0.6566
vn 0.4300 -0.5458 -0.7191
vn 0.2838 -0.9000 -0.3308
vn 0.0904 -0.9945 -0.0531
vn 0.8473 -0.4866 -0.2128
vn 0.9102 -0.2836 -0.3019
vn 0.8077 -0.3472 -0.4765
vn 0.9149 -0.3415 -0.2152
vn 0.8397 0.0937 -0.5349
vn 0.8246 -0.0656 -0.5620
vn 0.7184 0.1455 -0.6802
vn 0.7004 0.0910 -0.7080
vn 0.5080 -0.0720 -0.8584
vn 0.7003 -0.2579 -0.6656
vn -0.3520 0.9210 0.1670
vn 0.2770 0.0019 -0.9609
vn 0.0976 0.7460 -0.6588
vn -0.0011 -0.1630 0.9866
vn -0.0118 0.8954 -0.4451
vn -0.4842 0.8641 0.1373
vn 0.7712 -0.3433 -0.5362
vn 0.5974 0.5558 -0.5781
vn 0.7272 -0.6015 0.3308
vn 0.8106 -0.5841 0.0420
vn 0.5447 -0.6696 -0.5049
vn 0.5720 -0.8096 -0.1319
vn 0.7999 -0.5902 -0.1086
vn -0.8750 0.4735 -0.1005
vn -0.6222 0.7388 -0.2588
vn -0.7486 0.6330 -0.1972
vn 0.9461 -0.2937 -0.1364
vn 0.8249 -0.5582 0.0894
vn -0.3672 0.7499 -0.5503
vn -0.5008 0.7795 -0.3763
vn -0.5845 0.7792 -0.2262
vn -0.1673 0.6996 -0.6947
vn 0.0847 0.6609 -0.7456
vn -0.7754 0.5767 -0.2572
vn 0.5262 -0.7639 0.3736
vn 0.6766 -0.5268 -0.5145
vn -0.0619 -0.3648 -0.9290
vn 0.4584 -0.5785 -0.6747
vn -0.6951 0.7189 0.0004
vn 0.5285 0.5684 -0.6306
vn 0.8627 -0.2621 -0.4325
vn 0.8717 0.2190 -0.4384
vn 0.7227 0.0486 -0.6894
vn 0.2436 0.8935 -0.3773
vn 0.9758 0.0645 -0.2088
vn 0.9816 -0.0738 -0.1763
vn 0.5977 -0.7881 -0.1469
vn 0.0505 -0.6467 -0.7610
vn 0.9534 -0.1368 -0.2690
vn 0.8637 -0.1451 -0.4827
vn -0.4878 0.7744 -0.4030
vn 0.7500 0.4833 -0.4516
vn -0.8431 0.2498 -0.4763
vn -0.6224 0.3651 -0.6924
vn -0.8812 -0.4210 -0.2150
vn -0.8533 -0.2492 -0.4581
vn 0.5931 0.3510 -0.7246
vn 0.7188 0.1306 -0.6828
vn 0.9003 0.2192 -0.3759
vn 0.4848 0.7867 -0.3823
vn 0.4386 0.8398 -0.3199
vn 0.7167 -0.4812 -0.5048
vn 0.8905 -0.1139 -0.4404
vn 0.6640 -0.1951 -0.7219
vn 0.5772 -0.4761 -0.6634
vn 0.8102 0.5012 -0.3038
vn 0.6297 0.5546 -0.5440
vn 0.3514 -0.8183 -0.4548
vn 0.3073 -0.9491 -0.0688
vn 0.4700 0.7156 -0.5168
vn 0.3189 0.8011 -0.5065
vn 0.4502 -0.7946 -0.4073
vn 0.6647 -0.5609 -0.4935
vn 0.5234 -0.6924 -0.4965
vn 0.6261 0.4221 -0.6556
vn 0.8773 -0.0392 -0.4784
vn 0.8241 -0.4226 -0.3771
vn 0.6209 -0.6738 -0.4007
vn 0.5013 -0.8231 -0.2668
vn 0.9448 -0.1253 -0.3027
vn 0.2049 -0.9506 0.2334
vn 0.3035 0.6933 -0.6537
vn 0.4910 0.6221 -0.6098
vn 0.7584 0.2514 -0.6014
vn 0.9356 -0.2172 -0.2782
vn 0.9161 -0.3965 -0.0594
vn 0.5895 -0.7474 -0.3063
vn 0.4507 -0.8927 0.0071
vn 0.9684 -0.2413 -0.0630
vn 0.7107 -0.6542 -0.2587
vn 0.8427 -0.5354 -0.0564
vn 0.6454 -0.6996 -0.3067
vn 0.9836 0.1788 -0.0256
vn 0.8015 0.4900 -0.3429
vn 0.4881 0.7954 -0.3593
vn 0.9981 -0.0319 -0.0522
vn 0.4891 0.8706 -0.0533
vn 0.4395 0.8777 -0.1910
vn 0.3726 0.8977 -0.2351
vn 0.8851 0.4497 -0.1198
vn 0.8420 0.4091 -0.3518
vn 0.6801 0.6992 -0.2205
vn 0.6304 0.7672 -0.1185
vn 0.8653 0.4926 -0.0932
vn 0.8194 0.3472 -0.4561
vn 0.5742 0.8182 0.0284
vn 0.8918 0.4263 -0.1517
vn 0.9747 0.1866 0.1227
vn 0.3159 0.9130 -0.2581
vn 0.8928 0.2103 -0.3984
vn 0.8365 0.4225 -0.3490
vn 0.4945 0.8259 -0.2709
vn 0.5039 0.8624 0.0472
vn 0.5155 0.8508 0.1025
vn 0.6761 0.7064 0.2095
vn 0.7121 0.6972 0.0823
vn 0.8285 0.4852 0.2797
vn 0.8607 0.4894 0.1400
vn 0.3970 0.9139 0.0852
vn 0.5737 0.7885 0.2217
vn 0.7672 0.4527 0.4543
vn 0.8967 0.3765 0.2328
vn 0.8234 0.3754 0.4256
vn 0.8134 0.3005 0.4981
vn 0.8702 -0.0480 -0.4903
vn 0.8775 -0.0143 -0.4794
vn -0.4399 0.1014 -0.8923
vn -0.5783 0.0511 -0.8142
vn -0.5763 0.2270 -0.7851
vn -0.3870 0.2558 -0.8859
vn -0.4405 -0.2199 -0.8704
vn -0.5794 -0.2472 -0.7767
vn -0.4405 -0.5116 -0.7377
vn -0.5806 -0.4970 -0.6449
vn -0.4863 -0.6056 -0.6299
vn -0.5775 -0.5657 -0.5886
vn -0.0968 0.1153 -0.9886
vn -0.0304 0.2769 -0.9604
vn -0.0970 -0.2404 -0.9658
vn -0.0972 -0.5651 -0.8193
vn -0.1618 -0.6844 -0.7109
vn 0.2586 0.1147 -0.9591
vn 0.3092 0.2632 -0.9139
vn 0.2586 -0.2301 -0.9382
vn 0.2581 -0.5463 -0.7968
vn 0.2027 -0.6795 -0.7051
vn 0.4121 0.1554 -0.8978
vn 0.4093 0.2524 -0.8768
vn 0.4110 -0.1608 -0.8973
vn 0.4100 -0.4756 -0.7783
vn 0.4081 -0.6338 -0.6571
vn 0.4419 0.1003 -0.8914
vn 0.3893 0.2549 -0.8851
vn 0.5784 0.2256 -0.7840
vn 0.5800 0.0497 -0.8131
vn 0.4416 -0.2210 -0.8696
vn 0.5803 -0.2486 -0.7755
vn 0.4407 -0.5127 -0.7369
vn 0.5806 -0.4984 -0.6438
vn 0.4860 -0.6068 -0.6290
vn 0.5772 -0.5671 -0.5875
vn 0.0991 0.1151 -0.9884
vn 0.0329 0.2769 -0.9603
vn 0.0983 -0.2407 -0.9656
vn 0.0973 -0.5653 -0.8191
vn 0.1614 -0.6848 -0.7106
vn -0.2564 0.1153 -0.9597
vn -0.3067 0.2640 -0.9144
vn -0.2574 -0.2295 -0.9387
vn -0.2580 -0.5456 -0.7973
vn -0.2031 -0.6790 -0.7055
vn -0.4100 0.1565 -0.8986
vn -0.4070 0.2535 -0.8775
vn -0.4097 -0.1598 -0.8981
vn -0.4096 -0.4746 -0.7791
vn -0.4084 -0.6328 -0.6579
vt 0.547537 0.148371
vt 0.553876 0.156575
vt 0.537968 0.167262
vt 0.527840 0.160053
vt 0.561955 0.134701
vt 0.567548 0.138429
vt 0.572436 0.115065
vt 0.575253 0.115934
vt 0.541076 0.140044
vt 0.521005 0.152224
vt 0.556735 0.129606
vt 0.549526 0.110840
vt 0.571027 0.111771
vt 0.551143 0.120534
vt 0.530512 0.113324
vt 0.532997 0.127245
vt 0.518456 0.131593
vt 0.515597 0.118980
vt 0.536726 0.134452
vt 0.517774 0.142717
vt 0.553131 0.125379
vt 0.666761 0.140255
vt 0.671001 0.148597
vt 0.654261 0.155094
vt 0.648089 0.145868
vt 0.682018 0.131877
vt 0.685478 0.136371
vt 0.695361 0.120028
vt 0.697266 0.121588
vt 0.663801 0.133184
vt 0.643237 0.138366
vt 0.679692 0.128113
vt 0.678032 0.112376
vt 0.695107 0.117123
vt 0.677240 0.119738
vt 0.661528 0.108789
vt 0.660535 0.119808
vt 0.643718 0.121449
vt 0.645558 0.108684
vt 0.661883 0.127969
vt 0.641448 0.129864
vt 0.678025 0.124224
vt 0.076043 0.713978
vt 0.081327 0.723072
vt 0.064184 0.731305
vt 0.056321 0.722703
vt 0.091648 0.704149
vt 0.096318 0.708203
vt 0.105411 0.688215
vt 0.107622 0.689403
vt 0.072111 0.705991
vt 0.051160 0.714163
vt 0.088822 0.699479
vt 0.085503 0.681171
vt 0.105011 0.685195
vt 0.086118 0.689403
vt 0.067072 0.679819
vt 0.067932 0.691739
vt 0.052634 0.694994
vt 0.050852 0.683444
vt 0.069775 0.699726
vt 0.050238 0.704947
vt 0.087102 0.694933
vt 0.192082 0.706331
vt 0.193664 0.715058
vt 0.174930 0.717939
vt 0.171768 0.708816
vt 0.209400 0.702205
vt 0.212067 0.707076
vt 0.227785 0.692604
vt 0.229524 0.694271
vt 0.191041 0.699550
vt 0.169869 0.700479
vt 0.208193 0.697802
vt 0.210341 0.681903
vt 0.228262 0.690017
vt 0.208700 0.688769
vt 0.193447 0.676655
vt 0.191023 0.685954
vt 0.175038 0.684413
vt 0.177244 0.674174
vt 0.190647 0.693608
vt 0.171120 0.692712
vt 0.207987 0.693438
vt 0.139446 0.666901
vt 0.141736 0.658524
vt 0.161489 0.665030
vt 0.158660 0.673690
vt 0.123452 0.664053
vt 0.123215 0.658687
vt 0.104338 0.665598
vt 0.103825 0.663277
vt 0.137366 0.673947
vt 0.155136 0.682185
vt 0.122464 0.668540
vt 0.114437 0.682233
vt 0.102971 0.667655
vt 0.118716 0.676465
vt 0.125845 0.693446
vt 0.131832 0.685713
vt 0.144776 0.694058
vt 0.140482 0.703263
vt 0.135016 0.679610
vt 0.150839 0.688495
vt 0.120923 0.672556
vt 0.338906 0.017489
vt 0.341886 0.008863
vt 0.357561 0.036912
vt 0.343669 0.046558
vt 0.040725 0.521471
vt 0.021361 0.532138
vt 0.021664 0.501439
vt 0.046477 0.490795
vt 0.036262 0.091395
vt 0.027596 0.157610
vt 0.013755 0.158766
vt 0.246660 0.259445
vt 0.299594 0.226507
vt 0.322435 0.303739
vt 0.272176 0.309679
vt 0.114142 0.396411
vt 0.106736 0.416651
vt 0.073088 0.425966
vt 0.070532 0.474809
vt 0.066573 0.514222
vt 0.078762 0.376354
vt 0.149252 0.357356
vt 0.108009 0.392286
vt 0.075989 0.392030
vt 0.114415 0.479002
vt 0.095097 0.447894
vt 0.114806 0.453885
vt 0.128012 0.473266
vt 0.487350 0.667651
vt 0.476632 0.661648
vt 0.477653 0.649063
vt 0.497115 0.654767
vt 0.547362 0.636964
vt 0.559510 0.643270
vt 0.562863 0.654191
vt 0.543564 0.644529
vt 0.544762 0.662948
vt 0.551975 0.683560
vt 0.530639 0.684211
vt 0.528827 0.657391
vt 0.607623 0.628749
vt 0.611893 0.637986
vt 0.596089 0.648918
vt 0.603445 0.632744
vt 0.636712 0.619798
vt 0.637745 0.625615
vt 0.628905 0.631514
vt 0.625755 0.619136
vt 0.684145 0.635493
vt 0.682923 0.640120
vt 0.667339 0.638992
vt 0.670680 0.631513
vt 0.507483 0.695680
vt 0.503445 0.675850
vt 0.719317 0.662596
vt 0.733815 0.672391
vt 0.715748 0.669362
vt 0.714327 0.665273
vt 0.682299 0.671648
vt 0.691568 0.681564
vt 0.691690 0.697424
vt 0.680500 0.682913
vt 0.561365 0.670317
vt 0.562806 0.682441
vt 0.712817 0.696116
vt 0.708689 0.687137
vt 0.720081 0.691928
vt 0.725092 0.703108
vt 0.537814 0.622746
vt 0.526632 0.620614
vt 0.525469 0.640841
vt 0.491282 0.631769
vt 0.509551 0.642002
vt 0.483964 0.641786
vt 0.709692 0.677252
vt 0.706572 0.697134
vt 0.604090 0.665503
vt 0.645684 0.644671
vt 0.646588 0.634001
vt 0.698897 0.656833
vt 0.704363 0.668685
vt 0.670415 0.662172
vt 0.456278 0.658284
vt 0.467316 0.645116
vt 0.758729 0.681720
vt 0.755266 0.685486
vt 0.741933 0.679163
vt 0.720727 0.682157
vt 0.728564 0.686141
vt 0.729490 0.696471
vt 0.750055 0.717535
vt 0.543869 0.616372
vt 0.551657 0.631814
vt 0.564794 0.635807
vt 0.600035 0.629924
vt 0.592602 0.640339
vt 0.590268 0.634907
vt 0.593483 0.626741
vt 0.581378 0.603346
vt 0.600298 0.618094
vt 0.587238 0.618344
vt 0.575959 0.606009
vt 0.530338 0.599819
vt 0.545320 0.603044
vt 0.590408 0.585490
vt 0.608404 0.597806
vt 0.624720 0.605420
vt 0.629913 0.602042
vt 0.656016 0.600458
vt 0.644404 0.624283
vt 0.633691 0.597935
vt 0.654002 0.591653
vt 0.502036 0.625987
vt 0.489118 0.610693
vt 0.497908 0.599694
vt 0.514224 0.616721
vt 0.660097 0.602822
vt 0.663276 0.616614
vt 0.678088 0.618167
vt 0.685218 0.617079
vt 0.714584 0.622599
vt 0.697731 0.636043
vt 0.692257 0.611418
vt 0.708368 0.605445
vt 0.465156 0.629670
vt 0.473600 0.620625
vt 0.728991 0.617652
vt 0.718215 0.637064
vt 0.731216 0.654329
vt 0.741147 0.653289
vt 0.767481 0.659561
vt 0.455693 0.641125
vt 0.449443 0.653073
vt 0.734930 0.689595
vt 0.735587 0.698224
vt 0.753136 0.711712
vt 0.550362 0.611853
vt 0.555184 0.624820
vt 0.567910 0.626098
vt 0.586428 0.624928
vt 0.585004 0.630255
vt 0.578163 0.620172
vt 0.570010 0.609385
vt 0.546819 0.585403
vt 0.536307 0.584328
vt 0.631383 0.593915
vt 0.625881 0.594607
vt 0.645714 0.583968
vt 0.634974 0.590079
vt 0.486234 0.592117
vt 0.480562 0.600551
vt 0.685488 0.609365
vt 0.680244 0.609912
vt 0.700827 0.595918
vt 0.690341 0.603401
vt 0.456898 0.620368
vt 0.463947 0.608652
vt 0.744543 0.647122
vt 0.737941 0.648254
vt 0.764246 0.645970
vt 0.723080 0.650258
vt 0.718336 0.642292
vt 0.727452 0.641450
vt 0.730744 0.646943
vt 0.711473 0.654497
vt 0.703959 0.644868
vt 0.697658 0.645329
vt 0.732798 0.682704
vt 0.745094 0.686240
vt 0.737635 0.686585
vt 0.724392 0.677691
vt 0.719057 0.672910
vt 0.669517 0.617866
vt 0.675074 0.609076
vt 0.657184 0.627633
vt 0.654721 0.631686
vt 0.616868 0.602620
vt 0.616942 0.592577
vt 0.613381 0.620017
vt 0.612239 0.627371
vt 0.641363 0.664613
vt 0.605836 0.677751
vt 0.581154 0.634235
vt 0.582202 0.640380
vt 0.581419 0.646864
vt 0.580517 0.656777
vt 0.581707 0.671837
vt 0.583499 0.678375
vt 0.586988 0.691105
vt 0.607211 0.687395
vt 0.603324 0.704676
vt 0.584597 0.708724
vt 0.584762 0.707131
vt 0.658537 0.689535
vt 0.662217 0.674236
vt 0.678603 0.698239
vt 0.493235 0.702135
vt 0.506654 0.707461
vt 0.495529 0.707442
vt 0.481140 0.690756
vt 0.476578 0.676133
vt 0.473578 0.668129
vt 0.450380 0.665246
vt 0.442921 0.658448
vt 0.729061 0.636611
vt 0.689763 0.642302
vt 0.672311 0.604385
vt 0.646125 0.629215
vt 0.612375 0.588883
vt 0.683997 0.646921
vt 0.527823 0.574312
vt 0.520954 0.589545
vt 0.471555 0.604778
vt 0.476017 0.618615
vt 0.457769 0.638043
vt 0.448633 0.625784
vt 0.754481 0.693484
vt 0.737992 0.626624
vt 0.665013 0.594386
vt 0.601286 0.573249
vt 0.447782 0.638527
vt 0.438015 0.644268
vt 0.741555 0.692148
vt 0.742277 0.696037
vt 0.747670 0.699860
vt 0.569363 0.620672
vt 0.557035 0.610850
vt 0.575604 0.621924
vt 0.568856 0.616412
vt 0.545009 0.575142
vt 0.534054 0.572966
vt 0.625479 0.587349
vt 0.632097 0.585031
vt 0.641907 0.579517
vt 0.480279 0.590620
vt 0.471852 0.597722
vt 0.683198 0.603402
vt 0.687620 0.599695
vt 0.695145 0.593094
vt 0.454949 0.606822
vt 0.444653 0.613277
vt 0.734341 0.639319
vt 0.737164 0.643052
vt 0.744770 0.691125
vt 0.676547 0.600192
vt 0.618314 0.583664
vt 0.576240 0.626112
vt 0.579669 0.625474
vt 0.744011 0.641449
vt 0.747976 0.696918
vt 0.739777 0.635471
vt 0.670001 0.592466
vt 0.611171 0.575009
vt 0.732526 0.862817
vt 0.776006 0.868175
vt 0.780909 0.891771
vt 0.737155 0.888497
vt 0.072440 0.441994
vt 0.375755 0.736859
vt 0.347094 0.721289
vt 0.352093 0.706387
vt 0.377928 0.726797
vt 0.262505 0.661222
vt 0.287552 0.693748
vt 0.249920 0.679162
vt 0.231856 0.650322
vt 0.688892 0.855356
vt 0.681642 0.807927
vt 0.718013 0.810159
vt 0.058556 0.601476
vt 0.059076 0.625087
vt 0.039113 0.617555
vt 0.036322 0.592027
vt 0.380949 0.130447
vt 0.393090 0.168890
vt 0.351346 0.186390
vt 0.351118 0.147923
vt 0.382273 0.679190
vt 0.402099 0.688370
vt 0.219658 0.616311
vt 0.263596 0.612765
vt 0.746652 0.804650
vt 0.151518 0.373128
vt 0.160415 0.395897
vt 0.116521 0.424264
vt 0.152359 0.384553
vt 0.532605 0.700825
vt 0.041117 0.402531
vt 0.036792 0.437441
vt 0.018549 0.440040
vt 0.018549 0.413009
vt 0.375397 0.093935
vt 0.345172 0.110989
vt 0.010716 0.235301
vt 0.011988 0.199281
vt 0.034397 0.199916
vt 0.035890 0.236085
vt 0.344819 0.087660
vt 0.342613 0.076407
vt 0.367555 0.063059
vt 0.371045 0.077299
vt 0.020901 0.557048
vt 0.034522 0.559281
vt 0.019724 0.588780
vt 0.046935 0.378418
vt 0.018035 0.377238
vt 0.326076 0.079576
vt 0.330475 0.049833
vt 0.138508 0.270621
vt 0.119009 0.237899
vt 0.148348 0.247277
vt 0.167868 0.270769
vt 0.150208 0.318348
vt 0.205217 0.315369
vt 0.636195 0.686301
vt 0.064690 0.201581
vt 0.075463 0.237079
vt 0.047471 0.151009
vt 0.047649 0.095959
vt 0.041051 0.454113
vt 0.019468 0.462666
vt 0.436219 0.899641
vt 0.436490 0.949556
vt 0.399200 0.968595
vt 0.387172 0.908050
vt 0.205424 0.382985
vt 0.231067 0.390315
vt 0.220113 0.393027
vt 0.213177 0.341893
vt 0.210154 0.363385
vt 0.770837 0.938657
vt 0.799549 0.886415
vt 0.788269 0.936743
vt 0.795102 0.861978
vt 0.440328 0.854720
vt 0.382073 0.863673
vt 0.390578 0.844257
vt 0.444281 0.838622
vt 0.756944 0.801981
vt 0.462625 0.795333
vt 0.430573 0.789093
vt 0.290020 0.014682
vt 0.275101 0.032360
vt 0.265191 0.014784
vt 0.288896 0.005180
vt 0.250272 0.021529
vt 0.256199 0.038798
vt 0.340824 0.339823
vt 0.284103 0.336603
vt 0.314627 0.529046
vt 0.323842 0.564485
vt 0.262765 0.580904
vt 0.260135 0.560890
vt 0.200028 0.524204
vt 0.171642 0.528876
vt 0.171396 0.511059
vt 0.201117 0.506352
vt 0.208363 0.568500
vt 0.209952 0.582706
vt 0.176989 0.576116
vt 0.180192 0.560214
vt 0.180192 0.614072
vt 0.504960 0.851063
vt 0.492911 0.897111
vt 0.515011 0.893455
vt 0.499155 0.956318
vt 0.467078 0.958350
vt 0.530192 0.849877
vt 0.551788 0.852300
vt 0.571184 0.855604
vt 0.568726 0.882222
vt 0.542488 0.891614
vt 0.148801 0.562701
vt 0.152990 0.545436
vt 0.181020 0.638101
vt 0.173395 0.658172
vt 0.121492 0.645921
vt 0.147157 0.627858
vt 0.058206 0.566041
vt 0.023251 0.618160
vt 0.735689 0.995972
vt 0.718929 0.984138
vt 0.726110 0.923524
vt 0.626715 0.839753
vt 0.687169 0.877912
vt 0.629911 0.868160
vt 0.571667 0.831717
vt 0.572545 0.810975
vt 0.595722 0.807899
vt 0.594496 0.832869
vt 0.626400 0.805464
vt 0.758195 0.993353
vt 0.550964 0.833339
vt 0.552579 0.807398
vt 0.494875 0.730311
vt 0.479477 0.758458
vt 0.457545 0.746849
vt 0.479689 0.720286
vt 0.528096 0.829687
vt 0.533667 0.804665
vt 0.530777 0.720720
vt 0.528204 0.741985
vt 0.502463 0.717390
vt 0.551110 0.699104
vt 0.551427 0.714727
vt 0.753269 0.640866
vt 0.556122 0.772487
vt 0.575624 0.766329
vt 0.595636 0.770645
vt 0.564805 0.732128
vt 0.542363 0.774420
vt 0.552082 0.735570
vt 0.510283 0.828786
vt 0.514028 0.801834
vt 0.521420 0.772019
vt 0.624916 0.770731
vt 0.670515 0.764577
vt 0.722143 0.758535
vt 0.731977 0.755195
vt 0.312756 0.112994
vt 0.318419 0.090814
vt 0.315230 0.167641
vt 0.053545 0.101075
vt 0.060258 0.145707
vt 0.234539 0.243339
vt 0.291353 0.206969
vt 0.080260 0.190900
vt 0.846262 0.501354
vt 0.829951 0.517355
vt 0.813743 0.484837
vt 0.836557 0.465325
vt 0.671690 0.494902
vt 0.676283 0.534131
vt 0.613361 0.487107
vt 0.617491 0.449014
vt 0.746536 0.427334
vt 0.770693 0.420830
vt 0.778126 0.458718
vt 0.775338 0.475235
vt 0.793507 0.412983
vt 0.797637 0.435385
vt 0.799701 0.349183
vt 0.796296 0.339790
vt 0.821898 0.336073
vt 0.826543 0.344538
vt 0.793094 0.511678
vt 0.802695 0.565669
vt 0.781017 0.527680
vt 0.558180 0.293642
vt 0.555083 0.299734
vt 0.523854 0.271551
vt 0.528810 0.273615
vt 0.537172 0.383148
vt 0.520809 0.343816
vt 0.525920 0.340305
vt 0.541922 0.371380
vt 0.530617 0.332821
vt 0.549457 0.357132
vt 0.802385 0.452007
vt 0.826130 0.438895
vt 0.579293 0.222203
vt 0.589100 0.238980
vt 0.558748 0.238617
vt 0.550800 0.225198
vt 0.863140 0.276609
vt 0.820814 0.270569
vt 0.825924 0.229636
vt 0.873826 0.259471
vt 0.787004 0.218281
vt 0.763878 0.212395
vt 0.772344 0.203207
vt 0.795056 0.207853
vt 0.746639 0.208576
vt 0.753246 0.195981
vt 0.797792 0.266647
vt 0.807032 0.223338
vt 0.794024 0.128361
vt 0.808683 0.124439
vt 0.817769 0.126503
vt 0.788863 0.133213
vt 0.901699 0.148906
vt 0.888484 0.156648
vt 0.883529 0.145085
vt 0.893131 0.138478
vt 0.774306 0.167797
vt 0.749943 0.176676
vt 0.749633 0.163152
vt 0.774100 0.154273
vt 0.611984 0.171652
vt 0.614910 0.176367
vt 0.600870 0.182147
vt 0.641235 0.167247
vt 0.629053 0.174715
vt 0.625646 0.167179
vt 0.630808 0.165630
vt 0.671586 0.161741
vt 0.655584 0.169863
vt 0.652177 0.161397
vt 0.660333 0.160056
vt 0.697085 0.156442
vt 0.706376 0.150661
vt 0.707994 0.156614
vt 0.728675 0.167488
vt 0.718352 0.181425
vt 0.710815 0.170999
vt 0.748807 0.153344
vt 0.744058 0.150764
vt 0.772448 0.132801
vt 0.772138 0.142298
vt 0.868353 0.127845
vt 0.888589 0.127227
vt 0.821278 0.117213
vt 0.835318 0.110501
vt 0.695639 0.173580
vt 0.809096 0.150764
vt 0.789276 0.152312
vt 0.726713 0.156442
vt 0.875271 0.158506
vt 0.863089 0.151900
vt 0.851527 0.143021
vt 0.603243 0.188651
vt 0.621825 0.186070
vt 0.634525 0.184728
vt 0.644331 0.172237
vt 0.646810 0.181425
vt 0.658682 0.178948
vt 0.675199 0.166765
vt 0.679019 0.178534
vt 0.690787 0.163152
vt 0.709679 0.160882
vt 0.794334 0.124439
vt 0.803316 0.118968
vt 0.968080 0.105237
vt 0.969113 0.110088
vt 0.949498 0.115560
vt 0.944335 0.108746
vt 0.932257 0.122890
vt 0.939586 0.126090
vt 0.935664 0.134968
vt 0.927612 0.134556
vt 0.934219 0.152003
vt 0.925237 0.149525
vt 0.896331 0.122168
vt 0.900874 0.132905
vt 0.910370 0.140440
vt 0.811781 0.070756
vt 0.804864 0.069619
vt 0.805276 0.061051
vt 0.812194 0.058780
vt 0.811471 0.049695
vt 0.801353 0.052689
vt 0.785146 0.031836
vt 0.791134 0.028223
vt 0.899840 0.119070
vt 0.877129 0.119689
vt 0.891170 0.113289
vt 0.799289 0.016660
vt 0.820763 0.034830
vt 0.839137 0.055064
vt 0.838209 0.043708
vt 0.845952 0.041024
vt 0.851732 0.052172
vt 0.864844 0.046392
vt 0.854521 0.033280
vt 0.868251 0.010156
vt 0.875064 0.020995
vt 0.859373 0.100591
vt 0.870419 0.103275
vt 0.865567 0.115354
vt 0.850804 0.112567
vt 0.888692 0.018312
vt 0.881671 0.039785
vt 0.896848 0.057129
vt 0.895917 0.071169
vt 0.881156 0.067451
vt 0.887143 0.056302
vt 0.911507 0.071169
vt 0.907584 0.052895
vt 0.921521 0.040714
vt 0.924618 0.054753
vt 0.821485 0.105443
vt 0.831292 0.103275
vt 0.934529 0.052793
vt 0.926991 0.070240
vt 0.946091 0.093260
vt 0.932361 0.103482
vt 0.936077 0.090473
vt 0.967460 0.091918
vt 0.794128 0.117831
vt 0.799495 0.112876
vt 0.944956 0.128982
vt 0.943097 0.136001
vt 0.942065 0.150661
vt 0.906241 0.129084
vt 0.904590 0.120207
vt 0.916565 0.134350
vt 0.798359 0.068072
vt 0.799082 0.061773
vt 0.781017 0.036274
vt 0.794643 0.054651
vt 0.898705 0.106888
vt 0.906964 0.109159
vt 0.837589 0.034313
vt 0.843268 0.030804
vt 0.849771 0.021098
vt 0.860405 0.006130
vt 0.862366 0.093055
vt 0.871245 0.094397
vt 0.892615 0.046702
vt 0.899840 0.046702
vt 0.907377 0.042160
vt 0.916565 0.034107
vt 0.824684 0.098010
vt 0.830776 0.096772
vt 0.942375 0.082421
vt 0.949498 0.083763
vt 0.964157 0.082937
vt 0.926166 0.079325
vt 0.934219 0.073956
vt 0.937626 0.080666
vt 0.930398 0.087273
vt 0.922862 0.095119
vt 0.914810 0.082834
vt 0.687588 0.158713
vt 0.676851 0.156854
vt 0.954039 0.120515
vt 0.948465 0.125265
vt 0.944026 0.120826
vt 0.938245 0.115560
vt 0.715151 0.154067
vt 0.882084 0.050728
vt 0.888898 0.043192
vt 0.871968 0.058367
vt 0.643919 0.163152
vt 0.830776 0.041024
vt 0.831601 0.032559
vt 0.825615 0.053722
vt 0.616251 0.169037
vt 0.637982 0.196394
vt 0.800322 0.080873
vt 0.795160 0.076744
vt 0.806412 0.087376
vt 0.585591 0.168934
vt 0.598908 0.176676
vt 0.579706 0.173683
vt 0.578158 0.183800
vt 0.604069 0.197221
vt 0.639014 0.205427
vt 0.602933 0.208886
vt 0.845848 0.163463
vt 0.867321 0.170585
vt 0.862469 0.189891
vt 0.834390 0.184419
vt 0.817871 0.177811
vt 0.817459 0.161294
vt 0.794953 0.178019
vt 0.792372 0.164392
vt 0.779158 0.180392
vt 0.718352 0.194433
vt 0.680773 0.189477
vt 0.681394 0.198665
vt 0.542232 0.204654
vt 0.556685 0.191027
vt 0.576403 0.195878
vt 0.566802 0.209505
vt 0.562259 0.175438
vt 0.564943 0.167901
vt 0.571794 0.166096
vt 0.802283 0.103069
vt 0.791753 0.098319
vt 0.781325 0.122065
vt 0.783493 0.114734
vt 0.935560 0.066214
vt 0.669005 0.156442
vt 0.890239 0.034519
vt 0.638241 0.159952
vt 0.824479 0.024609
vt 0.607372 0.167591
vt 0.603656 0.170999
vt 0.725785 0.150145
vt 0.884768 0.105443
vt 0.894782 0.099352
vt 0.848223 0.095635
vt 0.855036 0.088100
vt 0.845022 0.121444
vt 0.812194 0.105443
vt 0.815910 0.094913
vt 0.969938 0.116386
vt 0.941445 0.053206
vt 0.896022 0.019653
vt 0.807755 0.010259
vt 0.787417 0.091815
vt 0.793507 0.105753
vt 0.951149 0.129808
vt 0.950117 0.136930
vt 0.948155 0.146325
vt 0.921004 0.128878
vt 0.790618 0.055477
vt 0.781120 0.044431
vt 0.910680 0.101829
vt 0.836144 0.025641
vt 0.845642 0.019448
vt 0.853591 0.006646
vt 0.871037 0.089544
vt 0.897570 0.038132
vt 0.904177 0.037719
vt 0.912538 0.031112
vt 0.827678 0.091197
vt 0.949910 0.078086
vt 0.960854 0.078291
vt 0.940104 0.066627
vt 0.942375 0.075091
vt 0.955692 0.124336
vt 0.895299 0.032868
vt 0.828196 0.021616
vt 0.789378 0.074575
vt 0.792681 0.064872
vt 0.963951 0.122581
vt 0.945058 0.057644
vt 0.899531 0.021719
vt 0.815290 0.010363
vt 0.784114 0.086138
vt 0.752523 0.254464
vt 0.730327 0.239702
vt 0.778280 0.263756
vt 0.539030 0.215699
vt 0.828505 0.216423
vt 0.866290 0.226023
vt 0.813535 0.211157
vt 0.719075 0.205583
vt 0.709679 0.224784
vt 0.680568 0.208061
vt 0.852353 0.208369
vt 0.837487 0.197633
vt 0.817356 0.186793
vt 0.786384 0.191646
vt 0.796914 0.188136
vt 0.832325 0.208576
vt 0.815703 0.200008
vt 0.521583 0.209402
vt 0.621310 0.315942
vt 0.626987 0.302108
vt 0.632357 0.304895
vt 0.635866 0.318935
vt 0.816839 0.311192
vt 0.793920 0.310677
vt 0.776681 0.350939
vt 0.776783 0.336280
vt 0.727953 0.382839
vt 0.720726 0.355998
vt 0.748187 0.357855
vt 0.756032 0.379948
vt 0.780499 0.379536
vt 0.659920 0.381290
vt 0.653003 0.426714
vt 0.621000 0.410610
vt 0.628227 0.373857
vt 0.610161 0.508270
vt 0.585899 0.484010
vt 0.591784 0.458305
vt 0.595397 0.420726
vt 0.598391 0.384800
vt 0.603346 0.357959
vt 0.649494 0.292198
vt 0.652075 0.314186
vt 0.663121 0.265460
vt 0.631324 0.268556
vt 0.639092 0.236347
vt 0.678399 0.234386
vt 0.858960 0.323065
vt 0.861851 0.307890
vt 0.800114 0.196910
vt 0.815084 0.399046
vt 0.807238 0.376335
vt 0.820040 0.411539
vt 0.745606 0.346087
vt 0.716700 0.336693
vt 0.639634 0.213790
vt 0.608095 0.217352
vt 0.612483 0.334111
vt 0.594908 0.330730
vt 0.600766 0.315374
vt 0.721861 0.503108
vt 0.736212 0.540067
vt 0.738895 0.298082
vt 0.715358 0.281357
vt 0.768627 0.309850
vt 0.550697 0.252865
vt 0.573099 0.266802
vt 0.716494 0.310367
vt 0.690220 0.287551
vt 0.696362 0.255033
vt 0.864740 0.331736
vt 0.744265 0.327608
vt 0.700285 0.376799
vt 0.685419 0.348668
vt 0.509866 0.281409
vt 0.543806 0.311503
vt 0.777403 0.362191
vt 0.833976 0.346809
vt 0.866806 0.335659
vt 0.876613 0.344641
vt 0.849565 0.361469
vt 0.803211 0.357443
vt 0.609438 0.239753
vt 0.599836 0.270828
vt 0.698428 0.438895
vt 0.732598 0.429811
vt 0.582492 0.308819
vt 0.575060 0.320277
vt 0.595500 0.300249
vt 0.609954 0.304431
vt 0.615838 0.287655
vt 0.633079 0.287139
vt 0.561690 0.337725
vt 0.637311 0.340769
vt 0.687640 0.321516
vt 0.683613 0.565927
vt 0.755207 0.580743
vt 0.830569 0.143950
vt 0.861541 0.160675
vt 0.846570 0.158713
vt 0.826543 0.154481
vt 0.804553 0.159746
vt 0.790204 0.162119
vt 0.580893 0.348977
vt 0.561278 0.279655
vt 0.656617 0.342370
vt 0.572893 0.367612
vt 0.559885 0.418094
vt 0.553793 0.430276
vt 0.535417 0.259678
vt 0.295742 0.016215
vt 0.296662 0.004873
vt 0.148899 0.488830
vt 0.145040 0.509625
vt 0.171290 0.498458
vt 0.201642 0.497651
vt 0.234161 0.486085
vt 0.237850 0.494694
vt 0.594122 0.859385
vt 0.592985 0.877455
vt 0.628832 0.881322
vt 0.677132 0.899648
vt 0.250871 0.530660
vt 0.145412 0.528227
vt 0.146973 0.597581
vt 0.110241 0.490991
vt 0.101560 0.537582
vt 0.106673 0.503610
vt 0.096217 0.610524
vt 0.093234 0.582525
vt 0.046271 0.474229
vt 0.021377 0.485598
vt 0.072950 0.414880
vt 0.659799 0.927941
vt 0.618305 0.905513
vt 0.588286 0.906407
vt 0.569540 0.917033
vt 0.528709 0.941980
vt 0.279441 0.369044
vt 0.270181 0.378704
vt 0.696648 0.968405
vt 0.280108 0.489421
vt 0.258511 0.465178
vt 0.249091 0.446906
vt 0.288560 0.406169
vt 0.289965 0.439647
vt 0.265704 0.429900
vt 0.271424 0.401850
vt 0.250613 0.425349
vt 0.251757 0.409135
vt 0.566957 0.386916
vt 0.281642 0.046462
vt 0.266417 0.079057
vt 0.270709 0.050549
vt 0.829124 0.375561
vt 0.235352 0.044623
vt 0.233923 0.022347
vt 0.887659 0.472242
vt 0.871142 0.472654
vt 0.857204 0.465531
vt 0.883942 0.453659
vt 0.860405 0.497740
vt 0.854418 0.447775
vt 0.878780 0.430638
vt 0.208581 0.050958
vt 0.204495 0.026331
vt 0.848533 0.422378
vt 0.877439 0.413912
vt 0.182117 0.025207
vt 0.186714 0.050549
vt 0.489891 0.289927
vt 0.473992 0.297668
vt 0.087607 0.042917
vt 0.075854 0.023239
vt 0.848223 0.395020
vt 0.882704 0.391613
vt 0.155651 0.022755
vt 0.155548 0.042681
vt 0.135623 0.019996
vt 0.137564 0.038899
vt 0.103539 0.040023
vt 0.109566 0.016215
vt 0.865257 0.378916
vt 0.887040 0.384387
vt 0.883737 0.352281
vt 0.898705 0.358991
vt 0.762743 0.487726
vt 0.700863 0.734034
vt 0.698921 0.762140
vt 0.683844 0.733960
vt 0.662319 0.734340
vt 0.628341 0.731741
vt 0.632102 0.701696
vt 0.657671 0.704609
vt 0.603788 0.726020
vt 0.582439 0.729514
vt 0.708607 0.729695
vt 0.313843 0.461251
vt 0.314686 0.418540
vt 0.390053 0.337102
vt 0.374884 0.296901
vt 0.430796 0.337396
vt 0.425209 0.292964
vt 0.318434 0.705719
vt 0.303111 0.676704
vt 0.432541 0.020643
vt 0.435619 0.040979
vt 0.420501 0.037232
vt 0.421170 0.020643
vt 0.403645 0.015293
vt 0.403108 0.024791
vt 0.375594 0.014668
vt 0.378529 0.010274
vt 0.429465 0.049408
vt 0.417557 0.041113
vt 0.399763 0.029206
vt 0.402445 0.004853
vt 0.400168 0.004997
vt 0.419423 0.007100
vt 0.411422 0.004353
vt 0.426616 0.005649
vt 0.411939 0.043118
vt 0.420234 0.057166
vt 0.397624 0.062652
vt 0.394280 0.051279
vt 0.383174 0.037232
vt 0.393209 0.032016
vt 0.373207 0.018770
vt 0.625228 0.119654
vt 0.628775 0.138020
vt 0.616234 0.131308
vt 0.616362 0.117500
vt 0.600657 0.114335
vt 0.599263 0.121301
vt 0.583389 0.114208
vt 0.585647 0.111864
vt 0.625100 0.147139
vt 0.615094 0.137640
vt 0.597742 0.125227
vt 0.582022 0.133743
vt 0.580686 0.116874
vt 0.587611 0.129660
vt 0.586671 0.148261
vt 0.581209 0.131487
vt 0.594957 0.144099
vt 0.585653 0.146479
vt 0.599263 0.153218
vt 0.590306 0.156053
vt 0.611803 0.139034
vt 0.618769 0.152206
vt 0.594322 0.126748
vt 0.268011 0.206691
vt 0.247236 0.195922
vt 0.255090 0.186928
vt 0.273459 0.197316
vt 0.281059 0.186295
vt 0.270417 0.179074
vt 0.291489 0.167799
vt 0.293030 0.172234
vt 0.241280 0.187182
vt 0.250783 0.181987
vt 0.266110 0.174640
vt 0.250021 0.176287
vt 0.239127 0.179580
vt 0.242674 0.165265
vt 0.253063 0.164632
vt 0.267505 0.164380
vt 0.265603 0.171094
vt 0.289736 0.163366
vt 0.270925 0.157411
vt 0.256735 0.152851
vt 0.244574 0.150445
vt 0.256186 0.727392
vt 0.242414 0.714981
vt 0.252639 0.711060
vt 0.263659 0.722134
vt 0.273561 0.716365
vt 0.266319 0.707561
vt 0.283104 0.702395
vt 0.284290 0.706897
vt 0.240649 0.707815
vt 0.250116 0.706459
vt 0.262560 0.703563
vt 0.250014 0.701924
vt 0.238972 0.699651
vt 0.246430 0.688859
vt 0.254456 0.692790
vt 0.266579 0.694540
vt 0.262952 0.699455
vt 0.282810 0.698350
vt 0.270477 0.689587
vt 0.259480 0.686814
vt 0.250183 0.683214
vt 0.043462 0.668655
vt 0.036388 0.677587
vt 0.020096 0.668798
vt 0.030242 0.658079
vt 0.050967 0.658221
vt 0.042390 0.650646
vt 0.055920 0.641594
vt 0.058469 0.645502
vt 0.015664 0.660794
vt 0.026241 0.654933
vt 0.038533 0.647215
vt 0.025097 0.650074
vt 0.013379 0.653077
vt 0.014806 0.641643
vt 0.024954 0.641356
vt 0.037961 0.638354
vt 0.037532 0.643215
vt 0.054182 0.637570
vt 0.038533 0.633638
vt 0.025241 0.634640
vt 0.014522 0.634926
vt 0.914087 0.119276
vt 0.901596 0.095223
vt 0.862366 0.087015
vt 0.819679 0.090629
vt 0.787881 0.109263
vt 0.701567 0.700240
vt 0.416339 0.632174
vt 0.356945 0.221122
vt 0.405762 0.208265
vt 0.047373 0.353715
vt 0.083419 0.353317
vt 0.017112 0.359246
vt 0.085343 0.271125
vt 0.038246 0.270954
vt 0.010983 0.271268
vt 0.089387 0.318985
vt 0.045957 0.319429
vt 0.014825 0.321032
vt 0.339619 0.646882
vt 0.329991 0.613280
vt 0.368598 0.581453
vt 0.377234 0.608978
vt 0.293053 0.356809
vt 0.210452 0.332812
vt 0.357924 0.518839
vt 0.358640 0.440663
vt 0.149767 0.336340
vt 0.370881 0.483123
vt 0.389927 0.507047
vt 0.424879 0.515050
vt 0.358076 0.387730
vt 0.392744 0.419956
vt 0.428764 0.428737
vt 0.690929 0.703590
vt 0.699594 0.713452
vt 0.702038 0.721337
vt 0.691863 0.717667
vt 0.563369 0.712339
vt 0.563332 0.698120
vt 0.490990 0.712610
vt 0.678560 0.712130
vt 0.091979 0.118902
vt 0.085203 0.120071
vt 0.084853 0.116917
vt 0.090460 0.113996
vt 0.115111 0.129065
vt 0.120718 0.122524
vt 0.120718 0.123576
vt 0.120134 0.131051
vt 0.203632 0.080912
vt 0.211984 0.077933
vt 0.209939 0.081029
vt 0.107516 0.139989
vt 0.105998 0.129649
vt 0.121360 0.142033
vt 0.213444 0.090607
vt 0.207018 0.085467
vt 0.217533 0.080912
vt 0.221973 0.085467
vt 0.092211 0.126145
vt 0.085436 0.127431
vt 0.098638 0.127197
vt 0.096068 0.117034
vt 0.097236 0.115515
vt 0.104246 0.122291
vt 0.123697 0.125854
vt 0.178280 0.070865
vt 0.185057 0.075421
vt 0.179303 0.076385
vt 0.103544 0.124918
vt 0.168790 0.121531
vt 0.175274 0.130468
vt 0.150040 0.134557
vt 0.149836 0.125911
vt 0.140286 0.125503
vt 0.136722 0.134556
vt 0.138474 0.215750
vt 0.144082 0.215633
vt 0.143382 0.221356
vt 0.141044 0.221590
vt 0.129245 0.214580
vt 0.124222 0.216566
vt 0.121593 0.205469
vt 0.135788 0.206403
vt 0.219084 0.159907
vt 0.215461 0.156754
vt 0.224048 0.155352
vt 0.220835 0.161427
vt 0.118556 0.221707
vt 0.118498 0.225796
vt 0.116571 0.223460
vt 0.117213 0.216100
vt 0.125975 0.218904
vt 0.120834 0.221298
vt 0.148989 0.219195
vt 0.158744 0.213996
vt 0.156290 0.218027
vt 0.189702 0.217093
vt 0.185321 0.209032
vt 0.195835 0.209558
vt 0.198054 0.220655
vt 0.178311 0.222058
vt 0.172354 0.216041
vt 0.159386 0.219663
vt 0.170836 0.220655
vt 0.126443 0.217501
vt 0.173756 0.121006
vt 0.197120 0.224044
vt 0.189818 0.223752
vt 0.192097 0.129358
vt 0.204948 0.126263
vt 0.215578 0.132688
vt 0.197354 0.138177
vt 0.190053 0.122057
vt 0.204012 0.118669
vt 0.201995 0.084534
vt 0.205617 0.070164
vt 0.202755 0.069551
vt 0.206084 0.058130
vt 0.210349 0.070309
vt 0.111693 0.120334
vt 0.108481 0.120070
vt 0.110905 0.107337
vt 0.115635 0.118171
vt 0.133218 0.129299
vt 0.150827 0.069462
vt 0.169343 0.072121
vt 0.163794 0.074311
vt 0.149893 0.073317
vt 0.105063 0.119107
vt 0.222587 0.177782
vt 0.215170 0.170538
vt 0.219842 0.168670
vt 0.222237 0.168319
vt 0.129245 0.233273
vt 0.128690 0.223926
vt 0.133276 0.224307
vt 0.136285 0.226410
vt 0.196068 0.174393
vt 0.204481 0.165748
vt 0.203078 0.172173
vt 0.126530 0.224131
vt 0.217215 0.219370
vt 0.214410 0.213647
vt 0.221187 0.215049
vt 0.221887 0.222641
vt 0.210789 0.204535
vt 0.226034 0.207162
vt 0.174691 0.207806
vt 0.163767 0.175971
vt 0.142447 0.174978
vt 0.158802 0.170304
vt 0.159588 0.081029
vt 0.132193 0.079510
vt 0.180383 0.084534
vt 0.193584 0.084299
vt 0.195803 0.077875
vt 0.152961 0.142735
vt 0.177728 0.141449
vt 0.131376 0.073201
vt 0.195803 0.073668
vt 0.093615 0.116566
vt 0.093847 0.114463
vt 0.095950 0.138236
vt 0.218584 0.076588
vt 0.145133 0.206987
vt 0.181671 0.171502
vt 0.180824 0.166624
vt 0.203429 0.162711
vt 0.175742 0.183272
vt 0.181934 0.177899
vt 0.216746 0.161075
vt 0.208687 0.164698
vt 0.220835 0.161659
vt 0.160262 0.206578
vt 0.198491 0.077757
vt 0.113008 0.215515
vt 0.114059 0.205820
vt 0.114759 0.226381
vt 0.113826 0.223050
vt 0.117181 0.070397
vt 0.137891 0.143260
vt 0.086137 0.137945
vt 0.139176 0.185491
vt 0.160438 0.184673
vt 0.217098 0.151846
vt 0.224224 0.152314
vt 0.133801 0.187011
vt 0.126675 0.183505
vt 0.154681 0.107665
vt 0.156784 0.095280
vt 0.178513 0.095515
vt 0.181434 0.105212
vt 0.197557 0.092710
vt 0.200244 0.098785
vt 0.122030 0.091016
vt 0.119284 0.101882
vt 0.090662 0.083832
vt 0.085522 0.092945
vt 0.100709 0.073319
vt 0.091512 0.174628
vt 0.099338 0.171239
vt 0.112657 0.183505
vt 0.102260 0.187828
vt 0.118615 0.175211
vt 0.160087 0.153366
vt 0.129304 0.157278
vt 0.175391 0.151788
vt 0.205883 0.152664
vt 0.097936 0.166098
vt 0.091277 0.159673
vt 0.108654 0.072032
vt 0.210673 0.121822
vt 0.211256 0.113879
vt 0.218850 0.124626
vt 0.220221 0.078926
vt 0.194551 0.177547
vt 0.755747 0.596915
vt 0.745633 0.597222
vt 0.739879 0.591861
vt 0.752750 0.589941
vt 0.788406 0.597009
vt 0.786550 0.587548
vt 0.806594 0.588924
vt 0.807481 0.599293
vt 0.749754 0.612752
vt 0.737272 0.606577
vt 0.741011 0.603648
vt 0.752814 0.609095
vt 0.803644 0.627949
vt 0.783560 0.624222
vt 0.785333 0.620405
vt 0.805510 0.621314
vt 0.736326 0.592681
vt 0.738525 0.597220
vt 0.734835 0.605672
vt 0.738128 0.602023
vt 0.756644 0.603465
vt 0.745338 0.600737
vt 0.788868 0.606072
vt 0.807577 0.608694
vt 0.756240 0.604980
vt 0.745871 0.602399
vt 0.787958 0.612150
vt 0.806791 0.614661
vt 0.770231 0.597693
vt 0.767792 0.589858
vt 0.765518 0.619154
vt 0.768104 0.615599
vt 0.770665 0.605815
vt 0.770749 0.610281
vt 0.826363 0.598574
vt 0.825086 0.587546
vt 0.826707 0.619909
vt 0.826287 0.625418
vt 0.827236 0.607590
vt 0.827040 0.613458
vt 0.840506 0.597226
vt 0.841184 0.587497
vt 0.844095 0.616380
vt 0.843875 0.622951
vt 0.843185 0.604953
vt 0.842398 0.610918
vt 0.509874 0.231491
vt 0.511308 0.267884
vt 0.467872 0.270851
vt 0.465189 0.230243
vt 0.436533 0.268589
vt 0.434386 0.222368
vt 0.431411 0.145335
vt 0.462920 0.160473
vt 0.431300 0.113039
vt 0.465602 0.123665
vt 0.430194 0.091119
vt 0.465812 0.095872
vt 0.510545 0.169326
vt 0.507116 0.134155
vt 0.505737 0.098525
vt 0.924856 0.242006
vt 0.938026 0.183112
vt 0.964031 0.196283
vt 0.957190 0.244738
vt 0.958942 0.297893
vt 0.991851 0.298833
vt 0.994989 0.340663
vt 0.954021 0.340293
vt 0.986513 0.160133
vt 0.987029 0.183098
vt 0.958620 0.174695
vt 0.908148 0.236320
vt 0.907461 0.184647
vt 0.923153 0.341495
vt 0.910060 0.338902
vt 0.908886 0.293085
vt 0.923411 0.295699
vt 0.921669 0.162199
vt 0.988838 0.235798
vt 0.328859 0.820763
vt 0.332090 0.785389
vt 0.379771 0.782417
vt 0.378066 0.818533
vt 0.159638 0.774422
vt 0.174459 0.806521
vt 0.151195 0.811950
vt 0.126120 0.776911
vt 0.243429 0.813511
vt 0.200612 0.809447
vt 0.196430 0.773669
vt 0.251633 0.779276
vt 0.284492 0.815055
vt 0.291365 0.781968
vt 0.094204 0.782069
vt 0.128239 0.815726
vt 0.111457 0.816358
vt 0.069137 0.782648
vt 0.049698 0.739443
vt 0.085805 0.734993
vt 0.381302 0.741940
vt 0.330632 0.740370
vt 0.289167 0.737539
vt 0.130345 0.735370
vt 0.186244 0.732168
vt 0.252279 0.736663
vt 0.010676 0.751250
vt 0.377414 0.845059
vt 0.327599 0.842527
vt 0.159648 0.840873
vt 0.180438 0.837939
vt 0.201203 0.837684
vt 0.248650 0.839569
vt 0.285659 0.841512
vt 0.130473 0.846074
vt 0.142538 0.846427
vt 0.574908 0.039560
vt 0.604606 0.045050
vt 0.588379 0.077061
vt 0.565358 0.073268
vt 0.548363 0.028949
vt 0.546077 0.060282
vt 0.521459 0.057293
vt 0.517114 0.029944
vt 0.483705 0.030949
vt 0.489944 0.051663
vt 0.468636 0.052349
vt 0.462550 0.035788
vt 0.650191 0.047782
vt 0.715108 0.049923
vt 0.709315 0.078231
vt 0.642039 0.076111
vt 0.758923 0.048760
vt 0.757925 0.078095
vt 0.616249 0.009210
vt 0.654634 0.009405
vt 0.475551 0.006513
vt 0.511516 0.004981
vt 0.552925 0.008266
vt 0.590391 0.008204
vt 0.448700 0.012626
vt 0.717268 0.007202
vt 0.761869 0.007715
vt 0.565929 0.097605
vt 0.580223 0.103749
vt 0.533633 0.090212
vt 0.466502 0.078930
vt 0.492587 0.079058
vt 0.519697 0.084764
vt 0.550182 0.096682
vt 0.664880 0.105508
vt 0.733709 0.106609
vt 0.605395 0.103603
vt 0.757072 0.106144
vt 0.701495 0.107614
vt 0.629366 0.103464
vt 0.646950 0.942022
vt 0.649117 0.949655
vt 0.637727 0.955589
vt 0.635016 0.948627
vt 0.595075 0.967576
vt 0.582667 0.969574
vt 0.583298 0.958995
vt 0.592886 0.957046
vt 0.564312 0.969815
vt 0.566708 0.958931
vt 0.625157 0.937586
vt 0.619103 0.946024
vt 0.605923 0.945283
vt 0.614664 0.932308
vt 0.535821 0.953962
vt 0.544373 0.945068
vt 0.550031 0.950142
vt 0.548961 0.956094
vt 0.619884 0.956482
vt 0.604676 0.958645
vt 0.592571 0.952147
vt 0.565875 0.947561
vt 0.579715 0.948170
vt 0.856436 0.753654
vt 0.865486 0.767384
vt 0.852847 0.768031
vt 0.848519 0.760550
vt 0.826283 0.766120
vt 0.833761 0.763560
vt 0.833734 0.768253
vt 0.829979 0.773036
vt 0.901359 0.682378
vt 0.896300 0.693545
vt 0.882805 0.686214
vt 0.887189 0.680287
vt 0.912264 0.914696
vt 0.909162 0.905170
vt 0.918683 0.906093
vt 0.902486 0.913378
vt 0.904490 0.922403
vt 0.923138 0.916515
vt 0.922114 0.920902
vt 0.841607 0.770680
vt 0.848009 0.777164
vt 0.839895 0.777940
vt 0.838832 0.770949
vt 0.610997 0.970729
vt 0.614527 0.987359
vt 0.598234 0.989576
vt 0.898599 0.746440
vt 0.905149 0.735779
vt 0.919739 0.749090
vt 0.919178 0.771092
vt 0.852812 0.773545
vt 0.865026 0.776626
vt 0.922043 0.910528
vt 0.838856 0.755556
vt 0.840943 0.763159
vt 0.836012 0.760605
vt 0.819307 0.771546
vt 0.822151 0.783176
vt 0.843586 0.769459
vt 0.842798 0.765948
vt 0.825318 0.758563
vt 0.880937 0.683545
vt 0.875383 0.690061
vt 0.875384 0.685060
vt 0.862667 0.687345
vt 0.861624 0.693375
vt 0.840752 0.693015
vt 0.839104 0.688544
vt 0.889680 0.626079
vt 0.885574 0.628749
vt 0.880150 0.615278
vt 0.884729 0.615717
vt 0.891111 0.642780
vt 0.894244 0.622920
vt 0.897794 0.643475
vt 0.887028 0.646242
vt 0.889319 0.667865
vt 0.886357 0.666161
vt 0.881329 0.666399
vt 0.885773 0.678893
vt 0.880033 0.676972
vt 0.853118 0.557589
vt 0.882468 0.547166
vt 0.887299 0.559246
vt 0.866655 0.572451
vt 0.787692 0.685341
vt 0.794160 0.673164
vt 0.807255 0.680254
vt 0.800412 0.693495
vt 0.860367 0.713901
vt 0.836104 0.709087
vt 0.771243 0.711423
vt 0.763427 0.703057
vt 0.775001 0.699658
vt 0.780186 0.706360
vt 0.773942 0.684895
vt 0.783172 0.692183
vt 0.774113 0.695952
vt 0.885589 0.755089
vt 0.910182 0.792034
vt 0.879873 0.780365
vt 0.876876 0.764510
vt 0.826840 0.754848
vt 0.842034 0.748781
vt 0.935369 0.899294
vt 0.931395 0.891795
vt 0.930462 0.885095
vt 0.777053 0.678329
vt 0.793839 0.712636
vt 0.790818 0.699949
vt 0.816337 0.701553
vt 0.916749 0.924879
vt 0.894542 0.723808
vt 0.869475 0.733818
vt 0.818002 0.760288
vt 0.888744 0.809500
vt 0.875190 0.793207
vt 0.807849 0.764534
vt 0.807590 0.778099
vt 0.809835 0.793130
vt 0.813548 0.722977
vt 0.797785 0.736167
vt 0.781563 0.721255
vt 0.833140 0.734277
vt 0.807946 0.752778
vt 0.762843 0.697865
vt 0.871929 0.672442
vt 0.876279 0.676756
vt 0.917810 0.566487
vt 0.916041 0.576527
vt 0.837496 0.675787
vt 0.784204 0.663834
vt 0.796221 0.669268
vt 0.784238 0.668046
vt 0.777016 0.662763
vt 0.807879 0.677648
vt 0.826309 0.686489
vt 0.824255 0.688312
vt 0.939252 0.578611
vt 0.938692 0.567168
vt 0.812053 0.668952
vt 0.543368 0.967019
vt 0.530407 0.963050
vt 0.522086 0.955181
vt 0.528267 0.949027
vt 0.928704 0.806833
vt 0.945615 0.820611
vt 0.936190 0.843298
vt 0.910078 0.828728
vt 0.645792 0.932597
vt 0.517475 0.970691
vt 0.582800 0.992286
vt 0.560855 0.995716
vt 0.878043 0.969835
vt 0.908582 0.948758
vt 0.922684 0.957070
vt 0.920109 0.971632
vt 0.529867 0.987292
vt 0.890491 0.859469
vt 0.895873 0.866138
vt 0.883766 0.890303
vt 0.858887 0.895721
vt 0.911541 0.853876
vt 0.915124 0.863461
vt 0.928770 0.862571
vt 0.923725 0.868904
vt 0.964258 0.921308
vt 0.968641 0.939801
vt 0.954382 0.934244
vt 0.626819 0.979968
vt 0.623427 0.969694
vt 0.641711 0.968560
vt 0.976134 0.889561
vt 0.978048 0.914763
vt 0.967893 0.906569
vt 0.953752 0.892582
vt 0.650148 0.959854
vt 0.534959 0.948082
vt 0.850292 0.862596
vt 0.881290 0.845964
vt 0.945118 0.880428
vt 0.967631 0.860654
vt 0.653914 0.935886
vt 0.662001 0.936948
vt 0.665024 0.944174
vt 0.882481 0.647027
vt 0.825728 0.796783
vt 0.819223 0.821536
vt 0.791544 0.659673
vt 0.921574 0.987056
vt 0.885056 0.991486
vt 0.997357 0.923896
vt 0.981078 0.949769
vt 0.999209 0.896807
vt 0.948604 0.728478
vt 0.958353 0.692934
vt 0.978551 0.702510
vt 0.970771 0.733691
vt 0.991670 0.865761
vt 0.929382 0.706184
vt 0.942827 0.667101
vt 0.972987 0.659817
vt 0.987290 0.663521
vt 0.843582 0.788421
vt 0.848170 0.797763
vt 0.828887 0.786927
vt 0.833709 0.776420
vt 0.835946 0.770108
vt 0.909619 0.925347
vt 0.921985 0.719790
vt 0.907956 0.711366
vt 0.914926 0.700756
vt 0.887017 0.704444
vt 0.950190 0.783683
vt 0.950626 0.760762
vt 0.966505 0.763536
vt 0.967585 0.789582
vt 0.863922 0.747803
vt 0.870231 0.743087
vt 0.819349 0.876269
vt 0.830710 0.909311
vt 0.755897 0.705436
vt 0.762749 0.717586
vt 0.872415 0.590796
vt 0.879748 0.586693
vt 0.882546 0.600939
vt 0.877424 0.600190
vt 0.843648 0.838672
vt 0.806857 0.851302
vt 0.798571 0.827848
vt 0.773905 0.726926
vt 0.790302 0.745357
vt 0.796725 0.782348
vt 0.795352 0.801844
vt 0.797476 0.759281
vt 0.778915 0.659862
vt 0.868957 0.934484
vt 0.839412 0.944323
vt 0.862376 0.607555
vt 0.869041 0.612882
vt 0.846287 0.973746
vt 0.852741 0.995025
vt 0.980427 0.632924
vt 0.998908 0.632382
vt 0.799749 0.770092
vt 0.862003 0.785128
vt 0.857490 0.813264
vt 0.903238 0.622924
vt 0.911937 0.635787
vt 0.906342 0.594585
vt 0.900932 0.604409
vt 0.892680 0.602333
vt 0.891862 0.586347
vt 0.923858 0.670387
vt 0.943404 0.628025
vt 0.958814 0.636131
vt 0.881264 0.537546
vt 0.866003 0.538513
vt 0.882490 0.523451
vt 0.900332 0.664579
vt 0.918230 0.653356
vt 0.857453 0.518041
vt 0.876148 0.500381
vt 0.887824 0.508435
vt 0.929688 0.618053
vt 0.869879 0.632923
vt 0.882519 0.631788
vt 0.865282 0.638093
vt 0.910093 0.611750
vt 0.890181 0.616019
vt 0.769742 0.673126
vt 0.887911 0.602937
vt 0.885814 0.586948
vt 0.757062 0.696741
vt 0.876332 0.625544
vt 0.873009 0.826964
vt 0.932649 0.730788
vt 0.841935 0.742611
vt 0.974522 0.832017
vt 0.891694 0.929311
vt 0.567089 0.938623
vt 0.921825 0.901355
vt 0.923496 0.891682
vt 0.760838 0.688614
vt 0.764521 0.690632
vt 0.939718 0.780133
vt 0.937824 0.756871
vt 0.766513 0.679877
vt 0.843036 0.533092
vt 0.819865 0.752042
vt 0.914375 0.600690
vt 0.858847 0.627914
vt 0.857981 0.635980
vt 0.842516 0.555716
vt 0.824962 0.558622
vt 0.847136 0.574757
vt 0.831619 0.576944
vt 0.152660 0.939805
vt 0.155054 0.906672
vt 0.182574 0.938337
vt 0.046775 0.912655
vt 0.050361 0.953979
vt 0.009066 0.958988
vt 0.009669 0.914308
vt 0.221840 0.908107
vt 0.248062 0.940581
vt 0.210488 0.942048
vt 0.192099 0.908307
vt 0.106201 0.945435
vt 0.099451 0.907619
vt 0.352917 0.940328
vt 0.384745 0.969091
vt 0.367968 0.971410
vt 0.326666 0.939800
vt 0.106419 0.969833
vt 0.045445 0.973230
vt 0.287094 0.914202
vt 0.297451 0.946502
vt 0.253688 0.910148
vt 0.186973 0.964026
vt 0.150745 0.968193
vt 0.008695 0.977943
vt 0.226542 0.967559
vt 0.262663 0.971578
vt 0.301491 0.903693
vt 0.317828 0.974256
vt 0.210984 0.966900
vt 0.422052 0.997293
vt 0.394673 0.993835
vt 0.107568 0.992828
vt 0.037721 0.996479
vt 0.194874 0.993142
vt 0.154566 0.992718
vt 0.008321 0.998815
vt 0.270102 0.995637
vt 0.228608 0.993351
vt 0.332574 0.992552
vt 0.211302 0.993244
vt 0.210541 0.884833
vt 0.235858 0.885964
vt 0.261886 0.883001
vt 0.277370 0.883443
vt 0.097487 0.885605
vt 0.150892 0.884069
vt 0.039724 0.885951
vt 0.184824 0.884265
vt 0.010507 0.885342
vt 0.515843 0.559522
vt 0.517187 0.521781
vt 0.539424 0.526270
vt 0.538721 0.560282
vt 0.482232 0.559659
vt 0.486605 0.518528
vt 0.508394 0.425216
vt 0.514514 0.468840
vt 0.485453 0.460933
vt 0.477952 0.425147
vt 0.504845 0.379226
vt 0.477989 0.382908
vt 0.530133 0.427650
vt 0.534606 0.472955
vt 0.527665 0.379958
vt 0.451691 0.512503
vt 0.454315 0.561601
vt 0.453778 0.418103
vt 0.453744 0.379958
vt 0.453805 0.452284
vt 0.966014 0.358700
vt 0.962871 0.398551
vt 0.913968 0.396574
vt 0.918168 0.364297
vt 0.957372 0.450561
vt 0.909469 0.448349
vt 0.951078 0.488500
vt 0.908714 0.477817
vt 0.993367 0.360267
vt 0.988325 0.397851
vt 0.985055 0.452668
vt 0.983645 0.482631
vt 0.944814 0.524801
vt 0.905319 0.502639
vt 0.985884 0.523009
vt 0.953667 0.160323
vt 0.957578 0.160133
vt 0.214666 0.462928
vt 0.232314 0.460676
vt 0.234481 0.473461
vt 0.216861 0.478409
vt 0.214026 0.442167
vt 0.231647 0.442334
vt 0.215055 0.421406
vt 0.232647 0.423990
vt 0.217528 0.406036
vt 0.235037 0.411206
vt 0.191070 0.464846
vt 0.191737 0.482243
vt 0.190847 0.441945
vt 0.191514 0.419072
vt 0.192516 0.401645
vt 0.167419 0.464262
vt 0.166390 0.481132
vt 0.167668 0.441723
vt 0.167863 0.419182
vt 0.167168 0.402257
vt 0.149659 0.462956
vt 0.148324 0.478131
vt 0.150048 0.441556
vt 0.150048 0.420156
vt 0.148993 0.404869
s 1
f 3/1/1 2/2/2 1/3/3
f 1/3/3 4/4/4 3/1/1
f 6/5/5 5/6/6 2/2/2
f 2/2/2 3/1/1 6/5/5
f 6/5/5 8/7/7 7/8/8
f 7/8/8 5/6/6 6/5/5
f 9/9/9 3/1/1 4/4/4
f 4/4/4 10/10/10 9/9/9
f 6/5/5 3/1/1 9/9/9
f 9/9/9 11/11/11 6/5/5
f 11/11/11 8/7/7 6/5/5
f 14/12/12 13/13/13 12/14/14
f 15/15/15 14/12/12 12/14/14
f 12/14/14 16/16/16 15/15/15
f 15/15/15 16/16/16 17/17/17
f 17/17/17 18/18/18 15/15/15
f 20/19/19 19/20/20 17/17/17
f 17/17/17 16/16/16 20/19/19
f 16/16/16 12/14/14 21/21/21
f 21/21/21 20/19/19 16/16/16
f 12/14/14 13/13/13 8/7/7
f 8/7/7 21/21/21 12/14/14
f 9/9/9 10/10/10 19/20/20
f 19/20/20 20/19/19 9/9/9
f 9/9/9 20/19/19 21/21/21
f 21/21/21 11/11/11 9/9/9
f 8/7/7 11/11/11 21/21/21
f 24/22/22 23/23/23 22/24/24
f 22/24/24 25/25/25 24/22/22
f 27/26/26 26/27/27 23/23/23
f 23/23/23 24/22/22 27/26/26
f 27/26/26 29/28/28 28/29/29
f 28/29/29 26/27/27 27/26/26
f 30/30/30 24/22/22 25/25/25
f 25/25/25 31/31/31 30/30/30
f 27/26/26 24/22/22 30/30/30
f 30/30/30 32/32/32 27/26/26
f 32/32/32 29/28/28 27/26/26
f 35/33/33 34/34/34 33/35/35
f 36/36/36 35/33/33 33/35/35
f 33/35/35 37/37/37 36/36/36
f 37/37/37 39/38/38 38/39/39
f 38/39/39 36/36/36 37/37/37
f 41/40/40 40/41/41 39/38/38
f 39/38/38 37/37/37 41/40/40
f 37/37/37 33/35/35 42/42/42
f 42/42/42 41/40/40 37/37/37
f 33/35/35 34/34/34 29/28/28
f 29/28/28 42/42/42 33/35/35
f 31/31/31 40/41/41 41/40/40
f 41/40/40 30/30/30 31/31/31
f 30/30/30 41/40/40 42/42/42
f 42/42/42 32/32/32 30/30/30
f 29/28/28 32/32/32 42/42/42
f 45/43/43 44/44/44 43/45/45
f 43/45/45 46/46/46 45/43/43
f 48/47/47 47/48/48 44/44/44
f 44/44/44 45/43/43 48/47/47
f 48/47/47 50/49/49 49/50/50
f 49/50/50 47/48/48 48/47/47
f 51/51/51 45/43/43 46/46/46
f 46/46/46 52/52/52 51/51/51
f 48/47/47 45/43/43 51/51/51
f 51/51/51 53/53/53 48/47/47
f 53/53/53 50/49/49 48/47/47
f 56/54/54 55/55/55 54/56/56
f 57/57/57 56/54/54 54/56/56
f 54/56/56 58/58/58 57/57/57
f 57/57/57 58/58/58 59/59/59
f 59/59/59 60/60/60 57/57/57
f 62/61/61 61/62/62 59/59/59
f 59/59/59 58/58/58 62/61/61
f 58/58/58 54/56/56 63/63/63
f 63/63/63 62/61/61 58/58/58
f 54/56/56 55/55/55 50/49/49
f 50/49/49 63/63/63 54/56/56
f 51/51/51 52/52/52 61/62/62
f 61/62/62 62/61/61 51/51/51
f 51/51/51 62/61/61 63/63/63
f 63/63/63 53/53/53 51/51/51
f 50/49/49 53/53/53 63/63/63
f 66/64/64 65/65/65 64/66/66
f 64/66/66 67/67/67 66/64/64
f 69/68/68 68/69/69 65/65/65
f 65/65/65 66/64/64 69/68/68
f 69/68/68 71/70/70 70/71/71
f 70/71/71 68/69/69 69/68/68
f 72/72/72 66/64/64 67/67/67
f 67/67/67 73/73/73 72/72/72
f 69/68/68 66/64/64 72/72/72
f 72/72/72 74/74/74 69/68/68
f 74/74/74 71/70/70 69/68/68
f 77/75/75 76/76/76 75/77/77
f 78/78/78 77/75/75 75/77/77
f 75/77/77 79/79/79 78/78/78
f 79/79/79 81/80/80 80/81/81
f 80/81/81 78/78/78 79/79/79
f 83/82/82 82/83/83 81/80/80
f 81/80/80 79/79/79 83/82/82
f 79/79/79 75/77/77 84/84/84
f 84/84/84 83/82/82 79/79/79
f 75/77/77 76/76/76 71/70/70
f 71/70/70 84/84/84 75/77/77
f 72/72/72 73/73/73 82/83/83
f 82/83/83 83/82/82 72/72/72
f 72/72/72 83/82/82 84/84/84
f 84/84/84 74/74/74 72/72/72
f 71/70/70 74/74/74 84/84/84
f 87/85/85 86/86/86 85/87/87
f 85/87/87 88/88/88 87/85/85
f 90/89/89 89/90/90 86/86/86
f 86/86/86 87/85/85 90/89/89
f 90/89/89 92/91/91 91/92/92
f 91/92/92 89/90/90 90/89/89
f 93/93/93 87/85/85 88/88/88
f 88/88/88 94/94/94 93/93/93
f 90/89/89 87/85/85 93/93/93
f 93/93/93 95/95/95 90/89/89
f 95/95/95 92/91/91 90/89/89
f 98/96/96 97/97/97 96/98/98
f 99/99/99 98/96/96 96/98/98
f 96/98/98 100/100/100 99/99/99
f 99/99/99 100/100/100 101/101/101
f 101/101/101 102/102/102 99/99/99
f 104/103/103 103/104/104 101/101/101
f 101/101/101 100/100/100 104/103/103
f 100/100/100 96/98/98 105/105/105
f 105/105/105 104/103/103 100/100/100
f 96/98/98 97/97/97 92/91/91
f 92/91/91 105/105/105 96/98/98
f 93/93/93 94/94/94 103/104/104
f 103/104/104 104/103/103 93/93/93
f 93/93/93 104/103/103 105/105/105
f 105/105/105 95/95/95 93/93/93
f 92/91/91 95/95/95 105/105/105
f 108/106/106 107/107/107 106/108/108
f 106/108/108 109/109/109 108/106/106
f 112/110/110 111/111/111 110/112/112
f 110/112/112 113/113/113 112/110/110
f 116/114/114 115/115/115 114/116/116
f 119/117/117 118/118/118 117/119/119
f 117/119/119 120/120/120 119/117/117
f 123/121/121 122/122/122 121/123/123
f 113/113/113 125/124/124 124/125/125
f 124/125/125 112/110/110 113/113/113
f 128/126/126 127/127/127 126/128/128
f 126/128/128 129/129/129 128/126/126
f 132/130/130 131/131/131 130/132/132
f 130/132/132 133/133/133 132/130/130
f 136/134/134 135/135/135 134/136/136
f 134/136/136 137/137/137 136/134/134
f 140/138/138 139/139/139 138/140/140
f 138/140/140 141/141/141 140/138/138
f 144/142/142 143/143/143 142/144/144
f 142/144/144 145/145/145 144/142/142
f 148/146/146 147/147/147 146/148/148
f 146/148/148 149/149/149 148/146/146
f 152/150/150 151/151/151 150/152/152
f 150/152/152 153/153/153 152/150/150
f 156/154/154 155/155/155 154/156/156
f 154/156/156 157/157/157 156/154/154
f 145/145/145 142/144/144 158/158/158
f 158/158/158 159/159/159 145/145/145
f 162/160/160 161/161/161 160/162/162
f 160/162/162 163/163/163 162/160/160
f 166/164/164 165/165/165 164/166/166
f 164/166/166 167/167/167 166/164/164
f 169/168/168 168/169/169 143/143/143
f 143/143/143 144/142/142 169/168/168
f 172/170/170 171/171/171 170/172/172
f 170/172/172 173/173/173 172/170/170
f 174/174/174 140/138/138 141/141/141
f 175/175/175 174/174/174 141/141/141
f 141/141/141 176/176/176 175/175/175
f 178/177/177 177/178/178 137/137/137
f 137/137/137 179/179/179 178/177/177
f 137/137/137 159/159/159 136/134/134
f 171/171/171 165/165/165 166/164/164
f 166/164/164 180/180/180 171/171/171
f 144/142/142 141/141/141 138/140/140
f 138/140/140 169/168/168 144/142/142
f 165/165/165 171/171/171 172/170/170
f 172/170/170 181/181/181 165/165/165
f 141/141/141 144/142/142 145/145/145
f 145/145/145 176/176/176 141/141/141
f 182/182/182 146/148/148 147/147/147
f 145/145/145 177/178/178 176/176/176
f 184/183/183 150/152/152 183/184/184
f 177/178/178 145/145/145 159/159/159
f 159/159/159 137/137/137 177/178/178
f 186/185/185 185/186/186 166/164/164
f 166/164/164 187/187/187 186/185/185
f 134/136/136 135/135/135 188/188/188
f 188/188/188 189/189/189 134/136/136
f 161/161/161 191/190/190 190/191/191
f 190/191/191 192/192/192 161/161/161
f 170/172/172 194/193/193 193/194/194
f 193/194/194 195/195/195 170/172/172
f 195/195/195 196/196/196 173/173/173
f 173/173/173 170/172/172 195/195/195
f 140/138/138 174/174/174 197/197/197
f 197/197/197 198/198/198 140/138/138
f 198/198/198 199/199/199 139/139/139
f 139/139/139 140/138/138 198/198/198
f 202/200/200 201/201/201 200/202/202
f 200/202/202 203/203/203 202/200/200
f 206/204/204 205/205/205 204/206/206
f 204/206/206 207/207/207 206/204/204
f 209/208/208 208/209/209 174/174/174
f 174/174/174 175/175/175 209/208/208
f 205/205/205 206/204/204 210/210/210
f 210/210/210 211/211/211 205/205/205
f 152/150/150 153/153/153 212/212/212
f 212/212/212 213/213/213 152/150/150
f 216/214/214 215/215/215 214/216/216
f 214/216/216 217/217/217 216/214/214
f 220/218/218 219/219/219 218/220/220
f 218/220/220 221/221/221 220/218/218
f 215/215/215 216/214/214 222/222/222
f 222/222/222 223/223/223 215/215/215
f 225/224/224 224/225/225 156/154/154
f 156/154/154 157/157/157 225/224/224
f 228/226/226 227/227/227 226/228/228
f 226/228/228 229/229/229 228/226/226
f 179/179/179 231/230/230 230/231/231
f 230/231/231 178/177/177 179/179/179
f 227/227/227 228/226/226 232/232/232
f 232/232/232 233/233/233 227/227/227
f 235/234/234 234/235/235 161/161/161
f 161/161/161 162/160/160 235/234/234
f 191/190/190 161/161/161 234/235/235
f 234/235/235 236/236/236 191/190/190
f 237/237/237 189/189/189 188/188/188
f 188/188/188 238/238/238 237/237/237
f 195/195/195 193/194/194 239/239/239
f 239/239/239 240/240/240 195/195/195
f 240/240/240 241/241/241 196/196/196
f 196/196/196 195/195/195 240/240/240
f 243/242/242 242/243/243 198/198/198
f 198/198/198 197/197/197 243/242/242
f 244/244/244 199/199/199 198/198/198
f 198/198/198 242/243/243 244/244/244
f 245/245/245 203/203/203 200/202/202
f 200/202/202 246/246/246 245/245/245
f 248/247/247 247/248/248 207/207/207
f 207/207/207 204/206/206 248/247/247
f 249/249/249 208/209/209 209/208/208
f 209/208/208 250/250/250 249/249/249
f 251/251/251 213/213/213 212/212/212
f 212/212/212 252/252/252 251/251/251
f 253/253/253 217/217/217 214/216/216
f 214/216/216 254/254/254 253/253/253
f 255/255/255 218/220/220 219/219/219
f 219/219/219 256/256/256 255/255/255
f 257/257/257 224/225/225 225/224/224
f 225/224/224 258/258/258 257/257/257
f 259/259/259 229/229/229 226/228/228
f 226/228/228 260/260/260 259/259/259
f 231/230/230 262/261/261 261/262/262
f 261/262/262 230/231/231 231/230/230
f 263/263/263 234/235/235 235/234/234
f 235/234/234 264/264/264 263/263/263
f 265/265/265 236/236/236 234/235/235
f 234/235/235 263/263/263 265/265/265
f 268/266/266 267/267/267 266/268/268
f 266/268/268 269/269/269 268/266/266
f 268/266/266 271/270/270 270/271/271
f 270/271/271 267/267/267 268/266/266
f 270/271/271 271/270/270 186/185/185
f 186/185/185 272/272/272 270/271/271
f 274/273/273 192/192/192 273/274/274
f 273/274/274 275/275/275 274/273/273
f 274/273/273 276/276/276 161/161/161
f 161/161/161 192/192/192 274/273/273
f 160/162/162 161/161/161 276/276/276
f 276/276/276 277/277/277 160/162/162
f 185/186/186 180/180/180 166/164/164
f 225/224/224 279/278/278 278/279/279
f 278/279/279 258/258/258 225/224/224
f 225/224/224 157/157/157 280/280/280
f 280/280/280 279/278/278 225/224/224
f 280/280/280 157/157/157 154/156/156
f 154/156/156 281/281/281 280/280/280
f 183/184/184 154/156/156 184/183/183
f 212/212/212 283/282/282 282/283/283
f 282/283/283 252/252/252 212/212/212
f 212/212/212 153/153/153 284/284/284
f 284/284/284 283/282/282 212/212/212
f 284/284/284 153/153/153 150/152/152
f 150/152/152 285/285/285 284/284/284
f 184/183/183 287/286/286 286/287/287
f 286/287/287 182/182/182 184/183/183
f 288/288/288 246/246/246 200/202/202
f 200/202/202 289/289/289 288/288/288
f 290/290/290 289/289/289 200/202/202
f 200/202/202 201/201/201 290/290/290
f 291/291/291 290/290/290 201/201/201
f 201/201/201 146/148/148 291/291/291
f 291/291/291 146/148/148 182/182/182
f 182/182/182 292/292/292 291/291/291
f 182/182/182 286/287/287 293/293/293
f 293/293/293 292/292/292 182/182/182
f 296/294/294 295/295/295 294/296/296
f 294/296/296 298/297/297 297/298/298
f 296/294/294 294/296/296 297/298/298
f 300/299/299 299/300/300 167/167/167
f 167/167/167 301/301/301 300/299/299
f 169/168/168 292/292/292 293/293/293
f 293/293/293 168/169/169 169/168/168
f 292/292/292 169/168/168 138/140/140
f 138/140/140 291/291/291 292/292/292
f 291/291/291 138/140/140 139/139/139
f 139/139/139 290/290/290 291/291/291
f 290/290/290 139/139/139 199/199/199
f 199/199/199 289/289/289 290/290/290
f 303/302/302 158/158/158 302/303/303
f 302/303/303 304/304/304 303/302/302
f 159/159/159 158/158/158 303/302/302
f 303/302/302 305/305/305 159/159/159
f 159/159/159 305/305/305 306/306/306
f 306/306/306 136/134/134 159/159/159
f 136/134/134 306/306/306 307/307/307
f 307/307/307 135/135/135 136/134/134
f 135/135/135 307/307/307 308/308/308
f 308/308/308 188/188/188 135/135/135
f 188/188/188 308/308/308 309/309/309
f 309/309/309 238/238/238 188/188/188
f 267/267/267 233/233/233 310/310/310
f 310/310/310 266/268/268 267/267/267
f 227/227/227 233/233/233 267/267/267
f 267/267/267 270/271/271 227/227/227
f 270/271/271 272/272/272 311/311/311
f 311/311/311 227/227/227 270/271/271
f 311/311/311 155/155/155 156/154/154
f 156/154/154 227/227/227 311/311/311
f 227/227/227 156/154/154 224/225/225
f 224/225/225 226/228/228 227/227/227
f 224/225/225 257/257/257 260/260/260
f 260/260/260 226/228/228 224/225/225
f 279/278/278 223/223/223 312/312/312
f 312/312/312 278/279/279 279/278/278
f 215/215/215 223/223/223 279/278/278
f 279/278/278 280/280/280 215/215/215
f 280/280/280 281/281/281 313/313/313
f 313/313/313 215/215/215 280/280/280
f 313/313/313 151/151/151 152/150/150
f 152/150/150 215/215/215 313/313/313
f 215/215/215 152/150/150 213/213/213
f 213/213/213 214/216/216 215/215/215
f 213/213/213 251/251/251 254/254/254
f 254/254/254 214/216/216 213/213/213
f 283/282/282 211/211/211 314/314/314
f 314/314/314 282/283/283 283/282/282
f 205/205/205 211/211/211 283/282/282
f 283/282/282 284/284/284 205/205/205
f 284/284/284 285/285/285 148/146/146
f 148/146/146 205/205/205 284/284/284
f 148/146/146 149/149/149 202/200/200
f 202/200/200 205/205/205 148/146/146
f 205/205/205 202/200/200 203/203/203
f 203/203/203 204/206/206 205/205/205
f 203/203/203 245/245/245 248/247/247
f 248/247/247 204/206/206 203/203/203
f 264/264/264 235/234/234 268/266/266
f 268/266/266 269/269/269 264/264/264
f 268/266/266 235/234/234 162/160/160
f 162/160/160 271/270/270 268/266/266
f 271/270/270 162/160/160 163/163/163
f 163/163/163 186/185/185 271/270/270
f 276/276/276 194/193/193 180/180/180
f 180/180/180 277/277/277 276/276/276
f 193/194/194 194/193/193 276/276/276
f 276/276/276 274/273/273 193/194/194
f 193/194/194 274/273/273 275/275/275
f 275/275/275 239/239/239 193/194/194
f 202/200/200 149/149/149 146/148/148
f 146/148/148 201/201/201 202/200/200
f 148/146/146 285/285/285 150/152/152
f 150/152/152 147/147/147 148/146/146
f 313/313/313 183/184/184 150/152/152
f 150/152/152 151/151/151 313/313/313
f 313/313/313 281/281/281 154/156/156
f 154/156/156 183/184/184 313/313/313
f 311/311/311 315/315/315 154/156/156
f 154/156/156 155/155/155 311/311/311
f 311/311/311 272/272/272 186/185/185
f 186/185/185 315/315/315 311/311/311
f 160/162/162 185/186/186 186/185/185
f 186/185/185 163/163/163 160/162/162
f 160/162/162 277/277/277 180/180/180
f 180/180/180 185/186/186 160/162/162
f 316/316/316 250/250/250 209/208/208
f 209/208/208 317/317/317 316/316/316
f 317/317/317 209/208/208 175/175/175
f 175/175/175 221/221/221 317/317/317
f 318/318/318 256/256/256 219/219/219
f 219/219/219 319/319/319 318/318/318
f 178/177/177 319/319/319 219/219/219
f 219/219/219 220/218/218 178/177/177
f 176/176/176 177/178/178 220/218/218
f 220/218/218 221/221/221 176/176/176
f 262/261/261 231/230/230 320/320/320
f 320/320/320 321/321/321 262/261/261
f 134/136/136 320/320/320 231/230/230
f 231/230/230 179/179/179 134/136/136
f 192/192/192 190/191/191 322/322/322
f 322/322/322 273/274/274 192/192/192
f 233/233/233 232/232/232 323/323/323
f 323/323/323 310/310/310 233/233/233
f 223/223/223 222/222/222 324/324/324
f 324/324/324 312/312/312 223/223/223
f 211/211/211 210/210/210 325/325/325
f 325/325/325 314/314/314 211/211/211
f 199/199/199 244/244/244 288/288/288
f 288/288/288 289/289/289 199/199/199
f 327/326/326 238/238/238 326/327/327
f 239/239/239 329/328/328 328/329/329
f 328/329/329 240/240/240 239/239/239
f 240/240/240 328/329/329 330/330/330
f 330/330/330 241/241/241 240/240/240
f 332/331/331 242/243/243 331/332/332
f 248/247/247 334/333/333 333/334/334
f 333/334/334 247/248/248 248/247/247
f 336/335/335 250/250/250 335/336/336
f 252/252/252 338/337/337 337/338/338
f 337/338/338 251/251/251 252/252/252
f 254/254/254 337/338/338 339/339/339
f 339/339/339 253/253/253 254/254/254
f 341/340/340 256/256/256 340/341/341
f 258/258/258 343/342/342 342/343/343
f 342/343/343 257/257/257 258/258/258
f 260/260/260 342/343/343 344/344/344
f 344/344/344 259/259/259 260/260/260
f 346/345/345 262/261/261 345/346/346
f 266/268/268 348/347/347 347/348/348
f 347/348/348 269/269/269 266/268/268
f 273/274/274 349/349/349 329/328/328
f 329/328/328 275/275/275 273/274/274
f 278/279/279 350/350/350 343/342/342
f 343/342/342 258/258/258 278/279/279
f 282/283/283 351/351/351 338/337/337
f 338/337/337 252/252/252 282/283/283
f 288/288/288 353/352/352 352/353/353
f 352/353/353 246/246/246 288/288/288
f 245/245/245 352/353/353 334/333/333
f 334/333/333 248/247/247 245/245/245
f 269/269/269 347/348/348 354/354/354
f 354/354/354 264/264/264 269/269/269
f 322/322/322 355/355/355 349/349/349
f 349/349/349 273/274/274 322/322/322
f 323/323/323 356/356/356 348/347/347
f 348/347/347 310/310/310 323/323/323
f 324/324/324 357/357/357 350/350/350
f 350/350/350 312/312/312 324/324/324
f 325/325/325 358/358/358 351/351/351
f 351/351/351 314/314/314 325/325/325
f 244/244/244 332/331/331 353/352/352
f 353/352/352 288/288/288 244/244/244
f 246/246/246 352/353/353 245/245/245
f 264/264/264 354/354/354 263/263/263
f 310/310/310 348/347/347 266/268/268
f 257/257/257 342/343/343 260/260/260
f 312/312/312 350/350/350 278/279/279
f 251/251/251 337/338/338 254/254/254
f 314/314/314 351/351/351 282/283/283
f 275/275/275 329/328/328 239/239/239
f 194/193/193 170/172/172 180/180/180
f 170/172/172 171/171/171 180/180/180
f 137/137/137 134/136/136 179/179/179
f 361/359/359 360/360/360 359/361/361
f 359/361/361 362/362/362 361/359/359
f 121/123/123 122/122/122 131/131/131
f 131/131/131 363/363/363 121/123/123
f 366/364/364 365/365/365 364/366/366
f 364/366/366 367/367/367 366/364/364
f 370/368/368 369/369/369 368/370/370
f 368/370/370 371/371/371 370/368/368
f 361/359/359 373/372/372 372/373/373
f 372/373/373 374/374/374 361/359/359
f 377/375/375 376/376/376 375/377/377
f 375/377/377 378/378/378 377/375/375
f 381/379/379 380/380/380 379/381/381
f 379/381/381 382/382/382 381/379/379
f 367/367/367 364/366/366 383/383/383
f 383/383/383 384/384/384 367/367/367
f 371/371/371 386/385/385 385/386/386
f 385/386/386 370/368/368 371/371/371
f 360/360/360 361/359/359 374/374/374
f 374/374/374 387/387/387 360/360/360
f 123/121/121 126/128/128 127/127/127
f 127/127/127 388/388/388 123/121/121
f 390/389/389 389/390/390 122/122/122
f 122/122/122 391/391/391 390/389/389
f 392/392/392 302/303/303 158/158/158
f 158/158/158 142/144/144 392/392/392
f 395/393/393 394/394/394 393/395/395
f 393/395/395 396/396/396 395/393/393
f 220/218/218 177/178/178 178/177/177
f 397/397/397 381/379/379 382/382/382
f 382/382/382 398/398/398 397/397/397
f 401/399/399 400/400/400 399/401/401
f 399/401/401 402/402/402 401/399/399
f 405/403/403 404/404/404 403/405/405
f 403/405/405 406/406/406 405/403/403
f 408/407/407 407/408/408 378/378/378
f 378/378/378 409/409/409 408/407/407
f 410/410/410 395/393/393 396/396/396
f 396/396/396 411/411/411 410/410/410
f 404/404/404 413/412/412 412/413/413
f 412/413/413 109/109/109 404/404/404
f 404/404/404 109/109/109 106/108/108
f 106/108/108 403/405/405 404/404/404
f 400/400/400 114/116/116 115/115/115
f 115/115/115 399/401/401 400/400/400
f 416/414/414 415/415/415 414/416/416
f 414/416/416 417/417/417 416/414/414
f 418/418/418 416/414/414 417/417/417
f 417/417/417 419/419/419 418/418/418
f 175/175/175 176/176/176 221/221/221
f 287/286/286 299/300/300 300/299/299
f 300/299/299 420/420/420 287/286/286
f 287/286/286 184/183/183 187/187/187
f 187/187/187 299/300/300 287/286/286
f 315/315/315 187/187/187 184/183/183
f 184/183/183 154/156/156 315/315/315
f 402/402/402 399/401/401 421/421/421
f 421/421/421 422/422/422 402/402/402
f 423/423/423 421/421/421 399/401/401
f 399/401/401 115/115/115 423/423/423
f 424/424/424 423/423/423 115/115/115
f 115/115/115 116/114/114 424/424/424
f 393/395/395 394/394/394 425/425/425
f 425/425/425 426/426/426 393/395/395
f 429/427/427 428/428/428 427/429/429
f 427/429/429 430/430/430 429/427/427
f 433/431/431 432/432/432 431/433/433
f 431/433/433 390/389/389 433/431/431
f 435/434/434 434/435/435 388/388/388
f 388/388/388 127/127/127 435/434/434
f 437/436/436 359/361/361 436/437/437
f 436/437/437 438/438/438 437/436/436
f 359/361/361 360/360/360 439/439/439
f 439/439/439 436/437/437 359/361/361
f 440/440/440 429/427/427 430/430/430
f 430/430/430 441/441/441 440/440/440
f 441/441/441 443/442/442 442/443/443
f 442/443/443 440/440/440 441/441/441
f 360/360/360 387/387/387 444/444/444
f 444/444/444 439/439/439 360/360/360
f 445/445/445 442/443/443 443/442/442
f 443/442/442 446/446/446 445/445/445
f 449/447/447 448/448/448 447/449/449
f 447/449/449 450/450/450 449/447/447
f 451/451/451 447/449/449 448/448/448
f 448/448/448 452/452/452 451/451/451
f 454/453/453 453/454/454 120/120/120
f 120/120/120 117/119/119 454/453/453
f 457/455/455 456/456/456 455/457/457
f 455/457/457 458/458/458 457/455/455
f 461/459/459 460/460/460 459/461/461
f 459/461/461 462/462/462 461/459/459
f 465/463/463 464/464/464 463/465/465
f 463/465/465 466/466/466 465/463/463
f 386/385/385 464/464/464 455/457/457
f 455/457/457 385/386/386 386/385/385
f 464/464/464 386/385/385 467/467/467
f 467/467/467 463/465/465 464/464/464
f 440/440/440 469/468/468 468/469/469
f 468/469/469 429/427/427 440/440/440
f 472/470/470 471/471/471 470/472/472
f 470/472/472 468/469/469 472/470/470
f 469/468/468 473/473/473 472/470/470
f 472/470/470 468/469/469 469/468/468
f 476/474/474 475/475/475 474/476/476
f 474/476/476 477/477/477 476/474/474
f 479/478/478 478/479/479 466/466/466
f 466/466/466 463/465/465 479/478/478
f 482/480/480 481/481/481 480/482/482
f 480/482/482 483/483/483 482/480/480
f 484/484/484 377/375/375 378/378/378
f 378/378/378 407/408/408 484/484/484
f 409/409/409 378/378/378 375/377/377
f 375/377/377 485/485/485 409/409/409
f 488/486/486 487/487/487 486/488/488
f 486/488/488 437/436/436 488/486/486
f 359/361/361 437/436/436 486/488/488
f 486/488/488 362/362/362 359/361/361
f 490/489/489 373/372/372 489/490/490
f 489/490/490 491/491/491 490/489/489
f 489/490/490 373/372/372 361/359/359
f 361/359/359 362/362/362 489/490/490
f 494/492/492 493/493/493 492/494/494
f 492/494/494 495/495/495 494/492/492
f 490/489/489 496/496/496 372/373/373
f 372/373/373 373/372/372 490/489/489
f 497/497/497 488/486/486 437/436/436
f 437/436/436 438/438/438 497/497/497
f 475/475/475 476/474/474 498/498/498
f 498/498/498 494/492/492 475/475/475
f 499/499/499 493/493/493 494/492/492
f 494/492/492 498/498/498 499/499/499
f 187/187/187 315/315/315 186/185/185
f 502/500/500 501/501/501 500/502/502
f 500/502/502 503/503/503 502/500/500
f 499/499/499 498/498/498 504/504/504
f 504/504/504 505/505/505 499/499/499
f 476/474/474 473/473/473 504/504/504
f 504/504/504 498/498/498 476/474/474
f 150/152/152 184/183/183 182/182/182
f 182/182/182 147/147/147 150/152/152
f 507/506/506 506/507/507 502/500/500
f 502/500/500 508/508/508 507/506/506
f 507/506/506 392/392/392 509/509/509
f 509/509/509 510/510/510 507/506/506
f 511/511/511 265/265/265 263/263/263
f 263/263/263 354/354/354 511/511/511
f 495/495/495 492/494/494 496/496/496
f 496/496/496 490/489/489 495/495/495
f 493/493/493 499/499/499 512/512/512
f 512/512/512 513/513/513 493/493/493
f 493/493/493 513/513/513 514/514/514
f 514/514/514 492/494/494 493/493/493
f 516/515/515 512/512/512 515/516/516
f 515/516/516 517/517/517 516/515/515
f 505/505/505 504/504/504 518/518/518
f 518/518/518 519/519/519 505/505/505
f 518/518/518 504/504/504 473/473/473
f 520/520/520 506/507/507 517/517/517
f 517/517/517 515/516/516 520/520/520
f 502/500/500 506/507/507 520/520/520
f 520/520/520 501/501/501 502/500/500
f 492/494/494 514/514/514 521/521/521
f 521/521/521 496/496/496 492/494/494
f 521/521/521 522/522/522 372/373/373
f 372/373/373 496/496/496 521/521/521
f 500/502/502 501/501/501 445/445/445
f 445/445/445 446/446/446 500/502/502
f 524/523/523 523/524/524 444/444/444
f 444/444/444 387/387/387 524/523/523
f 519/519/519 518/518/518 442/443/443
f 442/443/443 445/445/445 519/519/519
f 405/403/403 398/398/398 525/525/525
f 525/525/525 526/526/526 405/403/403
f 382/382/382 527/527/527 525/525/525
f 525/525/525 398/398/398 382/382/382
f 529/528/528 528/529/529 423/423/423
f 423/423/423 424/424/424 529/528/528
f 379/381/381 527/527/527 382/382/382
f 417/417/417 414/416/416 530/530/530
f 530/530/530 119/117/117 417/417/417
f 118/118/118 119/117/117 530/530/530
f 530/530/530 531/531/531 118/118/118
f 528/529/529 532/532/532 421/421/421
f 421/421/421 423/423/423 528/529/529
f 404/404/404 405/403/403 526/526/526
f 526/526/526 413/412/412 404/404/404
f 535/533/533 534/534/534 533/535/535
f 533/535/535 536/536/536 535/533/533
f 539/537/537 538/538/538 537/539/539
f 537/539/539 540/540/540 539/537/537
f 543/541/541 542/542/542 541/543/543
f 541/543/543 544/544/544 543/541/541
f 542/542/542 546/545/545 545/546/546
f 545/546/546 541/543/543 542/542/542
f 549/547/547 548/548/548 547/549/549
f 547/549/549 550/550/550 549/547/547
f 552/551/551 534/534/534 551/552/552
f 551/552/552 553/553/553 552/551/551
f 556/554/554 555/555/555 554/556/556
f 554/556/556 557/557/557 556/554/554
f 560/558/558 559/559/559 558/560/560
f 558/560/560 561/561/561 560/558/558
f 561/561/561 558/560/560 562/562/562
f 562/562/562 563/563/563 561/561/561
f 565/564/564 564/565/565 536/536/536
f 536/536/536 533/535/535 565/564/564
f 568/566/566 567/567/567 566/568/568
f 566/568/568 569/569/569 568/566/566
f 572/570/570 571/571/571 570/572/572
f 570/572/572 573/573/573 572/570/570
f 576/574/574 575/575/575 574/576/576
f 574/576/576 577/577/577 576/574/574
f 575/575/575 579/578/578 578/579/579
f 578/579/579 574/576/576 575/575/575
f 581/580/580 580/581/581 570/572/572
f 570/572/572 571/571/571 581/580/580
f 584/582/582 583/583/583 582/584/584
f 582/584/584 585/585/585 584/582/582
f 588/586/586 587/587/587 586/588/588
f 586/588/588 589/589/589 588/586/586
f 592/590/590 591/591/591 590/592/592
f 590/592/592 593/593/593 592/590/590
f 596/594/594 595/595/595 594/596/596
f 599/597/597 598/598/598 597/599/599
f 597/599/599 600/600/600 599/597/597
f 603/601/601 602/602/602 601/603/603
f 601/603/603 604/604/604 603/601/601
f 607/605/605 606/606/606 605/607/607
f 610/608/608 609/609/609 608/610/610
f 613/611/611 612/612/612 611/613/613
f 611/613/613 614/614/614 613/611/611
f 589/589/589 586/588/588 615/615/615
f 615/615/615 616/616/616 589/589/589
f 582/584/584 618/617/617 617/618/618
f 609/609/609 619/619/619 608/610/610
f 585/585/585 582/584/584 620/620/620
f 620/620/620 621/621/621 585/585/585
f 590/592/592 610/608/608 622/622/622
f 622/622/622 613/611/611 590/592/592
f 586/588/588 587/587/587 623/623/623
f 623/623/623 624/624/624 586/588/588
f 613/611/611 614/614/614 593/593/593
f 593/593/593 590/592/592 613/611/611
f 624/624/624 625/625/625 615/615/615
f 615/615/615 586/588/588 624/624/624
f 626/626/626 594/596/596 595/595/595
f 595/595/595 627/627/627 626/626/626
f 629/628/628 598/598/598 628/629/629
f 628/629/629 630/630/630 629/628/628
f 632/631/631 602/602/602 631/632/632
f 631/632/632 633/633/633 632/631/631
f 619/619/619 635/634/634 634/635/635
f 634/635/635 608/610/610 619/619/619
f 584/582/582 637/636/636 636/637/637
f 636/637/637 583/583/583 584/582/582
f 640/638/638 639/639/639 638/640/640
f 638/640/640 641/641/641 640/638/638
f 644/642/642 643/643/643 642/644/644
f 642/644/644 645/645/645 644/642/642
f 647/646/646 646/647/647 645/645/645
f 645/645/645 642/644/644 647/646/646
f 616/616/616 649/648/648 648/649/649
f 648/649/649 589/589/589 616/616/616
f 650/650/650 588/586/586 589/589/589
f 589/589/589 648/649/649 650/650/650
f 653/651/651 652/652/652 651/653/653
f 651/653/653 654/654/654 653/651/651
f 657/655/655 656/656/656 655/657/657
f 655/657/657 658/658/658 657/655/655
f 660/659/659 616/616/616 659/660/660
f 659/660/660 661/661/661 660/659/659
f 658/658/658 663/662/662 662/663/663
f 662/663/663 657/655/655 658/658/658
f 666/664/664 665/665/665 664/666/666
f 664/666/666 667/667/667 666/664/664
f 670/668/668 669/669/669 668/670/670
f 668/670/670 671/671/671 670/668/668
f 674/672/672 673/673/673 672/674/674
f 672/674/674 675/675/675 674/672/672
f 671/671/671 677/676/676 676/677/677
f 676/677/677 670/668/668 671/671/671
f 680/678/678 679/679/679 678/680/680
f 678/680/680 681/681/681 680/678/678
f 684/682/682 683/683/683 682/684/684
f 682/684/684 685/685/685 684/682/682
f 687/686/686 686/687/687 617/618/618
f 617/618/618 618/617/617 687/686/686
f 685/685/685 689/688/688 688/689/689
f 688/689/689 684/682/682 685/685/685
f 691/690/690 641/641/641 690/691/691
f 690/691/691 692/692/692 691/690/690
f 641/641/641 691/690/690 693/693/693
f 693/693/693 640/638/638 641/641/641
f 636/637/637 637/636/636 694/694/694
f 694/694/694 695/695/695 636/637/637
f 643/643/643 697/696/696 696/697/697
f 696/697/697 642/644/644 643/643/643
f 698/698/698 647/646/646 642/644/644
f 642/644/644 696/697/697 698/698/698
f 699/699/699 648/649/649 649/648/648
f 649/648/648 700/700/700 699/699/699
f 650/650/650 648/649/649 699/699/699
f 699/699/699 701/701/701 650/650/650
f 651/653/653 652/652/652 702/702/702
f 702/702/702 703/703/703 651/653/653
f 704/704/704 655/657/657 656/656/656
f 656/656/656 705/705/705 704/704/704
f 660/659/659 661/661/661 706/706/706
f 706/706/706 707/707/707 660/659/659
f 664/666/666 665/665/665 708/708/708
f 708/708/708 709/709/709 664/666/666
f 668/670/670 669/669/669 710/710/710
f 710/710/710 711/711/711 668/670/670
f 673/673/673 674/672/672 712/712/712
f 712/712/712 713/713/713 673/673/673
f 680/678/678 681/681/681 714/714/714
f 714/714/714 715/715/715 680/678/678
f 682/684/684 683/683/683 716/716/716
f 716/716/716 717/717/717 682/684/684
f 719/718/718 718/719/719 686/687/687
f 686/687/687 687/686/686 719/718/718
f 691/690/690 692/692/692 720/720/720
f 720/720/720 721/721/721 691/690/690
f 693/693/693 691/690/690 721/721/721
f 721/721/721 722/722/722 693/693/693
f 725/723/723 724/724/724 723/725/725
f 723/725/725 726/726/726 725/723/723
f 728/727/727 727/728/728 725/723/723
f 725/723/723 726/726/726 728/727/727
f 729/729/729 635/634/634 603/601/601
f 603/601/601 730/730/730 729/729/729
f 635/634/634 619/619/619 633/633/633
f 633/633/633 631/632/632 635/634/634
f 638/640/640 732/731/731 731/732/732
f 731/732/732 733/733/733 638/640/640
f 734/734/734 641/641/641 638/640/640
f 638/640/640 733/733/733 734/734/734
f 605/607/607 606/606/606 735/735/735
f 622/622/622 610/608/608 608/610/610
f 608/610/610 634/635/635 622/622/622
f 737/736/736 736/737/737 714/714/714
f 714/714/714 681/681/681 737/736/736
f 678/680/680 738/738/738 737/736/736
f 737/736/736 681/681/681 678/680/680
f 601/603/603 602/602/602 599/597/597
f 599/597/597 739/739/739 601/603/603
f 602/602/602 632/631/631 630/630/630
f 630/630/630 628/629/629 602/602/602
f 741/740/740 740/741/741 708/708/708
f 708/708/708 665/665/665 741/740/740
f 666/664/664 742/742/742 741/740/740
f 741/740/740 665/665/665 666/664/664
f 597/599/599 598/598/598 596/594/594
f 596/594/594 743/743/743 597/599/599
f 598/598/598 629/628/628 627/627/627
f 627/627/627 595/595/595 598/598/598
f 627/627/627 629/628/628 744/744/744
f 702/702/702 652/652/652 745/745/745
f 745/745/745 746/746/746 702/702/702
f 745/745/745 652/652/652 653/651/651
f 653/651/651 747/747/747 745/745/745
f 749/748/748 748/749/749 594/596/596
f 594/596/596 750/750/750 749/748/748
f 751/751/751 750/750/750 594/596/596
f 594/596/596 626/626/626 751/751/751
f 744/744/744 752/752/752 626/626/626
f 626/626/626 627/627/627 744/744/744
f 752/752/752 744/744/744 753/753/753
f 753/753/753 754/754/754 752/752/752
f 757/755/755 756/756/756 755/757/757
f 755/757/757 758/758/758 757/755/755
f 758/758/758 760/759/759 759/760/760
f 759/760/760 757/755/755 758/758/758
f 760/759/759 762/761/761 761/762/762
f 761/762/762 759/760/760 760/759/759
f 578/579/579 591/591/591 592/590/590
f 592/590/590 763/763/763 578/579/579
f 591/591/591 578/579/579 764/764/764
f 764/764/764 609/609/609 591/591/591
f 765/765/765 609/609/609 764/764/764
f 764/764/764 766/766/766 765/765/765
f 769/767/767 768/768/768 767/769/769
f 767/769/769 770/770/770 769/767/767
f 768/768/768 771/771/771 751/751/751
f 751/751/751 767/769/769 768/768/768
f 771/771/771 772/772/772 750/750/750
f 750/750/750 751/751/751 771/771/771
f 772/772/772 773/773/773 749/748/748
f 749/748/748 750/750/750 772/772/772
f 775/774/774 774/775/775 745/745/745
f 745/745/745 747/747/747 775/774/774
f 592/590/590 761/762/762 762/761/761
f 762/761/761 763/763/763 592/590/590
f 593/593/593 614/614/614 585/585/585
f 585/585/585 621/621/621 593/593/593
f 614/614/614 611/613/613 584/582/582
f 584/582/582 585/585/585 614/614/614
f 611/613/613 776/776/776 637/636/636
f 637/636/636 584/582/582 611/613/613
f 776/776/776 777/777/777 694/694/694
f 694/694/694 637/636/636 776/776/776
f 688/689/689 778/778/778 724/724/724
f 724/724/724 725/723/723 688/689/689
f 688/689/689 725/723/723 727/728/728
f 727/728/728 684/682/682 688/689/689
f 779/779/779 730/730/730 603/601/601
f 779/779/779 603/601/601 604/604/604
f 679/679/679 680/678/678 683/683/683
f 683/683/683 684/682/682 679/679/679
f 715/715/715 716/716/716 683/683/683
f 683/683/683 680/678/678 715/715/715
f 676/677/677 780/780/780 736/737/737
f 736/737/737 737/736/736 676/677/677
f 676/677/677 737/736/736 738/738/738
f 738/738/738 670/668/668 676/677/677
f 781/781/781 739/739/739 599/597/597
f 781/781/781 599/597/597 600/600/600
f 667/667/667 664/666/666 669/669/669
f 669/669/669 670/668/668 667/667/667
f 709/709/709 710/710/710 669/669/669
f 669/669/669 664/666/666 709/709/709
f 662/663/663 782/782/782 740/741/741
f 740/741/741 741/740/740 662/663/663
f 662/663/663 741/740/740 742/742/742
f 742/742/742 657/655/655 662/663/663
f 783/783/783 743/743/743 596/594/594
f 783/783/783 596/594/594 784/784/784
f 654/654/654 651/653/653 656/656/656
f 656/656/656 657/655/655 654/654/654
f 703/703/703 705/705/705 656/656/656
f 656/656/656 651/653/653 703/703/703
f 692/692/692 726/726/726 723/725/725
f 723/725/725 720/720/720 692/692/692
f 692/692/692 690/691/691 728/727/727
f 728/727/727 726/726/726 692/692/692
f 607/605/605 605/607/607 635/634/634
f 635/634/634 729/729/729 607/605/605
f 785/785/785 622/622/622 605/607/607
f 605/607/607 735/735/735 785/785/785
f 644/642/642 734/734/734 733/733/733
f 733/733/733 643/643/643 644/642/642
f 733/733/733 731/732/732 697/696/696
f 697/696/696 643/643/643 733/733/733
f 596/594/594 594/596/596 748/749/749
f 748/749/749 784/784/784 596/594/594
f 595/595/595 596/594/594 598/598/598
f 599/597/597 628/629/629 598/598/598
f 628/629/629 599/597/597 602/602/602
f 603/601/601 631/632/632 602/602/602
f 631/632/632 603/601/601 635/634/634
f 605/607/607 634/635/635 635/634/634
f 634/635/635 605/607/607 622/622/622
f 706/706/706 661/661/661 786/786/786
f 786/786/786 787/787/787 706/706/706
f 661/661/661 659/660/660 672/674/674
f 672/674/674 786/786/786 661/661/661
f 712/712/712 674/672/672 788/788/788
f 788/788/788 789/789/789 712/712/712
f 788/788/788 674/672/672 675/675/675
f 675/675/675 617/618/618 788/788/788
f 617/618/618 675/675/675 790/790/790
f 790/790/790 582/584/584 617/618/618
f 687/686/686 792/791/791 791/792/792
f 791/792/792 719/718/718 687/686/686
f 792/791/791 687/686/686 618/617/617
f 618/617/617 583/583/583 792/791/791
f 639/639/639 793/793/793 732/731/731
f 732/731/731 638/640/640 639/639/639
f 689/688/688 794/794/794 778/778/778
f 778/778/778 688/689/689 689/688/688
f 677/676/676 795/795/795 780/780/780
f 780/780/780 676/677/677 677/676/676
f 663/662/662 796/796/796 782/782/782
f 782/782/782 662/663/663 663/662/662
f 797/797/797 746/746/746 745/745/745
f 745/745/745 774/775/775 797/797/797
f 695/695/695 694/694/694 798/798/798
f 800/799/799 799/800/800 696/697/697
f 696/697/697 697/696/696 800/799/799
f 799/800/800 801/801/801 698/698/698
f 698/698/698 696/697/697 799/800/800
f 699/699/699 802/802/802 701/701/701
f 804/803/803 803/804/804 704/704/704
f 704/704/704 705/705/705 804/803/803
f 707/707/707 706/706/706 805/805/805
f 807/806/806 806/807/807 709/709/709
f 709/709/709 708/708/708 807/806/806
f 806/807/807 808/808/808 711/711/711
f 711/711/711 710/710/710 806/807/807
f 713/713/713 712/712/712 809/809/809
f 811/810/810 810/811/811 715/715/715
f 715/715/715 714/714/714 811/810/810
f 810/811/811 812/812/812 717/717/717
f 717/717/717 716/716/716 810/811/811
f 718/719/719 719/718/718 813/813/813
f 815/814/814 814/815/815 722/722/722
f 722/722/722 721/721/721 815/814/814
f 817/816/816 816/817/817 723/725/725
f 723/725/725 724/724/724 817/816/816
f 818/818/818 800/799/799 731/732/732
f 731/732/732 732/731/731 818/818/818
f 819/819/819 811/810/810 714/714/714
f 714/714/714 736/737/737 819/819/819
f 820/820/820 807/806/806 708/708/708
f 708/708/708 740/741/741 820/820/820
f 822/821/821 821/822/822 702/702/702
f 702/702/702 746/746/746 822/821/821
f 821/822/822 804/803/803 705/705/705
f 705/705/705 703/703/703 821/822/822
f 816/817/817 815/814/814 720/720/720
f 720/720/720 723/725/725 816/817/817
f 823/823/823 818/818/818 732/731/731
f 732/731/731 793/793/793 823/823/823
f 824/824/824 817/816/816 778/778/778
f 778/778/778 794/794/794 824/824/824
f 825/825/825 819/819/819 780/780/780
f 780/780/780 795/795/795 825/825/825
f 826/826/826 820/820/820 782/782/782
f 782/782/782 796/796/796 826/826/826
f 827/827/827 822/821/821 746/746/746
f 746/746/746 797/797/797 827/827/827
f 829/828/828 828/829/829 579/578/578
f 579/578/578 575/575/575 829/828/828
f 830/830/830 829/828/828 575/575/575
f 575/575/575 576/574/574 830/830/830
f 569/569/569 831/831/831 770/770/770
f 770/770/770 568/566/566 569/569/569
f 833/832/832 832/833/833 573/573/573
f 573/573/573 570/572/572 833/832/832
f 833/832/832 570/572/572 580/581/581
f 580/581/581 834/834/834 833/832/832
f 835/835/835 579/578/578 828/829/829
f 828/829/829 836/836/836 835/835/835
f 766/766/766 764/764/764 835/835/835
f 835/835/835 837/837/837 766/766/766
f 755/757/757 839/838/838 838/839/839
f 838/839/839 758/758/758 755/757/757
f 758/758/758 838/839/839 840/840/840
f 840/840/840 760/759/759 758/758/758
f 841/841/841 763/763/763 762/761/761
f 762/761/761 842/842/842 841/841/841
f 839/838/838 843/843/843 838/839/839
f 833/832/832 834/834/834 844/844/844
f 844/844/844 843/843/843 833/832/832
f 821/822/822 703/703/703 702/702/702
f 815/814/814 721/721/721 720/720/720
f 817/816/816 724/724/724 778/778/778
f 810/811/811 716/716/716 715/715/715
f 819/819/819 736/737/737 780/780/780
f 806/807/807 710/710/710 709/709/709
f 820/820/820 740/741/741 782/782/782
f 800/799/799 697/696/696 731/732/732
f 612/612/612 622/622/622 785/785/785
f 632/631/631 765/765/765 744/744/744
f 744/744/744 630/630/630 632/631/631
f 613/611/611 622/622/622 612/612/612
f 583/583/583 618/617/617 582/584/584
f 578/579/579 763/763/763 841/841/841
f 841/841/841 574/576/576 578/579/579
f 845/845/845 769/767/767 770/770/770
f 770/770/770 831/831/831 845/845/845
f 848/846/846 847/847/847 846/848/848
f 846/848/848 849/849/849 848/846/846
f 571/571/571 851/850/850 850/851/851
f 850/851/851 581/580/580 571/571/571
f 549/547/547 853/852/852 852/853/853
f 852/853/853 548/548/548 549/547/547
f 856/854/854 855/855/855 854/856/856
f 854/856/856 857/857/857 856/854/854
f 856/854/854 857/857/857 542/542/542
f 542/542/542 543/541/541 856/854/854
f 546/545/545 542/542/542 857/857/857
f 857/857/857 858/858/858 546/545/545
f 861/859/859 860/860/860 859/861/861
f 859/861/861 862/862/862 861/859/859
f 537/539/539 864/863/863 863/864/864
f 863/864/864 865/865/865 537/539/539
f 540/540/540 537/539/539 865/865/865
f 865/865/865 866/866/866 540/540/540
f 859/861/861 540/540/540 866/866/866
f 866/866/866 867/867/867 859/861/861
f 862/862/862 859/861/861 867/867/867
f 867/867/867 868/868/868 862/862/862
f 846/848/848 870/869/869 869/870/870
f 869/870/870 849/849/849 846/848/848
f 873/871/871 872/872/872 871/873/873
f 871/873/873 874/874/874 873/871/871
f 875/875/875 547/549/549 851/850/850
f 851/850/850 876/876/876 875/875/875
f 580/581/581 576/574/574 577/577/577
f 577/577/577 834/834/834 580/581/581
f 581/580/580 830/830/830 576/574/574
f 576/574/574 580/581/581 581/580/580
f 844/844/844 834/834/834 577/577/577
f 577/577/577 877/877/877 844/844/844
f 878/878/878 546/545/545 858/858/858
f 858/858/858 879/879/879 878/878/878
f 880/880/880 545/546/546 546/545/545
f 546/545/545 878/878/878 880/880/880
f 840/840/840 842/842/842 762/761/761
f 762/761/761 760/759/759 840/840/840
f 881/881/881 854/856/856 855/855/855
f 855/855/855 882/882/882 881/881/881
f 874/874/874 871/873/873 883/883/883
f 883/883/883 837/837/837 874/874/874
f 884/884/884 754/754/754 753/753/753
f 753/753/753 883/883/883 884/884/884
f 887/885/885 886/886/886 885/887/887
f 885/887/887 848/846/846 887/885/885
f 591/591/591 609/609/609 610/608/608
f 610/608/608 590/592/592 591/591/591
f 538/538/538 539/537/537 888/888/888
f 888/888/888 889/889/889 538/538/538
f 579/578/578 835/835/835 764/764/764
f 764/764/764 578/579/579 579/578/578
f 828/829/829 829/828/828 890/890/890
f 890/890/890 891/891/891 828/829/829
f 829/828/828 830/830/830 892/892/892
f 892/892/892 890/890/890 829/828/828
f 893/893/893 566/568/568 567/567/567
f 567/567/567 894/894/894 893/893/893
f 851/850/850 571/571/571 572/570/570
f 572/570/570 876/876/876 851/850/850
f 830/830/830 581/580/580 850/851/851
f 850/851/851 892/892/892 830/830/830
f 547/549/549 548/548/548 850/851/851
f 850/851/851 851/850/850 547/549/549
f 891/891/891 896/895/895 895/896/896
f 895/896/896 897/897/897 891/891/891
f 548/548/548 852/853/853 892/892/892
f 892/892/892 850/851/851 548/548/548
f 898/898/898 550/550/550 547/549/549
f 547/549/549 875/875/875 898/898/898
f 852/853/853 899/899/899 890/890/890
f 890/890/890 892/892/892 852/853/853
f 899/899/899 896/895/895 891/891/891
f 891/891/891 890/890/890 899/899/899
f 856/854/854 901/900/900 900/901/901
f 900/901/901 855/855/855 856/854/854
f 902/902/902 554/556/556 555/555/555
f 555/555/555 903/903/903 902/902/902
f 854/856/856 904/904/904 858/858/858
f 858/858/858 857/857/857 854/856/856
f 907/905/905 906/906/906 905/907/907
f 905/907/907 908/908/908 907/905/905
f 904/904/904 909/909/909 879/879/879
f 879/879/879 858/858/858 904/904/904
f 910/910/910 884/884/884 883/883/883
f 883/883/883 871/873/873 910/910/910
f 911/911/911 910/910/910 871/873/873
f 871/873/873 872/872/872 911/911/911
f 912/912/912 861/859/859 901/900/900
f 901/900/900 913/913/913 912/912/912
f 914/914/914 885/887/887 886/886/886
f 886/886/886 915/915/915 914/914/914
f 917/916/916 916/917/917 885/887/887
f 885/887/887 914/914/914 917/916/916
f 916/917/917 917/916/916 918/918/918
f 919/919/919 847/847/847 916/917/917
f 916/917/917 918/918/918 919/919/919
f 914/914/914 915/915/915 555/555/555
f 555/555/555 556/554/554 914/914/914
f 555/555/555 915/915/915 920/920/920
f 920/920/920 903/903/903 555/555/555
f 847/847/847 848/846/846 885/887/887
f 885/887/887 916/917/917 847/847/847
f 887/885/885 848/846/846 849/849/849
f 849/849/849 921/921/921 887/885/885
f 846/848/848 847/847/847 919/919/919
f 919/919/919 870/869/869 846/848/848
f 868/868/868 887/885/885 921/921/921
f 921/921/921 862/862/862 868/868/868
f 869/870/870 870/869/869 895/896/896
f 895/896/896 922/922/922 869/870/870
f 918/918/918 872/872/872 919/919/919
f 744/744/744 765/765/765 766/766/766
f 766/766/766 753/753/753 744/744/744
f 753/753/753 766/766/766 837/837/837
f 837/837/837 883/883/883 753/753/753
f 873/871/871 874/874/874 836/836/836
f 836/836/836 897/897/897 873/871/871
f 836/836/836 874/874/874 837/837/837
f 837/837/837 835/835/835 836/836/836
f 919/919/919 872/872/872 873/871/871
f 873/871/871 870/869/869 919/919/919
f 870/869/869 873/871/871 897/897/897
f 897/897/897 895/896/896 870/869/869
f 619/619/619 765/765/765 633/633/633
f 843/843/843 839/838/838 832/833/833
f 832/833/833 833/832/832 843/843/843
f 843/843/843 844/844/844 840/840/840
f 840/840/840 838/839/839 843/843/843
f 844/844/844 877/877/877 842/842/842
f 842/842/842 840/840/840 844/844/844
f 872/872/872 918/918/918 917/916/916
f 917/916/916 911/911/911 872/872/872
f 864/863/863 537/539/539 538/538/538
f 538/538/538 923/923/923 864/863/863
f 889/889/889 924/924/924 923/923/923
f 923/923/923 538/538/538 889/889/889
f 841/841/841 877/877/877 577/577/577
f 577/577/577 574/576/576 841/841/841
f 841/841/841 842/842/842 877/877/877
f 615/615/615 625/625/625 925/925/925
f 925/925/925 790/790/790 615/615/615
f 616/616/616 615/615/615 659/660/660
f 925/925/925 620/620/620 582/584/584
f 582/584/584 790/790/790 925/925/925
f 790/790/790 672/674/674 659/660/660
f 659/660/660 615/615/615 790/790/790
f 790/790/790 675/675/675 672/674/674
f 625/625/625 624/624/624 926/926/926
f 926/926/926 927/927/927 625/625/625
f 625/625/625 927/927/927 928/928/928
f 928/928/928 925/925/925 625/625/625
f 624/624/624 623/623/623 926/926/926
f 927/927/927 757/755/755 759/760/760
f 759/760/760 928/928/928 927/927/927
f 757/755/755 927/927/927 926/926/926
f 926/926/926 756/756/756 757/755/755
f 926/926/926 623/623/623 756/756/756
f 621/621/621 620/620/620 929/929/929
f 929/929/929 930/930/930 621/621/621
f 929/929/929 759/760/760 761/762/762
f 761/762/762 930/930/930 929/929/929
f 593/593/593 621/621/621 930/930/930
f 930/930/930 592/590/590 593/593/593
f 761/762/762 592/590/590 930/930/930
f 929/929/929 928/928/928 759/760/760
f 929/929/929 620/620/620 925/925/925
f 925/925/925 928/928/928 929/929/929
f 904/904/904 854/856/856 881/881/881
f 881/881/881 853/852/852 904/904/904
f 881/881/881 882/882/882 896/895/895
f 896/895/895 899/899/899 881/881/881
f 853/852/852 881/881/881 899/899/899
f 899/899/899 852/853/853 853/852/852
f 860/860/860 539/537/537 540/540/540
f 540/540/540 859/861/861 860/860/860
f 910/910/910 911/911/911 894/894/894
f 894/894/894 567/567/567 910/910/910
f 884/884/884 910/910/910 567/567/567
f 567/567/567 568/566/566 884/884/884
f 754/754/754 884/884/884 568/566/566
f 568/566/566 770/770/770 754/754/754
f 767/769/769 752/752/752 754/754/754
f 754/754/754 770/770/770 767/769/769
f 751/751/751 626/626/626 752/752/752
f 752/752/752 767/769/769 751/751/751
f 886/886/886 887/885/885 868/868/868
f 868/868/868 931/931/931 886/886/886
f 556/554/554 932/932/932 917/916/916
f 917/916/916 914/914/914 556/554/554
f 932/932/932 894/894/894 911/911/911
f 911/911/911 917/916/916 932/932/932
f 849/849/849 869/870/870 933/933/933
f 933/933/933 921/921/921 849/849/849
f 934/934/934 931/931/931 868/868/868
f 868/868/868 867/867/867 934/934/934
f 931/931/931 920/920/920 915/915/915
f 915/915/915 886/886/886 931/931/931
f 936/935/935 935/936/936 560/558/558
f 560/558/558 561/561/561 936/935/935
f 922/922/922 895/896/896 896/895/895
f 896/895/895 882/882/882 922/922/922
f 922/922/922 882/882/882 855/855/855
f 855/855/855 900/901/901 922/922/922
f 828/829/829 891/891/891 897/897/897
f 897/897/897 836/836/836 828/829/829
f 933/933/933 869/870/870 922/922/922
f 922/922/922 900/901/901 933/933/933
f 893/893/893 894/894/894 932/932/932
f 932/932/932 937/937/937 893/893/893
f 938/938/938 449/447/447 450/450/450
f 450/450/450 939/939/939 938/938/938
f 556/554/554 557/557/557 937/937/937
f 937/937/937 932/932/932 556/554/554
f 422/422/422 421/421/421 532/532/532
f 532/532/532 415/415/415 422/422/422
f 865/865/865 863/864/864 935/936/936
f 935/936/936 936/935/935 865/865/865
f 442/443/443 518/518/518 469/468/468
f 469/468/468 440/440/440 442/443/443
f 518/518/518 473/473/473 469/468/468
f 461/459/459 465/463/463 466/466/466
f 466/466/466 460/460/460 461/459/459
f 132/130/130 133/133/133 940/940/940
f 940/940/940 941/941/941 132/130/130
f 941/941/941 940/940/940 942/942/942
f 942/942/942 459/461/461 941/941/941
f 459/461/461 942/942/942 943/943/943
f 943/943/943 462/462/462 459/461/461
f 462/462/462 943/943/943 944/944/944
f 944/944/944 945/945/945 462/462/462
f 474/476/476 475/475/475 946/946/946
f 946/946/946 947/947/947 474/476/476
f 495/495/495 946/946/946 475/475/475
f 475/475/475 494/492/492 495/495/495
f 946/946/946 495/495/495 490/489/489
f 490/489/489 491/491/491 946/946/946
f 946/946/946 491/491/491 948/948/948
f 948/948/948 947/947/947 946/946/946
f 949/949/949 948/948/948 491/491/491
f 491/491/491 489/490/490 949/949/949
f 949/949/949 489/490/490 362/362/362
f 362/362/362 486/488/488 949/949/949
f 390/389/389 391/391/391 433/431/431
f 465/463/463 458/458/458 455/457/457
f 455/457/457 464/464/464 465/463/463
f 950/950/950 458/458/458 465/463/463
f 465/463/463 461/459/459 950/950/950
f 945/945/945 950/950/950 461/459/459
f 461/459/459 462/462/462 945/945/945
f 951/951/951 941/941/941 459/461/461
f 459/461/461 460/460/460 951/951/951
f 460/460/460 466/466/466 478/479/479
f 478/479/479 951/951/951 460/460/460
f 483/483/483 952/952/952 467/467/467
f 467/467/467 482/480/480 483/483/483
f 953/953/953 132/130/130 941/941/941
f 941/941/941 951/951/951 953/953/953
f 955/954/954 954/955/955 478/479/479
f 478/479/479 479/478/478 955/954/954
f 957/956/956 956/957/957 952/952/952
f 952/952/952 483/483/483 957/956/956
f 483/483/483 480/482/482 957/956/956
f 954/955/955 953/953/953 951/951/951
f 951/951/951 478/479/479 954/955/955
f 125/124/124 363/363/363 953/953/953
f 953/953/953 954/955/955 125/124/124
f 113/113/113 958/958/958 363/363/363
f 363/363/363 125/124/124 113/113/113
f 959/959/959 958/958/958 113/113/113
f 113/113/113 110/112/112 959/959/959
f 123/121/121 121/123/123 960/960/960
f 960/960/960 126/128/128 123/121/121
f 124/125/125 125/124/124 954/955/955
f 954/955/955 955/954/954 124/125/125
f 377/375/375 484/484/484 956/957/957
f 956/957/957 957/956/956 377/375/375
f 376/376/376 377/375/375 957/956/956
f 957/956/956 480/482/482 376/376/376
f 952/952/952 479/478/478 463/465/465
f 463/465/465 467/467/467 952/952/952
f 956/957/957 955/954/954 479/478/478
f 479/478/478 952/952/952 956/957/957
f 484/484/484 124/125/125 955/954/954
f 955/954/954 956/957/957 484/484/484
f 112/110/110 124/125/125 484/484/484
f 484/484/484 407/408/408 112/110/110
f 111/111/111 112/110/110 407/408/408
f 407/408/408 408/407/407 111/111/111
f 470/472/472 428/428/428 429/427/427
f 429/427/427 468/469/469 470/472/472
f 948/948/948 949/949/949 961/961/961
f 961/961/961 962/962/962 948/948/948
f 947/947/947 948/948/948 962/962/962
f 962/962/962 963/963/963 947/947/947
f 474/476/476 947/947/947 963/963/963
f 963/963/963 964/964/964 474/476/476
f 477/477/477 474/476/476 964/964/964
f 964/964/964 965/965/965 477/477/477
f 122/122/122 389/390/390 130/132/132
f 130/132/132 131/131/131 122/122/122
f 131/131/131 132/130/130 953/953/953
f 953/953/953 363/363/363 131/131/131
f 391/391/391 122/122/122 123/121/121
f 123/121/121 388/388/388 391/391/391
f 472/470/470 477/477/477 965/965/965
f 965/965/965 471/471/471 472/470/470
f 388/388/388 434/435/435 433/431/431
f 433/431/431 391/391/391 388/388/388
f 434/435/435 967/966/966 966/967/967
f 961/961/961 949/949/949 486/488/488
f 486/488/488 968/968/968 961/961/961
f 457/455/455 458/458/458 950/950/950
f 950/950/950 969/969/969 457/455/455
f 970/970/970 969/969/969 950/950/950
f 950/950/950 945/945/945 970/970/970
f 971/971/971 970/970/970 945/945/945
f 945/945/945 944/944/944 971/971/971
f 974/972/972 973/973/973 972/974/974
f 972/974/974 975/975/975 974/972/972
f 972/974/974 977/976/976 976/977/977
f 976/977/977 975/975/975 972/974/974
f 936/935/935 978/978/978 866/866/866
f 866/866/866 865/865/865 936/935/935
f 978/978/978 936/935/935 561/561/561
f 561/561/561 563/563/563 978/978/978
f 920/920/920 931/931/931 934/934/934
f 978/978/978 934/934/934 867/867/867
f 867/867/867 866/866/866 978/978/978
f 563/563/563 920/920/920 934/934/934
f 934/934/934 978/978/978 563/563/563
f 562/562/562 903/903/903 920/920/920
f 920/920/920 563/563/563 562/562/562
f 981/979/979 980/980/980 979/981/981
f 979/981/981 448/448/448 981/979/979
f 406/406/406 397/397/397 398/398/398
f 398/398/398 405/403/403 406/406/406
f 982/982/982 879/879/879 909/909/909
f 452/452/452 984/983/983 983/984/984
f 983/984/984 451/451/451 452/452/452
f 452/452/452 448/448/448 979/981/981
f 412/413/413 108/106/106 109/109/109
f 981/979/979 448/448/448 449/447/447
f 449/447/447 938/938/938 981/979/979
f 987/985/985 986/986/986 985/987/987
f 985/987/987 988/988/988 987/985/985
f 989/989/989 535/533/533 985/987/987
f 985/987/987 986/986/986 989/989/989
f 535/533/533 536/536/536 990/990/990
f 990/990/990 985/987/987 535/533/533
f 991/991/991 988/988/988 985/987/987
f 985/987/987 990/990/990 991/991/991
f 984/983/983 993/992/992 992/993/993
f 992/993/993 983/984/984 984/983/983
f 564/565/565 994/994/994 990/990/990
f 990/990/990 536/536/536 564/565/565
f 990/990/990 994/994/994 995/995/995
f 995/995/995 991/991/991 990/990/990
f 996/996/996 992/993/993 993/992/992
f 993/992/992 997/997/997 996/996/996
f 550/550/550 898/898/898 906/906/906
f 906/906/906 907/905/905 550/550/550
f 909/909/909 549/547/547 550/550/550
f 550/550/550 907/905/905 909/909/909
f 853/852/852 549/547/547 909/909/909
f 909/909/909 904/904/904 853/852/852
f 903/903/903 562/562/562 998/998/998
f 998/998/998 902/902/902 903/903/903
f 998/998/998 562/562/562 558/560/560
f 558/560/560 999/999/999 998/998/998
f 1000/1000/1000 529/528/528 424/424/424
f 424/424/424 1001/1001/1001 1000/1000/1000
f 1001/1001/1001 424/424/424 116/114/114
f 999/999/999 558/560/560 559/559/559
f 909/909/909 907/905/905 908/908/908
f 908/908/908 982/982/982 909/909/909
f 1002/1002/1002 880/880/880 878/878/878
f 878/878/878 982/982/982 1002/1002/1002
f 994/994/994 1002/1002/1002 1003/1003/1003
f 1003/1003/1003 995/995/995 994/994/994
f 1004/1004/1004 996/996/996 997/997/997
f 997/997/997 1005/1005/1005 1004/1004/1004
f 878/878/878 879/879/879 982/982/982
f 1006/1006/1006 1004/1004/1004 1005/1005/1005
f 1005/1005/1005 1007/1007/1007 1006/1006/1006
f 880/880/880 1002/1002/1002 994/994/994
f 994/994/994 564/565/565 880/880/880
f 1007/1007/1007 1009/1008/1008 1008/1009/1009
f 1008/1009/1009 1006/1006/1006 1007/1007/1007
f 1003/1003/1003 1002/1002/1002 1010/1010/1010
f 1010/1010/1010 1011/1011/1011 1003/1003/1003
f 1013/1012/1012 1012/1013/1013 1011/1011/1011
f 1011/1011/1011 1010/1010/1010 1013/1012/1012
f 982/982/982 908/908/908 1010/1010/1010
f 1010/1010/1010 1002/1002/1002 982/982/982
f 1013/1012/1012 1010/1010/1010 908/908/908
f 908/908/908 905/907/907 1013/1012/1012
f 426/426/426 425/425/425 958/958/958
f 958/958/958 959/959/959 426/426/426
f 363/363/363 958/958/958 425/425/425
f 425/425/425 121/123/123 363/363/363
f 913/913/913 1014/1014/1014 888/888/888
f 888/888/888 912/912/912 913/913/913
f 900/901/901 901/900/900 861/859/859
f 861/859/859 933/933/933 900/901/901
f 551/552/552 924/924/924 889/889/889
f 889/889/889 553/553/553 551/552/552
f 1014/1014/1014 553/553/553 889/889/889
f 889/889/889 888/888/888 1014/1014/1014
f 912/912/912 888/888/888 539/537/537
f 539/537/537 860/860/860 912/912/912
f 912/912/912 860/860/860 861/859/859
f 1014/1014/1014 544/544/544 552/551/551
f 552/551/551 553/553/553 1014/1014/1014
f 543/541/541 544/544/544 1014/1014/1014
f 1014/1014/1014 913/913/913 543/541/541
f 856/854/854 543/541/541 913/913/913
f 913/913/913 901/900/900 856/854/854
f 861/859/859 862/862/862 921/921/921
f 921/921/921 933/933/933 861/859/859
f 533/535/535 552/551/551 544/544/544
f 544/544/544 565/564/564 533/535/535
f 545/546/546 880/880/880 564/565/565
f 564/565/565 565/564/564 545/546/546
f 565/564/564 544/544/544 541/543/543
f 541/543/543 545/546/546 565/564/564
f 477/477/477 472/470/470 473/473/473
f 473/473/473 476/474/474 477/477/477
f 1016/1015/1015 524/523/523 1015/1016/1016
f 1015/1016/1016 1017/1017/1017 1016/1015/1015
f 1020/1018/1018 1019/1019/1019 1018/1020/1020
f 1018/1020/1020 1021/1021/1021 1020/1018/1018
f 1019/1019/1019 1022/1022/1022 294/296/296
f 294/296/296 1018/1020/1020 1019/1019/1019
f 374/374/374 1015/1016/1016 524/523/523
f 524/523/523 387/387/387 374/374/374
f 1015/1016/1016 374/374/374 372/373/373
f 372/373/373 522/522/522 1015/1016/1016
f 522/522/522 1020/1018/1018 1017/1017/1017
f 1017/1017/1017 1015/1016/1016 522/522/522
f 522/522/522 521/521/521 1019/1019/1019
f 1019/1019/1019 1020/1018/1018 522/522/522
f 516/515/515 1023/1023/1023 513/513/513
f 513/513/513 512/512/512 516/515/515
f 1023/1023/1023 1022/1022/1022 514/514/514
f 514/514/514 513/513/513 1023/1023/1023
f 1022/1022/1022 1019/1019/1019 521/521/521
f 521/521/521 514/514/514 1022/1022/1022
f 1016/1015/1015 1024/1024/1024 523/524/524
f 523/524/524 524/523/523 1016/1015/1015
f 121/123/123 425/425/425 394/394/394
f 394/394/394 960/960/960 121/123/123
f 1025/1025/1025 973/973/973 974/972/972
f 974/972/972 1026/1026/1026 1025/1025/1025
f 1027/1027/1027 454/453/453 117/119/119
f 117/119/119 1028/1028/1028 1027/1027/1027
f 1029/1029/1029 1027/1027/1027 1028/1028/1028
f 1028/1028/1028 1030/1030/1030 1029/1029/1029
f 632/631/631 633/633/633 765/765/765
f 619/619/619 609/609/609 765/765/765
f 629/628/628 630/630/630 744/744/744
f 365/365/365 1032/1031/1031 1031/1032/1032
f 1031/1032/1032 364/366/366 365/365/365
f 1035/1033/1033 1034/1034/1034 1033/1035/1035
f 1033/1035/1035 1036/1036/1036 1035/1033/1033
f 1037/1037/1037 1036/1036/1036 1033/1035/1035
f 1033/1035/1035 1038/1038/1038 1037/1037/1037
f 1037/1037/1037 1038/1038/1038 1039/1039/1039
f 1039/1039/1039 1040/1040/1040 1037/1037/1037
f 1033/1035/1035 1034/1034/1034 1041/1041/1041
f 1041/1041/1041 1042/1042/1042 1033/1035/1035
f 1033/1035/1035 1042/1042/1042 1043/1043/1043
f 1043/1043/1043 1038/1038/1038 1033/1035/1035
f 1039/1039/1039 1038/1038/1038 1043/1043/1043
f 1037/1037/1037 1040/1040/1040 1044/1044/1044
f 1036/1036/1036 1037/1037/1037 1045/1045/1045
f 1045/1045/1045 1046/1046/1046 1036/1036/1036
f 1035/1033/1033 1036/1036/1036 1047/1047/1047
f 1047/1047/1047 1048/1048/1048 1035/1033/1033
f 1051/1049/1049 1050/1050/1050 1049/1051/1051
f 1049/1051/1051 1052/1052/1052 1051/1049/1049
f 1054/1053/1053 1053/1054/1054 1051/1049/1049
f 1051/1049/1049 1052/1052/1052 1054/1053/1053
f 1054/1053/1053 1055/1055/1055 1039/1039/1039
f 1039/1039/1039 1053/1054/1054 1054/1053/1053
f 1042/1042/1042 1041/1041/1041 1050/1050/1050
f 1050/1050/1050 1051/1049/1049 1042/1042/1042
f 1051/1049/1049 1053/1054/1054 1043/1043/1043
f 1043/1043/1043 1042/1042/1042 1051/1049/1049
f 1043/1043/1043 1053/1054/1054 1039/1039/1039
f 1058/1056/1056 1057/1057/1057 1056/1058/1058
f 1056/1058/1058 1059/1059/1059 1058/1056/1056
f 1060/1060/1060 1059/1059/1059 1056/1058/1058
f 1056/1058/1058 1061/1061/1061 1060/1060/1060
f 1060/1060/1060 1061/1061/1061 1062/1062/1062
f 1062/1062/1062 1063/1063/1063 1060/1060/1060
f 1057/1057/1057 1065/1064/1064 1064/1065/1065
f 1064/1065/1065 1056/1058/1058 1057/1057/1057
f 1056/1058/1058 1064/1065/1065 1066/1066/1066
f 1066/1066/1066 1061/1061/1061 1056/1058/1058
f 1062/1062/1062 1061/1061/1061 1066/1066/1066
f 1069/1067/1067 1068/1068/1068 1067/1069/1069
f 1071/1070/1070 1070/1071/1071 1067/1069/1069
f 1067/1069/1069 1072/1072/1072 1071/1070/1070
f 1074/1073/1073 1072/1072/1072 1073/1074/1074
f 1073/1074/1074 1075/1075/1075 1074/1073/1073
f 1077/1076/1076 1076/1077/1077 1073/1074/1074
f 1073/1074/1074 1072/1072/1072 1077/1076/1076
f 1067/1069/1069 1078/1078/1078 1077/1076/1076
f 1077/1076/1076 1072/1072/1072 1067/1069/1069
f 1067/1069/1069 1068/1068/1068 1062/1062/1062
f 1062/1062/1062 1078/1078/1078 1067/1069/1069
f 1064/1065/1065 1065/1064/1064 1076/1077/1077
f 1076/1077/1077 1077/1076/1076 1064/1065/1065
f 1077/1076/1076 1078/1078/1078 1066/1066/1066
f 1066/1066/1066 1064/1065/1065 1077/1076/1076
f 1066/1066/1066 1078/1078/1078 1062/1062/1062
f 1081/1079/1079 1080/1080/1080 1079/1081/1081
f 1079/1081/1081 1082/1082/1082 1081/1079/1079
f 1083/1083/1083 1082/1082/1082 1079/1081/1081
f 1079/1081/1081 1084/1084/1084 1083/1083/1083
f 1083/1083/1083 1084/1084/1084 1085/1085/1085
f 1085/1085/1085 1086/1086/1086 1083/1083/1083
f 1080/1080/1080 1088/1087/1087 1087/1088/1088
f 1087/1088/1088 1079/1081/1081 1080/1080/1080
f 1079/1081/1081 1087/1088/1088 1089/1089/1089
f 1089/1089/1089 1084/1084/1084 1079/1081/1081
f 1085/1085/1085 1084/1084/1084 1089/1089/1089
f 1092/1090/1090 1091/1091/1091 1090/1092/1092
f 1090/1092/1092 1093/1093/1093 1092/1090/1090
f 1095/1094/1094 1094/1095/1095 1092/1090/1090
f 1092/1090/1090 1093/1093/1093 1095/1094/1094
f 1095/1094/1094 1096/1096/1096 1085/1085/1085
f 1085/1085/1085 1094/1095/1095 1095/1094/1094
f 1087/1088/1088 1088/1087/1087 1091/1091/1091
f 1091/1091/1091 1092/1090/1090 1087/1088/1088
f 1092/1090/1090 1094/1095/1095 1089/1089/1089
f 1089/1089/1089 1087/1088/1088 1092/1090/1090
f 1089/1089/1089 1094/1095/1095 1085/1085/1085
f 1095/1094/1094 1097/1097/1097 1096/1096/1096
f 1097/1097/1097 1095/1094/1094 1093/1093/1093
f 1093/1093/1093 1098/1098/1098 1097/1097/1097
f 1090/1092/1092 1099/1099/1099 1098/1098/1098
f 1098/1098/1098 1093/1093/1093 1090/1092/1092
f 1102/1100/1100 1101/1101/1101 1100/1102/1102
f 1100/1102/1102 1103/1103/1103 1102/1100/1100
f 1104/1104/1104 1103/1103/1103 1100/1102/1102
f 1100/1102/1102 1105/1105/1105 1104/1104/1104
f 1104/1104/1104 1105/1105/1105 1106/1106/1106
f 1106/1106/1106 1107/1107/1107 1104/1104/1104
f 1101/1101/1101 1109/1108/1108 1108/1109/1109
f 1108/1109/1109 1100/1102/1102 1101/1101/1101
f 1100/1102/1102 1108/1109/1109 1110/1110/1110
f 1110/1110/1110 1105/1105/1105 1100/1102/1102
f 1106/1106/1106 1105/1105/1105 1110/1110/1110
f 1113/1111/1111 1112/1112/1112 1111/1113/1113
f 1111/1113/1113 1114/1114/1114 1113/1111/1111
f 1116/1115/1115 1115/1116/1116 1113/1111/1111
f 1113/1111/1111 1114/1114/1114 1116/1115/1115
f 1116/1115/1115 1117/1117/1117 1106/1106/1106
f 1106/1106/1106 1115/1116/1116 1116/1115/1115
f 1108/1109/1109 1109/1108/1108 1112/1112/1112
f 1112/1112/1112 1113/1111/1111 1108/1109/1109
f 1113/1111/1111 1115/1116/1116 1110/1110/1110
f 1110/1110/1110 1108/1109/1109 1113/1111/1111
f 1110/1110/1110 1115/1116/1116 1106/1106/1106
f 1116/1115/1115 1118/1118/1118 1117/1117/1117
f 1118/1118/1118 1116/1115/1115 1114/1114/1114
f 1114/1114/1114 1119/1119/1119 1118/1118/1118
f 1120/1120/1120 1119/1119/1119 1114/1114/1114
f 1114/1114/1114 1111/1113/1113 1120/1120/1120
f 1123/1121/1121 1122/1122/1122 1121/1123/1123
f 1121/1123/1123 1124/1124/1124 1123/1121/1121
f 1125/1125/1125 1123/1121/1121 1124/1124/1124
f 1124/1124/1124 1126/1126/1126 1125/1125/1125
f 1125/1125/1125 1126/1126/1126 1127/1127/1127
f 1127/1127/1127 1128/1128/1128 1125/1125/1125
f 1121/1123/1123 1130/1129/1129 1129/1130/1130
f 1129/1130/1130 1124/1124/1124 1121/1123/1123
f 1124/1124/1124 1129/1130/1130 1131/1131/1131
f 1131/1131/1131 1126/1126/1126 1124/1124/1124
f 1127/1127/1127 1126/1126/1126 1131/1131/1131
f 1134/1132/1132 1133/1133/1133 1132/1134/1134
f 1132/1134/1134 1135/1135/1135 1134/1132/1132
f 1137/1136/1136 1136/1137/1137 1134/1132/1132
f 1134/1132/1132 1135/1135/1135 1137/1136/1136
f 1137/1136/1136 1138/1138/1138 1127/1127/1127
f 1127/1127/1127 1136/1137/1137 1137/1136/1136
f 1130/1129/1129 1133/1133/1133 1134/1132/1132
f 1134/1132/1132 1129/1130/1130 1130/1129/1129
f 1134/1132/1132 1136/1137/1137 1131/1131/1131
f 1131/1131/1131 1129/1130/1130 1134/1132/1132
f 1131/1131/1131 1136/1137/1137 1127/1127/1127
f 1137/1136/1136 1139/1139/1139 1138/1138/1138
f 1139/1139/1139 1137/1136/1136 1135/1135/1135
f 1135/1135/1135 1140/1140/1140 1139/1139/1139
f 1132/1134/1134 1141/1141/1141 1140/1140/1140
f 1140/1140/1140 1135/1135/1135 1132/1134/1134
f 332/331/331 244/244/244 242/243/243
f 242/243/243 243/242/242 331/332/332
f 336/335/335 249/249/249 250/250/250
f 250/250/250 316/316/316 335/336/336
f 341/340/340 255/255/255 256/256/256
f 256/256/256 318/318/318 340/341/341
f 346/345/345 261/262/262 262/261/261
f 262/261/261 321/321/321 345/346/346
f 327/326/326 237/237/237 238/238/238
f 238/238/238 309/309/309 326/327/327
f 699/699/699 700/700/700 1142/1142/1142
f 699/699/699 1142/1142/1142 802/802/802
f 706/706/706 787/787/787 1143/1143/1143
f 706/706/706 1143/1143/1143 805/805/805
f 712/712/712 789/789/789 1144/1144/1144
f 712/712/712 1144/1144/1144 809/809/809
f 719/718/718 791/792/792 1145/1145/1145
f 719/718/718 1145/1145/1145 813/813/813
f 694/694/694 777/777/777 1146/1146/1146
f 694/694/694 1146/1146/1146 798/798/798
f 164/166/166 165/165/165 181/181/181
f 181/181/181 1147/1147/1147 164/166/166
f 383/383/383 1148/1148/1148 384/384/384
f 118/118/118 1149/1149/1149 1028/1028/1028
f 1028/1028/1028 117/119/119 118/118/118
f 1149/1149/1149 1150/1150/1150 1030/1030/1030
f 1030/1030/1030 1028/1028/1028 1149/1149/1149
f 552/551/551 533/535/535 534/534/534
f 531/531/531 527/527/527 379/381/381
f 118/118/118 531/531/531 379/381/381
f 379/381/381 1149/1149/1149 118/118/118
f 379/381/381 380/380/380 1150/1150/1150
f 1150/1150/1150 1149/1149/1149 379/381/381
f 419/419/419 417/417/417 119/117/117
f 119/117/117 120/120/120 419/419/419
f 368/370/370 481/481/481 482/480/480
f 482/480/480 371/371/371 368/370/370
f 482/480/480 467/467/467 386/385/385
f 386/385/385 371/371/371 482/480/480
f 128/126/126 410/410/410 1151/1151/1151
f 1151/1151/1151 1152/1152/1152 128/126/126
f 1151/1151/1151 410/410/410 411/411/411
f 411/411/411 1153/1153/1153 1151/1151/1151
f 416/414/414 1154/1154/1154 422/422/422
f 422/422/422 415/415/415 416/414/414
f 422/422/422 1154/1154/1154 1155/1155/1155
f 1155/1155/1155 402/402/402 422/422/422
f 402/402/402 1155/1155/1155 1156/1156/1156
f 1156/1156/1156 401/399/399 402/402/402
f 416/414/414 418/418/418 1157/1157/1157
f 1157/1157/1157 1154/1154/1154 416/414/414
f 1154/1154/1154 1157/1157/1157 1158/1158/1158
f 1158/1158/1158 1155/1155/1155 1154/1154/1154
f 1155/1155/1155 1158/1158/1158 1159/1159/1159
f 1159/1159/1159 1156/1156/1156 1155/1155/1155
f 1162/1160/1160 1161/1161/1161 1160/1162/1162
f 1160/1162/1162 1163/1163/1163 1162/1160/1160
f 432/432/432 975/975/975 976/977/977
f 976/977/977 431/433/433 432/432/432
f 432/432/432 433/431/431 434/435/435
f 434/435/435 966/967/967 432/432/432
f 435/434/434 1164/1164/1164 967/966/966
f 967/966/966 434/435/435 435/434/434
f 1165/1165/1165 419/419/419 120/120/120
f 120/120/120 453/454/454 1165/1165/1165
f 966/967/967 974/972/972 975/975/975
f 975/975/975 432/432/432 966/967/967
f 1166/1166/1166 457/455/455 1025/1025/1025
f 457/455/455 969/969/969 973/973/973
f 973/973/973 1025/1025/1025 457/455/455
f 969/969/969 970/970/970 972/974/974
f 972/974/974 973/973/973 969/969/969
f 970/970/970 971/971/971 977/976/976
f 977/976/976 972/974/974 970/970/970
f 487/487/487 968/968/968 486/488/488
f 1166/1166/1166 1025/1025/1025 1026/1026/1026
f 1026/1026/1026 1167/1167/1167 1166/1166/1166
f 385/386/386 1161/1161/1161 1162/1160/1160
f 1162/1160/1160 370/368/368 385/386/386
f 370/368/368 1031/1032/1032 1032/1031/1031
f 1032/1031/1031 369/369/369 370/368/368
f 1162/1160/1160 1031/1032/1032 370/368/368
f 385/386/386 455/457/457 456/456/456
f 456/456/456 1161/1161/1161 385/386/386
f 1166/1166/1166 1160/1162/1162 1161/1161/1161
f 1161/1161/1161 456/456/456 1166/1166/1166
f 419/419/419 1165/1165/1165 1168/1168/1168
f 1168/1168/1168 418/418/418 419/419/419
f 418/418/418 1168/1168/1168 1152/1152/1152
f 1152/1152/1152 1157/1157/1157 418/418/418
f 1152/1152/1152 1151/1151/1151 1158/1158/1158
f 1158/1158/1158 1157/1157/1157 1152/1152/1152
f 1158/1158/1158 1151/1151/1151 1153/1153/1153
f 1153/1153/1153 1159/1159/1159 1158/1158/1158
f 1167/1167/1167 1169/1169/1169 1160/1162/1162
f 1160/1162/1162 1166/1166/1166 1167/1167/1167
f 1169/1169/1169 1170/1170/1170 1163/1163/1163
f 1163/1163/1163 1160/1162/1162 1169/1169/1169
f 1170/1170/1170 1171/1171/1171 1148/1148/1148
f 1148/1148/1148 1163/1163/1163 1170/1170/1170
f 364/366/366 1031/1032/1032 1162/1160/1160
f 1162/1160/1160 383/383/383 364/366/366
f 383/383/383 1162/1160/1160 1163/1163/1163
f 1163/1163/1163 1148/1148/1148 383/383/383
f 453/454/454 1164/1164/1164 435/434/434
f 435/434/434 1165/1165/1165 453/454/454
f 435/434/434 127/127/127 1168/1168/1168
f 1168/1168/1168 1165/1165/1165 435/434/434
f 127/127/127 128/126/126 1152/1152/1152
f 1152/1152/1152 1168/1168/1168 127/127/127
f 453/454/454 454/453/453 1172/1172/1172
f 1172/1172/1172 1164/1164/1164 453/454/454
f 1172/1172/1172 454/453/453 1027/1027/1027
f 1027/1027/1027 1173/1173/1173 1172/1172/1172
f 1027/1027/1027 1029/1029/1029 1174/1174/1174
f 1174/1174/1174 1173/1173/1173 1027/1027/1027
f 974/972/972 966/967/967 967/966/966
f 967/966/966 1026/1026/1026 974/972/972
f 967/966/966 1164/1164/1164 1167/1167/1167
f 1167/1167/1167 1026/1026/1026 967/966/966
f 1164/1164/1164 1172/1172/1172 1169/1169/1169
f 1169/1169/1169 1167/1167/1167 1164/1164/1164
f 1169/1169/1169 1172/1172/1172 1173/1173/1173
f 1173/1173/1173 1170/1170/1170 1169/1169/1169
f 1173/1173/1173 1174/1174/1174 1171/1171/1171
f 1171/1171/1171 1170/1170/1170 1173/1173/1173
f 126/128/128 960/960/960 129/129/129
f 960/960/960 394/394/394 395/393/393
f 395/393/393 129/129/129 960/960/960
f 129/129/129 395/393/393 410/410/410
f 410/410/410 128/126/126 129/129/129
f 1166/1166/1166 456/456/456 457/455/455
f 167/167/167 164/166/166 1175/1175/1175
f 1175/1175/1175 301/301/301 167/167/167
f 1175/1175/1175 1177/1176/1176 1176/1177/1177
f 1176/1177/1177 1178/1178/1178 1175/1175/1175
f 508/508/508 302/303/303 392/392/392
f 392/392/392 507/506/506 508/508/508
f 1022/1022/1022 1023/1023/1023 298/297/297
f 298/297/297 294/296/296 1022/1022/1022
f 1023/1023/1023 516/515/515 1179/1179/1179
f 1179/1179/1179 298/297/297 1023/1023/1023
f 1179/1179/1179 516/515/515 517/517/517
f 517/517/517 510/510/510 1179/1179/1179
f 517/517/517 506/507/507 507/506/506
f 507/506/506 510/510/510 517/517/517
f 297/298/298 298/297/297 1179/1179/1179
f 297/298/298 1179/1179/1179 1180/1180/1180
f 296/294/294 297/298/298 1180/1180/1180
f 296/294/294 1180/1180/1180 168/169/169
f 168/169/169 293/293/293 296/294/294
f 1180/1180/1180 509/509/509 143/143/143
f 143/143/143 168/169/169 1180/1180/1180
f 143/143/143 509/509/509 392/392/392
f 392/392/392 142/144/144 143/143/143
f 299/300/300 187/187/187 166/164/164
f 166/164/164 167/167/167 299/300/300
f 164/166/166 1147/1147/1147 1177/1176/1176
f 1177/1176/1176 1175/1175/1175 164/166/166
f 508/508/508 1181/1181/1181 304/304/304
f 304/304/304 302/303/303 508/508/508
f 1180/1180/1180 1179/1179/1179 510/510/510
f 510/510/510 509/509/509 1180/1180/1180
f 512/512/512 499/499/499 505/505/505
f 505/505/505 515/516/516 512/512/512
f 505/505/505 519/519/519 520/520/520
f 520/520/520 515/516/516 505/505/505
f 519/519/519 445/445/445 501/501/501
f 501/501/501 520/520/520 519/519/519
f 1182/1182/1182 1017/1017/1017 1020/1018/1018
f 1020/1018/1018 1021/1021/1021 1182/1182/1182
f 1017/1017/1017 1182/1182/1182 1178/1178/1178
f 1178/1178/1178 1016/1015/1015 1017/1017/1017
f 1016/1015/1015 1178/1178/1178 1176/1177/1177
f 1176/1177/1177 1024/1024/1024 1016/1015/1015
f 502/500/500 503/503/503 1181/1181/1181
f 1181/1181/1181 508/508/508 502/500/500
f 287/286/286 420/420/420 295/295/295
f 295/295/295 286/287/287 287/286/286
f 286/287/287 295/295/295 296/294/294
f 296/294/294 293/293/293 286/287/287
f 1182/1182/1182 301/301/301 1175/1175/1175
f 1175/1175/1175 1178/1178/1178 1182/1182/1182
f 301/301/301 1182/1182/1182 1021/1021/1021
f 1021/1021/1021 300/299/299 301/301/301
f 300/299/299 1021/1021/1021 1018/1020/1020
f 1018/1020/1020 420/420/420 300/299/299
f 1018/1020/1020 294/296/296 295/295/295
f 295/295/295 420/420/420 1018/1020/1020
f 1185/1/1183 1184/4/1184 1183/3/1185
f 1183/3/1185 1186/2/1186 1185/1/1183
f 1187/5/1187 1185/1/1183 1186/2/1186
f 1186/2/1186 1188/6/1188 1187/5/1187
f 1187/5/1187 1188/6/1188 1189/8/1189
f 1189/8/1189 1190/7/1190 1187/5/1187
f 1192/9/1191 1191/10/1192 1184/4/1184
f 1184/4/1184 1185/1/1183 1192/9/1191
f 1187/5/1187 1193/11/1193 1192/9/1191
f 1192/9/1191 1185/1/1183 1187/5/1187
f 1193/11/1193 1187/5/1187 1190/7/1190
f 1196/12/1194 1195/14/1195 1194/13/1196
f 1198/15/1197 1197/16/1198 1195/14/1195
f 1195/14/1195 1196/12/1194 1198/15/1197
f 1198/15/1197 1200/18/1199 1199/17/1200
f 1199/17/1200 1197/16/1198 1198/15/1197
f 1201/19/1201 1197/16/1198 1199/17/1200
f 1199/17/1200 1202/20/1202 1201/19/1201
f 1197/16/1198 1201/19/1201 1203/21/1203
f 1203/21/1203 1195/14/1195 1197/16/1198
f 1195/14/1195 1203/21/1203 1190/7/1190
f 1190/7/1190 1194/13/1196 1195/14/1195
f 1192/9/1191 1201/19/1201 1202/20/1202
f 1202/20/1202 1191/10/1192 1192/9/1191
f 1192/9/1191 1193/11/1193 1203/21/1203
f 1203/21/1203 1201/19/1201 1192/9/1191
f 1190/7/1190 1203/21/1203 1193/11/1193
f 1206/22/1204 1205/25/1205 1204/24/1206
f 1204/24/1206 1207/23/1207 1206/22/1204
f 1208/26/1208 1206/22/1204 1207/23/1207
f 1207/23/1207 1209/27/1209 1208/26/1208
f 1208/26/1208 1209/27/1209 1210/29/1210
f 1210/29/1210 1211/28/1211 1208/26/1208
f 1213/30/1212 1212/31/1213 1205/25/1205
f 1205/25/1205 1206/22/1204 1213/30/1212
f 1208/26/1208 1214/32/1214 1213/30/1212
f 1213/30/1212 1206/22/1204 1208/26/1208
f 1214/32/1214 1208/26/1208 1211/28/1211
f 1217/33/1215 1216/35/1216 1215/34/1217
f 1219/36/1218 1218/37/1219 1216/35/1216
f 1216/35/1216 1217/33/1215 1219/36/1218
f 1218/37/1219 1219/36/1218 1220/39/1220
f 1220/39/1220 1221/38/1221 1218/37/1219
f 1222/40/1222 1218/37/1219 1221/38/1221
f 1221/38/1221 1223/41/1223 1222/40/1222
f 1218/37/1219 1222/40/1222 1224/42/1224
f 1224/42/1224 1216/35/1216 1218/37/1219
f 1216/35/1216 1224/42/1224 1211/28/1211
f 1211/28/1211 1215/34/1217 1216/35/1216
f 1212/31/1213 1213/30/1212 1222/40/1222
f 1222/40/1222 1223/41/1223 1212/31/1213
f 1213/30/1212 1214/32/1214 1224/42/1224
f 1224/42/1224 1222/40/1222 1213/30/1212
f 1211/28/1211 1224/42/1224 1214/32/1214
f 1227/43/1225 1226/46/1226 1225/45/1227
f 1225/45/1227 1228/44/1228 1227/43/1225
f 1229/47/1229 1227/43/1225 1228/44/1228
f 1228/44/1228 1230/48/1230 1229/47/1229
f 1229/47/1229 1230/48/1230 1231/50/1231
f 1231/50/1231 1232/49/1232 1229/47/1229
f 1234/51/1233 1233/52/1234 1226/46/1226
f 1226/46/1226 1227/43/1225 1234/51/1233
f 1229/47/1229 1235/53/1235 1234/51/1233
f 1234/51/1233 1227/43/1225 1229/47/1229
f 1235/53/1235 1229/47/1229 1232/49/1232
f 1238/54/1236 1237/56/1237 1236/55/1238
f 1240/57/1239 1239/58/1240 1237/56/1237
f 1237/56/1237 1238/54/1236 1240/57/1239
f 1240/57/1239 1242/60/1241 1241/59/1242
f 1241/59/1242 1239/58/1240 1240/57/1239
f 1243/61/1243 1239/58/1240 1241/59/1242
f 1241/59/1242 1244/62/1244 1243/61/1243
f 1239/58/1240 1243/61/1243 1245/63/1245
f 1245/63/1245 1237/56/1237 1239/58/1240
f 1237/56/1237 1245/63/1245 1232/49/1232
f 1232/49/1232 1236/55/1238 1237/56/1237
f 1234/51/1233 1243/61/1243 1244/62/1244
f 1244/62/1244 1233/52/1234 1234/51/1233
f 1234/51/1233 1235/53/1235 1245/63/1245
f 1245/63/1245 1243/61/1243 1234/51/1233
f 1232/49/1232 1245/63/1245 1235/53/1235
f 1248/64/1246 1247/67/1247 1246/66/1248
f 1246/66/1248 1249/65/1249 1248/64/1246
f 1250/68/1250 1248/64/1246 1249/65/1249
f 1249/65/1249 1251/69/1251 1250/68/1250
f 1250/68/1250 1251/69/1251 1252/71/1252
f 1252/71/1252 1253/70/1253 1250/68/1250
f 1255/72/1254 1254/73/1255 1247/67/1247
f 1247/67/1247 1248/64/1246 1255/72/1254
f 1250/68/1250 1256/74/1256 1255/72/1254
f 1255/72/1254 1248/64/1246 1250/68/1250
f 1256/74/1256 1250/68/1250 1253/70/1253
f 1259/75/1257 1258/77/1258 1257/76/1259
f 1261/78/1260 1260/79/1261 1258/77/1258
f 1258/77/1258 1259/75/1257 1261/78/1260
f 1260/79/1261 1261/78/1260 1262/81/1262
f 1262/81/1262 1263/80/1263 1260/79/1261
f 1264/82/1264 1260/79/1261 1263/80/1263
f 1263/80/1263 1265/83/1265 1264/82/1264
f 1260/79/1261 1264/82/1264 1266/84/1266
f 1266/84/1266 1258/77/1258 1260/79/1261
f 1258/77/1258 1266/84/1266 1253/70/1253
f 1253/70/1253 1257/76/1259 1258/77/1258
f 1255/72/1254 1264/82/1264 1265/83/1265
f 1265/83/1265 1254/73/1255 1255/72/1254
f 1255/72/1254 1256/74/1256 1266/84/1266
f 1266/84/1266 1264/82/1264 1255/72/1254
f 1253/70/1253 1266/84/1266 1256/74/1256
f 1269/85/1267 1268/88/1268 1267/87/1269
f 1267/87/1269 1270/86/1270 1269/85/1267
f 1271/89/1271 1269/85/1267 1270/86/1270
f 1270/86/1270 1272/90/1272 1271/89/1271
f 1271/89/1271 1272/90/1272 1273/92/1273
f 1273/92/1273 1274/91/1274 1271/89/1271
f 1276/93/1275 1275/94/1276 1268/88/1268
f 1268/88/1268 1269/85/1267 1276/93/1275
f 1271/89/1271 1277/95/1277 1276/93/1275
f 1276/93/1275 1269/85/1267 1271/89/1271
f 1277/95/1277 1271/89/1271 1274/91/1274
f 1280/96/1278 1279/98/1279 1278/97/1280
f 1282/99/1281 1281/100/1282 1279/98/1279
f 1279/98/1279 1280/96/1278 1282/99/1281
f 1282/99/1281 1284/102/1283 1283/101/1284
f 1283/101/1284 1281/100/1282 1282/99/1281
f 1285/103/1285 1281/100/1282 1283/101/1284
f 1283/101/1284 1286/104/1286 1285/103/1285
f 1281/100/1282 1285/103/1285 1287/105/1287
f 1287/105/1287 1279/98/1279 1281/100/1282
f 1279/98/1279 1287/105/1287 1274/91/1274
f 1274/91/1274 1278/97/1280 1279/98/1279
f 1276/93/1275 1285/103/1285 1286/104/1286
f 1286/104/1286 1275/94/1276 1276/93/1275
f 1276/93/1275 1277/95/1277 1287/105/1287
f 1287/105/1287 1285/103/1285 1276/93/1275
f 1274/91/1274 1287/105/1287 1277/95/1277
f 1289/106/1288 1288/109/1289 106/108/108
f 106/108/108 107/107/107 1289/106/1288
f 1291/110/1290 1290/113/1291 110/112/112
f 110/112/112 111/111/111 1291/110/1290
f 116/114/114 114/116/116 1292/115/1292
f 1295/117/1293 1294/120/1294 1293/119/1295
f 1293/119/1295 1296/118/1296 1295/117/1293
f 1299/121/1297 1298/123/1298 1297/122/1299
f 1290/113/1291 1291/110/1290 1300/125/1300
f 1300/125/1300 1301/124/1301 1290/113/1291
f 1304/126/1302 1303/129/1303 1302/128/1304
f 1302/128/1304 1305/127/1305 1304/126/1302
f 1308/130/1306 1307/133/1307 1306/132/1308
f 1306/132/1308 1309/131/1309 1308/130/1306
f 1312/134/1310 1311/137/1311 1310/136/1312
f 1310/136/1312 1313/135/1313 1312/134/1310
f 1316/138/1314 1315/141/1315 1314/140/1316
f 1314/140/1316 1317/139/1317 1316/138/1314
f 1320/142/1318 1319/145/1319 1318/144/1320
f 1318/144/1320 1321/143/1321 1320/142/1318
f 1324/146/1322 1323/149/1323 1322/148/1324
f 1322/148/1324 1325/147/1325 1324/146/1322
f 1328/150/1326 1327/153/1327 1326/152/1328
f 1326/152/1328 1329/151/1329 1328/150/1326
f 1332/154/1330 1331/157/1331 1330/156/1332
f 1330/156/1332 1333/155/1333 1332/154/1330
f 1319/145/1319 1335/159/1334 1334/158/1335
f 1334/158/1335 1318/144/1320 1319/145/1319
f 1338/160/1336 1337/163/1337 1336/162/1338
f 1336/162/1338 1339/161/1339 1338/160/1336
f 1342/164/1340 1341/167/1341 1340/166/1342
f 1340/166/1342 1343/165/1343 1342/164/1340
f 1344/168/1344 1320/142/1318 1321/143/1321
f 1321/143/1321 1345/169/1345 1344/168/1344
f 1348/170/1346 1347/173/1347 1346/172/1348
f 1346/172/1348 1349/171/1349 1348/170/1346
f 1350/174/1350 1315/141/1315 1316/138/1314
f 1352/175/1351 1351/176/1352 1315/141/1315
f 1315/141/1315 1350/174/1350 1352/175/1351
f 1354/177/1353 1353/179/1354 1311/137/1311
f 1311/137/1311 1355/178/1355 1354/177/1353
f 1311/137/1311 1312/134/1310 1335/159/1334
f 1349/171/1349 1356/180/1356 1342/164/1340
f 1342/164/1340 1343/165/1343 1349/171/1349
f 1320/142/1318 1344/168/1344 1314/140/1316
f 1314/140/1316 1315/141/1315 1320/142/1318
f 1343/165/1343 1357/181/1357 1348/170/1346
f 1348/170/1346 1349/171/1349 1343/165/1343
f 1315/141/1315 1351/176/1352 1319/145/1319
f 1319/145/1319 1320/142/1318 1315/141/1315
f 1358/182/1358 1325/147/1325 1322/148/1324
f 1319/145/1319 1351/176/1352 1355/178/1355
f 1360/183/1359 1359/184/1360 1326/152/1328
f 1355/178/1355 1311/137/1311 1335/159/1334
f 1335/159/1334 1319/145/1319 1355/178/1355
f 1362/185/1361 1361/187/1362 1342/164/1340
f 1342/164/1340 1363/186/1363 1362/185/1361
f 1310/136/1312 1365/189/1364 1364/188/1365
f 1364/188/1365 1313/135/1313 1310/136/1312
f 1339/161/1339 1367/192/1366 1366/191/1367
f 1366/191/1367 1368/190/1368 1339/161/1339
f 1346/172/1348 1370/195/1369 1369/194/1370
f 1369/194/1370 1371/193/1371 1346/172/1348
f 1370/195/1369 1346/172/1348 1347/173/1347
f 1347/173/1347 1372/196/1372 1370/195/1369
f 1316/138/1314 1374/198/1373 1373/197/1374
f 1373/197/1374 1350/174/1350 1316/138/1314
f 1374/198/1373 1316/138/1314 1317/139/1317
f 1317/139/1317 1375/199/1375 1374/198/1373
f 1378/200/1376 1377/203/1377 1376/202/1378
f 1376/202/1378 1379/201/1379 1378/200/1376
f 1382/204/1380 1381/207/1381 1380/206/1382
f 1380/206/1382 1383/205/1383 1382/204/1380
f 1384/208/1384 1352/175/1351 1350/174/1350
f 1350/174/1350 1385/209/1385 1384/208/1384
f 1383/205/1383 1387/211/1386 1386/210/1387
f 1386/210/1387 1382/204/1380 1383/205/1383
f 1328/150/1326 1389/213/1388 1388/212/1389
f 1388/212/1389 1327/153/1327 1328/150/1326
f 1392/214/1390 1391/217/1391 1390/216/1392
f 1390/216/1392 1393/215/1393 1392/214/1390
f 1396/218/1394 1395/221/1395 1394/220/1396
f 1394/220/1396 1397/219/1397 1396/218/1394
f 1393/215/1393 1399/223/1398 1398/222/1399
f 1398/222/1399 1392/214/1390 1393/215/1393
f 1400/224/1400 1331/157/1331 1332/154/1330
f 1332/154/1330 1401/225/1401 1400/224/1400
f 1404/226/1402 1403/229/1403 1402/228/1404
f 1402/228/1404 1405/227/1405 1404/226/1402
f 1353/179/1354 1354/177/1353 1406/231/1406
f 1406/231/1406 1407/230/1407 1353/179/1354
f 1405/227/1405 1409/233/1408 1408/232/1409
f 1408/232/1409 1404/226/1402 1405/227/1405
f 1410/234/1410 1338/160/1336 1339/161/1339
f 1339/161/1339 1411/235/1411 1410/234/1410
f 1368/190/1368 1412/236/1412 1411/235/1411
f 1411/235/1411 1339/161/1339 1368/190/1368
f 1414/237/1413 1413/238/1414 1364/188/1365
f 1364/188/1365 1365/189/1364 1414/237/1413
f 1370/195/1369 1416/240/1415 1415/239/1416
f 1415/239/1416 1369/194/1370 1370/195/1369
f 1416/240/1415 1370/195/1369 1372/196/1372
f 1372/196/1372 1417/241/1417 1416/240/1415
f 1418/242/1418 1373/197/1374 1374/198/1373
f 1374/198/1373 1419/243/1419 1418/242/1418
f 1420/244/1420 1419/243/1419 1374/198/1373
f 1374/198/1373 1375/199/1375 1420/244/1420
f 1422/245/1421 1421/246/1422 1376/202/1378
f 1376/202/1378 1377/203/1377 1422/245/1421
f 1423/247/1423 1380/206/1382 1381/207/1381
f 1381/207/1381 1424/248/1424 1423/247/1423
f 1426/249/1425 1425/250/1426 1384/208/1384
f 1384/208/1384 1385/209/1385 1426/249/1425
f 1428/251/1427 1427/252/1428 1388/212/1389
f 1388/212/1389 1389/213/1388 1428/251/1427
f 1430/253/1429 1429/254/1430 1390/216/1392
f 1390/216/1392 1391/217/1391 1430/253/1429
f 1432/255/1431 1431/256/1432 1397/219/1397
f 1397/219/1397 1394/220/1396 1432/255/1431
f 1434/257/1433 1433/258/1434 1400/224/1400
f 1400/224/1400 1401/225/1401 1434/257/1433
f 1436/259/1435 1435/260/1436 1402/228/1404
f 1402/228/1404 1403/229/1403 1436/259/1435
f 1407/230/1407 1406/231/1406 1437/262/1437
f 1437/262/1437 1438/261/1438 1407/230/1407
f 1440/263/1439 1439/264/1440 1410/234/1410
f 1410/234/1410 1411/235/1411 1440/263/1439
f 1441/265/1441 1440/263/1439 1411/235/1411
f 1411/235/1411 1412/236/1412 1441/265/1441
f 1444/266/1442 1443/269/1443 1442/268/1444
f 1442/268/1444 1445/267/1445 1444/266/1442
f 1444/266/1442 1445/267/1445 1446/271/1446
f 1446/271/1446 1447/270/1447 1444/266/1442
f 1446/271/1446 1448/272/1448 1362/185/1361
f 1362/185/1361 1447/270/1447 1446/271/1446
f 1451/273/1449 1450/275/1450 1449/274/1451
f 1449/274/1451 1367/192/1366 1451/273/1449
f 1451/273/1449 1367/192/1366 1339/161/1339
f 1339/161/1339 1452/276/1452 1451/273/1449
f 1336/162/1338 1453/277/1453 1452/276/1452
f 1452/276/1452 1339/161/1339 1336/162/1338
f 1363/186/1363 1342/164/1340 1356/180/1356
f 1400/224/1400 1433/258/1434 1454/279/1454
f 1454/279/1454 1455/278/1455 1400/224/1400
f 1400/224/1400 1455/278/1455 1456/280/1456
f 1456/280/1456 1331/157/1331 1400/224/1400
f 1456/280/1456 1457/281/1457 1330/156/1332
f 1330/156/1332 1331/157/1331 1456/280/1456
f 1359/184/1360 1360/183/1359 1330/156/1332
f 1388/212/1389 1427/252/1428 1458/283/1458
f 1458/283/1458 1459/282/1459 1388/212/1389
f 1388/212/1389 1459/282/1459 1460/284/1460
f 1460/284/1460 1327/153/1327 1388/212/1389
f 1460/284/1460 1461/285/1461 1326/152/1328
f 1326/152/1328 1327/153/1327 1460/284/1460
f 1360/183/1359 1358/182/1358 1462/287/1462
f 1462/287/1462 1463/286/1463 1360/183/1359
f 1465/288/1464 1464/289/1465 1376/202/1378
f 1376/202/1378 1421/246/1422 1465/288/1464
f 1466/290/1466 1379/201/1379 1376/202/1378
f 1376/202/1378 1464/289/1465 1466/290/1466
f 1467/291/1467 1322/148/1324 1379/201/1379
f 1379/201/1379 1466/290/1466 1467/291/1467
f 1467/291/1467 1468/292/1468 1358/182/1358
f 1358/182/1358 1322/148/1324 1467/291/1467
f 1358/182/1358 1468/292/1468 1469/293/1469
f 1469/293/1469 1462/287/1462 1358/182/1358
f 1472/298/1470 1471/297/1471 1470/296/1472
f 1473/294/1473 1472/298/1470 1470/296/1472
f 1473/294/1473 1470/296/1472 1474/295/1474
f 1476/299/1475 1475/301/1476 1341/167/1341
f 1341/167/1341 1477/300/1477 1476/299/1475
f 1344/168/1344 1345/169/1345 1469/293/1469
f 1469/293/1469 1468/292/1468 1344/168/1344
f 1468/292/1468 1467/291/1467 1314/140/1316
f 1314/140/1316 1344/168/1344 1468/292/1468
f 1467/291/1467 1466/290/1466 1317/139/1317
f 1317/139/1317 1314/140/1316 1467/291/1467
f 1466/290/1466 1464/289/1465 1375/199/1375
f 1375/199/1375 1317/139/1317 1466/290/1466
f 1480/302/1478 1479/304/1479 1478/303/1480
f 1478/303/1480 1334/158/1335 1480/302/1478
f 1335/159/1334 1481/305/1481 1480/302/1478
f 1480/302/1478 1334/158/1335 1335/159/1334
f 1335/159/1334 1312/134/1310 1482/306/1482
f 1482/306/1482 1481/305/1481 1335/159/1334
f 1312/134/1310 1313/135/1313 1483/307/1483
f 1483/307/1483 1482/306/1482 1312/134/1310
f 1313/135/1313 1364/188/1365 1484/308/1484
f 1484/308/1484 1483/307/1483 1313/135/1313
f 1364/188/1365 1413/238/1414 1485/309/1485
f 1485/309/1485 1484/308/1484 1364/188/1365
f 1445/267/1445 1442/268/1444 1486/310/1486
f 1486/310/1486 1409/233/1408 1445/267/1445
f 1405/227/1405 1446/271/1446 1445/267/1445
f 1445/267/1445 1409/233/1408 1405/227/1405
f 1446/271/1446 1405/227/1405 1487/311/1487
f 1487/311/1487 1448/272/1448 1446/271/1446
f 1487/311/1487 1405/227/1405 1332/154/1330
f 1332/154/1330 1333/155/1333 1487/311/1487
f 1405/227/1405 1402/228/1404 1401/225/1401
f 1401/225/1401 1332/154/1330 1405/227/1405
f 1401/225/1401 1402/228/1404 1435/260/1436
f 1435/260/1436 1434/257/1433 1401/225/1401
f 1455/278/1455 1454/279/1454 1488/312/1488
f 1488/312/1488 1399/223/1398 1455/278/1455
f 1393/215/1393 1456/280/1456 1455/278/1455
f 1455/278/1455 1399/223/1398 1393/215/1393
f 1456/280/1456 1393/215/1393 1489/313/1489
f 1489/313/1489 1457/281/1457 1456/280/1456
f 1489/313/1489 1393/215/1393 1328/150/1326
f 1328/150/1326 1329/151/1329 1489/313/1489
f 1393/215/1393 1390/216/1392 1389/213/1388
f 1389/213/1388 1328/150/1326 1393/215/1393
f 1389/213/1388 1390/216/1392 1429/254/1430
f 1429/254/1430 1428/251/1427 1389/213/1388
f 1459/282/1459 1458/283/1458 1490/314/1490
f 1490/314/1490 1387/211/1386 1459/282/1459
f 1383/205/1383 1460/284/1460 1459/282/1459
f 1459/282/1459 1387/211/1386 1383/205/1383
f 1460/284/1460 1383/205/1383 1324/146/1322
f 1324/146/1322 1461/285/1461 1460/284/1460
f 1324/146/1322 1383/205/1383 1378/200/1376
f 1378/200/1376 1323/149/1323 1324/146/1322
f 1383/205/1383 1380/206/1382 1377/203/1377
f 1377/203/1377 1378/200/1376 1383/205/1383
f 1377/203/1377 1380/206/1382 1423/247/1423
f 1423/247/1423 1422/245/1421 1377/203/1377
f 1439/264/1440 1443/269/1443 1444/266/1442
f 1444/266/1442 1410/234/1410 1439/264/1440
f 1444/266/1442 1447/270/1447 1338/160/1336
f 1338/160/1336 1410/234/1410 1444/266/1442
f 1447/270/1447 1362/185/1361 1337/163/1337
f 1337/163/1337 1338/160/1336 1447/270/1447
f 1452/276/1452 1453/277/1453 1356/180/1356
f 1356/180/1356 1371/193/1371 1452/276/1452
f 1369/194/1370 1451/273/1449 1452/276/1452
f 1452/276/1452 1371/193/1371 1369/194/1370
f 1369/194/1370 1415/239/1416 1450/275/1450
f 1450/275/1450 1451/273/1449 1369/194/1370
f 1378/200/1376 1379/201/1379 1322/148/1324
f 1322/148/1324 1323/149/1323 1378/200/1376
f 1324/146/1322 1325/147/1325 1326/152/1328
f 1326/152/1328 1461/285/1461 1324/146/1322
f 1489/313/1489 1329/151/1329 1326/152/1328
f 1326/152/1328 1359/184/1360 1489/313/1489
f 1489/313/1489 1359/184/1360 1330/156/1332
f 1330/156/1332 1457/281/1457 1489/313/1489
f 1487/311/1487 1333/155/1333 1330/156/1332
f 1330/156/1332 1491/315/1491 1487/311/1487
f 1487/311/1487 1491/315/1491 1362/185/1361
f 1362/185/1361 1448/272/1448 1487/311/1487
f 1336/162/1338 1337/163/1337 1362/185/1361
f 1362/185/1361 1363/186/1363 1336/162/1338
f 1336/162/1338 1363/186/1363 1356/180/1356
f 1356/180/1356 1453/277/1453 1336/162/1338
f 1493/316/1492 1492/317/1493 1384/208/1384
f 1384/208/1384 1425/250/1426 1493/316/1492
f 1492/317/1493 1395/221/1395 1352/175/1351
f 1352/175/1351 1384/208/1384 1492/317/1493
f 1495/318/1494 1494/319/1495 1397/219/1397
f 1397/219/1397 1431/256/1432 1495/318/1494
f 1354/177/1353 1396/218/1394 1397/219/1397
f 1397/219/1397 1494/319/1495 1354/177/1353
f 1351/176/1352 1395/221/1395 1396/218/1394
f 1396/218/1394 1355/178/1355 1351/176/1352
f 1438/261/1438 1497/321/1496 1496/320/1497
f 1496/320/1497 1407/230/1407 1438/261/1438
f 1310/136/1312 1353/179/1354 1407/230/1407
f 1407/230/1407 1496/320/1497 1310/136/1312
f 1367/192/1366 1449/274/1451 1498/322/1498
f 1498/322/1498 1366/191/1367 1367/192/1366
f 1409/233/1408 1486/310/1486 1499/323/1499
f 1499/323/1499 1408/232/1409 1409/233/1408
f 1399/223/1398 1488/312/1488 1500/324/1500
f 1500/324/1500 1398/222/1399 1399/223/1398
f 1387/211/1386 1490/314/1490 1501/325/1501
f 1501/325/1501 1386/210/1387 1387/211/1386
f 1375/199/1375 1464/289/1465 1465/288/1464
f 1465/288/1464 1420/244/1420 1375/199/1375
f 1503/326/1502 1502/327/1503 1413/238/1414
f 1415/239/1416 1416/240/1415 1504/329/1504
f 1504/329/1504 1505/328/1505 1415/239/1416
f 1416/240/1415 1417/241/1417 1506/330/1506
f 1506/330/1506 1504/329/1504 1416/240/1415
f 1508/331/1507 1507/332/1508 1419/243/1419
f 1423/247/1423 1424/248/1424 1509/334/1509
f 1509/334/1509 1510/333/1510 1423/247/1423
f 1512/335/1511 1511/336/1512 1425/250/1426
f 1427/252/1428 1428/251/1427 1513/338/1513
f 1513/338/1513 1514/337/1514 1427/252/1428
f 1429/254/1430 1430/253/1429 1515/339/1515
f 1515/339/1515 1513/338/1513 1429/254/1430
f 1517/340/1516 1516/341/1517 1431/256/1432
f 1433/258/1434 1434/257/1433 1518/343/1518
f 1518/343/1518 1519/342/1519 1433/258/1434
f 1435/260/1436 1436/259/1435 1520/344/1520
f 1520/344/1520 1518/343/1518 1435/260/1436
f 1522/345/1521 1521/346/1522 1438/261/1438
f 1442/268/1444 1443/269/1443 1523/348/1523
f 1523/348/1523 1524/347/1524 1442/268/1444
f 1449/274/1451 1450/275/1450 1505/328/1505
f 1505/328/1505 1525/349/1525 1449/274/1451
f 1454/279/1454 1433/258/1434 1519/342/1519
f 1519/342/1519 1526/350/1526 1454/279/1454
f 1458/283/1458 1427/252/1428 1514/337/1514
f 1514/337/1514 1527/351/1527 1458/283/1458
f 1465/288/1464 1421/246/1422 1528/353/1528
f 1528/353/1528 1529/352/1529 1465/288/1464
f 1422/245/1421 1423/247/1423 1510/333/1510
f 1510/333/1510 1528/353/1528 1422/245/1421
f 1443/269/1443 1439/264/1440 1530/354/1530
f 1530/354/1530 1523/348/1523 1443/269/1443
f 1498/322/1498 1449/274/1451 1525/349/1525
f 1525/349/1525 1531/355/1531 1498/322/1498
f 1499/323/1499 1486/310/1486 1524/347/1524
f 1524/347/1524 1532/356/1532 1499/323/1499
f 1500/324/1500 1488/312/1488 1526/350/1526
f 1526/350/1526 1533/357/1533 1500/324/1500
f 1501/325/1501 1490/314/1490 1527/351/1527
f 1527/351/1527 1534/358/1534 1501/325/1501
f 1420/244/1420 1465/288/1464 1529/352/1529
f 1529/352/1529 1508/331/1507 1420/244/1420
f 1421/246/1422 1422/245/1421 1528/353/1528
f 1439/264/1440 1440/263/1439 1530/354/1530
f 1486/310/1486 1442/268/1444 1524/347/1524
f 1434/257/1433 1435/260/1436 1518/343/1518
f 1488/312/1488 1454/279/1454 1526/350/1526
f 1428/251/1427 1429/254/1430 1513/338/1513
f 1490/314/1490 1458/283/1458 1527/351/1527
f 1450/275/1450 1415/239/1416 1505/328/1505
f 1371/193/1371 1356/180/1356 1346/172/1348
f 1346/172/1348 1356/180/1356 1349/171/1349
f 1311/137/1311 1353/179/1354 1310/136/1312
f 1537/359/1535 1536/362/1536 1535/361/1537
f 1535/361/1537 1538/360/1538 1537/359/1535
f 1298/123/1298 1539/363/1539 1309/131/1309
f 1309/131/1309 1297/122/1299 1298/123/1298
f 1541/364/1540 367/367/367 1540/366/1541
f 1540/366/1541 1542/365/1542 1541/364/1540
f 1545/368/1543 1544/371/1544 1543/370/1545
f 1543/370/1545 1546/369/1546 1545/368/1543
f 1537/359/1535 1548/374/1547 1547/373/1548
f 1547/373/1548 1549/372/1549 1537/359/1535
f 1552/375/1550 1551/378/1551 1550/377/1552
f 1550/377/1552 1553/376/1553 1552/375/1550
f 381/379/379 1555/382/1554 1554/381/1555
f 1554/381/1555 380/380/380 381/379/379
f 367/367/367 384/384/384 1556/383/1556
f 1556/383/1556 1540/366/1541 367/367/367
f 1544/371/1544 1545/368/1543 1557/386/1557
f 1557/386/1557 1558/385/1558 1544/371/1544
f 1538/360/1538 1559/387/1559 1548/374/1547
f 1548/374/1547 1537/359/1535 1538/360/1538
f 1299/121/1297 1560/388/1560 1305/127/1305
f 1305/127/1305 1302/128/1304 1299/121/1297
f 1562/389/1561 1561/391/1562 1297/122/1299
f 1297/122/1299 1563/390/1563 1562/389/1561
f 1564/392/1564 1318/144/1320 1334/158/1335
f 1334/158/1335 1478/303/1480 1564/392/1564
f 1565/393/1565 396/396/396 393/395/395
f 393/395/395 1566/394/1566 1565/393/1565
f 1396/218/1394 1354/177/1353 1355/178/1355
f 397/397/397 1567/398/1567 1555/382/1554
f 1555/382/1554 381/379/379 397/397/397
f 401/399/399 1569/402/1568 1568/401/1569
f 1568/401/1569 400/400/400 401/399/399
f 1570/403/1570 406/406/406 403/405/405
f 403/405/405 1571/404/1571 1570/403/1570
f 408/407/407 409/409/409 1551/378/1551
f 1551/378/1551 1572/408/1572 408/407/407
f 1573/410/1573 411/411/411 396/396/396
f 396/396/396 1565/393/1565 1573/410/1573
f 1571/404/1571 1288/109/1289 1574/413/1574
f 1574/413/1574 1575/412/1575 1571/404/1571
f 1571/404/1571 403/405/405 106/108/108
f 106/108/108 1288/109/1289 1571/404/1571
f 400/400/400 1568/401/1569 1292/115/1292
f 1292/115/1292 114/116/116 400/400/400
f 1578/414/1576 1577/417/1577 1576/416/1578
f 1576/416/1578 1579/415/1579 1578/414/1576
f 1581/418/1580 1580/419/1581 1577/417/1577
f 1577/417/1577 1578/414/1576 1581/418/1580
f 1352/175/1351 1395/221/1395 1351/176/1352
f 1463/286/1463 1582/420/1582 1476/299/1475
f 1476/299/1475 1477/300/1477 1463/286/1463
f 1463/286/1463 1477/300/1477 1361/187/1362
f 1361/187/1362 1360/183/1359 1463/286/1463
f 1491/315/1491 1330/156/1332 1360/183/1359
f 1360/183/1359 1361/187/1362 1491/315/1491
f 1569/402/1568 1584/422/1583 1583/421/1584
f 1583/421/1584 1568/401/1569 1569/402/1568
f 1585/423/1585 1292/115/1292 1568/401/1569
f 1568/401/1569 1583/421/1584 1585/423/1585
f 1586/424/1586 116/114/114 1292/115/1292
f 1292/115/1292 1585/423/1585 1586/424/1586
f 393/395/395 426/426/426 1587/425/1587
f 1587/425/1587 1566/394/1566 393/395/395
f 1590/427/1588 1589/430/1589 1588/429/1590
f 1588/429/1590 1591/428/1591 1590/427/1588
f 1593/431/1592 1562/389/1561 1592/433/1593
f 1592/433/1593 1594/432/1594 1593/431/1592
f 1595/434/1595 1305/127/1305 1560/388/1560
f 1560/388/1560 1596/435/1596 1595/434/1595
f 1599/436/1597 1598/438/1598 1597/437/1599
f 1597/437/1599 1535/361/1537 1599/436/1597
f 1535/361/1537 1597/437/1599 1600/439/1600
f 1600/439/1600 1538/360/1538 1535/361/1537
f 1602/440/1601 1601/441/1602 1589/430/1589
f 1589/430/1589 1590/427/1588 1602/440/1601
f 1601/441/1602 1602/440/1601 1603/443/1603
f 1603/443/1603 1604/442/1604 1601/441/1602
f 1538/360/1538 1600/439/1600 1605/444/1605
f 1605/444/1605 1559/387/1559 1538/360/1538
f 1607/445/1606 1606/446/1607 1604/442/1604
f 1604/442/1604 1603/443/1603 1607/445/1606
f 1608/447/1608 450/450/450 447/449/449
f 447/449/449 1609/448/1609 1608/447/1608
f 451/451/451 1610/452/1610 1609/448/1609
f 1609/448/1609 447/449/449 451/451/451
f 1611/453/1611 1293/119/1295 1294/120/1294
f 1294/120/1294 1612/454/1612 1611/453/1611
f 1615/455/1613 1614/458/1614 1613/457/1615
f 1613/457/1615 1616/456/1616 1615/455/1613
f 1619/459/1617 1618/462/1618 1617/461/1619
f 1617/461/1619 1620/460/1620 1619/459/1617
f 1623/463/1621 1622/466/1622 1621/465/1623
f 1621/465/1623 1624/464/1624 1623/463/1621
f 1558/385/1558 1557/386/1557 1613/457/1615
f 1613/457/1615 1624/464/1624 1558/385/1558
f 1624/464/1624 1621/465/1623 1625/467/1625
f 1625/467/1625 1558/385/1558 1624/464/1624
f 1602/440/1601 1590/427/1588 1626/469/1626
f 1626/469/1626 1627/468/1627 1602/440/1601
f 1629/470/1628 1626/469/1626 1628/472/1629
f 1628/472/1629 1630/471/1630 1629/470/1628
f 1627/468/1627 1626/469/1626 1629/470/1628
f 1629/470/1628 1631/473/1631 1627/468/1627
f 1634/474/1632 1633/477/1633 1632/476/1634
f 1632/476/1634 1635/475/1635 1634/474/1632
f 1636/478/1636 1621/465/1623 1622/466/1622
f 1622/466/1622 1637/479/1637 1636/478/1636
f 1640/480/1638 1639/483/1639 1638/482/1640
f 1638/482/1640 1641/481/1641 1640/480/1638
f 1642/484/1642 1572/408/1572 1551/378/1551
f 1551/378/1551 1552/375/1550 1642/484/1642
f 409/409/409 485/485/485 1550/377/1552
f 1550/377/1552 1551/378/1551 409/409/409
f 1644/486/1643 1599/436/1597 1643/488/1644
f 1643/488/1644 1645/487/1645 1644/486/1643
f 1535/361/1537 1536/362/1536 1643/488/1644
f 1643/488/1644 1599/436/1597 1535/361/1537
f 1648/489/1646 1647/491/1647 1646/490/1648
f 1646/490/1648 1549/372/1549 1648/489/1646
f 1646/490/1648 1536/362/1536 1537/359/1535
f 1537/359/1535 1549/372/1549 1646/490/1648
f 1651/492/1649 1650/495/1650 1649/494/1651
f 1649/494/1651 1652/493/1652 1651/492/1649
f 1648/489/1646 1549/372/1549 1547/373/1548
f 1547/373/1548 1653/496/1653 1648/489/1646
f 1654/497/1654 1598/438/1598 1599/436/1597
f 1599/436/1597 1644/486/1643 1654/497/1654
f 1635/475/1635 1651/492/1649 1655/498/1655
f 1655/498/1655 1634/474/1632 1635/475/1635
f 1656/499/1656 1655/498/1655 1651/492/1649
f 1651/492/1649 1652/493/1652 1656/499/1656
f 1361/187/1362 1362/185/1361 1491/315/1491
f 1659/500/1657 1658/503/1658 1657/502/1659
f 1657/502/1659 1660/501/1660 1659/500/1657
f 1656/499/1656 1662/505/1661 1661/504/1662
f 1661/504/1662 1655/498/1655 1656/499/1656
f 1634/474/1632 1655/498/1655 1661/504/1662
f 1661/504/1662 1631/473/1631 1634/474/1632
f 1326/152/1328 1325/147/1325 1358/182/1358
f 1358/182/1358 1360/183/1359 1326/152/1328
f 1664/506/1663 1663/508/1664 1659/500/1657
f 1659/500/1657 1665/507/1665 1664/506/1663
f 1664/506/1663 1667/510/1666 1666/509/1667
f 1666/509/1667 1564/392/1564 1664/506/1663
f 1668/511/1668 1530/354/1530 1440/263/1439
f 1440/263/1439 1441/265/1441 1668/511/1668
f 1650/495/1650 1648/489/1646 1653/496/1653
f 1653/496/1653 1649/494/1651 1650/495/1650
f 1652/493/1652 1670/513/1669 1669/512/1670
f 1669/512/1670 1656/499/1656 1652/493/1652
f 1652/493/1652 1649/494/1651 1671/514/1671
f 1671/514/1671 1670/513/1669 1652/493/1652
f 1674/515/1672 1673/517/1673 1672/516/1674
f 1672/516/1674 1669/512/1670 1674/515/1672
f 1662/505/1661 1676/519/1675 1675/518/1676
f 1675/518/1676 1661/504/1662 1662/505/1661
f 1675/518/1676 1631/473/1631 1661/504/1662
f 1677/520/1677 1672/516/1674 1673/517/1673
f 1673/517/1673 1665/507/1665 1677/520/1677
f 1659/500/1657 1660/501/1660 1677/520/1677
f 1677/520/1677 1665/507/1665 1659/500/1657
f 1649/494/1651 1653/496/1653 1678/521/1678
f 1678/521/1678 1671/514/1671 1649/494/1651
f 1678/521/1678 1653/496/1653 1547/373/1548
f 1547/373/1548 1679/522/1679 1678/521/1678
f 1657/502/1659 1606/446/1607 1607/445/1606
f 1607/445/1606 1660/501/1660 1657/502/1659
f 1680/523/1680 1559/387/1559 1605/444/1605
f 1605/444/1605 1681/524/1681 1680/523/1680
f 1676/519/1675 1607/445/1606 1603/443/1603
f 1603/443/1603 1675/518/1676 1676/519/1675
f 1570/403/1570 1683/526/1682 1682/525/1683
f 1682/525/1683 1567/398/1567 1570/403/1570
f 1555/382/1554 1567/398/1567 1682/525/1683
f 1682/525/1683 1684/527/1684 1555/382/1554
f 1685/528/1685 1586/424/1586 1585/423/1585
f 1585/423/1585 1686/529/1686 1685/528/1685
f 1554/381/1555 1555/382/1554 1684/527/1684
f 1577/417/1577 1295/117/1293 1687/530/1687
f 1687/530/1687 1576/416/1578 1577/417/1577
f 1296/118/1296 1688/531/1688 1687/530/1687
f 1687/530/1687 1295/117/1293 1296/118/1296
f 1686/529/1686 1585/423/1585 1583/421/1584
f 1583/421/1584 1689/532/1689 1686/529/1686
f 1571/404/1571 1575/412/1575 1683/526/1682
f 1683/526/1682 1570/403/1570 1571/404/1571
f 1692/533/1690 1691/536/1691 1690/535/1692
f 1690/535/1692 1693/534/1693 1692/533/1690
f 1696/537/1694 1695/540/1695 1694/539/1696
f 1694/539/1696 1697/538/1697 1696/537/1694
f 1700/541/1698 1699/544/1699 1698/543/1700
f 1698/543/1700 1701/542/1701 1700/541/1698
f 1701/542/1701 1698/543/1700 1702/546/1702
f 1702/546/1702 1703/545/1703 1701/542/1701
f 1706/547/1704 1705/550/1705 1704/549/1706
f 1704/549/1706 1707/548/1707 1706/547/1704
f 1710/551/1708 1709/553/1709 1708/552/1710
f 1708/552/1710 1693/534/1693 1710/551/1708
f 1713/554/1711 1712/557/1712 1711/556/1713
f 1711/556/1713 1714/555/1714 1713/554/1711
f 1717/558/1715 1716/561/1716 1715/560/1717
f 1715/560/1717 1718/559/1718 1717/558/1715
f 1716/561/1716 1720/563/1719 1719/562/1720
f 1719/562/1720 1715/560/1717 1716/561/1716
f 1721/564/1721 1690/535/1692 1691/536/1691
f 1691/536/1691 1722/565/1722 1721/564/1721
f 1725/566/1723 1724/569/1724 1723/568/1725
f 1723/568/1725 1726/567/1726 1725/566/1723
f 1729/570/1727 1728/573/1728 1727/572/1729
f 1727/572/1729 1730/571/1730 1729/570/1727
f 1733/574/1731 1732/577/1732 1731/576/1733
f 1731/576/1733 1734/575/1734 1733/574/1731
f 1734/575/1734 1731/576/1733 1735/579/1735
f 1735/579/1735 1736/578/1736 1734/575/1734
f 1737/580/1737 1730/571/1730 1727/572/1729
f 1727/572/1729 1738/581/1738 1737/580/1737
f 1741/582/1739 1740/585/1740 1739/584/1741
f 1739/584/1741 1742/583/1742 1741/582/1739
f 1745/586/1743 1744/589/1744 1743/588/1745
f 1743/588/1745 1746/587/1746 1745/586/1743
f 1749/590/1747 1748/593/1748 1747/592/1749
f 1747/592/1749 1750/591/1750 1749/590/1747
f 1753/594/1751 1752/596/1752 1751/595/1753
f 1756/597/1754 1755/600/1755 1754/599/1756
f 1754/599/1756 1757/598/1757 1756/597/1754
f 1760/601/1758 1759/604/1759 1758/603/1760
f 1758/603/1760 1761/602/1761 1760/601/1758
f 1764/605/1762 1763/607/1763 1762/606/1764
f 1767/608/1765 1766/610/1766 1765/609/1767
f 1770/611/1768 1769/614/1769 1768/613/1770
f 1768/613/1770 1771/612/1771 1770/611/1768
f 1744/589/1744 1773/616/1772 1772/615/1773
f 1772/615/1773 1743/588/1745 1744/589/1744
f 1739/584/1741 1775/618/1774 1774/617/1775
f 1765/609/1767 1766/610/1766 1776/619/1776
f 1740/585/1740 1778/621/1777 1777/620/1778
f 1777/620/1778 1739/584/1741 1740/585/1740
f 1747/592/1749 1770/611/1768 1779/622/1779
f 1779/622/1779 1767/608/1765 1747/592/1749
f 1743/588/1745 1781/624/1780 1780/623/1781
f 1780/623/1781 1746/587/1746 1743/588/1745
f 1770/611/1768 1747/592/1749 1748/593/1748
f 1748/593/1748 1769/614/1769 1770/611/1768
f 1781/624/1780 1743/588/1745 1772/615/1773
f 1772/615/1773 1782/625/1782 1781/624/1780
f 1784/626/1783 1783/627/1784 1751/595/1753
f 1751/595/1753 1752/596/1752 1784/626/1783
f 1787/628/1785 1786/630/1786 1785/629/1787
f 1785/629/1787 1757/598/1757 1787/628/1785
f 1790/631/1788 1789/633/1789 1788/632/1790
f 1788/632/1790 1761/602/1761 1790/631/1788
f 1776/619/1776 1766/610/1766 1791/635/1791
f 1791/635/1791 1792/634/1792 1776/619/1776
f 1741/582/1739 1742/583/1742 1793/637/1793
f 1793/637/1793 1794/636/1794 1741/582/1739
f 1797/638/1795 1796/641/1796 1795/640/1797
f 1795/640/1797 1798/639/1798 1797/638/1795
f 1801/642/1799 1800/645/1800 1799/644/1801
f 1799/644/1801 1802/643/1802 1801/642/1799
f 1803/646/1803 1799/644/1801 1800/645/1800
f 1800/645/1800 1804/647/1804 1803/646/1803
f 1773/616/1772 1744/589/1744 1805/649/1805
f 1805/649/1805 1806/648/1806 1773/616/1772
f 1807/650/1807 1805/649/1805 1744/589/1744
f 1744/589/1744 1745/586/1743 1807/650/1807
f 1810/651/1808 1809/654/1809 1808/653/1810
f 1808/653/1810 1811/652/1811 1810/651/1808
f 1814/655/1812 1813/658/1813 1812/657/1814
f 1812/657/1814 1815/656/1815 1814/655/1812
f 1818/659/1816 1817/661/1817 1816/660/1818
f 1816/660/1818 1773/616/1772 1818/659/1816
f 1813/658/1813 1814/655/1812 1819/663/1819
f 1819/663/1819 1820/662/1820 1813/658/1813
f 1823/664/1821 1822/667/1822 1821/666/1823
f 1821/666/1823 1824/665/1824 1823/664/1821
f 1827/668/1825 1826/671/1826 1825/670/1827
f 1825/670/1827 1828/669/1828 1827/668/1825
f 1831/672/1829 1830/675/1830 1829/674/1831
f 1829/674/1831 1832/673/1832 1831/672/1829
f 1826/671/1826 1827/668/1825 1833/677/1833
f 1833/677/1833 1834/676/1834 1826/671/1826
f 1837/678/1835 1836/681/1836 1835/680/1837
f 1835/680/1837 1838/679/1838 1837/678/1835
f 1841/682/1839 1840/685/1840 1839/684/1841
f 1839/684/1841 1842/683/1842 1841/682/1839
f 1843/686/1843 1774/617/1775 1775/618/1774
f 1775/618/1774 1844/687/1844 1843/686/1843
f 1840/685/1840 1841/682/1839 1845/689/1845
f 1845/689/1845 1846/688/1846 1840/685/1840
f 1849/690/1847 1848/692/1848 1847/691/1849
f 1847/691/1849 1796/641/1796 1849/690/1847
f 1796/641/1796 1797/638/1795 1850/693/1850
f 1850/693/1850 1849/690/1847 1796/641/1796
f 1793/637/1793 1852/695/1851 1851/694/1852
f 1851/694/1852 1794/636/1794 1793/637/1793
f 1802/643/1802 1799/644/1801 1853/697/1853
f 1853/697/1853 1854/696/1854 1802/643/1802
f 1855/698/1855 1853/697/1853 1799/644/1801
f 1799/644/1801 1803/646/1803 1855/698/1855
f 1857/699/1856 1856/700/1857 1806/648/1806
f 1806/648/1806 1805/649/1805 1857/699/1856
f 1807/650/1807 1858/701/1858 1857/699/1856
f 1857/699/1856 1805/649/1805 1807/650/1807
f 1808/653/1810 1860/703/1859 1859/702/1860
f 1859/702/1860 1811/652/1811 1808/653/1810
f 1862/704/1861 1861/705/1862 1815/656/1815
f 1815/656/1815 1812/657/1814 1862/704/1861
f 1818/659/1816 1864/707/1863 1863/706/1864
f 1863/706/1864 1817/661/1817 1818/659/1816
f 1821/666/1823 1866/709/1865 1865/708/1866
f 1865/708/1866 1824/665/1824 1821/666/1823
f 1825/670/1827 1868/711/1867 1867/710/1868
f 1867/710/1868 1828/669/1828 1825/670/1827
f 1832/673/1832 1870/713/1869 1869/712/1870
f 1869/712/1870 1831/672/1829 1832/673/1832
f 1837/678/1835 1872/715/1871 1871/714/1872
f 1871/714/1872 1836/681/1836 1837/678/1835
f 1839/684/1841 1874/717/1873 1873/716/1874
f 1873/716/1874 1842/683/1842 1839/684/1841
f 1875/718/1875 1843/686/1843 1844/687/1844
f 1844/687/1844 1876/719/1876 1875/718/1875
f 1849/690/1847 1878/721/1877 1877/720/1878
f 1877/720/1878 1848/692/1848 1849/690/1847
f 1850/693/1850 1879/722/1879 1878/721/1877
f 1878/721/1877 1849/690/1847 1850/693/1850
f 1882/723/1880 1881/726/1881 1880/725/1882
f 1880/725/1882 1883/724/1883 1882/723/1880
f 1884/727/1884 1881/726/1881 1882/723/1880
f 1882/723/1880 1885/728/1885 1884/727/1884
f 1887/729/1886 1886/730/1887 1760/601/1758
f 1760/601/1758 1792/634/1792 1887/729/1886
f 1792/634/1792 1788/632/1790 1789/633/1789
f 1789/633/1789 1776/619/1776 1792/634/1792
f 1795/640/1797 1889/733/1888 1888/732/1889
f 1888/732/1889 1890/731/1890 1795/640/1797
f 1891/734/1891 1889/733/1888 1795/640/1797
f 1795/640/1797 1796/641/1796 1891/734/1891
f 1763/607/1763 1892/735/1892 1762/606/1764
f 1779/622/1779 1791/635/1791 1766/610/1766
f 1766/610/1766 1767/608/1765 1779/622/1779
f 1893/736/1893 1836/681/1836 1871/714/1872
f 1871/714/1872 1894/737/1894 1893/736/1893
f 1835/680/1837 1836/681/1836 1893/736/1893
f 1893/736/1893 1895/738/1895 1835/680/1837
f 1758/603/1760 1896/739/1896 1756/597/1754
f 1756/597/1754 1761/602/1761 1758/603/1760
f 1761/602/1761 1785/629/1787 1786/630/1786
f 1786/630/1786 1790/631/1788 1761/602/1761
f 1897/740/1897 1824/665/1824 1865/708/1866
f 1865/708/1866 1898/741/1898 1897/740/1897
f 1823/664/1821 1824/665/1824 1897/740/1897
f 1897/740/1897 1899/742/1899 1823/664/1821
f 1754/599/1756 1900/743/1900 1753/594/1751
f 1753/594/1751 1757/598/1757 1754/599/1756
f 1757/598/1757 1751/595/1753 1783/627/1784
f 1783/627/1784 1787/628/1785 1757/598/1757
f 1783/627/1784 1901/744/1901 1787/628/1785
f 1859/702/1860 1903/746/1902 1902/745/1903
f 1902/745/1903 1811/652/1811 1859/702/1860
f 1902/745/1903 1904/747/1904 1810/651/1808
f 1810/651/1808 1811/652/1811 1902/745/1903
f 1906/748/1905 1905/750/1906 1752/596/1752
f 1752/596/1752 1907/749/1907 1906/748/1905
f 1908/751/1908 1784/626/1783 1752/596/1752
f 1752/596/1752 1905/750/1906 1908/751/1908
f 1901/744/1901 1783/627/1784 1784/626/1783
f 1784/626/1783 1909/752/1909 1901/744/1901
f 1909/752/1909 1911/754/1910 1910/753/1911
f 1910/753/1911 1901/744/1901 1909/752/1909
f 1914/755/1912 1913/758/1913 1912/757/1914
f 1912/757/1914 1915/756/1915 1914/755/1912
f 1913/758/1913 1914/755/1912 1916/760/1916
f 1916/760/1916 1917/759/1917 1913/758/1913
f 1917/759/1917 1916/760/1916 1918/762/1918
f 1918/762/1918 1919/761/1919 1917/759/1917
f 1735/579/1735 1920/763/1920 1749/590/1747
f 1749/590/1747 1750/591/1750 1735/579/1735
f 1750/591/1750 1765/609/1767 1921/764/1921
f 1921/764/1921 1735/579/1735 1750/591/1750
f 1923/765/1922 1922/766/1923 1921/764/1921
f 1921/764/1921 1765/609/1767 1923/765/1922
f 1926/767/1924 1925/770/1925 1924/769/1926
f 1924/769/1926 1927/768/1927 1926/767/1924
f 1927/768/1927 1924/769/1926 1908/751/1908
f 1908/751/1908 1928/771/1928 1927/768/1927
f 1928/771/1928 1908/751/1908 1905/750/1906
f 1905/750/1906 1929/772/1929 1928/771/1928
f 1929/772/1929 1905/750/1906 1906/748/1905
f 1906/748/1905 1930/773/1930 1929/772/1929
f 1931/774/1931 1904/747/1904 1902/745/1903
f 1902/745/1903 1932/775/1932 1931/774/1931
f 1749/590/1747 1920/763/1920 1919/761/1919
f 1919/761/1919 1918/762/1918 1749/590/1747
f 1748/593/1748 1778/621/1777 1740/585/1740
f 1740/585/1740 1769/614/1769 1748/593/1748
f 1769/614/1769 1740/585/1740 1741/582/1739
f 1741/582/1739 1768/613/1770 1769/614/1769
f 1768/613/1770 1741/582/1739 1794/636/1794
f 1794/636/1794 1933/776/1933 1768/613/1770
f 1933/776/1933 1794/636/1794 1851/694/1852
f 1851/694/1852 1934/777/1934 1933/776/1933
f 1845/689/1845 1882/723/1880 1883/724/1883
f 1883/724/1883 1935/778/1935 1845/689/1845
f 1845/689/1845 1841/682/1839 1885/728/1885
f 1885/728/1885 1882/723/1880 1845/689/1845
f 1936/779/1936 1760/601/1758 1886/730/1887
f 1936/779/1936 1759/604/1759 1760/601/1758
f 1838/679/1838 1841/682/1839 1842/683/1842
f 1842/683/1842 1837/678/1835 1838/679/1838
f 1872/715/1871 1837/678/1835 1842/683/1842
f 1842/683/1842 1873/716/1874 1872/715/1871
f 1833/677/1833 1893/736/1893 1894/737/1894
f 1894/737/1894 1937/780/1937 1833/677/1833
f 1833/677/1833 1827/668/1825 1895/738/1895
f 1895/738/1895 1893/736/1893 1833/677/1833
f 1938/781/1938 1756/597/1754 1896/739/1896
f 1938/781/1938 1755/600/1755 1756/597/1754
f 1822/667/1822 1827/668/1825 1828/669/1828
f 1828/669/1828 1821/666/1823 1822/667/1822
f 1866/709/1865 1821/666/1823 1828/669/1828
f 1828/669/1828 1867/710/1868 1866/709/1865
f 1819/663/1819 1897/740/1897 1898/741/1898
f 1898/741/1898 1939/782/1939 1819/663/1819
f 1819/663/1819 1814/655/1812 1899/742/1899
f 1899/742/1899 1897/740/1897 1819/663/1819
f 1940/783/1940 1753/594/1751 1900/743/1900
f 1940/783/1940 1941/784/1941 1753/594/1751
f 1809/654/1809 1814/655/1812 1815/656/1815
f 1815/656/1815 1808/653/1810 1809/654/1809
f 1860/703/1859 1808/653/1810 1815/656/1815
f 1815/656/1815 1861/705/1862 1860/703/1859
f 1848/692/1848 1877/720/1878 1880/725/1882
f 1880/725/1882 1881/726/1881 1848/692/1848
f 1848/692/1848 1881/726/1881 1884/727/1884
f 1884/727/1884 1847/691/1849 1848/692/1848
f 1764/605/1762 1887/729/1886 1792/634/1792
f 1792/634/1792 1763/607/1763 1764/605/1762
f 1942/785/1942 1892/735/1892 1763/607/1763
f 1763/607/1763 1779/622/1779 1942/785/1942
f 1801/642/1799 1802/643/1802 1889/733/1888
f 1889/733/1888 1891/734/1891 1801/642/1799
f 1889/733/1888 1802/643/1802 1854/696/1854
f 1854/696/1854 1888/732/1889 1889/733/1888
f 1753/594/1751 1941/784/1941 1907/749/1907
f 1907/749/1907 1752/596/1752 1753/594/1751
f 1751/595/1753 1757/598/1757 1753/594/1751
f 1756/597/1754 1757/598/1757 1785/629/1787
f 1785/629/1787 1761/602/1761 1756/597/1754
f 1760/601/1758 1761/602/1761 1788/632/1790
f 1788/632/1790 1792/634/1792 1760/601/1758
f 1763/607/1763 1792/634/1792 1791/635/1791
f 1791/635/1791 1779/622/1779 1763/607/1763
f 1863/706/1864 1944/787/1943 1943/786/1944
f 1943/786/1944 1817/661/1817 1863/706/1864
f 1817/661/1817 1943/786/1944 1829/674/1831
f 1829/674/1831 1816/660/1818 1817/661/1817
f 1869/712/1870 1946/789/1945 1945/788/1946
f 1945/788/1946 1831/672/1829 1869/712/1870
f 1945/788/1946 1775/618/1774 1830/675/1830
f 1830/675/1830 1831/672/1829 1945/788/1946
f 1775/618/1774 1739/584/1741 1947/790/1947
f 1947/790/1947 1830/675/1830 1775/618/1774
f 1843/686/1843 1875/718/1875 1948/792/1948
f 1948/792/1948 1949/791/1949 1843/686/1843
f 1949/791/1949 1742/583/1742 1774/617/1775
f 1774/617/1775 1843/686/1843 1949/791/1949
f 1798/639/1798 1795/640/1797 1890/731/1890
f 1890/731/1890 1950/793/1950 1798/639/1798
f 1846/688/1846 1845/689/1845 1935/778/1935
f 1935/778/1935 1951/794/1951 1846/688/1846
f 1834/676/1834 1833/677/1833 1937/780/1937
f 1937/780/1937 1952/795/1952 1834/676/1834
f 1820/662/1820 1819/663/1819 1939/782/1939
f 1939/782/1939 1953/796/1953 1820/662/1820
f 1954/797/1954 1932/775/1932 1902/745/1903
f 1902/745/1903 1903/746/1902 1954/797/1954
f 1852/695/1851 1955/798/1955 1851/694/1852
f 1956/799/1956 1854/696/1854 1853/697/1853
f 1853/697/1853 1957/800/1957 1956/799/1956
f 1957/800/1957 1853/697/1853 1855/698/1855
f 1855/698/1855 1958/801/1958 1957/800/1957
f 1857/699/1856 1858/701/1858 1959/802/1959
f 1960/803/1960 1861/705/1862 1862/704/1861
f 1862/704/1861 1961/804/1961 1960/803/1960
f 1864/707/1863 1962/805/1962 1863/706/1864
f 1963/806/1963 1865/708/1866 1866/709/1865
f 1866/709/1865 1964/807/1964 1963/806/1963
f 1964/807/1964 1867/710/1868 1868/711/1867
f 1868/711/1867 1965/808/1965 1964/807/1964
f 1870/713/1869 1966/809/1966 1869/712/1870
f 1967/810/1967 1871/714/1872 1872/715/1871
f 1872/715/1871 1968/811/1968 1967/810/1967
f 1968/811/1968 1873/716/1874 1874/717/1873
f 1874/717/1873 1969/812/1969 1968/811/1968
f 1876/719/1876 1970/813/1970 1875/718/1875
f 1971/814/1971 1878/721/1877 1879/722/1879
f 1879/722/1879 1972/815/1972 1971/814/1971
f 1973/816/1973 1883/724/1883 1880/725/1882
f 1880/725/1882 1974/817/1974 1973/816/1973
f 1975/818/1975 1890/731/1890 1888/732/1889
f 1888/732/1889 1956/799/1956 1975/818/1975
f 1976/819/1976 1894/737/1894 1871/714/1872
f 1871/714/1872 1967/810/1967 1976/819/1976
f 1977/820/1977 1898/741/1898 1865/708/1866
f 1865/708/1866 1963/806/1963 1977/820/1977
f 1978/821/1978 1903/746/1902 1859/702/1860
f 1859/702/1860 1979/822/1979 1978/821/1978
f 1979/822/1979 1860/703/1859 1861/705/1862
f 1861/705/1862 1960/803/1960 1979/822/1979
f 1974/817/1974 1880/725/1882 1877/720/1878
f 1877/720/1878 1971/814/1971 1974/817/1974
f 1980/823/1980 1950/793/1950 1890/731/1890
f 1890/731/1890 1975/818/1975 1980/823/1980
f 1981/824/1981 1951/794/1951 1935/778/1935
f 1935/778/1935 1973/816/1973 1981/824/1981
f 1982/825/1982 1952/795/1952 1937/780/1937
f 1937/780/1937 1976/819/1976 1982/825/1982
f 1983/826/1983 1953/796/1953 1939/782/1939
f 1939/782/1939 1977/820/1977 1983/826/1983
f 1984/827/1984 1954/797/1954 1903/746/1902
f 1903/746/1902 1978/821/1978 1984/827/1984
f 1985/828/1985 1734/575/1734 1736/578/1736
f 1736/578/1736 1986/829/1986 1985/828/1985
f 1987/830/1987 1733/574/1731 1734/575/1734
f 1734/575/1734 1985/828/1985 1987/830/1987
f 1724/569/1724 1725/566/1723 1925/770/1925
f 1925/770/1925 1988/831/1988 1724/569/1724
f 1989/832/1989 1727/572/1729 1728/573/1728
f 1728/573/1728 1990/833/1990 1989/832/1989
f 1989/832/1989 1991/834/1991 1738/581/1738
f 1738/581/1738 1727/572/1729 1989/832/1989
f 1993/835/1992 1992/836/1993 1986/829/1986
f 1986/829/1986 1736/578/1736 1993/835/1992
f 1922/766/1923 1994/837/1994 1993/835/1992
f 1993/835/1992 1921/764/1921 1922/766/1923
f 1912/757/1914 1913/758/1913 1995/839/1995
f 1995/839/1995 1996/838/1996 1912/757/1914
f 1913/758/1913 1917/759/1917 1997/840/1997
f 1997/840/1997 1995/839/1995 1913/758/1913
f 1999/841/1998 1998/842/1999 1919/761/1919
f 1919/761/1919 1920/763/1920 1999/841/1998
f 1996/838/1996 1995/839/1995 2000/843/2000
f 1989/832/1989 2000/843/2000 2001/844/2001
f 2001/844/2001 1991/834/1991 1989/832/1989
f 1979/822/1979 1859/702/1860 1860/703/1859
f 1971/814/1971 1877/720/1878 1878/721/1877
f 1973/816/1973 1935/778/1935 1883/724/1883
f 1968/811/1968 1872/715/1871 1873/716/1874
f 1976/819/1976 1937/780/1937 1894/737/1894
f 1964/807/1964 1866/709/1865 1867/710/1868
f 1977/820/1977 1939/782/1939 1898/741/1898
f 1956/799/1956 1888/732/1889 1854/696/1854
f 1771/612/1771 1942/785/1942 1779/622/1779
f 1790/631/1788 1786/630/1786 1901/744/1901
f 1901/744/1901 1923/765/1922 1790/631/1788
f 1770/611/1768 1771/612/1771 1779/622/1779
f 1742/583/1742 1739/584/1741 1774/617/1775
f 1735/579/1735 1731/576/1733 1999/841/1998
f 1999/841/1998 1920/763/1920 1735/579/1735
f 2002/845/2002 1988/831/1988 1925/770/1925
f 1925/770/1925 1926/767/1924 2002/845/2002
f 2005/846/2003 2004/849/2004 2003/848/2005
f 2003/848/2005 2006/847/2006 2005/846/2003
f 1730/571/1730 1737/580/1737 2007/851/2007
f 2007/851/2007 2008/850/2008 1730/571/1730
f 1706/547/1704 1707/548/1707 2009/853/2009
f 2009/853/2009 2010/852/2010 1706/547/1704
f 2013/854/2011 2012/857/2012 2011/856/2013
f 2011/856/2013 2014/855/2014 2013/854/2011
f 2013/854/2011 1700/541/1698 1701/542/1701
f 1701/542/1701 2012/857/2012 2013/854/2011
f 1703/545/1703 2015/858/2015 2012/857/2012
f 2012/857/2012 1701/542/1701 1703/545/1703
f 2018/859/2016 2017/862/2017 2016/861/2018
f 2016/861/2018 2019/860/2019 2018/859/2016
f 1694/539/1696 2021/865/2020 2020/864/2021
f 2020/864/2021 2022/863/2022 1694/539/1696
f 1695/540/1695 2023/866/2023 2021/865/2020
f 2021/865/2020 1694/539/1696 1695/540/1695
f 2016/861/2018 2024/867/2024 2023/866/2023
f 2023/866/2023 1695/540/1695 2016/861/2018
f 2017/862/2017 2025/868/2025 2024/867/2024
f 2024/867/2024 2016/861/2018 2017/862/2017
f 2003/848/2005 2004/849/2004 2026/870/2026
f 2026/870/2026 2027/869/2027 2003/848/2005
f 2030/871/2028 2029/874/2029 2028/873/2030
f 2028/873/2030 2031/872/2031 2030/871/2028
f 2033/875/2032 2032/876/2033 2008/850/2008
f 2008/850/2008 1704/549/1706 2033/875/2032
f 1738/581/1738 1991/834/1991 1732/577/1732
f 1732/577/1732 1733/574/1731 1738/581/1738
f 1737/580/1737 1738/581/1738 1733/574/1731
f 1733/574/1731 1987/830/1987 1737/580/1737
f 2001/844/2001 2034/877/2034 1732/577/1732
f 1732/577/1732 1991/834/1991 2001/844/2001
f 2036/878/2035 2035/879/2036 2015/858/2015
f 2015/858/2015 1703/545/1703 2036/878/2035
f 2037/880/2037 2036/878/2035 1703/545/1703
f 1703/545/1703 1702/546/1702 2037/880/2037
f 1997/840/1997 1917/759/1917 1919/761/1919
f 1919/761/1919 1998/842/1999 1997/840/1997
f 2039/881/2038 2038/882/2039 2014/855/2014
f 2014/855/2014 2011/856/2013 2039/881/2038
f 2029/874/2029 1994/837/1994 2040/883/2040
f 2040/883/2040 2028/873/2030 2029/874/2029
f 2041/884/2041 2040/883/2040 1910/753/1911
f 1910/753/1911 1911/754/1910 2041/884/2041
f 2043/885/2042 2005/846/2003 2042/887/2043
f 2042/887/2043 2044/886/2044 2043/885/2042
f 1750/591/1750 1747/592/1749 1767/608/1765
f 1767/608/1765 1765/609/1767 1750/591/1750
f 1697/538/1697 2046/889/2045 2045/888/2046
f 2045/888/2046 1696/537/1694 1697/538/1697
f 1736/578/1736 1735/579/1735 1921/764/1921
f 1921/764/1921 1993/835/1992 1736/578/1736
f 1986/829/1986 2048/891/2047 2047/890/2048
f 2047/890/2048 1985/828/1985 1986/829/1986
f 1985/828/1985 2047/890/2048 2049/892/2049
f 2049/892/2049 1987/830/1987 1985/828/1985
f 2051/893/2050 2050/894/2051 1726/567/1726
f 1726/567/1726 1723/568/1725 2051/893/2050
f 2008/850/2008 2032/876/2033 1729/570/1727
f 1729/570/1727 1730/571/1730 2008/850/2008
f 1987/830/1987 2049/892/2049 2007/851/2007
f 2007/851/2007 1737/580/1737 1987/830/1987
f 1704/549/1706 2008/850/2008 2007/851/2007
f 2007/851/2007 1707/548/1707 1704/549/1706
f 2048/891/2047 2053/897/2052 2052/896/2053
f 2052/896/2053 2054/895/2054 2048/891/2047
f 1707/548/1707 2007/851/2007 2049/892/2049
f 2049/892/2049 2009/853/2009 1707/548/1707
f 2055/898/2055 2033/875/2032 1704/549/1706
f 1704/549/1706 1705/550/1705 2055/898/2055
f 2009/853/2009 2049/892/2049 2047/890/2048
f 2047/890/2048 2056/899/2056 2009/853/2009
f 2056/899/2056 2047/890/2048 2048/891/2047
f 2048/891/2047 2054/895/2054 2056/899/2056
f 2013/854/2011 2014/855/2014 2057/901/2057
f 2057/901/2057 2058/900/2058 2013/854/2011
f 2060/902/2059 2059/903/2060 1714/555/1714
f 1714/555/1714 1711/556/1713 2060/902/2059
f 2011/856/2013 2012/857/2012 2015/858/2015
f 2015/858/2015 2061/904/2061 2011/856/2013
f 2064/905/2062 2063/908/2063 2062/907/2064
f 2062/907/2064 2065/906/2065 2064/905/2062
f 2061/904/2061 2015/858/2015 2035/879/2036
f 2035/879/2036 2066/909/2066 2061/904/2061
f 2067/910/2067 2028/873/2030 2040/883/2040
f 2040/883/2040 2041/884/2041 2067/910/2067
f 2068/911/2068 2031/872/2031 2028/873/2030
f 2028/873/2030 2067/910/2067 2068/911/2068
f 2070/912/2069 2069/913/2070 2058/900/2058
f 2058/900/2058 2018/859/2016 2070/912/2069
f 2072/914/2071 2071/915/2072 2044/886/2044
f 2044/886/2044 2042/887/2043 2072/914/2071
f 2073/916/2073 2072/914/2071 2042/887/2043
f 2042/887/2043 2074/917/2074 2073/916/2073
f 2074/917/2074 2075/918/2075 2073/916/2073
f 2076/919/2076 2075/918/2075 2074/917/2074
f 2074/917/2074 2006/847/2006 2076/919/2076
f 2072/914/2071 1713/554/1711 1714/555/1714
f 1714/555/1714 2071/915/2072 2072/914/2071
f 1714/555/1714 2059/903/2060 2077/920/2077
f 2077/920/2077 2071/915/2072 1714/555/1714
f 2006/847/2006 2074/917/2074 2042/887/2043
f 2042/887/2043 2005/846/2003 2006/847/2006
f 2043/885/2042 2078/921/2078 2004/849/2004
f 2004/849/2004 2005/846/2003 2043/885/2042
f 2003/848/2005 2027/869/2027 2076/919/2076
f 2076/919/2076 2006/847/2006 2003/848/2005
f 2025/868/2025 2017/862/2017 2078/921/2078
f 2078/921/2078 2043/885/2042 2025/868/2025
f 2026/870/2026 2079/922/2079 2052/896/2053
f 2052/896/2053 2027/869/2027 2026/870/2026
f 2075/918/2075 2076/919/2076 2031/872/2031
f 1901/744/1901 1910/753/1911 1922/766/1923
f 1922/766/1923 1923/765/1922 1901/744/1901
f 1910/753/1911 2040/883/2040 1994/837/1994
f 1994/837/1994 1922/766/1923 1910/753/1911
f 2030/871/2028 2053/897/2052 1992/836/1993
f 1992/836/1993 2029/874/2029 2030/871/2028
f 1992/836/1993 1993/835/1992 1994/837/1994
f 1994/837/1994 2029/874/2029 1992/836/1993
f 2076/919/2076 2027/869/2027 2030/871/2028
f 2030/871/2028 2031/872/2031 2076/919/2076
f 2027/869/2027 2052/896/2053 2053/897/2052
f 2053/897/2052 2030/871/2028 2027/869/2027
f 1776/619/1776 1789/633/1789 1923/765/1922
f 2000/843/2000 1989/832/1989 1990/833/1990
f 1990/833/1990 1996/838/1996 2000/843/2000
f 2000/843/2000 1995/839/1995 1997/840/1997
f 1997/840/1997 2001/844/2001 2000/843/2000
f 2001/844/2001 1997/840/1997 1998/842/1999
f 1998/842/1999 2034/877/2034 2001/844/2001
f 2031/872/2031 2068/911/2068 2073/916/2073
f 2073/916/2073 2075/918/2075 2031/872/2031
f 2022/863/2022 2080/923/2080 1697/538/1697
f 1697/538/1697 1694/539/1696 2022/863/2022
f 2046/889/2045 1697/538/1697 2080/923/2080
f 2080/923/2080 2081/924/2081 2046/889/2045
f 1999/841/1998 1731/576/1733 1732/577/1732
f 1732/577/1732 2034/877/2034 1999/841/1998
f 1999/841/1998 2034/877/2034 1998/842/1999
f 1772/615/1773 1947/790/1947 2082/925/2082
f 2082/925/2082 1782/625/1782 1772/615/1773
f 1773/616/1772 1816/660/1818 1772/615/1773
f 2082/925/2082 1947/790/1947 1739/584/1741
f 1739/584/1741 1777/620/1778 2082/925/2082
f 1947/790/1947 1772/615/1773 1816/660/1818
f 1816/660/1818 1829/674/1831 1947/790/1947
f 1947/790/1947 1829/674/1831 1830/675/1830
f 1782/625/1782 2084/927/2083 2083/926/2084
f 2083/926/2084 1781/624/1780 1782/625/1782
f 1782/625/1782 2082/925/2082 2085/928/2085
f 2085/928/2085 2084/927/2083 1782/625/1782
f 1781/624/1780 2083/926/2084 1780/623/1781
f 2084/927/2083 2085/928/2085 1916/760/1916
f 1916/760/1916 1914/755/1912 2084/927/2083
f 1914/755/1912 1915/756/1915 2083/926/2084
f 2083/926/2084 2084/927/2083 1914/755/1912
f 2083/926/2084 1915/756/1915 1780/623/1781
f 1778/621/1777 2087/930/2086 2086/929/2087
f 2086/929/2087 1777/620/1778 1778/621/1777
f 2086/929/2087 2087/930/2086 1918/762/1918
f 1918/762/1918 1916/760/1916 2086/929/2087
f 1748/593/1748 1749/590/1747 2087/930/2086
f 2087/930/2086 1778/621/1777 1748/593/1748
f 1918/762/1918 2087/930/2086 1749/590/1747
f 2086/929/2087 1916/760/1916 2085/928/2085
f 2086/929/2087 2085/928/2085 2082/925/2082
f 2082/925/2082 1777/620/1778 2086/929/2087
f 2061/904/2061 2010/852/2010 2039/881/2038
f 2039/881/2038 2011/856/2013 2061/904/2061
f 2039/881/2038 2056/899/2056 2054/895/2054
f 2054/895/2054 2038/882/2039 2039/881/2038
f 2010/852/2010 2009/853/2009 2056/899/2056
f 2056/899/2056 2039/881/2038 2010/852/2010
f 2019/860/2019 2016/861/2018 1695/540/1695
f 1695/540/1695 1696/537/1694 2019/860/2019
f 2067/910/2067 1726/567/1726 2050/894/2051
f 2050/894/2051 2068/911/2068 2067/910/2067
f 2041/884/2041 1725/566/1723 1726/567/1726
f 1726/567/1726 2067/910/2067 2041/884/2041
f 1911/754/1910 1925/770/1925 1725/566/1723
f 1725/566/1723 2041/884/2041 1911/754/1910
f 1924/769/1926 1925/770/1925 1911/754/1910
f 1911/754/1910 1909/752/1909 1924/769/1926
f 1908/751/1908 1924/769/1926 1909/752/1909
f 1909/752/1909 1784/626/1783 1908/751/1908
f 2044/886/2044 2088/931/2088 2025/868/2025
f 2025/868/2025 2043/885/2042 2044/886/2044
f 1713/554/1711 2072/914/2071 2073/916/2073
f 2073/916/2073 2089/932/2089 1713/554/1711
f 2089/932/2089 2073/916/2073 2068/911/2068
f 2068/911/2068 2050/894/2051 2089/932/2089
f 2004/849/2004 2078/921/2078 2090/933/2090
f 2090/933/2090 2026/870/2026 2004/849/2004
f 2091/934/2091 2024/867/2024 2025/868/2025
f 2025/868/2025 2088/931/2088 2091/934/2091
f 2088/931/2088 2044/886/2044 2071/915/2072
f 2071/915/2072 2077/920/2077 2088/931/2088
f 2092/935/2092 1716/561/1716 1717/558/1715
f 1717/558/1715 2093/936/2093 2092/935/2092
f 2079/922/2079 2038/882/2039 2054/895/2054
f 2054/895/2054 2052/896/2053 2079/922/2079
f 2079/922/2079 2057/901/2057 2014/855/2014
f 2014/855/2014 2038/882/2039 2079/922/2079
f 1986/829/1986 1992/836/1993 2053/897/2052
f 2053/897/2052 2048/891/2047 1986/829/1986
f 2090/933/2090 2057/901/2057 2079/922/2079
f 2079/922/2079 2026/870/2026 2090/933/2090
f 2051/893/2050 2094/937/2094 2089/932/2089
f 2089/932/2089 2050/894/2051 2051/893/2050
f 2095/938/2095 939/939/939 450/450/450
f 450/450/450 1608/447/1608 2095/938/2095
f 1713/554/1711 2089/932/2089 2094/937/2094
f 2094/937/2094 1712/557/1712 1713/554/1711
f 1584/422/1583 1579/415/1579 1689/532/1689
f 1689/532/1689 1583/421/1584 1584/422/1583
f 2021/865/2020 2092/935/2092 2093/936/2093
f 2093/936/2093 2020/864/2021 2021/865/2020
f 1603/443/1603 1602/440/1601 1627/468/1627
f 1627/468/1627 1675/518/1676 1603/443/1603
f 1675/518/1676 1627/468/1627 1631/473/1631
f 1619/459/1617 1620/460/1620 1622/466/1622
f 1622/466/1622 1623/463/1621 1619/459/1617
f 1308/130/1306 2097/941/2096 2096/940/2097
f 2096/940/2097 1307/133/1307 1308/130/1306
f 2097/941/2096 1617/461/1619 2098/942/2098
f 2098/942/2098 2096/940/2097 2097/941/2096
f 1617/461/1619 1618/462/1618 2099/943/2099
f 2099/943/2099 2098/942/2098 1617/461/1619
f 1618/462/1618 2101/945/2100 2100/944/2101
f 2100/944/2101 2099/943/2099 1618/462/1618
f 1632/476/1634 2103/947/2102 2102/946/2103
f 2102/946/2103 1635/475/1635 1632/476/1634
f 1650/495/1650 1651/492/1649 1635/475/1635
f 1635/475/1635 2102/946/2103 1650/495/1650
f 2102/946/2103 1647/491/1647 1648/489/1646
f 1648/489/1646 1650/495/1650 2102/946/2103
f 2102/946/2103 2103/947/2102 2104/948/2104
f 2104/948/2104 1647/491/1647 2102/946/2103
f 2105/949/2105 1646/490/1648 1647/491/1647
f 1647/491/1647 2104/948/2104 2105/949/2105
f 2105/949/2105 1643/488/1644 1536/362/1536
f 1536/362/1536 1646/490/1648 2105/949/2105
f 1562/389/1561 1593/431/1592 1561/391/1562
f 1623/463/1621 1624/464/1624 1613/457/1615
f 1613/457/1615 1614/458/1614 1623/463/1621
f 2106/950/2106 1619/459/1617 1623/463/1621
f 1623/463/1621 1614/458/1614 2106/950/2106
f 2101/945/2100 1618/462/1618 1619/459/1617
f 1619/459/1617 2106/950/2106 2101/945/2100
f 2107/951/2107 1620/460/1620 1617/461/1619
f 1617/461/1619 2097/941/2096 2107/951/2107
f 1620/460/1620 2107/951/2107 1637/479/1637
f 1637/479/1637 1622/466/1622 1620/460/1620
f 1639/483/1639 1640/480/1638 1625/467/1625
f 1625/467/1625 2108/952/2108 1639/483/1639
f 2109/953/2109 2107/951/2107 2097/941/2096
f 2097/941/2096 1308/130/1306 2109/953/2109
f 2110/954/2110 1636/478/1636 1637/479/1637
f 1637/479/1637 2111/955/2111 2110/954/2110
f 2112/956/2112 1639/483/1639 2108/952/2108
f 2108/952/2108 2113/957/2113 2112/956/2112
f 1639/483/1639 2112/956/2112 1638/482/1640
f 2111/955/2111 1637/479/1637 2107/951/2107
f 2107/951/2107 2109/953/2109 2111/955/2111
f 1301/124/1301 2111/955/2111 2109/953/2109
f 2109/953/2109 1539/363/1539 1301/124/1301
f 1290/113/1291 1301/124/1301 1539/363/1539
f 1539/363/1539 2114/958/2114 1290/113/1291
f 959/959/959 110/112/112 1290/113/1291
f 1290/113/1291 2114/958/2114 959/959/959
f 1299/121/1297 1302/128/1304 2115/960/2115
f 2115/960/2115 1298/123/1298 1299/121/1297
f 1300/125/1300 2110/954/2110 2111/955/2111
f 2111/955/2111 1301/124/1301 1300/125/1300
f 1552/375/1550 2112/956/2112 2113/957/2113
f 2113/957/2113 1642/484/1642 1552/375/1550
f 1553/376/1553 1638/482/1640 2112/956/2112
f 2112/956/2112 1552/375/1550 1553/376/1553
f 2108/952/2108 1625/467/1625 1621/465/1623
f 1621/465/1623 1636/478/1636 2108/952/2108
f 2113/957/2113 2108/952/2108 1636/478/1636
f 1636/478/1636 2110/954/2110 2113/957/2113
f 1642/484/1642 2113/957/2113 2110/954/2110
f 2110/954/2110 1300/125/1300 1642/484/1642
f 1291/110/1290 1572/408/1572 1642/484/1642
f 1642/484/1642 1300/125/1300 1291/110/1290
f 111/111/111 408/407/407 1572/408/1572
f 1572/408/1572 1291/110/1290 111/111/111
f 1628/472/1629 1626/469/1626 1590/427/1588
f 1590/427/1588 1591/428/1591 1628/472/1629
f 2104/948/2104 2117/962/2116 2116/961/2117
f 2116/961/2117 2105/949/2105 2104/948/2104
f 2103/947/2102 2118/963/2118 2117/962/2116
f 2117/962/2116 2104/948/2104 2103/947/2102
f 1632/476/1634 2119/964/2119 2118/963/2118
f 2118/963/2118 2103/947/2102 1632/476/1634
f 1633/477/1633 2120/965/2120 2119/964/2119
f 2119/964/2119 1632/476/1634 1633/477/1633
f 1297/122/1299 1309/131/1309 1306/132/1308
f 1306/132/1308 1563/390/1563 1297/122/1299
f 1309/131/1309 1539/363/1539 2109/953/2109
f 2109/953/2109 1308/130/1306 1309/131/1309
f 1561/391/1562 1560/388/1560 1299/121/1297
f 1299/121/1297 1297/122/1299 1561/391/1562
f 1629/470/1628 1630/471/1630 2120/965/2120
f 2120/965/2120 1633/477/1633 1629/470/1628
f 1560/388/1560 1561/391/1562 1593/431/1592
f 1593/431/1592 1596/435/1596 1560/388/1560
f 1596/435/1596 2122/967/2121 2121/966/2122
f 2116/961/2117 2123/968/2123 1643/488/1644
f 1643/488/1644 2105/949/2105 2116/961/2117
f 1615/455/1613 2124/969/2124 2106/950/2106
f 2106/950/2106 1614/458/1614 1615/455/1613
f 2125/970/2125 2101/945/2100 2106/950/2106
f 2106/950/2106 2124/969/2124 2125/970/2125
f 2126/971/2126 2100/944/2101 2101/945/2100
f 2101/945/2100 2125/970/2125 2126/971/2126
f 2129/972/2127 2128/975/2128 2127/974/2129
f 2127/974/2129 2130/973/2130 2129/972/2127
f 2127/974/2129 2128/975/2128 2131/977/2131
f 2131/977/2131 2132/976/2132 2127/974/2129
f 2092/935/2092 2021/865/2020 2023/866/2023
f 2023/866/2023 2133/978/2133 2092/935/2092
f 2133/978/2133 1720/563/1719 1716/561/1716
f 1716/561/1716 2092/935/2092 2133/978/2133
f 2077/920/2077 2091/934/2091 2088/931/2088
f 2133/978/2133 2023/866/2023 2024/867/2024
f 2024/867/2024 2091/934/2091 2133/978/2133
f 1720/563/1719 2133/978/2133 2091/934/2091
f 2091/934/2091 2077/920/2077 1720/563/1719
f 1719/562/1720 1720/563/1719 2077/920/2077
f 2077/920/2077 2059/903/2060 1719/562/1720
f 2135/979/2134 1609/448/1609 2134/981/2135
f 2134/981/2135 2136/980/2136 2135/979/2134
f 406/406/406 1570/403/1570 1567/398/1567
f 1567/398/1567 397/397/397 406/406/406
f 2137/982/2137 2066/909/2066 2035/879/2036
f 1610/452/1610 451/451/451 983/984/984
f 983/984/984 2138/983/2138 1610/452/1610
f 1610/452/1610 2134/981/2135 1609/448/1609
f 1574/413/1574 1288/109/1289 1289/106/1288
f 2135/979/2134 2095/938/2095 1608/447/1608
f 1608/447/1608 1609/448/1609 2135/979/2134
f 2141/985/2139 2140/988/2140 2139/987/2141
f 2139/987/2141 2142/986/2142 2141/985/2139
f 2143/989/2143 2142/986/2142 2139/987/2141
f 2139/987/2141 1692/533/1690 2143/989/2143
f 1692/533/1690 2139/987/2141 2144/990/2144
f 2144/990/2144 1691/536/1691 1692/533/1690
f 2145/991/2145 2144/990/2144 2139/987/2141
f 2139/987/2141 2140/988/2140 2145/991/2145
f 2138/983/2138 983/984/984 992/993/993
f 992/993/993 2146/992/2146 2138/983/2138
f 1722/565/1722 1691/536/1691 2144/990/2144
f 2144/990/2144 2147/994/2147 1722/565/1722
f 2144/990/2144 2145/991/2145 2148/995/2148
f 2148/995/2148 2147/994/2147 2144/990/2144
f 996/996/996 2149/997/2149 2146/992/2146
f 2146/992/2146 992/993/993 996/996/996
f 1705/550/1705 2064/905/2062 2065/906/2065
f 2065/906/2065 2055/898/2055 1705/550/1705
f 2066/909/2066 2064/905/2062 1705/550/1705
f 1705/550/1705 1706/547/1704 2066/909/2066
f 2010/852/2010 2061/904/2061 2066/909/2066
f 2066/909/2066 1706/547/1704 2010/852/2010
f 2059/903/2060 2060/902/2059 2150/998/2150
f 2150/998/2150 1719/562/1720 2059/903/2060
f 2150/998/2150 2151/999/2151 1715/560/1717
f 1715/560/1717 1719/562/1720 2150/998/2150
f 2152/1000/2152 1001/1001/1001 1586/424/1586
f 1586/424/1586 1685/528/1685 2152/1000/2152
f 1001/1001/1001 116/114/114 1586/424/1586
f 2151/999/2151 1718/559/1718 1715/560/1717
f 2066/909/2066 2137/982/2137 2063/908/2063
f 2063/908/2063 2064/905/2062 2066/909/2066
f 2153/1002/2153 2137/982/2137 2036/878/2035
f 2036/878/2035 2037/880/2037 2153/1002/2153
f 2147/994/2147 2148/995/2148 2154/1003/2154
f 2154/1003/2154 2153/1002/2153 2147/994/2147
f 1004/1004/1004 2155/1005/2155 2149/997/2149
f 2149/997/2149 996/996/996 1004/1004/1004
f 2036/878/2035 2137/982/2137 2035/879/2036
f 1006/1006/1006 2156/1007/2156 2155/1005/2155
f 2155/1005/2155 1004/1004/1004 1006/1006/1006
f 2037/880/2037 1722/565/1722 2147/994/2147
f 2147/994/2147 2153/1002/2153 2037/880/2037
f 2156/1007/2156 1006/1006/1006 1008/1009/1009
f 1008/1009/1009 2157/1008/2157 2156/1007/2156
f 2154/1003/2154 2159/1011/2158 2158/1010/2159
f 2158/1010/2159 2153/1002/2153 2154/1003/2154
f 2160/1012/2160 2158/1010/2159 2159/1011/2158
f 2159/1011/2158 2161/1013/2161 2160/1012/2160
f 2137/982/2137 2153/1002/2153 2158/1010/2159
f 2158/1010/2159 2063/908/2063 2137/982/2137
f 2160/1012/2160 2062/907/2064 2063/908/2063
f 2063/908/2063 2158/1010/2159 2160/1012/2160
f 426/426/426 959/959/959 2114/958/2114
f 2114/958/2114 1587/425/1587 426/426/426
f 1539/363/1539 1298/123/1298 1587/425/1587
f 1587/425/1587 2114/958/2114 1539/363/1539
f 2069/913/2070 2070/912/2069 2045/888/2046
f 2045/888/2046 2162/1014/2162 2069/913/2070
f 2057/901/2057 2090/933/2090 2018/859/2016
f 2018/859/2016 2058/900/2058 2057/901/2057
f 1708/552/1710 1709/553/1709 2046/889/2045
f 2046/889/2045 2081/924/2081 1708/552/1710
f 2162/1014/2162 2045/888/2046 2046/889/2045
f 2046/889/2045 1709/553/1709 2162/1014/2162
f 2070/912/2069 2019/860/2019 1696/537/1694
f 1696/537/1694 2045/888/2046 2070/912/2069
f 2070/912/2069 2018/859/2016 2019/860/2019
f 2162/1014/2162 1709/553/1709 1710/551/1708
f 1710/551/1708 1699/544/1699 2162/1014/2162
f 1700/541/1698 2069/913/2070 2162/1014/2162
f 2162/1014/2162 1699/544/1699 1700/541/1698
f 2013/854/2011 2058/900/2058 2069/913/2070
f 2069/913/2070 1700/541/1698 2013/854/2011
f 2018/859/2016 2090/933/2090 2078/921/2078
f 2078/921/2078 2017/862/2017 2018/859/2016
f 1690/535/1692 1721/564/1721 1699/544/1699
f 1699/544/1699 1710/551/1708 1690/535/1692
f 1702/546/1702 1721/564/1721 1722/565/1722
f 1722/565/1722 2037/880/2037 1702/546/1702
f 1721/564/1721 1702/546/1702 1698/543/1700
f 1698/543/1700 1699/544/1699 1721/564/1721
f 1633/477/1633 1634/474/1632 1631/473/1631
f 1631/473/1631 1629/470/1628 1633/477/1633
f 2165/1015/2163 2164/1017/2164 2163/1016/2165
f 2163/1016/2165 1680/523/1680 2165/1015/2163
f 2168/1018/2166 2167/1021/2167 2166/1020/2168
f 2166/1020/2168 2169/1019/2169 2168/1018/2166
f 2169/1019/2169 2166/1020/2168 1470/296/1472
f 1470/296/1472 2170/1022/2170 2169/1019/2169
f 1548/374/1547 1559/387/1559 1680/523/1680
f 1680/523/1680 2163/1016/2165 1548/374/1547
f 2163/1016/2165 1679/522/1679 1547/373/1548
f 1547/373/1548 1548/374/1547 2163/1016/2165
f 1679/522/1679 2163/1016/2165 2164/1017/2164
f 2164/1017/2164 2168/1018/2166 1679/522/1679
f 1679/522/1679 2168/1018/2166 2169/1019/2169
f 2169/1019/2169 1678/521/1678 1679/522/1679
f 1674/515/1672 1669/512/1670 1670/513/1669
f 1670/513/1669 2171/1023/2171 1674/515/1672
f 2171/1023/2171 1670/513/1669 1671/514/1671
f 1671/514/1671 2170/1022/2170 2171/1023/2171
f 2170/1022/2170 1671/514/1671 1678/521/1678
f 1678/521/1678 2169/1019/2169 2170/1022/2170
f 2165/1015/2163 1680/523/1680 1681/524/1681
f 1681/524/1681 2172/1024/2172 2165/1015/2163
f 1298/123/1298 2115/960/2115 1566/394/1566
f 1566/394/1566 1587/425/1587 1298/123/1298
f 2174/1025/2173 2173/1026/2174 2129/972/2127
f 2129/972/2127 2130/973/2130 2174/1025/2173
f 2176/1027/2175 2175/1028/2176 1293/119/1295
f 1293/119/1295 1611/453/1611 2176/1027/2175
f 1029/1029/1029 1030/1030/1030 2175/1028/2176
f 2175/1028/2176 2176/1027/2175 1029/1029/1029
f 1790/631/1788 1923/765/1922 1789/633/1789
f 1776/619/1776 1923/765/1922 1765/609/1767
f 1787/628/1785 1901/744/1901 1786/630/1786
f 1542/365/1542 1540/366/1541 2177/1032/2177
f 2177/1032/2177 2178/1031/2178 1542/365/1542
f 2181/1033/2179 2180/1036/2180 2179/1035/2181
f 2179/1035/2181 2182/1034/2182 2181/1033/2179
f 2184/1037/2183 2183/1038/2184 2179/1035/2181
f 2179/1035/2181 2180/1036/2180 2184/1037/2183
f 2184/1037/2183 2186/1040/2185 2185/1039/2186
f 2185/1039/2186 2183/1038/2184 2184/1037/2183
f 2179/1035/2181 2188/1042/2187 2187/1041/2188
f 2187/1041/2188 2182/1034/2182 2179/1035/2181
f 2179/1035/2181 2183/1038/2184 2189/1043/2189
f 2189/1043/2189 2188/1042/2187 2179/1035/2181
f 2185/1039/2186 2189/1043/2189 2183/1038/2184
f 2184/1037/2183 2190/1044/2190 2186/1040/2185
f 2180/1036/2180 2192/1046/2191 2191/1045/2192
f 2191/1045/2192 2184/1037/2183 2180/1036/2180
f 2181/1033/2179 2194/1048/2193 2193/1047/2194
f 2193/1047/2194 2180/1036/2180 2181/1033/2179
f 2197/1049/2195 2196/1052/2196 2195/1051/2197
f 2195/1051/2197 2198/1050/2198 2197/1049/2195
f 2199/1053/2199 2196/1052/2196 2197/1049/2195
f 2197/1049/2195 2200/1054/2200 2199/1053/2199
f 2199/1053/2199 2200/1054/2200 2185/1039/2186
f 2185/1039/2186 2201/1055/2201 2199/1053/2199
f 2188/1042/2187 2197/1049/2195 2198/1050/2198
f 2198/1050/2198 2187/1041/2188 2188/1042/2187
f 2197/1049/2195 2188/1042/2187 2189/1043/2189
f 2189/1043/2189 2200/1054/2200 2197/1049/2195
f 2189/1043/2189 2185/1039/2186 2200/1054/2200
f 2204/1056/2202 2203/1059/2203 2202/1058/2204
f 2202/1058/2204 2205/1057/2205 2204/1056/2202
f 2207/1060/2206 2206/1061/2207 2202/1058/2204
f 2202/1058/2204 2203/1059/2203 2207/1060/2206
f 2207/1060/2206 2209/1063/2208 2208/1062/2209
f 2208/1062/2209 2206/1061/2207 2207/1060/2206
f 2205/1057/2205 2202/1058/2204 2210/1065/2210
f 2210/1065/2210 2211/1064/2211 2205/1057/2205
f 2202/1058/2204 2206/1061/2207 2212/1066/2212
f 2212/1066/2212 2210/1065/2210 2202/1058/2204
f 2208/1062/2209 2212/1066/2212 2206/1061/2207
f 2215/1067/2213 2214/1069/2214 2213/1068/2215
f 2217/1070/2216 2216/1072/2217 2214/1069/2214
f 2214/1069/2214 2218/1071/2218 2217/1070/2216
f 2221/1073/2219 2220/1075/2220 2219/1074/2221
f 2219/1074/2221 2216/1072/2217 2221/1073/2219
f 2222/1076/2222 2216/1072/2217 2219/1074/2221
f 2219/1074/2221 2223/1077/2223 2222/1076/2222
f 2214/1069/2214 2216/1072/2217 2222/1076/2222
f 2222/1076/2222 2224/1078/2224 2214/1069/2214
f 2214/1069/2214 2224/1078/2224 2208/1062/2209
f 2208/1062/2209 2213/1068/2215 2214/1069/2214
f 2210/1065/2210 2222/1076/2222 2223/1077/2223
f 2223/1077/2223 2211/1064/2211 2210/1065/2210
f 2222/1076/2222 2210/1065/2210 2212/1066/2212
f 2212/1066/2212 2224/1078/2224 2222/1076/2222
f 2212/1066/2212 2208/1062/2209 2224/1078/2224
f 2227/1079/2225 2226/1082/2226 2225/1081/2227
f 2225/1081/2227 2228/1080/2228 2227/1079/2225
f 2230/1083/2229 2229/1084/2230 2225/1081/2227
f 2225/1081/2227 2226/1082/2226 2230/1083/2229
f 2230/1083/2229 2232/1086/2231 2231/1085/2232
f 2231/1085/2232 2229/1084/2230 2230/1083/2229
f 2228/1080/2228 2225/1081/2227 2233/1088/2233
f 2233/1088/2233 2234/1087/2234 2228/1080/2228
f 2225/1081/2227 2229/1084/2230 2235/1089/2235
f 2235/1089/2235 2233/1088/2233 2225/1081/2227
f 2231/1085/2232 2235/1089/2235 2229/1084/2230
f 2238/1090/2236 2237/1093/2237 2236/1092/2238
f 2236/1092/2238 2239/1091/2239 2238/1090/2236
f 2240/1094/2240 2237/1093/2237 2238/1090/2236
f 2238/1090/2236 2241/1095/2241 2240/1094/2240
f 2240/1094/2240 2241/1095/2241 2231/1085/2232
f 2231/1085/2232 2242/1096/2242 2240/1094/2240
f 2233/1088/2233 2238/1090/2236 2239/1091/2239
f 2239/1091/2239 2234/1087/2234 2233/1088/2233
f 2238/1090/2236 2233/1088/2233 2235/1089/2235
f 2235/1089/2235 2241/1095/2241 2238/1090/2236
f 2235/1089/2235 2231/1085/2232 2241/1095/2241
f 2240/1094/2240 2242/1096/2242 2243/1097/2243
f 2243/1097/2243 2244/1098/2244 2237/1093/2237
f 2237/1093/2237 2240/1094/2240 2243/1097/2243
f 2236/1092/2238 2237/1093/2237 2244/1098/2244
f 2244/1098/2244 2245/1099/2245 2236/1092/2238
f 2248/1100/2246 2247/1103/2247 2246/1102/2248
f 2246/1102/2248 2249/1101/2249 2248/1100/2246
f 2251/1104/2250 2250/1105/2251 2246/1102/2248
f 2246/1102/2248 2247/1103/2247 2251/1104/2250
f 2251/1104/2250 2253/1107/2252 2252/1106/2253
f 2252/1106/2253 2250/1105/2251 2251/1104/2250
f 2249/1101/2249 2246/1102/2248 2254/1109/2254
f 2254/1109/2254 2255/1108/2255 2249/1101/2249
f 2246/1102/2248 2250/1105/2251 2256/1110/2256
f 2256/1110/2256 2254/1109/2254 2246/1102/2248
f 2252/1106/2253 2256/1110/2256 2250/1105/2251
f 2259/1111/2257 2258/1114/2258 2257/1113/2259
f 2257/1113/2259 2260/1112/2260 2259/1111/2257
f 2261/1115/2261 2258/1114/2258 2259/1111/2257
f 2259/1111/2257 2262/1116/2262 2261/1115/2261
f 2261/1115/2261 2262/1116/2262 2252/1106/2253
f 2252/1106/2253 2263/1117/2263 2261/1115/2261
f 2254/1109/2254 2259/1111/2257 2260/1112/2260
f 2260/1112/2260 2255/1108/2255 2254/1109/2254
f 2259/1111/2257 2254/1109/2254 2256/1110/2256
f 2256/1110/2256 2262/1116/2262 2259/1111/2257
f 2256/1110/2256 2252/1106/2253 2262/1116/2262
f 2261/1115/2261 2263/1117/2263 2264/1118/2264
f 2264/1118/2264 2265/1119/2265 2258/1114/2258
f 2258/1114/2258 2261/1115/2261 2264/1118/2264
f 2266/1120/2266 2257/1113/2259 2258/1114/2258
f 2258/1114/2258 2265/1119/2265 2266/1120/2266
f 2269/1121/2267 2268/1124/2268 2267/1123/2269
f 2267/1123/2269 2270/1122/2270 2269/1121/2267
f 2272/1125/2271 2271/1126/2272 2268/1124/2268
f 2268/1124/2268 2269/1121/2267 2272/1125/2271
f 2272/1125/2271 2274/1128/2273 2273/1127/2274
f 2273/1127/2274 2271/1126/2272 2272/1125/2271
f 2267/1123/2269 2268/1124/2268 2275/1130/2275
f 2275/1130/2275 2276/1129/2276 2267/1123/2269
f 2268/1124/2268 2271/1126/2272 2277/1131/2277
f 2277/1131/2277 2275/1130/2275 2268/1124/2268
f 2273/1127/2274 2277/1131/2277 2271/1126/2272
f 2280/1132/2278 2279/1135/2279 2278/1134/2280
f 2278/1134/2280 2281/1133/2281 2280/1132/2278
f 2282/1136/2282 2279/1135/2279 2280/1132/2278
f 2280/1132/2278 2283/1137/2283 2282/1136/2282
f 2282/1136/2282 2283/1137/2283 2273/1127/2274
f 2273/1127/2274 2284/1138/2284 2282/1136/2282
f 2276/1129/2276 2275/1130/2275 2280/1132/2278
f 2280/1132/2278 2281/1133/2281 2276/1129/2276
f 2280/1132/2278 2275/1130/2275 2277/1131/2277
f 2277/1131/2277 2283/1137/2283 2280/1132/2278
f 2277/1131/2277 2273/1127/2274 2283/1137/2283
f 2282/1136/2282 2284/1138/2284 2285/1139/2285
f 2285/1139/2285 2286/1140/2286 2279/1135/2279
f 2279/1135/2279 2282/1136/2282 2285/1139/2285
f 2278/1134/2280 2279/1135/2279 2286/1140/2286
f 2286/1140/2286 2287/1141/2287 2278/1134/2280
f 1508/331/1507 1419/243/1419 1420/244/1420
f 1419/243/1419 1507/332/1508 1418/242/1418
f 1512/335/1511 1425/250/1426 1426/249/1425
f 1425/250/1426 1511/336/1512 1493/316/1492
f 1517/340/1516 1431/256/1432 1432/255/1431
f 1431/256/1432 1516/341/1517 1495/318/1494
f 1522/345/1521 1438/261/1438 1437/262/1437
f 1438/261/1438 1521/346/1522 1497/321/1496
f 1503/326/1502 1413/238/1414 1414/237/1413
f 1413/238/1414 1502/327/1503 1485/309/1485
f 1857/699/1856 2288/1142/2288 1856/700/1857
f 1857/699/1856 1959/802/1959 2288/1142/2288
f 1863/706/1864 2289/1143/2289 1944/787/1943
f 1863/706/1864 1962/805/1962 2289/1143/2289
f 1869/712/1870 2290/1144/2290 1946/789/1945
f 1869/712/1870 1966/809/1966 2290/1144/2290
f 1875/718/1875 2291/1145/2291 1948/792/1948
f 1875/718/1875 1970/813/1970 2291/1145/2291
f 1851/694/1852 2292/1146/2292 1934/777/1934
f 1851/694/1852 1955/798/1955 2292/1146/2292
f 1340/166/1342 2293/1147/2293 1357/181/1357
f 1357/181/1357 1343/165/1343 1340/166/1342
f 1556/383/1556 384/384/384 1148/1148/1148
f 1296/118/1296 1293/119/1295 2175/1028/2176
f 2175/1028/2176 2294/1149/2294 1296/118/1296
f 2294/1149/2294 2175/1028/2176 1030/1030/1030
f 1030/1030/1030 1150/1150/1150 2294/1149/2294
f 1710/551/1708 1693/534/1693 1690/535/1692
f 1688/531/1688 1554/381/1555 1684/527/1684
f 1296/118/1296 2294/1149/2294 1554/381/1555
f 1554/381/1555 1688/531/1688 1296/118/1296
f 1554/381/1555 2294/1149/2294 1150/1150/1150
f 1150/1150/1150 380/380/380 1554/381/1555
f 1580/419/1581 1294/120/1294 1295/117/1293
f 1295/117/1293 1577/417/1577 1580/419/1581
f 1543/370/1545 1544/371/1544 1640/480/1638
f 1640/480/1638 1641/481/1641 1543/370/1545
f 1640/480/1638 1544/371/1544 1558/385/1558
f 1558/385/1558 1625/467/1625 1640/480/1638
f 1304/126/1302 2296/1152/2295 2295/1151/2296
f 2295/1151/2296 1573/410/1573 1304/126/1302
f 2295/1151/2296 1153/1153/1153 411/411/411
f 411/411/411 1573/410/1573 2295/1151/2296
f 1578/414/1576 1579/415/1579 1584/422/1583
f 1584/422/1583 2297/1154/2297 1578/414/1576
f 1584/422/1583 1569/402/1568 2298/1155/2298
f 2298/1155/2298 2297/1154/2297 1584/422/1583
f 1569/402/1568 401/399/399 1156/1156/1156
f 1156/1156/1156 2298/1155/2298 1569/402/1568
f 1578/414/1576 2297/1154/2297 2299/1157/2299
f 2299/1157/2299 1581/418/1580 1578/414/1576
f 2297/1154/2297 2298/1155/2298 2300/1158/2300
f 2300/1158/2300 2299/1157/2299 2297/1154/2297
f 2298/1155/2298 1156/1156/1156 1159/1159/1159
f 1159/1159/1159 2300/1158/2300 2298/1155/2298
f 2303/1160/2301 2302/1163/2302 2301/1162/2303
f 2301/1162/2303 2304/1161/2304 2303/1160/2301
f 1594/432/1594 1592/433/1593 2131/977/2131
f 2131/977/2131 2128/975/2128 1594/432/1594
f 1594/432/1594 2122/967/2121 1596/435/1596
f 1596/435/1596 1593/431/1592 1594/432/1594
f 1595/434/1595 1596/435/1596 2121/966/2122
f 2121/966/2122 2305/1164/2305 1595/434/1595
f 2306/1165/2306 1612/454/1612 1294/120/1294
f 1294/120/1294 1580/419/1581 2306/1165/2306
f 2122/967/2121 1594/432/1594 2128/975/2128
f 2128/975/2128 2129/972/2127 2122/967/2121
f 2307/1166/2307 2174/1025/2173 1615/455/1613
f 1615/455/1613 2174/1025/2173 2130/973/2130
f 2130/973/2130 2124/969/2124 1615/455/1613
f 2124/969/2124 2130/973/2130 2127/974/2129
f 2127/974/2129 2125/970/2125 2124/969/2124
f 2125/970/2125 2127/974/2129 2132/976/2132
f 2132/976/2132 2126/971/2126 2125/970/2125
f 1645/487/1645 1643/488/1644 2123/968/2123
f 2307/1166/2307 2308/1167/2308 2173/1026/2174
f 2173/1026/2174 2174/1025/2173 2307/1166/2307
f 1557/386/1557 1545/368/1543 2303/1160/2301
f 2303/1160/2301 2304/1161/2304 1557/386/1557
f 1545/368/1543 1546/369/1546 2178/1031/2178
f 2178/1031/2178 2177/1032/2177 1545/368/1543
f 2303/1160/2301 1545/368/1543 2177/1032/2177
f 1557/386/1557 2304/1161/2304 1616/456/1616
f 1616/456/1616 1613/457/1615 1557/386/1557
f 2307/1166/2307 1616/456/1616 2304/1161/2304
f 2304/1161/2304 2301/1162/2303 2307/1166/2307
f 1580/419/1581 1581/418/1580 2309/1168/2309
f 2309/1168/2309 2306/1165/2306 1580/419/1581
f 1581/418/1580 2299/1157/2299 2296/1152/2295
f 2296/1152/2295 2309/1168/2309 1581/418/1580
f 2296/1152/2295 2299/1157/2299 2300/1158/2300
f 2300/1158/2300 2295/1151/2296 2296/1152/2295
f 2300/1158/2300 1159/1159/1159 1153/1153/1153
f 1153/1153/1153 2295/1151/2296 2300/1158/2300
f 2308/1167/2308 2307/1166/2307 2301/1162/2303
f 2301/1162/2303 2310/1169/2310 2308/1167/2308
f 2310/1169/2310 2301/1162/2303 2302/1163/2302
f 2302/1163/2302 2311/1170/2311 2310/1169/2310
f 2311/1170/2311 2302/1163/2302 1148/1148/1148
f 1148/1148/1148 1171/1171/1171 2311/1170/2311
f 1540/366/1541 1556/383/1556 2303/1160/2301
f 2303/1160/2301 2177/1032/2177 1540/366/1541
f 1556/383/1556 1148/1148/1148 2302/1163/2302
f 2302/1163/2302 2303/1160/2301 1556/383/1556
f 1612/454/1612 2306/1165/2306 1595/434/1595
f 1595/434/1595 2305/1164/2305 1612/454/1612
f 1595/434/1595 2306/1165/2306 2309/1168/2309
f 2309/1168/2309 1305/127/1305 1595/434/1595
f 1305/127/1305 2309/1168/2309 2296/1152/2295
f 2296/1152/2295 1304/126/1302 1305/127/1305
f 1612/454/1612 2305/1164/2305 2312/1172/2312
f 2312/1172/2312 1611/453/1611 1612/454/1612
f 2312/1172/2312 2313/1173/2313 2176/1027/2175
f 2176/1027/2175 1611/453/1611 2312/1172/2312
f 2176/1027/2175 2313/1173/2313 1174/1174/1174
f 1174/1174/1174 1029/1029/1029 2176/1027/2175
f 2129/972/2127 2173/1026/2174 2121/966/2122
f 2121/966/2122 2122/967/2121 2129/972/2127
f 2121/966/2122 2173/1026/2174 2308/1167/2308
f 2308/1167/2308 2305/1164/2305 2121/966/2122
f 2305/1164/2305 2308/1167/2308 2310/1169/2310
f 2310/1169/2310 2312/1172/2312 2305/1164/2305
f 2310/1169/2310 2311/1170/2311 2313/1173/2313
f 2313/1173/2313 2312/1172/2312 2310/1169/2310
f 2313/1173/2313 2311/1170/2311 1171/1171/1171
f 1171/1171/1171 1174/1174/1174 2313/1173/2313
f 1302/128/1304 1303/129/1303 2115/960/2115
f 2115/960/2115 1303/129/1303 1565/393/1565
f 1565/393/1565 1566/394/1566 2115/960/2115
f 1303/129/1303 1304/126/1302 1573/410/1573
f 1573/410/1573 1565/393/1565 1303/129/1303
f 2307/1166/2307 1615/455/1613 1616/456/1616
f 1341/167/1341 1475/301/1476 2314/1175/2314
f 2314/1175/2314 1340/166/1342 1341/167/1341
f 2314/1175/2314 2316/1178/2315 2315/1177/2316
f 2315/1177/2316 2317/1176/2317 2314/1175/2314
f 1663/508/1664 1664/506/1663 1564/392/1564
f 1564/392/1564 1478/303/1480 1663/508/1664
f 2170/1022/2170 1470/296/1472 1471/297/1471
f 1471/297/1471 2171/1023/2171 2170/1022/2170
f 2171/1023/2171 1471/297/1471 2318/1179/2318
f 2318/1179/2318 1674/515/1672 2171/1023/2171
f 2318/1179/2318 1667/510/1666 1673/517/1673
f 1673/517/1673 1674/515/1672 2318/1179/2318
f 1673/517/1673 1667/510/1666 1664/506/1663
f 1664/506/1663 1665/507/1665 1673/517/1673
f 2318/1179/2318 1471/297/1471 1472/298/1470
f 2319/1180/2319 2318/1179/2318 1472/298/1470
f 1473/294/1473 2319/1180/2319 1472/298/1470
f 1473/294/1473 1469/293/1469 1345/169/1345
f 1345/169/1345 2319/1180/2319 1473/294/1473
f 2319/1180/2319 1345/169/1345 1321/143/1321
f 1321/143/1321 1666/509/1667 2319/1180/2319
f 1321/143/1321 1318/144/1320 1564/392/1564
f 1564/392/1564 1666/509/1667 1321/143/1321
f 1477/300/1477 1341/167/1341 1342/164/1340
f 1342/164/1340 1361/187/1362 1477/300/1477
f 1340/166/1342 2314/1175/2314 2317/1176/2317
f 2317/1176/2317 2293/1147/2293 1340/166/1342
f 1663/508/1664 1478/303/1480 1479/304/1479
f 1479/304/1479 2320/1181/2320 1663/508/1664
f 2319/1180/2319 1666/509/1667 1667/510/1666
f 1667/510/1666 2318/1179/2318 2319/1180/2319
f 1669/512/1670 1672/516/1674 1662/505/1661
f 1662/505/1661 1656/499/1656 1669/512/1670
f 1662/505/1661 1672/516/1674 1677/520/1677
f 1677/520/1677 1676/519/1675 1662/505/1661
f 1676/519/1675 1677/520/1677 1660/501/1660
f 1660/501/1660 1607/445/1606 1676/519/1675
f 2321/1182/2321 2167/1021/2167 2168/1018/2166
f 2168/1018/2166 2164/1017/2164 2321/1182/2321
f 2164/1017/2164 2165/1015/2163 2316/1178/2315
f 2316/1178/2315 2321/1182/2321 2164/1017/2164
f 2165/1015/2163 2172/1024/2172 2315/1177/2316
f 2315/1177/2316 2316/1178/2315 2165/1015/2163
f 1659/500/1657 1663/508/1664 2320/1181/2320
f 2320/1181/2320 1658/503/1658 1659/500/1657
f 1463/286/1463 1462/287/1462 1474/295/1474
f 1474/295/1474 1582/420/1582 1463/286/1463
f 1462/287/1462 1469/293/1469 1473/294/1473
f 1473/294/1473 1474/295/1474 1462/287/1462
f 2321/1182/2321 2316/1178/2315 2314/1175/2314
f 2314/1175/2314 1475/301/1476 2321/1182/2321
f 1475/301/1476 1476/299/1475 2167/1021/2167
f 2167/1021/2167 2321/1182/2321 1475/301/1476
f 1476/299/1475 1582/420/1582 2166/1020/2168
f 2166/1020/2168 2167/1021/2167 1476/299/1475
f 2166/1020/2168 1582/420/1582 1474/295/1474
f 1474/295/1474 1470/296/1472 2166/1020/2168
f 2324/1183/2322 2323/1184/2323 2322/1185/2324
f 2322/1185/2324 2325/1186/2325 2324/1183/2322
f 2328/1187/2326 2327/1188/2327 2326/1189/2328
f 2326/1189/2328 2329/1190/2329 2328/1187/2326
f 2332/1191/2330 2331/1192/2331 2330/1193/2332
f 2334/1194/2333 2333/1195/2334 2328/1187/2326
f 2328/1187/2326 2335/1196/2335 2334/1194/2333
f 2338/1197/2336 2337/1198/2337 2336/1199/2338
f 2336/1199/2338 2339/1200/2339 2338/1197/2336
f 2342/1201/2340 2341/1202/2341 2340/1184/2342
f 2340/1184/2342 2343/1183/2343 2342/1201/2340
f 2346/1203/2344 2345/1204/2345 2344/1205/2346
f 2344/1205/2346 2347/1206/2347 2346/1203/2344
f 2326/1189/2328 2348/1207/2348 2329/1190/2329
f 2351/1208/2349 2350/1209/2350 2349/1210/2351
f 2346/1203/2344 2347/1206/2347 2352/1211/2352
f 2352/1211/2352 2333/1195/2334 2346/1203/2344
f 2355/1212/2353 2354/1213/2354 2353/1214/2355
f 2353/1214/2355 2356/1215/2356 2355/1212/2353
f 2357/1216/2357 2356/1215/2356 2353/1214/2355
f 2353/1214/2355 2358/1217/2358 2357/1216/2357
f 2361/1218/2359 2360/1219/2360 2359/1220/2361
f 2359/1220/2361 2362/1221/2362 2361/1218/2359
f 2365/1222/2363 2364/1223/2364 2363/1224/2365
f 2363/1224/2365 2366/1225/2366 2365/1222/2363
f 2369/1226/2367 2368/1227/2368 2367/1228/2369
f 2367/1228/2369 2370/1229/2370 2369/1226/2367
f 2373/1230/2371 2372/1231/2372 2371/1232/2373
f 2373/1230/2371 2371/1232/2373 2374/1233/2374
f 2364/1223/2364 2376/1234/2375 2375/1235/2376
f 2359/1220/2361 2360/1219/2360 2377/1236/2377
f 2377/1236/2377 2360/1219/2360 2378/1237/2378
f 2378/1237/2378 2379/1238/2379 2377/1236/2377
f 2382/1239/2380 2381/1240/2381 2380/1241/2382
f 2380/1241/2382 2383/1242/2383 2382/1239/2380
f 2382/1239/2380 2385/1243/2384 2384/1244/2385
f 2387/1245/2386 2384/1244/2385 2386/1246/2387
f 2388/1247/2388 2376/1234/2375 2364/1223/2364
f 2364/1223/2364 2365/1222/2363 2388/1247/2388
f 2354/1213/2354 2355/1212/2353 2389/1248/2389
f 2391/1249/2390 2390/1250/2391 2382/1239/2380
f 2382/1239/2380 2383/1242/2383 2391/1249/2390
f 2394/1251/2392 2393/1252/2393 2392/1253/2394
f 2392/1253/2394 2395/1254/2395 2394/1251/2392
f 2393/1252/2393 2394/1251/2392 2396/1255/2396
f 2396/1255/2396 2397/1256/2397 2393/1252/2393
f 2337/1198/2337 2398/1257/2398 2332/1191/2330
f 2332/1191/2330 2330/1193/2332 2337/1198/2337
f 2401/1258/2399 2400/1259/2400 2399/1260/2401
f 2404/1261/2402 2403/1258/2403 2402/1260/2404
f 2407/1262/2405 2406/1263/2406 2405/1264/2407
f 2410/1265/2408 2409/1262/2409 2408/1264/2410
f 2411/1266/2411 2357/1216/2357 2358/1217/2358
f 2414/1267/2412 2413/1268/2413 2412/1269/2414
f 2412/1269/2414 2415/1270/2415 2414/1267/2412
f 2418/1263/2416 2417/1271/2417 2416/1264/2418
f 2421/1272/2419 2420/1273/2420 2419/1274/2421
f 2424/1272/2422 2423/1274/2423 2422/1275/2424
f 2427/1276/2425 2426/1277/2426 2425/1278/2427
f 2430/1276/2428 2429/1278/2429 2428/1279/2430
f 2433/1280/2431 2432/1281/2432 2431/1282/2433
f 2436/1276/2434 2435/1283/2435 2434/1277/2436
f 2439/1284/2437 2438/1285/2438 2437/1286/2439
f 2437/1286/2439 2440/1287/2440 2439/1284/2437
f 2437/1286/2439 2438/1285/2438 2441/1288/2441
f 2441/1288/2441 2442/1289/2442 2437/1286/2439
f 2443/1290/2443 2381/1240/2381 2382/1239/2380
f 2382/1239/2380 2384/1244/2385 2443/1290/2443
f 2446/1291/2444 2445/1292/2445 2444/1293/2446
f 2448/1294/2447 2447/1295/2448 2415/1270/2415
f 2415/1270/2415 2412/1269/2414 2448/1294/2447
f 2413/1268/2413 2351/1208/2349 2349/1210/2351
f 2349/1210/2351 2412/1269/2414 2413/1268/2413
f 2449/1296/2449 2448/1294/2447 2412/1269/2414
f 2412/1269/2414 2349/1210/2351 2449/1296/2449
f 2450/1297/2450 2449/1296/2449 2349/1210/2351
f 2349/1210/2351 2451/1298/2451 2450/1297/2450
f 2452/1299/2452 2353/1214/2355 2354/1213/2354
f 2354/1213/2354 2453/1300/2453 2452/1299/2452
f 2394/1251/2392 2395/1254/2395 2453/1300/2453
f 2453/1300/2453 2354/1213/2354 2394/1251/2392
f 2396/1255/2396 2394/1251/2392 2354/1213/2354
f 2354/1213/2354 2389/1248/2389 2396/1255/2396
f 2454/1301/2454 2415/1270/2415 2447/1295/2448
f 2411/1266/2411 2358/1217/2358 2329/1190/2329
f 2329/1190/2329 2348/1207/2348 2411/1266/2411
f 2455/1302/2455 2451/1298/2451 2349/1210/2351
f 2349/1210/2351 2350/1209/2350 2455/1302/2455
f 2458/1303/2456 2457/1304/2457 2456/1205/2458
f 2456/1205/2458 2459/1204/2459 2458/1303/2456
f 2461/1201/2460 2346/1203/2344 2460/1305/2461
f 2337/1198/2337 2330/1193/2332 2462/1306/2462
f 2462/1306/2462 2336/1199/2338 2337/1198/2337
f 2342/1201/2340 2343/1183/2343 2463/1204/2463
f 2463/1204/2463 2464/1203/2464 2342/1201/2340
f 2366/1225/2366 2361/1218/2359 2365/1222/2363
f 2361/1218/2359 2366/1225/2366 2465/1307/2465
f 2465/1307/2465 2360/1219/2360 2361/1218/2359
f 2468/1308/2466 2467/1309/2467 2466/1310/2468
f 2466/1310/2468 2432/1281/2432 2468/1308/2466
f 2469/1311/2469 2446/1291/2444 2468/1308/2466
f 2468/1308/2466 2470/1312/2470 2469/1311/2469
f 2368/1227/2368 2472/1313/2471 2471/1314/2472
f 2471/1314/2472 2466/1310/2468 2368/1227/2368
f 2432/1281/2432 2466/1310/2468 2471/1314/2472
f 2370/1229/2370 2473/1315/2473 2472/1313/2471
f 2472/1313/2471 2369/1226/2367 2370/1229/2370
f 2472/1313/2471 2368/1227/2368 2369/1226/2367
f 2465/1307/2465 2474/1316/2474 2378/1237/2378
f 2378/1237/2378 2360/1219/2360 2465/1307/2465
f 2387/1245/2386 2379/1238/2379 2378/1237/2378
f 2400/1259/2400 2401/1258/2399 2475/1191/2475
f 2475/1191/2475 2476/1317/2476 2400/1259/2400
f 2477/1191/2477 2403/1258/2403 2404/1261/2402
f 2404/1261/2402 2478/1192/2478 2477/1191/2477
f 2406/1263/2406 2407/1262/2405 2479/1187/2479
f 2479/1187/2479 2480/1195/2480 2406/1263/2406
f 2481/1187/2481 2409/1262/2409 2410/1265/2408
f 2410/1265/2408 2482/1188/2482 2481/1187/2481
f 2483/1211/2483 2417/1271/2417 2418/1263/2416
f 2418/1263/2416 2484/1195/2484 2483/1211/2483
f 2387/1245/2386 2378/1237/2378 2384/1244/2385
f 2384/1244/2385 2378/1237/2378 2474/1316/2474
f 2474/1316/2474 2443/1290/2443 2384/1244/2385
f 2444/1293/2446 2467/1309/2467 2468/1308/2466
f 2468/1308/2466 2446/1291/2444 2444/1293/2446
f 2380/1241/2382 2441/1288/2441 2438/1285/2438
f 2438/1285/2438 2383/1242/2383 2380/1241/2382
f 2383/1242/2383 2438/1285/2438 2439/1284/2437
f 2439/1284/2437 2391/1249/2390 2383/1242/2383
f 2486/1318/2485 2485/1319/2486 2363/1224/2365
f 2363/1224/2365 2374/1233/2374 2486/1318/2485
f 2363/1224/2365 2364/1223/2364 2374/1233/2374
f 2371/1232/2373 2372/1231/2372 2487/1320/2487
f 2487/1320/2487 2488/1321/2488 2371/1232/2373
f 2374/1233/2374 2371/1232/2373 2488/1321/2488
f 2488/1321/2488 2486/1318/2485 2374/1233/2374
f 2375/1235/2376 2373/1230/2371 2374/1233/2374
f 2374/1233/2374 2364/1223/2364 2375/1235/2376
f 2451/1298/2451 2489/1317/2489 2450/1297/2450
f 2333/1195/2334 2334/1194/2333 2460/1305/2461
f 2460/1305/2461 2346/1203/2344 2333/1195/2334
f 2490/1322/2490 2454/1301/2454 2447/1295/2448
f 2329/1190/2329 2335/1196/2335 2328/1187/2326
f 2491/1323/2491 2358/1217/2358 2353/1214/2355
f 2353/1214/2355 2452/1299/2452 2491/1323/2491
f 2358/1217/2358 2491/1323/2491 2335/1196/2335
f 2335/1196/2335 2329/1190/2329 2358/1217/2358
f 2460/1305/2461 2493/1324/2492 2492/1202/2493
f 2492/1202/2493 2461/1201/2460 2460/1305/2461
f 2494/1325/2494 2445/1292/2445 2446/1291/2444
f 2446/1291/2444 2495/1326/2495 2494/1325/2494
f 2368/1227/2368 2497/1327/2496 2496/1328/2497
f 2496/1328/2497 2367/1228/2369 2368/1227/2368
f 2499/1329/2498 2498/1330/2499 2445/1292/2445
f 2445/1292/2445 2494/1325/2494 2499/1329/2498
f 2420/1273/2420 2501/1314/2500 2500/1313/2501
f 2500/1313/2501 2419/1274/2421 2420/1273/2420
f 2423/1274/2423 2503/1313/2502 2502/1315/2503
f 2502/1315/2503 2422/1275/2424 2423/1274/2423
f 2505/1222/2504 2504/1218/2505 2425/1278/2427
f 2425/1278/2427 2426/1277/2426 2505/1222/2504
f 2429/1278/2429 2507/1218/2506 2506/1221/2507
f 2506/1221/2507 2428/1279/2430 2429/1278/2429
f 2509/1247/2508 2508/1222/2509 2434/1277/2436
f 2434/1277/2436 2435/1283/2435 2509/1247/2508
f 2512/1183/2510 2511/1186/2511 2510/1304/2510
f 2510/1304/2510 2513/1303/2512 2512/1183/2510
f 2514/1303/2513 2463/1204/2463 2343/1183/2343
f 2517/1331/2514 2516/1332/2515 2515/1333/2516
f 2515/1333/2516 2518/1334/2517 2517/1331/2514
f 2520/1335/2518 2519/1336/2519 2518/1334/2517
f 2518/1334/2517 2515/1333/2516 2520/1335/2518
f 2521/1337/2520 2516/1332/2515 2517/1331/2514
f 2517/1331/2514 2522/1338/2521 2521/1337/2520
f 2447/1295/2448 2448/1294/2447 2516/1332/2515
f 2516/1332/2515 2521/1337/2520 2447/1295/2448
f 2516/1332/2515 2448/1294/2447 2449/1296/2449
f 2449/1296/2449 2515/1333/2516 2516/1332/2515
f 2337/1198/2337 2520/1335/2518 2398/1257/2398
f 2523/1339/2522 2521/1337/2520 2522/1338/2521
f 2522/1338/2521 2524/1340/2523 2523/1339/2522
f 2521/1337/2520 2523/1339/2522 2525/1341/2524
f 2525/1341/2524 2447/1295/2448 2521/1337/2520
f 2528/1342/2525 2527/1343/2526 2526/1344/2527
f 2526/1344/2527 2529/1345/2528 2528/1342/2525
f 2530/1346/2529 2445/1292/2445 2498/1330/2499
f 2498/1330/2499 2526/1344/2527 2530/1346/2529
f 2520/1335/2518 2337/1198/2337 2338/1197/2336
f 2338/1197/2336 2519/1336/2519 2520/1335/2518
f 2531/1347/2530 2444/1293/2446 2445/1292/2445
f 2445/1292/2445 2532/1348/2531 2531/1347/2530
f 2445/1292/2445 2530/1346/2529 2532/1348/2531
f 2467/1309/2467 2534/1349/2532 2533/1350/2533
f 2533/1350/2533 2466/1310/2468 2467/1309/2467
f 2535/1351/2534 2530/1346/2529 2526/1344/2527
f 2526/1344/2527 2527/1343/2526 2535/1351/2534
f 2535/1351/2534 2527/1343/2526 2528/1342/2525
f 2528/1342/2525 2536/1352/2535 2535/1351/2534
f 2515/1333/2516 2449/1296/2449 2450/1297/2450
f 2450/1297/2450 2520/1335/2518 2515/1333/2516
f 2520/1335/2518 2450/1297/2450 2398/1257/2398
f 2398/1257/2398 2450/1297/2450 2489/1317/2489
f 2489/1317/2489 2332/1191/2330 2398/1257/2398
f 2534/1349/2532 2467/1309/2467 2444/1293/2446
f 2444/1293/2446 2531/1347/2530 2534/1349/2532
f 2368/1227/2368 2466/1310/2468 2533/1350/2533
f 2533/1350/2533 2497/1327/2496 2368/1227/2368
f 2447/1295/2448 2525/1341/2524 2537/1353/2536
f 2537/1353/2536 2490/1322/2490 2447/1295/2448
f 2538/1354/2537 2393/1252/2393 2397/1256/2397
f 2397/1256/2397 2539/1355/2538 2538/1354/2537
f 2540/1356/2539 2392/1253/2394 2393/1252/2393
f 2393/1252/2393 2538/1354/2537 2540/1356/2539
f 2372/1231/2372 2373/1230/2371 2375/1235/2376
f 2375/1235/2376 2376/1234/2375 2372/1231/2372
f 2462/1306/2462 2541/1357/2540 2336/1199/2338
f 2542/1358/2541 2470/1312/2470 2468/1308/2466
f 2468/1308/2466 2433/1280/2431 2542/1358/2541
f 2530/1346/2529 2535/1351/2534 2536/1352/2535
f 2536/1352/2535 2532/1348/2531 2530/1346/2529
f 2385/1243/2384 2386/1246/2387 2384/1244/2385
f 2382/1239/2380 2390/1250/2391 2385/1243/2384
f 2433/1280/2431 2468/1308/2466 2432/1281/2432
f 2545/1359/2542 2544/1360/2543 2543/1361/2544
f 2543/1361/2544 2546/1362/2545 2545/1359/2542
f 2549/1363/2546 2548/1364/2547 2547/1365/2548
f 2547/1365/2548 2550/1366/2549 2549/1363/2546
f 2553/1367/2550 2552/1368/2551 2551/1369/2552
f 2551/1369/2552 2554/1370/2553 2553/1367/2550
f 2557/1371/2554 2556/1372/2555 2555/1373/2556
f 2555/1373/2556 2558/1374/2557 2557/1371/2554
f 2559/1375/2558 2543/1361/2544 2544/1360/2543
f 2544/1360/2543 2560/1376/2559 2559/1375/2558
f 2552/1368/2551 2562/1377/2560 2561/1378/2561
f 2561/1378/2561 2551/1369/2552 2552/1368/2551
f 2564/1379/2562 2563/1380/2563 2544/1360/2543
f 2544/1360/2543 2545/1359/2542 2564/1379/2562
f 2565/1381/2564 2549/1363/2546 2550/1366/2549
f 2550/1366/2549 2566/1382/2565 2565/1381/2564
f 2568/1383/2566 2567/1384/2567 2563/1380/2563
f 2563/1380/2563 2564/1379/2562 2568/1383/2566
f 2569/1385/2568 2565/1381/2564 2566/1382/2565
f 2566/1382/2565 2570/1386/2569 2569/1385/2568
f 2554/1370/2553 2551/1369/2552 2567/1384/2567
f 2567/1384/2567 2568/1383/2566 2554/1370/2553
f 2558/1374/2557 2555/1373/2556 2569/1385/2568
f 2569/1385/2568 2570/1386/2569 2558/1374/2557
f 2563/1380/2563 2560/1376/2559 2544/1360/2543
f 2551/1369/2552 2561/1378/2561 2563/1380/2563
f 2563/1380/2563 2567/1384/2567 2551/1369/2552
f 2572/1387/2570 2571/1388/2571 2548/1364/2547
f 2548/1364/2547 2549/1363/2546 2572/1387/2570
f 2556/1372/2555 2574/1389/2572 2573/1390/2573
f 2573/1390/2573 2555/1373/2556 2556/1372/2555
f 2575/1391/2574 2572/1387/2570 2549/1363/2546
f 2549/1363/2546 2565/1381/2564 2575/1391/2574
f 2576/1392/2575 2575/1391/2574 2565/1381/2564
f 2565/1381/2564 2569/1385/2568 2576/1392/2575
f 2555/1373/2556 2573/1390/2573 2576/1392/2575
f 2576/1392/2575 2569/1385/2568 2555/1373/2556
f 2577/1393/2576 2550/1366/2549 2547/1365/2548
f 2547/1365/2548 2578/1394/2577 2577/1393/2576
f 2557/1371/2554 2558/1374/2557 2579/1395/2578
f 2579/1395/2578 2580/1396/2579 2557/1371/2554
f 2581/1397/2580 2566/1382/2565 2550/1366/2549
f 2550/1366/2549 2577/1393/2576 2581/1397/2580
f 2582/1398/2581 2570/1386/2569 2566/1382/2565
f 2566/1382/2565 2581/1397/2580 2582/1398/2581
f 2558/1374/2557 2570/1386/2569 2582/1398/2581
f 2582/1398/2581 2579/1395/2578 2558/1374/2557
f 2572/1387/2570 2545/1359/2542 2546/1362/2545
f 2546/1362/2545 2571/1388/2571 2572/1387/2570
f 2574/1389/2572 2553/1367/2550 2554/1370/2553
f 2554/1370/2553 2573/1390/2573 2574/1389/2572
f 2575/1391/2574 2564/1379/2562 2545/1359/2542
f 2545/1359/2542 2572/1387/2570 2575/1391/2574
f 2576/1392/2575 2568/1383/2566 2564/1379/2562
f 2564/1379/2562 2575/1391/2574 2576/1392/2575
f 2573/1390/2573 2554/1370/2553 2568/1383/2566
f 2568/1383/2566 2576/1392/2575 2573/1390/2573
f 2583/1399/2582 2577/1393/2576 2578/1394/2577
f 2578/1394/2577 2584/1400/2583 2583/1399/2582
f 2580/1396/2579 2579/1395/2578 2585/1401/2584
f 2585/1401/2584 2586/1402/2585 2580/1396/2579
f 2587/1403/2586 2581/1397/2580 2577/1393/2576
f 2577/1393/2576 2583/1399/2582 2587/1403/2586
f 2588/1404/2587 2582/1398/2581 2581/1397/2580
f 2581/1397/2580 2587/1403/2586 2588/1404/2587
f 2579/1395/2578 2582/1398/2581 2588/1404/2587
f 2588/1404/2587 2585/1401/2584 2579/1395/2578
f 2591/1405/2588 2590/1406/2589 2589/1407/2590
f 2589/1407/2590 2592/1408/2591 2591/1405/2588
f 2589/1407/2590 2594/1409/2592 2593/1410/2593
f 2593/1410/2593 2592/1408/2591 2589/1407/2590
f 2596/1411/2594 2595/1412/2595 2592/1408/2591
f 2592/1408/2591 2593/1410/2593 2596/1411/2594
f 2595/1412/2595 2596/1411/2594 2597/1413/2596
f 2597/1413/2596 2598/1414/2597 2595/1412/2595
f 2598/1414/2597 2597/1413/2596 2599/1415/2598
f 2599/1415/2598 2600/1416/2599 2598/1414/2597
f 2601/1417/2600 2591/1405/2588 2592/1408/2591
f 2592/1408/2591 2595/1412/2595 2601/1417/2600
f 2595/1412/2595 2598/1414/2597 2602/1418/2601
f 2602/1418/2601 2601/1417/2600 2595/1412/2595
f 2598/1414/2597 2600/1416/2599 2603/1419/2602
f 2603/1419/2602 2602/1418/2601 2598/1414/2597
f 2606/1420/2603 2605/1421/2604 2604/1422/2605
f 2604/1422/2605 2607/1423/2606 2606/1420/2603
f 2610/1424/2607 2609/1425/2608 2608/1426/2609
f 2608/1426/2609 2611/1427/2610 2610/1424/2607
f 2613/1428/2611 2612/1429/2612 2604/1422/2605
f 2604/1422/2605 2614/1430/2613 2613/1428/2611
f 2606/1420/2603 2616/1431/2614 2615/1432/2615
f 2615/1432/2615 2605/1421/2604 2606/1420/2603
f 2619/1433/2616 2618/1434/2617 2617/1435/2618
f 2617/1435/2618 2620/1436/2619 2619/1433/2616
f 2621/1437/2620 2605/1421/2604 2615/1432/2615
f 2607/1423/2606 2610/1424/2607 2620/1436/2619
f 2620/1436/2619 2606/1420/2603 2607/1423/2606
f 2606/1420/2603 2620/1436/2619 2617/1435/2618
f 2617/1435/2618 2616/1431/2614 2606/1420/2603
f 2607/1423/2606 2604/1422/2605 2612/1429/2612
f 2612/1429/2612 2622/1438/2621 2607/1423/2606
f 2610/1424/2607 2611/1427/2610 2619/1433/2616
f 2619/1433/2616 2620/1436/2619 2610/1424/2607
f 2610/1424/2607 2607/1423/2606 2622/1438/2621
f 2622/1438/2621 2609/1425/2608 2610/1424/2607
f 2625/1439/2622 2624/1440/2623 2623/1441/2624
f 2623/1441/2624 2626/1442/2625 2625/1439/2622
f 2629/1443/2626 2628/1444/2627 2627/1445/2628
f 2627/1445/2628 2630/1446/2629 2629/1443/2626
f 2633/1447/2630 2632/1448/2631 2631/1449/2632
f 2631/1449/2632 2634/1450/2633 2633/1447/2630
f 2635/1451/2634 2633/1447/2630 2634/1450/2633
f 2634/1450/2633 2636/1452/2635 2635/1451/2634
f 2639/1453/2636 2638/1454/2637 2637/1455/2638
f 2637/1455/2638 2640/1456/2639 2639/1453/2636
f 2638/1454/2637 2639/1453/2636 2630/1446/2629
f 2630/1446/2629 2627/1445/2628 2638/1454/2637
f 2628/1444/2627 2629/1443/2626 2631/1449/2632
f 2631/1449/2632 2632/1448/2631 2628/1444/2627
f 2624/1440/2623 2625/1439/2622 2635/1451/2634
f 2635/1451/2634 2636/1452/2635 2624/1440/2623
f 2639/1453/2636 2642/1457/2640 2641/1458/2641
f 2641/1458/2641 2630/1446/2629 2639/1453/2636
f 2643/1459/2642 2623/1441/2624 2624/1440/2623
f 2624/1440/2623 2644/1460/2643 2643/1459/2642
f 2636/1452/2635 2645/1461/2644 2644/1460/2643
f 2644/1460/2643 2624/1440/2623 2636/1452/2635
f 2629/1443/2626 2647/1462/2645 2646/1463/2646
f 2646/1463/2646 2631/1449/2632 2629/1443/2626
f 2630/1446/2629 2641/1458/2641 2647/1462/2645
f 2647/1462/2645 2629/1443/2626 2630/1446/2629
f 2631/1449/2632 2646/1463/2646 2648/1464/2647
f 2648/1464/2647 2634/1450/2633 2631/1449/2632
f 2634/1450/2633 2648/1464/2647 2645/1461/2644
f 2645/1461/2644 2636/1452/2635 2634/1450/2633
f 2640/1456/2639 2649/1465/2648 2642/1457/2640
f 2642/1457/2640 2639/1453/2636 2640/1456/2639
f 2626/1442/2625 2651/1466/2649 2650/1467/2650
f 2650/1467/2650 2625/1439/2622 2626/1442/2625
f 2652/1468/2651 2627/1445/2628 2628/1444/2627
f 2628/1444/2627 2653/1469/2652 2652/1468/2651
f 2654/1470/2653 2632/1448/2631 2633/1447/2630
f 2633/1447/2630 2655/1471/2654 2654/1470/2653
f 2655/1471/2654 2633/1447/2630 2635/1451/2634
f 2635/1451/2634 2656/1472/2655 2655/1471/2654
f 2657/1473/2656 2637/1455/2638 2638/1454/2637
f 2638/1454/2637 2658/1474/2657 2657/1473/2656
f 2658/1474/2657 2638/1454/2637 2627/1445/2628
f 2627/1445/2628 2652/1468/2651 2658/1474/2657
f 2653/1469/2652 2628/1444/2627 2632/1448/2631
f 2632/1448/2631 2654/1470/2653 2653/1469/2652
f 2656/1472/2655 2635/1451/2634 2625/1439/2622
f 2625/1439/2622 2650/1467/2650 2656/1472/2655
f 2661/1475/2658 2660/1476/2659 2659/1477/2660
f 2659/1477/2660 2662/1478/2661 2661/1475/2658
f 2665/1479/2662 2664/1480/2663 2663/1481/2664
f 2663/1481/2664 2666/1482/2665 2665/1479/2662
f 2669/1483/2666 2668/1484/2667 2667/1485/2668
f 2667/1485/2668 2670/1486/2669 2669/1483/2666
f 2663/1481/2664 2668/1484/2667 2669/1483/2666
f 2669/1483/2666 2666/1482/2665 2663/1481/2664
f 2662/1478/2661 2664/1480/2663 2665/1479/2662
f 2665/1479/2662 2661/1475/2658 2662/1478/2661
f 2673/1487/2670 2672/1488/2671 2671/1489/2672
f 2671/1489/2672 2674/1490/2673 2673/1487/2670
f 2671/1489/2672 2672/1488/2671 2675/1491/2674
f 2675/1491/2674 2676/1492/2675 2671/1489/2672
f 2674/1490/2673 2659/1477/2660 2660/1476/2659
f 2660/1476/2659 2673/1487/2670 2674/1490/2673
f 2660/1476/2659 2678/1493/2676 2677/1494/2677
f 2677/1494/2677 2673/1487/2670 2660/1476/2659
f 2669/1483/2666 2680/1495/2678 2679/1496/2679
f 2679/1496/2679 2666/1482/2665 2669/1483/2666
f 2665/1479/2662 2682/1497/2680 2681/1498/2681
f 2681/1498/2681 2661/1475/2658 2665/1479/2662
f 2670/1486/2669 2683/1499/2682 2680/1495/2678
f 2680/1495/2678 2669/1483/2666 2670/1486/2669
f 2666/1482/2665 2679/1496/2679 2682/1497/2680
f 2682/1497/2680 2665/1479/2662 2666/1482/2665
f 2661/1475/2658 2681/1498/2681 2678/1493/2676
f 2678/1493/2676 2660/1476/2659 2661/1475/2658
f 2673/1487/2670 2677/1494/2677 2684/1500/2683
f 2684/1500/2683 2672/1488/2671 2673/1487/2670
f 2672/1488/2671 2684/1500/2683 2685/1501/2684
f 2685/1501/2684 2675/1491/2674 2672/1488/2671
f 2686/1502/2685 2662/1478/2661 2659/1477/2660
f 2659/1477/2660 2687/1503/2686 2686/1502/2685
f 2664/1480/2663 2688/1504/2687 2663/1481/2664
f 2689/1505/2688 2667/1485/2668 2668/1484/2667
f 2668/1484/2667 2690/1506/2689 2689/1505/2688
f 2690/1506/2689 2668/1484/2667 2663/1481/2664
f 2663/1481/2664 2691/1507/2690 2690/1506/2689
f 2692/1508/2691 2664/1480/2663 2662/1478/2661
f 2662/1478/2661 2686/1502/2685 2692/1508/2691
f 2671/1489/2672 2693/1509/2692 2674/1490/2673
f 2676/1492/2675 2694/1510/2693 2671/1489/2672
f 2674/1490/2673 2695/1511/2694 2659/1477/2660
f 2676/1492/2675 2696/1512/2695 2694/1510/2693
f 2694/1510/2693 2697/1513/2696 2671/1489/2672
f 2671/1489/2672 2697/1513/2696 2693/1509/2692
f 2693/1509/2692 2698/1514/2697 2674/1490/2673
f 2674/1490/2673 2698/1514/2697 2695/1511/2694
f 2695/1511/2694 2687/1503/2686 2659/1477/2660
f 2664/1480/2663 2692/1508/2691 2688/1504/2687
f 2688/1504/2687 2691/1507/2690 2663/1481/2664
f 2701/1515/2698 2700/1516/2699 2699/1517/2700
f 2699/1517/2700 2702/1518/2701 2701/1515/2698
f 2705/1519/2702 2704/1520/2703 2703/1521/2704
f 2703/1521/2704 2706/1522/2705 2705/1519/2702
f 2708/1523/2706 2707/1524/2707 2703/1521/2704
f 2703/1521/2704 2704/1520/2703 2708/1523/2706
f 2711/1525/2708 2710/1526/2709 2709/1527/2710
f 2709/1527/2710 2712/1528/2711 2711/1525/2708
f 2715/1529/2712 2714/1530/2713 2713/1531/2714
f 2713/1531/2714 2716/1532/2715 2715/1529/2712
f 2711/1525/2708 2702/1518/2701 2717/1533/2716
f 2717/1533/2716 2710/1526/2709 2711/1525/2708
f 2709/1527/2710 2718/1534/2717 2706/1522/2705
f 2706/1522/2705 2719/1535/2718 2709/1527/2710
f 2703/1521/2704 2707/1524/2707 2720/1536/2719
f 2720/1536/2719 2721/1537/2720 2703/1521/2704
f 2724/1538/2721 2723/1539/2722 2722/1540/2723
f 2722/1540/2723 2725/1541/2724 2724/1538/2721
f 2728/1542/2725 2727/1543/2726 2726/1544/2727
f 2726/1544/2727 2729/1545/2728 2728/1542/2725
f 2732/1546/2729 2731/1547/2730 2730/1548/2731
f 2730/1548/2731 2733/1549/2732 2732/1546/2729
f 2736/1550/2733 2735/1551/2734 2734/1552/2735
f 2738/1553/2736 2736/1550/2733 2737/1554/2737
f 2738/1553/2736 2735/1551/2734 2736/1550/2733
f 2736/1550/2733 2740/1555/2738 2739/1556/2739
f 2743/1557/2740 2742/1558/2741 2741/1559/2742
f 2741/1559/2742 2744/1560/2743 2743/1557/2740
f 2706/1522/2705 2718/1534/2717 2745/1561/2744
f 2745/1561/2744 2705/1519/2702 2706/1522/2705
f 2745/1561/2744 2747/1562/2745 2746/1563/2746
f 2746/1563/2746 2705/1519/2702 2745/1561/2744
f 2750/1564/2747 2749/1565/2748 2748/1566/2749
f 2748/1566/2749 2751/1567/2750 2750/1564/2747
f 2752/1568/2751 2722/1540/2723 2723/1539/2722
f 2723/1539/2722 2753/1569/2752 2752/1568/2751
f 2736/1550/2733 2754/1570/2753 2740/1555/2738
f 2756/1571/2754 2725/1541/2724 2755/1572/2755
f 2755/1572/2755 2757/1573/2756 2756/1571/2754
f 2758/1574/2757 2728/1542/2725 2729/1545/2728
f 2729/1545/2728 2759/1575/2758 2758/1574/2757
f 2761/1576/2759 2760/1577/2760 2722/1540/2723
f 2722/1540/2723 2752/1568/2751 2761/1576/2759
f 2757/1573/2756 2727/1543/2726 2762/1578/2761
f 2762/1578/2761 2756/1571/2754 2757/1573/2756
f 2764/1579/2762 2730/1548/2731 2763/1580/2763
f 2763/1580/2763 2765/1581/2764 2764/1579/2762
f 2768/1582/2765 2767/1583/2766 2766/1584/2767
f 2766/1584/2767 2769/1585/2768 2768/1582/2765
f 2772/1586/2769 2771/1587/2770 2770/1588/2771
f 2770/1588/2771 2773/1589/2772 2772/1586/2769
f 2775/1590/2773 2772/1586/2769 2774/1591/2774
f 2774/1591/2774 2776/1592/2775 2775/1590/2773
f 2778/1593/2776 2775/1590/2773 2777/1594/2777
f 2777/1594/2777 2779/1595/2778 2778/1593/2776
f 2781/1596/2779 2779/1595/2778 2780/1597/2780
f 2780/1597/2780 2782/1598/2781 2781/1596/2779
f 2785/1599/2782 2784/1600/2783 2783/1601/2784
f 2783/1601/2784 2786/1602/2785 2785/1599/2782
f 2789/1603/2786 2788/1604/2787 2787/1605/2788
f 2787/1605/2788 2790/1606/2789 2789/1603/2786
f 2792/1607/2790 2791/1608/2791 2766/1584/2767
f 2766/1584/2767 2767/1583/2766 2792/1607/2790
f 2795/1609/2792 2794/1610/2793 2793/1611/2794
f 2793/1611/2794 2796/1612/2795 2795/1609/2792
f 2798/1613/2796 2797/1614/2797 2793/1611/2794
f 2793/1611/2794 2799/1615/2798 2798/1613/2796
f 2802/1616/2799 2801/1617/2800 2800/1618/2801
f 2800/1618/2801 2803/1619/2802 2802/1616/2799
f 2756/1571/2754 2762/1578/2761 2804/1620/2803
f 2804/1620/2803 2805/1621/2804 2756/1571/2754
f 2808/1622/2805 2807/1623/2806 2806/1624/2807
f 2789/1603/2786 2797/1614/2797 2798/1613/2796
f 2798/1613/2796 2809/1625/2808 2789/1603/2786
f 2811/1626/2809 2810/1627/2810 2790/1606/2789
f 2790/1606/2789 2812/1628/2811 2811/1626/2809
f 2736/1550/2733 2739/1556/2739 2813/1629/2812
f 2805/1621/2804 2724/1538/2721 2725/1541/2724
f 2725/1541/2724 2756/1571/2754 2805/1621/2804
f 2814/1630/2813 2749/1565/2748 2750/1564/2747
f 2750/1564/2747 2815/1631/2814 2814/1630/2813
f 2816/1632/2815 2762/1578/2761 2728/1542/2725
f 2728/1542/2725 2758/1574/2757 2816/1632/2815
f 2818/1633/2816 2817/1634/2817 2800/1618/2801
f 2800/1618/2801 2801/1617/2800 2818/1633/2816
f 2819/1635/2818 2816/1632/2815 2758/1574/2757
f 2758/1574/2757 2820/1636/2819 2819/1635/2818
f 2821/1637/2820 2820/1636/2819 2758/1574/2757
f 2758/1574/2757 2759/1575/2758 2821/1637/2820
f 2824/1638/2821 2823/1639/2822 2822/1640/2823
f 2822/1640/2823 2811/1626/2809 2824/1638/2821
f 2797/1614/2797 2810/1627/2810 2796/1612/2795
f 2796/1612/2795 2793/1611/2794 2797/1614/2797
f 2824/1638/2821 2826/1641/2824 2825/1642/2825
f 2825/1642/2825 2823/1639/2822 2824/1638/2821
f 2827/1643/2826 2799/1615/2798 2793/1611/2794
f 2793/1611/2794 2794/1610/2793 2827/1643/2826
f 2765/1581/2764 2768/1582/2765 2828/1644/2827
f 2828/1644/2827 2829/1645/2828 2765/1581/2764
f 2831/1646/2829 2830/1647/2830 2786/1602/2785
f 2786/1602/2785 2783/1601/2784 2831/1646/2829
f 2832/1648/2831 2828/1644/2827 2768/1582/2765
f 2768/1582/2765 2769/1585/2768 2832/1648/2831
f 2834/1649/2832 2833/1650/2833 2788/1604/2787
f 2788/1604/2787 2835/1651/2834 2834/1649/2832
f 2834/1649/2832 2835/1651/2834 2836/1652/2835
f 2787/1605/2788 2838/1653/2836 2837/1654/2837
f 2837/1654/2837 2839/1655/2838 2787/1605/2788
f 2839/1655/2838 2837/1654/2837 2769/1585/2768
f 2769/1585/2768 2766/1584/2767 2839/1655/2838
f 2832/1648/2831 2769/1585/2768 2837/1654/2837
f 2840/1656/2839 2830/1647/2830 2831/1646/2829
f 2831/1646/2829 2841/1657/2840 2840/1656/2839
f 2837/1654/2837 2838/1653/2836 2842/1658/2841
f 2842/1658/2841 2832/1648/2831 2837/1654/2837
f 2716/1532/2715 2844/1659/2842 2843/1660/2843
f 2843/1660/2843 2715/1529/2712 2716/1532/2715
f 2715/1529/2712 2843/1660/2843 2845/1661/2844
f 2845/1661/2844 2846/1662/2845 2715/1529/2712
f 2849/1663/2846 2848/1664/2847 2847/1665/2848
f 2847/1665/2848 2850/1666/2849 2849/1663/2846
f 2702/1518/2701 2699/1517/2700 2717/1533/2716
f 2851/1667/2850 2701/1515/2698 2702/1518/2701
f 2702/1518/2701 2711/1525/2708 2851/1667/2850
f 2852/1668/2851 2845/1661/2844 2843/1660/2843
f 2705/1519/2702 2746/1563/2746 2853/1669/2852
f 2853/1669/2852 2704/1520/2703 2705/1519/2702
f 2704/1520/2703 2853/1669/2852 2854/1670/2853
f 2854/1670/2853 2708/1523/2706 2704/1520/2703
f 2857/1671/2854 2856/1672/2855 2855/1673/2856
f 2855/1673/2856 2858/1674/2857 2857/1671/2854
f 2854/1670/2853 2859/1675/2858 2844/1659/2842
f 2844/1659/2842 2708/1523/2706 2854/1670/2853
f 2852/1668/2851 2843/1660/2843 2844/1659/2842
f 2844/1659/2842 2859/1675/2858 2852/1668/2851
f 2862/1676/2859 2861/1677/2860 2860/1678/2861
f 2860/1678/2861 2863/1679/2862 2862/1676/2859
f 2861/1677/2860 2862/1676/2859 2864/1680/2863
f 2864/1680/2863 2865/1681/2864 2861/1677/2860
f 2865/1681/2864 2864/1680/2863 2866/1682/2865
f 2866/1682/2865 2867/1683/2866 2865/1681/2864
f 2870/1684/2867 2869/1685/2868 2868/1686/2869
f 2871/1687/2870 2747/1562/2745 2745/1561/2744
f 2745/1561/2744 2872/1688/2871 2871/1687/2870
f 2871/1687/2870 2872/1688/2871 2873/1689/2872
f 2876/1690/2873 2875/1691/2874 2874/1692/2875
f 2874/1692/2875 2877/1693/2876 2876/1690/2873
f 2699/1517/2700 2700/1516/2699 2878/1694/2877
f 2878/1694/2877 2873/1689/2872 2699/1517/2700
f 2714/1530/2713 2715/1529/2712 2846/1662/2845
f 2846/1662/2845 2879/1695/2878 2714/1530/2713
f 2881/1696/2879 2880/1697/2880 2862/1676/2859
f 2862/1676/2859 2863/1679/2862 2881/1696/2879
f 2880/1697/2880 2850/1666/2849 2864/1680/2863
f 2864/1680/2863 2862/1676/2859 2880/1697/2880
f 2864/1680/2863 2850/1666/2849 2847/1665/2848
f 2847/1665/2848 2866/1682/2865 2864/1680/2863
f 2883/1698/2881 2882/1699/2882 2876/1690/2873
f 2876/1690/2873 2877/1693/2876 2883/1698/2881
f 2700/1516/2699 2701/1515/2698 2884/1700/2883
f 2884/1700/2883 2885/1701/2884 2700/1516/2699
f 2701/1515/2698 2851/1667/2850 2884/1700/2883
f 2886/1702/2885 2878/1694/2877 2700/1516/2699
f 2700/1516/2699 2885/1701/2884 2886/1702/2885
f 2875/1691/2874 2869/1685/2868 2870/1684/2867
f 2870/1684/2867 2874/1692/2875 2875/1691/2874
f 2778/1593/2776 2779/1595/2778 2781/1596/2779
f 2781/1596/2779 2887/1703/2886 2778/1593/2776
f 2718/1534/2717 2717/1533/2716 2872/1688/2871
f 2872/1688/2871 2745/1561/2744 2718/1534/2717
f 2718/1534/2717 2709/1527/2710 2710/1526/2709
f 2710/1526/2709 2717/1533/2716 2718/1534/2717
f 2889/1704/2887 2888/1705/2888 2821/1637/2820
f 2890/1706/2889 2833/1650/2833 2834/1649/2832
f 2858/1674/2857 2892/1707/2890 2891/1708/2891
f 2891/1708/2891 2857/1671/2854 2858/1674/2857
f 2894/1709/2892 2893/1710/2893 2869/1685/2868
f 2869/1685/2868 2875/1691/2874 2894/1709/2892
f 2895/1711/2894 2894/1709/2892 2875/1691/2874
f 2875/1691/2874 2876/1690/2873 2895/1711/2894
f 2898/1712/2895 2897/1713/2896 2896/1714/2897
f 2896/1714/2897 2899/1715/2898 2898/1712/2895
f 2900/1716/2899 2895/1711/2894 2876/1690/2873
f 2876/1690/2873 2882/1699/2882 2900/1716/2899
f 2897/1713/2896 2902/1717/2900 2901/1718/2901
f 2901/1718/2901 2903/1719/2902 2897/1713/2896
f 2904/1720/2903 2896/1714/2897 2897/1713/2896
f 2897/1713/2896 2903/1719/2902 2904/1720/2903
f 2906/1721/2904 2905/1722/2905 2889/1704/2887
f 2889/1704/2887 2907/1723/2906 2906/1721/2904
f 2907/1723/2906 2908/1724/2907 2741/1559/2742
f 2741/1559/2742 2906/1721/2904 2907/1723/2906
f 2744/1560/2743 2741/1559/2742 2908/1724/2907
f 2908/1724/2907 2909/1725/2908 2744/1560/2743
f 2910/1726/2909 2736/1550/2733 2813/1629/2812
f 2907/1723/2906 2889/1704/2887 2821/1637/2820
f 2821/1637/2820 2759/1575/2758 2907/1723/2906
f 2909/1725/2908 2908/1724/2907 2729/1545/2728
f 2729/1545/2728 2726/1544/2727 2909/1725/2908
f 2737/1554/2737 2736/1550/2733 2910/1726/2909
f 2759/1575/2758 2729/1545/2728 2908/1724/2907
f 2908/1724/2907 2907/1723/2906 2759/1575/2758
f 2902/1717/2900 2912/1727/2910 2911/1728/2911
f 2911/1728/2911 2913/1729/2912 2902/1717/2900
f 2914/1730/2913 2731/1547/2730 2913/1729/2912
f 2913/1729/2912 2911/1728/2911 2914/1730/2913
f 2768/1582/2765 2765/1581/2764 2763/1580/2763
f 2763/1580/2763 2767/1583/2766 2768/1582/2765
f 2917/1731/2914 2916/1732/2915 2915/1733/2916
f 2915/1733/2916 2918/1734/2917 2917/1731/2914
f 2734/1552/2735 2754/1570/2753 2736/1550/2733
f 2760/1577/2760 2755/1572/2755 2725/1541/2724
f 2725/1541/2724 2722/1540/2723 2760/1577/2760
f 2803/1619/2802 2920/1735/2918 2919/1736/2919
f 2919/1736/2919 2802/1616/2799 2803/1619/2802
f 2802/1616/2799 2919/1736/2919 2815/1631/2814
f 2815/1631/2814 2750/1564/2747 2802/1616/2799
f 2921/1737/2920 2881/1696/2879 2863/1679/2862
f 2863/1679/2862 2922/1738/2921 2921/1737/2920
f 2923/1739/2922 2794/1610/2793 2795/1609/2792
f 2795/1609/2792 2924/1740/2923 2923/1739/2922
f 2927/1741/2924 2926/1742/2925 2925/1743/2926
f 2925/1743/2926 2928/1744/2927 2927/1741/2924
f 2888/1705/2888 2930/1745/2928 2929/1746/2929
f 2929/1746/2929 2931/1747/2930 2888/1705/2888
f 2795/1609/2792 2822/1640/2823 2932/1748/2931
f 2932/1748/2931 2924/1740/2923 2795/1609/2792
f 2822/1640/2823 2823/1639/2822 2933/1749/2932
f 2933/1749/2932 2932/1748/2931 2822/1640/2823
f 2934/1750/2933 2820/1636/2819 2821/1637/2820
f 2821/1637/2820 2935/1751/2934 2934/1750/2933
f 2823/1639/2822 2825/1642/2825 2936/1752/2935
f 2936/1752/2935 2933/1749/2932 2823/1639/2822
f 2937/1753/2936 2890/1706/2889 2834/1649/2832
f 2834/1649/2832 2836/1652/2835 2937/1753/2936
f 2863/1679/2862 2939/1754/2937 2938/1755/2938
f 2938/1755/2938 2922/1738/2921 2863/1679/2862
f 2940/1756/2939 2927/1741/2924 2928/1744/2927
f 2928/1744/2927 2941/1757/2940 2940/1756/2939
f 2939/1754/2937 2857/1671/2854 2942/1758/2941
f 2942/1758/2941 2938/1755/2938 2939/1754/2937
f 2857/1671/2854 2891/1708/2891 2943/1759/2942
f 2943/1759/2942 2942/1758/2941 2857/1671/2854
f 2904/1720/2903 2903/1719/2902 2944/1760/2943
f 2944/1760/2943 2945/1761/2944 2904/1720/2903
f 2946/1762/2945 2819/1635/2818 2820/1636/2819
f 2820/1636/2819 2934/1750/2933 2946/1762/2945
f 2803/1619/2802 2800/1618/2801 2753/1569/2752
f 2753/1569/2752 2723/1539/2722 2803/1619/2802
f 2753/1569/2752 2800/1618/2801 2817/1634/2817
f 2817/1634/2817 2947/1763/2946 2753/1569/2752
f 2905/1722/2905 2948/1764/2947 2888/1705/2888
f 2888/1705/2888 2889/1704/2887 2905/1722/2905
f 2920/1735/2918 2803/1619/2802 2723/1539/2722
f 2723/1539/2722 2724/1538/2721 2920/1735/2918
f 2825/1642/2825 2819/1635/2818 2946/1762/2945
f 2946/1762/2945 2936/1752/2935 2825/1642/2825
f 2888/1705/2888 2931/1747/2930 2935/1751/2934
f 2935/1751/2934 2821/1637/2820 2888/1705/2888
f 2776/1592/2775 2774/1591/2774 2949/1765/2948
f 2949/1765/2948 2950/1766/2949 2776/1592/2775
f 2953/1767/2950 2952/1768/2951 2951/1769/2952
f 2951/1769/2952 2954/1770/2953 2953/1767/2950
f 2764/1579/2762 2780/1597/2780 2733/1549/2732
f 2733/1549/2732 2730/1548/2731 2764/1579/2762
f 2731/1547/2730 2732/1546/2729 2955/1771/2954
f 2955/1771/2954 2913/1729/2912 2731/1547/2730
f 2764/1579/2762 2782/1598/2781 2780/1597/2780
f 2955/1771/2954 2957/1772/2955 2956/1773/2956
f 2956/1773/2956 2901/1718/2901 2955/1771/2954
f 2779/1595/2778 2777/1594/2777 2733/1549/2732
f 2733/1549/2732 2780/1597/2780 2779/1595/2778
f 2960/1774/2957 2959/1775/2958 2958/1776/2959
f 2962/1777/2960 2961/1778/2961 2955/1771/2954
f 2955/1771/2954 2732/1546/2729 2962/1777/2960
f 2958/1776/2959 2964/1779/2962 2963/1780/2963
f 2963/1780/2963 2965/1781/2964 2958/1776/2959
f 2961/1778/2961 2950/1766/2949 2966/1782/2965
f 2966/1782/2965 2957/1772/2955 2961/1778/2961
f 2776/1592/2775 2950/1766/2949 2961/1778/2961
f 2961/1778/2961 2962/1777/2960 2776/1592/2775
f 2775/1590/2773 2778/1593/2776 2771/1587/2770
f 2771/1587/2770 2772/1586/2769 2775/1590/2773
f 2968/1783/2966 2967/1784/2967 2887/1703/2886
f 2887/1703/2886 2969/1785/2968 2968/1783/2966
f 2778/1593/2776 2887/1703/2886 2967/1784/2967
f 2967/1784/2967 2771/1587/2770 2778/1593/2776
f 2949/1765/2948 2952/1768/2951 2970/1786/2969
f 2970/1786/2969 2950/1766/2949 2949/1765/2948
f 2789/1603/2786 2809/1625/2808 2835/1651/2834
f 2835/1651/2834 2788/1604/2787 2789/1603/2786
f 2971/1787/2970 2774/1591/2774 2772/1586/2769
f 2772/1586/2769 2773/1589/2772 2971/1787/2970
f 2812/1628/2811 2790/1606/2789 2787/1605/2788
f 2787/1605/2788 2839/1655/2838 2812/1628/2811
f 2763/1580/2763 2914/1730/2913 2792/1607/2790
f 2792/1607/2790 2767/1583/2766 2763/1580/2763
f 2836/1652/2835 2835/1651/2834 2809/1625/2808
f 2809/1625/2808 2972/1788/2971 2836/1652/2835
f 2766/1584/2767 2791/1608/2791 2812/1628/2811
f 2812/1628/2811 2839/1655/2838 2766/1584/2767
f 2731/1547/2730 2914/1730/2913 2763/1580/2763
f 2763/1580/2763 2730/1548/2731 2731/1547/2730
f 2954/1770/2953 2951/1769/2952 2973/1789/2972
f 2973/1789/2972 2974/1790/2973 2954/1770/2953
f 2777/1594/2777 2962/1777/2960 2732/1546/2729
f 2732/1546/2729 2733/1549/2732 2777/1594/2777
f 2775/1590/2773 2776/1592/2775 2962/1777/2960
f 2962/1777/2960 2777/1594/2777 2775/1590/2773
f 2774/1591/2774 2951/1769/2952 2952/1768/2951
f 2952/1768/2951 2949/1765/2948 2774/1591/2774
f 2971/1787/2970 2973/1789/2972 2951/1769/2952
f 2951/1769/2952 2774/1591/2774 2971/1787/2970
f 2789/1603/2786 2790/1606/2789 2810/1627/2810
f 2810/1627/2810 2797/1614/2797 2789/1603/2786
f 2975/1791/2974 2827/1643/2826 2794/1610/2793
f 2794/1610/2793 2923/1739/2922 2975/1791/2974
f 2833/1650/2833 2838/1653/2836 2787/1605/2788
f 2787/1605/2788 2788/1604/2787 2833/1650/2833
f 2967/1784/2967 2968/1783/2966 2976/1792/2975
f 2976/1792/2975 2770/1588/2771 2771/1587/2770
f 2771/1587/2770 2967/1784/2967 2976/1792/2975
f 2842/1658/2841 2838/1653/2836 2833/1650/2833
f 2833/1650/2833 2890/1706/2889 2842/1658/2841
f 2773/1589/2772 2925/1743/2926 2973/1789/2972
f 2973/1789/2972 2971/1787/2970 2773/1589/2772
f 2930/1745/2928 2888/1705/2888 2948/1764/2947
f 2948/1764/2947 2977/1793/2976 2930/1745/2928
f 2902/1717/2900 2897/1713/2896 2898/1712/2895
f 2898/1712/2895 2978/1794/2977 2902/1717/2900
f 2903/1719/2902 2901/1718/2901 2956/1773/2956
f 2956/1773/2956 2944/1760/2943 2903/1719/2902
f 2915/1733/2916 2916/1732/2915 2898/1712/2895
f 2898/1712/2895 2899/1715/2898 2915/1733/2916
f 2814/1630/2813 2911/1728/2911 2912/1727/2910
f 2912/1727/2910 2749/1565/2748 2814/1630/2813
f 2911/1728/2911 2814/1630/2813 2914/1730/2913
f 2812/1628/2811 2791/1608/2791 2824/1638/2821
f 2824/1638/2821 2811/1626/2809 2812/1628/2811
f 2791/1608/2791 2792/1607/2790 2826/1641/2824
f 2826/1641/2824 2824/1638/2821 2791/1608/2791
f 2792/1607/2790 2815/1631/2814 2979/1795/2978
f 2979/1795/2978 2826/1641/2824 2792/1607/2790
f 2977/1793/2976 2880/1697/2880 2881/1696/2879
f 2881/1696/2879 2930/1745/2928 2977/1793/2976
f 2930/1745/2928 2881/1696/2879 2921/1737/2920
f 2921/1737/2920 2929/1746/2929 2930/1745/2928
f 2761/1576/2759 2752/1568/2751 2742/1558/2741
f 2742/1558/2741 2743/1557/2740 2761/1576/2759
f 2947/1763/2946 2742/1558/2741 2752/1568/2751
f 2752/1568/2751 2753/1569/2752 2947/1763/2946
f 2980/1796/2979 2900/1716/2899 2882/1699/2882
f 2882/1699/2882 2883/1698/2881 2866/1682/2865
f 2866/1682/2865 2847/1665/2848 2882/1699/2882
f 2902/1717/2900 2913/1729/2912 2955/1771/2954
f 2955/1771/2954 2901/1718/2901 2902/1717/2900
f 2863/1679/2862 2860/1678/2861 2981/1797/2980
f 2981/1797/2980 2939/1754/2937 2863/1679/2862
f 2981/1797/2980 2856/1672/2855 2857/1671/2854
f 2857/1671/2854 2939/1754/2937 2981/1797/2980
f 2720/1536/2719 2713/1531/2714 2714/1530/2713
f 2714/1530/2713 2982/1798/2981 2720/1536/2719
f 2713/1531/2714 2720/1536/2719 2707/1524/2707
f 2707/1524/2707 2716/1532/2715 2713/1531/2714
f 2716/1532/2715 2707/1524/2707 2708/1523/2706
f 2708/1523/2706 2844/1659/2842 2716/1532/2715
f 2947/1763/2946 2817/1634/2817 2905/1722/2905
f 2905/1722/2905 2906/1721/2904 2947/1763/2946
f 2818/1633/2816 2977/1793/2976 2948/1764/2947
f 2906/1721/2904 2741/1559/2742 2742/1558/2741
f 2742/1558/2741 2947/1763/2946 2906/1721/2904
f 2880/1697/2880 2977/1793/2976 2818/1633/2816
f 2818/1633/2816 2850/1666/2849 2880/1697/2880
f 2811/1626/2809 2796/1612/2795 2810/1627/2810
f 2807/1623/2806 2984/1799/2982 2983/1800/2983
f 2975/1791/2974 2986/1801/2984 2985/1802/2985
f 2985/1802/2985 2827/1643/2826 2975/1791/2974
f 2987/1803/2986 2849/1663/2846 2801/1617/2800
f 2801/1617/2800 2751/1567/2750 2987/1803/2986
f 2850/1666/2849 2818/1633/2816 2801/1617/2800
f 2801/1617/2800 2849/1663/2846 2850/1666/2849
f 2848/1664/2847 2980/1796/2979 2882/1699/2882
f 2882/1699/2882 2847/1665/2848 2848/1664/2847
f 2987/1803/2986 2988/1804/2987 2916/1732/2915
f 2916/1732/2915 2917/1731/2914 2987/1803/2986
f 2918/1734/2917 2980/1796/2979 2848/1664/2847
f 2848/1664/2847 2917/1731/2914 2918/1734/2917
f 2989/1805/2988 2798/1613/2796 2985/1802/2985
f 2985/1802/2985 2986/1801/2984 2989/1805/2988
f 2806/1624/2807 2807/1623/2806 2983/1800/2983
f 2989/1805/2988 2972/1788/2971 2809/1625/2808
f 2809/1625/2808 2798/1613/2796 2989/1805/2988
f 2959/1775/2958 2960/1774/2957 2784/1600/2783
f 2784/1600/2783 2785/1599/2782 2959/1775/2958
f 2829/1645/2828 2782/1598/2781 2764/1579/2762
f 2764/1579/2762 2765/1581/2764 2829/1645/2828
f 2964/1779/2962 2958/1776/2959 2959/1775/2958
f 2959/1775/2958 2990/1806/2989 2964/1779/2962
f 2805/1621/2804 2804/1620/2803 2991/1807/2990
f 2991/1807/2990 2979/1795/2978 2805/1621/2804
f 2804/1620/2803 2762/1578/2761 2816/1632/2815
f 2816/1632/2815 2991/1807/2990 2804/1620/2803
f 2825/1642/2825 2991/1807/2990 2816/1632/2815
f 2816/1632/2815 2819/1635/2818 2825/1642/2825
f 2991/1807/2990 2825/1642/2825 2826/1641/2824
f 2826/1641/2824 2979/1795/2978 2991/1807/2990
f 2792/1607/2790 2914/1730/2913 2814/1630/2813
f 2814/1630/2813 2815/1631/2814 2792/1607/2790
f 2724/1538/2721 2805/1621/2804 2979/1795/2978
f 2979/1795/2978 2920/1735/2918 2724/1538/2721
f 2815/1631/2814 2919/1736/2919 2920/1735/2918
f 2920/1735/2918 2979/1795/2978 2815/1631/2814
f 2970/1786/2969 2992/1808/2991 2966/1782/2965
f 2966/1782/2965 2950/1766/2949 2970/1786/2969
f 2952/1768/2951 2953/1767/2950 2992/1808/2991
f 2992/1808/2991 2970/1786/2969 2952/1768/2951
f 2925/1743/2926 2926/1742/2925 2974/1790/2973
f 2974/1790/2973 2973/1789/2972 2925/1743/2926
f 2968/1783/2966 2941/1757/2940 2976/1792/2975
f 2770/1588/2771 2976/1792/2975 2941/1757/2940
f 2941/1757/2940 2928/1744/2927 2770/1588/2771
f 2925/1743/2926 2773/1589/2772 2770/1588/2771
f 2770/1588/2771 2928/1744/2927 2925/1743/2926
f 2961/1778/2961 2957/1772/2955 2955/1771/2954
f 2993/1809/2992 2968/1783/2966 2969/1785/2968
f 2969/1785/2968 2994/1810/2993 2993/1809/2992
f 2968/1783/2966 2993/1809/2992 2940/1756/2939
f 2940/1756/2939 2941/1757/2940 2968/1783/2966
f 2959/1775/2958 2785/1599/2782 2995/1811/2994
f 2995/1811/2994 2990/1806/2989 2959/1775/2958
f 2996/1812/2995 2990/1806/2989 2995/1811/2994
f 2785/1599/2782 2786/1602/2785 2997/1813/2996
f 2997/1813/2996 2995/1811/2994 2785/1599/2782
f 2995/1811/2994 2997/1813/2996 2998/1814/2997
f 2998/1814/2997 2996/1812/2995 2995/1811/2994
f 2727/1543/2726 2728/1542/2725 2762/1578/2761
f 2817/1634/2817 2818/1633/2816 2948/1764/2947
f 2948/1764/2947 2905/1722/2905 2817/1634/2817
f 2699/1517/2700 2873/1689/2872 2872/1688/2871
f 2872/1688/2871 2717/1533/2716 2699/1517/2700
f 2748/1566/2749 2988/1804/2987 2987/1803/2986
f 2987/1803/2986 2751/1567/2750 2748/1566/2749
f 2988/1804/2987 2748/1566/2749 2978/1794/2977
f 2748/1566/2749 2749/1565/2748 2912/1727/2910
f 2912/1727/2910 2978/1794/2977 2748/1566/2749
f 2978/1794/2977 2912/1727/2910 2902/1717/2900
f 2848/1664/2847 2987/1803/2986 2917/1731/2914
f 2988/1804/2987 2978/1794/2977 2898/1712/2895
f 2898/1712/2895 2916/1732/2915 2988/1804/2987
f 2848/1664/2847 2849/1663/2846 2987/1803/2986
f 3001/1815/2998 3000/1816/2999 2999/1817/3000
f 3004/1818/3001 3003/1819/3002 3002/1820/3003
f 3002/1820/3003 3005/1821/3004 3004/1818/3001
f 3008/1822/3005 3007/1823/3006 3006/1824/3007
f 3006/1824/3007 3009/1825/3008 3008/1822/3005
f 3000/1816/2999 3001/1815/2998 3010/1826/3009
f 3010/1826/3009 3011/1827/3010 3000/1816/2999
f 3014/1828/3011 3013/1829/3012 3012/1830/3013
f 3012/1830/3013 3015/1831/3014 3014/1828/3011
f 3017/1832/3015 3016/1833/3016 3003/1819/3002
f 3003/1819/3002 3010/1826/3009 3017/1832/3015
f 3019/1834/3017 3015/1831/3014 3018/1835/3018
f 3018/1835/3018 3020/1836/3019 3019/1834/3017
f 3020/1836/3019 3018/1835/3018 3007/1823/3006
f 3007/1823/3006 3008/1822/3005 3020/1836/3019
f 3009/1825/3008 3006/1824/3007 2999/1817/3000
f 2999/1817/3000 3000/1816/2999 3009/1825/3008
f 2999/1817/3000 3022/1837/3020 3021/1838/3021
f 3021/1838/3021 3001/1815/2998 2999/1817/3000
f 3023/1839/3022 3002/1820/3003 3003/1819/3002
f 3003/1819/3002 3016/1833/3016 3023/1839/3022
f 3024/1840/3023 3006/1824/3007 3007/1823/3006
f 3007/1823/3006 3025/1841/3024 3024/1840/3023
f 3021/1838/3021 3017/1832/3015 3010/1826/3009
f 3010/1826/3009 3001/1815/2998 3021/1838/3021
f 3015/1831/3014 3019/1834/3017 3026/1842/3025
f 3026/1842/3025 3014/1828/3011 3015/1831/3014
f 3003/1819/3002 3004/1818/3001 3011/1827/3010
f 3011/1827/3010 3010/1826/3009 3003/1819/3002
f 3027/1843/3026 3018/1835/3018 3015/1831/3014
f 3015/1831/3014 3012/1830/3013 3027/1843/3026
f 3025/1841/3024 3007/1823/3006 3018/1835/3018
f 3018/1835/3018 3027/1843/3026 3025/1841/3024
f 3006/1824/3007 3024/1840/3023 3028/1844/3027
f 3013/1829/3012 3030/1845/3028 3029/1846/3029
f 3029/1846/3029 3012/1830/3013 3013/1829/3012
f 3017/1832/3015 3032/1847/3030 3031/1848/3031
f 3031/1848/3031 3016/1833/3016 3017/1832/3015
f 3022/1837/3020 3034/1849/3032 3033/1850/3033
f 3033/1850/3033 3021/1838/3021 3022/1837/3020
f 3016/1833/3016 3031/1848/3031 3035/1851/3034
f 3035/1851/3034 3023/1839/3022 3016/1833/3016
f 3025/1841/3024 3037/1852/3035 3036/1853/3036
f 3036/1853/3036 3024/1840/3023 3025/1841/3024
f 3021/1838/3021 3033/1850/3033 3032/1847/3030
f 3032/1847/3030 3017/1832/3015 3021/1838/3021
f 3012/1830/3013 3029/1846/3029 3038/1854/3037
f 3038/1854/3037 3027/1843/3026 3012/1830/3013
f 3027/1843/3026 3038/1854/3037 3037/1852/3035
f 3037/1852/3035 3025/1841/3024 3027/1843/3026
f 3036/1853/3036 3039/1855/3038 3028/1844/3027
f 3028/1844/3027 3024/1840/3023 3036/1853/3036
f 3008/1822/3005 3041/1856/3039 3040/1857/3040
f 3040/1857/3040 3020/1836/3019 3008/1822/3005
f 3020/1836/3019 3040/1857/3040 3042/1858/3041
f 3042/1858/3041 3019/1834/3017 3020/1836/3019
f 3019/1834/3017 3042/1858/3041 3043/1859/3042
f 3043/1859/3042 3026/1842/3025 3019/1834/3017
f 3011/1827/3010 3045/1860/3043 3044/1861/3044
f 3044/1861/3044 3000/1816/2999 3011/1827/3010
f 3004/1818/3001 3046/1862/3045 3045/1860/3043
f 3045/1860/3043 3011/1827/3010 3004/1818/3001
f 3009/1825/3008 3047/1863/3046 3041/1856/3039
f 3041/1856/3039 3008/1822/3005 3009/1825/3008
f 3000/1816/2999 3044/1861/3044 3047/1863/3046
f 3047/1863/3046 3009/1825/3008 3000/1816/2999
f 3005/1821/3004 3048/1864/3047 3046/1862/3045
f 3046/1862/3045 3004/1818/3001 3005/1821/3004
f 3051/1865/3048 3050/1866/3049 3049/1867/3050
f 3049/1867/3050 3052/1868/3051 3051/1865/3048
f 3050/1866/3049 3051/1865/3048 3053/1869/3052
f 3053/1869/3052 3054/1870/3053 3050/1866/3049
f 3057/1871/3054 3056/1872/3055 3055/1873/3056
f 3055/1873/3056 3058/1874/3057 3057/1871/3054
f 3059/1875/3058 3057/1871/3054 3058/1874/3057
f 3058/1874/3057 3060/1876/3059 3059/1875/3058
f 3056/1872/3055 3050/1866/3049 3054/1870/3053
f 3054/1870/3053 3055/1873/3056 3056/1872/3055
f 3056/1872/3055 3057/1871/3054 3061/1877/3060
f 3061/1877/3060 3062/1878/3061 3056/1872/3055
f 3057/1871/3054 3059/1875/3058 3063/1879/3062
f 3063/1879/3062 3061/1877/3060 3057/1871/3054
f 3050/1866/3049 3056/1872/3055 3062/1878/3061
f 3062/1878/3061 3049/1867/3050 3050/1866/3049
f 3064/1880/3063 3054/1870/3053 3053/1869/3052
f 3053/1869/3052 3065/1881/3064 3064/1880/3063
f 3058/1874/3057 3067/1882/3065 3066/1883/3066
f 3066/1883/3066 3060/1876/3059 3058/1874/3057
f 3068/1884/3067 3055/1873/3056 3054/1870/3053
f 3054/1870/3053 3064/1880/3063 3068/1884/3067
f 3055/1873/3056 3068/1884/3067 3067/1882/3065
f 3067/1882/3065 3058/1874/3057 3055/1873/3056
f 3039/1855/3038 3034/1849/3032 3022/1837/3020
f 3022/1837/3020 3028/1844/3027 3039/1855/3038
f 2999/1817/3000 3006/1824/3007 3028/1844/3027
f 3028/1844/3027 3022/1837/3020 2999/1817/3000
f 2822/1640/2823 2795/1609/2792 2796/1612/2795
f 2796/1612/2795 2811/1626/2809 2822/1640/2823
f 2807/1623/2806 2808/1622/2805 2984/1799/2982
f 2802/1616/2799 2750/1564/2747 2751/1567/2750
f 2751/1567/2750 2801/1617/2800 2802/1616/2799
f 3071/1885/3068 3070/1886/3069 3069/1887/3070
f 3069/1887/3070 3072/1888/3071 3071/1885/3068
f 3074/1889/3072 3073/1890/3073 3069/1887/3070
f 3069/1887/3070 3070/1886/3069 3074/1889/3072
f 3076/1891/3074 3075/1892/3075 3073/1890/3073
f 3073/1890/3073 3074/1889/3072 3076/1891/3074
f 3071/1885/3068 3078/1893/3076 3077/1894/3077
f 3077/1894/3077 3070/1886/3069 3071/1885/3068
f 3070/1886/3069 3077/1894/3077 3079/1895/3078
f 3079/1895/3078 3074/1889/3072 3070/1886/3069
f 3074/1889/3072 3079/1895/3078 3080/1896/3079
f 3080/1896/3079 3076/1891/3074 3074/1889/3072
f 3076/1891/3074 3082/1897/3080 3081/1898/3081
f 3081/1898/3081 3075/1892/3075 3076/1891/3074
f 3082/1897/3080 3076/1891/3074 3080/1896/3079
f 3080/1896/3079 3083/1899/3082 3082/1897/3080
f 2604/1422/2605 2605/1421/2604 2614/1430/2613
f 2605/1421/2604 2621/1437/2620 3084/1900/3083
f 3084/1900/3083 2614/1430/2613 2605/1421/2604
f 3084/1900/3083 3085/1901/3084 2613/1428/2611
f 2613/1428/2611 2614/1430/2613 3084/1900/3083
f 3087/1183/3085 3086/1186/3086 2322/1185/2324
f 2322/1185/2324 2323/1184/2323 3087/1183/3085
f 3090/1187/3087 3089/1190/3088 3088/1189/3089
f 3088/1189/3089 3091/1188/3090 3090/1187/3087
f 3094/1191/3091 3093/1193/3092 3092/1192/3093
f 3096/1194/3094 3095/1196/3095 3090/1187/3087
f 3090/1187/3087 3097/1195/3096 3096/1194/3094
f 2338/1197/2336 2339/1200/2339 3098/1199/3097
f 3098/1199/3097 3099/1198/3098 2338/1197/2336
f 3101/1201/3099 3100/1183/3100 2340/1184/2342
f 2340/1184/2342 2341/1202/2341 3101/1201/3099
f 3104/1203/3101 3103/1206/3102 3102/1205/3103
f 3102/1205/3103 3105/1204/3104 3104/1203/3101
f 3088/1189/3089 3089/1190/3088 3106/1207/3105
f 3109/1208/3106 3108/1210/3107 3107/1209/3108
f 3104/1203/3101 3097/1195/3096 3110/1211/3109
f 3110/1211/3109 3103/1206/3102 3104/1203/3101
f 3113/1212/3110 3112/1215/3111 3111/1214/3112
f 3111/1214/3112 3114/1213/3113 3113/1212/3110
f 3116/1216/3114 3115/1217/3115 3111/1214/3112
f 3111/1214/3112 3112/1215/3111 3116/1216/3114
f 3119/1218/3116 3118/1221/3117 3117/1220/3118
f 3117/1220/3118 3120/1219/3119 3119/1218/3116
f 3123/1222/3120 3122/1225/3121 3121/1224/3122
f 3121/1224/3122 3124/1223/3123 3123/1222/3120
f 3127/1226/3124 3126/1229/3125 3125/1228/3126
f 3125/1228/3126 3128/1227/3127 3127/1226/3124
f 3131/1230/3128 3130/1232/3129 3129/1231/3130
f 3131/1230/3128 3132/1233/3131 3130/1232/3129
f 3124/1223/3123 3134/1235/3132 3133/1234/3133
f 3117/1220/3118 3135/1236/3134 3120/1219/3119
f 3135/1236/3134 3137/1238/3135 3136/1237/3136
f 3136/1237/3136 3120/1219/3119 3135/1236/3134
f 3140/1239/3137 3139/1242/3138 3138/1241/3139
f 3138/1241/3139 3141/1240/3140 3140/1239/3137
f 3140/1239/3137 3143/1244/3141 3142/1243/3142
f 3145/1245/3143 3144/1246/3144 3143/1244/3141
f 3146/1247/3145 3123/1222/3120 3124/1223/3123
f 3124/1223/3123 3133/1234/3133 3146/1247/3145
f 3114/1213/3113 3147/1248/3146 3113/1212/3110
f 3148/1249/3147 3139/1242/3138 3140/1239/3137
f 3140/1239/3137 3149/1250/3148 3148/1249/3147
f 3152/1251/3149 3151/1254/3150 3150/1253/3151
f 3150/1253/3151 3153/1252/3152 3152/1251/3149
f 3153/1252/3152 3155/1256/3153 3154/1255/3154
f 3154/1255/3154 3152/1251/3149 3153/1252/3152
f 3099/1198/3098 3093/1193/3092 3094/1191/3091
f 3094/1191/3091 3156/1257/3155 3099/1198/3098
f 3159/1258/3156 3158/1260/3157 3157/1259/3158
f 3162/1261/3159 3161/1260/3160 3160/1258/3161
f 3165/1262/3162 3164/1264/3163 3163/1263/3164
f 3168/1265/3165 3167/1264/3166 3166/1262/3167
f 3169/1266/3168 3115/1217/3115 3116/1216/3114
f 3172/1267/3169 3171/1270/3170 3170/1269/3171
f 3170/1269/3171 3173/1268/3172 3172/1267/3169
f 3176/1263/3173 3175/1264/3174 3174/1271/3175
f 3179/1272/3176 3178/1274/3177 3177/1273/3178
f 3182/1272/3179 3181/1275/3180 3180/1274/3181
f 3185/1276/3182 3184/1278/3183 3183/1277/3184
f 3188/1276/3185 3187/1279/3186 3186/1278/3187
f 3191/1280/3188 3190/1282/3189 3189/1281/3190
f 3194/1276/3191 3193/1277/3192 3192/1283/3193
f 3197/1284/3194 3196/1287/3195 3195/1286/3196
f 3195/1286/3196 3198/1285/3197 3197/1284/3194
f 3195/1286/3196 3200/1289/3198 3199/1288/3199
f 3199/1288/3199 3198/1285/3197 3195/1286/3196
f 3201/1290/3200 3143/1244/3141 3140/1239/3137
f 3140/1239/3137 3141/1240/3140 3201/1290/3200
f 3204/1291/3201 3203/1293/3202 3202/1292/3203
f 3205/1294/3204 3170/1269/3171 3171/1270/3170
f 3171/1270/3170 3206/1295/3205 3205/1294/3204
f 3173/1268/3172 3170/1269/3171 3108/1210/3107
f 3108/1210/3107 3109/1208/3106 3173/1268/3172
f 3207/1296/3206 3108/1210/3107 3170/1269/3171
f 3170/1269/3171 3205/1294/3204 3207/1296/3206
f 3209/1297/3207 3208/1298/3208 3108/1210/3107
f 3108/1210/3107 3207/1296/3206 3209/1297/3207
f 3211/1299/3209 3210/1300/3210 3114/1213/3113
f 3114/1213/3113 3111/1214/3112 3211/1299/3209
f 3152/1251/3149 3114/1213/3113 3210/1300/3210
f 3210/1300/3210 3151/1254/3150 3152/1251/3149
f 3154/1255/3154 3147/1248/3146 3114/1213/3113
f 3114/1213/3113 3152/1251/3149 3154/1255/3154
f 3212/1301/3211 3206/1295/3205 3171/1270/3170
f 3169/1266/3168 3106/1207/3105 3089/1190/3088
f 3089/1190/3088 3115/1217/3115 3169/1266/3168
f 3213/1302/3212 3107/1209/3108 3108/1210/3107
f 3108/1210/3107 3208/1298/3208 3213/1302/3212
f 3216/1303/3213 3215/1204/3214 3214/1205/3215
f 3214/1205/3215 3217/1304/3216 3216/1303/3213
f 3219/1201/3217 3218/1305/3218 3104/1203/3101
f 3099/1198/3098 3098/1199/3097 3220/1306/3219
f 3220/1306/3219 3093/1193/3092 3099/1198/3098
f 3101/1201/3099 3222/1203/3220 3221/1204/3221
f 3221/1204/3221 3100/1183/3100 3101/1201/3099
f 3122/1225/3121 3123/1222/3120 3119/1218/3116
f 3119/1218/3116 3120/1219/3119 3223/1307/3222
f 3223/1307/3222 3122/1225/3121 3119/1218/3116
f 3225/1308/3223 3189/1281/3190 3224/1310/3224
f 3224/1310/3224 3226/1309/3225 3225/1308/3223
f 3228/1311/3226 3227/1312/3227 3225/1308/3223
f 3225/1308/3223 3204/1291/3201 3228/1311/3226
f 3128/1227/3127 3224/1310/3224 3229/1314/3228
f 3229/1314/3228 3230/1313/3229 3128/1227/3127
f 3189/1281/3190 3229/1314/3228 3224/1310/3224
f 3126/1229/3125 3127/1226/3124 3230/1313/3229
f 3230/1313/3229 3231/1315/3230 3126/1229/3125
f 3230/1313/3229 3127/1226/3124 3128/1227/3127
f 3223/1307/3222 3120/1219/3119 3136/1237/3136
f 3136/1237/3136 3232/1316/3231 3223/1307/3222
f 3145/1245/3143 3136/1237/3136 3137/1238/3135
f 3157/1259/3158 3234/1317/3232 3233/1191/3233
f 3233/1191/3233 3159/1258/3156 3157/1259/3158
f 3236/1191/3234 3235/1192/3235 3162/1261/3159
f 3162/1261/3159 3160/1258/3161 3236/1191/3234
f 3163/1263/3164 3238/1195/3236 3237/1187/3237
f 3237/1187/3237 3165/1262/3162 3163/1263/3164
f 3240/1187/3238 3239/1188/3239 3168/1265/3165
f 3168/1265/3165 3166/1262/3167 3240/1187/3238
f 3242/1211/3240 3241/1195/3241 3176/1263/3173
f 3176/1263/3173 3174/1271/3175 3242/1211/3240
f 3145/1245/3143 3143/1244/3141 3136/1237/3136
f 3143/1244/3141 3201/1290/3200 3232/1316/3231
f 3232/1316/3231 3136/1237/3136 3143/1244/3141
f 3203/1293/3202 3204/1291/3201 3225/1308/3223
f 3225/1308/3223 3226/1309/3225 3203/1293/3202
f 3138/1241/3139 3139/1242/3138 3198/1285/3197
f 3198/1285/3197 3199/1288/3199 3138/1241/3139
f 3139/1242/3138 3148/1249/3147 3197/1284/3194
f 3197/1284/3194 3198/1285/3197 3139/1242/3138
f 2486/1318/2485 3132/1233/3131 3121/1224/3122
f 3121/1224/3122 2485/1319/2486 2486/1318/2485
f 3121/1224/3122 3132/1233/3131 3124/1223/3123
f 3130/1232/3129 2488/1321/2488 2487/1320/2487
f 2487/1320/2487 3129/1231/3130 3130/1232/3129
f 3132/1233/3131 2486/1318/2485 2488/1321/2488
f 2488/1321/2488 3130/1232/3129 3132/1233/3131
f 3134/1235/3132 3124/1223/3123 3132/1233/3131
f 3132/1233/3131 3131/1230/3128 3134/1235/3132
f 3208/1298/3208 3209/1297/3207 3243/1317/3242
f 3097/1195/3096 3104/1203/3101 3218/1305/3218
f 3218/1305/3218 3096/1194/3094 3097/1195/3096
f 3244/1322/3243 3206/1295/3205 3212/1301/3211
f 3089/1190/3088 3090/1187/3087 3095/1196/3095
f 3245/1323/3244 3211/1299/3209 3111/1214/3112
f 3111/1214/3112 3115/1217/3115 3245/1323/3244
f 3115/1217/3115 3089/1190/3088 3095/1196/3095
f 3095/1196/3095 3245/1323/3244 3115/1217/3115
f 3218/1305/3218 3219/1201/3217 2492/1202/2493
f 2492/1202/2493 2493/1324/2492 3218/1305/3218
f 3247/1325/3245 3246/1326/3246 3204/1291/3201
f 3204/1291/3201 3202/1292/3203 3247/1325/3245
f 3128/1227/3127 3125/1228/3126 2496/1328/2497
f 2496/1328/2497 2497/1327/2496 3128/1227/3127
f 3248/1329/3247 3247/1325/3245 3202/1292/3203
f 3202/1292/3203 3249/1330/3248 3248/1329/3247
f 3177/1273/3178 3178/1274/3177 3250/1313/3249
f 3250/1313/3249 3251/1314/3250 3177/1273/3178
f 3180/1274/3181 3181/1275/3180 3252/1315/3251
f 3252/1315/3251 3253/1313/3252 3180/1274/3181
f 3254/1222/3253 3183/1277/3184 3184/1278/3183
f 3184/1278/3183 3255/1218/3254 3254/1222/3253
f 3186/1278/3187 3187/1279/3186 3256/1221/3255
f 3256/1221/3255 3257/1218/3256 3186/1278/3187
f 3258/1247/3257 3192/1283/3193 3193/1277/3192
f 3193/1277/3192 3259/1222/3258 3258/1247/3257
f 3262/1183/3259 3261/1303/3260 3260/1304/3261
f 3260/1304/3261 3263/1186/3262 3262/1183/3259
f 3264/1303/3263 3100/1183/3100 3221/1204/3221
f 2517/1331/2514 2518/1334/2517 3265/1333/3264
f 3265/1333/3264 3266/1332/3265 2517/1331/2514
f 3267/1335/3266 3265/1333/3264 2518/1334/2517
f 2518/1334/2517 2519/1336/2519 3267/1335/3266
f 3268/1337/3267 2522/1338/2521 2517/1331/2514
f 2517/1331/2514 3266/1332/3265 3268/1337/3267
f 3206/1295/3205 3268/1337/3267 3266/1332/3265
f 3266/1332/3265 3205/1294/3204 3206/1295/3205
f 3266/1332/3265 3265/1333/3264 3207/1296/3206
f 3207/1296/3206 3205/1294/3204 3266/1332/3265
f 3099/1198/3098 3156/1257/3155 3267/1335/3266
f 3269/1339/3268 2524/1340/2523 2522/1338/2521
f 2522/1338/2521 3268/1337/3267 3269/1339/3268
f 3268/1337/3267 3206/1295/3205 3270/1341/3269
f 3270/1341/3269 3269/1339/3268 3268/1337/3267
f 2528/1342/2525 2529/1345/2528 3271/1344/3270
f 3271/1344/3270 3272/1343/3271 2528/1342/2525
f 3273/1346/3272 3271/1344/3270 3249/1330/3248
f 3249/1330/3248 3202/1292/3203 3273/1346/3272
f 3267/1335/3266 2519/1336/2519 2338/1197/2336
f 2338/1197/2336 3099/1198/3098 3267/1335/3266
f 2531/1347/2530 2532/1348/2531 3202/1292/3203
f 3202/1292/3203 3203/1293/3202 2531/1347/2530
f 3202/1292/3203 2532/1348/2531 3273/1346/3272
f 3226/1309/3225 3224/1310/3224 2533/1350/2533
f 2533/1350/2533 2534/1349/2532 3226/1309/3225
f 3274/1351/3273 3272/1343/3271 3271/1344/3270
f 3271/1344/3270 3273/1346/3272 3274/1351/3273
f 3274/1351/3273 2536/1352/2535 2528/1342/2525
f 2528/1342/2525 3272/1343/3271 3274/1351/3273
f 3265/1333/3264 3267/1335/3266 3209/1297/3207
f 3209/1297/3207 3207/1296/3206 3265/1333/3264
f 3267/1335/3266 3156/1257/3155 3209/1297/3207
f 3156/1257/3155 3094/1191/3091 3243/1317/3242
f 3243/1317/3242 3209/1297/3207 3156/1257/3155
f 2534/1349/2532 2531/1347/2530 3203/1293/3202
f 3203/1293/3202 3226/1309/3225 2534/1349/2532
f 3128/1227/3127 2497/1327/2496 2533/1350/2533
f 2533/1350/2533 3224/1310/3224 3128/1227/3127
f 3206/1295/3205 3244/1322/3243 3275/1353/3274
f 3275/1353/3274 3270/1341/3269 3206/1295/3205
f 3277/1354/3275 3276/1355/3276 3155/1256/3153
f 3155/1256/3153 3153/1252/3152 3277/1354/3275
f 3278/1356/3277 3277/1354/3275 3153/1252/3152
f 3153/1252/3152 3150/1253/3151 3278/1356/3277
f 3129/1231/3130 3133/1234/3133 3134/1235/3132
f 3134/1235/3132 3131/1230/3128 3129/1231/3130
f 3220/1306/3219 3098/1199/3097 3279/1357/3278
f 3280/1358/3279 3191/1280/3188 3225/1308/3223
f 3225/1308/3223 3227/1312/3227 3280/1358/3279
f 3273/1346/3272 2532/1348/2531 2536/1352/2535
f 2536/1352/2535 3274/1351/3273 3273/1346/3272
f 3142/1243/3142 3143/1244/3141 3144/1246/3144
f 3140/1239/3137 3142/1243/3142 3149/1250/3148
f 3191/1280/3188 3189/1281/3190 3225/1308/3223
f 3281/1359/3280 2546/1362/2545 2543/1361/2544
f 2543/1361/2544 3282/1360/3281 3281/1359/3280
f 3284/1363/3282 3283/1366/3283 2547/1365/2548
f 2547/1365/2548 2548/1364/2547 3284/1363/3282
f 2553/1367/2550 3286/1370/3284 3285/1369/3285
f 3285/1369/3285 2552/1368/2551 2553/1367/2550
f 2557/1371/2554 3288/1374/3286 3287/1373/3287
f 3287/1373/3287 2556/1372/2555 2557/1371/2554
f 2559/1375/2558 3289/1376/3288 3282/1360/3281
f 3282/1360/3281 2543/1361/2544 2559/1375/2558
f 2552/1368/2551 3285/1369/3285 3290/1378/3289
f 3290/1378/3289 2562/1377/2560 2552/1368/2551
f 3291/1379/3290 3281/1359/3280 3282/1360/3281
f 3282/1360/3281 3292/1380/3291 3291/1379/3290
f 3294/1381/3292 3293/1382/3293 3283/1366/3283
f 3283/1366/3283 3284/1363/3282 3294/1381/3292
f 3295/1383/3294 3291/1379/3290 3292/1380/3291
f 3292/1380/3291 3296/1384/3295 3295/1383/3294
f 3298/1385/3296 3297/1386/3297 3293/1382/3293
f 3293/1382/3293 3294/1381/3292 3298/1385/3296
f 3286/1370/3284 3295/1383/3294 3296/1384/3295
f 3296/1384/3295 3285/1369/3285 3286/1370/3284
f 3288/1374/3286 3297/1386/3297 3298/1385/3296
f 3298/1385/3296 3287/1373/3287 3288/1374/3286
f 3292/1380/3291 3282/1360/3281 3289/1376/3288
f 3285/1369/3285 3296/1384/3295 3292/1380/3291
f 3292/1380/3291 3290/1378/3289 3285/1369/3285
f 3299/1387/3298 3284/1363/3282 2548/1364/2547
f 2548/1364/2547 2571/1388/2571 3299/1387/3298
f 2556/1372/2555 3287/1373/3287 3300/1390/3299
f 3300/1390/3299 2574/1389/2572 2556/1372/2555
f 3301/1391/3300 3294/1381/3292 3284/1363/3282
f 3284/1363/3282 3299/1387/3298 3301/1391/3300
f 3302/1392/3301 3298/1385/3296 3294/1381/3292
f 3294/1381/3292 3301/1391/3300 3302/1392/3301
f 3287/1373/3287 3298/1385/3296 3302/1392/3301
f 3302/1392/3301 3300/1390/3299 3287/1373/3287
f 3303/1393/3302 2578/1394/2577 2547/1365/2548
f 2547/1365/2548 3283/1366/3283 3303/1393/3302
f 2557/1371/2554 2580/1396/2579 3304/1395/3303
f 3304/1395/3303 3288/1374/3286 2557/1371/2554
f 3305/1397/3304 3303/1393/3302 3283/1366/3283
f 3283/1366/3283 3293/1382/3293 3305/1397/3304
f 3306/1398/3305 3305/1397/3304 3293/1382/3293
f 3293/1382/3293 3297/1386/3297 3306/1398/3305
f 3288/1374/3286 3304/1395/3303 3306/1398/3305
f 3306/1398/3305 3297/1386/3297 3288/1374/3286
f 3299/1387/3298 2571/1388/2571 2546/1362/2545
f 2546/1362/2545 3281/1359/3280 3299/1387/3298
f 2574/1389/2572 3300/1390/3299 3286/1370/3284
f 3286/1370/3284 2553/1367/2550 2574/1389/2572
f 3301/1391/3300 3299/1387/3298 3281/1359/3280
f 3281/1359/3280 3291/1379/3290 3301/1391/3300
f 3302/1392/3301 3301/1391/3300 3291/1379/3290
f 3291/1379/3290 3295/1383/3294 3302/1392/3301
f 3300/1390/3299 3302/1392/3301 3295/1383/3294
f 3295/1383/3294 3286/1370/3284 3300/1390/3299
f 3307/1399/3306 2584/1400/2583 2578/1394/2577
f 2578/1394/2577 3303/1393/3302 3307/1399/3306
f 2580/1396/2579 2586/1402/2585 3308/1401/3307
f 3308/1401/3307 3304/1395/3303 2580/1396/2579
f 3309/1403/3308 3307/1399/3306 3303/1393/3302
f 3303/1393/3302 3305/1397/3304 3309/1403/3308
f 3310/1404/3309 3309/1403/3308 3305/1397/3304
f 3305/1397/3304 3306/1398/3305 3310/1404/3309
f 3304/1395/3303 3308/1401/3307 3310/1404/3309
f 3310/1404/3309 3306/1398/3305 3304/1395/3303
f 3312/1405/3310 3311/1408/3311 2589/1407/2590
f 2589/1407/2590 2590/1406/2589 3312/1405/3310
f 2589/1407/2590 3311/1408/3311 3313/1410/3312
f 3313/1410/3312 2594/1409/2592 2589/1407/2590
f 3314/1411/3313 3313/1410/3312 3311/1408/3311
f 3311/1408/3311 3315/1412/3314 3314/1411/3313
f 3315/1412/3314 3317/1414/3315 3316/1413/3316
f 3316/1413/3316 3314/1411/3313 3315/1412/3314
f 3317/1414/3315 3319/1416/3317 3318/1415/3318
f 3318/1415/3318 3316/1413/3316 3317/1414/3315
f 3320/1417/3319 3315/1412/3314 3311/1408/3311
f 3311/1408/3311 3312/1405/3310 3320/1417/3319
f 3315/1412/3314 3320/1417/3319 3321/1418/3320
f 3321/1418/3320 3317/1414/3315 3315/1412/3314
f 3317/1414/3315 3321/1418/3320 3322/1419/3321
f 3322/1419/3321 3319/1416/3317 3317/1414/3315
f 3325/1420/3322 3324/1423/3323 3323/1422/3324
f 3323/1422/3324 3326/1421/3325 3325/1420/3322
f 3327/1424/3326 2611/1427/2610 2608/1426/2609
f 2608/1426/2609 3328/1425/3327 3327/1424/3326
f 3330/1428/3328 3329/1430/3329 3323/1422/3324
f 3323/1422/3324 3331/1429/3330 3330/1428/3328
f 3325/1420/3322 3326/1421/3325 3332/1432/3331
f 3332/1432/3331 3333/1431/3332 3325/1420/3322
f 2619/1433/2616 3335/1436/3333 3334/1435/3334
f 3334/1435/3334 2618/1434/2617 2619/1433/2616
f 3332/1432/3331 3326/1421/3325 3336/1437/3335
f 3324/1423/3323 3325/1420/3322 3335/1436/3333
f 3335/1436/3333 3327/1424/3326 3324/1423/3323
f 3325/1420/3322 3333/1431/3332 3334/1435/3334
f 3334/1435/3334 3335/1436/3333 3325/1420/3322
f 3324/1423/3323 3337/1438/3336 3331/1429/3330
f 3331/1429/3330 3323/1422/3324 3324/1423/3323
f 3327/1424/3326 3335/1436/3333 2619/1433/2616
f 2619/1433/2616 2611/1427/2610 3327/1424/3326
f 3327/1424/3326 3328/1425/3327 3337/1438/3336
f 3337/1438/3336 3324/1423/3323 3327/1424/3326
f 3338/1439/3337 2626/1442/2625 2623/1441/2624
f 2623/1441/2624 3339/1440/3338 3338/1439/3337
f 3342/1443/3339 3341/1446/3340 3340/1445/3341
f 3340/1445/3341 3343/1444/3342 3342/1443/3339
f 3346/1447/3343 3345/1450/3344 3344/1449/3345
f 3344/1449/3345 3347/1448/3346 3346/1447/3343
f 3349/1451/3347 3348/1452/3348 3345/1450/3344
f 3345/1450/3344 3346/1447/3343 3349/1451/3347
f 3350/1453/3349 2640/1456/2639 2637/1455/2638
f 2637/1455/2638 3351/1454/3350 3350/1453/3349
f 3351/1454/3350 3340/1445/3341 3341/1446/3340
f 3341/1446/3340 3350/1453/3349 3351/1454/3350
f 3343/1444/3342 3347/1448/3346 3344/1449/3345
f 3344/1449/3345 3342/1443/3339 3343/1444/3342
f 3339/1440/3338 3348/1452/3348 3349/1451/3347
f 3349/1451/3347 3338/1439/3337 3339/1440/3338
f 3350/1453/3349 3341/1446/3340 3352/1458/3351
f 3352/1458/3351 3353/1457/3352 3350/1453/3349
f 2643/1459/2642 3354/1460/3353 3339/1440/3338
f 3339/1440/3338 2623/1441/2624 2643/1459/2642
f 3348/1452/3348 3339/1440/3338 3354/1460/3353
f 3354/1460/3353 3355/1461/3354 3348/1452/3348
f 3342/1443/3339 3344/1449/3345 3356/1463/3355
f 3356/1463/3355 3357/1462/3356 3342/1443/3339
f 3341/1446/3340 3342/1443/3339 3357/1462/3356
f 3357/1462/3356 3352/1458/3351 3341/1446/3340
f 3344/1449/3345 3345/1450/3344 3358/1464/3357
f 3358/1464/3357 3356/1463/3355 3344/1449/3345
f 3345/1450/3344 3348/1452/3348 3355/1461/3354
f 3355/1461/3354 3358/1464/3357 3345/1450/3344
f 2640/1456/2639 3350/1453/3349 3353/1457/3352
f 3353/1457/3352 2649/1465/2648 2640/1456/2639
f 2626/1442/2625 3338/1439/3337 3359/1467/3358
f 3359/1467/3358 2651/1466/2649 2626/1442/2625
f 3361/1468/3359 3360/1469/3360 3343/1444/3342
f 3343/1444/3342 3340/1445/3341 3361/1468/3359
f 3363/1470/3361 3362/1471/3362 3346/1447/3343
f 3346/1447/3343 3347/1448/3346 3363/1470/3361
f 3362/1471/3362 3364/1472/3363 3349/1451/3347
f 3349/1451/3347 3346/1447/3343 3362/1471/3362
f 2657/1473/2656 3365/1474/3364 3351/1454/3350
f 3351/1454/3350 2637/1455/2638 2657/1473/2656
f 3365/1474/3364 3361/1468/3359 3340/1445/3341
f 3340/1445/3341 3351/1454/3350 3365/1474/3364
f 3360/1469/3360 3363/1470/3361 3347/1448/3346
f 3347/1448/3346 3343/1444/3342 3360/1469/3360
f 3364/1472/3363 3359/1467/3358 3338/1439/3337
f 3338/1439/3337 3349/1451/3347 3364/1472/3363
f 3368/1475/3365 3367/1478/3366 3366/1477/3367
f 3366/1477/3367 3369/1476/3368 3368/1475/3365
f 3372/1479/3369 3371/1482/3370 3370/1481/3371
f 3370/1481/3371 3373/1480/3372 3372/1479/3369
f 3374/1483/3373 2670/1486/2669 2667/1485/2668
f 2667/1485/2668 3375/1484/3374 3374/1483/3373
f 3370/1481/3371 3371/1482/3370 3374/1483/3373
f 3374/1483/3373 3375/1484/3374 3370/1481/3371
f 3367/1478/3366 3368/1475/3365 3372/1479/3369
f 3372/1479/3369 3373/1480/3372 3367/1478/3366
f 3378/1487/3375 3377/1490/3376 3376/1489/3377
f 3376/1489/3377 3379/1488/3378 3378/1487/3375
f 3376/1489/3377 2676/1492/2675 2675/1491/2674
f 2675/1491/2674 3379/1488/3378 3376/1489/3377
f 3377/1490/3376 3378/1487/3375 3369/1476/3368
f 3369/1476/3368 3366/1477/3367 3377/1490/3376
f 3369/1476/3368 3378/1487/3375 3380/1494/3379
f 3380/1494/3379 3381/1493/3380 3369/1476/3368
f 3374/1483/3373 3371/1482/3370 3382/1496/3381
f 3382/1496/3381 3383/1495/3382 3374/1483/3373
f 3372/1479/3369 3368/1475/3365 3384/1498/3383
f 3384/1498/3383 3385/1497/3384 3372/1479/3369
f 2670/1486/2669 3374/1483/3373 3383/1495/3382
f 3383/1495/3382 2683/1499/2682 2670/1486/2669
f 3371/1482/3370 3372/1479/3369 3385/1497/3384
f 3385/1497/3384 3382/1496/3381 3371/1482/3370
f 3368/1475/3365 3369/1476/3368 3381/1493/3380
f 3381/1493/3380 3384/1498/3383 3368/1475/3365
f 3378/1487/3375 3379/1488/3378 3386/1500/3385
f 3386/1500/3385 3380/1494/3379 3378/1487/3375
f 3379/1488/3378 2675/1491/2674 2685/1501/2684
f 2685/1501/2684 3386/1500/3385 3379/1488/3378
f 3388/1502/3386 3387/1503/3387 3366/1477/3367
f 3366/1477/3367 3367/1478/3366 3388/1502/3386
f 3373/1480/3372 3370/1481/3371 3389/1504/3388
f 2689/1505/2688 3390/1506/3389 3375/1484/3374
f 3375/1484/3374 2667/1485/2668 2689/1505/2688
f 3390/1506/3389 3391/1507/3390 3370/1481/3371
f 3370/1481/3371 3375/1484/3374 3390/1506/3389
f 3392/1508/3391 3388/1502/3386 3367/1478/3366
f 3367/1478/3366 3373/1480/3372 3392/1508/3391
f 3376/1489/3377 3377/1490/3376 3393/1509/3392
f 2676/1492/2675 3376/1489/3377 3394/1510/3393
f 3377/1490/3376 3366/1477/3367 3395/1511/3394
f 2676/1492/2675 3394/1510/3393 2696/1512/2695
f 3394/1510/3393 3376/1489/3377 3396/1513/3395
f 3376/1489/3377 3393/1509/3392 3396/1513/3395
f 3393/1509/3392 3377/1490/3376 3397/1514/3396
f 3377/1490/3376 3395/1511/3394 3397/1514/3396
f 3395/1511/3394 3366/1477/3367 3387/1503/3387
f 3373/1480/3372 3389/1504/3388 3392/1508/3391
f 3389/1504/3388 3370/1481/3371 3391/1507/3390
f 3400/1515/3397 3399/1518/3398 3398/1517/3399
f 3398/1517/3399 3401/1516/3400 3400/1515/3397
f 3404/1519/3401 3403/1522/3402 3402/1521/3403
f 3402/1521/3403 3405/1520/3404 3404/1519/3401
f 3406/1523/3405 3405/1520/3404 3402/1521/3403
f 3402/1521/3403 3407/1524/3406 3406/1523/3405
f 3410/1525/3407 3409/1528/3408 3408/1527/3409
f 3408/1527/3409 3411/1526/3410 3410/1525/3407
f 3414/1529/3411 3413/1532/3412 3412/1531/3413
f 3412/1531/3413 3415/1530/3414 3414/1529/3411
f 3410/1525/3407 3411/1526/3410 3416/1533/3415
f 3416/1533/3415 3399/1518/3398 3410/1525/3407
f 3408/1527/3409 3417/1535/3416 3403/1522/3402
f 3403/1522/3402 3418/1534/3417 3408/1527/3409
f 3402/1521/3403 3420/1537/3418 3419/1536/3419
f 3419/1536/3419 3407/1524/3406 3402/1521/3403
f 3423/1538/3420 3422/1541/3421 3421/1540/3422
f 3421/1540/3422 3424/1539/3423 3423/1538/3420
f 3427/1542/3424 3426/1545/3425 3425/1544/3426
f 3425/1544/3426 3428/1543/3427 3427/1542/3424
f 3431/1546/3428 3430/1549/3429 3429/1548/3430
f 3429/1548/3430 3432/1547/3431 3431/1546/3428
f 3435/1550/3432 3434/1552/3433 3433/1551/3434
f 3437/1553/3435 3436/1554/3436 3435/1550/3432
f 3437/1553/3435 3435/1550/3432 3433/1551/3434
f 3435/1550/3432 3439/1556/3437 3438/1555/3438
f 3442/1557/3439 3441/1560/3440 3440/1559/3441
f 3440/1559/3441 3443/1558/3442 3442/1557/3439
f 3403/1522/3402 3404/1519/3401 3444/1561/3443
f 3444/1561/3443 3418/1534/3417 3403/1522/3402
f 3444/1561/3443 3404/1519/3401 3445/1563/3444
f 3445/1563/3444 3446/1562/3445 3444/1561/3443
f 3449/1564/3446 3448/1567/3447 3447/1566/3448
f 3447/1566/3448 3450/1565/3449 3449/1564/3446
f 3452/1568/3450 3451/1569/3451 3424/1539/3423
f 3424/1539/3423 3421/1540/3422 3452/1568/3450
f 3435/1550/3432 3438/1555/3438 3453/1570/3452
f 3456/1571/3453 3455/1573/3454 3454/1572/3455
f 3454/1572/3455 3422/1541/3421 3456/1571/3453
f 3458/1574/3456 3457/1575/3457 3426/1545/3425
f 3426/1545/3425 3427/1542/3424 3458/1574/3456
f 3459/1576/3458 3452/1568/3450 3421/1540/3422
f 3421/1540/3422 3460/1577/3459 3459/1576/3458
f 3455/1573/3454 3456/1571/3453 3461/1578/3460
f 3461/1578/3460 3428/1543/3427 3455/1573/3454
f 3464/1579/3461 3463/1581/3462 3462/1580/3463
f 3462/1580/3463 3429/1548/3430 3464/1579/3461
f 3467/1582/3464 3466/1585/3465 3465/1584/3466
f 3465/1584/3466 3468/1583/3467 3467/1582/3464
f 3471/1586/3468 3470/1589/3469 3469/1588/3470
f 3469/1588/3470 3472/1587/3471 3471/1586/3468
f 3475/1590/3472 3474/1592/3473 3473/1591/3474
f 3473/1591/3474 3471/1586/3468 3475/1590/3472
f 3478/1593/3475 3477/1595/3476 3476/1594/3477
f 3476/1594/3477 3475/1590/3472 3478/1593/3475
f 3481/1596/3478 3480/1598/3479 3479/1597/3480
f 3479/1597/3480 3477/1595/3476 3481/1596/3478
f 3484/1599/3481 3483/1602/3482 3482/1601/3483
f 3482/1601/3483 3485/1600/3484 3484/1599/3481
f 3488/1603/3485 3487/1606/3486 3486/1605/3487
f 3486/1605/3487 3489/1604/3488 3488/1603/3485
f 3490/1607/3489 3468/1583/3467 3465/1584/3466
f 3465/1584/3466 3491/1608/3490 3490/1607/3489
f 3494/1609/3491 3493/1612/3492 3492/1611/3493
f 3492/1611/3493 3495/1610/3494 3494/1609/3491
f 3497/1613/3495 3496/1615/3496 3492/1611/3493
f 3492/1611/3493 3498/1614/3497 3497/1613/3495
f 3501/1616/3498 3500/1619/3499 3499/1618/3500
f 3499/1618/3500 3502/1617/3501 3501/1616/3498
f 3456/1571/3453 3504/1621/3502 3503/1620/3503
f 3503/1620/3503 3461/1578/3460 3456/1571/3453
f 3507/1622/3504 3506/1624/3505 3505/1623/3506
f 3488/1603/3485 3508/1625/3507 3497/1613/3495
f 3497/1613/3495 3498/1614/3497 3488/1603/3485
f 3510/1626/3508 3509/1628/3509 3487/1606/3486
f 3487/1606/3486 3511/1627/3510 3510/1626/3508
f 3435/1550/3432 3512/1629/3511 3439/1556/3437
f 3504/1621/3502 3456/1571/3453 3422/1541/3421
f 3422/1541/3421 3423/1538/3420 3504/1621/3502
f 3514/1630/3512 3513/1631/3513 3449/1564/3446
f 3449/1564/3446 3450/1565/3449 3514/1630/3512
f 3515/1632/3514 3458/1574/3456 3427/1542/3424
f 3427/1542/3424 3461/1578/3460 3515/1632/3514
f 3516/1633/3515 3502/1617/3501 3499/1618/3500
f 3499/1618/3500 3517/1634/3516 3516/1633/3515
f 3519/1635/3517 3518/1636/3518 3458/1574/3456
f 3458/1574/3456 3515/1632/3514 3519/1635/3517
f 3520/1637/3519 3457/1575/3457 3458/1574/3456
f 3458/1574/3456 3518/1636/3518 3520/1637/3519
f 3522/1638/3520 3510/1626/3508 3521/1640/3521
f 3521/1640/3521 3523/1639/3522 3522/1638/3520
f 3498/1614/3497 3492/1611/3493 3493/1612/3492
f 3493/1612/3492 3511/1627/3510 3498/1614/3497
f 3522/1638/3520 3523/1639/3522 3524/1642/3523
f 3524/1642/3523 3525/1641/3524 3522/1638/3520
f 3526/1643/3525 3495/1610/3494 3492/1611/3493
f 3492/1611/3493 3496/1615/3496 3526/1643/3525
f 3463/1581/3462 3528/1645/3526 3527/1644/3527
f 3527/1644/3527 3467/1582/3464 3463/1581/3462
f 3529/1646/3528 3482/1601/3483 3483/1602/3482
f 3483/1602/3482 3530/1647/3529 3529/1646/3528
f 3531/1648/3530 3466/1585/3465 3467/1582/3464
f 3467/1582/3464 3527/1644/3527 3531/1648/3530
f 3533/1649/3531 3532/1651/3532 3489/1604/3488
f 3489/1604/3488 3534/1650/3533 3533/1649/3531
f 3533/1649/3531 3535/1652/3534 3532/1651/3532
f 3486/1605/3487 3537/1655/3535 3536/1654/3536
f 3536/1654/3536 3538/1653/3537 3486/1605/3487
f 3537/1655/3535 3465/1584/3466 3466/1585/3465
f 3466/1585/3465 3536/1654/3536 3537/1655/3535
f 3531/1648/3530 3536/1654/3536 3466/1585/3465
f 3540/1656/3538 3539/1657/3539 3529/1646/3528
f 3529/1646/3528 3530/1647/3529 3540/1656/3538
f 3536/1654/3536 3531/1648/3530 3541/1658/3540
f 3541/1658/3540 3538/1653/3537 3536/1654/3536
f 3413/1532/3412 3414/1529/3411 3542/1660/3541
f 3542/1660/3541 3543/1659/3542 3413/1532/3412
f 3414/1529/3411 3545/1662/3543 3544/1661/3544
f 3544/1661/3544 3542/1660/3541 3414/1529/3411
f 3548/1663/3545 3547/1666/3546 3546/1665/3547
f 3546/1665/3547 3549/1664/3548 3548/1663/3545
f 3399/1518/3398 3416/1533/3415 3398/1517/3399
f 3550/1667/3549 3410/1525/3407 3399/1518/3398
f 3399/1518/3398 3400/1515/3397 3550/1667/3549
f 3551/1668/3550 3542/1660/3541 3544/1661/3544
f 3404/1519/3401 3405/1520/3404 3552/1669/3551
f 3552/1669/3551 3445/1563/3444 3404/1519/3401
f 3405/1520/3404 3406/1523/3405 3553/1670/3552
f 3553/1670/3552 3552/1669/3551 3405/1520/3404
f 3556/1671/3553 3555/1674/3554 3554/1673/3555
f 3554/1673/3555 3557/1672/3556 3556/1671/3553
f 3553/1670/3552 3406/1523/3405 3543/1659/3542
f 3543/1659/3542 3558/1675/3557 3553/1670/3552
f 3551/1668/3550 3558/1675/3557 3543/1659/3542
f 3543/1659/3542 3542/1660/3541 3551/1668/3550
f 3561/1676/3558 3560/1679/3559 3559/1678/3560
f 3559/1678/3560 3562/1677/3561 3561/1676/3558
f 3562/1677/3561 3564/1681/3562 3563/1680/3563
f 3563/1680/3563 3561/1676/3558 3562/1677/3561
f 3564/1681/3562 3566/1683/3564 3565/1682/3565
f 3565/1682/3565 3563/1680/3563 3564/1681/3562
f 3569/1684/3566 3568/1686/3567 3567/1685/3568
f 3571/1687/3569 3570/1688/3570 3444/1561/3443
f 3444/1561/3443 3446/1562/3445 3571/1687/3569
f 3571/1687/3569 3572/1689/3571 3570/1688/3570
f 3575/1690/3572 3574/1693/3573 3573/1692/3574
f 3573/1692/3574 3576/1691/3575 3575/1690/3572
f 3398/1517/3399 3572/1689/3571 3577/1694/3576
f 3577/1694/3576 3401/1516/3400 3398/1517/3399
f 3415/1530/3414 3578/1695/3577 3545/1662/3543
f 3545/1662/3543 3414/1529/3411 3415/1530/3414
f 3579/1696/3578 3560/1679/3559 3561/1676/3558
f 3561/1676/3558 3580/1697/3579 3579/1696/3578
f 3580/1697/3579 3561/1676/3558 3563/1680/3563
f 3563/1680/3563 3547/1666/3546 3580/1697/3579
f 3563/1680/3563 3565/1682/3565 3546/1665/3547
f 3546/1665/3547 3547/1666/3546 3563/1680/3563
f 3581/1698/3580 3574/1693/3573 3575/1690/3572
f 3575/1690/3572 3582/1699/3581 3581/1698/3580
f 3401/1516/3400 3584/1701/3582 3583/1700/3583
f 3583/1700/3583 3400/1515/3397 3401/1516/3400
f 3400/1515/3397 3583/1700/3583 3550/1667/3549
f 3585/1702/3584 3584/1701/3582 3401/1516/3400
f 3401/1516/3400 3577/1694/3576 3585/1702/3584
f 3576/1691/3575 3573/1692/3574 3569/1684/3566
f 3569/1684/3566 3567/1685/3568 3576/1691/3575
f 3478/1593/3475 3586/1703/3585 3481/1596/3478
f 3481/1596/3478 3477/1595/3476 3478/1593/3475
f 3418/1534/3417 3444/1561/3443 3570/1688/3570
f 3570/1688/3570 3416/1533/3415 3418/1534/3417
f 3418/1534/3417 3416/1533/3415 3411/1526/3410
f 3411/1526/3410 3408/1527/3409 3418/1534/3417
f 3588/1704/3586 3520/1637/3519 3587/1705/3587
f 3589/1706/3588 3533/1649/3531 3534/1650/3533
f 3555/1674/3554 3556/1671/3553 3590/1708/3589
f 3590/1708/3589 3591/1707/3590 3555/1674/3554
f 3592/1709/3591 3576/1691/3575 3567/1685/3568
f 3567/1685/3568 3593/1710/3592 3592/1709/3591
f 3594/1711/3593 3575/1690/3572 3576/1691/3575
f 3576/1691/3575 3592/1709/3591 3594/1711/3593
f 3597/1712/3594 3596/1715/3595 3595/1714/3596
f 3595/1714/3596 3598/1713/3597 3597/1712/3594
f 3599/1716/3598 3582/1699/3581 3575/1690/3572
f 3575/1690/3572 3594/1711/3593 3599/1716/3598
f 3598/1713/3597 3601/1719/3599 3600/1718/3600
f 3600/1718/3600 3602/1717/3601 3598/1713/3597
f 3603/1720/3602 3601/1719/3599 3598/1713/3597
f 3598/1713/3597 3595/1714/3596 3603/1720/3602
f 3605/1721/3603 3604/1723/3604 3588/1704/3586
f 3588/1704/3586 3606/1722/3605 3605/1721/3603
f 3604/1723/3604 3605/1721/3603 3440/1559/3441
f 3440/1559/3441 3607/1724/3606 3604/1723/3604
f 3441/1560/3440 3608/1725/3607 3607/1724/3606
f 3607/1724/3606 3440/1559/3441 3441/1560/3440
f 3609/1726/3608 3512/1629/3511 3435/1550/3432
f 3604/1723/3604 3457/1575/3457 3520/1637/3519
f 3520/1637/3519 3588/1704/3586 3604/1723/3604
f 3608/1725/3607 3425/1544/3426 3426/1545/3425
f 3426/1545/3425 3607/1724/3606 3608/1725/3607
f 3436/1554/3436 3609/1726/3608 3435/1550/3432
f 3457/1575/3457 3604/1723/3604 3607/1724/3606
f 3607/1724/3606 3426/1545/3425 3457/1575/3457
f 3602/1717/3601 3611/1729/3609 3610/1728/3610
f 3610/1728/3610 3612/1727/3611 3602/1717/3601
f 3613/1730/3612 3610/1728/3610 3611/1729/3609
f 3611/1729/3609 3432/1547/3431 3613/1730/3612
f 3467/1582/3464 3468/1583/3467 3462/1580/3463
f 3462/1580/3463 3463/1581/3462 3467/1582/3464
f 3616/1731/3613 3615/1734/3614 3614/1733/3615
f 3614/1733/3615 3617/1732/3616 3616/1731/3613
f 3434/1552/3433 3435/1550/3432 3453/1570/3452
f 3460/1577/3459 3421/1540/3422 3422/1541/3421
f 3422/1541/3421 3454/1572/3455 3460/1577/3459
f 3500/1619/3499 3501/1616/3498 3618/1736/3617
f 3618/1736/3617 3619/1735/3618 3500/1619/3499
f 3501/1616/3498 3449/1564/3446 3513/1631/3513
f 3513/1631/3513 3618/1736/3617 3501/1616/3498
f 2921/1737/2920 2922/1738/2921 3560/1679/3559
f 3560/1679/3559 3579/1696/3578 2921/1737/2920
f 2923/1739/2922 2924/1740/2923 3494/1609/3491
f 3494/1609/3491 3495/1610/3494 2923/1739/2922
f 2927/1741/2924 3621/1744/3619 3620/1743/3620
f 3620/1743/3620 2926/1742/2925 2927/1741/2924
f 3587/1705/3587 2931/1747/2930 2929/1746/2929
f 2929/1746/2929 3622/1745/3621 3587/1705/3587
f 3494/1609/3491 2924/1740/2923 2932/1748/2931
f 2932/1748/2931 3521/1640/3521 3494/1609/3491
f 3521/1640/3521 2932/1748/2931 2933/1749/2932
f 2933/1749/2932 3523/1639/3522 3521/1640/3521
f 2934/1750/2933 2935/1751/2934 3520/1637/3519
f 3520/1637/3519 3518/1636/3518 2934/1750/2933
f 3523/1639/3522 2933/1749/2932 2936/1752/2935
f 2936/1752/2935 3524/1642/3523 3523/1639/3522
f 2937/1753/3622 3535/1652/3534 3533/1649/3531
f 3533/1649/3531 3589/1706/3588 2937/1753/3622
f 3560/1679/3559 2922/1738/2921 2938/1755/2938
f 2938/1755/2938 3623/1754/3623 3560/1679/3559
f 2940/1756/2939 3624/1757/3624 3621/1744/3619
f 3621/1744/3619 2927/1741/2924 2940/1756/2939
f 3623/1754/3623 2938/1755/2938 2942/1758/2941
f 2942/1758/2941 3556/1671/3553 3623/1754/3623
f 3556/1671/3553 2942/1758/2941 2943/1759/2942
f 2943/1759/2942 3590/1708/3589 3556/1671/3553
f 3603/1720/3602 2945/1761/2944 2944/1760/2943
f 2944/1760/2943 3601/1719/3599 3603/1720/3602
f 2946/1762/2945 2934/1750/2933 3518/1636/3518
f 3518/1636/3518 3519/1635/3517 2946/1762/2945
f 3500/1619/3499 3424/1539/3423 3451/1569/3451
f 3451/1569/3451 3499/1618/3500 3500/1619/3499
f 3451/1569/3451 3625/1763/3625 3517/1634/3516
f 3517/1634/3516 3499/1618/3500 3451/1569/3451
f 3606/1722/3605 3588/1704/3586 3587/1705/3587
f 3587/1705/3587 3626/1764/3626 3606/1722/3605
f 3619/1735/3618 3423/1538/3420 3424/1539/3423
f 3424/1539/3423 3500/1619/3499 3619/1735/3618
f 3524/1642/3523 2936/1752/2935 2946/1762/2945
f 2946/1762/2945 3519/1635/3517 3524/1642/3523
f 3587/1705/3587 3520/1637/3519 2935/1751/2934
f 2935/1751/2934 2931/1747/2930 3587/1705/3587
f 3474/1592/3473 3628/1766/3627 3627/1765/3628
f 3627/1765/3628 3473/1591/3474 3474/1592/3473
f 2953/1767/2950 2954/1770/2953 3629/1769/3629
f 3629/1769/3629 3630/1768/3630 2953/1767/2950
f 3464/1579/3461 3429/1548/3430 3430/1549/3429
f 3430/1549/3429 3479/1597/3480 3464/1579/3461
f 3432/1547/3431 3611/1729/3609 3631/1771/3631
f 3631/1771/3631 3431/1546/3428 3432/1547/3431
f 3464/1579/3461 3479/1597/3480 3480/1598/3479
f 3631/1771/3631 3600/1718/3600 2956/1773/2956
f 2956/1773/2956 2957/1772/2955 3631/1771/3631
f 3477/1595/3476 3479/1597/3480 3430/1549/3429
f 3430/1549/3429 3476/1594/3477 3477/1595/3476
f 3634/1774/3632 3633/1776/3633 3632/1775/3634
f 3635/1777/3635 3431/1546/3428 3631/1771/3631
f 3631/1771/3631 3636/1778/3636 3635/1777/3635
f 3633/1776/3633 3638/1781/3637 3637/1780/3638
f 3637/1780/3638 3639/1779/3639 3633/1776/3633
f 3636/1778/3636 2957/1772/2955 2966/1782/2965
f 2966/1782/2965 3628/1766/3627 3636/1778/3636
f 3474/1592/3473 3635/1777/3635 3636/1778/3636
f 3636/1778/3636 3628/1766/3627 3474/1592/3473
f 3475/1590/3472 3471/1586/3468 3472/1587/3471
f 3472/1587/3471 3478/1593/3475 3475/1590/3472
f 3641/1783/3640 3640/1785/3641 3586/1703/3585
f 3586/1703/3585 3642/1784/3642 3641/1783/3640
f 3478/1593/3475 3472/1587/3471 3642/1784/3642
f 3642/1784/3642 3586/1703/3585 3478/1593/3475
f 3627/1765/3628 3628/1766/3627 3643/1786/3643
f 3643/1786/3643 3630/1768/3630 3627/1765/3628
f 3488/1603/3485 3489/1604/3488 3532/1651/3532
f 3532/1651/3532 3508/1625/3507 3488/1603/3485
f 3644/1787/3644 3470/1589/3469 3471/1586/3468
f 3471/1586/3468 3473/1591/3474 3644/1787/3644
f 3509/1628/3509 3537/1655/3535 3486/1605/3487
f 3486/1605/3487 3487/1606/3486 3509/1628/3509
f 3462/1580/3463 3468/1583/3467 3490/1607/3489
f 3490/1607/3489 3613/1730/3612 3462/1580/3463
f 3535/1652/3534 3645/1788/3645 3508/1625/3507
f 3508/1625/3507 3532/1651/3532 3535/1652/3534
f 3465/1584/3466 3537/1655/3535 3509/1628/3509
f 3509/1628/3509 3491/1608/3490 3465/1584/3466
f 3432/1547/3431 3429/1548/3430 3462/1580/3463
f 3462/1580/3463 3613/1730/3612 3432/1547/3431
f 2954/1770/2953 2974/1790/2973 3646/1789/3646
f 3646/1789/3646 3629/1769/3629 2954/1770/2953
f 3476/1594/3477 3430/1549/3429 3431/1546/3428
f 3431/1546/3428 3635/1777/3635 3476/1594/3477
f 3475/1590/3472 3476/1594/3477 3635/1777/3635
f 3635/1777/3635 3474/1592/3473 3475/1590/3472
f 3473/1591/3474 3627/1765/3628 3630/1768/3630
f 3630/1768/3630 3629/1769/3629 3473/1591/3474
f 3644/1787/3644 3473/1591/3474 3629/1769/3629
f 3629/1769/3629 3646/1789/3646 3644/1787/3644
f 3488/1603/3485 3498/1614/3497 3511/1627/3510
f 3511/1627/3510 3487/1606/3486 3488/1603/3485
f 2975/1791/2974 2923/1739/2922 3495/1610/3494
f 3495/1610/3494 3526/1643/3525 2975/1791/2974
f 3534/1650/3533 3489/1604/3488 3486/1605/3487
f 3486/1605/3487 3538/1653/3537 3534/1650/3533
f 3642/1784/3642 3647/1792/3647 3641/1783/3640
f 3647/1792/3647 3642/1784/3642 3472/1587/3471
f 3472/1587/3471 3469/1588/3470 3647/1792/3647
f 3541/1658/3540 3589/1706/3588 3534/1650/3533
f 3534/1650/3533 3538/1653/3537 3541/1658/3540
f 3470/1589/3469 3644/1787/3644 3646/1789/3646
f 3646/1789/3646 3620/1743/3620 3470/1589/3469
f 3622/1745/3621 3648/1793/3648 3626/1764/3626
f 3626/1764/3626 3587/1705/3587 3622/1745/3621
f 3602/1717/3601 3649/1794/3649 3597/1712/3594
f 3597/1712/3594 3598/1713/3597 3602/1717/3601
f 3601/1719/3599 2944/1760/2943 2956/1773/2956
f 2956/1773/2956 3600/1718/3600 3601/1719/3599
f 3614/1733/3615 3596/1715/3595 3597/1712/3594
f 3597/1712/3594 3617/1732/3616 3614/1733/3615
f 3514/1630/3512 3450/1565/3449 3612/1727/3611
f 3612/1727/3611 3610/1728/3610 3514/1630/3512
f 3610/1728/3610 3613/1730/3612 3514/1630/3512
f 3509/1628/3509 3510/1626/3508 3522/1638/3520
f 3522/1638/3520 3491/1608/3490 3509/1628/3509
f 3491/1608/3490 3522/1638/3520 3525/1641/3524
f 3525/1641/3524 3490/1607/3489 3491/1608/3490
f 3490/1607/3489 3525/1641/3524 3650/1795/3650
f 3650/1795/3650 3513/1631/3513 3490/1607/3489
f 3648/1793/3648 3622/1745/3621 3579/1696/3578
f 3579/1696/3578 3580/1697/3579 3648/1793/3648
f 3622/1745/3621 2929/1746/2929 2921/1737/2920
f 2921/1737/2920 3579/1696/3578 3622/1745/3621
f 3459/1576/3458 3442/1557/3439 3443/1558/3442
f 3443/1558/3442 3452/1568/3450 3459/1576/3458
f 3625/1763/3625 3451/1569/3451 3452/1568/3450
f 3452/1568/3450 3443/1558/3442 3625/1763/3625
f 3651/1796/3651 3582/1699/3581 3599/1716/3598
f 3582/1699/3581 3546/1665/3547 3565/1682/3565
f 3565/1682/3565 3581/1698/3580 3582/1699/3581
f 3602/1717/3601 3600/1718/3600 3631/1771/3631
f 3631/1771/3631 3611/1729/3609 3602/1717/3601
f 3560/1679/3559 3623/1754/3623 3652/1797/3652
f 3652/1797/3652 3559/1678/3560 3560/1679/3559
f 3652/1797/3652 3623/1754/3623 3556/1671/3553
f 3556/1671/3553 3557/1672/3556 3652/1797/3652
f 3419/1536/3419 3653/1798/3653 3415/1530/3414
f 3415/1530/3414 3412/1531/3413 3419/1536/3419
f 3412/1531/3413 3413/1532/3412 3407/1524/3406
f 3407/1524/3406 3419/1536/3419 3412/1531/3413
f 3413/1532/3412 3543/1659/3542 3406/1523/3405
f 3406/1523/3405 3407/1524/3406 3413/1532/3412
f 3625/1763/3625 3605/1721/3603 3606/1722/3605
f 3606/1722/3605 3517/1634/3516 3625/1763/3625
f 3516/1633/3515 3626/1764/3626 3648/1793/3648
f 3605/1721/3603 3625/1763/3625 3443/1558/3442
f 3443/1558/3442 3440/1559/3441 3605/1721/3603
f 3580/1697/3579 3547/1666/3546 3516/1633/3515
f 3516/1633/3515 3648/1793/3648 3580/1697/3579
f 3510/1626/3508 3511/1627/3510 3493/1612/3492
f 3505/1623/3506 3655/1800/3654 3654/1799/3655
f 2975/1791/2974 3526/1643/3525 3656/1802/3656
f 3656/1802/3656 2986/1801/2984 2975/1791/2974
f 3657/1803/3657 3448/1567/3447 3502/1617/3501
f 3502/1617/3501 3548/1663/3545 3657/1803/3657
f 3547/1666/3546 3548/1663/3545 3502/1617/3501
f 3502/1617/3501 3516/1633/3515 3547/1666/3546
f 3549/1664/3548 3546/1665/3547 3582/1699/3581
f 3582/1699/3581 3651/1796/3651 3549/1664/3548
f 3657/1803/3657 3616/1731/3613 3617/1732/3616
f 3617/1732/3616 3658/1804/3658 3657/1803/3657
f 3615/1734/3614 3616/1731/3613 3549/1664/3548
f 3549/1664/3548 3651/1796/3651 3615/1734/3614
f 2989/1805/2988 2986/1801/2984 3656/1802/3656
f 3656/1802/3656 3497/1613/3495 2989/1805/2988
f 3506/1624/3505 3655/1800/3654 3505/1623/3506
f 2989/1805/2988 3497/1613/3495 3508/1625/3507
f 3508/1625/3507 3645/1788/3645 2989/1805/2988
f 3632/1775/3634 3484/1599/3481 3485/1600/3484
f 3485/1600/3484 3634/1774/3632 3632/1775/3634
f 3528/1645/3526 3463/1581/3462 3464/1579/3461
f 3464/1579/3461 3480/1598/3479 3528/1645/3526
f 3639/1779/3639 3659/1806/3659 3632/1775/3634
f 3632/1775/3634 3633/1776/3633 3639/1779/3639
f 3504/1621/3502 3650/1795/3650 3660/1807/3660
f 3660/1807/3660 3503/1620/3503 3504/1621/3502
f 3503/1620/3503 3660/1807/3660 3515/1632/3514
f 3515/1632/3514 3461/1578/3460 3503/1620/3503
f 3524/1642/3523 3519/1635/3517 3515/1632/3514
f 3515/1632/3514 3660/1807/3660 3524/1642/3523
f 3660/1807/3660 3650/1795/3650 3525/1641/3524
f 3525/1641/3524 3524/1642/3523 3660/1807/3660
f 3490/1607/3489 3513/1631/3513 3514/1630/3512
f 3514/1630/3512 3613/1730/3612 3490/1607/3489
f 3423/1538/3420 3619/1735/3618 3650/1795/3650
f 3650/1795/3650 3504/1621/3502 3423/1538/3420
f 3513/1631/3513 3650/1795/3650 3619/1735/3618
f 3619/1735/3618 3618/1736/3617 3513/1631/3513
f 3643/1786/3643 3628/1766/3627 2966/1782/2965
f 2966/1782/2965 2992/1808/2991 3643/1786/3643
f 3630/1768/3630 3643/1786/3643 2992/1808/2991
f 2992/1808/2991 2953/1767/2950 3630/1768/3630
f 3620/1743/3620 3646/1789/3646 2974/1790/2973
f 2974/1790/2973 2926/1742/2925 3620/1743/3620
f 3641/1783/3640 3647/1792/3647 3624/1757/3624
f 3469/1588/3470 3621/1744/3619 3624/1757/3624
f 3624/1757/3624 3647/1792/3647 3469/1588/3470
f 3620/1743/3620 3621/1744/3619 3469/1588/3470
f 3469/1588/3470 3470/1589/3469 3620/1743/3620
f 3636/1778/3636 3631/1771/3631 2957/1772/2955
f 2993/1809/2992 2994/1810/2993 3640/1785/3641
f 3640/1785/3641 3641/1783/3640 2993/1809/2992
f 3641/1783/3640 3624/1757/3624 2940/1756/2939
f 2940/1756/2939 2993/1809/2992 3641/1783/3640
f 3632/1775/3634 3659/1806/3659 3661/1811/3661
f 3661/1811/3661 3484/1599/3481 3632/1775/3634
f 3662/1812/3662 3661/1811/3661 3659/1806/3659
f 3484/1599/3481 3661/1811/3661 3663/1813/3663
f 3663/1813/3663 3483/1602/3482 3484/1599/3481
f 3661/1811/3661 3662/1812/3662 3664/1814/3664
f 3664/1814/3664 3663/1813/3663 3661/1811/3661
f 3428/1543/3427 3461/1578/3460 3427/1542/3424
f 3517/1634/3516 3606/1722/3605 3626/1764/3626
f 3626/1764/3626 3516/1633/3515 3517/1634/3516
f 3398/1517/3399 3416/1533/3415 3570/1688/3570
f 3570/1688/3570 3572/1689/3571 3398/1517/3399
f 3447/1566/3448 3448/1567/3447 3657/1803/3657
f 3657/1803/3657 3658/1804/3658 3447/1566/3448
f 3658/1804/3658 3649/1794/3649 3447/1566/3448
f 3447/1566/3448 3649/1794/3649 3612/1727/3611
f 3612/1727/3611 3450/1565/3449 3447/1566/3448
f 3649/1794/3649 3602/1717/3601 3612/1727/3611
f 3549/1664/3548 3616/1731/3613 3657/1803/3657
f 3658/1804/3658 3617/1732/3616 3597/1712/3594
f 3597/1712/3594 3649/1794/3649 3658/1804/3658
f 3549/1664/3548 3657/1803/3657 3548/1663/3545
f 3667/1815/3665 3666/1817/3666 3665/1816/3667
f 3668/1818/3668 3005/1821/3004 3002/1820/3003
f 3002/1820/3003 3669/1819/3669 3668/1818/3668
f 3672/1822/3670 3671/1825/3671 3670/1824/3672
f 3670/1824/3672 3673/1823/3673 3672/1822/3670
f 3665/1816/3667 3675/1827/3674 3674/1826/3675
f 3674/1826/3675 3667/1815/3665 3665/1816/3667
f 3014/1828/3011 3677/1831/3676 3676/1830/3677
f 3676/1830/3677 3013/1829/3012 3014/1828/3011
f 3678/1832/3678 3674/1826/3675 3669/1819/3669
f 3669/1819/3669 3679/1833/3679 3678/1832/3678
f 3682/1834/3680 3681/1836/3681 3680/1835/3682
f 3680/1835/3682 3677/1831/3676 3682/1834/3680
f 3681/1836/3681 3672/1822/3670 3673/1823/3673
f 3673/1823/3673 3680/1835/3682 3681/1836/3681
f 3671/1825/3671 3665/1816/3667 3666/1817/3666
f 3666/1817/3666 3670/1824/3672 3671/1825/3671
f 3666/1817/3666 3667/1815/3665 3683/1838/3683
f 3683/1838/3683 3684/1837/3684 3666/1817/3666
f 3023/1839/3022 3679/1833/3679 3669/1819/3669
f 3669/1819/3669 3002/1820/3003 3023/1839/3022
f 3686/1840/3685 3685/1841/3686 3673/1823/3673
f 3673/1823/3673 3670/1824/3672 3686/1840/3685
f 3683/1838/3683 3667/1815/3665 3674/1826/3675
f 3674/1826/3675 3678/1832/3678 3683/1838/3683
f 3677/1831/3676 3014/1828/3011 3026/1842/3025
f 3026/1842/3025 3682/1834/3680 3677/1831/3676
f 3669/1819/3669 3674/1826/3675 3675/1827/3674
f 3675/1827/3674 3668/1818/3668 3669/1819/3669
f 3687/1843/3687 3676/1830/3677 3677/1831/3676
f 3677/1831/3676 3680/1835/3682 3687/1843/3687
f 3685/1841/3686 3687/1843/3687 3680/1835/3682
f 3680/1835/3682 3673/1823/3673 3685/1841/3686
f 3670/1824/3672 3688/1844/3688 3686/1840/3685
f 3013/1829/3012 3676/1830/3677 3689/1846/3689
f 3689/1846/3689 3030/1845/3028 3013/1829/3012
f 3678/1832/3678 3679/1833/3679 3690/1848/3690
f 3690/1848/3690 3691/1847/3691 3678/1832/3678
f 3684/1837/3684 3683/1838/3683 3692/1850/3692
f 3692/1850/3692 3693/1849/3693 3684/1837/3684
f 3679/1833/3679 3023/1839/3022 3035/1851/3034
f 3035/1851/3034 3690/1848/3690 3679/1833/3679
f 3685/1841/3686 3686/1840/3685 3694/1853/3694
f 3694/1853/3694 3695/1852/3695 3685/1841/3686
f 3683/1838/3683 3678/1832/3678 3691/1847/3691
f 3691/1847/3691 3692/1850/3692 3683/1838/3683
f 3676/1830/3677 3687/1843/3687 3696/1854/3696
f 3696/1854/3696 3689/1846/3689 3676/1830/3677
f 3687/1843/3687 3685/1841/3686 3695/1852/3695
f 3695/1852/3695 3696/1854/3696 3687/1843/3687
f 3694/1853/3694 3686/1840/3685 3688/1844/3688
f 3688/1844/3688 3697/1855/3697 3694/1853/3694
f 3672/1822/3670 3681/1836/3681 3698/1857/3698
f 3698/1857/3698 3699/1856/3699 3672/1822/3670
f 3681/1836/3681 3682/1834/3680 3700/1858/3700
f 3700/1858/3700 3698/1857/3698 3681/1836/3681
f 3682/1834/3680 3026/1842/3025 3043/1859/3042
f 3043/1859/3042 3700/1858/3700 3682/1834/3680
f 3675/1827/3674 3665/1816/3667 3701/1861/3701
f 3701/1861/3701 3702/1860/3702 3675/1827/3674
f 3668/1818/3668 3675/1827/3674 3702/1860/3702
f 3702/1860/3702 3703/1862/3703 3668/1818/3668
f 3671/1825/3671 3672/1822/3670 3699/1856/3699
f 3699/1856/3699 3704/1863/3704 3671/1825/3671
f 3665/1816/3667 3671/1825/3671 3704/1863/3704
f 3704/1863/3704 3701/1861/3701 3665/1816/3667
f 3005/1821/3004 3668/1818/3668 3703/1862/3703
f 3703/1862/3703 3048/1864/3047 3005/1821/3004
f 3051/1865/3048 3052/1868/3051 3705/1867/3705
f 3705/1867/3705 3706/1866/3706 3051/1865/3048
f 3706/1866/3706 3707/1870/3707 3053/1869/3052
f 3053/1869/3052 3051/1865/3048 3706/1866/3706
f 3710/1871/3708 3709/1874/3709 3708/1873/3710
f 3708/1873/3710 3711/1872/3711 3710/1871/3708
f 3713/1875/3712 3712/1876/3713 3709/1874/3709
f 3709/1874/3709 3710/1871/3708 3713/1875/3712
f 3711/1872/3711 3708/1873/3710 3707/1870/3707
f 3707/1870/3707 3706/1866/3706 3711/1872/3711
f 3711/1872/3711 3715/1878/3714 3714/1877/3715
f 3714/1877/3715 3710/1871/3708 3711/1872/3711
f 3710/1871/3708 3714/1877/3715 3716/1879/3716
f 3716/1879/3716 3713/1875/3712 3710/1871/3708
f 3706/1866/3706 3705/1867/3705 3715/1878/3714
f 3715/1878/3714 3711/1872/3711 3706/1866/3706
f 3717/1880/3717 3065/1881/3064 3053/1869/3052
f 3053/1869/3052 3707/1870/3707 3717/1880/3717
f 3709/1874/3709 3712/1876/3713 3718/1883/3718
f 3718/1883/3718 3719/1882/3719 3709/1874/3709
f 3720/1884/3720 3717/1880/3717 3707/1870/3707
f 3707/1870/3707 3708/1873/3710 3720/1884/3720
f 3708/1873/3710 3709/1874/3709 3719/1882/3719
f 3719/1882/3719 3720/1884/3720 3708/1873/3710
f 3697/1855/3697 3688/1844/3688 3684/1837/3684
f 3684/1837/3684 3693/1849/3693 3697/1855/3697
f 3666/1817/3666 3684/1837/3684 3688/1844/3688
f 3688/1844/3688 3670/1824/3672 3666/1817/3666
f 3521/1640/3521 3510/1626/3508 3493/1612/3492
f 3493/1612/3492 3494/1609/3491 3521/1640/3521
f 3505/1623/3506 3654/1799/3655 3507/1622/3504
f 3501/1616/3498 3502/1617/3501 3448/1567/3447
f 3448/1567/3447 3449/1564/3446 3501/1616/3498
f 3071/1885/3068 3072/1888/3071 3721/1887/3721
f 3721/1887/3721 3722/1886/3722 3071/1885/3068
f 3723/1889/3723 3722/1886/3722 3721/1887/3721
f 3721/1887/3721 3724/1890/3724 3723/1889/3723
f 3725/1891/3725 3723/1889/3723 3724/1890/3724
f 3724/1890/3724 3726/1892/3726 3725/1891/3725
f 3071/1885/3068 3722/1886/3722 3727/1894/3727
f 3727/1894/3727 3078/1893/3076 3071/1885/3068
f 3722/1886/3722 3723/1889/3723 3728/1895/3728
f 3728/1895/3728 3727/1894/3727 3722/1886/3722
f 3723/1889/3723 3725/1891/3725 3729/1896/3729
f 3729/1896/3729 3728/1895/3728 3723/1889/3723
f 3725/1891/3725 3726/1892/3726 3730/1898/3730
f 3730/1898/3730 3731/1897/3731 3725/1891/3725
f 3731/1897/3731 3732/1899/3732 3729/1896/3729
f 3729/1896/3729 3725/1891/3725 3731/1897/3731
f 3323/1422/3324 3329/1430/3329 3326/1421/3325
f 3326/1421/3325 3329/1430/3329 3733/1900/3733
f 3733/1900/3733 3336/1437/3335 3326/1421/3325
f 3733/1900/3733 3329/1430/3329 3330/1428/3328
f 3330/1428/3328 3734/1901/3734 3733/1900/3733
f 3737/1902/3735 3736/1903/3736 3735/1904/3737
f 3735/1904/3737 3738/1905/3738 3737/1902/3735
f 3740/1906/3739 3739/1907/3740 3736/1903/3736
f 3736/1903/3736 3737/1902/3735 3740/1906/3739
f 3742/1908/3741 3741/1909/3742 3739/1907/3740
f 3739/1907/3740 3740/1906/3739 3742/1908/3741
f 3744/1910/3743 3743/1911/3744 3741/1909/3742
f 3741/1909/3742 3742/1908/3741 3744/1910/3743
f 3745/1912/3745 3737/1902/3735 3738/1905/3738
f 3738/1905/3738 3746/1913/3746 3745/1912/3745
f 3747/1914/3747 3740/1906/3739 3737/1902/3735
f 3737/1902/3735 3745/1912/3745 3747/1914/3747
f 3748/1915/3748 3742/1908/3741 3740/1906/3739
f 3740/1906/3739 3747/1914/3747 3748/1915/3748
f 3749/1916/3749 3744/1910/3743 3742/1908/3741
f 3742/1908/3741 3748/1915/3748 3749/1916/3749
f 3750/1917/3750 3745/1912/3745 3746/1913/3746
f 3746/1913/3746 3751/1918/3751 3750/1917/3750
f 3752/1919/3752 3747/1914/3747 3745/1912/3745
f 3745/1912/3745 3750/1917/3750 3752/1919/3752
f 3753/1920/3753 3748/1915/3748 3747/1914/3747
f 3747/1914/3747 3752/1919/3752 3753/1920/3753
f 3754/1921/3754 3749/1916/3749 3748/1915/3748
f 3748/1915/3748 3753/1920/3753 3754/1921/3754
f 3755/1922/3755 3750/1917/3750 3751/1918/3751
f 3751/1918/3751 3756/1923/3756 3755/1922/3755
f 3757/1924/3757 3752/1919/3752 3750/1917/3750
f 3750/1917/3750 3755/1922/3755 3757/1924/3757
f 3758/1925/3758 3753/1920/3753 3752/1919/3752
f 3752/1919/3752 3757/1924/3757 3758/1925/3758
f 3759/1926/3759 3754/1921/3754 3753/1920/3753
f 3753/1920/3753 3758/1925/3758 3759/1926/3759
f 3762/1902/3760 3761/1905/3761 3760/1904/3762
f 3760/1904/3762 3763/1903/3763 3762/1902/3760
f 3764/1906/3764 3762/1902/3760 3763/1903/3763
f 3763/1903/3763 3765/1907/3765 3764/1906/3764
f 3766/1908/3766 3764/1906/3764 3765/1907/3765
f 3765/1907/3765 3767/1909/3767 3766/1908/3766
f 3768/1910/3768 3766/1908/3766 3767/1909/3767
f 3767/1909/3767 3769/1911/3769 3768/1910/3768
f 3771/1912/3770 3770/1913/3771 3761/1905/3761
f 3761/1905/3761 3762/1902/3760 3771/1912/3770
f 3772/1914/3772 3771/1912/3770 3762/1902/3760
f 3762/1902/3760 3764/1906/3764 3772/1914/3772
f 3773/1915/3773 3772/1914/3772 3764/1906/3764
f 3764/1906/3764 3766/1908/3766 3773/1915/3773
f 3774/1916/3774 3773/1915/3773 3766/1908/3766
f 3766/1908/3766 3768/1910/3768 3774/1916/3774
f 3776/1917/3775 3775/1918/3776 3770/1913/3771
f 3770/1913/3771 3771/1912/3770 3776/1917/3775
f 3777/1919/3777 3776/1917/3775 3771/1912/3770
f 3771/1912/3770 3772/1914/3772 3777/1919/3777
f 3778/1920/3778 3777/1919/3777 3772/1914/3772
f 3772/1914/3772 3773/1915/3773 3778/1920/3778
f 3779/1921/3779 3778/1920/3778 3773/1915/3773
f 3773/1915/3773 3774/1916/3774 3779/1921/3779
f 3781/1922/3780 3780/1923/3781 3775/1918/3776
f 3775/1918/3776 3776/1917/3775 3781/1922/3780
f 3782/1924/3782 3781/1922/3780 3776/1917/3775
f 3776/1917/3775 3777/1919/3777 3782/1924/3782
f 3783/1925/3783 3782/1924/3782 3777/1919/3777
f 3777/1919/3777 3778/1920/3778 3783/1925/3783
f 3784/1926/3784 3783/1925/3783 3778/1920/3778
f 3778/1920/3778 3779/1921/3779 3784/1926/3784
