# Blender 5.1.2
# www.blender.org
o U3DMesh
v -0.192148 0.023451 -0.578974
v -0.191928 0.023994 -0.604307
v -0.192718 0.043487 -0.612097
v -0.192560 0.044277 -0.572459
v -0.183296 0.013521 -0.633306
v -0.182367 0.024527 -0.641388
v -0.171625 -0.013124 -0.648437
v -0.171005 -0.011809 -0.650685
v -0.172653 0.053334 -0.612462
v -0.180395 0.051705 -0.569308
v -0.168942 0.029940 -0.642605
v -0.165185 0.017612 -0.630718
v -0.171625 -0.013124 -0.648437
v -0.183296 0.013521 -0.633306
v -0.191928 0.023994 -0.604307
v -0.167705 0.029294 -0.600336
v -0.172361 0.024789 -0.576256
v -0.192148 0.023451 -0.578974
v -0.169697 0.043183 -0.569850
v -0.161011 0.044065 -0.605657
v -0.160732 0.025628 -0.636503
v -0.150058 0.022317 -0.534345
v -0.142829 0.019905 -0.556889
v -0.142999 0.036874 -0.564599
v -0.150539 0.040735 -0.532820
v -0.130073 0.010694 -0.579738
v -0.128979 0.019038 -0.586092
v -0.120627 -0.010431 -0.593952
v -0.119850 -0.009183 -0.596226
v -0.128745 0.046213 -0.563527
v -0.140457 0.047867 -0.526561
v -0.122105 0.023104 -0.586085
v -0.118076 0.014081 -0.576711
v -0.120627 -0.010431 -0.593952
v -0.130073 0.010694 -0.579738
v -0.142829 0.019905 -0.556889
v -0.123340 0.023866 -0.551043
v -0.150058 0.022317 -0.534345
v -0.131995 0.025145 -0.525366
v -0.131369 0.039429 -0.522191
v -0.119145 0.039534 -0.556438
v -0.116849 0.020669 -0.581557
v -0.243742 0.023507 -0.584310
v -0.246830 0.020509 -0.610158
v -0.248730 0.040080 -0.618022
v -0.244623 0.043036 -0.580654
v -0.244392 0.010366 -0.639760
v -0.243951 0.020594 -0.645768
v -0.238310 -0.014794 -0.658943
v -0.238210 -0.012999 -0.661555
v -0.231428 0.048072 -0.621800
v -0.232032 0.050291 -0.579580
v -0.234913 0.024570 -0.649339
v -0.229943 0.010216 -0.639962
v -0.238310 -0.014794 -0.658943
v -0.244392 0.010366 -0.639760
v -0.246830 0.020509 -0.610158
v -0.224215 0.020596 -0.611045
v -0.224840 0.024116 -0.585773
v -0.243742 0.023507 -0.584310
v -0.221858 0.041680 -0.581859
v -0.221834 0.036596 -0.617403
v -0.228828 0.019051 -0.645582
v -0.302266 0.014937 -0.556559
v -0.309523 0.012983 -0.582862
v -0.312795 0.028781 -0.589081
v -0.303350 0.032118 -0.554804
v -0.313089 0.001506 -0.610803
v -0.314497 0.010417 -0.616144
v -0.310316 -0.024438 -0.629894
v -0.310882 -0.022740 -0.632244
v -0.301378 0.035678 -0.594400
v -0.295257 0.042946 -0.558862
v -0.307381 0.013776 -0.619583
v -0.300670 0.001909 -0.613198
v -0.310316 -0.024438 -0.629894
v -0.313089 0.001506 -0.610803
v -0.309523 0.012983 -0.582862
v -0.292475 0.013563 -0.586508
v -0.302266 0.014937 -0.556559
v -0.284665 0.016128 -0.561619
v -0.282385 0.033425 -0.560269
v -0.292001 0.027338 -0.592549
v -0.301150 0.009355 -0.617732
v -0.332192 0.007504 -0.508349
v -0.342477 0.004717 -0.533068
v -0.348066 0.018897 -0.538155
v -0.335123 0.021814 -0.508791
v -0.346109 -0.004480 -0.556263
v -0.348774 0.002957 -0.560866
v -0.342967 -0.025164 -0.573886
v -0.343767 -0.024074 -0.575866
v -0.337670 0.026475 -0.544577
v -0.325388 0.028578 -0.514017
v -0.343110 0.006241 -0.564649
v -0.335430 -0.002858 -0.560174
v -0.342967 -0.025164 -0.573886
v -0.346109 -0.004480 -0.556263
v -0.342477 0.004717 -0.533068
v -0.327417 0.007132 -0.539003
v -0.317968 0.007725 -0.517855
v -0.332192 0.007504 -0.508349
v -0.316958 0.021596 -0.517412
v -0.327928 0.018754 -0.544152
v -0.337071 0.003197 -0.563996
v -0.014594 0.866871 0.699600
v -0.014417 0.811895 0.726179
v -0.032746 0.813389 0.717150
v -0.054108 0.861787 0.690117
v 0.000653 0.368759 -0.392529
v 0.000355 0.364503 -0.427357
v -0.049983 0.372575 -0.441244
v -0.048080 0.356842 -0.387239
v -0.010648 0.435241 0.509321
v -0.041272 0.437085 0.520285
v -0.010601 0.465810 0.576851
v -0.218788 0.854094 0.181508
v -0.229020 0.874548 0.295426
v -0.277320 0.741142 0.265164
v -0.252104 0.726651 0.133771
v -0.119821 0.396465 -0.252053
v -0.152728 0.476806 -0.244765
v -0.193549 0.456012 -0.158887
v -0.100098 0.388363 -0.443708
v -0.104244 0.378226 -0.367187
v -0.170251 0.460223 -0.131399
v -0.226700 0.489776 -0.063512
v -0.121117 0.397045 -0.030862
v -0.112576 0.401274 -0.113688
v -0.121030 0.522367 -0.327518
v -0.124766 0.466611 -0.318131
v -0.154207 0.462876 -0.384160
v -0.106166 0.495661 -0.394143
v -0.290286 0.011036 -0.479876
v -0.303272 0.007842 -0.460093
v -0.305773 -0.015207 -0.444209
v -0.273471 -0.023088 -0.463049
v -0.144779 0.004608 -0.437859
v -0.146503 0.003603 -0.468261
v -0.161563 -0.001182 -0.482581
v -0.167171 -0.023115 -0.464571
v -0.237536 0.009341 -0.362010
v -0.192979 0.014792 -0.358365
v -0.181611 -0.016755 -0.407703
v -0.211061 -0.029418 -0.432171
v -0.136162 0.062274 -0.457148
v -0.165744 0.068774 -0.475870
v -0.166655 0.065016 -0.488729
v -0.157341 0.068355 -0.486073
v -0.191890 0.077784 -0.492522
v -0.205420 0.077434 -0.508281
v -0.207692 0.073029 -0.519647
v -0.188438 0.078132 -0.517476
v -0.237769 0.082251 -0.496380
v -0.248612 0.066287 -0.498450
v -0.247184 0.063763 -0.512538
v -0.236009 0.077568 -0.520216
v -0.284734 0.037847 -0.334745
v -0.290134 -0.010585 -0.379073
v -0.295976 0.057913 -0.474382
v -0.293550 0.040890 -0.483825
v -0.298077 0.060814 -0.496965
v -0.295361 0.060410 -0.483869
v -0.349745 0.094807 -0.352506
v -0.336038 0.051958 -0.405644
v -0.305013 0.073709 -0.422941
v -0.307459 0.078556 -0.403026
v -0.170235 0.016787 -0.363054
v -0.152515 0.000636 -0.380743
v -0.333339 0.036655 -0.462808
v -0.331115 0.034833 -0.440963
v -0.321866 0.010994 -0.437219
v -0.316156 0.015275 -0.458877
v -0.179312 0.016239 -0.499827
v -0.197909 0.006209 -0.504789
v -0.204391 -0.023817 -0.476119
v -0.236599 -0.016796 -0.477793
v -0.253095 0.011736 -0.505441
v -0.273924 0.006419 -0.492048
v -0.316799 0.059743 -0.459500
v -0.333037 0.026057 -0.387423
v -0.149740 0.064382 -0.417284
v -0.212679 0.074217 -0.489919
v -0.211834 0.093662 -0.458087
v -0.294208 0.059786 -0.462403
v -0.278601 0.075427 -0.483439
v -0.263611 0.087331 -0.444158
v -0.313723 -0.028768 -0.485696
v -0.296492 0.004398 -0.495605
v -0.296492 0.004398 -0.495605
v -0.290286 0.011036 -0.479876
v -0.302271 0.033652 -0.500555
v -0.332483 0.051635 -0.496454
v -0.324731 0.054813 -0.478633
v -0.344630 0.031675 -0.481733
v -0.335016 -0.022418 -0.486263
v -0.171004 0.010541 -0.519200
v -0.147716 -0.013697 -0.499370
v -0.122560 0.007924 -0.492252
v -0.130279 0.066957 -0.501542
v -0.133272 0.064414 -0.481872
v -0.155120 0.067111 -0.494720
v -0.150933 0.068880 -0.511640
v -0.164623 0.047788 -0.520300
v -0.172854 0.052724 -0.499275
v -0.179312 0.016239 -0.499827
v -0.171004 0.010541 -0.519200
v -0.164859 0.002735 -0.540273
v -0.192716 -0.019639 -0.542338
v -0.164859 0.002735 -0.540273
v -0.152572 0.049518 -0.543585
v -0.185924 0.077098 -0.547392
v -0.202885 0.069370 -0.553200
v -0.205947 0.062494 -0.565919
v -0.214054 0.057169 -0.516079
v -0.212903 0.024026 -0.510366
v -0.214215 -0.006341 -0.563489
v -0.213786 0.011894 -0.556079
v -0.235247 -0.015444 -0.552335
v -0.233877 0.002239 -0.509806
v -0.212903 0.024026 -0.510366
v -0.213786 0.011894 -0.556079
v -0.209478 0.048014 -0.553356
v -0.254280 0.069281 -0.558648
v -0.237510 0.076779 -0.558967
v -0.265392 0.050413 -0.562411
v -0.256254 0.027165 -0.503218
v -0.253095 0.011736 -0.505441
v -0.259992 0.011577 -0.553441
v -0.257717 -0.005719 -0.538330
v -0.281072 -0.024190 -0.529229
v -0.257717 -0.005719 -0.538330
v -0.265021 0.044976 -0.540776
v -0.320084 0.039073 -0.531618
v -0.311814 0.057007 -0.528926
v -0.305569 -0.016107 -0.522221
v -0.304674 -0.000384 -0.512230
v -0.321490 -0.025574 -0.508558
v -0.336381 0.042557 -0.510926
v -0.349409 0.026601 -0.499094
v -0.338980 -0.020566 -0.501049
v -0.139759 -0.010442 -0.522770
v -0.161546 0.011765 -0.532920
v -0.117374 0.013950 -0.519801
v -0.144774 0.062218 -0.527480
v -0.128749 0.060276 -0.519841
v -0.161546 0.011765 -0.532920
v -0.156994 0.042950 -0.533435
v -0.163645 0.004165 -0.573925
v -0.185432 -0.003133 -0.578633
v -0.198492 0.061471 -0.571935
v -0.183982 0.066907 -0.568841
v -0.203117 0.019103 -0.582581
v -0.203464 0.048173 -0.579054
v -0.217894 0.015776 -0.580420
v -0.235998 0.004805 -0.579279
v -0.250522 0.062028 -0.577967
v -0.235340 0.067207 -0.578999
v -0.253158 0.016260 -0.578239
v -0.257990 0.045172 -0.582512
v -0.268253 0.006213 -0.563400
v -0.288677 -0.016365 -0.558209
v -0.318248 0.032540 -0.550621
v -0.312375 0.047965 -0.550128
v -0.309024 -0.010024 -0.549885
v -0.279480 0.053623 -0.559815
v -0.271287 0.062507 -0.542572
v -0.294502 0.067191 -0.534590
v -0.297676 0.059115 -0.552466
v -0.265893 0.067164 -0.511996
v -0.286963 0.069408 -0.506800
v -0.262639 0.067882 -0.501423
v -0.307814 0.026292 -0.514963
v -0.318604 0.053122 -0.506952
v -0.322913 0.043593 -0.518205
v -0.311839 0.057638 -0.487368
v -0.304027 0.057899 -0.478025
v -0.219401 0.058377 -0.579925
v -0.214589 0.071254 -0.557776
v -0.217442 0.073350 -0.521728
v -0.219088 0.076971 -0.507169
v -0.161701 0.059348 -0.565453
v -0.164399 0.070734 -0.546242
v -0.172557 0.069793 -0.507698
v -0.174682 0.061398 -0.491886
v -0.159427 0.065811 -0.410543
v -0.218908 0.078448 -0.442621
v -0.114766 0.052020 -0.515069
v -0.117282 0.049162 -0.493504
v -0.129220 0.043767 -0.470980
v -0.127785 0.035581 -0.441259
v -0.132452 0.033359 -0.390610
v -0.141132 0.037154 -0.386570
v -0.163295 0.091449 -0.393781
v -0.159715 0.077765 -0.403482
v -0.149831 0.056367 -0.380227
v -0.154924 0.072546 -0.369784
v -0.154129 0.076567 -0.370237
v -0.265618 0.082601 -0.431698
v -0.263971 0.107715 -0.424028
v -0.307454 0.095977 -0.393217
v -0.276938 0.055312 -0.308751
v -0.342078 0.081029 -0.330539
v -0.349430 0.122948 -0.288956
v -0.333037 0.026057 -0.387423
v -0.321866 0.010994 -0.437219
v -0.316156 0.015275 -0.458877
v -0.335016 -0.022418 -0.486263
v -0.338980 -0.020566 -0.501049
v -0.272826 0.036995 -0.558167
v -0.254759 0.060967 -0.493354
v -0.208606 0.046555 -0.583388
v -0.212597 0.071900 -0.504765
v -0.154385 0.045291 -0.565328
v -0.257361 0.067854 -0.486146
v -0.203117 0.019103 -0.582581
v -0.214215 -0.006341 -0.563489
v -0.253158 0.016260 -0.578239
v -0.259992 0.011577 -0.553441
v -0.305569 -0.016107 -0.522221
v -0.309024 -0.010024 -0.549885
v -0.304674 -0.000384 -0.512230
v -0.268253 0.006213 -0.563400
v -0.217894 0.015776 -0.580420
v -0.163645 0.004165 -0.573925
v -0.332192 0.007504 -0.508349
v -0.317968 0.007725 -0.517855
v -0.335123 0.021814 -0.508791
v -0.325388 0.028578 -0.514017
v -0.332192 0.007504 -0.508349
v -0.150058 0.022317 -0.534345
v -0.131995 0.025145 -0.525366
v -0.150058 0.022317 -0.534345
v -0.150539 0.040735 -0.532820
v -0.192148 0.023451 -0.578974
v -0.172361 0.024789 -0.576256
v -0.192560 0.044277 -0.572459
v -0.180395 0.051705 -0.569308
v -0.192148 0.023451 -0.578974
v -0.243742 0.023507 -0.584310
v -0.224840 0.024116 -0.585773
v -0.244623 0.043036 -0.580654
v -0.232032 0.050291 -0.579580
v -0.243742 0.023507 -0.584310
v -0.302266 0.014937 -0.556559
v -0.284665 0.016128 -0.561619
v -0.295257 0.042946 -0.558862
v -0.282385 0.033425 -0.560269
v -0.316958 0.021596 -0.517412
v -0.221858 0.041680 -0.581859
v -0.169697 0.043183 -0.569850
v -0.140457 0.047867 -0.526561
v -0.131369 0.039429 -0.522191
v -0.303350 0.032118 -0.554804
v -0.317968 0.007725 -0.517855
v -0.284665 0.016128 -0.561619
v -0.224840 0.024116 -0.585773
v -0.172361 0.024789 -0.576256
v -0.331969 0.441163 -0.156197
v -0.343641 0.419107 -0.158170
v -0.360354 0.385130 -0.261902
v -0.367582 0.430229 -0.241526
v -0.117097 0.394766 -0.295958
v -0.083868 0.979178 -0.390575
v -0.072569 0.999204 -0.538998
v -0.002942 1.024126 -0.530305
v -0.004142 1.003007 -0.409874
v -0.211364 0.732875 -0.606694
v -0.197694 0.826953 -0.589978
v -0.207759 0.832998 -0.478112
v -0.220555 0.733146 -0.542585
v -0.328414 0.285829 -0.368590
v -0.360590 0.370124 -0.349005
v -0.346193 0.294877 -0.296185
v -0.050664 0.388765 -0.550843
v -0.102885 0.430367 -0.567426
v -0.093864 0.435080 -0.510538
v -0.038534 0.402593 -0.475664
v -0.132405 0.988722 0.434854
v -0.013709 1.027975 0.486713
v -0.014309 0.989870 0.571984
v -0.125336 0.967317 0.530429
v -0.057839 1.019047 -0.274085
v -0.006115 1.031220 -0.254685
v -0.258473 0.810673 -0.464631
v -0.246285 0.693249 -0.535000
v -0.355508 0.339405 -0.205205
v -0.250157 0.505276 -0.115649
v -0.153942 0.549502 -0.259013
v -0.209690 0.552102 -0.214931
v -0.207372 0.534062 -0.169514
v -0.232506 0.036600 -0.340573
v -0.000162 0.356148 -0.211943
v -0.035519 0.352478 -0.242029
v -0.047123 0.356058 -0.107015
v -0.001289 0.338694 -0.091922
v -0.014516 0.956326 0.618473
v -0.100791 0.941399 0.599488
v -0.069055 0.397070 0.415238
v -0.008078 0.375351 0.455808
v -0.006798 0.304592 0.372186
v -0.083452 0.307627 0.349230
v -0.014585 0.919035 0.656313
v -0.075399 0.906184 0.642111
v -0.090908 0.924735 0.623127
v -0.014501 0.938885 0.630761
v -0.035941 0.390326 -0.456994
v 0.001296 0.366718 -0.445407
v 0.001344 0.393802 -0.468597
v -0.060482 0.352587 -0.029596
v -0.002156 0.335175 -0.023954
v -0.074223 0.839080 0.656039
v -0.093827 0.830884 0.634178
v -0.268490 0.642937 0.281331
v -0.212489 0.566386 0.300754
v -0.211808 0.513460 0.257682
v -0.257360 0.596510 0.206688
v -0.222754 0.529215 0.134695
v -0.250315 0.596320 0.117463
v -0.212418 0.101519 -0.430348
v -0.117942 0.438260 0.404870
v -0.157120 0.386469 0.324397
v -0.066079 0.447799 0.508144
v -0.039946 0.466983 0.566398
v -0.043036 0.369042 -0.311485
v -0.000109 0.382214 -0.314460
v -0.264551 0.605508 -0.190513
v -0.209690 0.552102 -0.214931
v -0.204195 0.461066 -0.214496
v -0.278195 0.497170 -0.152810
v -0.264551 0.605508 -0.190513
v -0.239295 0.633953 -0.173361
v -0.232319 0.601773 -0.161340
v -0.268214 0.601383 -0.081268
v -0.257479 0.600810 -0.022777
v -0.297766 0.434291 -0.132823
v -0.318082 0.508775 -0.168581
v -0.278195 0.497170 -0.152810
v -0.319284 0.411077 -0.127846
v -0.233756 0.395988 -0.226594
v -0.297766 0.434291 -0.132823
v -0.239787 0.361661 -0.227390
v -0.319284 0.411077 -0.127846
v -0.339033 0.337015 -0.178397
v -0.250649 0.285796 -0.231856
v -0.339033 0.337015 -0.178397
v -0.011568 0.770213 0.687854
v -0.052244 0.791074 0.675749
v -0.033116 0.801271 0.716163
v -0.014255 0.798501 0.720708
v -0.012360 0.782999 0.683210
v -0.048382 0.793105 0.670525
v -0.235362 0.729065 0.052585
v -0.206779 0.835515 0.087255
v -0.299880 0.756757 -0.445846
v -0.297787 0.824367 -0.283708
v -0.339195 0.781390 -0.289529
v -0.356684 0.680405 -0.429369
v -0.216560 0.438786 -0.535751
v -0.206143 0.493970 -0.551960
v -0.298829 0.541941 -0.496970
v -0.304948 0.469106 -0.475429
v -0.213542 0.600827 -0.562408
v -0.252655 0.675214 -0.522824
v -0.274026 0.614366 -0.510827
v -0.216779 0.557696 -0.566187
v -0.217359 0.603218 -0.572590
v -0.136709 0.428845 -0.310494
v -0.188427 0.365022 -0.344112
v -0.153942 0.549502 -0.259013
v -0.121030 0.522367 -0.327518
v -0.130416 0.418645 -0.356053
v -0.182521 0.355312 -0.390907
v -0.168295 0.387106 -0.474958
v -0.188091 0.359484 -0.448717
v -0.172008 0.352476 -0.426185
v -0.128696 0.407086 -0.414605
v -0.177290 0.518610 -0.537510
v -0.195280 0.527854 -0.559532
v -0.164391 0.521915 -0.609341
v -0.206211 0.594064 -0.616106
v -0.220787 0.603616 -0.597386
v -0.173207 0.547788 -0.568066
v -0.096118 0.414048 -0.487741
v 0.002300 0.365865 -0.533258
v -0.374967 0.486386 -0.252273
v -0.336388 0.573583 -0.239479
v -0.296742 0.608731 -0.212949
v -0.361867 0.407556 -0.342643
v -0.292181 0.332090 -0.441559
v -0.304644 0.385037 -0.428672
v -0.219664 0.281354 -0.425545
v -0.182473 0.283084 -0.396043
v -0.192628 0.338343 -0.418298
v -0.238355 0.342616 -0.436110
v -0.260619 0.267284 -0.435609
v -0.264551 0.605508 -0.190513
v -0.174820 0.321952 -0.391502
v -0.167120 0.282012 -0.371960
v -0.362227 0.261822 -0.218874
v -0.265520 0.195970 -0.263528
v -0.271668 0.139097 -0.289607
v -0.377315 0.186856 -0.263586
v -0.179358 0.312472 -0.355057
v -0.174873 0.280322 -0.329800
v -0.216907 0.108233 -0.305850
v -0.224910 0.063812 -0.319388
v -0.268531 0.093687 -0.302892
v -0.198533 0.044273 -0.353529
v -0.193579 0.073627 -0.334685
v -0.302266 0.014937 -0.556559
v -0.175380 0.192276 -0.336646
v -0.176134 0.199122 -0.355600
v -0.196234 0.217515 -0.387590
v -0.195539 0.189555 -0.315375
v -0.167224 0.129237 -0.337109
v -0.191567 0.122566 -0.322707
v -0.195458 0.313322 -0.326052
v -0.192715 0.282889 -0.295603
v -0.218798 0.187075 -0.290377
v -0.226662 0.201050 -0.405161
v -0.289039 0.188581 -0.392765
v -0.362227 0.261822 -0.218874
v -0.374232 0.260095 -0.236751
v -0.171801 0.859964 0.598638
v -0.123898 0.840194 0.620834
v -0.205956 0.917328 0.477680
v -0.086202 0.495114 0.431635
v -0.056266 0.469740 0.507291
v -0.304814 0.742910 0.307247
v -0.230217 0.895694 0.411622
v -0.151652 0.538683 0.372191
v -0.200302 0.764237 0.646419
v -0.171801 0.859964 0.598638
v -0.123898 0.840194 0.620834
v -0.155790 0.722641 0.684573
v -0.273018 0.667726 0.302554
v -0.328889 0.742484 0.357803
v -0.346189 0.704314 0.386956
v -0.286222 0.647709 0.315479
v -0.253539 0.633730 0.656126
v -0.270594 0.542684 0.636311
v -0.307250 0.565308 0.598923
v -0.258092 0.679443 0.638487
v -0.234500 0.610134 0.678713
v -0.233852 0.515992 0.664524
v -0.148110 0.372203 0.618915
v -0.205339 0.378530 0.639598
v -0.204703 0.396865 0.637626
v -0.158668 0.387842 0.603772
v -0.205956 0.917328 0.477680
v -0.234974 0.791532 0.605478
v -0.258531 0.805170 0.573209
v -0.132403 0.386142 0.515647
v -0.118429 0.374209 0.416506
v -0.130369 0.366406 0.425559
v -0.137432 0.380522 0.508638
v -0.066437 0.468101 0.437132
v -0.056266 0.469740 0.507291
v -0.086202 0.495114 0.431635
v -0.091371 0.492245 0.387890
v -0.077171 0.452446 0.442245
v -0.101775 0.468422 0.371214
v -0.179173 0.662416 0.694022
v -0.225933 0.674201 0.669410
v -0.113279 0.211915 0.532915
v -0.142391 0.212403 0.481781
v -0.135945 0.149083 0.498033
v -0.107686 0.152006 0.524834
v -0.143878 0.098586 0.629656
v -0.143823 0.211221 0.625228
v -0.113279 0.211915 0.532915
v -0.107686 0.152006 0.524834
v -0.253202 0.078491 0.597442
v -0.257853 0.112525 0.596150
v -0.222852 0.099352 0.628393
v -0.222548 0.057762 0.633161
v -0.268683 0.093744 0.560039
v -0.264753 0.125293 0.566845
v -0.183171 0.093723 0.647832
v -0.187363 0.212191 0.643203
v -0.271742 -0.003031 0.412450
v -0.292643 0.011860 0.404859
v -0.300537 0.006513 0.419035
v -0.300561 0.009780 0.440019
v -0.152328 -0.002127 0.392657
v -0.132116 0.017695 0.393479
v -0.152174 0.022401 0.370582
v -0.167124 0.006809 0.368014
v -0.304728 0.063111 0.483951
v -0.284839 0.073569 0.514583
v -0.272998 0.045832 0.514874
v -0.292124 0.026564 0.484838
v -0.150150 0.094996 0.380965
v -0.180365 0.094683 0.379750
v -0.184395 0.088839 0.369487
v -0.205749 0.110490 0.358198
v -0.200182 0.115747 0.375923
v -0.225689 0.098620 0.374650
v -0.220518 0.101765 0.360489
v -0.248018 0.103518 0.367588
v -0.241560 0.110703 0.385873
v -0.260010 0.084122 0.390233
v -0.259302 0.088527 0.373932
v -0.289976 0.072224 0.416236
v -0.292583 0.061113 0.406496
v -0.295028 0.078511 0.403031
v -0.274720 0.091817 0.451190
v -0.281228 0.101241 0.483288
v -0.299916 0.087537 0.464392
v -0.312361 0.028510 0.431711
v -0.319534 0.059101 0.433718
v -0.316361 0.057983 0.456377
v -0.310852 0.021897 0.455836
v -0.201011 -0.006600 0.389751
v -0.192347 0.018291 0.359989
v -0.266070 0.028032 0.377874
v -0.278580 0.014424 0.392008
v -0.271776 0.104367 0.435527
v -0.250266 0.000823 0.477856
v -0.279704 0.011043 0.486352
v -0.304171 0.079740 0.436922
v -0.130903 0.027048 0.426769
v -0.148112 0.005733 0.444585
v -0.177295 0.000449 0.457759
v -0.147476 0.103325 0.404159
v -0.178124 0.111239 0.401078
v -0.223406 0.105999 0.385723
v -0.196817 0.118233 0.402148
v -0.215813 0.110774 0.407371
v -0.257576 0.088845 0.405283
v -0.231991 0.118804 0.406724
v -0.250600 0.106806 0.428702
v -0.283407 0.076689 0.429902
v -0.282379 0.096204 0.408103
v -0.299611 0.014438 0.392584
v -0.308871 0.006173 0.407758
v -0.303377 0.058511 0.394738
v -0.299611 0.014438 0.392584
v -0.292643 0.011860 0.404859
v -0.292583 0.061113 0.406496
v -0.329642 0.061809 0.419262
v -0.322403 0.079584 0.408571
v -0.311510 0.078865 0.423494
v -0.319534 0.059101 0.433718
v -0.312361 0.028510 0.431711
v -0.324078 0.024963 0.416426
v -0.166785 0.003614 0.345354
v -0.188287 0.018130 0.342382
v -0.148163 0.023354 0.346209
v -0.173667 0.094752 0.346871
v -0.153825 0.091847 0.348794
v -0.156440 0.089583 0.364724
v -0.176603 0.087567 0.362079
v -0.188287 0.018130 0.342382
v -0.183581 0.075805 0.341667
v -0.186402 0.078566 0.361997
v -0.192347 0.018291 0.359989
v -0.211946 0.013991 0.362525
v -0.190272 0.015820 0.326701
v -0.208948 0.003704 0.332094
v -0.185237 0.076888 0.325424
v -0.190272 0.015820 0.326701
v -0.220940 0.099774 0.333115
v -0.207245 0.110013 0.331970
v -0.205749 0.110490 0.358198
v -0.220518 0.101765 0.360489
v -0.227573 0.017367 0.332902
v -0.227770 0.075737 0.333104
v -0.226892 0.084302 0.364218
v -0.229935 0.028721 0.363163
v -0.229935 0.028721 0.363163
v -0.234001 0.017546 0.331136
v -0.253671 0.004391 0.339978
v -0.245418 0.018264 0.369379
v -0.229906 0.067037 0.331281
v -0.234001 0.017546 0.331136
v -0.248018 0.103518 0.367588
v -0.259302 0.088527 0.373932
v -0.269332 0.081037 0.344793
v -0.254413 0.094114 0.340745
v -0.274856 0.015867 0.345307
v -0.276536 0.056486 0.347217
v -0.262573 0.070727 0.380002
v -0.266070 0.028032 0.377874
v -0.277328 0.017860 0.356634
v -0.291039 0.005264 0.366882
v -0.279472 0.059646 0.357550
v -0.277328 0.017860 0.356634
v -0.295028 0.078511 0.403031
v -0.311951 0.059306 0.380509
v -0.311791 0.082282 0.377115
v -0.307704 0.012815 0.376872
v -0.320935 0.009518 0.392959
v -0.311045 0.018665 0.383378
v -0.338334 0.061509 0.404981
v -0.329579 0.075057 0.396896
v -0.331933 0.029555 0.403176
v -0.165360 0.010116 0.328911
v -0.182301 0.022555 0.329702
v -0.153358 0.033468 0.333886
v -0.156182 0.089668 0.333827
v -0.172018 0.091912 0.332865
v -0.182301 0.022555 0.329702
v -0.180192 0.073378 0.328322
v -0.209514 0.010269 0.309177
v -0.195592 0.022749 0.304458
v -0.210373 0.100042 0.312970
v -0.224618 0.090115 0.312150
v -0.232167 0.063265 0.309282
v -0.223554 0.023004 0.311370
v -0.258374 0.006420 0.321338
v -0.243352 0.019117 0.316393
v -0.258683 0.079169 0.319151
v -0.271069 0.066211 0.325802
v -0.276829 0.045793 0.326642
v -0.273682 0.018428 0.325724
v -0.288937 0.016280 0.344972
v -0.301406 0.007683 0.350528
v -0.319468 0.070768 0.357469
v -0.320992 0.053493 0.362256
v -0.315639 0.021311 0.358637
v -0.308009 0.076713 0.353756
v -0.293289 0.066048 0.348769
v -0.284703 0.079053 0.362807
v -0.299754 0.089112 0.370880
v -0.270626 0.081663 0.384818
v -0.287884 0.090755 0.393376
v -0.287884 0.090755 0.393376
v -0.270626 0.081663 0.384818
v -0.319486 0.070694 0.389103
v -0.311364 0.055229 0.384483
v -0.310942 0.073678 0.398799
v -0.301318 0.071852 0.412908
v -0.301318 0.071852 0.412908
v -0.243856 0.075308 0.317734
v -0.240783 0.088482 0.336816
v -0.236102 0.095945 0.364148
v -0.236102 0.095945 0.364148
v -0.195712 0.094572 0.309073
v -0.192798 0.101884 0.327354
v -0.192252 0.097703 0.358158
v -0.192252 0.097703 0.358158
v -0.190203 0.123774 0.430507
v -0.146466 0.065612 0.348731
v -0.147385 0.070046 0.335256
v -0.147959 0.056213 0.365805
v -0.156440 0.089583 0.364724
v -0.147959 0.056213 0.365805
v -0.134452 0.051208 0.387319
v -0.128283 0.062651 0.419836
v -0.145070 0.112984 0.429256
v -0.187654 0.143330 0.442806
v -0.143311 0.132038 0.455627
v -0.119662 0.048906 0.530560
v -0.132890 0.057126 0.466900
v -0.165814 0.031187 0.490247
v -0.161861 0.003894 0.548780
v -0.214981 0.026277 0.501592
v -0.200647 -0.000097 0.552802
v -0.254695 0.028367 0.517802
v -0.244626 0.014194 0.559198
v -0.258937 0.038240 0.557038
v -0.266669 0.120166 0.508504
v -0.244479 0.121348 0.448724
v -0.242064 0.139157 0.460607
v -0.122867 0.082266 0.455614
v -0.132890 0.057126 0.466900
v -0.119662 0.048906 0.530560
v -0.123749 0.093564 0.504707
v -0.130903 0.027048 0.426769
v -0.132116 0.017695 0.393479
v -0.152174 0.022401 0.370582
v -0.148163 0.023354 0.346209
v -0.152174 0.022401 0.370582
v -0.324078 0.024963 0.416426
v -0.331933 0.029555 0.403176
v -0.288035 0.048155 0.344400
v -0.262573 0.070727 0.380002
v -0.237681 0.054400 0.315513
v -0.226892 0.084302 0.364218
v -0.187793 0.071171 0.302699
v -0.186402 0.078566 0.361997
v -0.176603 0.087567 0.362079
v -0.311510 0.078865 0.423494
v -0.227573 0.017367 0.332902
v -0.223554 0.023004 0.311370
v -0.274856 0.015867 0.345307
v -0.273682 0.018428 0.325724
v -0.237471 0.005337 0.395251
v -0.315639 0.021311 0.358637
v -0.307704 0.012815 0.376872
v -0.311045 0.018665 0.383378
v -0.288937 0.016280 0.344972
v -0.243352 0.019117 0.316393
v -0.195592 0.022749 0.304458
v -0.153358 0.033468 0.333886
v -0.320616 0.035251 0.379325
v -0.336384 0.056203 0.390470
v -0.327726 0.063987 0.384174
v -0.332978 0.035339 0.390201
v -0.156197 0.042096 0.322825
v -0.173795 0.038929 0.322663
v -0.175608 0.070606 0.323668
v -0.200767 0.036245 0.299553
v -0.225135 0.072759 0.306592
v -0.210529 0.086761 0.303357
v -0.222945 0.041000 0.303740
v -0.249771 0.022608 0.310342
v -0.267795 0.054081 0.322342
v -0.257382 0.066092 0.319708
v -0.268233 0.026075 0.316842
v -0.300364 0.030771 0.339802
v -0.317952 0.033785 0.347526
v -0.319517 0.057907 0.351005
v -0.309902 0.067448 0.345502
v -0.299836 0.053317 0.342856
v -0.322053 0.052489 0.381797
v -0.247958 0.058701 0.315212
v -0.198632 0.072906 0.301518
v -0.164929 0.085499 0.322939
v -0.154457 0.071925 0.323966
v -0.320616 0.035251 0.379325
v -0.300364 0.030771 0.339802
v -0.249771 0.022608 0.310342
v -0.200767 0.036245 0.299553
v -0.156197 0.042096 0.322825
v -0.281364 0.207872 0.554079
v -0.265326 0.217038 0.600705
v -0.224428 0.217675 0.636647
v -0.108500 0.077603 0.557828
v -0.108500 0.077603 0.557828
v -0.142589 0.051974 0.633924
v -0.179984 0.046591 0.648898
v -0.259630 0.144089 0.525504
v -0.269465 0.204184 0.514955
v -0.241827 0.157594 0.466674
v -0.144160 0.008430 0.581891
v -0.114925 0.037314 0.583641
v -0.193616 -0.000002 0.587064
v -0.249841 0.034543 0.593328
v -0.239165 0.009764 0.594130
v -0.143198 0.025941 0.619232
v -0.186006 0.016008 0.627564
v -0.114925 0.037314 0.583641
v -0.234826 0.322165 0.327828
v -0.218560 0.318127 0.329741
v -0.221025 0.344544 0.306000
v -0.254808 0.349190 0.317986
v -0.194850 0.320138 0.656881
v -0.142968 0.316072 0.633705
v -0.247577 0.385485 0.652282
v -0.245846 0.408220 0.625258
v -0.291195 0.430290 0.577449
v -0.305987 0.438727 0.514176
v -0.321301 0.483675 0.540440
v -0.292910 0.466948 0.599883
v -0.256128 0.455779 0.638157
v -0.294567 0.569422 0.303538
v -0.352055 0.601782 0.367217
v -0.342124 0.492216 0.368443
v -0.284342 0.480958 0.305138
v -0.212489 0.566386 0.300754
v -0.268490 0.642937 0.281331
v -0.228299 0.602359 0.321625
v -0.235620 0.587599 0.310406
v -0.222398 0.513888 0.286920
v -0.216483 0.452622 0.285704
v -0.266913 0.351793 0.358083
v -0.245332 0.310820 0.373219
v -0.194093 0.204569 0.435545
v -0.199491 0.262834 0.394986
v -0.246894 0.264818 0.420423
v -0.249329 0.210894 0.464101
v -0.111001 0.353893 0.530228
v -0.106043 0.304789 0.528954
v -0.226473 0.021974 0.621470
v -0.190826 0.476225 0.672275
v -0.200799 0.442870 0.644673
v -0.189908 0.586961 0.692537
v -0.286250 0.413515 0.575710
v -0.294156 0.408418 0.505898
v -0.188060 0.160749 0.446712
v -0.150227 0.156979 0.456464
v -0.173992 0.354809 0.318112
v -0.176099 0.392894 0.300300
v -0.218274 0.390998 0.284303
v -0.329830 0.721952 0.522745
v -0.294458 0.787826 0.516904
v -0.299601 0.321276 0.589933
v -0.310401 0.307559 0.532554
v -0.256150 0.327000 0.652498
v -0.106043 0.304789 0.528954
v -0.133745 0.302059 0.469249
v -0.292516 0.317360 0.455339
v -0.312791 0.364456 0.520321
v -0.281342 0.276120 0.481066
v -0.137432 0.380522 0.508638
v -0.299822 0.384209 0.592004
v -0.311237 0.427213 0.428412
v -0.332219 0.478002 0.468161
v -0.108603 0.416019 0.515627
v -0.097004 0.401366 0.412534
v -0.250363 0.427240 0.623796
v -0.108603 0.416019 0.515627
v -0.132403 0.386142 0.515647
v -0.150260 0.391810 0.594984
v -0.122386 0.423005 0.592219
v -0.204689 0.407835 0.641819
v -0.152154 0.210809 0.446998
v -0.142261 0.279103 0.410987
v -0.346577 0.604059 0.481689
v -0.322195 0.574799 0.564392
v -0.151264 0.367232 0.361903
v -0.133903 0.386099 0.347342
v -0.182667 0.329675 0.334478
v -0.162637 0.339833 0.366598
v -0.185104 0.300642 0.364483
v -0.217083 0.290251 0.357186
v -0.115657 0.427518 0.342037
v -0.272241 0.402447 0.313847
v -0.304950 0.374770 0.434891
v -0.304814 0.742910 0.307247
v -0.230217 0.895694 0.411622
v -0.219637 -0.000197 0.456346
v -0.146347 0.030924 0.455667
v -0.170513 0.026164 0.477191
v -0.211816 0.022029 0.476434
v -0.244045 0.018537 0.501992
v -0.263391 0.029075 0.506711
v -0.164176 0.441675 0.314449
v -0.118095 0.339903 0.450196
v -0.294352 0.410270 0.357769
v -0.157748 0.484842 0.317170
v -0.151652 0.538683 0.372191
v -0.165891 0.545309 0.377833
v -0.111001 0.353893 0.530228
v -0.032746 0.813389 0.717150
v -0.014417 0.811895 0.726179
v -0.146745 0.436871 -0.509059
v -0.162638 0.445216 -0.519510
v -0.214254 0.418313 -0.521771
v -0.299349 0.438351 -0.460933
v -0.370387 0.478788 -0.379181
v -0.373281 0.505677 -0.396283
v -0.232898 0.374571 -0.464073
v -0.219741 0.389006 -0.489570
v -0.301095 0.410605 -0.447719
v -0.365287 0.434611 -0.359150
v -0.371104 0.594694 -0.428275
v -0.161863 0.466490 -0.528658
v -0.197485 0.545699 -0.584419
v -0.154779 0.451204 -0.404973
v -0.163065 0.434191 -0.424847
v -0.164712 0.436232 -0.495788
v -0.146089 0.464628 -0.521924
v -0.148440 0.494075 -0.551173
v -0.050966 0.354163 -0.351015
v 0.000406 0.375651 -0.375423
v -0.115422 0.399963 -0.189747
v -0.370387 0.478788 -0.379181
v -0.299349 0.438351 -0.460933
v -0.214254 0.418313 -0.521771
v -0.146745 0.436871 -0.509059
v -0.106166 0.495661 -0.394143
v -0.253244 0.680811 -0.109488
v -0.250315 0.699021 -0.066159
v -0.380495 0.539780 -0.277982
v -0.370274 0.677029 -0.296352
v -0.381514 0.583514 -0.286051
v -0.380495 0.539780 -0.277982
v -0.339090 0.625267 -0.227660
v -0.311470 0.703901 -0.213343
v -0.262173 0.708450 -0.156128
v -0.298601 0.670165 -0.179900
v -0.296742 0.608731 -0.212949
v -0.336388 0.573583 -0.239479
v -0.154609 0.519947 0.343507
v -0.086598 0.803573 0.659435
v -0.093827 0.830884 0.634178
v -0.074223 0.839080 0.656039
v -0.156992 0.433849 0.640822
v -0.011576 0.763261 0.687128
v -0.054229 0.766060 0.688276
v -0.109584 0.774923 0.679526
v -0.086598 0.803573 0.659435
v -0.048382 0.793105 0.670525
v -0.054229 0.766060 0.688276
v -0.093827 0.830884 0.634178
v -0.114586 0.677118 0.703768
v -0.058188 0.652284 0.708938
v -0.009522 0.654304 0.703260
v -0.058188 0.652284 0.708938
v -0.127176 0.630780 0.704801
v -0.059031 0.611548 0.707188
v -0.008535 0.602813 0.703139
v -0.059031 0.611548 0.707188
v -0.076337 0.484068 0.575227
v -0.048272 0.489520 0.619186
v -0.048272 0.489520 0.619186
v -0.007981 0.485926 0.630022
v -0.122741 0.548811 0.686800
v -0.048392 0.563461 0.695499
v -0.008551 0.562751 0.692055
v -0.048392 0.563461 0.695499
v -0.007569 0.508493 0.667710
v -0.044694 0.514584 0.668086
v -0.007981 0.485926 0.630022
v -0.048272 0.489520 0.619186
v -0.087670 0.496753 0.640063
v -0.044694 0.514584 0.668086
v -0.048272 0.489520 0.619186
v -0.076337 0.484068 0.575227
v -0.296346 0.713435 0.595470
v -0.330456 0.200614 -0.354273
v -0.386889 0.191844 -0.285098
v -0.317126 0.148456 -0.384766
v -0.207514 0.113351 -0.423253
v -0.216018 0.145496 -0.413055
v -0.275376 0.143261 -0.406879
v -0.267499 0.121073 -0.417910
v -0.181579 0.145785 -0.380634
v -0.164061 0.140183 -0.360525
v -0.377315 0.186856 -0.263586
v -0.270101 0.776585 -0.185768
v -0.243185 0.759395 -0.119782
v -0.104731 0.947598 0.125688
v -0.125623 0.963995 0.222361
v -0.009940 1.010009 0.146119
v -0.011139 1.031371 0.246552
v -0.198457 0.913176 -0.401484
v -0.167458 0.928069 -0.550215
v -0.223489 0.083272 0.283133
v -0.225135 0.072759 0.306592
v -0.222945 0.041000 0.303740
v -0.226796 0.052582 0.289261
v -0.227845 0.041103 0.265098
v -0.227293 0.058081 0.255448
v -0.219503 0.007993 0.246054
v -0.219166 0.006925 0.248845
v -0.210529 0.086761 0.303357
v -0.213200 0.091805 0.276146
v -0.219029 0.062235 0.247451
v -0.209014 0.031897 0.262309
v -0.209014 0.031897 0.262309
v -0.200519 0.043279 0.283482
v -0.200519 0.043279 0.283482
v -0.200767 0.036245 0.299553
v -0.200767 0.036245 0.299553
v -0.198632 0.072906 0.301518
v -0.204594 0.077890 0.275927
v -0.200519 0.043279 0.283482
v -0.210610 0.050088 0.250898
v -0.209014 0.031897 0.262309
v -0.219166 0.006925 0.248845
v -0.174412 0.063315 0.300858
v -0.175608 0.070606 0.323668
v -0.173795 0.038929 0.322663
v -0.173527 0.037784 0.308510
v -0.172453 0.026792 0.285880
v -0.172588 0.037677 0.276620
v -0.163291 0.007786 0.273303
v -0.163893 0.007105 0.275452
v -0.166376 0.077392 0.295839
v -0.164929 0.085499 0.322939
v -0.166655 0.043524 0.271942
v -0.158826 0.027671 0.283349
v -0.163893 0.007105 0.275452
v -0.172453 0.026792 0.285880
v -0.172453 0.026792 0.285880
v -0.173527 0.037784 0.308510
v -0.153726 0.039381 0.306187
v -0.156197 0.042096 0.322825
v -0.173527 0.037784 0.308510
v -0.173795 0.038929 0.322663
v -0.154457 0.071925 0.323966
v -0.156903 0.071841 0.296145
v -0.160457 0.038938 0.274215
v -0.274898 0.066915 0.303144
v -0.267795 0.054081 0.322342
v -0.268233 0.026075 0.316842
v -0.274447 0.034223 0.302459
v -0.276622 0.032576 0.282352
v -0.279660 0.051291 0.276235
v -0.277185 0.009093 0.264964
v -0.276708 0.007721 0.268540
v -0.264901 0.079065 0.298232
v -0.257382 0.066092 0.319708
v -0.275538 0.061245 0.269730
v -0.249771 0.022608 0.310342
v -0.247958 0.058701 0.315212
v -0.255814 0.067362 0.296723
v -0.256164 0.044441 0.294574
v -0.268205 0.054615 0.272321
v -0.265044 0.040130 0.277078
v -0.276708 0.007721 0.268540
v -0.276622 0.032576 0.282352
v -0.274447 0.034223 0.302459
v -0.268233 0.026075 0.316842
v -0.330522 0.061442 0.332642
v -0.319517 0.057907 0.351005
v -0.317952 0.033785 0.347526
v -0.329123 0.037544 0.335296
v -0.332921 0.030075 0.321973
v -0.339056 0.046684 0.312584
v -0.335690 0.008328 0.305966
v -0.334969 0.006587 0.308862
v -0.322525 0.070828 0.325987
v -0.309902 0.067448 0.345502
v -0.333143 0.051611 0.308611
v -0.300364 0.030771 0.339802
v -0.299836 0.053317 0.342856
v -0.312642 0.062605 0.323881
v -0.309250 0.042318 0.324279
v -0.324560 0.045983 0.308667
v -0.322302 0.033381 0.312021
v -0.334969 0.006587 0.308862
v -0.332921 0.030075 0.321973
v -0.329123 0.037544 0.335296
v -0.317952 0.033785 0.347526
v -0.336384 0.056203 0.390470
v -0.332978 0.035339 0.390201
v -0.343252 0.031355 0.375398
v -0.347311 0.053276 0.370091
v -0.350735 0.025257 0.361984
v -0.354931 0.037217 0.354382
v -0.352598 0.009896 0.349263
v -0.351234 0.008522 0.351403
v -0.340322 0.060967 0.364320
v -0.327726 0.063987 0.384174
v -0.352201 0.042529 0.348347
v -0.320616 0.035251 0.379325
v -0.322053 0.052489 0.381797
v -0.334344 0.051143 0.364163
v -0.329724 0.036627 0.365307
v -0.345334 0.036688 0.350932
v -0.342463 0.028257 0.354885
v -0.351234 0.008522 0.351403
v -0.350735 0.025257 0.361984
v -0.343252 0.031355 0.375398
v -0.332978 0.035339 0.390201
v -0.173795 0.038929 0.322663
v -0.222945 0.041000 0.303740
v -0.268233 0.026075 0.316842
v -0.317952 0.033785 0.347526
v -0.332978 0.035339 0.390201
v -0.342078 0.081029 -0.330539
v -0.006686 0.955537 -0.143401
v -0.138349 0.983783 0.335122
v -0.012451 1.042130 0.362447
v -0.070611 0.325318 0.067123
v -0.140673 0.382585 0.060536
v -0.003537 0.308163 0.070644
v -0.164080 0.349863 0.256083
v -0.086886 0.283646 0.278194
v -0.005559 0.267692 0.284360
v -0.154747 0.358603 0.154206
v -0.076239 0.297792 0.171230
v -0.004562 0.282606 0.179869
v -0.200747 0.873834 -0.159420
v -0.279770 0.876812 -0.283990
v -0.241279 0.916973 -0.290320
v -0.127989 0.914258 -0.156378
v -0.233288 0.764081 -0.006031
v -0.242726 0.588108 0.025886
v -0.233689 0.827522 -0.173848
v -0.218127 0.807773 -0.106788
v -0.221339 0.493504 0.042692
v -0.187144 0.865620 -0.085929
v -0.110408 0.941643 -0.059187
v -0.007992 0.989199 -0.036317
v -0.197847 0.841613 0.018027
v -0.106491 0.946634 0.047898
v -0.009070 1.001173 0.065448
v -0.370801 0.134912 -0.331144
v -0.366633 0.162700 -0.280213
v -0.349430 0.122948 -0.288956
v -0.376343 0.160992 -0.303411
v -0.174227 0.071761 -0.342312
v -0.175917 0.047148 -0.354903
v -0.366633 0.162700 -0.280213
v -0.302961 0.113400 -0.387676
v 0.179100 0.029986 -0.506335
v 0.180424 0.050869 -0.500099
v 0.175988 0.049754 -0.539479
v 0.175955 0.030325 -0.531476
v 0.162171 0.030641 -0.567204
v 0.163937 0.019702 -0.559183
v 0.150388 -0.006969 -0.572621
v 0.149523 -0.005667 -0.574793
v 0.168765 0.058430 -0.495629
v 0.156094 0.059777 -0.537612
v 0.148735 0.036172 -0.566908
v 0.150388 -0.006969 -0.572621
v 0.146281 0.023975 -0.554554
v 0.163937 0.019702 -0.559183
v 0.152397 0.035873 -0.524778
v 0.175955 0.030325 -0.531476
v 0.159768 0.031531 -0.501357
v 0.179100 0.029986 -0.506335
v 0.145245 0.050668 -0.529422
v 0.158014 0.049992 -0.494856
v 0.141256 0.031974 -0.559861
v 0.142451 0.029589 -0.457129
v 0.143247 0.048022 -0.455836
v 0.132054 0.043961 -0.486495
v 0.132640 0.027067 -0.478659
v 0.115501 0.026077 -0.506057
v 0.117257 0.017775 -0.499797
v 0.106061 -0.003380 -0.512630
v 0.105033 -0.002136 -0.514808
v 0.134019 0.055286 -0.448519
v 0.118089 0.053443 -0.483864
v 0.108706 0.030203 -0.505294
v 0.106061 -0.003380 -0.512630
v 0.105714 0.021302 -0.495431
v 0.117257 0.017775 -0.499797
v 0.113995 0.031240 -0.470637
v 0.132640 0.027067 -0.478659
v 0.142451 0.029589 -0.457129
v 0.125567 0.032659 -0.446144
v 0.109323 0.046909 -0.475651
v 0.125427 0.046974 -0.443048
v 0.103987 0.027862 -0.500163
v 0.229788 0.029426 -0.517162
v 0.231143 0.049071 -0.514539
v 0.230913 0.042999 -0.552044
v 0.229978 0.024150 -0.542420
v 0.223045 0.021311 -0.577353
v 0.224196 0.011612 -0.570607
v 0.216019 -0.014996 -0.586816
v 0.215616 -0.013423 -0.589539
v 0.218779 0.056462 -0.512362
v 0.213274 0.050773 -0.554473
v 0.213650 0.025042 -0.580187
v 0.216019 -0.014996 -0.586816
v 0.209815 0.011557 -0.569144
v 0.224196 0.011612 -0.570607
v 0.207405 0.024333 -0.540723
v 0.229978 0.024150 -0.542420
v 0.210846 0.030120 -0.516469
v 0.229788 0.029426 -0.517162
v 0.204274 0.039769 -0.548073
v 0.208386 0.047844 -0.513056
v 0.208047 0.019895 -0.575315
v 0.290974 0.020761 -0.496390
v 0.292442 0.037972 -0.495572
v 0.297767 0.031737 -0.530621
v 0.295035 0.016580 -0.522764
v 0.296024 0.011193 -0.556066
v 0.295133 0.002784 -0.549870
v 0.289783 -0.024568 -0.566273
v 0.290093 -0.023081 -0.568806
v 0.284047 0.048728 -0.499161
v 0.285900 0.038443 -0.535137
v 0.288599 0.014426 -0.558925
v 0.289783 -0.024568 -0.566273
v 0.282525 0.003279 -0.550832
v 0.295133 0.002784 -0.549870
v 0.277691 0.017250 -0.524443
v 0.295035 0.016580 -0.522764
v 0.290974 0.020761 -0.496390
v 0.272917 0.022007 -0.499422
v 0.276692 0.030503 -0.531520
v 0.271001 0.039361 -0.498623
v 0.282570 0.010317 -0.555999
v 0.326248 0.013361 -0.452239
v 0.329215 0.027649 -0.453143
v 0.338650 0.024390 -0.483780
v 0.333577 0.010300 -0.477958
v 0.336600 0.008270 -0.506280
v 0.334427 0.000892 -0.501336
v 0.329109 -0.019909 -0.518298
v 0.329679 -0.018832 -0.520364
v 0.318994 0.034457 -0.457268
v 0.327640 0.032010 -0.489023
v 0.330562 0.011573 -0.509411
v 0.329109 -0.019909 -0.518298
v 0.323385 0.002569 -0.504002
v 0.334427 0.000892 -0.501336
v 0.317950 0.012801 -0.482132
v 0.333577 0.010300 -0.477958
v 0.311016 0.013641 -0.460037
v 0.326248 0.013361 -0.452239
v 0.317952 0.024378 -0.487405
v 0.310179 0.027516 -0.459606
v 0.324619 0.008579 -0.508041
v 0.025175 0.862422 0.690899
v 0.004061 0.813684 0.717513
v 0.049434 0.357613 -0.386163
v 0.052366 0.373384 -0.440075
v 0.020809 0.442113 0.524676
v 0.200554 0.857395 0.185828
v 0.236020 0.728227 0.140635
v 0.254475 0.739340 0.276361
v 0.208144 0.875422 0.300186
v 0.150041 0.479565 -0.234223
v 0.117544 0.398353 -0.249564
v 0.188122 0.458801 -0.155246
v 0.105132 0.389358 -0.439162
v 0.106755 0.379648 -0.362821
v 0.164348 0.462699 -0.128133
v 0.107440 0.403009 -0.111445
v 0.114399 0.398904 -0.028478
v 0.219079 0.493125 -0.059055
v 0.129451 0.526088 -0.307409
v 0.124639 0.496632 -0.373206
v 0.163233 0.464342 -0.368507
v 0.127996 0.468037 -0.306124
v 0.287947 0.017439 -0.419093
v 0.272920 -0.016325 -0.400173
v 0.307243 -0.008580 -0.385270
v 0.303106 0.014358 -0.400965
v 0.148472 0.012157 -0.360430
v 0.167173 -0.015443 -0.389339
v 0.159678 0.006418 -0.406828
v 0.146717 0.010776 -0.390955
v 0.248971 0.015565 -0.295846
v 0.214472 -0.021845 -0.362137
v 0.188555 -0.009555 -0.334117
v 0.205856 0.020889 -0.287472
v 0.137898 0.070259 -0.379195
v 0.155627 0.075965 -0.410431
v 0.164544 0.072523 -0.414117
v 0.165156 0.076286 -0.401271
v 0.189259 0.084912 -0.420925
v 0.182962 0.085204 -0.445319
v 0.201794 0.079912 -0.449655
v 0.200883 0.084426 -0.438141
v 0.234431 0.089000 -0.430113
v 0.229894 0.084185 -0.453538
v 0.241769 0.070352 -0.447077
v 0.244843 0.072969 -0.433275
v 0.298812 0.045898 -0.273127
v 0.299931 -0.003622 -0.317470
v 0.294606 0.064368 -0.414771
v 0.292904 0.066799 -0.424150
v 0.294097 0.067076 -0.437468
v 0.290965 0.047301 -0.423711
v 0.361226 0.103336 -0.299140
v 0.314641 0.085316 -0.345047
v 0.309799 0.080494 -0.365022
v 0.342479 0.058882 -0.350881
v 0.163397 0.007541 -0.303755
v 0.183035 0.022824 -0.289804
v 0.332884 0.042879 -0.407402
v 0.316106 0.021677 -0.401317
v 0.324244 0.017531 -0.380427
v 0.333191 0.041247 -0.385435
v 0.175450 0.023540 -0.426170
v 0.202791 -0.016552 -0.405160
v 0.193272 0.013297 -0.433162
v 0.270247 0.012941 -0.429296
v 0.248054 0.018326 -0.440241
v 0.234643 -0.009833 -0.410612
v 0.317026 0.066132 -0.402414
v 0.341518 0.033192 -0.331634
v 0.156616 0.071442 -0.341498
v 0.210175 0.081167 -0.420714
v 0.213177 0.100932 -0.389209
v 0.266333 0.094134 -0.381552
v 0.276439 0.081964 -0.421916
v 0.294241 0.066337 -0.402688
v 0.310233 -0.022550 -0.427270
v 0.292234 0.010686 -0.435421
v 0.292234 0.010686 -0.435421
v 0.297633 0.039846 -0.441272
v 0.287947 0.017439 -0.419093
v 0.328263 0.057583 -0.440859
v 0.341869 0.037645 -0.427458
v 0.322646 0.060984 -0.422288
v 0.331370 -0.016404 -0.430356
v 0.164911 0.017759 -0.444400
v 0.143883 -0.006109 -0.421788
v 0.119897 0.015784 -0.412008
v 0.126956 0.074668 -0.422665
v 0.146313 0.076334 -0.435101
v 0.152415 0.074664 -0.418762
v 0.132185 0.072259 -0.403451
v 0.158745 0.055042 -0.445095
v 0.164911 0.017759 -0.444400
v 0.175450 0.023540 -0.426170
v 0.169394 0.060075 -0.425208
v 0.183563 -0.012808 -0.469621
v 0.156310 0.009829 -0.464551
v 0.156310 0.009829 -0.464551
v 0.144089 0.056700 -0.466843
v 0.176995 0.083949 -0.474731
v 0.193108 0.076024 -0.482394
v 0.194622 0.069018 -0.495316
v 0.202571 0.000133 -0.493233
v 0.207656 0.030942 -0.440594
v 0.208406 0.064017 -0.446705
v 0.203147 0.018432 -0.485990
v 0.207656 0.030942 -0.440594
v 0.228386 0.008966 -0.442267
v 0.224684 -0.009074 -0.484506
v 0.203147 0.018432 -0.485990
v 0.199469 0.054609 -0.483115
v 0.226895 0.083068 -0.492194
v 0.243529 0.075423 -0.493750
v 0.253977 0.056437 -0.498598
v 0.249344 0.017724 -0.488710
v 0.248054 0.018326 -0.440241
v 0.251516 0.033316 -0.438423
v 0.248697 0.000572 -0.473280
v 0.272800 -0.018032 -0.466774
v 0.248697 0.000572 -0.473280
v 0.256070 0.051178 -0.477016
v 0.304014 0.062888 -0.470767
v 0.311774 0.044859 -0.474235
v 0.298007 -0.010111 -0.462721
v 0.315332 -0.019620 -0.450906
v 0.298399 0.005697 -0.452836
v 0.330388 0.048354 -0.455601
v 0.344565 0.032388 -0.445208
v 0.333608 -0.014699 -0.445515
v 0.153939 0.018955 -0.456943
v 0.133303 -0.002982 -0.444141
v 0.111602 0.021641 -0.438823
v 0.123262 0.067861 -0.440601
v 0.138314 0.069589 -0.450062
v 0.149605 0.050175 -0.457212
v 0.153939 0.018955 -0.456943
v 0.172258 0.003466 -0.504977
v 0.151222 0.010996 -0.497848
v 0.172507 0.073594 -0.495721
v 0.186518 0.068004 -0.500424
v 0.190522 0.054613 -0.507946
v 0.189545 0.025511 -0.511147
v 0.222469 0.010957 -0.511537
v 0.204440 0.022079 -0.510676
v 0.222345 0.073353 -0.511752
v 0.237503 0.068047 -0.512437
v 0.244261 0.051089 -0.517662
v 0.239727 0.022258 -0.512596
v 0.256354 0.012206 -0.499508
v 0.277062 -0.010511 -0.496510
v 0.302045 0.053669 -0.491808
v 0.307704 0.038180 -0.492841
v 0.298289 -0.004293 -0.490655
v 0.268300 0.059532 -0.497680
v 0.287263 0.064930 -0.492532
v 0.286244 0.073180 -0.474483
v 0.262229 0.068629 -0.479686
v 0.260446 0.073582 -0.448735
v 0.281989 0.075689 -0.446030
v 0.258431 0.074420 -0.437865
v 0.301417 0.032312 -0.456160
v 0.316175 0.049451 -0.461283
v 0.313274 0.059109 -0.449694
v 0.308853 0.063853 -0.429499
v 0.302177 0.064259 -0.419318
v 0.206333 0.064668 -0.510746
v 0.204218 0.077766 -0.488307
v 0.211241 0.080129 -0.452852
v 0.214590 0.083854 -0.438615
v 0.150709 0.066262 -0.489710
v 0.155702 0.077779 -0.471045
v 0.168258 0.077078 -0.433696
v 0.172115 0.068740 -0.418130
v 0.168035 0.071807 -0.336897
v 0.223584 0.083989 -0.375512
v 0.114836 0.057056 -0.413016
v 0.109859 0.059769 -0.434169
v 0.129258 0.051738 -0.391976
v 0.131210 0.043780 -0.362182
v 0.142610 0.040190 -0.312090
v 0.152291 0.043355 -0.310259
v 0.173698 0.096704 -0.322463
v 0.166526 0.080963 -0.295914
v 0.167193 0.078136 -0.297895
v 0.161259 0.062552 -0.306198
v 0.168696 0.083748 -0.330801
v 0.315525 0.102498 -0.335487
v 0.269757 0.113832 -0.362489
v 0.270658 0.088583 -0.369535
v 0.291834 0.063438 -0.246515
v 0.362755 0.133036 -0.235337
v 0.355745 0.089819 -0.276007
v 0.341518 0.033192 -0.331634
v 0.324244 0.017531 -0.380427
v 0.316106 0.021677 -0.401317
v 0.331370 -0.016404 -0.430356
v 0.333608 -0.014699 -0.445515
v 0.261747 0.042988 -0.495120
v 0.251496 0.067636 -0.428876
v 0.195117 0.052915 -0.512830
v 0.208370 0.078815 -0.435422
v 0.143345 0.052273 -0.488612
v 0.254942 0.074464 -0.422086
v 0.202571 0.000133 -0.493233
v 0.189545 0.025511 -0.511147
v 0.249344 0.017724 -0.488710
v 0.239727 0.022258 -0.512596
v 0.298007 -0.010111 -0.462721
v 0.298289 -0.004293 -0.490655
v 0.298399 0.005697 -0.452836
v 0.256354 0.012206 -0.499508
v 0.204440 0.022079 -0.510676
v 0.151222 0.010996 -0.497848
v 0.326248 0.013361 -0.452239
v 0.311016 0.013641 -0.460037
v 0.329215 0.027649 -0.453143
v 0.318994 0.034457 -0.457268
v 0.326248 0.013361 -0.452239
v 0.142451 0.029589 -0.457129
v 0.125567 0.032659 -0.446144
v 0.142451 0.029589 -0.457129
v 0.143247 0.048022 -0.455836
v 0.179100 0.029986 -0.506335
v 0.159768 0.031531 -0.501357
v 0.180424 0.050869 -0.500099
v 0.168765 0.058430 -0.495629
v 0.179100 0.029986 -0.506335
v 0.229788 0.029426 -0.517162
v 0.210846 0.030120 -0.516469
v 0.231143 0.049071 -0.514539
v 0.218779 0.056462 -0.512362
v 0.229788 0.029426 -0.517162
v 0.290974 0.020761 -0.496390
v 0.272917 0.022007 -0.499422
v 0.284047 0.048728 -0.499161
v 0.271001 0.039361 -0.498623
v 0.310179 0.027516 -0.459606
v 0.208386 0.047844 -0.513056
v 0.158014 0.049992 -0.494856
v 0.134019 0.055286 -0.448519
v 0.125427 0.046974 -0.443048
v 0.292442 0.037972 -0.495572
v 0.311016 0.013641 -0.460037
v 0.272917 0.022007 -0.499422
v 0.210846 0.030120 -0.516469
v 0.159768 0.031531 -0.501357
v 0.332811 0.458469 -0.114315
v 0.372269 0.442324 -0.196440
v 0.365295 0.396836 -0.214450
v 0.344504 0.436937 -0.115508
v 0.116834 0.396692 -0.291764
v 0.075494 0.980438 -0.388762
v -0.002954 1.024075 -0.529311
v 0.067498 1.000281 -0.537438
v 0.213542 0.735696 -0.600883
v 0.219475 0.736624 -0.537503
v 0.204638 0.835995 -0.472811
v 0.196566 0.829877 -0.585662
v 0.336314 0.291311 -0.314866
v 0.353023 0.305183 -0.243844
v 0.369364 0.376261 -0.298847
v 0.055284 0.389602 -0.549603
v 0.041228 0.403224 -0.474751
v 0.096813 0.436587 -0.508342
v 0.107216 0.432027 -0.564966
v 0.106670 0.990602 0.437365
v 0.097899 0.969078 0.532751
v 0.046221 1.019870 -0.272906
v 0.258954 0.814148 -0.454105
v 0.263382 0.693728 -0.514679
v 0.361164 0.355740 -0.157921
v 0.243183 0.508556 -0.110885
v 0.200310 0.539666 -0.154461
v 0.208665 0.561115 -0.190726
v 0.155804 0.556509 -0.238401
v 0.245981 0.043216 -0.274399
v 0.042570 0.356765 -0.106097
v 0.033725 0.352970 -0.241289
v 0.072350 0.942779 0.601224
v 0.050649 0.401349 0.421841
v 0.070298 0.308830 0.350873
v 0.062277 0.925961 0.624637
v 0.046696 0.907162 0.643315
v 0.038407 0.390914 -0.456144
v 0.054458 0.353494 -0.028432
v 0.046319 0.840045 0.657228
v 0.068508 0.829526 0.632147
v 0.240573 0.648200 0.293301
v 0.238535 0.598284 0.218631
v 0.195473 0.516399 0.265891
v 0.189459 0.571000 0.313189
v 0.236213 0.598680 0.125046
v 0.209262 0.531657 0.142013
v 0.218522 0.107196 -0.363650
v 0.098424 0.443767 0.412936
v 0.141115 0.390670 0.332034
v 0.045353 0.453818 0.513260
v 0.018809 0.473761 0.569407
v 0.042448 0.369639 -0.310567
v 0.261718 0.617259 -0.162568
v 0.276476 0.513919 -0.115357
v 0.206421 0.474076 -0.179958
v 0.208665 0.561115 -0.190726
v 0.261718 0.617259 -0.162568
v 0.221743 0.611302 -0.140550
v 0.227431 0.645832 -0.148896
v 0.247444 0.604194 -0.017659
v 0.259412 0.604692 -0.075940
v 0.297388 0.453185 -0.092251
v 0.276476 0.513919 -0.115357
v 0.317946 0.524396 -0.129405
v 0.319105 0.430825 -0.086293
v 0.297388 0.453185 -0.092251
v 0.238010 0.409255 -0.185852
v 0.244830 0.374950 -0.184178
v 0.319105 0.430825 -0.086293
v 0.344842 0.354706 -0.131641
v 0.344842 0.354706 -0.131641
v 0.257676 0.298898 -0.181370
v 0.004645 0.801573 0.716536
v 0.026258 0.790525 0.673701
v 0.022450 0.792409 0.668489
v 0.190780 0.838646 0.091347
v 0.221674 0.732674 0.057212
v 0.310509 0.761886 -0.417783
v 0.369986 0.689285 -0.391057
v 0.332372 0.791528 -0.266861
v 0.288539 0.833466 -0.264742
v 0.251040 0.437943 -0.497942
v 0.331335 0.472812 -0.430430
v 0.325723 0.545611 -0.456977
v 0.238317 0.492664 -0.520425
v 0.244017 0.597779 -0.536110
v 0.250800 0.555780 -0.536304
v 0.298094 0.616737 -0.479305
v 0.272334 0.675834 -0.498712
v 0.241788 0.601492 -0.551118
v 0.146142 0.436300 -0.278853
v 0.199291 0.370493 -0.303867
v 0.155804 0.556509 -0.238401
v 0.144017 0.423057 -0.325678
v 0.129451 0.526088 -0.307409
v 0.196861 0.357587 -0.350392
v 0.194463 0.385708 -0.440638
v 0.147988 0.408746 -0.383712
v 0.189909 0.352160 -0.386667
v 0.207120 0.358502 -0.408164
v 0.226981 0.524683 -0.533128
v 0.199777 0.518230 -0.518061
v 0.168235 0.524470 -0.605543
v 0.175670 0.550543 -0.563936
v 0.223133 0.606913 -0.592460
v 0.209094 0.597226 -0.611397
v 0.098882 0.415590 -0.485505
v 0.379851 0.497989 -0.207710
v 0.298003 0.621982 -0.178089
v 0.340103 0.586173 -0.199962
v 0.372232 0.414460 -0.294301
v 0.321147 0.386494 -0.382042
v 0.305692 0.331902 -0.391571
v 0.230181 0.281301 -0.372171
v 0.253015 0.341462 -0.387631
v 0.207199 0.337894 -0.371810
v 0.193056 0.284318 -0.343801
v 0.270424 0.267389 -0.380461
v 0.261718 0.617259 -0.162568
v 0.188448 0.323335 -0.345167
v 0.177864 0.284375 -0.320697
v 0.373889 0.276159 -0.169131
v 0.389309 0.199178 -0.213215
v 0.284913 0.147810 -0.230299
v 0.276505 0.206177 -0.207255
v 0.191219 0.316560 -0.308709
v 0.184484 0.285630 -0.278155
v 0.282945 0.102276 -0.241825
v 0.239392 0.070662 -0.253524
v 0.231458 0.115006 -0.242323
v 0.211468 0.050987 -0.284077
v 0.207913 0.079951 -0.266420
v 0.290974 0.020761 -0.496390
v 0.188191 0.197127 -0.275745
v 0.188604 0.203182 -0.294525
v 0.207510 0.220191 -0.327127
v 0.208351 0.195801 -0.255651
v 0.205686 0.128445 -0.258012
v 0.180369 0.133909 -0.271307
v 0.205751 0.319606 -0.279691
v 0.201651 0.290739 -0.244586
v 0.231762 0.194894 -0.231932
v 0.236642 0.204157 -0.343918
v 0.297150 0.193092 -0.333569
v 0.385183 0.273854 -0.187074
v 0.373889 0.276159 -0.169131
v 0.146972 0.858683 0.597318
v 0.098170 0.839861 0.619983
v 0.181911 0.914829 0.478840
v 0.035696 0.477047 0.511922
v 0.062963 0.502288 0.439336
v 0.278164 0.743623 0.317503
v 0.207443 0.891626 0.414480
v 0.127091 0.545443 0.382297
v 0.178952 0.763415 0.641413
v 0.135556 0.722345 0.678256
v 0.098170 0.839861 0.619983
v 0.146972 0.858683 0.597318
v 0.240695 0.675386 0.310168
v 0.251579 0.657429 0.314031
v 0.314775 0.714629 0.385474
v 0.297924 0.748476 0.362441
v 0.239552 0.640042 0.650628
v 0.241161 0.683503 0.632892
v 0.293645 0.576474 0.591608
v 0.260617 0.552104 0.631216
v 0.221266 0.615322 0.671694
v 0.227156 0.523629 0.661677
v 0.146448 0.376189 0.621345
v 0.155276 0.392043 0.605531
v 0.202762 0.403685 0.636446
v 0.204425 0.385591 0.638468
v 0.181911 0.914829 0.478840
v 0.237125 0.802237 0.570429
v 0.214043 0.788976 0.601449
v 0.123805 0.388073 0.519362
v 0.128678 0.382833 0.512005
v 0.117289 0.367666 0.429679
v 0.104411 0.374778 0.421385
v 0.046257 0.470940 0.443828
v 0.067298 0.496698 0.395018
v 0.062963 0.502288 0.439336
v 0.035696 0.477047 0.511922
v 0.057791 0.456144 0.448097
v 0.078500 0.471506 0.377305
v 0.208597 0.676727 0.662416
v 0.161735 0.664402 0.686693
v 0.115811 0.213833 0.537233
v 0.112133 0.153141 0.530869
v 0.138785 0.148348 0.502732
v 0.141812 0.213276 0.484433
v 0.154604 0.107133 0.637031
v 0.112133 0.153141 0.530869
v 0.115811 0.213833 0.537233
v 0.151759 0.217373 0.627619
v 0.261305 0.084011 0.600928
v 0.231777 0.066873 0.641070
v 0.233340 0.107798 0.631190
v 0.266330 0.118689 0.596116
v 0.274515 0.094973 0.561989
v 0.271450 0.129386 0.565610
v 0.196223 0.220227 0.642951
v 0.194898 0.103543 0.653239
v 0.266884 -0.014794 0.422103
v 0.297471 -0.000914 0.447124
v 0.296209 -0.005374 0.425692
v 0.287449 -0.000453 0.411882
v 0.146464 -0.013776 0.409852
v 0.159967 -0.005833 0.382410
v 0.145208 0.009795 0.385720
v 0.126464 0.006235 0.410961
v 0.304776 0.055142 0.487926
v 0.291784 0.019006 0.492376
v 0.275164 0.041973 0.521579
v 0.287493 0.069931 0.517960
v 0.174077 0.082051 0.391195
v 0.143998 0.082564 0.394325
v 0.177288 0.076165 0.381746
v 0.197881 0.097648 0.368859
v 0.212766 0.088946 0.370321
v 0.218994 0.085580 0.383147
v 0.193674 0.102863 0.385464
v 0.240660 0.090768 0.375640
v 0.252326 0.075856 0.381444
v 0.254186 0.071423 0.396991
v 0.235582 0.097930 0.392937
v 0.287651 0.048798 0.411903
v 0.285703 0.060227 0.421413
v 0.289826 0.066187 0.408338
v 0.282310 0.095676 0.484675
v 0.273112 0.081774 0.455127
v 0.299069 0.078132 0.466883
v 0.308884 0.016948 0.436861
v 0.308818 0.011865 0.461634
v 0.314536 0.047168 0.460231
v 0.316268 0.047531 0.437407
v 0.194836 -0.018828 0.404115
v 0.184628 0.005524 0.372662
v 0.272717 0.002002 0.399196
v 0.259336 0.015434 0.385715
v 0.269268 0.093308 0.439048
v 0.249250 -0.006444 0.489935
v 0.279285 0.003869 0.495824
v 0.301206 0.068332 0.440892
v 0.127323 0.017740 0.444216
v 0.145318 -0.002275 0.462616
v 0.175186 -0.007060 0.474374
v 0.173621 0.099352 0.410374
v 0.143291 0.091971 0.415399
v 0.217448 0.093317 0.394052
v 0.211614 0.098810 0.414365
v 0.192397 0.106171 0.409880
v 0.252746 0.076654 0.411886
v 0.247742 0.095586 0.433366
v 0.227780 0.106595 0.412256
v 0.280113 0.065551 0.434797
v 0.277683 0.083954 0.412999
v 0.293725 0.001956 0.398552
v 0.303924 -0.006076 0.413234
v 0.297640 0.046032 0.399756
v 0.287651 0.048798 0.411903
v 0.287449 -0.000453 0.411882
v 0.293725 0.001956 0.398552
v 0.325408 0.049681 0.422503
v 0.316268 0.047531 0.437407
v 0.307676 0.066982 0.427073
v 0.317515 0.067286 0.412011
v 0.319659 0.012819 0.420616
v 0.308884 0.016948 0.436861
v 0.158289 -0.008883 0.359262
v 0.179525 0.005685 0.354943
v 0.139713 0.010812 0.361311
v 0.165043 0.082270 0.360407
v 0.169042 0.074806 0.374866
v 0.149088 0.076868 0.378754
v 0.145369 0.079317 0.363582
v 0.179525 0.005685 0.354943
v 0.184628 0.005524 0.372662
v 0.178817 0.065801 0.374278
v 0.174651 0.063348 0.354571
v 0.204349 0.001244 0.374006
v 0.199526 -0.008687 0.343356
v 0.180518 0.003389 0.339166
v 0.175271 0.064445 0.338256
v 0.180518 0.003389 0.339166
v 0.211338 0.087409 0.343685
v 0.212766 0.088946 0.370321
v 0.197881 0.097648 0.368859
v 0.197574 0.097618 0.343417
v 0.218134 0.005019 0.342991
v 0.222340 0.015962 0.373318
v 0.219366 0.071533 0.373859
v 0.218209 0.063389 0.343223
v 0.222340 0.015962 0.373318
v 0.238188 0.005578 0.378671
v 0.244658 -0.007899 0.348389
v 0.224435 0.005214 0.340820
v 0.220245 0.054695 0.341262
v 0.224435 0.005214 0.340820
v 0.240660 0.090768 0.375640
v 0.245240 0.081824 0.349173
v 0.260415 0.068780 0.352257
v 0.252326 0.075856 0.381444
v 0.266111 0.003622 0.352372
v 0.259336 0.015434 0.385715
v 0.255925 0.058434 0.387817
v 0.267816 0.044245 0.354202
v 0.283654 -0.006955 0.372870
v 0.269291 0.005615 0.363521
v 0.271392 0.047405 0.364330
v 0.269291 0.005615 0.363521
v 0.289826 0.066187 0.408338
v 0.304836 0.070105 0.381823
v 0.305263 0.047128 0.385183
v 0.300901 0.000629 0.381788
v 0.315132 -0.002647 0.397001
v 0.304635 0.006484 0.388074
v 0.333139 0.049379 0.407935
v 0.323858 0.062910 0.400431
v 0.326711 0.017410 0.406516
v 0.172738 0.010103 0.342671
v 0.155810 -0.002375 0.342948
v 0.144093 0.020946 0.348690
v 0.146778 0.077152 0.348494
v 0.162516 0.079434 0.346531
v 0.170428 0.060922 0.341465
v 0.172738 0.010103 0.342671
v 0.198622 -0.002107 0.320452
v 0.184401 0.010343 0.316636
v 0.199514 0.087666 0.324250
v 0.213701 0.077772 0.322521
v 0.221114 0.050941 0.319161
v 0.212745 0.010660 0.321761
v 0.248165 -0.005849 0.329489
v 0.232830 0.006816 0.325516
v 0.248167 0.066902 0.327341
v 0.260979 0.053969 0.333182
v 0.266828 0.033564 0.333641
v 0.263692 0.006193 0.332905
v 0.292957 -0.004502 0.355893
v 0.280141 0.004069 0.351145
v 0.311278 0.058621 0.361721
v 0.313142 0.041347 0.366389
v 0.307644 0.009155 0.363092
v 0.299593 0.064542 0.358745
v 0.292412 0.076911 0.376367
v 0.276902 0.066821 0.369259
v 0.284611 0.053845 0.354695
v 0.282083 0.078309 0.399004
v 0.264317 0.069126 0.391674
v 0.264317 0.069126 0.391674
v 0.282083 0.078309 0.399004
v 0.313302 0.058528 0.393290
v 0.305454 0.061243 0.403085
v 0.304938 0.043047 0.389184
v 0.296809 0.059687 0.417392
v 0.296809 0.059687 0.417392
v 0.231401 0.076163 0.346112
v 0.233288 0.063007 0.326864
v 0.228551 0.083163 0.373058
v 0.228551 0.083163 0.373058
v 0.182882 0.089458 0.339720
v 0.184648 0.082163 0.321287
v 0.184410 0.084875 0.369835
v 0.184410 0.084875 0.369835
v 0.188491 0.117365 0.435414
v 0.138082 0.053065 0.363967
v 0.138135 0.057509 0.350463
v 0.140696 0.043533 0.380792
v 0.128593 0.039115 0.403087
v 0.140696 0.043533 0.380792
v 0.149088 0.076868 0.378754
v 0.124699 0.052955 0.434891
v 0.143303 0.105753 0.437832
v 0.187054 0.136573 0.445854
v 0.143552 0.126696 0.461958
v 0.124635 0.050591 0.543422
v 0.166691 0.006642 0.564100
v 0.166908 0.027575 0.503974
v 0.132756 0.051892 0.480825
v 0.216362 0.022500 0.513124
v 0.205544 0.002472 0.566346
v 0.256932 0.025314 0.526917
v 0.249687 0.016468 0.569344
v 0.264629 0.040701 0.563462
v 0.269673 0.117377 0.508596
v 0.242391 0.133211 0.460765
v 0.243658 0.115112 0.450780
v 0.122434 0.076473 0.467965
v 0.127835 0.093927 0.513398
v 0.124635 0.050591 0.543422
v 0.132756 0.051892 0.480825
v 0.127323 0.017740 0.444216
v 0.126464 0.006235 0.410961
v 0.145208 0.009795 0.385720
v 0.145208 0.009795 0.385720
v 0.139713 0.010812 0.361311
v 0.319659 0.012819 0.420616
v 0.326711 0.017410 0.406516
v 0.279132 0.035942 0.350655
v 0.255925 0.058434 0.387817
v 0.227033 0.042086 0.325023
v 0.219366 0.071533 0.373859
v 0.176395 0.058748 0.315410
v 0.178817 0.065801 0.374278
v 0.169042 0.074806 0.374866
v 0.307676 0.066982 0.427073
v 0.218134 0.005019 0.342991
v 0.212745 0.010660 0.321761
v 0.266111 0.003622 0.352372
v 0.263692 0.006193 0.332905
v 0.231641 -0.006972 0.406709
v 0.307644 0.009155 0.363092
v 0.300901 0.000629 0.381788
v 0.304635 0.006484 0.388074
v 0.280141 0.004069 0.351145
v 0.232830 0.006816 0.325516
v 0.184401 0.010343 0.316636
v 0.144093 0.020946 0.348690
v 0.313892 0.023094 0.383435
v 0.321228 0.051843 0.387842
v 0.330286 0.044076 0.393572
v 0.326918 0.023204 0.393504
v 0.146205 0.029587 0.337478
v 0.165565 0.058142 0.337110
v 0.163765 0.026462 0.336198
v 0.189224 0.023854 0.311423
v 0.199090 0.074390 0.314637
v 0.213904 0.060421 0.316930
v 0.211611 0.028659 0.314199
v 0.238844 0.010325 0.319072
v 0.246933 0.053821 0.327970
v 0.257519 0.041833 0.329929
v 0.257673 0.013832 0.324392
v 0.291184 0.018590 0.345272
v 0.310947 0.045764 0.355257
v 0.309220 0.021641 0.351867
v 0.290798 0.041132 0.348370
v 0.300980 0.055286 0.350382
v 0.315443 0.040334 0.385823
v 0.237260 0.046411 0.324075
v 0.187133 0.060509 0.313546
v 0.144473 0.059411 0.338749
v 0.154826 0.073010 0.337070
v 0.313892 0.023094 0.383435
v 0.291184 0.018590 0.345272
v 0.238844 0.010325 0.319072
v 0.189224 0.023854 0.311423
v 0.146205 0.029587 0.337478
v 0.271332 0.225721 0.595725
v 0.284855 0.215309 0.548538
v 0.232640 0.226515 0.634016
v 0.116661 0.080364 0.567054
v 0.151914 0.063116 0.646818
v 0.116661 0.080364 0.567054
v 0.190001 0.058330 0.660172
v 0.270787 0.209860 0.510307
v 0.263843 0.145263 0.523376
v 0.242585 0.154636 0.464800
v 0.149681 0.014629 0.599351
v 0.123935 0.042354 0.596283
v 0.199185 0.005555 0.602602
v 0.245227 0.014869 0.606146
v 0.256283 0.039187 0.602299
v 0.151197 0.035751 0.634774
v 0.194220 0.025653 0.641682
v 0.123935 0.042354 0.596283
v 0.217691 0.328018 0.326155
v 0.235624 0.355907 0.314985
v 0.201459 0.349445 0.305107
v 0.201802 0.323177 0.329070
v 0.197789 0.327424 0.656941
v 0.144878 0.320534 0.636981
v 0.246942 0.394785 0.648518
v 0.242432 0.417001 0.621561
v 0.283526 0.440729 0.571262
v 0.284645 0.477495 0.593572
v 0.308392 0.495437 0.532468
v 0.293928 0.449593 0.507209
v 0.250938 0.464565 0.634058
v 0.262592 0.578579 0.297565
v 0.257206 0.489704 0.299902
v 0.318096 0.504295 0.359504
v 0.322089 0.614227 0.357533
v 0.189459 0.571000 0.313189
v 0.199486 0.610099 0.331108
v 0.240573 0.648200 0.293301
v 0.203348 0.595754 0.311252
v 0.192593 0.519221 0.285503
v 0.189883 0.457723 0.284729
v 0.250002 0.359469 0.354214
v 0.231512 0.317535 0.370883
v 0.190893 0.205217 0.435473
v 0.247487 0.214141 0.460490
v 0.238220 0.271931 0.418378
v 0.189536 0.267313 0.395873
v 0.102338 0.306199 0.534792
v 0.104995 0.355202 0.535276
v 0.234366 0.030016 0.632796
v 0.196897 0.448835 0.643914
v 0.186864 0.481671 0.672117
v 0.176104 0.591683 0.685246
v 0.283284 0.418624 0.499630
v 0.279406 0.423913 0.569684
v 0.187749 0.156401 0.447761
v 0.150578 0.153324 0.459918
v 0.154799 0.357390 0.319974
v 0.194883 0.396094 0.283349
v 0.153735 0.395847 0.301896
v 0.307103 0.726512 0.520631
v 0.270957 0.787601 0.516530
v 0.298137 0.332914 0.583821
v 0.306140 0.319067 0.526044
v 0.258293 0.337239 0.648812
v 0.126504 0.304124 0.473578
v 0.102338 0.306199 0.534792
v 0.283205 0.327227 0.449869
v 0.275641 0.285637 0.476705
v 0.304978 0.375849 0.513136
v 0.128678 0.382833 0.512005
v 0.295411 0.395579 0.585267
v 0.294489 0.437923 0.421340
v 0.315124 0.490025 0.459660
v 0.081376 0.400744 0.418688
v 0.098511 0.416586 0.520763
v 0.245846 0.435787 0.620009
v 0.098511 0.416586 0.520763
v 0.116578 0.424645 0.596384
v 0.146178 0.395152 0.597390
v 0.123805 0.388073 0.519362
v 0.202463 0.414225 0.640759
v 0.149544 0.210687 0.449179
v 0.132635 0.280931 0.415141
v 0.305908 0.586587 0.556209
v 0.323559 0.616727 0.472121
v 0.114946 0.387056 0.351434
v 0.134186 0.369002 0.364943
v 0.147215 0.342229 0.369095
v 0.165727 0.332905 0.335903
v 0.171471 0.304123 0.365932
v 0.203427 0.295273 0.356805
v 0.094220 0.427500 0.347192
v 0.249888 0.410497 0.309491
v 0.291426 0.384996 0.428365
v 0.278164 0.743623 0.317503
v 0.207443 0.891626 0.414480
v 0.217427 -0.008788 0.470072
v 0.144510 0.023686 0.471978
v 0.170286 0.020790 0.491759
v 0.210984 0.015208 0.489454
v 0.244983 0.013839 0.512901
v 0.264693 0.024356 0.515643
v 0.140103 0.444146 0.316662
v 0.107904 0.340843 0.455139
v 0.274217 0.419697 0.351936
v 0.131567 0.486922 0.319722
v 0.140183 0.553051 0.386286
v 0.127091 0.545443 0.382297
v 0.104995 0.355202 0.535276
v 0.004061 0.813684 0.717513
v 0.180207 0.435470 -0.480763
v 0.190101 0.443998 -0.494034
v 0.247399 0.418256 -0.484369
v 0.322687 0.441762 -0.416225
v 0.385457 0.486583 -0.330070
v 0.390477 0.513992 -0.346606
v 0.253096 0.373138 -0.421404
v 0.244841 0.388245 -0.449650
v 0.321197 0.412783 -0.402295
v 0.377664 0.441702 -0.310297
v 0.388164 0.603153 -0.384619
v 0.189349 0.465023 -0.504722
v 0.213704 0.545438 -0.571075
v 0.163660 0.452477 -0.391300
v 0.174160 0.437553 -0.486291
v 0.170905 0.435986 -0.413617
v 0.151355 0.496442 -0.547566
v 0.151522 0.466321 -0.516656
v 0.051536 0.354973 -0.349904
v 0.111825 0.401761 -0.187412
v 0.385457 0.486583 -0.330070
v 0.322687 0.441762 -0.416225
v 0.247399 0.418256 -0.484369
v 0.180207 0.435470 -0.480763
v 0.124639 0.496632 -0.373206
v 0.235561 0.705661 -0.056240
v 0.242663 0.689493 -0.096141
v 0.387007 0.551024 -0.233371
v 0.372068 0.689757 -0.259679
v 0.386750 0.596629 -0.241062
v 0.387007 0.551024 -0.233371
v 0.337072 0.640083 -0.188746
v 0.287087 0.683232 -0.150750
v 0.252899 0.720060 -0.137603
v 0.303276 0.717503 -0.184549
v 0.298003 0.621982 -0.178089
v 0.340103 0.586173 -0.199962
v 0.127374 0.524980 0.347615
v 0.060712 0.803371 0.657912
v 0.046319 0.840045 0.657228
v 0.068508 0.829526 0.632147
v 0.153479 0.437509 0.642769
v 0.029206 0.765389 0.685072
v 0.085520 0.774342 0.675631
v 0.029206 0.765389 0.685072
v 0.022450 0.792409 0.668489
v 0.060712 0.803371 0.657912
v 0.068508 0.829526 0.632147
v 0.096481 0.676787 0.697036
v 0.040296 0.651478 0.702940
v 0.040296 0.651478 0.702940
v 0.110203 0.632717 0.697926
v 0.042240 0.612233 0.701508
v 0.042240 0.612233 0.701508
v 0.061521 0.487855 0.576809
v 0.031593 0.494903 0.618454
v 0.031593 0.494903 0.618454
v 0.109367 0.552719 0.681497
v 0.031582 0.566301 0.690662
v 0.031582 0.566301 0.690662
v 0.029815 0.518193 0.665133
v 0.031593 0.494903 0.618454
v 0.075826 0.499954 0.639054
v 0.029815 0.518193 0.665133
v 0.061521 0.487855 0.576809
v 0.031593 0.494903 0.618454
v 0.276470 0.716804 0.590629
v 0.338521 0.207663 -0.298186
v 0.325270 0.154406 -0.327700
v 0.397490 0.203746 -0.235242
v 0.214524 0.118515 -0.356543
v 0.274358 0.126760 -0.356861
v 0.283051 0.147531 -0.346064
v 0.224592 0.148722 -0.348758
v 0.193021 0.149381 -0.314118
v 0.176507 0.144394 -0.294405
v 0.389309 0.199178 -0.213215
v 0.226226 0.768069 -0.107471
v 0.255562 0.786483 -0.169502
v 0.104870 0.965804 0.224773
v 0.086214 0.949101 0.127656
v 0.191345 0.916258 -0.397065
v 0.163491 0.930685 -0.546343
v 0.210750 0.070944 0.293629
v 0.214510 0.040258 0.299513
v 0.211611 0.028659 0.314199
v 0.213904 0.060421 0.316930
v 0.212849 0.045778 0.265741
v 0.214051 0.028796 0.275324
v 0.204593 -0.004323 0.256823
v 0.204437 -0.005393 0.259629
v 0.199090 0.074390 0.314637
v 0.200018 0.079457 0.287316
v 0.204085 0.049917 0.258286
v 0.195102 0.019547 0.273728
v 0.195102 0.019547 0.273728
v 0.187941 0.030897 0.295406
v 0.187941 0.030897 0.295406
v 0.189224 0.023854 0.311423
v 0.189224 0.023854 0.311423
v 0.187941 0.030897 0.295406
v 0.191448 0.065522 0.287633
v 0.187133 0.060509 0.313546
v 0.195102 0.019547 0.273728
v 0.195930 0.037749 0.262252
v 0.204437 -0.005393 0.259629
v 0.162942 0.050861 0.314415
v 0.162603 0.025324 0.322091
v 0.163765 0.026462 0.336198
v 0.165565 0.058142 0.337110
v 0.159644 0.025233 0.290324
v 0.160121 0.014343 0.299566
v 0.150224 -0.004677 0.287581
v 0.150962 -0.005358 0.289687
v 0.154571 0.064922 0.309926
v 0.154826 0.073010 0.337070
v 0.153412 0.031069 0.286036
v 0.150962 -0.005358 0.289687
v 0.146358 0.015191 0.297905
v 0.160121 0.014343 0.299566
v 0.142691 0.026875 0.321028
v 0.162603 0.025324 0.322091
v 0.160121 0.014343 0.299566
v 0.146205 0.029587 0.337478
v 0.163765 0.026462 0.336198
v 0.162603 0.025324 0.322091
v 0.145150 0.059349 0.310830
v 0.144473 0.059411 0.338749
v 0.147382 0.026467 0.288694
v 0.263362 0.054695 0.310328
v 0.262943 0.022002 0.309649
v 0.257673 0.013832 0.324392
v 0.257519 0.041833 0.329929
v 0.266443 0.039098 0.283159
v 0.263843 0.020373 0.289444
v 0.263356 -0.003099 0.272038
v 0.263110 -0.004473 0.275636
v 0.253045 0.066825 0.306069
v 0.246933 0.053821 0.327970
v 0.261894 0.049046 0.276937
v 0.238844 0.010325 0.319072
v 0.244174 0.032182 0.302947
v 0.243908 0.055101 0.305130
v 0.237260 0.046411 0.324075
v 0.251936 0.027903 0.284919
v 0.254757 0.042398 0.279983
v 0.263110 -0.004473 0.275636
v 0.263843 0.020373 0.289444
v 0.262943 0.022002 0.309649
v 0.257673 0.013832 0.324392
v 0.320757 0.049335 0.336236
v 0.319584 0.025433 0.338956
v 0.309220 0.021641 0.351867
v 0.310947 0.045764 0.355257
v 0.328035 0.034609 0.315666
v 0.322546 0.017980 0.325414
v 0.324345 -0.003751 0.309247
v 0.323812 -0.005495 0.312182
v 0.312333 0.058706 0.330109
v 0.300980 0.055286 0.350382
v 0.321871 0.039525 0.312080
v 0.291184 0.018590 0.345272
v 0.299041 0.030167 0.329225
v 0.302355 0.050462 0.328627
v 0.290798 0.041132 0.348370
v 0.311311 0.021267 0.316158
v 0.313322 0.033877 0.312677
v 0.323812 -0.005495 0.312182
v 0.322546 0.017980 0.325414
v 0.319584 0.025433 0.338956
v 0.309220 0.021641 0.351867
v 0.330286 0.044076 0.393572
v 0.339905 0.041187 0.372539
v 0.336241 0.019253 0.378076
v 0.326918 0.023204 0.393504
v 0.346551 0.025155 0.356367
v 0.342873 0.013181 0.364211
v 0.343961 -0.002169 0.351386
v 0.342738 -0.003547 0.353606
v 0.332547 0.048865 0.367228
v 0.321228 0.051843 0.387842
v 0.343432 0.030464 0.350522
v 0.313892 0.023094 0.383435
v 0.322089 0.024500 0.368868
v 0.326594 0.039027 0.367443
v 0.315443 0.040334 0.385823
v 0.334161 0.016166 0.357653
v 0.336756 0.024605 0.353532
v 0.342738 -0.003547 0.353606
v 0.342873 0.013181 0.364211
v 0.336241 0.019253 0.378076
v 0.326918 0.023204 0.393504
v 0.163765 0.026462 0.336198
v 0.211611 0.028659 0.314199
v 0.257673 0.013832 0.324392
v 0.309220 0.021641 0.351867
v 0.326918 0.023204 0.393504
v 0.355745 0.089819 -0.276007
v 0.114901 0.985764 0.337829
v 0.063093 0.326371 0.068495
v 0.132326 0.384741 0.063301
v 0.152234 0.352340 0.259442
v 0.075623 0.284917 0.279932
v 0.144912 0.360957 0.157334
v 0.067035 0.298915 0.172736
v 0.184713 0.879522 -0.153094
v 0.113647 0.916959 -0.153997
v 0.231289 0.921142 -0.284093
v 0.269441 0.883629 -0.271887
v 0.220394 0.767455 -0.001365
v 0.231803 0.591854 0.030691
v 0.217626 0.835418 -0.163111
v 0.201618 0.814299 -0.098971
v 0.211575 0.496923 0.047075
v 0.170239 0.870570 -0.081118
v 0.093757 0.944002 -0.057463
v 0.183140 0.844610 0.021924
v 0.089537 0.948180 0.049896
v 0.381739 0.145608 -0.281066
v 0.379609 0.175099 -0.228656
v 0.387920 0.171604 -0.252258
v 0.362755 0.133036 -0.235337
v 0.188249 0.077721 -0.272391
v 0.189327 0.053582 -0.283431
v 0.379609 0.175099 -0.228656
v 0.311084 0.119540 -0.329151
v 0.004714 0.536965 -1.094777
v 0.004757 0.536349 -1.101359
v -0.009251 0.539734 -1.100345
v -0.008218 0.543151 -1.091324
v -0.026228 0.570456 -1.065512
v -0.022184 0.566679 -1.066480
v -0.035595 0.566049 -1.077560
v -0.041788 0.570421 -1.070821
v -0.017303 0.556898 -1.089009
v -0.024328 0.553528 -1.090602
v -0.015960 0.564496 -1.077648
v -0.032689 0.561885 -1.093404
v -0.030906 0.584296 -1.094476
v -0.040063 0.594268 -1.074131
v -0.008218 0.543151 -1.091324
v -0.011734 0.566704 -1.087530
v 0.004581 0.561157 -1.090949
v 0.004714 0.536965 -1.094777
v 0.004757 0.536349 -1.101359
v 0.004712 0.554459 -1.107772
v -0.009926 0.552261 -1.107732
v -0.009251 0.539734 -1.100345
v -0.014395 0.536208 -1.091503
v -0.016013 0.534110 -1.095958
v -0.023147 0.554976 -1.104192
v -0.017303 0.556898 -1.089009
v -0.034017 0.565072 -1.062082
v -0.035683 0.588010 -1.039175
v -0.037986 0.581693 -1.048196
v -0.039816 0.577378 -1.032233
v -0.024328 0.553528 -1.090602
v -0.054143 0.597566 -1.023501
v -0.058903 0.613542 -0.978742
v -0.041033 0.600495 -0.983694
v -0.041341 0.589644 -1.018595
v -0.039816 0.577378 -1.032233
v -0.050211 0.587311 -1.045312
v -0.019409 0.532995 -1.049248
v -0.031195 0.530721 -1.051016
v -0.029626 0.523346 -1.057747
v -0.017170 0.528571 -1.056434
v -0.008690 0.493010 -1.060855
v -0.018505 0.507799 -1.079292
v -0.024307 0.509934 -1.069498
v -0.025104 0.507527 -1.047294
v -0.001660 0.515787 -1.082796
v -0.004858 0.512538 -1.065523
v -0.010995 0.514799 -1.073023
v -0.014855 0.511877 -1.075149
v -0.000476 0.514000 -1.088744
v -0.001660 0.515787 -1.082796
v -0.005919 0.512200 -1.088467
v -0.004276 0.503192 -1.082448
v -0.011441 0.514323 -1.088396
v -0.014855 0.511877 -1.075149
v -0.028409 0.542256 -1.051382
v -0.037206 0.549497 -1.029854
v -0.029348 0.551573 -1.038340
v -0.043126 0.581240 -0.953059
v -0.041208 0.571210 -0.975788
v -0.038411 0.586601 -0.973808
v -0.037872 0.597685 -0.963052
v -0.038385 0.568541 -1.006939
v -0.033817 0.584532 -1.002055
v -0.030012 0.570828 -1.012200
v -0.031036 0.559034 -1.036895
v -0.016741 0.512604 -1.073000
v -0.038998 0.609084 -0.985184
v -0.024210 0.583053 -0.971443
v -0.031165 0.598216 -0.968037
v -0.059442 0.650150 -0.913413
v -0.061138 0.630117 -0.932024
v -0.060622 0.627126 -0.951830
v -0.060668 0.648311 -0.947971
v -0.044881 0.625240 -0.955557
v -0.044495 0.627853 -0.931963
v -0.012040 0.572212 -1.078157
v -0.034392 0.524081 -1.060394
v -0.029460 0.548307 -1.066968
v -0.026245 0.545381 -1.071483
v -0.034392 0.524081 -1.060394
v -0.026245 0.545381 -1.071483
v -0.029548 0.542222 -1.080382
v -0.034392 0.524081 -1.060394
v -0.037087 0.544155 -1.080058
v -0.037210 0.548209 -1.073509
v -0.034392 0.524081 -1.060394
v -0.037210 0.548209 -1.073509
v -0.029460 0.548307 -1.066968
v -0.037986 0.581693 -1.048196
v -0.038375 0.597484 -1.010328
v -0.041341 0.589644 -1.018595
v -0.041033 0.600495 -0.983694
v -0.038998 0.609084 -0.985184
v -0.034392 0.524081 -1.060394
v -0.029548 0.542222 -1.080382
v -0.037087 0.544155 -1.080058
v -0.015884 0.527855 -1.080888
v -0.018557 0.534707 -1.072868
v -0.021899 0.543578 -1.091813
v -0.019281 0.524976 -1.083773
v -0.015884 0.527855 -1.080888
v -0.021899 0.543578 -1.091813
v -0.026017 0.532472 -1.074901
v -0.023856 0.525609 -1.082502
v -0.021899 0.543578 -1.091813
v -0.018557 0.534707 -1.072868
v -0.026017 0.532472 -1.074901
v -0.021899 0.543578 -1.091813
v -0.028409 0.542256 -1.051382
v -0.019409 0.532995 -1.049248
v -0.029348 0.551573 -1.038340
v -0.023856 0.525609 -1.082502
v -0.019281 0.524976 -1.083773
v -0.021899 0.543578 -1.091813
v -0.053085 0.626992 -0.920837
v -0.051407 0.613665 -0.926866
v -0.040907 0.620178 -0.922474
v -0.037256 0.630820 -0.915267
v -0.047820 0.597427 -0.917415
v -0.052373 0.626570 -0.900199
v -0.039511 0.559035 -0.993002
v -0.024922 0.577955 -0.956264
v -0.029067 0.601159 -0.920938
v -0.024210 0.583053 -0.971443
v -0.037186 0.634124 -0.957657
v -0.038290 0.614359 -1.008027
v -0.034575 0.602201 -1.050613
v -0.022606 0.583965 -1.069335
v -0.026228 0.570456 -1.065512
v -0.052567 0.615784 -1.024100
v -0.060511 0.636365 -0.983695
v -0.044881 0.625240 -0.955557
v -0.034017 0.565072 -1.062082
v -0.014395 0.536208 -1.091503
v -0.008426 0.536230 -1.092792
v -0.009098 0.533964 -1.097523
v -0.016013 0.534110 -1.095958
v -0.014808 0.578248 -1.105743
v -0.009926 0.552261 -1.107732
v -0.014395 0.536208 -1.091503
v -0.016013 0.534110 -1.095958
v -0.023147 0.554976 -1.104192
v -0.030164 0.520593 -1.036347
v -0.014892 0.529688 -1.045513
v -0.021879 0.553004 -1.002828
v -0.023301 0.560982 -1.008349
v -0.033817 0.584532 -1.002055
v -0.030012 0.570828 -1.012200
v -0.017170 0.528571 -1.056434
v -0.010555 0.517384 -1.069422
v -0.016741 0.512604 -1.073000
v -0.035564 0.541172 -1.016159
v -0.015960 0.564496 -1.077648
v -0.022184 0.566679 -1.066480
v -0.015960 0.564496 -1.077648
v -0.024328 0.553528 -1.090602
v -0.035595 0.566049 -1.077560
v -0.032689 0.561885 -1.093404
v -0.035595 0.566049 -1.077560
v -0.022184 0.566679 -1.066480
v -0.024328 0.553528 -1.090602
v -0.032689 0.561885 -1.093404
v 0.004753 0.489719 -1.065431
v 0.004793 0.501879 -1.081341
v 0.004744 0.514751 -1.083017
v 0.004789 0.511358 -1.087968
v -0.022184 0.566679 -1.066480
v -0.044495 0.627853 -0.931963
v -0.048071 0.605619 -1.048469
v 0.004712 0.554459 -1.107772
v 0.004625 0.576586 -1.110102
v -0.040907 0.620178 -0.922474
v -0.031165 0.598216 -0.968037
v 0.004744 0.514751 -1.083017
v 0.004685 0.508873 -1.068713
v -0.034677 0.634800 -0.897756
v -0.037256 0.630820 -0.915267
v -0.010555 0.517384 -1.069422
v -0.017170 0.528571 -1.056434
v -0.016741 0.512604 -1.073000
v -0.010555 0.517384 -1.069422
v -0.029626 0.523346 -1.057747
v -0.024307 0.509934 -1.069498
v -0.017170 0.528571 -1.056434
v -0.029626 0.523346 -1.057747
v -0.024307 0.509934 -1.069498
v -0.016741 0.512604 -1.073000
v -0.008426 0.536230 -1.092792
v -0.008218 0.543151 -1.091324
v -0.009251 0.539734 -1.100345
v -0.009098 0.533964 -1.097523
v -0.009098 0.533964 -1.097523
v -0.018235 0.620651 -1.053652
v -0.022576 0.641096 -1.012092
v 0.003700 0.647060 -1.009448
v 0.004098 0.618634 -1.054169
v 0.004393 0.591682 -1.082868
v -0.009954 0.591500 -1.082412
v -0.019998 0.657652 -0.943340
v 0.003221 0.662918 -0.941424
v -0.017584 0.653981 -0.878078
v 0.002817 0.660495 -0.872139
v -0.034677 0.634800 -0.897756
v -0.017584 0.653981 -0.878078
v -0.017469 0.660875 -0.834862
v 0.002590 0.663952 -0.836754
v 0.002817 0.660495 -0.872139
v -0.024571 0.633523 -0.873125
v 0.003587 0.571840 -0.933094
v 0.003151 0.603669 -0.884611
v 0.004504 0.521113 -1.047862
v 0.004028 0.541665 -0.983853
v -0.015164 0.652040 -0.823085
v 0.002490 0.652027 -0.811003
v -0.037256 0.630820 -0.915267
v -0.053085 0.626992 -0.920837
v -0.037256 0.630820 -0.915267
v -0.052373 0.626570 -0.900199
v -0.008426 0.536230 -1.092792
v -0.031036 0.559034 -1.036895
v 0.004681 0.521916 -1.077956
v -0.008011 0.527786 -1.068757
v -0.008566 0.539763 -1.049964
v 0.004483 0.531551 -1.052224
v 0.003606 0.579543 -0.942224
v 0.003949 0.558591 -0.983616
v -0.013819 0.568167 -0.981557
v -0.014389 0.590595 -0.941949
v -0.004119 0.529789 -1.079117
v 0.004687 0.525483 -1.081792
v 0.004462 0.544774 -1.058787
v -0.004192 0.550110 -1.059476
v -0.002560 0.588251 -0.992185
v 0.003887 0.582418 -0.991452
v 0.003539 0.605140 -0.950610
v -0.006520 0.612400 -0.953065
v 0.004729 0.521167 -1.085547
v -0.005029 0.523816 -1.083197
v -0.005029 0.523816 -1.083197
v 0.004729 0.521167 -1.085547
v -0.011798 0.532287 -1.071863
v -0.017653 0.549810 -1.053802
v -0.027413 0.580642 -0.984964
v -0.028247 0.603644 -0.946237
v -0.009854 0.534813 -1.071276
v -0.014942 0.549153 -1.053446
v -0.020780 0.589648 -0.990059
v -0.021453 0.613141 -0.951474
v 0.004235 0.548821 -1.023921
v -0.010523 0.555838 -1.021388
v -0.003636 0.571506 -1.029475
v 0.004188 0.565864 -1.029170
v -0.022845 0.565539 -1.025402
v -0.016265 0.572041 -1.027084
v -0.014519 0.601537 -0.893501
v 0.003275 0.586548 -0.892190
v -0.007821 0.623955 -0.902488
v 0.003192 0.619467 -0.903455
v -0.028513 0.614382 -0.896011
v -0.021714 0.624364 -0.900562
v -0.014169 0.608455 -0.858193
v 0.002978 0.599889 -0.852713
v -0.009559 0.628056 -0.859507
v 0.002924 0.623597 -0.861759
v -0.024962 0.619453 -0.855847
v -0.020527 0.628607 -0.862043
v -0.007250 1.064282 -0.173292
v -0.008156 1.072532 -0.093183
v -0.091217 1.024353 -0.069724
v -0.094935 1.027672 -0.184217
v -0.057839 1.019047 -0.274085
v -0.006115 1.031220 -0.254685
v -0.192028 0.952115 -0.163015
v -0.241279 0.916973 -0.290320
v -0.279901 0.878097 -0.284489
v -0.252585 0.891348 -0.182070
v -0.299533 0.831677 -0.286108
v -0.288587 0.838622 -0.216464
v -0.161959 0.963406 -0.091098
v -0.215432 0.912993 -0.115256
v -0.239965 0.852749 -0.127799
v -0.304175 0.876018 -0.431803
v -0.231812 0.853543 -0.524121
v -0.190522 0.951616 -0.456619
v -0.255457 0.965746 -0.380862
v -0.006752 1.116722 -0.258173
v -0.134272 1.061303 -0.269591
v -0.131601 1.031530 -0.365013
v -0.005514 1.078907 -0.341083
v -0.322581 0.900233 -0.374114
v -0.302856 0.763221 -0.446910
v -0.308197 0.789804 -0.475294
v -0.197694 0.826969 -0.589968
v -0.167457 0.928069 -0.550253
v -0.072569 0.999234 -0.539038
v -0.002943 1.024123 -0.530236
v -0.004164 1.024899 -0.423551
v -0.091362 0.990018 -0.433547
v -0.211364 0.732875 -0.606694
v -0.284222 0.986705 -0.287659
v -0.000991 0.981321 -0.649865
v -0.110680 0.962541 -0.655195
v -0.096334 0.900089 -0.731633
v 0.000350 0.932002 -0.724934
v -0.088318 0.542706 -0.725880
v -0.148346 0.580204 -0.743114
v -0.171163 0.542216 -0.682898
v -0.105061 0.486758 -0.686272
v -0.235399 0.646209 -0.656198
v -0.173303 0.650434 -0.720300
v -0.186619 0.739554 -0.706617
v -0.186155 0.777110 -0.649515
v -0.145612 0.827642 -0.721207
v -0.161683 0.892574 -0.643075
v 0.003567 0.479661 -0.782194
v -0.041415 0.500799 -0.743974
v -0.054209 0.448078 -0.688304
v 0.003255 0.439081 -0.695857
v -0.115295 0.417348 -0.602131
v -0.063203 0.383235 -0.592566
v -0.003199 1.053050 -0.527963
v -0.116392 1.016036 -0.545926
v -0.186886 0.956073 -0.536960
v -0.270755 0.638345 -0.603750
v -0.186618 0.484288 -0.608677
v -0.238699 0.839968 -0.571661
v 0.002781 0.373953 -0.580220
v -0.100656 0.859133 -0.787290
v 0.001560 0.865266 -0.814153
v -0.084340 0.530619 -0.823288
v -0.142959 0.612802 -0.817204
v -0.151641 0.659623 -0.829552
v -0.180991 0.709826 -0.836362
v -0.155487 0.763954 -0.814376
v 0.003762 0.466050 -0.824714
v -0.041206 0.503200 -0.820157
v -0.181217 0.721933 -0.837104
v -0.201863 0.726930 -0.781660
v -0.174202 0.644743 -0.784068
v -0.151859 0.671156 -0.836098
v -0.084343 0.533224 -0.834082
v -0.142997 0.615060 -0.820928
v -0.151342 0.591658 -0.794696
v -0.102021 0.522979 -0.807514
v 0.003762 0.466050 -0.824714
v -0.041161 0.501964 -0.818093
v -0.046079 0.483720 -0.802275
v 0.003840 0.444309 -0.823370
v -0.100656 0.859136 -0.787286
v -0.095916 0.885413 -0.759736
v -0.193316 0.800506 -0.752932
v -0.155650 0.772689 -0.810244
v 0.001057 0.910123 -0.778379
v 0.001560 0.865266 -0.814153
v -0.227612 0.827498 -0.705120
v -0.260923 0.726033 -0.730347
v -0.120226 0.481235 -0.745563
v -0.052153 0.430269 -0.778220
v -0.247745 0.648078 -0.735587
v -0.187618 0.541307 -0.740075
v 0.004020 0.413325 -0.805710
v -0.137692 0.971128 -0.650120
v -0.000153 0.982035 -0.705153
v -0.139150 0.674858 -0.880496
v -0.166210 0.732140 -0.870448
v -0.113881 0.602095 -0.907028
v 0.004088 0.484666 -0.904190
v -0.043633 0.534801 -0.940439
v -0.087006 0.576590 -0.935959
v -0.128615 0.639188 -0.889122
v -0.127143 0.828289 -0.855927
v -0.053002 0.873377 -0.852398
v -0.161210 0.770618 -0.877659
v 0.001752 0.858123 -0.845072
v -0.089910 0.866258 -0.846575
v -0.143031 0.797523 -0.872655
v -0.160022 0.832598 -0.827186
v -0.154677 0.819096 -0.850195
v -0.143086 0.826241 -0.855185
v -0.151462 0.837735 -0.830790
v -0.158322 0.892042 -0.835923
v -0.143688 0.899868 -0.830332
v -0.162515 0.900055 -0.809157
v -0.169812 0.894680 -0.826732
v -0.147313 0.871537 -0.849210
v -0.134154 0.874485 -0.855427
v -0.146307 0.883552 -0.819553
v -0.151861 0.859900 -0.808256
v -0.134091 0.850097 -0.819269
v -0.128890 0.868075 -0.838099
v -0.131012 0.843191 -0.859015
v -0.127143 0.828289 -0.855927
v -0.139045 0.821836 -0.874949
v -0.141822 0.842945 -0.862228
v -0.171145 0.859187 -0.814476
v -0.177608 0.882378 -0.816842
v -0.158322 0.892042 -0.835923
v -0.128890 0.868075 -0.838099
v -0.146307 0.883552 -0.819553
v -0.075819 0.684491 -1.013608
v -0.088550 0.680385 -0.996725
v -0.071967 0.661768 -1.006030
v -0.068784 0.673044 -1.019366
v -0.049016 0.690812 -1.032570
v -0.043536 0.683800 -1.028565
v -0.041832 0.683002 -1.041494
v -0.050763 0.693344 -1.042401
v -0.059732 0.571293 -1.002850
v -0.071887 0.575174 -0.991253
v -0.063788 0.565343 -1.001845
v -0.055108 0.571824 -1.015134
v -0.058538 0.679710 -1.024805
v -0.048551 0.678186 -1.025787
v -0.049302 0.691580 -1.013235
v -0.049016 0.690812 -1.032570
v -0.043536 0.683800 -1.028565
v -0.064054 0.690048 -1.026926
v -0.065031 0.688523 -1.023812
v -0.068099 0.698948 -1.034135
v -0.076756 0.696590 -1.022683
v -0.064054 0.690048 -1.026926
v -0.060002 0.691731 -1.029793
v -0.174563 0.878160 -0.789335
v -0.131962 0.892731 -0.781807
v -0.148593 0.874368 -0.771777
v -0.123796 0.633090 -0.922727
v -0.104279 0.621962 -0.946118
v -0.111307 0.636429 -0.954986
v -0.148174 0.662443 -0.921475
v -0.076830 0.692849 -1.012823
v -0.091854 0.693241 -0.997716
v -0.062328 0.683226 -1.023769
v -0.058538 0.679710 -1.024805
v -0.051310 0.668681 -1.023564
v -0.048551 0.678186 -1.025787
v -0.035468 0.690244 -1.052014
v -0.042474 0.709286 -1.050012
v -0.062328 0.683226 -1.023769
v -0.065031 0.688523 -1.023812
v -0.034384 0.672736 -1.037767
v -0.061822 0.570271 -1.006655
v -0.053081 0.575743 -1.002214
v -0.055530 0.573386 -1.002264
v -0.060132 0.557877 -1.034214
v -0.063467 0.564553 -1.011699
v -0.055491 0.567570 -1.009348
v -0.053852 0.554603 -1.035309
v -0.019767 0.514516 -1.082135
v -0.035288 0.523098 -1.064673
v -0.039292 0.517044 -1.067623
v -0.024276 0.511030 -1.085298
v -0.036290 0.509407 -1.061944
v -0.045417 0.533325 -1.055656
v -0.044211 0.526869 -1.044030
v -0.049759 0.563471 -1.032556
v -0.040815 0.541703 -1.055898
v -0.043386 0.563536 -1.032608
v -0.048459 0.573574 -1.014483
v -0.040082 0.558890 -1.018621
v -0.047525 0.576896 -0.996111
v -0.052882 0.604918 -0.993197
v -0.051724 0.589664 -0.989053
v -0.058681 0.615005 -0.928541
v -0.047123 0.638929 -0.956892
v -0.043317 0.538437 -1.075841
v -0.027976 0.530326 -1.102791
v -0.029665 0.548374 -1.113470
v -0.046350 0.559519 -1.091541
v -0.061900 0.585098 -1.039824
v -0.073437 0.599139 -1.013101
v -0.022986 0.590475 -1.131624
v -0.010174 0.597688 -1.146097
v -0.014719 0.610528 -1.132040
v -0.026263 0.601414 -1.122559
v -0.023439 0.577057 -1.116642
v -0.009711 0.570413 -1.125535
v -0.017936 0.587901 -1.128360
v -0.107606 0.694345 -0.977120
v -0.139733 0.700249 -0.933110
v -0.104680 0.653952 -0.972122
v -0.099062 0.672156 -0.981338
v -0.035919 0.666606 -1.036851
v -0.053806 0.657675 -1.020928
v -0.009711 0.570413 -1.125535
v -0.007004 0.585458 -1.121484
v -0.017936 0.587901 -1.128360
v -0.011895 0.546404 -1.122789
v -0.029407 0.588384 -1.105368
v -0.032033 0.608801 -1.100899
v -0.054354 0.571747 -1.067215
v -0.060002 0.691731 -1.029793
v -0.084586 0.614318 -0.961413
v -0.074906 0.631285 -0.990234
v -0.029889 0.674243 -1.048782
v -0.109219 0.714065 -0.985455
v -0.120894 0.735030 -0.960107
v -0.014020 0.679652 -1.053355
v -0.015426 0.699839 -1.049729
v -0.020730 0.722366 -1.042800
v -0.012432 0.617344 -1.109866
v -0.016589 0.639340 -1.081763
v -0.044013 0.623848 -1.071392
v -0.018380 0.664632 -1.062141
v -0.056026 0.639308 -1.040893
v -0.007340 0.589164 -1.143497
v -0.052882 0.604918 -0.993197
v -0.051724 0.589664 -0.989053
v -0.035190 0.607916 -1.048434
v -0.045660 0.588069 -1.045762
v -0.045660 0.588069 -1.045762
v -0.025322 0.525418 -1.098841
v -0.006637 0.529279 -1.105523
v -0.011328 0.532916 -1.110632
v 0.004841 0.532121 -1.112204
v -0.051153 0.546641 -1.053109
v -0.039765 0.535234 -1.071641
v -0.055362 0.547839 -1.057941
v -0.010990 0.582649 -1.083133
v -0.033467 0.573125 -1.085480
v -0.033467 0.573125 -1.085480
v -0.131862 0.823933 -0.893573
v -0.131820 0.845655 -0.881113
v -0.131341 0.803007 -0.892029
v -0.133225 0.806088 -0.874433
v -0.161210 0.770618 -0.877659
v -0.166210 0.732140 -0.870448
v -0.143725 0.719578 -0.896962
v -0.139637 0.757161 -0.922727
v -0.127143 0.828289 -0.855927
v -0.119247 0.816287 -0.918838
v -0.111596 0.885604 -0.806193
v -0.089909 0.866258 -0.846575
v -0.131962 0.892731 -0.781807
v -0.111596 0.885604 -0.806193
v -0.055861 0.904308 -0.794028
v -0.132114 0.901689 -0.750847
v -0.093447 0.841777 -0.905192
v -0.093447 0.841777 -0.905192
v -0.119247 0.816287 -0.918838
v -0.113871 0.807389 -0.930436
v -0.052550 0.853344 -0.914270
v -0.134231 0.791664 -0.905021
v -0.131341 0.803007 -0.892029
v -0.143031 0.797523 -0.872655
v -0.133225 0.806088 -0.874433
v -0.131962 0.892731 -0.781807
v -0.132114 0.901689 -0.750847
v -0.148593 0.874368 -0.771777
v -0.162572 0.852772 -0.776367
v -0.173592 0.854527 -0.792769
v -0.152573 0.826366 -0.805512
v -0.162572 0.852772 -0.776367
v -0.167536 0.868418 -0.752216
v -0.188694 0.830835 -0.782313
v -0.152573 0.826366 -0.805512
v -0.150474 0.813612 -0.831298
v -0.132990 0.817271 -0.866558
v -0.106948 0.791199 -0.949605
v -0.054662 0.817979 -0.955493
v -0.200558 0.779381 -0.822623
v -0.150474 0.813612 -0.831298
v -0.132990 0.817271 -0.866558
v -0.133225 0.806088 -0.874433
v -0.143031 0.797523 -0.872655
v -0.034609 0.532851 -1.044803
v -0.028026 0.764245 -1.015772
v -0.047822 0.731666 -1.040963
v -0.008953 0.561201 -1.106066
v -0.056716 0.942436 -0.760802
v -0.129204 0.925302 -0.734288
v -0.129204 0.925302 -0.734288
v -0.185265 0.875883 -0.729926
v -0.210911 0.838238 -0.747447
v -0.114384 0.511763 -0.855793
v -0.090211 0.531177 -0.891895
v -0.121895 0.587084 -0.889701
v -0.181432 0.585548 -0.838121
v -0.241497 0.799196 -0.771779
v -0.043633 0.534801 -0.940439
v -0.087006 0.576580 -0.935959
v -0.047303 0.500471 -0.901912
v -0.057655 0.459568 -0.845426
v -0.081562 0.729023 -1.021297
v -0.076628 0.714536 -1.031025
v -0.054743 0.715222 -1.046034
v -0.058859 0.697415 -1.041074
v -0.054650 0.692429 -1.031831
v -0.054650 0.692429 -1.031831
v -0.084052 0.593325 -0.956223
v -0.096630 0.596205 -0.930645
v -0.075834 0.580153 -0.959292
v -0.078759 0.586776 -0.991443
v -0.189384 0.636118 -0.838039
v -0.158674 0.639546 -0.866134
v -0.147777 0.675367 -0.864729
v -0.163397 0.676716 -0.838199
v -0.079946 0.644615 -0.988508
v -0.072352 0.653477 -0.992314
v 0.002567 0.817509 -0.950353
v 0.002177 0.837344 -0.900342
v 0.004744 0.600082 -1.148045
v 0.004603 0.612514 -1.133913
v -0.014102 0.504505 -1.088253
v 0.004884 0.496707 -1.092622
v 0.004828 0.504584 -1.089207
v -0.009882 0.510137 -1.086001
v 0.002891 0.779887 -0.975618
v -0.043859 0.782765 -0.982031
v 0.003155 0.754035 -1.000008
v 0.004454 0.616984 -1.112360
v 0.004124 0.643486 -1.077424
v 0.003631 0.703610 -1.041067
v 0.003446 0.728529 -1.029188
v 0.003921 0.667603 -1.061937
v 0.004641 0.563709 -1.103012
v 0.001752 0.858123 -0.845072
v -0.053002 0.873377 -0.852398
v 0.004812 0.488702 -1.074349
v -0.008958 0.489670 -1.069845
v 0.001343 0.899311 -0.808208
v 0.000964 0.940523 -0.776426
v 0.004146 0.455954 -0.882756
v 0.004163 0.433910 -0.875650
v 0.003762 0.684610 -1.048513
v -0.096478 0.704279 -1.006409
v -0.089915 0.753512 -0.999075
v -0.031664 0.494443 -1.038848
v -0.032773 0.502850 -1.022720
v -0.015555 0.486857 -1.069636
v -0.013819 0.476696 -1.050469
v 0.004752 0.470816 -1.050787
v 0.004860 0.480221 -1.075954
v -0.050139 0.543417 -0.976164
v 0.004088 0.484666 -0.904190
v 0.004292 0.483324 -0.945523
v -0.040082 0.558890 -1.018621
v -0.044116 0.578057 -0.966281
v -0.047525 0.576896 -0.996111
v -0.040864 0.524785 -1.002487
v -0.051069 0.552768 -1.023813
v -0.008158 0.527257 -1.035150
v -0.010629 0.548510 -0.975446
v -0.034609 0.532851 -1.044803
v 0.004441 0.487125 -1.011133
v -0.031210 0.512607 -1.059113
v -0.014070 0.511576 -1.050935
v -0.008158 0.527257 -1.035150
v -0.011467 0.481915 -1.026552
v -0.025053 0.504757 -1.077545
v 0.004832 0.545935 -1.121315
v -0.014047 0.499870 -1.082863
v 0.004856 0.493545 -1.085450
v 0.004776 0.588980 -1.144864
v -0.021210 0.503307 -1.061084
v -0.096845 0.767774 -0.973011
v -0.113881 0.602095 -0.907028
v -0.055239 0.649427 -1.023708
v -0.209159 0.738790 -0.827678
v -0.089909 0.866258 -0.846575
v -0.134091 0.850097 -0.819269
v -0.004050 0.580530 -1.135250
v -0.007340 0.589164 -1.143497
v -0.004050 0.580530 -1.135250
v 0.004755 0.580607 -1.134880
v -0.139150 0.674858 -0.880496
v -0.128615 0.639188 -0.889122
v 0.004762 0.568116 -1.126554
v -0.015535 0.574043 -0.931187
v -0.034181 0.664405 -1.049670
v 0.004620 0.471463 -1.029110
v 0.004613 0.507324 -1.055446
v 0.004522 0.519370 -1.049496
v -0.048643 0.614563 -0.901351
v -0.024099 0.622840 -0.875798
v -0.039409 0.648866 -0.921845
v -0.029251 0.657581 -0.889769
v -0.211364 0.732875 -0.606694
v -0.166155 0.742780 -0.649614
v -0.197693 0.826916 -0.590000
v -0.002943 1.024123 -0.530236
v -0.072571 0.999363 -0.539205
v -0.079720 0.948921 -0.657732
v -0.000329 0.949371 -0.689364
v -0.206211 0.594064 -0.616106
v -0.164391 0.521915 -0.609341
v -0.157242 0.590233 -0.642036
v -0.184619 0.649416 -0.648459
v -0.167462 0.928073 -0.549811
v -0.136982 0.896770 -0.656755
v -0.043753 0.360745 -0.477795
v 0.001777 0.354898 -0.480046
v 0.002300 0.365865 -0.533258
v -0.050664 0.388765 -0.550843
v -0.090788 1.013053 -0.451240
v -0.191409 0.963518 -0.473598
v -0.098482 0.431179 -0.567711
v -0.043296 0.478344 -0.672862
v -0.104042 0.525460 -0.667877
v -0.249120 0.844208 -0.536191
v -0.244236 0.703495 -0.578799
v -0.004245 1.058958 -0.440288
v -0.211529 0.545838 -0.587107
v -0.146921 0.446548 -0.539454
v 0.002952 0.470374 -0.680736
v -0.086744 0.387274 -0.493978
v -0.224139 0.625836 -0.598241
v -0.049983 0.372575 -0.441244
v 0.000355 0.364503 -0.427357
v -0.187039 1.049717 -0.382842
v -0.239595 1.004176 -0.392503
v -0.291796 0.852284 -0.498293
v -0.255592 0.677383 -0.522808
v -0.005438 1.120257 -0.376639
v -0.191361 0.532688 -0.559758
v -0.162003 0.436164 -0.496321
v -0.094659 0.390707 -0.449353
v -0.215949 0.601698 -0.562698
v -0.088314 0.542155 -0.721725
v -0.148312 0.578261 -0.736295
v -0.041403 0.500119 -0.740157
v 0.003567 0.479661 -0.782194
v -0.175187 0.729749 -0.718678
v -0.134769 0.827405 -0.728710
v -0.096306 0.900755 -0.736437
v -0.173285 0.649402 -0.715938
v 0.000350 0.932002 -0.724934
v -0.111330 1.035007 -0.192533
v -0.139743 1.017618 -0.292548
v -0.006319 1.082279 -0.272295
v -0.007132 1.094415 -0.208999
v -0.005479 1.053636 -0.327188
v -0.128929 1.008517 -0.325683
v -0.238993 0.952549 -0.355156
v -0.248586 0.948154 -0.320632
v -0.293980 0.875964 -0.339530
v -0.267780 0.879624 -0.412770
v -0.340530 0.802826 -0.338578
v -0.302856 0.763221 -0.446910
v -0.315474 0.886273 -0.256615
v -0.228104 0.960976 -0.212710
v -0.299533 0.831677 -0.286108
v -0.091360 0.990069 -0.433660
v -0.004164 1.024899 -0.423551
v -0.211364 0.732875 -0.606694
v -0.231809 0.853593 -0.524559
v -0.190522 0.951616 -0.456619
v -0.062296 0.999339 -0.006480
v -0.067147 0.997352 -0.129172
v -0.007530 1.028288 -0.116481
v -0.008606 1.018659 -0.000920
v -0.130388 0.946401 -0.028935
v -0.153357 0.933977 -0.128707
v -0.166286 0.908294 -0.045035
v -0.193974 0.886710 -0.150018
v -0.057839 1.019047 -0.274085
v -0.006115 1.031220 -0.254685
v -0.241279 0.916973 -0.290320
v -0.279783 0.877101 -0.284101
v -0.186525 0.863173 -0.084215
v -0.234715 0.830745 -0.176041
v -0.299533 0.831677 -0.286108
v -0.245470 0.692719 -0.535014
v -0.255592 0.677383 -0.522808
v 0.017548 0.543269 -1.091170
v 0.018720 0.539862 -1.100178
v 0.034997 0.570736 -1.065146
v 0.050619 0.570844 -1.070268
v 0.044548 0.566415 -1.077080
v 0.030999 0.566922 -1.066162
v 0.033552 0.553792 -1.090256
v 0.026478 0.557098 -1.088747
v 0.024930 0.564683 -1.077403
v 0.048716 0.594674 -1.073599
v 0.039894 0.584620 -1.094052
v 0.041870 0.562226 -1.092958
v 0.017548 0.543269 -1.091170
v 0.020802 0.566853 -1.087336
v 0.018720 0.539862 -1.100178
v 0.019368 0.552395 -1.107556
v 0.023789 0.536383 -1.091274
v 0.026478 0.557098 -1.088747
v 0.032521 0.555230 -1.103859
v 0.025480 0.534299 -1.095709
v 0.042793 0.565424 -1.061623
v 0.046443 0.582079 -1.047691
v 0.043975 0.588374 -1.038698
v 0.048122 0.577780 -1.031706
v 0.033552 0.553792 -1.090256
v 0.062158 0.598098 -1.022805
v 0.049371 0.590059 -1.018053
v 0.048546 0.600904 -0.983158
v 0.066235 0.614114 -0.977993
v 0.058581 0.587809 -1.044661
v 0.048122 0.577780 -1.031706
v 0.028323 0.533214 -1.048963
v 0.026211 0.528769 -1.056175
v 0.038729 0.523658 -1.057338
v 0.040150 0.531047 -1.050589
v 0.018110 0.493133 -1.060695
v 0.034227 0.507798 -1.046940
v 0.033673 0.510199 -1.069151
v 0.028009 0.508011 -1.079014
v 0.011134 0.515845 -1.082720
v 0.024273 0.512056 -1.074915
v 0.020361 0.514942 -1.072836
v 0.014156 0.512625 -1.065409
v 0.011134 0.515845 -1.082720
v 0.010038 0.514048 -1.088681
v 0.015494 0.512298 -1.088339
v 0.013861 0.503275 -1.082340
v 0.024273 0.512056 -1.074915
v 0.020995 0.514471 -1.088202
v 0.037263 0.542556 -1.050990
v 0.045735 0.549876 -1.029358
v 0.037961 0.551881 -1.037938
v 0.050447 0.581668 -0.952499
v 0.045162 0.598064 -0.962556
v 0.045932 0.586987 -0.973304
v 0.048893 0.571622 -0.975249
v 0.041694 0.584878 -1.001604
v 0.046467 0.568929 -1.006432
v 0.038137 0.571139 -1.011793
v 0.039563 0.559357 -1.036473
v 0.026126 0.512800 -1.072744
v 0.046451 0.609475 -0.984673
v 0.038511 0.598535 -0.967620
v 0.031737 0.583309 -0.971109
v 0.065658 0.650722 -0.912664
v 0.067313 0.648897 -0.947206
v 0.067508 0.627712 -0.951064
v 0.067759 0.630706 -0.931253
v 0.051831 0.625682 -0.954978
v 0.051138 0.628290 -0.931391
v 0.020946 0.572363 -1.077960
v 0.038449 0.548617 -1.066561
v 0.043523 0.524437 -1.059927
v 0.035315 0.545662 -1.071115
v 0.035315 0.545662 -1.071115
v 0.043523 0.524437 -1.059927
v 0.038753 0.542534 -1.079973
v 0.046270 0.544536 -1.079559
v 0.043523 0.524437 -1.059927
v 0.046276 0.548591 -1.073009
v 0.046276 0.548591 -1.073009
v 0.043523 0.524437 -1.059927
v 0.038449 0.548617 -1.066561
v 0.046443 0.582079 -1.047691
v 0.046235 0.597871 -1.009821
v 0.046451 0.609475 -0.984673
v 0.048546 0.600904 -0.983158
v 0.049371 0.590059 -1.018053
v 0.038753 0.542534 -1.079973
v 0.043523 0.524437 -1.059927
v 0.046270 0.544536 -1.079559
v 0.027738 0.534918 -1.072592
v 0.025224 0.528043 -1.080642
v 0.031225 0.543821 -1.091496
v 0.025224 0.528043 -1.080642
v 0.028681 0.525196 -1.083486
v 0.031225 0.543821 -1.091496
v 0.033234 0.525870 -1.082161
v 0.035242 0.532752 -1.074535
v 0.031225 0.543821 -1.091496
v 0.035242 0.532752 -1.074535
v 0.027738 0.534918 -1.072592
v 0.031225 0.543821 -1.091496
v 0.028323 0.533214 -1.048963
v 0.037263 0.542556 -1.050990
v 0.037961 0.551881 -1.037938
v 0.028681 0.525196 -1.083486
v 0.033234 0.525870 -1.082161
v 0.031225 0.543821 -1.091496
v 0.059601 0.627507 -0.920163
v 0.043673 0.631190 -0.914783
v 0.047507 0.620582 -0.921946
v 0.058117 0.614166 -0.926211
v 0.054566 0.597895 -0.916803
v 0.058646 0.627077 -0.899535
v 0.047512 0.559433 -0.992482
v 0.035824 0.601456 -0.920550
v 0.032313 0.578217 -0.955922
v 0.031737 0.583309 -0.971109
v 0.045968 0.614744 -1.007523
v 0.044080 0.634495 -0.957171
v 0.042874 0.602555 -1.050149
v 0.034997 0.570736 -1.065146
v 0.031298 0.584212 -1.069012
v 0.067694 0.636951 -0.982928
v 0.060423 0.616300 -1.023424
v 0.051831 0.625682 -0.954978
v 0.042793 0.565424 -1.061623
v 0.023789 0.536383 -1.091274
v 0.025480 0.534299 -1.095709
v 0.018585 0.534090 -1.097357
v 0.017837 0.536350 -1.092635
v 0.023988 0.578426 -1.105510
v 0.019368 0.552395 -1.107556
v 0.023789 0.536383 -1.091274
v 0.025480 0.534299 -1.095709
v 0.032521 0.555230 -1.103859
v 0.039036 0.520910 -1.035934
v 0.023792 0.529865 -1.045282
v 0.031470 0.561232 -1.008022
v 0.030056 0.553241 -1.002518
v 0.038137 0.571139 -1.011793
v 0.041694 0.584878 -1.001604
v 0.026211 0.528769 -1.056175
v 0.019854 0.517523 -1.069240
v 0.026126 0.512800 -1.072744
v 0.044006 0.541536 -1.015683
v 0.024930 0.564683 -1.077403
v 0.030999 0.566922 -1.066162
v 0.033552 0.553792 -1.090256
v 0.024930 0.564683 -1.077403
v 0.044548 0.566415 -1.077080
v 0.041870 0.562226 -1.092958
v 0.030999 0.566922 -1.066162
v 0.044548 0.566415 -1.077080
v 0.041870 0.562226 -1.092958
v 0.033552 0.553792 -1.090256
v 0.030999 0.566922 -1.066162
v 0.051138 0.628290 -0.931391
v 0.056312 0.606096 -1.047844
v 0.038511 0.598535 -0.967620
v 0.047507 0.620582 -0.921946
v 0.043673 0.631190 -0.914783
v 0.040849 0.635145 -0.897304
v 0.019854 0.517523 -1.069240
v 0.026211 0.528769 -1.056175
v 0.026126 0.512800 -1.072744
v 0.019854 0.517523 -1.069240
v 0.033673 0.510199 -1.069151
v 0.038729 0.523658 -1.057338
v 0.026211 0.528769 -1.056175
v 0.038729 0.523658 -1.057338
v 0.026126 0.512800 -1.072744
v 0.033673 0.510199 -1.069151
v 0.017837 0.536350 -1.092635
v 0.018585 0.534090 -1.097357
v 0.018720 0.539862 -1.100178
v 0.017548 0.543269 -1.091170
v 0.018585 0.534090 -1.097357
v 0.026404 0.620855 -1.053385
v 0.030060 0.641337 -1.011777
v 0.018734 0.591631 -1.082240
v 0.026508 0.657865 -0.943062
v 0.023346 0.654168 -0.877833
v 0.040849 0.635145 -0.897304
v 0.023346 0.654168 -0.877833
v 0.022652 0.661059 -0.834622
v 0.030460 0.633775 -0.872796
v 0.020287 0.652202 -0.822873
v 0.043673 0.631190 -0.914783
v 0.043673 0.631190 -0.914783
v 0.059601 0.627507 -0.920163
v 0.058646 0.627077 -0.899535
v 0.017837 0.536350 -1.092635
v 0.039563 0.559357 -1.036473
v 0.017428 0.539882 -1.049809
v 0.017207 0.527901 -1.068606
v 0.021495 0.590759 -0.941734
v 0.021603 0.568329 -0.981345
v 0.013421 0.529869 -1.079012
v 0.013074 0.550189 -1.059373
v 0.010289 0.588310 -0.992108
v 0.013560 0.612492 -0.952945
v 0.014435 0.523905 -1.083081
v 0.014435 0.523905 -1.083081
v 0.026468 0.550012 -1.053539
v 0.020990 0.532437 -1.071667
v 0.035303 0.599466 -0.945803
v 0.035122 0.580928 -0.984590
v 0.023759 0.549330 -1.053215
v 0.019016 0.534945 -1.071104
v 0.028466 0.613369 -0.951175
v 0.028469 0.589873 -0.989764
v 0.018897 0.555972 -1.021212
v 0.011964 0.571578 -1.029382
v 0.031176 0.565786 -1.025079
v 0.024558 0.572228 -1.026840
v 0.020945 0.601699 -0.893289
v 0.014151 0.624056 -0.902357
v 0.034851 0.614672 -0.895632
v 0.028016 0.624592 -0.900264
v 0.020110 0.608612 -0.857988
v 0.015337 0.628170 -0.859358
v 0.030774 0.619708 -0.855514
v 0.026329 0.628821 -0.861763
v 0.081221 1.029064 -0.182300
v 0.075106 1.025667 -0.067930
v 0.046221 1.019870 -0.272906
v 0.231289 0.921142 -0.284093
v 0.177281 0.955929 -0.158705
v 0.269441 0.883629 -0.271887
v 0.237464 0.897887 -0.173744
v 0.288539 0.833466 -0.264742
v 0.275213 0.846935 -0.202982
v 0.147319 0.965849 -0.087818
v 0.198729 0.918239 -0.109822
v 0.222321 0.860191 -0.118967
v 0.300716 0.880942 -0.421070
v 0.247023 0.969719 -0.375167
v 0.184056 0.954578 -0.452374
v 0.231012 0.856479 -0.517260
v 0.121805 1.033534 -0.362134
v 0.121858 1.063328 -0.266708
v 0.317812 0.794193 -0.451270
v 0.310509 0.761886 -0.417783
v 0.315811 0.905903 -0.363850
v 0.196566 0.829893 -0.585652
v 0.163491 0.930685 -0.546343
v 0.067498 1.000281 -0.537438
v 0.083790 0.991403 -0.431554
v 0.213542 0.735696 -0.600883
v 0.272988 0.991474 -0.280777
v 0.097365 0.901495 -0.729529
v 0.109037 0.964162 -0.652787
v 0.093957 0.543831 -0.724259
v 0.110709 0.488109 -0.684327
v 0.176124 0.544502 -0.679565
v 0.153684 0.581971 -0.740605
v 0.238430 0.649543 -0.651287
v 0.187142 0.779826 -0.645482
v 0.189455 0.741951 -0.703135
v 0.177440 0.652496 -0.717366
v 0.160733 0.894990 -0.639456
v 0.147574 0.829565 -0.718394
v 0.060477 0.448817 -0.687232
v 0.047819 0.501337 -0.743205
v 0.120779 0.410490 -0.609630
v 0.068824 0.384247 -0.591070
v 0.110954 1.017833 -0.543254
v 0.182157 0.958990 -0.532635
v 0.272605 0.642636 -0.597232
v 0.191025 0.487189 -0.604322
v 0.236609 0.843721 -0.565942
v 0.103457 0.860191 -0.785842
v 0.149023 0.614452 -0.814884
v 0.091246 0.531569 -0.821970
v 0.186305 0.711940 -0.833373
v 0.157372 0.661371 -0.827094
v 0.159800 0.765741 -0.811861
v 0.048260 0.503672 -0.819507
v 0.186305 0.711940 -0.833373
v 0.157160 0.672684 -0.834039
v 0.179086 0.646506 -0.781687
v 0.205887 0.728958 -0.778922
v 0.091246 0.531569 -0.821970
v 0.108262 0.523978 -0.806188
v 0.156847 0.593166 -0.792672
v 0.148987 0.616660 -0.818698
v 0.053103 0.484247 -0.801549
v 0.048260 0.503672 -0.819507
v 0.103457 0.860191 -0.785842
v 0.159800 0.765741 -0.811861
v 0.196225 0.802544 -0.750134
v 0.097954 0.886561 -0.758102
v 0.229370 0.830238 -0.701206
v 0.264297 0.728938 -0.726288
v 0.126473 0.482562 -0.743726
v 0.059571 0.430885 -0.777359
v 0.251997 0.650702 -0.731981
v 0.193120 0.543350 -0.737248
v 0.136349 0.972948 -0.647455
v 0.171150 0.733683 -0.868429
v 0.144736 0.676156 -0.878797
v 0.120454 0.603166 -0.905626
v 0.051228 0.535235 -0.939872
v 0.094160 0.577418 -0.934876
v 0.134633 0.640391 -0.887546
v 0.131034 0.829469 -0.854382
v 0.056447 0.873877 -0.851743
v 0.165885 0.772113 -0.875701
v 0.093346 0.867096 -0.845479
v 0.147402 0.798851 -0.870917
v 0.163526 0.834077 -0.825249
v 0.154963 0.839136 -0.828956
v 0.146986 0.827567 -0.853449
v 0.158580 0.820528 -0.848320
v 0.161387 0.893503 -0.834010
v 0.172742 0.896246 -0.824682
v 0.165186 0.901553 -0.807195
v 0.146617 0.901195 -0.828594
v 0.137616 0.875727 -0.853800
v 0.150726 0.872900 -0.847426
v 0.149256 0.884904 -0.817784
v 0.132204 0.869269 -0.836537
v 0.137343 0.851338 -0.817644
v 0.154890 0.861302 -0.806420
v 0.134804 0.844406 -0.857424
v 0.145653 0.844259 -0.860508
v 0.143221 0.823126 -0.873260
v 0.131034 0.829469 -0.854382
v 0.174253 0.860766 -0.812409
v 0.161387 0.893503 -0.834010
v 0.180531 0.884015 -0.814698
v 0.132204 0.869269 -0.836537
v 0.149256 0.884904 -0.817784
v 0.082918 0.685217 -1.012659
v 0.076058 0.673706 -1.018499
v 0.079184 0.662459 -1.005125
v 0.095483 0.681226 -0.995623
v 0.056288 0.691294 -1.031940
v 0.058129 0.693841 -1.041750
v 0.049282 0.683418 -1.040949
v 0.050825 0.684232 -1.028000
v 0.067738 0.571876 -1.002088
v 0.063256 0.572365 -1.014426
v 0.071836 0.565963 -1.001034
v 0.079717 0.575867 -0.990346
v 0.055857 0.678664 -1.025162
v 0.065817 0.680279 -1.024061
v 0.056334 0.692063 -1.012603
v 0.056288 0.691294 -1.031940
v 0.050825 0.684232 -1.028000
v 0.072216 0.689151 -1.022991
v 0.071263 0.690667 -1.026117
v 0.075312 0.699604 -1.033277
v 0.067231 0.692313 -1.029031
v 0.071263 0.690667 -1.026117
v 0.083853 0.697325 -1.021721
v 0.177195 0.879768 -0.787230
v 0.134376 0.893949 -0.780213
v 0.151053 0.875738 -0.769983
v 0.130272 0.634252 -0.921206
v 0.154364 0.663826 -0.919664
v 0.118140 0.637478 -0.953613
v 0.111139 0.622946 -0.944829
v 0.098681 0.694112 -0.996575
v 0.083843 0.693584 -1.011861
v 0.069562 0.683829 -1.022980
v 0.065817 0.680279 -1.024061
v 0.055857 0.678664 -1.025162
v 0.058676 0.669183 -1.022905
v 0.049786 0.709708 -1.049460
v 0.042979 0.690602 -1.051545
v 0.072216 0.689151 -1.022991
v 0.069562 0.683829 -1.022980
v 0.041885 0.673084 -1.037310
v 0.069882 0.570873 -1.005868
v 0.063510 0.573930 -1.001552
v 0.061039 0.576265 -1.001532
v 0.068637 0.558466 -1.033444
v 0.062401 0.555135 -1.034614
v 0.063610 0.568115 -1.008635
v 0.071620 0.570794 -1.011694
v 0.029244 0.514740 -1.081842
v 0.033822 0.511296 -1.084951
v 0.048570 0.517446 -1.067098
v 0.044476 0.523462 -1.064196
v 0.045570 0.509782 -1.061455
v 0.053117 0.527314 -1.043449
v 0.054404 0.533782 -1.055060
v 0.058193 0.563965 -1.031911
v 0.051821 0.563971 -1.032039
v 0.049728 0.542117 -1.055357
v 0.056585 0.574055 -1.013855
v 0.055401 0.577366 -0.995495
v 0.048392 0.559295 -1.018092
v 0.060467 0.605437 -0.992519
v 0.053963 0.639391 -0.956287
v 0.065399 0.615572 -0.927799
v 0.059397 0.590172 -0.988388
v 0.052500 0.538876 -1.075268
v 0.055527 0.559985 -1.090932
v 0.039209 0.548689 -1.113058
v 0.037557 0.530626 -1.102399
v 0.081310 0.599847 -1.012175
v 0.070223 0.585702 -1.039034
v 0.032363 0.590729 -1.131292
v 0.035431 0.601696 -1.122190
v 0.023919 0.610704 -1.131809
v 0.019660 0.597825 -1.145918
v 0.027298 0.588107 -1.128089
v 0.019200 0.570545 -1.125362
v 0.032760 0.577314 -1.116306
v 0.114175 0.695359 -0.975792
v 0.105886 0.673093 -0.980111
v 0.111558 0.654940 -0.970827
v 0.145717 0.701554 -0.931401
v 0.043465 0.666969 -1.036376
v 0.061240 0.658201 -1.020239
v 0.016308 0.585564 -1.121344
v 0.019200 0.570545 -1.125362
v 0.027298 0.588107 -1.128089
v 0.021570 0.546557 -1.122589
v 0.063127 0.572285 -1.066513
v 0.040874 0.609134 -1.100462
v 0.038489 0.588695 -1.104962
v 0.067231 0.692313 -1.029031
v 0.082212 0.632003 -0.989294
v 0.091701 0.615124 -0.960358
v 0.037508 0.674551 -1.048379
v 0.126885 0.736162 -0.958624
v 0.115707 0.715093 -0.984109
v 0.022824 0.700014 -1.049500
v 0.021646 0.679815 -1.053142
v 0.027839 0.722588 -1.042509
v 0.021304 0.617498 -1.109665
v 0.052362 0.624289 -1.070815
v 0.024924 0.639530 -1.081514
v 0.026248 0.664837 -1.061874
v 0.063867 0.639856 -1.040175
v 0.016873 0.589275 -1.143352
v 0.060467 0.605437 -0.992519
v 0.059397 0.590172 -0.988388
v 0.054030 0.588525 -1.045165
v 0.043411 0.608275 -1.047964
v 0.054030 0.588525 -1.045165
v 0.020981 0.533064 -1.110439
v 0.016263 0.529384 -1.105386
v 0.034902 0.525693 -1.098481
v 0.004841 0.532121 -1.112204
v 0.059988 0.547149 -1.052445
v 0.064243 0.548386 -1.057226
v 0.048927 0.535640 -1.071110
v 0.042450 0.573472 -1.085026
v 0.019860 0.582790 -1.082949
v 0.042450 0.573472 -1.085026
v 0.136244 0.825158 -0.891968
v 0.135854 0.846879 -0.879511
v 0.135895 0.804228 -0.890429
v 0.137540 0.807325 -0.872813
v 0.165885 0.772113 -0.875701
v 0.144977 0.758462 -0.921024
v 0.149100 0.720917 -0.895209
v 0.171150 0.733683 -0.868429
v 0.131034 0.829469 -0.854382
v 0.124001 0.817399 -0.917382
v 0.114370 0.886637 -0.804840
v 0.093346 0.867096 -0.845479
v 0.134376 0.893949 -0.780213
v 0.134076 0.902906 -0.749253
v 0.058324 0.904830 -0.793344
v 0.114370 0.886637 -0.804840
v 0.097808 0.842652 -0.904047
v 0.097808 0.842652 -0.904047
v 0.056919 0.853845 -0.913615
v 0.118847 0.808453 -0.929043
v 0.124001 0.817399 -0.917382
v 0.139044 0.792914 -0.903385
v 0.135895 0.804228 -0.890429
v 0.147402 0.798851 -0.870917
v 0.137540 0.807325 -0.872813
v 0.134076 0.902906 -0.749253
v 0.134376 0.893949 -0.780213
v 0.151053 0.875738 -0.769983
v 0.176482 0.856127 -0.790674
v 0.165283 0.854272 -0.774405
v 0.155876 0.827777 -0.803666
v 0.165283 0.854272 -0.774405
v 0.155876 0.827777 -0.803666
v 0.191674 0.832574 -0.780037
v 0.169813 0.869961 -0.750197
v 0.154202 0.815005 -0.829474
v 0.137109 0.818506 -0.864941
v 0.059847 0.818502 -0.954808
v 0.112302 0.792201 -0.948293
v 0.154202 0.815005 -0.829474
v 0.204490 0.781233 -0.820199
v 0.137109 0.818506 -0.864941
v 0.137540 0.807325 -0.872813
v 0.147402 0.798851 -0.870917
v 0.043471 0.533208 -1.044337
v 0.034427 0.764531 -1.015399
v 0.054821 0.732135 -1.040349
v 0.018293 0.561326 -1.105903
v 0.058433 0.942963 -0.760113
v 0.130656 0.926568 -0.732593
v 0.187049 0.877831 -0.727257
v 0.130656 0.926568 -0.732593
v 0.213363 0.840346 -0.744605
v 0.121170 0.512841 -0.854384
v 0.187324 0.587234 -0.835914
v 0.128396 0.588228 -0.888203
v 0.097465 0.532073 -0.890705
v 0.244635 0.801418 -0.768870
v 0.051228 0.535235 -0.939872
v 0.054989 0.500960 -0.901263
v 0.094161 0.577408 -0.934875
v 0.065432 0.460206 -0.844554
v 0.061952 0.715756 -1.045336
v 0.083660 0.715270 -1.030066
v 0.088346 0.729800 -1.020281
v 0.066171 0.697987 -1.040326
v 0.061897 0.692962 -1.031134
v 0.061897 0.692962 -1.031134
v 0.091296 0.594126 -0.955174
v 0.083235 0.580880 -0.958341
v 0.103540 0.597120 -0.929447
v 0.086485 0.587531 -0.990454
v 0.194811 0.637874 -0.835740
v 0.168458 0.678234 -0.836213
v 0.153170 0.676743 -0.862928
v 0.164409 0.641023 -0.864200
v 0.087109 0.645378 -0.987508
v 0.079481 0.654171 -0.991405
v 0.023745 0.504678 -1.088026
v 0.019447 0.510271 -1.085826
v 0.049686 0.783192 -0.981471
v 0.056447 0.873877 -0.851743
v 0.018517 0.489796 -1.069681
v 0.103308 0.705193 -1.005213
v 0.096208 0.754363 -0.997961
v 0.040806 0.494774 -1.038414
v 0.041645 0.503190 -1.022275
v 0.025136 0.487043 -1.069393
v 0.023264 0.476866 -1.050247
v 0.058081 0.543912 -0.975518
v 0.051624 0.578495 -0.965709
v 0.048392 0.559295 -1.018092
v 0.055401 0.577366 -0.995495
v 0.059496 0.553273 -1.023152
v 0.049292 0.525197 -1.001948
v 0.016957 0.527372 -1.034999
v 0.043471 0.533208 -1.044337
v 0.018520 0.548644 -0.975272
v 0.016957 0.527372 -1.034999
v 0.023200 0.511747 -1.050712
v 0.040427 0.512934 -1.058685
v 0.020579 0.482061 -1.026360
v 0.034564 0.505030 -1.077189
v 0.004832 0.545935 -1.121315
v 0.023668 0.500043 -1.082637
v 0.030537 0.503543 -1.060775
v 0.102695 0.768686 -0.971817
v 0.120454 0.603166 -0.905626
v 0.062782 0.649967 -1.023002
v 0.213520 0.740722 -0.825148
v 0.093346 0.867096 -0.845479
v 0.137343 0.851338 -0.817644
v 0.016873 0.589275 -1.143352
v 0.013564 0.580611 -1.135145
v 0.013564 0.580611 -1.135145
v 0.144736 0.676156 -0.878797
v 0.134633 0.640391 -0.887546
v 0.022663 0.574218 -0.930959
v 0.041901 0.664753 -1.049214
v 0.055041 0.615037 -0.900731
v 0.030118 0.623088 -0.875473
v 0.045739 0.649255 -0.921335
v 0.035119 0.657875 -0.889384
v 0.167521 0.745332 -0.645847
v 0.213542 0.735696 -0.600883
v 0.196566 0.829877 -0.585662
v 0.078225 0.950117 -0.655944
v 0.067498 1.000281 -0.537438
v 0.209094 0.597226 -0.611397
v 0.187398 0.652223 -0.644304
v 0.160785 0.592607 -0.638524
v 0.168235 0.524470 -0.605543
v 0.163487 0.930688 -0.545932
v 0.136034 0.898927 -0.653536
v 0.047158 0.361464 -0.476756
v 0.055284 0.389602 -0.549603
v 0.185138 0.966495 -0.469330
v 0.083240 1.014429 -0.449246
v 0.107216 0.432027 -0.564966
v 0.108972 0.526879 -0.665804
v 0.049007 0.478969 -0.671945
v 0.246125 0.848122 -0.530443
v 0.251017 0.705807 -0.568638
v 0.157797 0.447111 -0.530911
v 0.227232 0.546259 -0.573042
v 0.094779 0.387469 -0.488960
v 0.240285 0.625823 -0.583644
v 0.052366 0.373384 -0.440075
v 0.177350 1.052598 -0.378715
v 0.230825 1.007896 -0.387172
v 0.292506 0.856232 -0.486938
v 0.272334 0.675834 -0.498712
v 0.226981 0.524683 -0.533128
v 0.174160 0.437553 -0.486291
v 0.105132 0.389358 -0.439162
v 0.244017 0.597779 -0.536110
v 0.093960 0.543313 -0.720045
v 0.153684 0.581971 -0.740605
v 0.047819 0.501337 -0.743205
v 0.178383 0.732193 -0.715056
v 0.136814 0.829320 -0.725860
v 0.097365 0.901495 -0.729529
v 0.177455 0.651654 -0.712660
v 0.097621 1.036658 -0.190198
v 0.128535 1.019739 -0.289509
v 0.118606 1.010474 -0.322871
v 0.230193 0.956259 -0.349839
v 0.264018 0.883889 -0.402831
v 0.287106 0.882532 -0.325414
v 0.238995 0.952218 -0.314597
v 0.310509 0.761886 -0.417783
v 0.336133 0.811558 -0.317241
v 0.303227 0.894491 -0.242761
v 0.215027 0.965079 -0.207309
v 0.288539 0.833466 -0.264742
v 0.083790 0.991403 -0.431554
v 0.213542 0.735696 -0.600883
v 0.231012 0.856479 -0.517260
v 0.184056 0.954578 -0.452374
v 0.045512 1.000190 -0.005372
v 0.052874 0.998300 -0.127924
v 0.138472 0.936994 -0.125671
v 0.113239 0.949002 -0.026596
v 0.178031 0.891895 -0.144686
v 0.149635 0.911737 -0.041567
v 0.046221 1.019870 -0.272906
v 0.231289 0.921142 -0.284093
v 0.269441 0.883629 -0.271887
v 0.170239 0.870570 -0.081118
v 0.217626 0.835418 -0.163111
v 0.288539 0.833466 -0.264742
v 0.263382 0.693727 -0.514679
v 0.272334 0.675834 -0.498712
v -0.068688 0.701532 -1.018007
v -0.068654 0.695993 -1.019406
v -0.062062 0.696567 -1.024019
v -0.062104 0.703442 -1.022282
v -0.068623 0.688441 -1.018800
v -0.062024 0.687193 -1.023267
v -0.068613 0.681696 -1.015351
v -0.062011 0.678821 -1.018986
v -0.068619 0.677716 -1.011253
v -0.062019 0.673880 -1.013899
v -0.051793 0.696974 -1.027032
v -0.051840 0.704731 -1.025073
v -0.051749 0.686396 -1.026184
v -0.051735 0.676948 -1.021353
v -0.051744 0.671373 -1.015612
v -0.041135 0.696901 -1.025930
v -0.041181 0.704360 -1.024046
v -0.041094 0.686730 -1.025114
v -0.041080 0.677645 -1.020469
v -0.041089 0.672284 -1.014949
v -0.033795 0.696549 -1.022589
v -0.033834 0.703062 -1.020945
v -0.033758 0.687669 -1.021878
v -0.033746 0.679737 -1.017821
v -0.033754 0.675057 -1.013002
v 0.075684 0.702193 -1.017143
v 0.069134 0.704042 -1.021497
v 0.069176 0.697168 -1.023234
v 0.075717 0.696654 -1.018542
v 0.069214 0.687794 -1.022482
v 0.075748 0.689102 -1.017937
v 0.069227 0.679421 -1.018201
v 0.075759 0.682356 -1.014487
v 0.069219 0.674480 -1.013114
v 0.075752 0.678376 -1.010389
v 0.058893 0.705238 -1.024410
v 0.058940 0.697480 -1.026369
v 0.058983 0.686903 -1.025521
v 0.058998 0.677454 -1.020690
v 0.058989 0.671879 -1.014949
v 0.048226 0.704769 -1.023511
v 0.048272 0.697310 -1.025395
v 0.048313 0.687139 -1.024580
v 0.048327 0.678054 -1.019934
v 0.048318 0.672693 -1.014414
v 0.040855 0.703404 -1.020498
v 0.040895 0.696891 -1.022143
v 0.040931 0.688011 -1.021431
v 0.040943 0.680079 -1.017374
v 0.040936 0.675398 -1.012555
vn -0.9153 0.3436 -0.2102
vn -0.9807 -0.0956 -0.1708
vn -0.9995 -0.0327 -0.0026
vn -0.7468 0.6645 -0.0271
vn -0.7939 0.1737 -0.5827
vn -0.9397 -0.1472 -0.3085
vn 0.6163 -0.2087 -0.7594
vn -0.9114 -0.1919 -0.3640
vn 0.1368 0.9513 -0.2762
vn 0.0686 0.9964 0.0499
vn 0.2314 0.5053 -0.8313
vn 0.0749 -0.7484 0.6590
vn 0.6072 -0.4885 0.6266
vn 0.6143 -0.6592 0.4336
vn 0.1537 -0.9766 0.1506
vn 0.7152 -0.6769 0.1741
vn 0.6470 -0.7607 0.0525
vn 0.0703 -0.9973 -0.0208
vn 0.9892 0.1215 0.0825
vn 0.8238 0.5299 0.2016
vn 0.9802 0.0708 -0.1848
vn -0.8610 0.2536 -0.4410
vn -0.9099 -0.1797 -0.3739
vn -0.9628 -0.0737 -0.2601
vn -0.7418 0.6255 -0.2419
vn -0.7401 0.1288 -0.6600
vn -0.9021 -0.1802 -0.3921
vn 0.6678 0.0094 -0.7443
vn -0.9112 -0.1566 -0.3811
vn 0.0295 0.8881 -0.4587
vn 0.2447 0.9679 0.0580
vn 0.2466 0.5196 -0.8181
vn 0.0494 -0.7572 0.6513
vn 0.5729 -0.5106 0.6412
vn 0.6634 -0.5973 0.4507
vn 0.1246 -0.9384 0.3224
vn 0.6747 -0.6801 0.2867
vn 0.8073 -0.5067 0.3024
vn 0.1322 -0.9839 0.1202
vn 0.9206 0.3539 0.1652
vn 0.8749 0.3692 0.3134
vn 0.9574 0.2175 -0.1898
vn -0.9373 0.3321 -0.1056
vn -0.9981 -0.0600 -0.0124
vn -0.9913 -0.0563 0.1190
vn -0.7457 0.6661 0.0142
vn -0.8891 0.2265 -0.3976
vn -0.9888 -0.0417 -0.1436
vn 0.4946 -0.0257 -0.8688
vn -0.9822 -0.0966 -0.1611
vn 0.1734 0.9108 -0.3746
vn 0.0892 0.9947 -0.0510
vn 0.1267 0.5335 -0.8363
vn -0.0003 -0.8110 0.5851
vn 0.6703 -0.5777 0.4657
vn 0.6612 -0.7100 0.2422
vn 0.0154 -0.9735 0.2281
vn 0.7679 -0.6366 0.0709
vn 0.6594 -0.7447 0.1031
vn 0.0406 -0.9931 0.1103
vn 0.9829 0.1262 -0.1340
vn 0.8926 0.4496 -0.0347
vn 0.9191 0.0925 -0.3830
vn -0.9529 0.2922 0.0811
vn -0.9760 -0.0992 0.1939
vn -0.9581 -0.0900 0.2719
vn -0.8461 0.5175 0.1276
vn -0.9575 0.2021 -0.2058
vn -0.9905 -0.0994 0.0953
vn 0.3443 0.0609 -0.9369
vn -0.9858 -0.1490 0.0779
vn -0.0113 0.8994 -0.4371
vn -0.1688 0.9710 -0.1695
vn -0.0227 0.5545 -0.8319
vn 0.1427 -0.7800 0.6093
vn 0.7921 -0.5064 0.3408
vn 0.7478 -0.6474 0.1473
vn 0.0870 -0.9593 0.2688
vn 0.6846 -0.7263 -0.0612
vn 0.8298 -0.5223 -0.1965
vn 0.0678 -0.9954 0.0679
vn 0.9083 0.1779 -0.3785
vn 0.8057 0.5025 -0.3136
vn 0.8249 0.1791 -0.5362
vn -0.9629 0.1907 0.1912
vn -0.9297 -0.2327 0.2855
vn -0.8948 -0.1906 0.4037
vn -0.7553 0.5944 0.2762
vn -0.9884 0.0792 -0.1297
vn -0.9561 -0.2302 0.1816
vn 0.2187 0.0969 -0.9710
vn -0.9450 -0.2762 0.1750
vn -0.0605 0.9102 -0.4098
vn 0.0216 0.9968 -0.0773
vn -0.1924 0.5391 -0.8200
vn 0.3187 -0.7719 0.5500
vn 0.8707 -0.4351 0.2293
vn 0.8271 -0.5605 0.0412
vn 0.1891 -0.9661 0.1758
vn 0.8141 -0.5417 -0.2093
vn 0.6655 -0.7077 -0.2370
vn 0.0707 -0.9941 0.0826
vn 0.8547 0.2225 -0.4691
vn 0.7611 0.5414 -0.3572
vn 0.7253 0.2572 -0.6386
vn -0.5290 0.2554 0.8093
vn -0.0124 0.4352 0.9002
vn -0.0126 0.5418 0.8404
vn -0.6228 0.2907 0.7264
vn -0.0599 -0.9058 -0.4194
vn 0.0120 -0.9637 -0.2669
vn 0.0057 -0.9975 0.0707
vn -0.1141 -0.9924 -0.0466
vn 0.0670 -0.8920 0.4471
vn -0.2649 -0.8040 0.5323
vn 0.0205 -0.8053 0.5924
vn -0.9369 0.1916 -0.2923
vn -0.7918 0.5810 -0.1881
vn -0.8287 0.5199 -0.2074
vn -0.9686 0.1748 -0.1768
vn -0.7038 -0.7000 -0.1210
vn -0.8681 -0.2456 -0.4313
vn -0.7177 -0.6845 -0.1280
vn -0.6391 -0.7637 0.0913
vn -0.4006 -0.8760 -0.2684
vn -0.6116 -0.7668 -0.1948
vn -0.7206 -0.6916 0.0496
vn -0.5478 -0.8302 0.1031
vn -0.6294 -0.7752 -0.0539
vn -0.8823 0.4704 0.0187
vn -0.9826 -0.1723 0.0696
vn -0.9516 0.2229 -0.2114
vn -0.5800 0.7562 -0.3030
vn -0.6677 -0.6439 -0.3736
vn -0.3004 -0.9094 0.2877
vn -0.0351 -0.9960 -0.0825
vn -0.2758 -0.8587 -0.4319
vn -0.0676 -0.9878 -0.1404
vn 0.6263 -0.7311 0.2705
vn 0.7362 -0.6766 0.0173
vn 0.4327 -0.8291 -0.3541
vn 0.2537 -0.9008 0.3524
vn 0.1435 -0.5173 0.8437
vn -0.0371 -0.7894 0.6127
vn -0.0313 -0.9773 0.2094
vn 0.0781 0.9386 -0.3360
vn 0.3511 0.9252 -0.1440
vn 0.4016 0.9093 0.1089
vn -0.1315 0.9882 0.0787
vn -0.4903 0.8465 -0.2074
vn -0.2663 0.9608 -0.0777
vn 0.2108 0.9626 -0.1701
vn 0.1031 0.9947 0.0010
vn -0.8184 0.5691 -0.0799
vn -0.7662 0.5974 -0.2367
vn -0.2594 0.9376 -0.2313
vn -0.3447 0.9327 -0.1058
vn -0.1350 -0.7545 0.6422
vn -0.3556 -0.8736 0.3322
vn -0.7807 0.5990 0.1782
vn 0.0556 0.8539 -0.5175
vn -0.4021 0.9103 -0.0985
vn -0.6268 0.7694 0.1227
vn -0.4789 0.8448 -0.2387
vn -0.9580 0.0891 -0.2725
vn -0.9821 0.0205 -0.1874
vn -0.5363 0.5144 -0.6692
vn 0.5490 -0.5859 0.5960
vn 0.5107 -0.1911 0.8383
vn -0.9116 -0.4005 -0.0921
vn -0.9720 0.2341 -0.0181
vn -0.9677 0.1564 0.1978
vn -0.7969 -0.4857 0.3593
vn 0.2030 -0.9669 -0.1548
vn -0.2405 -0.9450 -0.2215
vn -0.0084 -0.8405 -0.5417
vn -0.3130 -0.9277 -0.2033
vn -0.1867 -0.9317 -0.3115
vn 0.1350 -0.9904 0.0295
vn -0.3898 0.9193 -0.0545
vn -0.9708 -0.2366 -0.0389
vn 0.5421 0.8164 0.1988
vn 0.0094 0.9997 0.0222
vn 0.0850 0.9355 -0.3429
vn -0.2372 0.9517 -0.1947
vn -0.4642 0.8509 -0.2460
vn -0.0297 0.9956 0.0887
vn 0.4763 -0.8752 0.0847
vn 0.8445 -0.4978 -0.1974
vn -0.8393 -0.1427 0.5246
vn 0.8915 0.0782 -0.4462
vn 0.8406 0.2286 -0.4912
vn -0.5734 0.8167 0.0658
vn -0.5632 0.8191 -0.1091
vn -0.9184 0.1818 0.3513
vn -0.8792 -0.2032 0.4310
vn -0.6257 -0.7605 -0.1739
vn -0.0140 -0.9990 0.0435
vn 0.8696 -0.3796 0.3156
vn -0.1300 0.9877 -0.0865
vn 0.7153 0.6858 0.1343
vn 0.4844 0.8743 0.0305
vn -0.4258 0.8450 -0.3235
vn -0.8885 0.1399 -0.4370
vn 0.6268 0.7655 -0.1456
vn -0.8077 0.3415 -0.4807
vn -0.8531 0.1267 -0.5061
vn 0.1381 -0.9902 -0.0225
vn 0.6014 -0.7688 0.2175
vn 0.9367 -0.2109 0.2796
vn 0.9900 0.0635 0.1261
vn 0.0354 0.9688 -0.2451
vn -0.5191 0.7778 -0.3544
vn -0.9684 0.0840 -0.2347
vn 0.5773 0.7439 -0.3366
vn -0.9096 0.2798 -0.3070
vn -0.9680 0.1083 -0.2265
vn 0.2227 -0.9481 -0.2268
vn -0.0677 -0.9802 -0.1858
vn 0.7646 -0.6422 0.0541
vn -0.0094 -0.9206 -0.3904
vn 0.9975 -0.0679 -0.0192
vn 0.9997 -0.0149 0.0193
vn -0.1070 0.9686 -0.2246
vn -0.7669 0.6355 -0.0891
vn -0.9957 -0.0827 -0.0425
vn 0.4656 0.7627 -0.4489
vn -0.9950 0.0457 -0.0891
vn -0.9848 -0.1551 -0.0786
vn 0.3038 -0.9466 0.1077
vn 0.5592 -0.8241 0.0908
vn 0.9541 0.1607 -0.2526
vn 0.9261 0.2116 -0.3124
vn -0.8523 0.5206 0.0498
vn -0.9771 0.0190 0.2120
vn -0.9459 -0.2061 0.2507
vn 0.6632 -0.4945 -0.5618
vn -0.0747 -0.5691 -0.8189
vn -0.7016 0.3231 -0.6351
vn -0.9188 -0.0246 -0.3940
vn -0.9100 -0.1858 -0.3705
vn -0.3565 -0.6893 -0.6307
vn 0.2682 -0.5414 -0.7968
vn 0.7688 -0.3100 -0.5593
vn 0.1888 0.5741 -0.7967
vn 0.4738 0.5537 -0.6848
vn -0.4540 0.2813 -0.8454
vn -0.5208 0.0620 -0.8514
vn 0.4939 -0.6841 -0.5367
vn 0.0834 -0.3607 -0.9290
vn -0.1306 0.6378 -0.7591
vn 0.1560 0.4592 -0.8745
vn -0.7179 0.1003 -0.6889
vn 0.0854 0.4160 -0.9054
vn 0.4858 -0.6330 -0.6028
vn -0.0570 -0.5457 -0.8361
vn -0.3476 0.5770 -0.7391
vn 0.0078 0.4406 -0.8977
vn -0.8210 -0.2148 -0.5290
vn -0.5469 0.2009 -0.8127
vn -0.1939 -0.6110 -0.7675
vn 0.3473 -0.5909 -0.7282
vn -0.7559 0.1366 -0.6403
vn -0.6133 0.5049 -0.6073
vn -0.9212 -0.2185 -0.3219
vn -0.2534 0.9451 -0.2062
vn 0.7294 0.5711 -0.3766
vn 0.1588 0.4818 -0.8618
vn -0.3863 0.5327 -0.7530
vn -0.3514 0.9360 -0.0202
vn 0.5314 0.8001 -0.2784
vn 0.5678 0.8175 -0.0965
vn 0.4193 0.7351 -0.5328
vn 0.4896 0.2125 -0.8456
vn -0.1699 0.4269 -0.8882
vn 0.0848 0.9660 -0.2441
vn 0.0323 0.9976 -0.0619
vn 0.7711 0.6106 -0.1805
vn 0.1763 0.5060 -0.8443
vn 0.5569 0.8205 -0.1291
vn 0.4432 0.8960 0.0258
vn 0.7774 0.6284 -0.0281
vn 0.4032 0.5034 -0.7642
vn 0.6056 0.7802 0.1568
vn 0.2171 0.9724 -0.0854
vn 0.2293 0.8839 -0.4075
vn 0.6351 0.7708 0.0506
vn 0.8328 0.2662 -0.4853
vn 0.8971 0.2933 0.3304
vn 0.9506 0.0687 0.3026
vn 0.9976 0.0290 0.0631
vn 0.9042 0.0653 0.4222
vn 0.6795 0.3682 0.6346
vn 0.9489 0.1686 0.2667
vn 0.7354 0.3567 -0.5762
vn 0.8521 0.3205 -0.4137
vn 0.9979 0.0552 -0.0335
vn 0.9498 -0.1104 0.2928
vn -0.3103 0.3844 -0.8694
vn -0.2649 0.9022 -0.3403
vn -0.5781 0.3552 -0.7346
vn -0.4883 -0.6444 0.5885
vn -0.0650 -0.5872 0.8068
vn -0.0978 -0.3840 0.9181
vn -0.6518 -0.6987 0.2949
vn -0.7962 -0.6050 0.0007
vn -0.6962 -0.7068 -0.1255
vn -0.2544 -0.7493 0.6114
vn -0.4024 -0.8262 -0.3943
vn 0.6266 0.1984 -0.7537
vn -0.1367 0.8158 -0.5620
vn 0.6668 0.1963 -0.7190
vn 0.0361 0.9975 -0.0613
vn 0.7971 0.2399 -0.5541
vn -0.2219 0.8638 -0.4523
vn -0.0411 -0.5015 -0.8642
vn -0.5483 -0.8360 -0.0189
vn -0.5236 -0.6018 -0.6030
vn -0.7312 -0.6739 -0.1053
vn -0.2900 -0.9529 0.0887
vn -0.4543 -0.6273 -0.6326
vn 0.6726 0.0276 -0.7394
vn 0.5504 0.1755 -0.8162
vn 0.7912 -0.1264 -0.5983
vn 0.8516 -0.0444 -0.5223
vn -0.1761 -0.2474 -0.9528
vn -0.4854 -0.1516 -0.8610
vn -0.2498 -0.0248 -0.9680
vn -0.5286 -0.1277 -0.8392
vn -0.5667 -0.1155 -0.8158
vn 0.4029 -0.0402 -0.9143
vn 0.3080 -0.2294 -0.9233
vn 0.2583 0.1256 -0.9579
vn -0.0008 0.0438 -0.9990
vn 0.1761 0.0014 -0.9844
vn 0.2130 0.0413 -0.9762
vn 0.1651 0.1191 -0.9791
vn 0.3864 0.1649 -0.9075
vn 0.4237 0.1911 -0.8854
vn 0.0648 -0.3515 -0.9339
vn -0.1808 -0.3246 -0.9284
vn -0.0319 0.0675 -0.9972
vn 0.0716 0.1336 -0.9884
vn -0.1349 -0.0065 -0.9908
vn -0.2148 -0.0757 -0.9737
vn -0.3418 -0.0991 -0.9345
vn 0.0561 0.0750 -0.9956
vn -0.3445 0.1915 -0.9190
vn 0.2391 0.1334 -0.9618
vn 0.0774 0.0687 -0.9946
vn 0.3229 0.1668 -0.9316
vn 0.4043 0.0800 -0.9111
vn 0.4299 0.0659 -0.9005
vn -0.3633 0.1396 -0.9212
vn 0.3902 0.0010 -0.9207
vn -0.0565 0.0851 -0.9948
vn 0.6520 0.0578 -0.7560
vn 0.6209 0.1761 -0.7638
vn -0.9927 -0.1013 0.0648
vn -0.9401 0.0781 0.3318
vn -0.8040 0.2323 0.5474
vn -0.9754 -0.1621 0.1496
vn -0.6928 -0.7114 0.1176
vn -0.2963 0.9458 0.1327
vn -0.4858 0.8729 0.0447
vn -0.4013 0.9145 -0.0507
vn -0.0070 0.9963 -0.0861
vn -0.8559 0.4152 -0.3084
vn -0.9652 0.2417 -0.0999
vn -0.9589 0.1159 -0.2590
vn -0.8053 0.3059 -0.5078
vn -0.9489 -0.1419 -0.2819
vn -0.8299 -0.2166 -0.5141
vn -0.9792 0.0649 -0.1920
vn -0.4920 -0.8247 -0.2790
vn -0.7563 -0.6470 0.0967
vn -0.4976 -0.8323 0.2442
vn -0.2406 -0.8943 -0.3774
vn -0.0115 0.9098 0.4148
vn -0.0104 0.9653 0.2610
vn -0.5447 0.8327 0.0999
vn -0.4874 0.7756 0.4011
vn -0.3813 0.9122 0.1503
vn -0.0101 0.9807 0.1952
vn -0.8345 0.0972 -0.5423
vn -0.7081 0.5177 -0.4802
vn -0.9816 0.1090 0.1566
vn -0.9107 -0.3369 -0.2391
vn -0.8363 -0.5244 -0.1604
vn -0.7895 -0.1308 -0.5996
vn -0.8493 -0.3083 -0.4286
vn 0.1953 -0.5462 0.8146
vn -0.3790 -0.9237 -0.0557
vn -0.2245 -0.9720 -0.0693
vn 0.0071 -0.9878 -0.1557
vn 0.0147 -0.9950 -0.0989
vn -0.0125 0.7807 0.6248
vn -0.4129 0.6842 0.6011
vn 0.0013 -0.7737 0.6336
vn 0.0193 -0.7647 0.6441
vn -0.5237 -0.6410 0.5611
vn -0.4592 -0.6971 0.5506
vn -0.4076 0.5193 0.7511
vn -0.5438 0.3434 0.7657
vn -0.0127 0.6743 0.7383
vn -0.0127 0.7203 0.6936
vn 0.0147 -0.8650 -0.5015
vn -0.1571 -0.8238 -0.5447
vn 0.0088 -0.9966 -0.0816
vn -0.4340 -0.8864 -0.1613
vn 0.0124 -0.9779 -0.2087
vn -0.6009 0.0639 0.7967
vn -0.8301 0.0453 0.5558
vn -0.9183 -0.3620 0.1605
vn -0.8310 -0.2825 0.4793
vn -0.8777 -0.4150 0.2398
vn -0.9553 -0.2836 -0.0838
vn -0.9047 -0.4259 0.0132
vn -0.9813 -0.1824 -0.0611
vn 0.2577 0.4057 -0.8769
vn -0.7617 -0.2414 0.6013
vn -0.8262 -0.3684 0.4262
vn -0.8552 -0.2040 0.4765
vn -0.5488 -0.7177 0.4287
vn -0.0218 -0.9997 0.0052
vn 0.0064 -0.9987 0.0499
vn 0.6387 -0.1163 0.7606
vn 0.5254 0.0356 0.8501
vn 0.5643 0.0991 0.8196
vn 0.6826 -0.0948 0.7246
vn -0.9547 -0.2893 -0.0703
vn -0.8350 -0.2781 0.4748
vn -0.6413 -0.2234 0.7340
vn -0.9800 -0.0820 0.1811
vn -0.9905 -0.0300 -0.1343
vn -0.5468 0.3562 0.7577
vn -0.3927 0.3902 0.8328
vn -0.2523 0.3556 0.8999
vn -0.6813 0.2199 0.6982
vn 0.7388 -0.3258 0.5900
vn 0.7502 -0.2039 0.6289
vn 0.5275 -0.3914 0.7540
vn 0.8304 -0.1061 0.5469
vn -0.8323 -0.1006 0.5452
vn 0.4732 -0.3704 0.7993
vn 0.1786 -0.5460 0.8185
vn -0.6111 -0.4046 0.6803
vn -0.5390 -0.8423 -0.0008
vn 0.0053 -0.9963 0.0857
vn -0.0045 -0.4199 0.9075
vn 0.0643 -0.9281 -0.3666
vn -0.2970 -0.7292 0.6164
vn -0.8703 0.4699 -0.1475
vn -0.9791 0.2031 0.0067
vn -0.8856 0.4309 0.1736
vn -0.8464 0.5318 0.0272
vn -0.7792 0.3696 -0.5062
vn -0.8209 0.2884 -0.4930
vn -0.6636 -0.1085 -0.7402
vn 0.0243 -0.1941 -0.9807
vn -0.2360 -0.4009 -0.8852
vn -0.7210 -0.3068 -0.6213
vn -0.6544 0.1233 -0.7460
vn -0.8599 -0.0774 -0.5046
vn -0.8447 -0.2225 -0.4868
vn -0.4230 -0.1471 -0.8941
vn -0.9129 -0.3868 -0.1307
vn 0.8501 -0.4127 0.3270
vn 0.8058 -0.4051 0.4320
vn 0.8865 -0.3946 0.2416
vn 0.9036 -0.1883 0.3847
vn 0.8499 -0.0585 0.5237
vn 0.9226 -0.2628 0.2824
vn 0.8753 -0.4593 -0.1515
vn 0.1927 -0.7593 -0.6216
vn 0.3877 -0.7286 -0.5647
vn 0.8626 -0.5013 -0.0681
vn -0.7982 -0.5002 -0.3356
vn -0.3796 -0.0701 -0.9225
vn -0.9388 -0.2698 -0.2143
vn -0.8215 -0.2497 -0.5127
vn -0.8504 -0.5243 -0.0439
vn -0.5571 -0.5402 -0.6308
vn -0.1135 -0.7646 -0.6344
vn 0.0025 -0.9180 0.3967
vn -0.6704 0.3386 0.6602
vn -0.6944 0.2062 0.6894
vn -0.9316 0.0842 0.3536
vn -0.5477 -0.1851 -0.8159
vn -0.9510 -0.1185 -0.2857
vn -0.7098 -0.2259 -0.6672
vn 0.5157 -0.4159 -0.7490
vn 0.8100 -0.1655 -0.5626
vn 0.4647 -0.1823 -0.8665
vn 0.2014 -0.4210 -0.8844
vn -0.1597 -0.3169 -0.9349
vn -0.3818 0.3998 0.8333
vn 0.8663 -0.3399 -0.3660
vn 0.9786 0.0095 -0.2055
vn 0.1187 -0.3800 0.9173
vn 0.3898 -0.3327 0.8587
vn 0.1220 -0.4548 0.8822
vn -0.0451 -0.5529 0.8320
vn 0.9112 0.3066 0.2752
vn 0.8816 0.1280 0.4543
vn 0.3368 -0.4259 0.8398
vn 0.4011 -0.2477 0.8819
vn 0.1384 -0.2929 0.9461
vn 0.3123 -0.4089 0.8575
vn 0.3503 -0.4117 0.8413
vn -0.3640 -0.0163 -0.9313
vn 0.9820 -0.0143 0.1881
vn 0.9808 0.0734 -0.1805
vn 0.7078 -0.0639 -0.7035
vn 0.8706 0.0116 0.4919
vn 0.6918 -0.0261 0.7216
vn 0.5575 -0.1697 0.8127
vn 0.8970 0.2716 0.3487
vn 0.8058 0.0031 0.5922
vn 0.5962 -0.1701 0.7846
vn 0.1684 -0.1014 -0.9805
vn -0.3974 0.1467 -0.9058
vn -0.9885 0.1161 0.0968
vn -0.8528 -0.1176 0.5088
vn -0.6019 0.4696 0.6459
vn -0.4769 0.1185 0.8709
vn -0.6703 0.7021 0.2405
vn -0.9351 0.0635 0.3487
vn -0.8043 0.2209 0.5517
vn -0.9372 0.1803 -0.2986
vn -0.7510 0.6561 -0.0743
vn -0.7770 -0.0918 0.6228
vn -0.3064 0.4934 0.8140
vn -0.4453 0.5547 0.7029
vn -0.4266 0.4285 0.7965
vn -0.2307 0.3733 0.8986
vn -0.9362 0.1313 -0.3261
vn -0.9716 0.2054 -0.1178
vn -0.8192 -0.5471 -0.1720
vn -0.3788 0.0990 -0.9202
vn -0.8219 -0.0212 0.5693
vn -0.7553 -0.0880 0.6495
vn -0.7236 0.1083 0.6817
vn -0.6661 0.2436 0.7050
vn -0.5306 -0.1465 0.8349
vn -0.5371 0.0247 0.8432
vn 0.2643 0.1975 0.9440
vn 0.2532 0.1514 0.9555
vn 0.6353 0.4851 0.6009
vn 0.8281 -0.0334 0.5596
vn -0.5571 0.4943 0.6673
vn -0.6706 0.6420 0.3716
vn -0.6702 0.5542 0.4937
vn 0.9335 -0.3319 -0.1356
vn 0.7179 -0.6912 -0.0833
vn 0.6744 -0.7159 0.1808
vn 0.9916 -0.0810 0.1005
vn 0.8334 0.4819 -0.2707
vn -0.4339 0.9006 0.0256
vn 0.8070 -0.5556 -0.2004
vn 0.8269 0.3204 -0.4621
vn 0.9057 -0.3486 -0.2413
vn 0.8138 0.1338 -0.5656
vn -0.5290 0.2651 0.8061
vn -0.2784 0.1353 0.9509
vn 0.8707 0.1128 -0.4787
vn 0.9232 -0.0672 -0.3784
vn 0.8151 0.0137 -0.5791
vn 0.7929 0.0262 -0.6088
vn 0.9447 -0.0096 0.3279
vn 0.6723 -0.0314 0.7396
vn 0.7339 0.0514 0.6773
vn 0.9172 0.0996 0.3858
vn -0.5427 0.0005 0.8399
vn -0.8535 -0.0579 0.5179
vn -0.8329 -0.0680 0.5492
vn -0.5557 -0.1219 0.8224
vn -0.9946 0.0047 0.1038
vn -0.9626 -0.0473 0.2668
vn 0.0656 -0.0359 0.9972
vn -0.0017 0.0535 0.9986
vn -0.3993 -0.9147 -0.0616
vn -0.1274 -0.9198 -0.3711
vn -0.1648 -0.9411 -0.2952
vn -0.4604 -0.8588 0.2245
vn 0.6781 -0.6253 -0.3862
vn 0.6849 -0.6884 -0.2388
vn 0.5408 -0.8085 -0.2321
vn 0.3277 -0.9063 -0.2668
vn -0.7798 -0.4610 0.4236
vn -0.8983 0.1952 0.3937
vn -0.9018 0.0895 0.4229
vn -0.6880 -0.4536 0.5665
vn 0.3549 0.8146 -0.4588
vn 0.3422 0.7741 -0.5326
vn 0.6064 0.6647 -0.4364
vn -0.1618 0.8706 -0.4645
vn 0.1757 0.9095 -0.3769
vn 0.1243 0.9845 -0.1236
vn -0.7735 0.6169 -0.1453
vn -0.4271 0.8453 -0.3212
vn -0.2231 0.9266 -0.3027
vn -0.2988 0.9200 -0.2534
vn -0.9035 0.4221 0.0749
vn -0.8915 0.3174 0.3233
vn -0.7260 0.5418 -0.4234
vn -0.4358 0.8897 -0.1359
vn -0.7155 0.6958 0.0623
vn -0.7688 0.6387 -0.0322
vn -0.6217 0.7290 -0.2864
vn -0.9603 0.0705 0.2698
vn -0.9209 0.3101 0.2363
vn -0.8585 -0.4541 0.2382
vn -0.8338 -0.5053 0.2222
vn -0.0395 -0.9666 -0.2532
vn -0.1802 -0.9463 -0.2685
vn 0.0812 -0.9708 -0.2255
vn 0.1070 -0.9582 -0.2652
vn -0.7452 0.6563 -0.1183
vn -0.0703 -0.9479 0.3106
vn -0.4038 -0.7208 0.5634
vn -0.5146 0.8543 -0.0731
vn 0.7785 -0.5545 0.2939
vn 0.5475 -0.7593 0.3516
vn 0.2382 -0.7886 0.5670
vn 0.4830 0.7876 -0.3826
vn 0.3880 0.8436 -0.3711
vn -0.1079 0.9859 -0.1279
vn -0.1809 0.9374 -0.2976
vn 0.0450 0.9279 -0.3701
vn -0.3137 0.8829 -0.3495
vn -0.4597 0.8427 -0.2802
vn -0.3759 0.8306 -0.4109
vn -0.4972 0.8647 -0.0709
vn -0.6936 0.7183 -0.0540
vn -0.2962 -0.9359 0.1909
vn 0.2273 -0.8982 -0.3763
vn 0.7263 0.1038 -0.6795
vn 0.7691 0.0755 -0.6347
vn 0.7095 0.3546 -0.6090
vn -0.8712 0.3974 0.2882
vn -0.1779 0.9581 0.2246
vn -0.4251 0.8947 0.1370
vn -0.8174 0.2034 0.5390
vn -0.7885 0.0568 0.6125
vn -0.8181 -0.1840 0.5449
vn -0.7498 -0.2168 0.6251
vn -0.5284 -0.7836 -0.3268
vn -0.0095 -0.9932 -0.1157
vn 0.7737 -0.6157 -0.1491
vn 0.5869 0.7503 0.3042
vn 0.6594 0.7518 -0.0004
vn -0.2888 0.9573 0.0113
vn -0.6288 0.7720 0.0936
vn -0.4826 0.7948 -0.3679
vn -0.9135 0.3442 -0.2167
vn -0.9617 0.0842 -0.2609
vn 0.9902 -0.0776 -0.1162
vn 0.4814 -0.8746 -0.0582
vn -0.1218 -0.9671 -0.2233
vn -0.1782 -0.9812 0.0739
vn 0.9888 -0.1102 -0.1010
vn 0.9878 0.1438 -0.0597
vn 0.0162 0.9999 0.0024
vn -0.1179 0.9640 -0.2382
vn -0.7388 0.6663 -0.1008
vn -0.8554 0.5162 -0.0437
vn -0.7495 0.5613 -0.3509
vn -0.9807 0.1917 0.0379
vn -0.9986 -0.0423 -0.0303
vn 0.9648 -0.0758 -0.2518
vn 0.2085 -0.9650 0.1592
vn 0.5481 -0.8236 -0.1462
vn -0.0374 -0.9979 -0.0534
vn -0.0331 -0.9966 0.0752
vn 0.9309 -0.1031 -0.3505
vn 0.9058 0.2487 -0.3431
vn -0.8311 0.5477 -0.0970
vn -0.8902 0.4029 0.2126
vn -0.2269 0.9517 -0.2070
vn -0.2629 0.8806 -0.3942
vn -0.8617 0.4775 -0.1718
vn -0.9773 0.1712 0.1247
vn -0.9871 -0.0367 0.1559
vn 0.6421 0.0783 -0.7626
vn 0.1171 -0.9931 0.0005
vn 0.5290 -0.8120 -0.2466
vn 0.8042 0.0259 -0.5938
vn 0.7324 0.2595 -0.6295
vn -0.8681 0.0169 0.4961
vn -0.7746 0.2767 0.5687
vn -0.7452 0.6408 0.1845
vn -0.8765 -0.1110 0.4684
vn -0.5390 -0.7627 -0.3574
vn -0.1184 -0.6543 -0.7469
vn -0.3826 0.8367 -0.3919
vn -0.9435 0.3230 0.0744
vn -0.9532 -0.1861 0.2383
vn 0.2101 -0.6161 -0.7592
vn -0.4109 -0.5117 -0.7545
vn 0.8030 -0.3034 -0.5129
vn 0.6221 0.7064 -0.3377
vn -0.4704 0.7676 -0.4354
vn -0.8316 0.0264 -0.5547
vn -0.7746 0.2698 -0.5720
vn -0.1612 -0.7131 -0.6823
vn 0.3024 -0.6132 -0.7298
vn -0.0939 0.7680 -0.6335
vn -0.7427 0.4636 -0.4832
vn -0.9084 0.0489 -0.4152
vn -0.8318 -0.1405 -0.5370
vn -0.1294 -0.8371 -0.5315
vn 0.4179 -0.7135 -0.5624
vn -0.3562 0.4856 -0.7983
vn -0.7510 0.2365 -0.6165
vn -0.8942 0.0463 -0.4453
vn -0.8473 -0.0096 -0.5310
vn -0.2136 -0.7982 -0.5633
vn 0.1796 -0.7043 -0.6868
vn -0.8965 0.4069 -0.1754
vn -0.9817 -0.0427 0.1856
vn -0.9864 -0.1406 0.0848
vn 0.4475 0.6894 -0.5697
vn 0.3538 0.4330 -0.8290
vn -0.1126 0.7377 -0.6657
vn -0.1190 0.9469 -0.2986
vn -0.0722 0.9974 0.0073
vn 0.5414 0.6565 -0.5251
vn -0.2143 0.9080 -0.3601
vn 0.2011 0.6815 -0.7036
vn 0.4890 0.2048 -0.8479
vn 0.2747 0.5972 -0.7536
vn 0.4086 0.8188 -0.4033
vn 0.5607 0.7191 -0.4104
vn 0.1595 0.7612 -0.6286
vn 0.4577 0.7633 -0.4559
vn 0.3805 0.4257 -0.8209
vn 0.6850 0.6521 -0.3248
vn 0.4673 0.6273 -0.6231
vn 0.6625 0.7221 -0.1991
vn 0.5124 0.5395 -0.6682
vn 0.8926 0.4488 0.0430
vn 0.8479 0.4885 -0.2059
vn 0.0266 0.8562 -0.5160
vn 0.9938 0.1110 -0.0049
vn 0.9516 0.0901 -0.2937
vn 0.9904 0.0645 0.1221
vn 0.8422 0.0566 -0.5362
vn 0.3043 0.8720 -0.3834
vn 0.9468 0.0910 -0.3086
vn 0.9800 0.1221 -0.1570
vn 0.6213 0.6035 -0.4998
vn 0.0084 0.4077 -0.9131
vn 0.8080 0.3825 -0.4482
vn 0.4387 -0.8985 -0.0141
vn 0.6870 -0.6905 0.2265
vn 0.6171 -0.7415 -0.2635
vn 0.2795 -0.9229 -0.2649
vn -0.1436 -0.9648 -0.2202
vn 0.0858 -0.9963 -0.0022
vn -0.6412 -0.7672 0.0165
vn -0.3953 -0.9105 0.1213
vn -0.9140 -0.3414 0.2193
vn -0.9140 0.4017 -0.0572
vn -0.5249 0.7785 -0.3441
vn -0.6671 0.4195 -0.6156
vn 0.9877 -0.1113 -0.1100
vn 0.9561 -0.2913 -0.0328
vn 0.9839 0.0691 -0.1651
vn 0.9608 0.0365 -0.2748
vn 0.9987 -0.0327 -0.0388
vn 0.8957 -0.0577 -0.4409
vn 0.7202 -0.1843 -0.6688
vn 0.9922 -0.0853 0.0905
vn 0.9918 -0.0325 -0.1236
vn -0.6512 -0.6462 0.3978
vn -0.8574 -0.5091 0.0755
vn 0.5189 0.1358 -0.8440
vn -0.5511 0.5706 -0.6089
vn 0.6124 0.0370 -0.7897
vn -0.2767 0.5809 -0.7655
vn 0.7335 0.0718 -0.6759
vn 0.2547 0.5367 -0.8044
vn -0.3125 0.8253 -0.4704
vn -0.1782 0.9773 -0.1148
vn -0.6251 -0.7753 -0.0903
vn -0.5855 -0.5417 -0.6031
vn -0.4410 -0.8751 0.1990
vn -0.6273 -0.6350 -0.4509
vn -0.2075 -0.8887 -0.4088
vn -0.1987 -0.9788 0.0496
vn -0.6439 -0.7550 -0.1240
vn 0.5379 0.0302 -0.8425
vn 0.5578 -0.0307 -0.8294
vn 0.7439 -0.1359 -0.6543
vn 0.7822 -0.1480 -0.6052
vn 0.9514 -0.1035 -0.2902
vn -0.5099 -0.3978 -0.7627
vn -0.4543 0.5788 -0.6772
vn -0.9876 0.0828 -0.1334
vn -0.9869 -0.1612 0.0077
vn 0.4924 -0.2968 -0.8182
vn -0.6390 0.1210 -0.7597
vn -0.6249 -0.0110 -0.7806
vn -0.1224 -0.3083 -0.9434
vn -0.1175 0.4995 -0.8583
vn -0.6384 0.1078 -0.7621
vn -0.9793 -0.0499 -0.1960
vn -0.0313 -0.5502 -0.8345
vn -0.4329 -0.0050 -0.9014
vn -0.5751 0.0892 -0.8132
vn -0.8849 0.1030 -0.4542
vn -0.2750 -0.3948 -0.8766
vn -0.9748 0.0433 -0.2188
vn -0.9900 -0.0809 0.1154
vn 0.2484 0.3500 -0.9032
vn -0.2721 0.5825 -0.7659
vn 0.2089 0.2784 -0.9375
vn -0.0953 0.0869 -0.9916
vn 0.1647 0.3149 -0.9348
vn 0.7842 0.2516 -0.5673
vn -0.1089 0.6275 -0.7709
vn 0.3219 0.0941 -0.9421
vn 0.2856 0.0506 -0.9570
vn 0.3854 0.0035 -0.9228
vn 0.3219 -0.0343 -0.9462
vn 0.8925 -0.0843 -0.4432
vn -0.8423 -0.1800 0.5081
vn -0.9693 -0.2451 -0.0174
vn -0.4244 -0.1409 0.8944
vn 0.9041 -0.2615 -0.3380
vn 0.6665 -0.1441 0.7314
vn 0.8572 0.1073 0.5037
vn -0.0064 -0.2849 0.9585
vn -0.9719 0.0321 -0.2331
vn -0.9089 -0.2409 -0.3403
vn -0.7124 0.0296 -0.7012
vn 0.8445 -0.4407 0.3044
vn 0.5115 -0.8566 0.0679
vn 0.0113 -0.9862 0.1653
vn -0.8909 -0.2540 0.3764
vn -0.5212 -0.7924 0.3170
vn 0.5968 -0.5701 0.5646
vn -0.0017 -0.7101 0.7041
vn 0.9611 -0.1626 -0.2234
vn -0.0325 -0.5521 -0.8331
vn 0.1513 -0.6601 -0.7358
vn -0.4929 -0.6750 -0.5491
vn -0.6695 -0.4539 -0.5880
vn 0.8243 0.0645 0.5625
vn 0.1846 0.0601 0.9810
vn -0.5192 0.2968 0.8015
vn -0.3271 0.3258 0.8870
vn -0.9214 -0.2463 0.3005
vn -0.9283 -0.3335 0.1645
vn -0.8338 -0.3530 0.4245
vn -0.8031 -0.1609 0.5738
vn -0.5192 -0.3766 0.7672
vn -0.9194 -0.2567 -0.2981
vn -0.9013 0.0521 -0.4301
vn -0.4306 0.0743 -0.8995
vn -0.4896 -0.1025 -0.8659
vn -0.7834 -0.5546 0.2806
vn -0.7863 -0.5089 0.3503
vn -0.3732 -0.5829 -0.7217
vn 0.4499 0.3716 -0.8121
vn 0.1931 0.2056 -0.9594
vn 0.1091 0.0085 -0.9940
vn -0.7556 -0.5209 -0.3971
vn -0.8279 -0.4742 -0.2994
vn -0.6572 -0.5176 -0.5478
vn 0.2374 -0.6733 -0.7003
vn -0.0659 -0.4688 -0.8808
vn -0.6522 -0.2909 -0.7001
vn 0.8912 0.3564 0.2806
vn 0.9435 0.0140 0.3311
vn -0.5494 -0.4423 0.7088
vn -0.1276 -0.3894 0.9122
vn -0.1699 -0.3776 0.9103
vn -0.2065 -0.1130 0.9719
vn -0.9336 0.0534 0.3543
vn -0.9906 -0.0066 0.1368
vn -0.0673 -0.0601 -0.9959
vn 0.6979 0.0852 -0.7112
vn -0.0609 -0.2532 -0.9655
vn 0.5959 -0.2111 -0.7748
vn 0.5836 -0.4711 -0.6614
vn -0.9338 0.2728 0.2317
vn -0.7958 0.5848 0.1574
vn -0.8924 -0.1026 0.4395
vn -0.9824 -0.1838 -0.0340
vn -0.4026 -0.0565 0.9136
vn 0.9218 -0.1634 -0.3516
vn 0.9356 -0.2752 -0.2212
vn -0.9880 0.1536 -0.0179
vn -0.8875 -0.3515 -0.2979
vn -0.8649 -0.3667 -0.3428
vn 0.9355 0.2843 0.2099
vn -0.8752 0.2950 0.3833
vn -0.9602 -0.2434 0.1367
vn -0.9397 -0.3417 0.0163
vn 0.7933 -0.5832 0.1749
vn 0.8724 -0.4846 -0.0633
vn -0.5555 -0.2408 0.7959
vn 0.7148 -0.5339 0.4517
vn 0.6643 -0.7194 0.2028
vn 0.7720 -0.6028 0.2018
vn 0.6733 -0.6116 0.4154
vn 0.1606 -0.2696 0.9495
vn 0.7254 -0.2258 -0.6502
vn 0.7277 -0.3943 -0.5613
vn -0.9902 -0.0267 0.1374
vn -0.9478 -0.0183 0.3185
vn 0.7263 -0.5936 -0.3467
vn 0.6697 -0.4868 -0.5609
vn 0.8271 -0.3654 -0.4270
vn 0.5405 -0.6059 -0.5837
vn 0.6339 -0.6010 -0.4868
vn -0.1114 -0.7592 -0.6413
vn 0.7852 -0.2090 -0.5830
vn -0.6650 -0.2279 -0.7113
vn -0.9770 -0.1921 -0.0921
vn -0.8582 0.4437 -0.2582
vn -0.8488 0.5283 0.0233
vn 0.1089 -0.9523 0.2851
vn 0.6442 -0.5687 0.5115
vn 0.2730 -0.8573 0.4365
vn 0.1897 -0.8301 0.5244
vn 0.0935 -0.8430 0.5297
vn -0.4685 -0.6439 0.6049
vn 0.5342 -0.0382 -0.8445
vn 0.9583 -0.0971 -0.2687
vn -0.8902 -0.3721 -0.2629
vn 0.5781 0.1951 -0.7923
vn 0.6350 0.1867 -0.7496
vn -0.5996 -0.8003 0.0014
vn 0.9200 0.3782 -0.1029
vn -0.5341 -0.1539 0.8313
vn -0.0061 -0.3782 0.9257
vn 0.0729 0.7666 -0.6380
vn 0.4770 -0.2681 -0.8370
vn 0.0214 -0.5679 -0.8228
vn -0.6626 -0.4303 -0.6130
vn -0.8837 -0.3103 -0.3505
vn -0.9311 -0.1519 -0.3315
vn -0.1573 -0.6216 -0.7674
vn -0.2791 -0.6865 -0.6714
vn -0.6567 -0.3933 -0.6435
vn -0.9342 -0.2376 -0.2662
vn -0.9227 0.0861 -0.3757
vn 0.6196 -0.0665 -0.7821
vn -0.4734 -0.4468 -0.7591
vn -0.9243 -0.2603 0.2789
vn -0.6733 -0.6659 -0.3213
vn -0.8883 -0.4257 0.1724
vn -0.5687 -0.6787 -0.4646
vn -0.2511 -0.6733 -0.6954
vn 0.0623 -0.9884 0.1388
vn 0.0058 -0.9886 0.1503
vn -0.5493 -0.8277 0.1148
vn -0.9335 -0.2053 -0.2940
vn -0.6313 -0.3841 -0.6737
vn -0.0284 -0.6975 -0.7161
vn 0.7406 -0.4903 -0.4594
vn 0.9769 -0.2088 0.0446
vn -0.9749 0.1815 0.1288
vn -0.9866 -0.0261 0.1608
vn -0.9419 0.0617 0.3303
vn -0.9373 0.2052 0.2817
vn -0.9519 0.0283 0.3050
vn -0.9733 -0.0161 0.2288
vn -0.8975 0.2634 0.3536
vn -0.7939 0.1978 0.5750
vn -0.7673 0.0563 0.6388
vn -0.7539 -0.1200 0.6460
vn -0.6235 -0.1020 0.7751
vn -0.4534 -0.2760 0.8475
vn 0.6403 0.4972 -0.5855
vn -0.7432 0.0803 0.6642
vn -0.7619 0.3194 0.5635
vn -0.7444 -0.2162 0.6318
vn 0.3015 -0.5319 0.7913
vn 0.0701 0.2937 0.9533
vn 0.0365 0.2942 0.9551
vn -0.0532 0.5815 0.8118
vn -0.1103 0.6283 0.7701
vn -0.2283 0.4759 0.8493
vn -0.0854 0.3767 0.9224
vn -0.1471 0.6475 0.7478
vn -0.2025 0.1758 0.9634
vn -0.0743 0.1239 0.9895
vn 0.0975 0.0357 0.9946
vn 0.0487 0.1083 0.9929
vn -0.1020 -0.0979 0.9900
vn -0.0812 -0.0904 0.9926
vn 0.0653 -0.1021 0.9926
vn 0.0581 -0.1888 0.9803
vn 0.7261 -0.6716 0.1475
vn -0.4791 -0.8659 0.1439
vn -0.4541 -0.8463 0.2785
vn 0.1116 -0.9312 0.3470
vn 0.0993 -0.3669 0.9249
vn -0.1184 -0.4124 0.9033
vn 0.0662 -0.3004 0.9515
vn 0.0242 -0.3901 0.9205
vn 0.0865 -0.5997 0.7955
vn -0.1718 -0.7814 0.5999
vn -0.2005 -0.8658 0.4585
vn 0.0313 -0.8735 0.4858
vn 0.3289 -0.6943 0.6401
vn -0.2321 -0.8038 0.5477
vn 0.4138 -0.8510 0.3232
vn -0.5139 -0.7476 0.4208
vn -0.7858 0.2761 0.5534
vn -0.9942 -0.1047 -0.0260
vn -0.8141 0.1558 -0.5594
vn -0.6774 0.0412 -0.7345
vn -0.3184 0.1993 -0.9268
vn 0.2774 0.2988 -0.9131
vn 0.2421 0.4414 -0.8641
vn -0.4159 0.3346 -0.8456
vn 0.7398 0.2220 -0.6352
vn 0.9813 0.1144 -0.1550
vn -0.8956 -0.2989 0.3296
vn -0.8129 0.2782 0.5117
vn -0.8943 0.3058 0.3265
vn -0.6344 0.7629 -0.1246
vn -0.5975 0.7720 -0.2169
vn -0.0056 0.9797 -0.2001
vn -0.0058 0.9847 -0.1742
vn -0.8664 0.4871 -0.1099
vn -0.7148 0.6838 -0.1464
vn -0.8385 -0.5055 -0.2034
vn -0.9208 0.3759 0.1038
vn -0.9104 0.4138 -0.0008
vn -0.7740 -0.5941 0.2189
vn -0.9194 -0.3097 0.2424
vn -0.9208 0.1549 -0.3581
vn -0.1454 -0.2853 -0.9473
vn -0.6757 -0.4494 0.5843
vn -0.1788 0.9563 0.2314
vn 0.3146 0.9131 -0.2595
vn -0.0732 0.4725 -0.8783
vn -0.0858 -0.4456 0.8911
vn -0.2664 -0.8415 0.4700
vn -0.1808 -0.8342 0.5210
vn -0.3254 -0.8297 -0.4536
vn -0.2629 -0.8824 -0.3903
vn 0.9299 0.2103 -0.3017
vn 0.9115 0.3988 -0.1006
vn 0.9956 0.0449 -0.0821
vn 0.9838 0.0809 -0.1598
vn 0.9497 -0.1083 -0.2939
vn 0.8283 0.0504 -0.5580
vn 0.9397 -0.2660 -0.2152
vn -0.9986 -0.0476 -0.0250
vn -0.9354 0.3321 -0.1213
vn -0.9721 0.1468 -0.1831
vn -0.9989 -0.0409 -0.0212
vn -0.9748 -0.1430 -0.1712
vn -0.8953 0.0060 -0.4455
vn -0.0616 -0.3557 -0.9326
vn -0.9174 -0.2250 -0.3283
vn -0.0232 0.9581 -0.2854
vn -0.2318 0.8560 -0.4622
vn -0.2038 0.3483 -0.9150
vn 0.1923 -0.3927 0.8993
vn 0.6651 -0.4048 0.6275
vn 0.8367 -0.4891 0.2464
vn 0.1306 -0.8912 0.4345
vn 0.1386 -0.8882 0.4380
vn 0.7733 -0.6087 0.1775
vn 0.1379 -0.9820 0.1289
vn 0.7639 -0.6376 0.0997
vn 0.1758 -0.9809 0.0827
vn 0.8929 0.3213 -0.3155
vn 0.8464 0.5164 -0.1303
vn 0.8032 0.0947 -0.5881
vn -0.9351 -0.0343 0.3528
vn -0.7209 0.4352 0.5394
vn -0.9452 0.2254 0.2362
vn -0.9680 -0.0186 0.2503
vn -0.9860 -0.0657 0.1531
vn -0.9976 0.0633 -0.0281
vn -0.3615 -0.1590 -0.9187
vn -0.9922 -0.0578 0.1102
vn 0.0671 0.8642 0.4986
vn 0.0618 0.9827 0.1745
vn -0.2698 0.6047 -0.7494
vn 0.8605 0.2649 -0.4351
vn 0.8669 0.4913 -0.0843
vn 0.5399 -0.5060 -0.6727
vn 0.7100 -0.5675 -0.4171
vn 0.9243 -0.3026 -0.2327
vn 0.7080 0.1460 -0.6909
vn 0.8782 -0.3893 0.2780
vn 0.5857 -0.7727 0.2447
vn 0.0683 -0.8937 -0.4435
vn -0.2959 -0.8803 -0.3708
vn -0.8050 -0.0476 0.5914
vn -0.6902 0.5086 0.5148
vn -0.8971 0.2965 0.3275
vn -0.8682 0.0043 0.4961
vn -0.9424 -0.0717 0.3266
vn -0.9833 0.1705 -0.0636
vn -0.3854 -0.1839 -0.9042
vn -0.9748 -0.0378 0.2200
vn 0.1733 0.9832 0.0582
vn -0.0368 0.9927 -0.1147
vn -0.3080 0.5221 -0.7953
vn 0.7049 0.3321 -0.6268
vn 0.7901 0.5074 -0.3440
vn 0.6784 -0.3093 -0.6664
vn 0.5083 -0.7921 -0.3380
vn 0.8513 -0.3551 -0.3861
vn 0.4748 0.1154 -0.8725
vn 0.8937 -0.4353 0.1088
vn 0.5364 -0.7437 0.3989
vn 0.2417 -0.9702 0.0155
vn -0.1479 -0.9092 -0.3891
vn -0.8486 -0.0747 0.5238
vn -0.7960 -0.1375 0.5895
vn -0.8131 0.3873 0.4346
vn -0.9085 0.3109 0.2794
vn -0.9007 -0.1091 0.4206
vn -0.9930 0.0767 0.0900
vn -0.4236 -0.3187 -0.8480
vn -0.8808 -0.2340 0.4115
vn 0.4205 0.8165 -0.3956
vn -0.2232 0.9252 -0.3068
vn -0.3213 0.4507 -0.8328
vn 0.7066 0.2579 -0.6590
vn 0.7689 0.3092 -0.5596
vn 0.7145 -0.5631 -0.4152
vn 0.6849 -0.6449 -0.3393
vn 0.8361 -0.3323 -0.4364
vn 0.5977 0.0293 -0.8011
vn 0.9141 -0.4054 -0.0051
vn 0.5574 -0.7647 0.3233
vn 0.2722 -0.9618 0.0301
vn 0.1392 -0.9762 0.1661
vn -0.1007 -0.2389 -0.9658
vn -0.3379 -0.3052 -0.8903
vn -0.4619 -0.4114 -0.7857
vn -0.6049 -0.4583 -0.6512
vn -0.7987 -0.4187 -0.4322
vn -0.9430 -0.3021 0.1397
vn -0.0102 0.9870 0.1602
vn -0.5679 0.8168 -0.1019
vn -0.0078 1.0000 0.0020
vn -0.4190 -0.8673 -0.2687
vn -0.7188 -0.6797 -0.1463
vn 0.0106 -0.9667 -0.2557
vn -0.8039 -0.5921 0.0561
vn -0.4664 -0.8797 0.0924
vn 0.0056 -0.9801 0.1985
vn -0.8227 -0.5481 -0.1508
vn -0.4316 -0.8771 -0.2108
vn 0.0096 -0.9850 -0.1723
vn -0.6121 0.7901 -0.0324
vn -0.8448 0.5015 0.1866
vn -0.7003 0.6206 0.3526
vn -0.4759 0.8531 0.2140
vn -0.9515 0.3003 0.0670
vn -0.9969 -0.0678 0.0395
vn -0.7933 0.4340 0.4270
vn -0.8959 0.3961 0.2011
vn -0.9228 -0.3700 0.1072
vn -0.7832 0.6184 0.0650
vn -0.5033 0.8551 -0.1244
vn -0.0064 0.9886 -0.1501
vn -0.8553 0.5176 0.0235
vn -0.6101 0.7922 -0.0112
vn -0.0071 0.9973 -0.0733
vn -0.9225 -0.0261 -0.3852
vn -0.8695 -0.4351 0.2339
vn -0.8041 -0.5023 0.3181
vn -0.9429 -0.1479 -0.2986
vn 0.7065 -0.2107 0.6756
vn 0.4458 -0.2962 0.8447
vn 0.0299 -0.3399 0.9400
vn -0.6179 0.1972 -0.7611
vn 0.8874 0.3339 -0.3178
vn 0.7438 0.6576 -0.1193
vn 0.9922 -0.0414 -0.1179
vn 0.9535 -0.1058 -0.2821
vn 0.7226 0.1617 -0.6721
vn 0.8966 -0.1584 -0.4135
vn 0.8617 -0.2030 -0.4651
vn -0.7017 -0.2094 -0.6811
vn -0.1604 0.9502 -0.2672
vn -0.0548 0.9973 0.0485
vn -0.3222 0.5005 -0.8036
vn -0.0040 -0.7424 0.6699
vn -0.5653 -0.6502 0.5077
vn -0.5344 -0.4780 0.6971
vn -0.1431 -0.9739 0.1763
vn -0.6955 -0.6691 0.2619
vn -0.0805 -0.9967 -0.0034
vn -0.6426 -0.7544 0.1340
vn -0.9720 0.1310 0.1953
vn -0.7907 0.5386 0.2909
vn -0.9944 0.0779 -0.0708
vn 0.8062 0.2421 -0.5399
vn 0.7136 0.6170 -0.3317
vn 0.9256 -0.0845 -0.3690
vn 0.8590 -0.1911 -0.4749
vn 0.6595 0.1169 -0.7425
vn 0.8490 -0.1916 -0.4923
vn 0.8592 -0.1674 -0.4835
vn -0.7491 0.0094 -0.6624
vn -0.0752 0.8845 -0.4604
vn -0.2284 0.9705 0.0772
vn -0.3352 0.5150 -0.7889
vn 0.0200 -0.7512 0.6598
vn -0.6114 -0.5876 0.5300
vn -0.4985 -0.5003 0.7079
vn -0.0938 -0.9346 0.3431
vn -0.6423 -0.6718 0.3689
vn -0.1252 -0.9817 0.1437
vn -0.7709 -0.4970 0.3984
vn -0.8924 0.3635 0.2674
vn -0.8297 0.3798 0.4091
vn -0.9712 0.2246 -0.0800
vn 0.9184 0.3155 -0.2388
vn 0.7338 0.6679 -0.1246
vn 0.9983 -0.0569 0.0102
vn 0.9905 -0.0671 -0.1200
vn 0.8373 0.1866 -0.5140
vn 0.9659 -0.0605 -0.2516
vn 0.9575 -0.1166 -0.2638
vn -0.5906 -0.0940 -0.8015
vn -0.2172 0.8780 -0.4264
vn -0.0935 0.9881 -0.1220
vn -0.2228 0.4633 -0.8577
vn 0.0687 -0.7598 0.6465
vn -0.6277 -0.6827 0.3741
vn -0.6113 -0.5325 0.5855
vn 0.0123 -0.9496 0.3132
vn -0.7522 -0.6230 0.2144
vn -0.0284 -0.9785 0.2042
vn -0.6494 -0.7201 0.2444
vn -0.9921 0.1214 -0.0308
vn -0.8847 0.4653 0.0293
vn -0.9571 0.0670 -0.2820
vn 0.9598 0.2750 -0.0563
vn 0.8585 0.5126 -0.0108
vn 0.9819 -0.0921 0.1653
vn 0.9906 -0.1055 0.0873
vn 0.9293 0.1623 -0.3317
vn 0.9934 -0.1142 -0.0123
vn 0.9860 -0.1650 -0.0248
vn -0.4512 -0.0077 -0.8924
vn -0.0281 0.8613 -0.5073
vn 0.1594 0.9511 -0.2645
vn -0.0677 0.4841 -0.8724
vn -0.0807 -0.7241 0.6849
vn -0.7340 -0.6156 0.2868
vn -0.7534 -0.4580 0.4718
vn -0.0676 -0.9320 0.3560
vn -0.6966 -0.7130 0.0794
vn -0.0745 -0.9845 0.1585
vn -0.8615 -0.5055 -0.0486
vn -0.9441 0.1687 -0.2832
vn -0.8240 0.5061 -0.2549
vn -0.8797 0.1540 -0.4499
vn 0.9800 0.1837 0.0768
vn 0.7867 0.5899 0.1818
vn 0.9341 -0.1951 0.2990
vn 0.9546 -0.2387 0.1780
vn 0.9672 0.0697 -0.2441
vn 0.9688 -0.2371 0.0720
vn 0.9570 -0.2826 0.0660
vn -0.3286 0.0914 -0.9400
vn 0.0196 0.9064 -0.4220
vn -0.0230 0.9963 -0.0830
vn 0.1001 0.5310 -0.8414
vn -0.2587 -0.7648 0.5900
vn -0.8210 -0.5530 0.1417
vn -0.8415 -0.4258 0.3326
vn -0.1750 -0.9630 0.2049
vn -0.8370 -0.5361 -0.1090
vn -0.0687 -0.9928 0.0986
vn -0.6941 -0.7036 -0.1524
vn -0.9015 0.2264 -0.3689
vn -0.7932 0.5452 -0.2713
vn -0.7923 0.2585 -0.5526
vn 0.5088 0.2637 0.8195
vn 0.6036 0.3005 0.7385
vn 0.0778 -0.9036 -0.4214
vn 0.1231 -0.9915 -0.0431
vn 0.3205 -0.7795 0.5382
vn 0.9530 0.1735 -0.2482
vn 0.9742 0.1808 -0.1348
vn 0.8343 0.5216 -0.1782
vn 0.8088 0.5676 -0.1543
vn 0.7362 -0.6650 -0.1258
vn 0.7329 -0.6738 -0.0940
vn 0.8981 -0.2002 -0.3915
vn 0.4044 -0.8779 -0.2565
vn 0.6174 -0.7774 0.1199
vn 0.6272 -0.7572 -0.1824
vn 0.6425 -0.7652 -0.0412
vn 0.5586 -0.8216 0.1139
vn 0.7291 -0.6814 0.0641
vn 0.9131 0.3504 0.2083
vn 0.6371 0.7295 -0.2489
vn 0.9797 0.1296 -0.1530
vn 0.9583 -0.2454 0.1461
vn 0.6152 -0.6495 -0.4469
vn 0.2189 -0.8618 -0.4576
vn 0.0167 -0.9969 -0.0774
vn 0.3245 -0.9095 0.2597
vn 0.0581 -0.9876 -0.1461
vn -0.4750 -0.8278 -0.2985
vn -0.7336 -0.6715 0.1050
vn -0.5833 -0.7357 0.3442
vn -0.2135 -0.9035 0.3716
vn 0.0584 -0.9788 0.1965
vn 0.1169 -0.7927 0.5982
vn -0.0572 -0.4962 0.8663
vn -0.1060 0.9375 -0.3315
vn 0.1469 0.9877 0.0544
vn -0.3689 0.9164 0.1553
vn -0.3471 0.9329 -0.0964
vn 0.4699 0.8407 -0.2692
vn -0.0937 0.9956 0.0061
vn -0.2209 0.9641 -0.1473
vn 0.2630 0.9581 -0.1137
vn 0.8086 0.5604 -0.1793
vn 0.3378 0.9288 -0.1526
vn 0.2388 0.9339 -0.2660
vn 0.7380 0.5895 -0.3285
vn 0.3805 -0.8716 0.3092
vn 0.2155 -0.7440 0.6325
vn 0.8004 0.5939 0.0814
vn 0.6424 0.7652 0.0426
vn 0.3944 0.9062 -0.1523
vn -0.1084 0.8503 -0.5150
vn 0.4387 0.8514 -0.2875
vn 0.4179 0.5811 -0.6983
vn 0.9611 0.0375 -0.2735
vn 0.9243 0.0761 -0.3740
vn -0.4559 -0.5560 0.6950
vn -0.4184 -0.1553 0.8949
vn 0.8919 -0.4091 -0.1926
vn 0.8293 -0.4896 0.2693
vn 0.9853 0.1494 0.0832
vn 0.9638 0.2278 -0.1384
vn -0.2270 -0.9663 -0.1213
vn 0.2057 -0.9489 -0.2391
vn -0.0610 -0.8450 -0.5313
vn 0.2802 -0.9321 -0.2297
vn -0.1397 -0.9887 0.0537
vn 0.1404 -0.9362 -0.3221
vn 0.3863 0.9164 -0.1050
vn 0.9624 -0.2365 -0.1337
vn -0.4588 0.8365 0.2995
vn 0.0111 0.9985 0.0541
vn -0.1172 0.9340 -0.3374
vn 0.2189 0.9491 -0.2264
vn 0.0397 0.9920 0.1201
vn 0.4398 0.8444 -0.3059
vn -0.8655 -0.4919 -0.0946
vn -0.4698 -0.8704 0.1472
vn -0.8898 0.2321 -0.3928
vn -0.9367 0.0824 -0.3403
vn 0.8929 -0.1456 0.4260
vn 0.9543 0.1765 0.2410
vn 0.5533 0.8131 -0.1810
vn 0.5836 0.8120 -0.0085
vn 0.9216 -0.2075 0.3281
vn 0.0127 -0.9988 0.0462
vn 0.5953 -0.7674 -0.2382
vn -0.8311 -0.3694 0.4158
vn 0.1266 0.9859 -0.1097
vn 0.3921 0.8386 -0.3783
vn -0.4706 0.8788 0.0785
vn -0.6893 0.6933 0.2103
vn 0.8331 0.1283 -0.5381
vn 0.7897 0.1149 -0.6026
vn 0.7493 0.3302 -0.5740
vn -0.6332 0.7699 -0.0792
vn -0.1475 -0.9891 0.0027
vn -0.5782 -0.7616 0.2926
vn -0.9682 0.0735 0.2391
vn -0.8996 -0.2002 0.3880
vn 0.4807 0.7702 -0.4192
vn -0.0561 0.9671 -0.2483
vn 0.9353 0.0734 -0.3461
vn 0.9361 0.0978 -0.3377
vn 0.8702 0.2692 -0.4128
vn -0.6065 0.7465 -0.2736
vn -0.2550 -0.9479 -0.1909
vn -0.0430 -0.9238 -0.3806
vn -0.7583 -0.6349 0.1481
vn 0.0379 -0.9823 -0.1835
vn -0.9908 -0.0058 0.1349
vn -0.9935 -0.0595 0.0970
vn 0.0881 0.9657 -0.2443
vn 0.7570 0.6273 -0.1826
vn 0.9830 -0.0896 -0.1600
vn 0.9678 -0.1645 -0.1905
vn 0.9784 0.0357 -0.2037
vn -0.5092 0.7622 -0.3997
vn -0.5514 -0.8183 0.1623
vn -0.2975 -0.9428 0.1503
vn -0.9544 0.2176 -0.2045
vn -0.9753 0.1685 -0.1426
vn 0.8565 0.5134 -0.0538
vn 0.9952 0.0121 0.0974
vn 0.9669 -0.2125 0.1413
vn -0.7277 -0.4931 -0.4767
vn -0.0251 -0.5764 -0.8168
vn 0.8668 -0.0359 -0.4974
vn 0.6259 0.3115 -0.7150
vn 0.8596 -0.1969 -0.4716
vn 0.2759 -0.6975 -0.6614
vn -0.3628 -0.5455 -0.7555
vn -0.8308 -0.3077 -0.4638
vn -0.2752 0.5693 -0.7747
vn -0.5453 0.5525 -0.6304
vn 0.3553 0.2704 -0.8948
vn 0.4193 0.0504 -0.9064
vn -0.5581 -0.6840 -0.4698
vn -0.1932 -0.3674 -0.9097
vn 0.0468 0.6304 -0.7749
vn -0.2526 0.4534 -0.8548
vn 0.6341 0.0884 -0.7681
vn -0.1862 0.4094 -0.8932
vn -0.5558 -0.6282 -0.5444
vn -0.0448 -0.5461 -0.8365
vn 0.2674 0.5712 -0.7760
vn -0.1061 0.4429 -0.8903
vn 0.7451 -0.2268 -0.6272
vn 0.4554 0.1852 -0.8708
vn -0.4292 -0.5909 -0.6831
vn 0.1001 -0.6155 -0.7817
vn 0.6814 0.1206 -0.7219
vn 0.5467 0.4979 -0.6733
vn 0.8753 -0.2281 -0.4264
vn 0.2351 0.9412 -0.2428
vn 0.3025 0.5323 -0.7907
vn -0.2631 0.4852 -0.8339
vn -0.7637 0.5745 -0.2945
vn -0.5542 0.8021 -0.2227
vn 0.3540 0.9327 -0.0690
vn -0.5691 0.8214 -0.0380
vn -0.4717 0.7326 -0.4907
vn 0.0695 0.4180 -0.9058
vn -0.5824 0.2099 -0.7854
vn -0.1049 0.9647 -0.2416
vn -0.0319 0.9973 -0.0669
vn -0.2787 0.5083 -0.8149
vn -0.7819 0.6160 -0.0957
vn -0.5615 0.8244 -0.0710
vn -0.4304 0.8998 0.0710
vn -0.4850 0.5007 -0.7170
vn -0.7704 0.6350 0.0562
vn -0.5763 0.7872 0.2196
vn -0.2136 0.9744 -0.0694
vn -0.6107 0.7765 0.1552
vn -0.2577 0.8958 -0.3622
vn -0.8813 0.2698 -0.3880
vn -0.8504 0.3040 0.4294
vn -0.9076 0.0800 0.4121
vn -0.9819 0.0416 0.1848
vn -0.8140 0.1127 0.5699
vn -0.5479 0.3983 0.7356
vn -0.9145 -0.1547 0.3739
vn -0.9975 0.0062 0.0707
vn -0.8865 0.3510 -0.3016
vn -0.9143 0.1906 0.3574
vn -0.7889 0.3490 -0.5058
vn 0.2243 0.3698 -0.9016
vn 0.4970 0.3668 -0.7865
vn 0.2264 0.9084 -0.3515
vn 0.5541 -0.6163 0.5596
vn 0.1705 -0.3271 0.9295
vn 0.1380 -0.5588 0.8178
vn 0.6879 -0.6903 0.2244
vn 0.7900 -0.6061 -0.0925
vn 0.6711 -0.7143 -0.1986
vn 0.3172 -0.7468 0.5845
vn 0.3475 -0.8329 -0.4307
vn -0.7167 0.2007 -0.6678
vn 0.0766 0.8110 -0.5800
vn -0.7480 0.1985 -0.6334
vn -0.0347 0.9975 -0.0611
vn -0.8539 0.2425 -0.4604
vn 0.1730 0.8597 -0.4806
vn -0.0631 -0.5089 -0.8585
vn 0.5361 -0.8409 -0.0747
vn 0.4420 -0.6058 -0.6615
vn 0.7090 -0.6811 -0.1829
vn 0.3727 -0.6319 -0.6795
vn 0.2907 -0.9548 0.0628
vn -0.7534 0.0276 -0.6569
vn -0.6384 0.1701 -0.7506
vn -0.8499 -0.1299 -0.5107
vn -0.9067 -0.0411 -0.4198
vn 0.0624 -0.2566 -0.9645
vn 0.3813 -0.1630 -0.9100
vn 0.4268 -0.1392 -0.8936
vn 0.1359 -0.0353 -0.9901
vn 0.4676 -0.1269 -0.8748
vn -0.5064 -0.0441 -0.8612
vn -0.4145 -0.2342 -0.8794
vn -0.1142 0.0357 -0.9928
vn -0.3663 0.1202 -0.9227
vn -0.2888 -0.0050 -0.9574
vn -0.3242 0.0353 -0.9453
vn -0.4875 0.1609 -0.8581
vn -0.2764 0.1127 -0.9544
vn -0.5218 0.1876 -0.8322
vn -0.1692 -0.3407 -0.9248
vn 0.0652 -0.3143 -0.9471
vn -0.1619 0.1189 -0.9796
vn -0.0832 0.0838 -0.9930
vn 0.0018 -0.0253 -0.9997
vn 0.1071 -0.0751 -0.9914
vn 0.2311 -0.0991 -0.9679
vn 0.2456 0.2052 -0.9474
vn -0.1916 0.0697 -0.9790
vn -0.3478 0.1277 -0.9288
vn -0.2082 0.0613 -0.9762
vn -0.4273 0.1621 -0.8894
vn -0.5307 0.0623 -0.8453
vn -0.5064 0.0762 -0.8589
vn 0.2804 0.1201 -0.9524
vn -0.4943 -0.0029 -0.8693
vn -0.0207 0.0437 -0.9988
vn -0.6979 0.0408 -0.7151
vn -0.7041 0.1754 -0.6881
vn 0.9861 -0.1142 0.1206
vn 0.9632 -0.1657 0.2116
vn 0.7772 0.2559 0.5748
vn 0.9329 0.1327 0.3349
vn 0.6683 -0.7296 0.1451
vn 0.2780 0.9503 0.1399
vn 0.3877 0.9208 -0.0415
vn 0.4710 0.8804 0.0558
vn 0.8573 0.4264 -0.2883
vn 0.8168 0.3149 -0.4835
vn 0.9673 0.1241 -0.2213
vn 0.9601 0.2671 -0.0832
vn 0.9745 0.0881 -0.2065
vn 0.8361 -0.2547 -0.4859
vn 0.9562 -0.1847 -0.2270
vn 0.5116 -0.8165 -0.2674
vn 0.2631 -0.8903 -0.3716
vn 0.5049 -0.8244 0.2558
vn 0.7639 -0.6351 0.1144
vn 0.4816 0.7736 0.4118
vn 0.5416 0.8325 0.1167
vn 0.3631 0.9181 0.1587
vn 0.7123 0.5289 -0.4614
vn 0.8457 0.1517 -0.5117
vn 0.9737 0.1865 0.1305
vn 0.9161 -0.2934 -0.2733
vn 0.8709 -0.4891 -0.0478
vn 0.8673 -0.2440 -0.4339
vn 0.8175 -0.0903 -0.5688
vn -0.1136 -0.5340 0.8378
vn 0.3982 -0.9161 -0.0480
vn 0.2364 -0.9695 -0.0645
vn 0.3998 0.6831 0.6112
vn 0.4593 -0.6903 0.5590
vn 0.5334 -0.6280 0.5667
vn 0.3949 0.5160 0.7602
vn 0.5279 0.3465 0.7754
vn 0.1862 -0.8244 -0.5344
vn 0.4551 -0.8773 -0.1523
vn 0.8316 0.0545 0.5527
vn 0.5932 0.0501 0.8035
vn 0.9224 -0.3277 0.2045
vn 0.9593 -0.2823 -0.0034
vn 0.8676 -0.3700 0.3321
vn 0.8280 -0.2405 0.5066
vn 0.9126 -0.4069 0.0388
vn 0.9852 -0.1700 -0.0199
vn -0.3454 0.3872 -0.8548
vn 0.8178 -0.3465 0.4595
vn 0.7494 -0.2241 0.6231
vn 0.8463 -0.1904 0.4975
vn 0.5736 -0.7030 0.4205
vn 0.0288 -0.9996 0.0069
vn -0.6897 -0.0750 0.7202
vn -0.7182 -0.0737 0.6920
vn -0.6368 0.1545 0.7554
vn -0.6217 0.1134 0.7750
vn 0.9644 -0.2634 -0.0252
vn 0.4745 -0.1844 0.8607
vn 0.8286 -0.2423 0.5048
vn 0.9781 -0.0626 0.1985
vn 0.9846 0.0021 -0.1749
vn 0.4896 0.4081 0.7705
vn 0.1951 0.4176 0.8874
vn 0.3551 0.4260 0.8321
vn 0.6351 0.2809 0.7196
vn -0.7656 -0.3031 0.5675
vn -0.7544 -0.2147 0.6203
vn -0.8533 -0.0738 0.5161
vn -0.5239 -0.3769 0.7638
vn 0.8300 -0.0264 0.5571
vn -0.4747 -0.3262 0.8174
vn -0.1567 -0.5095 0.8461
vn 0.6037 -0.3778 0.7020
vn 0.5308 -0.8472 0.0238
vn 0.3144 -0.7194 0.6193
vn 0.8680 0.4802 -0.1265
vn 0.9756 0.2167 0.0346
vn 0.8386 0.4974 0.2220
vn 0.8590 0.3088 -0.4083
vn 0.7977 0.4088 -0.4434
vn 0.8166 0.5707 0.0862
vn 0.7407 -0.1234 -0.6604
vn 0.7891 -0.3279 -0.5194
vn 0.3996 -0.4230 -0.8133
vn 0.1691 -0.2744 -0.9466
vn 0.7236 0.1252 -0.6788
vn 0.5832 -0.1700 -0.7944
vn 0.7273 -0.0851 -0.6810
vn 0.8954 -0.0277 -0.4445
vn 0.7817 -0.1595 -0.6029
vn -0.8350 -0.3861 0.3921
vn -0.8736 -0.3890 0.2923
vn -0.9090 -0.3787 0.1743
vn -0.8924 -0.0353 0.4499
vn -0.9387 -0.1837 0.2916
vn -0.9477 -0.2377 0.2130
vn -0.8641 -0.4605 -0.2032
vn -0.8635 -0.4842 -0.1414
vn -0.3152 -0.7527 -0.5780
vn -0.1403 -0.8057 -0.5754
vn 0.8402 -0.4914 -0.2293
vn 0.5982 -0.6024 -0.5285
vn 0.8835 -0.2399 -0.4022
vn 0.7287 -0.5219 -0.4435
vn 0.8590 -0.5115 -0.0233
vn 0.8348 -0.2392 -0.4958
vn 0.1437 -0.7607 -0.6330
vn 0.5467 0.3760 0.7482
vn 0.9046 0.0991 0.4145
vn 0.6225 0.2139 0.7528
vn 0.5776 -0.2952 -0.7611
vn 0.7502 -0.3022 -0.5882
vn 0.9615 -0.1701 -0.2159
vn -0.5060 -0.4427 -0.7402
vn -0.1616 -0.4888 -0.8573
vn -0.4533 -0.2559 -0.8538
vn -0.7994 -0.2199 -0.5592
vn 0.1666 -0.4017 -0.9005
vn 0.2145 0.4420 0.8710
vn -0.8610 -0.3302 -0.3867
vn -0.9717 0.0028 -0.2360
vn -0.0572 -0.3441 0.9372
vn 0.1234 -0.5295 0.8393
vn -0.0857 -0.4124 0.9070
vn -0.3688 -0.2948 0.8815
vn -0.8861 0.1661 0.4327
vn -0.9133 0.3508 0.2071
vn -0.2658 -0.4003 0.8770
vn -0.0569 -0.2646 0.9627
vn -0.3552 -0.2036 0.9124
vn -0.2850 -0.3676 0.8852
vn -0.2300 -0.3828 0.8948
vn 0.2404 -0.0338 -0.9701
vn -0.9853 0.0518 -0.1628
vn -0.9785 -0.0175 0.2055
vn -0.7113 -0.1364 -0.6895
vn -0.8488 0.0403 0.5273
vn -0.5090 -0.1223 0.8520
vn -0.6645 0.0217 0.7469
vn -0.8162 0.0354 0.5766
vn -0.9067 0.3116 0.2844
vn -0.5729 -0.1293 0.8094
vn -0.1963 -0.1666 -0.9663
vn 0.3511 0.1226 -0.9283
vn 0.9830 0.1748 0.0560
vn 0.8772 -0.0566 0.4768
vn 0.4750 0.1049 0.8737
vn 0.6117 0.4621 0.6421
vn 0.6808 0.6919 0.2405
vn 0.9423 -0.0283 0.3336
vn 0.7890 0.2744 0.5497
vn 0.9645 0.1391 -0.2246
vn 0.7670 0.6400 -0.0457
vn 0.7636 -0.0584 0.6431
vn 0.2970 0.4816 0.8245
vn 0.2375 0.3607 0.9019
vn 0.4206 0.4292 0.7994
vn 0.4442 0.5434 0.7123
vn 0.8984 0.1884 -0.3968
vn 0.1816 0.2668 -0.9465
vn 0.9070 -0.3752 -0.1914
vn 0.9607 0.2636 -0.0866
vn 0.8524 0.0257 0.5223
vn 0.6498 0.2849 0.7047
vn 0.7082 0.1565 0.6885
vn 0.7858 -0.0365 0.6174
vn 0.5169 0.0690 0.8532
vn 0.5631 -0.0887 0.8216
vn -0.2165 0.2381 0.9468
vn -0.7590 -0.1926 0.6220
vn -0.6200 0.4590 0.6363
vn -0.2051 0.1511 0.9670
vn 0.5496 0.5046 0.6658
vn 0.6634 0.5613 0.4948
vn 0.6554 0.6486 0.3870
vn -0.9136 -0.3992 -0.0772
vn -0.9829 -0.1047 0.1514
vn -0.6107 -0.7579 0.2295
vn -0.6847 -0.7278 -0.0386
vn -0.8797 0.4277 -0.2081
vn -0.8507 0.2796 -0.4451
vn -0.7877 -0.6088 -0.0941
vn -0.8317 -0.5512 -0.0668
vn -0.8414 0.0860 -0.5336
vn -0.9001 -0.3839 -0.2060
vn 0.4966 0.2931 0.8170
vn 0.2723 0.1446 0.9513
vn -0.8987 0.0680 -0.4332
vn -0.8242 -0.0172 -0.5661
vn -0.8475 -0.0388 -0.5294
vn -0.9406 -0.1170 -0.3186
vn -0.9241 -0.0475 0.3791
vn -0.9070 0.0932 0.4107
vn -0.6838 0.1181 0.7200
vn -0.6233 -0.0479 0.7805
vn 0.5929 0.0598 0.8031
vn 0.5983 -0.0501 0.7997
vn 0.8641 -0.0333 0.5023
vn 0.8839 -0.0206 0.4672
vn 0.9756 -0.0418 0.2157
vn 0.9990 0.0139 0.0416
vn -0.0013 -0.0130 0.9999
vn 0.0680 0.1476 0.9867
vn 0.3906 -0.9190 -0.0533
vn 0.4610 -0.8527 0.2456
vn 0.1323 -0.9589 -0.2509
vn 0.1020 -0.9308 -0.3511
vn -0.7027 -0.6343 -0.3223
vn -0.3418 -0.9136 -0.2203
vn -0.5572 -0.8170 -0.1489
vn -0.7037 -0.6936 -0.1541
vn 0.7968 -0.4348 0.4196
vn 0.7161 -0.4228 0.5554
vn 0.9291 0.1000 0.3560
vn 0.9251 0.2065 0.3187
vn -0.3823 0.8008 -0.4610
vn -0.6342 0.6414 -0.4318
vn -0.3674 0.7450 -0.5568
vn 0.1416 0.8488 -0.5094
vn 0.7559 0.6253 -0.1940
vn -0.1280 0.9830 -0.1318
vn -0.1964 0.8967 -0.3966
vn 0.4180 0.8267 -0.3766
vn 0.9033 0.4287 0.0189
vn 0.2875 0.9134 -0.2881
vn 0.2085 0.9134 -0.3497
vn 0.9071 0.3217 0.2715
vn 0.4337 0.8792 -0.1973
vn 0.6781 0.5406 -0.4980
vn 0.7411 0.6687 -0.0609
vn 0.6139 0.6771 -0.4057
vn 0.7960 0.5847 -0.1566
vn 0.9774 0.0617 0.2021
vn 0.8380 -0.5082 0.1987
vn 0.8666 -0.4562 0.2022
vn 0.9350 0.3128 0.1673
vn 0.1667 -0.9499 -0.2645
vn 0.0188 -0.9789 -0.2033
vn -0.1261 -0.9618 -0.2430
vn -0.1126 -0.9764 -0.1844
vn 0.7599 0.6032 -0.2424
vn 0.4260 -0.6835 0.5928
vn 0.0737 -0.9224 0.3791
vn 0.5285 0.8355 -0.1504
vn -0.5316 -0.7270 0.4346
vn -0.7708 -0.5151 0.3748
vn -0.2152 -0.7386 0.6389
vn -0.5036 0.7454 -0.4368
vn -0.4010 0.7967 -0.4523
vn 0.1115 0.9609 -0.2536
vn -0.0470 0.8810 -0.4707
vn 0.1630 0.9238 -0.3463
vn 0.3141 0.8205 -0.4775
vn 0.3739 0.7508 -0.5445
vn 0.4449 0.8236 -0.3516
vn 0.7055 0.6967 -0.1302
vn 0.5002 0.8547 -0.1390
vn -0.2524 -0.9033 -0.3468
vn 0.3080 -0.9338 0.1822
vn -0.7754 0.0308 -0.6307
vn 0.8901 0.3884 0.2386
vn -0.7470 0.3435 -0.5692
vn -0.8164 0.0708 -0.5731
vn 0.1878 0.9637 0.1900
vn 0.8244 0.0705 0.5616
vn 0.8484 0.2085 0.4865
vn 0.4314 0.8964 0.1016
vn 0.8533 -0.1742 0.4914
vn 0.7919 -0.2015 0.5764
vn 0.0034 -0.9927 -0.1209
vn 0.5067 -0.7809 -0.3653
vn -0.7809 -0.6161 -0.1031
vn -0.5632 0.7436 0.3604
vn 0.6427 0.7635 0.0636
vn 0.2857 0.9583 0.0020
vn -0.6587 0.7506 0.0519
vn 0.4578 0.7887 -0.4104
vn -0.9736 -0.2279 -0.0164
vn 0.9448 0.0834 -0.3168
vn 0.8965 0.3479 -0.2744
vn -0.4820 -0.8755 -0.0340
vn 0.1852 -0.9811 0.0552
vn 0.1027 -0.9715 -0.2135
vn -0.9897 0.1431 0.0048
vn -0.9929 -0.1123 -0.0400
vn -0.0145 0.9997 0.0196
vn 0.8536 0.5128 -0.0915
vn 0.7283 0.6697 -0.1452
vn 0.0980 0.9667 -0.2366
vn 0.7223 0.5618 -0.4033
vn -0.9777 -0.0444 -0.2054
vn 0.9948 -0.0411 -0.0926
vn 0.9806 0.1943 -0.0251
vn -0.1941 -0.9670 0.1652
vn 0.0385 -0.9957 0.0843
vn 0.0343 -0.9985 -0.0430
vn -0.5524 -0.8252 -0.1177
vn -0.9262 0.2477 -0.2842
vn -0.9511 -0.1049 -0.2906
vn 0.8219 0.5505 -0.1466
vn 0.2347 0.8829 -0.4067
vn 0.2092 0.9544 -0.2128
vn 0.8995 0.4054 0.1628
vn 0.8448 0.4781 -0.2404
vn -0.6814 0.0833 -0.7272
vn 0.9950 -0.0344 0.0936
vn 0.9828 0.1739 0.0629
vn -0.1125 -0.9936 0.0028
vn -0.5387 -0.8137 -0.2186
vn -0.7718 0.2575 -0.5815
vn -0.8416 0.0245 -0.5395
vn 0.8965 0.0188 0.4426
vn 0.7523 0.6436 0.1408
vn 0.8043 0.2805 0.5238
vn 0.9061 -0.1058 0.4096
vn 0.0732 -0.6540 -0.7530
vn 0.5138 -0.7611 -0.3960
vn 0.9456 0.3249 0.0152
vn 0.3560 0.8373 -0.4149
vn 0.9675 -0.1820 0.1754
vn -0.2564 -0.6161 -0.7448
vn 0.3634 -0.5103 -0.7795
vn -0.8332 -0.3050 -0.4612
vn 0.4401 0.7689 -0.4637
vn -0.6439 0.7051 -0.2970
vn 0.7947 0.0287 -0.6063
vn 0.7361 0.2720 -0.6198
vn -0.3467 -0.6135 -0.7096
vn 0.1192 -0.7123 -0.6917
vn 0.7095 0.4656 -0.5290
vn 0.0518 0.7686 -0.6376
vn 0.7964 -0.1382 -0.5888
vn 0.8801 0.0512 -0.4720
vn -0.4511 -0.7141 -0.5353
vn 0.0974 -0.8365 -0.5393
vn 0.7098 0.2386 -0.6627
vn 0.3038 0.4869 -0.8189
vn 0.8119 -0.0073 -0.5837
vn 0.8641 0.0486 -0.5010
vn 0.1793 -0.7973 -0.5763
vn -0.2211 -0.7043 -0.6745
vn 0.9916 -0.0405 0.1230
vn 0.8826 0.4091 -0.2316
vn 0.9901 -0.1384 0.0220
vn -0.4837 0.6895 -0.5391
vn 0.0973 0.9485 -0.3016
vn 0.0685 0.7383 -0.6710
vn -0.4066 0.4327 -0.8046
vn 0.0604 0.9981 0.0072
vn -0.5829 0.6507 -0.4866
vn 0.2022 0.8949 -0.3979
vn -0.2260 0.6636 -0.7131
vn -0.4367 0.8117 -0.3878
vn -0.3215 0.5973 -0.7347
vn -0.5423 0.2039 -0.8151
vn -0.5881 0.7069 -0.3929
vn -0.1964 0.7412 -0.6419
vn -0.4888 0.7634 -0.4222
vn -0.4328 0.4253 -0.7949
vn -0.7101 0.6495 -0.2719
vn -0.4943 0.6157 -0.6137
vn -0.6757 0.7219 -0.1497
vn -0.5549 0.5386 -0.6339
vn -0.8879 0.4465 0.1104
vn -0.8592 0.4866 -0.1579
vn -0.0366 0.7668 -0.6408
vn -0.9685 0.0881 -0.2328
vn -0.9919 0.1110 0.0618
vn -0.9803 0.0645 0.1870
vn -0.8738 0.0430 -0.4844
vn -0.9636 0.0821 -0.2544
vn -0.3261 0.8594 -0.3938
vn -0.9870 0.1255 -0.1007
vn -0.6448 0.5604 -0.5198
vn -0.8349 0.3435 -0.4300
vn -0.0621 0.3146 -0.9472
vn -0.4589 -0.8791 0.1288
vn -0.3037 -0.9387 -0.1632
vn -0.6442 -0.7491 -0.1542
vn -0.6904 -0.6293 0.3567
vn -0.1115 -0.9854 0.1285
vn 0.1237 -0.9835 -0.1324
vn 0.3868 -0.8989 0.2056
vn 0.6369 -0.7683 0.0636
vn 0.9226 -0.3274 0.2040
vn 0.9203 0.3620 -0.1483
vn 0.5383 0.6878 -0.4870
vn 0.6402 0.3389 -0.6894
vn -0.9961 -0.0850 -0.0222
vn -0.9781 0.0307 -0.2058
vn -0.9928 0.0760 -0.0931
vn -0.9623 -0.2628 0.0703
vn -0.9993 -0.0189 0.0323
vn -0.9226 -0.0663 -0.3800
vn -0.7748 -0.1916 -0.6024
vn -0.9849 -0.0864 0.1502
vn -0.9974 -0.0345 -0.0635
vn 0.6757 -0.6423 0.3618
vn 0.8616 -0.5072 0.0209
vn -0.5717 0.1351 -0.8093
vn 0.5079 0.5428 -0.6689
vn -0.6613 0.0361 -0.7492
vn 0.2283 0.5418 -0.8089
vn -0.7751 0.0705 -0.6279
vn -0.3051 0.5267 -0.7934
vn 0.2819 0.8191 -0.4997
vn 0.1738 0.9721 -0.1577
vn 0.5474 -0.5399 -0.6394
vn 0.6194 -0.7731 -0.1368
vn 0.5989 -0.6332 -0.4902
vn 0.4575 -0.8742 0.1630
vn 0.1760 -0.9089 -0.3780
vn 0.6365 -0.7534 -0.1651
vn 0.2065 -0.9778 0.0353
vn -0.6049 0.0294 -0.7957
vn -0.6092 -0.0315 -0.7924
vn -0.7836 -0.1373 -0.6059
vn -0.8186 -0.1494 -0.5545
vn -0.9676 -0.1055 -0.2294
vn 0.4615 -0.3961 -0.7938
vn 0.4091 0.5803 -0.7042
vn 0.9770 0.0852 -0.1957
vn 0.9858 -0.1589 -0.0550
vn -0.5426 -0.2975 -0.7855
vn 0.5892 0.1229 -0.7986
vn 0.5741 -0.0091 -0.8187
vn 0.0630 -0.3074 -0.9495
vn 0.0617 0.5003 -0.8637
vn 0.5886 0.1098 -0.8010
vn 0.9651 -0.0475 -0.2577
vn -0.0204 -0.5496 -0.8352
vn 0.3748 -0.0035 -0.9271
vn 0.5222 0.0910 -0.8480
vn 0.8541 0.1054 -0.5093
vn 0.2198 -0.3937 -0.8926
vn 0.9589 0.0457 -0.2801
vn 0.9955 -0.0786 0.0523
vn -0.3060 0.3499 -0.8854
vn 0.2217 0.5835 -0.7812
vn -0.2686 0.2785 -0.9221
vn 0.0320 0.0877 -0.9956
vn -0.2243 0.3150 -0.9222
vn -0.8191 0.2500 -0.5163
vn 0.0584 0.6282 -0.7758
vn -0.3812 0.0939 -0.9197
vn -0.3459 0.0505 -0.9369
vn -0.4432 0.0031 -0.8964
vn -0.3811 -0.0346 -0.9239
vn -0.9186 -0.0861 -0.3858
vn 0.8791 -0.1307 0.4583
vn 0.9785 -0.1928 -0.0736
vn 0.4858 -0.1058 0.8677
vn -0.9226 -0.2815 -0.2637
vn -0.6337 -0.0442 0.7723
vn -0.8757 0.0870 0.4750
vn 0.0545 -0.1773 0.9826
vn 0.9554 0.0258 -0.2942
vn 0.9022 -0.1824 -0.3908
vn 0.6711 -0.0083 -0.7413
vn -0.5340 -0.8286 0.1680
vn -0.8547 -0.4109 0.3173
vn -0.0199 -0.9671 0.2535
vn 0.9052 -0.2363 0.3533
vn 0.5190 -0.7745 0.3616
vn -0.5976 -0.4941 0.6314
vn 0.0289 -0.6372 0.7702
vn -0.9773 -0.1560 -0.1433
vn 0.0092 -0.5594 -0.8289
vn 0.6561 -0.4156 -0.6299
vn 0.4934 -0.6526 -0.5750
vn -0.1611 -0.6739 -0.7210
vn -0.1288 0.0543 0.9902
vn -0.7916 0.0219 0.6106
vn 0.3603 0.3463 0.8661
vn 0.5613 0.3096 0.7675
vn 0.9501 -0.1951 0.2433
vn 0.8446 -0.1145 0.5229
vn 0.8778 -0.3041 0.3700
vn 0.9515 -0.2877 0.1087
vn 0.5847 -0.3478 0.7329
vn 0.9119 -0.2080 -0.3539
vn 0.4403 -0.0806 -0.8942
vn 0.3587 0.1137 -0.9265
vn 0.8658 0.1095 -0.4883
vn -0.4916 -0.8614 -0.1279
vn 0.7769 -0.3998 0.4864
vn 0.6911 -0.5290 0.4925
vn -0.5642 0.4497 -0.6924
vn -0.2659 0.2013 -0.9427
vn -0.1692 -0.0021 -0.9856
vn 0.8300 -0.4369 -0.3467
vn 0.7543 -0.4879 -0.4393
vn 0.6563 -0.4656 -0.5937
vn 0.6289 -0.2306 -0.7425
vn 0.0379 -0.4422 -0.8961
vn -0.2451 -0.6775 -0.6935
vn -0.8882 0.3199 0.3298
vn -0.9206 -0.0387 0.3886
vn 0.5812 -0.3835 0.7178
vn 0.1771 -0.3504 0.9197
vn 0.2449 -0.3677 0.8971
vn 0.2022 -0.0727 0.9766
vn 0.9472 0.1014 0.3042
vn 0.9963 0.0459 0.0723
vn 0.0195 -0.1091 -0.9938
vn -0.7304 0.0198 -0.6827
vn 0.0134 -0.2526 -0.9675
vn -0.6041 -0.5064 -0.6153
vn -0.6315 -0.2430 -0.7363
vn 0.7696 0.6235 0.1379
vn 0.9341 0.3003 0.1933
vn 0.9874 -0.1270 -0.0944
vn 0.9207 -0.0488 0.3872
vn 0.4562 -0.0282 0.8894
vn -0.9313 -0.2155 -0.2937
vn -0.9322 -0.3244 -0.1605
vn 0.8629 -0.3112 -0.3982
vn 0.8856 -0.3066 -0.3489
vn 0.9756 0.2052 -0.0778
vn -0.9420 0.2260 0.2483
vn 0.8798 0.3428 0.3293
vn 0.9558 -0.2911 -0.0411
vn 0.9784 -0.1918 0.0775
vn -0.7501 -0.6217 0.2255
vn -0.8405 -0.5418 -0.0048
vn 0.6136 -0.2146 0.7599
vn -0.6935 -0.5054 0.5135
vn -0.6152 -0.6401 0.4601
vn -0.7246 -0.6426 0.2490
vn -0.5498 -0.8023 0.2327
vn -0.0945 -0.2668 0.9591
vn -0.7506 -0.2620 -0.6065
vn -0.7434 -0.4276 -0.5143
vn 0.9973 0.0107 0.0721
vn 0.9646 0.0213 0.2629
vn -0.7106 -0.6378 -0.2970
vn -0.6762 -0.5238 -0.5181
vn -0.8313 -0.4106 -0.3746
vn -0.5435 -0.6356 -0.5483
vn -0.6320 -0.6355 -0.4435
vn 0.1097 -0.7573 -0.6438
vn -0.8014 -0.2636 -0.5369
vn 0.6321 -0.1969 -0.7494
vn 0.9788 -0.1401 -0.1497
vn 0.8187 0.5082 -0.2674
vn 0.8456 0.5335 0.0176
vn -0.0981 -0.9307 0.3523
vn -0.2636 -0.7874 0.5573
vn -0.6196 -0.4923 0.6113
vn -0.1690 -0.7683 0.6174
vn 0.4891 -0.5930 0.6396
vn -0.0790 -0.7781 0.6232
vn -0.5827 -0.0700 -0.8096
vn -0.9674 -0.1450 -0.2077
vn 0.8916 -0.3259 -0.3144
vn -0.6277 0.1497 -0.7639
vn -0.7500 0.4625 -0.4729
vn 0.6477 -0.7599 0.0553
vn -0.9426 0.3306 -0.0481
vn 0.5200 -0.1455 0.8417
vn -0.3760 -0.5246 -0.7638
vn -0.3850 0.4300 -0.8166
vn 0.0945 -0.6204 -0.7786
vn 0.7227 -0.4487 -0.5257
vn 0.9647 -0.1400 -0.2232
vn 0.9079 -0.3245 -0.2655
vn 0.3426 -0.7138 -0.6108
vn 0.2184 -0.6677 -0.7117
vn 0.7113 -0.4309 -0.5554
vn 0.9497 -0.2533 -0.1839
vn 0.9521 0.1098 -0.2855
vn -0.4204 -0.2209 -0.8800
vn 0.4432 -0.4631 -0.7676
vn 0.7948 -0.4954 0.3506
vn 0.6271 -0.7197 -0.2978
vn 0.8147 -0.5432 0.2030
vn 0.5912 -0.6652 -0.4561
vn 0.3057 -0.6688 -0.6776
vn -0.0541 -0.9892 0.1360
vn 0.5601 -0.8188 0.1259
vn 0.7004 -0.4195 -0.5775
vn 0.9559 -0.2173 -0.1974
vn 0.1525 -0.7289 -0.6674
vn -0.6706 -0.5076 -0.5410
vn -0.9735 -0.2139 -0.0814
vn 0.9697 -0.0023 0.2444
vn 0.9668 0.2088 0.1470
vn 0.9082 0.0760 0.4116
vn 0.8923 0.2898 0.3462
vn 0.9166 0.0794 0.3918
vn 0.9585 0.0144 0.2846
vn 0.8239 0.3053 0.4774
vn 0.6364 -0.0929 0.7658
vn 0.6846 0.1154 0.7197
vn 0.7109 0.3083 0.6321
vn 0.3587 -0.1870 0.9145
vn 0.5723 -0.0353 0.8193
vn -0.6867 0.4604 -0.5625
vn 0.7466 0.0724 0.6613
vn 0.7511 -0.2517 0.6103
vn 0.7726 0.3135 0.5521
vn -0.2422 -0.5209 0.8185
vn 0.0328 0.2909 0.9562
vn 0.0622 0.5468 0.8350
vn 0.0994 0.3555 0.9294
vn 0.2205 0.4528 0.8639
vn 0.1523 0.6067 0.7802
vn 0.1603 0.6405 0.7510
vn 0.2095 0.1738 0.9622
vn 0.0855 0.1242 0.9886
vn 0.0195 0.0452 0.9988
vn 0.1149 -0.0909 0.9892
vn 0.0969 -0.0845 0.9917
vn 0.0553 -0.1710 0.9837
vn -0.6748 -0.7191 0.1657
vn 0.3773 -0.9114 0.1640
vn 0.5039 -0.8314 0.2340
vn -0.0881 -0.3409 0.9360
vn 0.1273 -0.3947 0.9100
vn 0.1033 -0.3654 0.9251
vn 0.2416 -0.7207 0.6498
vn 0.3179 -0.8435 0.4330
vn 0.1548 -0.8224 0.5474
vn -0.3045 -0.6810 0.6660
vn -0.3918 -0.8473 0.3586
vn 0.3952 -0.8159 0.4221
vn 0.7877 0.3037 0.5360
vn 0.9952 -0.0600 -0.0774
vn 0.6248 0.0543 -0.7789
vn 0.7831 0.1665 -0.5992
vn 0.2523 0.1963 -0.9475
vn 0.3437 0.3492 -0.8717
vn -0.3303 0.4417 -0.8342
vn -0.3422 0.2766 -0.8980
vn -0.7743 0.1835 -0.6056
vn -0.9873 0.0991 -0.1242
vn 0.9230 -0.2528 0.2901
vn 0.7459 0.3575 0.5620
vn 0.8510 0.3636 0.3790
vn 0.6247 0.7728 -0.1118
vn 0.5922 0.7800 -0.2023
vn 0.7061 0.6963 -0.1287
vn 0.8593 0.5033 -0.0916
vn 0.8251 -0.5034 -0.2566
vn 0.7877 -0.5924 0.1690
vn 0.9075 0.4159 -0.0582
vn 0.9247 0.3780 0.0455
vn 0.9337 -0.3077 0.1833
vn 0.8958 0.1572 -0.4156
vn 0.7125 -0.4482 0.5398
vn 0.0857 -0.2844 -0.9549
vn -0.3325 0.9125 -0.2383
vn 0.1910 0.9565 0.2204
vn 0.0162 0.4732 -0.8808
vn 0.1432 -0.4459 0.8836
vn 0.2154 -0.8341 0.5078
vn 0.2976 -0.8411 0.4516
vn 0.2396 -0.8815 -0.4068
vn 0.2979 -0.8286 -0.4739
vn -0.9476 0.2083 -0.2420
vn -0.9922 0.0787 -0.0970
vn -0.9989 0.0426 -0.0187
vn -0.9170 0.3967 -0.0423
vn -0.9662 -0.1104 -0.2331
vn -0.8622 0.0488 -0.5043
vn -0.9508 -0.2682 -0.1551
vn 0.9951 -0.0452 -0.0883
vn 0.9957 -0.0386 -0.0845
vn 0.9582 0.1492 -0.2442
vn 0.9250 0.3344 -0.1801
vn 0.9623 -0.1407 -0.2328
vn 0.8652 0.0084 -0.5014
vn 0.8952 -0.2227 -0.3860
vn 0.0032 -0.3550 -0.9349
vn 0.2000 0.8568 -0.4753
vn 0.0028 0.9584 -0.2856
vn 0.1445 0.3493 -0.9258
vn -0.1340 -0.3937 0.9094
vn -0.8182 -0.4912 0.2986
vn -0.6230 -0.4068 0.6681
vn -0.1008 -0.8917 0.4413
vn -0.7591 -0.6106 0.2257
vn -0.1085 -0.8888 0.4452
vn -0.1272 -0.9824 0.1367
vn -0.1679 -0.9814 0.0930
vn -0.7546 -0.6394 0.1475
vn -0.9118 0.3193 -0.2580
vn -0.8541 0.5145 -0.0760
vn -0.8391 0.0931 -0.5360
vn 0.9556 -0.0323 0.2928
vn 0.9820 -0.0165 0.1884
vn 0.9578 0.2274 0.1759
vn 0.7526 0.4366 0.4929
vn 0.9939 -0.0634 0.0902
vn 0.9936 0.0657 -0.0913
vn 0.9973 -0.0556 0.0470
vn 0.3029 -0.1576 -0.9399
vn -0.0529 0.9825 0.1788
vn -0.0373 0.8638 0.5025
vn 0.2203 0.6058 -0.7645
vn -0.8870 0.2632 -0.3795
vn -0.7337 -0.5689 -0.3717
vn -0.5803 -0.5069 -0.6375
vn -0.8716 0.4893 -0.0289
vn -0.9365 -0.3046 -0.1738
vn -0.7507 0.1447 -0.6445
vn -0.8579 -0.3915 0.3327
vn -0.5673 -0.7742 0.2808
vn -0.0942 -0.8936 -0.4390
vn 0.2738 -0.8794 -0.3895
vn 0.8410 -0.0460 0.5391
vn 0.8979 0.0060 0.4401
vn 0.9154 0.2984 0.2702
vn 0.7202 0.5099 0.4703
vn 0.9614 -0.0698 0.2661
vn 0.9769 0.1728 -0.1258
vn 0.9868 -0.0358 0.1580
vn 0.3277 -0.1825 -0.9270
vn 0.0271 0.9929 -0.1161
vn -0.1715 0.9827 0.0698
vn 0.2557 0.5233 -0.8129
vn -0.7440 0.3308 -0.5806
vn -0.5269 -0.7930 -0.3057
vn -0.7185 -0.3105 -0.6223
vn -0.8114 0.5057 -0.2929
vn -0.8733 -0.3569 -0.3317
vn -0.5294 0.1148 -0.8406
vn -0.8840 -0.4374 0.1648
vn -0.5083 -0.7452 0.4316
vn -0.2380 -0.9708 0.0301
vn 0.1250 -0.9087 -0.3984
vn 0.8802 -0.0730 0.4689
vn 0.9236 0.3128 0.2215
vn 0.8381 0.3889 0.3825
vn 0.8321 -0.1360 0.5377
vn 0.9258 -0.1072 0.3626
vn 0.9965 0.0789 0.0269
vn 0.9056 -0.2322 0.3548
vn 0.3697 -0.3172 -0.8734
vn 0.2012 0.9259 -0.3197
vn -0.4466 0.8158 -0.3675
vn 0.2668 0.4519 -0.8512
vn -0.7475 0.2566 -0.6127
vn -0.7035 -0.6463 -0.2957
vn -0.7381 -0.5646 -0.3695
vn -0.8036 0.3077 -0.5094
vn -0.8614 -0.3340 -0.3828
vn -0.6474 0.0283 -0.7616
vn -0.9117 -0.4074 0.0525
vn -0.5340 -0.7662 0.3574
vn -0.2676 -0.9624 0.0466
vn -0.1261 -0.9767 0.1739
vn 0.0398 -0.2381 -0.9704
vn 0.2815 -0.3039 -0.9102
vn 0.4122 -0.4099 -0.8137
vn 0.5634 -0.4565 -0.6886
vn 0.7706 -0.4166 -0.4823
vn 0.9611 -0.2669 0.0718
vn 0.5618 0.8225 -0.0887
vn 0.7326 -0.6681 -0.1300
vn 0.4394 -0.8600 -0.2594
vn 0.8152 -0.5743 0.0744
vn 0.4799 -0.8708 0.1067
vn 0.8372 -0.5311 -0.1304
vn 0.4498 -0.8701 -0.2015
vn 0.5932 0.8046 -0.0268
vn 0.4522 0.8626 0.2269
vn 0.6645 0.6462 0.3753
vn 0.8099 0.5426 0.2226
vn 0.9472 0.3138 0.0661
vn 0.9963 -0.0509 0.0686
vn 0.7489 0.4704 0.4667
vn 0.8827 0.4183 0.2141
vn 0.9261 -0.3548 0.1284
vn 0.7708 0.6329 0.0726
vn 0.4919 0.8627 -0.1175
vn 0.8464 0.5317 0.0312
vn 0.5986 0.8011 -0.0012
vn 0.8854 0.0118 -0.4646
vn 0.9318 -0.1290 -0.3392
vn 0.8311 -0.4712 0.2955
vn 0.9043 -0.3830 0.1885
vn -0.6404 -0.2439 0.7283
vn -0.3654 -0.2640 0.8926
vn 0.0623 -0.3327 0.9410
vn 0.5457 0.2286 -0.8062
vn -0.2771 -0.9326 0.2311
vn 0.0040 -0.9956 0.0932
vn 0.0030 -0.9702 0.2425
vn -0.3197 -0.8734 0.3674
vn -0.8957 -0.4416 -0.0515
vn -0.4649 -0.6513 0.5997
vn -0.1675 -0.9713 0.1687
vn -0.6653 -0.7415 -0.0870
vn 0.7258 -0.5558 0.4054
vn 0.2744 -0.8140 0.5120
vn 0.4237 -0.5781 0.6973
vn -0.8727 -0.0096 -0.4881
vn -0.8330 -0.1311 -0.5376
vn -0.9048 -0.0156 -0.4255
vn -0.0050 -0.1907 0.9816
vn 0.5374 -0.2851 0.7937
vn 0.1704 -0.1587 0.9725
vn -0.0052 -0.1563 0.9877
vn -0.1469 -0.4525 -0.8796
vn 0.0072 -0.3338 -0.9426
vn 0.0074 -0.4258 -0.9048
vn -0.1736 -0.4839 -0.8578
vn -0.8238 -0.4773 -0.3058
vn -0.9040 -0.1513 0.3998
vn -0.9080 -0.1622 0.3863
vn -0.3884 -0.8837 0.2613
vn -0.4015 -0.8957 -0.1912
vn 0.9505 -0.2753 0.1443
vn 0.3185 -0.8128 0.4878
vn 0.8557 -0.3340 0.3953
vn -0.1427 -0.9828 -0.1171
vn -0.3533 -0.6774 0.6452
vn -0.7130 -0.5774 0.3978
vn -0.8968 -0.4320 0.0951
vn -0.5877 -0.7144 0.3799
vn -0.6492 -0.7488 0.1335
vn -0.8926 -0.4380 -0.1072
vn -0.8900 0.1845 -0.4170
vn -0.7583 0.1168 -0.6414
vn -0.0469 0.5164 -0.8551
vn -0.2681 0.7808 -0.5643
vn -0.9065 -0.3196 -0.2759
vn -0.7616 0.0301 -0.6474
vn -0.4540 -0.8085 -0.3744
vn -0.8874 -0.4541 -0.0797
vn 0.0296 0.9403 -0.3390
vn 0.4622 0.8720 -0.1613
vn -0.0610 0.9978 0.0275
vn -0.3528 0.8090 -0.4702
vn -0.0531 0.1884 -0.9807
vn -0.0314 0.9531 -0.3011
vn 0.0947 0.4893 -0.8669
vn -0.1459 -0.6643 -0.7331
vn -0.4389 0.8833 -0.1648
vn -0.4611 0.4432 -0.7688
vn -0.5660 0.2939 -0.7703
vn -0.9491 0.0791 -0.3048
vn -0.7361 0.2942 -0.6096
vn -0.7917 0.4729 -0.3867
vn -0.9585 0.2003 -0.2027
vn -0.9805 0.0633 -0.1858
vn -0.6864 0.5564 -0.4683
vn -0.5471 0.7308 -0.4082
vn -0.9217 0.2773 -0.2712
vn -0.7591 0.4120 -0.5039
vn -0.5320 0.6213 -0.5753
vn -0.3857 0.7822 -0.4892
vn 0.1717 -0.4791 0.8608
vn -0.2543 0.6307 -0.7332
vn 0.2872 0.7686 -0.5716
vn -0.9076 -0.4015 0.1228
vn -0.5495 -0.8330 0.0643
vn -0.9969 -0.0068 0.0789
vn -0.9999 -0.0050 0.0158
vn -0.0678 -0.9515 0.3002
vn -0.0209 -0.9998 0.0039
vn 0.8636 -0.1407 0.4841
vn 0.7794 -0.0983 0.6187
vn 0.7908 -0.1767 0.5860
vn 0.8124 -0.0071 0.5831
vn 0.8649 -0.4803 -0.1459
vn 0.8700 -0.4673 -0.1571
vn 0.8854 -0.4303 -0.1759
vn -0.9999 -0.0096 -0.0127
vn -0.9968 0.0237 -0.0765
vn -0.9947 -0.0945 0.0399
vn -0.6239 0.2585 0.7375
vn -0.6225 0.2735 0.7333
vn -0.6133 0.3207 0.7218
vn -0.5543 -0.8058 0.2082
vn 0.9269 -0.3509 0.1331
vn 0.8780 -0.4195 0.2305
vn 0.9678 -0.2181 0.1254
vn 0.9627 -0.2199 0.1576
vn -0.2227 -0.6170 -0.7548
vn -0.1992 -0.6551 -0.7288
vn -0.2085 -0.6986 -0.6845
vn 0.9331 0.3596 0.0038
vn 0.9157 0.4016 0.0138
vn 0.9224 0.3856 -0.0220
vn 0.7228 -0.1859 -0.6655
vn 0.7185 -0.2986 -0.6282
vn 0.7437 -0.2604 -0.6158
vn -0.9673 -0.0254 -0.2522
vn -0.9744 -0.0707 -0.2133
vn -0.9679 -0.0932 -0.2336
vn -0.3663 0.8162 0.4468
vn -0.3719 0.8428 0.3892
vn -0.3614 0.8420 0.4005
vn 0.8025 0.4940 -0.3347
vn 0.7156 0.6224 -0.3170
vn 0.7061 0.5993 -0.3773
vn -0.2963 -0.4138 -0.8608
vn -0.2936 -0.5441 -0.7860
vn -0.2401 -0.5754 -0.7819
vn -0.1179 0.6831 -0.7207
vn -0.8475 0.2539 -0.4661
vn -0.6944 0.2492 -0.6751
vn 0.1727 0.5110 -0.8420
vn -0.9815 -0.1885 0.0322
vn -0.9847 -0.1718 0.0304
vn -0.9885 0.0696 -0.1345
vn 0.9524 0.3000 -0.0540
vn 0.7805 0.5031 -0.3711
vn 0.8635 0.4568 -0.2136
vn 0.9697 -0.2200 0.1060
vn 0.8256 -0.5577 0.0859
vn 0.9149 -0.2237 0.3360
vn 0.7468 -0.0362 0.6641
vn 0.6939 -0.1822 0.6967
vn -0.9864 0.0193 -0.1634
vn -0.9966 -0.0595 -0.0578
vn 0.7603 -0.5995 0.2498
vn 0.0396 -0.7047 0.7084
vn 0.0830 -0.9077 0.4114
vn 0.0940 -0.9030 0.4193
vn 0.0721 -0.9122 0.4035
vn -0.1346 0.0505 -0.9896
vn -0.3617 0.0409 -0.9314
vn 0.0982 -0.1588 0.9824
vn -0.2182 -0.4626 -0.8593
vn -0.3154 -0.4397 -0.8409
vn -0.9710 -0.2330 -0.0543
vn 0.9108 0.3646 -0.1939
vn 0.7587 0.6128 -0.2211
vn 0.6642 0.6843 -0.3010
vn 0.8488 0.4522 -0.2740
vn 0.8407 0.4637 -0.2798
vn 0.2507 0.8201 -0.5144
vn 0.7036 0.6775 -0.2144
vn -0.3025 0.7903 -0.5329
vn -0.9899 -0.1379 -0.0332
vn 0.7713 -0.2600 0.5810
vn 0.7961 -0.3288 0.5080
vn 0.8534 -0.5046 -0.1305
vn 0.8538 -0.5057 -0.1233
vn -0.9875 0.0826 -0.1341
vn -0.9752 0.0895 -0.2024
vn -0.6282 0.2270 0.7442
vn -0.6264 0.2283 0.7453
vn -0.2288 -0.5735 -0.7866
vn -0.2677 -0.5362 -0.8005
vn 0.0073 -0.7712 -0.6366
vn 0.0073 -0.7945 -0.6072
vn -0.0017 0.9113 -0.4118
vn 0.0066 -0.1377 -0.9905
vn 0.6630 -0.0259 0.7481
vn 0.6512 -0.7589 -0.0018
vn -0.9662 0.0701 -0.2482
vn 0.0064 -0.1047 -0.9945
vn 0.0061 -0.0142 -0.9999
vn 0.8379 0.4496 -0.3095
vn 0.9083 0.4182 -0.0074
vn -0.0040 0.9956 -0.0937
vn -0.0061 0.9558 0.2940
vn 0.8033 0.3180 -0.5036
vn 0.9409 0.1029 -0.3226
vn 0.8979 0.4318 0.0854
vn 0.9062 0.4224 0.0189
vn 0.6634 -0.3728 -0.6488
vn 0.7124 -0.3536 -0.6062
vn -0.9663 -0.1270 -0.2239
vn -0.9519 -0.1378 -0.2736
vn -0.3925 0.8437 0.3662
vn -0.3741 0.8548 0.3598
vn -0.2086 -0.6488 -0.7318
vn -0.1315 -0.6307 -0.7648
vn 0.9928 -0.0203 -0.1178
vn 0.9938 -0.0062 -0.1114
vn 0.9917 -0.0344 -0.1242
vn -0.2076 -0.4342 -0.8765
vn 0.0021 -0.9310 0.3650
vn 0.6370 -0.7198 0.2760
vn 0.3876 -0.6865 0.6152
vn -0.0004 -0.7641 0.6451
vn 0.4482 -0.3853 0.8066
vn -0.0028 -0.5123 0.8588
vn 0.5321 -0.8433 0.0754
vn 0.0043 -0.9991 0.0416
vn 0.4586 -0.8869 -0.0552
vn 0.0048 -0.9994 -0.0349
vn 0.8318 -0.5535 -0.0410
vn 0.0057 -0.9782 -0.2076
vn 0.5938 -0.7680 -0.2401
vn 0.7953 -0.6041 -0.0509
vn 0.0040 -0.9953 0.0973
vn 0.8144 0.3920 -0.4280
vn -0.0008 0.8532 -0.5216
vn -0.0004 0.8238 -0.5669
vn -0.0016 0.9072 -0.4207
vn -0.0013 0.8878 -0.4602
vn 0.8243 -0.2964 -0.4824
vn 0.0035 0.4982 -0.8671
vn 0.7287 -0.6832 -0.0487
vn -0.1014 -0.9943 -0.0330
vn 0.2063 -0.9749 0.0838
vn -0.7556 -0.6403 0.1385
vn 0.2072 -0.2090 0.9557
vn 0.8887 0.3730 -0.2665
vn -0.5342 -0.7573 0.3757
vn -0.5300 -0.8068 0.2611
vn 0.0023 -0.9404 0.3399
vn 0.0016 -0.8951 0.4458
vn -0.5615 -0.7701 0.3029
vn 0.0024 -0.9479 0.3185
vn 0.0023 -0.9409 0.3386
vn -0.6324 -0.7239 0.2757
vn 0.0004 0.7583 -0.6519
vn 0.0014 0.6651 -0.7468
vn -0.1203 0.6564 -0.7448
vn 0.0586 0.7577 -0.6500
vn -0.0021 0.9314 -0.3641
vn -0.0013 0.8981 -0.4397
vn 0.3350 0.8381 -0.4306
vn 0.2151 0.9092 -0.3564
vn 0.0035 -0.9865 0.1639
vn -0.5189 -0.8456 0.1254
vn 0.0015 0.6564 -0.7544
vn -0.1565 0.6053 -0.7805
vn -0.9552 0.1024 -0.2777
vn -0.7224 0.3190 -0.6135
vn -0.9955 -0.0946 -0.0048
vn -0.9887 0.1341 -0.0668
vn -0.1884 0.7336 -0.6530
vn -0.4558 0.6010 -0.6566
vn -0.4792 0.7531 -0.4508
vn -0.4822 0.8115 -0.3300
vn -0.4862 -0.8142 0.3173
vn 0.0019 -0.9223 0.3865
vn -0.0009 0.8489 -0.5286
vn 0.2233 0.8348 -0.5033
vn -0.9369 -0.3488 0.0234
vn -0.3189 0.7981 -0.5112
vn -0.6446 -0.7496 0.1503
vn 0.0033 -0.9732 0.2297
vn 0.2405 0.9573 -0.1602
vn -0.0035 0.9870 -0.1609
vn -0.9897 -0.1259 0.0677
vn -0.4708 0.8686 -0.1544
vn -0.6144 -0.7653 0.1920
vn 0.0024 -0.9474 0.3202
vn 0.2563 0.9627 -0.0864
vn -0.0040 0.9951 -0.0986
vn -0.9118 -0.3904 0.1277
vn -0.4802 0.8749 -0.0627
vn -0.5282 0.8491 -0.0036
vn -0.0066 0.9947 -0.1025
vn -0.0059 0.9843 -0.1765
vn -0.5194 0.8533 -0.0468
vn -0.0031 0.9265 -0.3764
vn -0.2968 0.9079 -0.2961
vn -0.5994 0.7983 -0.0580
vn -0.6816 0.7221 0.1184
vn -0.7906 0.5987 0.1281
vn -0.8424 0.4842 0.2365
vn -0.8809 0.4527 0.1381
vn -0.8676 0.4277 0.2538
vn -0.6597 0.7417 0.1208
vn -0.7921 0.5491 0.2667
vn -0.8644 0.2924 0.4090
vn -0.5528 0.7270 -0.4073
vn -0.7192 0.3508 -0.5997
vn -0.8037 0.4050 -0.4359
vn -0.4828 0.7432 -0.4631
vn -0.3149 0.8398 -0.4423
vn -0.3798 0.8800 -0.2852
vn -0.0033 0.9327 -0.3607
vn -0.0014 0.8753 -0.4835
vn -0.9615 -0.0903 -0.2596
vn -0.7941 0.4580 -0.3995
vn -0.8995 -0.0006 -0.4368
vn -0.7306 0.5977 -0.3301
vn -0.7810 0.4127 -0.4688
vn -0.0041 0.9514 -0.3078
vn -0.0080 0.9999 -0.0074
vn -0.4105 0.9085 -0.0789
vn -0.3216 0.8877 -0.3296
vn -0.8804 0.1571 -0.4474
vn -0.5008 0.8031 -0.3230
vn -0.5157 0.6899 -0.5080
vn -0.4870 0.7005 -0.5217
vn 0.0003 0.8235 -0.5673
vn 0.0007 0.8170 -0.5766
vn -0.6165 -0.4983 -0.6097
vn -0.7549 -0.5133 -0.4083
vn -0.5691 -0.7355 -0.3677
vn -0.5133 -0.5443 -0.6636
vn -0.9615 0.0952 -0.2580
vn -0.8983 -0.1357 -0.4179
vn -0.8086 0.0236 -0.5879
vn -0.8337 0.3266 -0.4453
vn -0.8465 0.4182 -0.3294
vn -0.8085 0.4138 -0.4183
vn -0.4221 -0.7020 -0.5736
vn -0.6130 -0.7200 -0.3254
vn 0.0113 -0.9591 -0.2829
vn 0.0107 -0.8673 -0.4977
vn -0.2091 -0.8164 -0.5383
vn -0.4767 -0.6695 -0.5697
vn -0.0014 0.8789 -0.4770
vn -0.5595 0.7049 -0.4360
vn -0.7082 0.4460 -0.5472
vn -0.6225 -0.5522 -0.5546
vn -0.8196 -0.1816 -0.5434
vn -0.6839 0.3243 -0.6536
vn 0.0123 -0.8713 -0.4907
vn 0.0003 0.8008 -0.5990
vn -0.4189 0.7412 -0.5246
vn -0.6453 -0.7625 -0.0467
vn -0.9059 -0.3530 -0.2338
vn -0.9512 -0.2865 -0.1142
vn -0.9816 0.1514 -0.1164
vn -0.8068 0.5169 -0.2862
vn 0.0034 -0.9872 0.1598
vn -0.6189 -0.7854 0.0106
vn -0.7290 -0.2226 -0.6473
vn -0.7700 0.1995 -0.6061
vn -0.9305 -0.0775 -0.3579
vn -0.8606 -0.3171 -0.3986
vn -0.7064 -0.2966 -0.6427
vn -0.8606 -0.3434 -0.3762
vn -0.6335 -0.6263 -0.4544
vn -0.5610 -0.5461 -0.6222
vn -0.4606 -0.4632 -0.7572
vn -0.5213 -0.7295 -0.4428
vn 0.0109 -0.5952 -0.8035
vn 0.0077 -0.3019 -0.9533
vn -0.5979 0.4956 -0.6300
vn -0.4128 0.6612 -0.6264
vn -0.4922 0.8133 -0.3102
vn -0.8351 0.5093 -0.2079
vn 0.0020 0.6974 -0.7166
vn -0.0025 0.9580 -0.2868
vn -0.6212 0.0482 -0.7822
vn -0.5919 0.4290 -0.6824
vn -0.5454 -0.3342 -0.7687
vn -0.5398 -0.5300 -0.6540
vn -0.6153 -0.4149 -0.6703
vn -0.5815 -0.1456 -0.8004
vn 0.0107 -0.4951 -0.8688
vn -0.4487 0.6051 -0.6576
vn 0.0018 0.7193 -0.6947
vn -0.8746 -0.3381 -0.3475
vn -0.8876 -0.1344 -0.4405
vn -0.8571 -0.4586 -0.2345
vn 0.0112 -0.9729 -0.2310
vn -0.6162 -0.7549 -0.2247
vn -0.7377 -0.6279 -0.2482
vn -0.9340 -0.2217 -0.2803
vn -0.8245 0.5656 0.0183
vn 0.0378 0.9989 0.0275
vn -0.9286 0.3576 -0.0991
vn -0.0029 0.9743 -0.2251
vn -0.4644 0.8854 0.0221
vn -0.8621 0.5060 0.0270
vn -0.4183 0.6732 -0.6097
vn -0.8173 0.2038 -0.5390
vn -0.9461 -0.0744 -0.3154
vn -0.2968 0.6816 -0.6688
vn -0.1917 0.9797 0.0581
vn 0.1284 0.9228 -0.3632
vn -0.6992 0.4850 -0.5252
vn -0.8645 0.2827 -0.4156
vn -0.2547 0.5596 -0.7887
vn -0.8864 -0.4211 0.1926
vn -0.3748 0.4592 -0.8054
vn -0.0691 0.0598 -0.9958
vn -0.4244 -0.5536 -0.7165
vn -0.8074 -0.2991 -0.5086
vn -0.9392 -0.2438 0.2419
vn -0.9894 0.0114 0.1449
vn -0.5985 -0.3860 0.7020
vn -0.9952 -0.0104 -0.0972
vn -0.4589 0.2658 -0.8478
vn -0.6881 -0.2050 -0.6960
vn -0.3686 -0.9078 -0.2003
vn -0.8145 -0.4785 0.3282
vn -0.6278 -0.7762 0.0582
vn -0.7613 -0.3336 -0.5560
vn -0.7350 -0.3112 -0.6025
vn -0.7210 -0.1615 -0.6739
vn -0.5282 -0.2463 -0.8126
vn -0.7347 -0.5954 -0.3251
vn -0.8367 -0.4192 -0.3523
vn -0.6290 -0.7711 -0.0989
vn -0.5457 -0.6351 -0.5467
vn -0.9227 -0.0576 -0.3811
vn -0.8035 -0.5674 -0.1802
vn -0.7320 0.1024 -0.6736
vn -0.4770 0.7997 -0.3647
vn -0.0587 -0.5929 -0.8031
vn -0.3993 0.6149 -0.6800
vn 0.1626 0.6209 -0.7668
vn -0.9476 -0.1135 -0.2988
vn -0.5597 -0.8283 0.0246
vn 0.5641 -0.3968 -0.7242
vn 0.3230 -0.9139 -0.2458
vn -0.4276 -0.6863 -0.5883
vn -0.6166 -0.6045 -0.5043
vn -0.5509 -0.4651 -0.6930
vn -0.2510 -0.7992 -0.5462
vn -0.7544 0.4264 0.4991
vn -0.4587 0.4378 0.7732
vn -0.1588 0.8797 0.4482
vn -0.6977 -0.5112 -0.5019
vn -0.6983 -0.5501 -0.4580
vn -0.8425 -0.4980 -0.2054
vn -0.9182 -0.2987 -0.2602
vn -0.6910 -0.4477 -0.5675
vn -0.7447 -0.3674 -0.5572
vn 0.4042 0.4043 -0.8205
vn -0.4555 -0.1083 -0.8836
vn -0.2700 -0.2130 -0.9390
vn -0.4780 -0.0111 -0.8783
vn -0.2732 -0.0962 -0.9571
vn -0.2243 0.0288 -0.9741
vn -0.6321 -0.4783 -0.6097
vn -0.5346 -0.1431 -0.8329
vn -0.8016 -0.1577 -0.5767
vn -0.1839 0.9277 -0.3250
vn -0.5107 -0.7877 0.3446
vn 0.4632 0.5586 0.6880
vn 0.5493 -0.6932 0.4666
vn -0.5119 -0.6693 0.5386
vn -0.8124 -0.5821 0.0346
vn 0.1989 -0.8893 0.4119
vn -0.7542 0.1251 -0.6446
vn 0.3452 0.8309 -0.4363
vn 0.2902 0.8970 -0.3336
vn -0.5657 -0.0999 -0.8185
vn -0.8985 0.0349 -0.4376
vn -0.8458 -0.4953 -0.1983
vn -0.9441 -0.3295 0.0101
vn 0.5463 0.5742 -0.6098
vn -0.7156 0.4160 -0.5611
vn 0.4016 0.8047 -0.4373
vn 0.8976 0.4215 -0.1290
vn 0.3129 0.9121 -0.2649
vn 0.5273 0.7748 -0.3488
vn 0.9950 -0.0153 -0.0987
vn 0.9520 0.3031 -0.0416
vn 0.9661 -0.2081 0.1531
vn 0.8968 -0.4147 0.1540
vn -0.6743 -0.2223 -0.7042
vn -0.4746 -0.6489 -0.5947
vn -0.8035 -0.5561 -0.2124
vn -0.8683 -0.0628 -0.4920
vn -0.9800 -0.0268 -0.1971
vn -0.9372 0.0209 -0.3481
vn -0.4302 0.7490 -0.5039
vn -0.4146 -0.0009 -0.9100
vn -0.6593 -0.2533 -0.7079
vn -0.9015 0.2538 -0.3505
vn -0.2503 -0.2356 -0.9391
vn -0.8385 -0.1660 -0.5191
vn 0.2229 -0.5675 -0.7927
vn -0.7038 -0.1865 -0.6855
vn -0.9356 0.0111 -0.3528
vn -0.8140 -0.1643 -0.5571
vn -0.6508 -0.2190 -0.7269
vn -0.8119 0.3044 -0.4981
vn -0.6726 0.1381 -0.7270
vn 0.3133 -0.6209 -0.7186
vn -0.6449 -0.4626 -0.6083
vn -0.3074 0.2986 -0.9035
vn -0.1672 -0.3961 -0.9028
vn -0.8134 0.3128 -0.4904
vn -0.8622 0.0128 -0.5064
vn -0.9455 -0.0107 -0.3253
vn 0.1843 -0.9745 -0.1280
vn -0.8758 -0.2616 -0.4055
vn -0.7725 -0.1057 -0.6261
vn -0.7357 0.0348 -0.6764
vn -0.8417 0.1607 -0.5155
vn -0.8725 -0.0805 -0.4820
vn -0.0527 0.2443 -0.9683
vn 0.1762 0.2736 -0.9456
vn 0.1685 0.3993 -0.9012
vn -0.7517 0.4011 -0.5235
vn -0.2368 0.6374 -0.7332
vn -0.3650 0.7980 -0.4794
vn -0.8341 0.3227 -0.4474
vn -0.3727 0.5086 -0.7762
vn -0.2881 -0.6383 -0.7138
vn 0.9948 -0.0984 0.0270
vn 0.4359 0.5705 -0.6961
vn 0.7314 -0.5292 0.4300
vn 0.8006 -0.3578 0.4807
vn 0.9583 -0.1718 0.2282
vn 0.1145 -0.9294 0.3509
vn 0.1269 -0.8695 0.4774
vn -0.2099 -0.7171 -0.6646
vn 0.1478 -0.8650 -0.4796
vn 0.2437 -0.8125 0.5296
vn 0.3251 -0.8222 0.4671
vn -0.7628 -0.6465 0.0112
vn 0.5391 -0.6033 0.5877
vn 0.3172 -0.8514 0.4177
vn 0.8392 -0.0612 0.5404
vn -0.5367 0.5989 -0.5943
vn -0.9020 0.1044 -0.4190
vn -0.9457 -0.1545 -0.2860
vn -0.9841 -0.0648 -0.1656
vn -0.9254 -0.1164 -0.3607
vn -0.7917 -0.1618 -0.5891
vn -0.8236 0.2276 -0.5194
vn -0.8828 0.1715 -0.4373
vn -0.1641 0.8117 -0.5606
vn -0.7483 0.3338 -0.5732
vn 0.3471 0.9378 0.0075
vn 0.2332 0.8371 -0.4948
vn -0.2027 0.8034 -0.5598
vn -0.1892 0.8655 -0.4639
vn -0.1958 0.9154 -0.3517
vn -0.3478 0.7297 -0.5887
vn -0.2441 0.8181 -0.5208
vn -0.5398 0.5514 -0.6361
vn -0.7272 0.4722 -0.4981
vn -0.3315 0.7565 -0.5637
vn -0.0300 0.8831 -0.4683
vn -0.8196 0.4002 -0.4100
vn -0.7833 0.5762 -0.2331
vn -0.6907 0.6303 -0.3545
vn -0.6649 0.7204 -0.1974
vn -0.7006 0.6163 -0.3595
vn -0.6284 0.6168 -0.4741
vn -0.7759 0.6050 -0.1789
vn -0.7385 -0.2191 0.6377
vn -0.9209 -0.3647 0.1375
vn -0.7779 -0.5920 0.2108
vn -0.4444 0.6957 -0.5643
vn -0.5580 0.6419 -0.5259
vn -0.5097 0.6309 -0.5849
vn -0.2785 0.7648 -0.5810
vn -0.8722 -0.4807 0.0900
vn 0.3876 0.5253 -0.7575
vn -0.2214 0.6510 -0.7261
vn -0.6699 0.4152 -0.6155
vn -0.4311 0.7543 -0.4952
vn -0.6570 0.4369 -0.6145
vn -0.3992 0.5429 -0.7389
vn -0.5104 0.4834 -0.7112
vn -0.9001 -0.0341 -0.4344
vn 0.6965 0.5029 -0.5119
vn -0.2630 0.4974 -0.8267
vn 0.0765 0.7166 -0.6932
vn 0.2550 -0.0274 0.9665
vn -0.3982 0.5591 -0.7273
vn -0.3312 0.6001 -0.7282
vn -0.5167 0.5794 -0.6304
vn -0.5211 0.5322 -0.6673
vn -0.5180 0.6742 -0.5264
vn -0.7177 -0.2257 -0.6587
vn -0.6078 -0.5293 -0.5919
vn -0.5845 -0.4566 -0.6708
vn -0.6319 -0.2403 -0.7368
vn -0.5899 0.5305 -0.6087
vn -0.7903 -0.4135 -0.4521
vn -0.5918 -0.6965 -0.4057
vn -0.4042 -0.6544 -0.6391
vn -0.4921 -0.5690 -0.6589
vn -0.6659 0.0360 -0.7451
vn -0.6363 0.3752 -0.6740
vn -0.3708 0.1544 -0.9158
vn -0.4232 -0.5709 -0.7035
vn -0.2787 -0.9115 -0.3026
vn -0.0869 -0.9960 -0.0205
vn -0.8040 -0.3691 -0.4663
vn -0.9092 -0.2965 -0.2923
vn -0.8501 -0.4886 -0.1967
vn -0.9142 -0.3457 -0.2116
vn -0.8356 0.0744 -0.5442
vn -0.6936 0.0650 -0.7175
vn -0.7099 0.1248 -0.6932
vn -0.8197 -0.0853 -0.5664
vn -0.6948 -0.2823 -0.6615
vn -0.5016 -0.1023 -0.8590
vn 0.0007 0.7313 -0.6821
vn -0.0021 0.9329 -0.3603
vn 0.0033 0.4493 -0.8934
vn -0.0014 0.8949 -0.4463
vn 0.0002 0.7764 -0.6302
vn 0.0071 -0.3176 -0.9482
vn -0.2701 -0.0673 -0.9605
vn 0.3481 0.9317 0.1036
vn -0.0953 0.7233 -0.6840
vn 0.0007 0.7336 -0.6795
vn 0.0009 0.7205 -0.6934
vn -0.0020 0.9277 -0.3733
vn 0.0009 0.7168 -0.6972
vn 0.0037 0.3872 -0.9220
vn 0.0021 0.5911 -0.8066
vn 0.0021 0.5906 -0.8070
vn -0.0053 -0.1300 0.9915
vn 0.0133 0.8824 -0.4704
vn -0.0014 0.8759 -0.4825
vn -0.0045 0.9998 -0.0190
vn 0.4807 0.8733 0.0790
vn 0.0007 0.7335 -0.6797
vn 0.0017 0.6332 -0.7740
vn 0.0081 -0.5730 -0.8195
vn 0.0073 -0.3068 -0.9518
vn 0.0035 0.4221 -0.9065
vn -0.7663 -0.3635 -0.5298
vn -0.5950 0.5342 -0.6005
vn -0.8092 -0.5824 0.0777
vn -0.7278 -0.5790 0.3676
vn 0.0060 -0.9653 -0.2609
vn -0.5686 -0.8189 -0.0781
vn -0.5391 -0.7057 -0.4598
vn 0.0074 -0.7574 -0.6529
vn -0.8024 -0.5929 -0.0680
vn 0.0061 -0.9980 0.0635
vn 0.0106 -0.8727 -0.4882
vn 0.8959 0.4286 -0.1172
vn 0.7596 0.6088 -0.2289
vn 0.6361 0.7060 -0.3114
vn -0.9451 -0.3051 -0.1166
vn -0.8233 -0.5518 0.1330
vn 0.5951 0.7528 -0.2811
vn 0.5076 0.7415 -0.4387
vn 0.3715 0.6960 -0.6145
vn 0.0004 -0.8329 0.5534
vn 0.1703 0.6490 -0.7415
vn 0.7756 0.5596 -0.2921
vn -0.0812 0.6060 -0.7913
vn -0.5267 -0.7372 0.4232
vn -0.6714 -0.5643 -0.4804
vn 0.0696 -0.3954 -0.9159
vn -0.4518 -0.6265 -0.6351
vn 0.0073 -0.7670 -0.6416
vn 0.0075 -0.5380 -0.8429
vn 0.6930 0.7195 -0.0458
vn -0.5258 0.5452 -0.6529
vn -0.8579 -0.2822 -0.4294
vn -0.8696 0.1999 -0.4515
vn -0.7185 0.0236 -0.6951
vn -0.2425 0.8815 -0.4052
vn -0.9746 0.0545 -0.2171
vn -0.5942 -0.7946 -0.1247
vn -0.9801 -0.0830 -0.1806
vn 0.0075 -0.6671 -0.7449
vn -0.0431 -0.6720 -0.7393
vn -0.9511 -0.1478 -0.2713
vn -0.8597 -0.1651 -0.4834
vn 0.0073 -0.3953 -0.9185
vn 0.4991 0.7429 -0.4460
vn -0.7482 0.4655 -0.4727
vn 0.0023 -0.9432 0.3323
vn 0.0016 0.6421 -0.7666
vn 0.0033 0.4429 -0.8966
vn 0.8465 0.2229 -0.4835
vn 0.6261 0.3287 -0.7071
vn 0.8849 -0.4255 -0.1896
vn 0.8571 -0.2679 -0.4399
vn -0.5866 0.3375 -0.7362
vn -0.8971 0.2078 -0.3898
vn -0.7129 0.1155 -0.6917
vn -0.4841 0.7816 -0.3934
vn -0.4414 0.8336 -0.3320
vn -0.0022 0.9228 -0.3853
vn 0.0046 0.8903 -0.4554
vn -0.7066 -0.4981 -0.5026
vn -0.5599 -0.4936 -0.6655
vn -0.6716 -0.2094 -0.7107
vn -0.8853 -0.1265 -0.4476
vn -0.6282 0.5460 -0.5542
vn -0.8101 0.4913 -0.3198
vn 0.0117 -0.9262 -0.3768
vn 0.0053 -0.9956 0.0931
vn -0.3240 -0.9444 -0.0569
vn -0.3539 -0.8177 -0.4540
vn -0.4695 0.7095 -0.5256
vn -0.3202 0.7958 -0.5140
vn -0.4487 -0.7988 -0.4006
vn -0.5097 -0.6982 -0.5028
vn -0.6507 -0.5790 -0.4912
vn -0.8685 -0.0569 -0.4924
vn -0.6231 0.4103 -0.6658
vn -0.0016 0.8948 -0.4464
vn -0.8952 -0.4008 -0.1947
vn -0.6635 -0.6645 -0.3439
vn 0.0109 -0.8999 -0.4360
vn -0.5087 -0.8246 -0.2475
vn -0.9482 -0.1517 -0.2791
vn 0.0033 -0.9838 0.1794
vn -0.2402 -0.9435 0.2283
vn -0.4865 0.6152 -0.6204
vn -0.3021 0.6871 -0.6608
vn -0.9269 -0.2310 -0.2957
vn -0.7429 0.2481 -0.6217
vn 0.0024 0.7090 -0.7052
vn -0.6251 -0.7319 -0.2713
vn -0.9267 -0.2991 0.2277
vn -0.4913 -0.8693 0.0553
vn -0.9516 -0.2956 -0.0839
vn -0.8355 -0.5475 -0.0468
vn -0.6951 -0.6747 -0.2483
vn -0.6341 -0.7095 -0.3075
vn 0.0034 -0.9808 -0.1952
vn -0.8034 0.4778 -0.3554
vn -0.9840 0.1730 -0.0424
vn -0.4787 0.7968 -0.3687
vn -0.9971 -0.0384 -0.0650
vn 0.0125 0.8986 -0.4385
vn -0.0050 0.9718 -0.2356
vn -0.4432 0.8735 -0.2012
vn -0.4940 0.8670 -0.0660
vn -0.0058 0.9821 -0.1884
vn -0.0033 0.9368 -0.3498
vn -0.3764 0.8937 -0.2443
vn -0.8824 0.4457 -0.1504
vn -0.6330 0.7627 -0.1326
vn -0.6813 0.6931 -0.2355
vn -0.8336 0.4139 -0.3659
vn -0.8606 0.4938 -0.1244
vn -0.7984 0.3782 -0.4685
vn -0.8874 0.4274 -0.1726
vn -0.5794 0.8149 0.0145
vn -0.9790 0.1949 0.0598
vn -0.3196 0.9088 -0.2684
vn -0.0041 0.9583 -0.2858
vn -0.8356 0.4142 -0.3608
vn -0.8776 0.2234 -0.4241
vn -0.4976 0.8198 -0.2835
vn -0.0087 0.9983 0.0577
vn -0.5219 0.8483 0.0893
vn -0.5096 0.8598 0.0341
vn -0.0087 0.9965 0.0829
vn -0.6813 0.7059 0.1936
vn -0.7163 0.6944 0.0682
vn -0.8327 0.4856 0.2660
vn -0.8704 0.4744 0.1318
vn -0.0083 0.9997 0.0211
vn -0.4041 0.9118 0.0729
vn -0.5838 0.7844 0.2094
vn -0.7736 0.4594 0.4364
vn -0.8204 0.3938 0.4145
vn -0.8972 0.3739 0.2352
vn -0.8117 0.3317 0.4808
vn -0.8517 -0.0390 -0.5225
vn -0.8093 0.0700 -0.5832
vn 0.2828 -0.9301 0.2345
vn 0.3232 -0.8705 0.3712
vn 0.9003 -0.4334 -0.0408
vn 0.6731 -0.7354 -0.0790
vn 0.1743 -0.9698 0.1708
vn 0.4636 -0.6471 0.6053
vn -0.7255 -0.5625 0.3967
vn -0.4267 -0.5820 0.6923
vn -0.2730 -0.8165 0.5087
vn 0.8785 -0.0016 -0.4776
vn 0.9100 -0.0073 -0.4146
vn 0.8405 -0.1234 -0.5276
vn -0.1805 -0.1603 0.9704
vn -0.5443 -0.2900 0.7872
vn 0.1615 -0.4511 -0.8777
vn 0.1883 -0.4822 -0.8556
vn 0.8318 -0.4697 -0.2959
vn 0.3933 -0.8801 0.2660
vn 0.9047 -0.1539 0.3972
vn 0.9005 -0.1430 0.4106
vn 0.4119 -0.8920 -0.1863
vn -0.9496 -0.2839 0.1330
vn -0.8572 -0.3418 0.3851
vn -0.3169 -0.8156 0.4841
vn 0.1531 -0.9815 -0.1154
vn 0.3517 -0.6742 0.6494
vn 0.5896 -0.7090 0.3870
vn 0.8995 -0.4238 0.1058
vn 0.7139 -0.5703 0.4063
vn 0.6544 -0.7428 0.1413
vn 0.8978 -0.4298 -0.0965
vn 0.8932 0.1927 -0.4063
vn 0.2677 0.7833 -0.5611
vn 0.0524 0.5168 -0.8545
vn 0.7648 0.1238 -0.6323
vn 0.9126 -0.3114 -0.2651
vn 0.8922 -0.4463 -0.0692
vn 0.4658 -0.8043 -0.3689
vn 0.7690 0.0371 -0.6382
vn -0.0342 0.9400 -0.3394
vn 0.3510 0.8122 -0.4660
vn 0.0515 0.9983 0.0282
vn -0.4682 0.8677 -0.1669
vn 0.0631 0.1889 -0.9800
vn -0.0888 0.4885 -0.8680
vn 0.0262 0.9534 -0.3007
vn 0.1608 -0.6629 -0.7312
vn 0.4661 0.4474 -0.7632
vn 0.4327 0.8873 -0.1596
vn 0.5724 0.2991 -0.7635
vn 0.7406 0.3009 -0.6008
vn 0.9519 0.0878 -0.2934
vn 0.7924 0.4815 -0.3746
vn 0.6871 0.5635 -0.4587
vn 0.9821 0.0723 -0.1741
vn 0.9590 0.2091 -0.1912
vn 0.9224 0.2856 -0.2602
vn 0.5453 0.7358 -0.4017
vn 0.7613 0.4190 -0.4948
vn 0.5332 0.6262 -0.5689
vn 0.3843 0.7858 -0.4846
vn -0.1776 -0.4807 0.8587
vn 0.2572 0.6331 -0.7301
vn -0.2873 0.7660 -0.5750
vn 0.9099 -0.3955 0.1248
vn 0.9996 0.0042 0.0278
vn 0.9959 0.0023 0.0908
vn 0.5562 -0.8289 0.0602
vn 0.0300 -0.9995 0.0042
vn 0.0729 -0.9508 0.3011
vn -0.8680 -0.1486 0.4737
vn -0.7859 -0.1054 0.6093
vn -0.8192 -0.0146 0.5733
vn -0.7961 -0.1839 0.5765
vn -0.8587 -0.4881 -0.1562
vn -0.8793 -0.4383 -0.1865
vn -0.8638 -0.4752 -0.1675
vn 1.0000 -0.0005 -0.0007
vn 0.9950 -0.0854 0.0518
vn 0.9974 0.0328 -0.0646
vn 0.6127 0.2642 0.7449
vn 0.6017 0.3263 0.7291
vn 0.6111 0.2792 0.7407
vn 0.5592 -0.8007 0.2149
vn -0.9252 -0.3594 0.1220
vn -0.9625 -0.2287 0.1461
vn -0.9672 -0.2269 0.1138
vn -0.8768 -0.4276 0.2200
vn 0.2373 -0.6149 -0.7520
vn 0.2230 -0.6966 -0.6819
vn 0.2139 -0.6532 -0.7263
vn -0.9363 0.3510 -0.0074
vn -0.9256 0.3771 -0.0331
vn -0.9194 0.3932 0.0029
vn -0.7131 -0.1925 -0.6741
vn -0.7338 -0.2671 -0.6246
vn -0.7081 -0.3052 -0.6368
vn 0.9705 -0.0165 -0.2406
vn 0.9714 -0.0843 -0.2220
vn 0.9775 -0.0618 -0.2016
vn 0.3534 0.8195 0.4511
vn 0.3488 0.8453 0.4048
vn 0.3595 0.8461 0.3936
vn -0.8029 0.4866 -0.3443
vn -0.7070 0.5928 -0.3857
vn -0.7174 0.6159 -0.3256
vn 0.3104 -0.4110 -0.8572
vn 0.2547 -0.5731 -0.7789
vn 0.3079 -0.5413 -0.7824
vn 0.1202 0.6842 -0.7193
vn -0.1673 0.5095 -0.8441
vn 0.7001 0.2556 -0.6667
vn 0.8508 0.2613 -0.4558
vn 0.9858 -0.1628 0.0422
vn 0.9828 -0.1795 0.0440
vn 0.9893 0.0786 -0.1227
vn -0.9544 0.2913 -0.0654
vn -0.8651 0.4489 -0.2238
vn -0.7804 0.4959 -0.3808
vn -0.9689 -0.2290 0.0940
vn -0.8217 -0.5648 0.0764
vn -0.9168 -0.2321 0.3250
vn -0.7543 -0.0431 0.6551
vn -0.7004 -0.1886 0.6884
vn 0.9880 0.0283 -0.1516
vn 0.9977 -0.0504 -0.0458
vn -0.7578 -0.6065 0.2407
vn -0.0417 -0.7050 0.7080
vn -0.0797 -0.9084 0.4105
vn -0.0686 -0.9128 0.4026
vn -0.0796 -0.9084 0.4104
vn -0.0907 -0.9038 0.4182
vn 0.1460 0.0517 -0.9879
vn 0.3724 0.0442 -0.9270
vn -0.1086 -0.1598 0.9812
vn 0.3295 -0.4368 -0.8371
vn 0.2327 -0.4605 -0.8566
vn 0.9736 -0.2241 -0.0427
vn -0.9118 0.3557 -0.2051
vn -0.6668 0.6782 -0.3090
vn -0.7614 0.6064 -0.2290
vn -0.8495 0.4444 -0.2842
vn -0.8415 0.4560 -0.2898
vn -0.7072 0.6710 -0.2228
vn -0.2521 0.8178 -0.5174
vn 0.3017 0.7930 -0.5292
vn 0.9914 -0.1288 -0.0214
vn -0.7991 -0.3361 0.4984
vn -0.7758 -0.2670 0.5717
vn -0.8471 -0.5124 -0.1409
vn -0.8476 -0.5135 -0.1335
vn 0.9767 0.0985 -0.1907
vn 0.9883 0.0916 -0.1223
vn 0.6172 0.2327 0.7516
vn 0.6153 0.2340 0.7527
vn 0.2435 -0.5713 -0.7838
vn 0.2821 -0.5337 -0.7972
vn -0.6717 -0.0320 0.7402
vn -0.6442 -0.7648 -0.0096
vn 0.9684 0.0789 -0.2367
vn -0.8382 0.4420 -0.3195
vn -0.9119 0.4099 -0.0183
vn -0.8001 0.3107 -0.5131
vn -0.9379 0.0943 -0.3339
vn -0.9102 0.4141 0.0080
vn -0.9028 0.4235 0.0747
vn -0.7019 -0.3600 -0.6146
vn -0.6521 -0.3788 -0.6567
vn 0.9700 -0.1182 -0.2123
vn 0.9563 -0.1291 -0.2622
vn 0.3619 0.8581 0.3642
vn 0.3804 0.8472 0.3709
vn 0.2232 -0.6468 -0.7292
vn 0.1463 -0.6294 -0.7631
vn -0.9911 -0.0292 -0.1296
vn -0.9897 -0.0435 -0.1361
vn -0.9911 -0.0293 -0.1297
vn -0.9923 -0.0153 -0.1233
vn 0.2220 -0.4323 -0.8740
vn -0.3886 -0.6901 0.6106
vn -0.6337 -0.7255 0.2686
vn -0.4543 -0.3894 0.8012
vn -0.5253 -0.8481 0.0691
vn -0.4498 -0.8911 -0.0606
vn -0.8262 -0.5611 -0.0509
vn -0.7891 -0.6114 -0.0604
vn -0.5838 -0.7733 -0.2472
vn -0.8134 0.3850 -0.4361
vn -0.8153 -0.3043 -0.4926
vn -0.7218 -0.6898 -0.0573
vn 0.1108 -0.9933 -0.0317
vn -0.1983 -0.9768 0.0814
vn 0.7597 -0.6333 0.1475
vn -0.2168 -0.2109 0.9532
vn -0.8889 0.3649 -0.2771
vn 0.5365 -0.7523 0.3822
vn 0.5342 -0.8019 0.2674
vn 0.5648 -0.7649 0.3096
vn 0.5888 -0.7524 0.2953
vn -0.0578 0.7572 -0.6506
vn 0.1231 0.6575 -0.7433
vn -0.2191 0.9070 -0.3597
vn -0.3375 0.8350 -0.4346
vn 0.5251 -0.8408 0.1316
vn 0.1602 0.6067 -0.7786
vn 0.9568 0.1533 -0.2471
vn 0.7268 0.3256 -0.6048
vn 0.9936 -0.1118 0.0140
vn 0.9982 0.0570 -0.0198
vn 0.1886 0.7326 -0.6540
vn 0.4581 0.6051 -0.6511
vn 0.4956 0.7537 -0.4317
vn 0.5381 0.7830 -0.3121
vn 0.4898 -0.8098 0.3231
vn -0.2249 0.8327 -0.5060
vn 0.9401 -0.3387 0.0381
vn 0.3178 0.8006 -0.5081
vn 0.6496 -0.7437 0.1579
vn -0.2473 0.9551 -0.1632
vn 0.9852 -0.1450 0.0911
vn 0.4873 0.8595 -0.1540
vn 0.6190 -0.7597 0.1994
vn -0.2640 0.9604 -0.0895
vn 0.9137 -0.3820 0.1386
vn 0.4729 0.8793 -0.0570
vn 0.5145 0.8575 0.0075
vn 0.5070 0.8612 -0.0358
vn 0.2886 0.9125 -0.2900
vn 0.5804 0.8129 -0.0489
vn 0.6687 0.7311 0.1352
vn 0.8234 0.5047 0.2595
vn 0.7689 0.6224 0.1463
vn 0.8426 0.4660 0.2700
vn 0.8643 0.4836 0.1385
vn 0.6492 0.7489 0.1330
vn 0.7786 0.5555 0.2919
vn 0.8405 0.3091 0.4450
vn 0.5518 0.7352 -0.3936
vn 0.4830 0.7488 -0.4539
vn 0.8004 0.4386 -0.4087
vn 0.7323 0.3627 -0.5763
vn 0.3115 0.8447 -0.4352
vn 0.3723 0.8859 -0.2768
vn 0.9841 -0.0522 -0.1700
vn 0.9380 0.0415 -0.3442
vn 0.8082 0.4624 -0.3646
vn 0.7765 0.4332 -0.4575
vn 0.7272 0.6103 -0.3142
vn 0.3149 0.8928 -0.3222
vn 0.3979 0.9148 -0.0697
vn 0.8514 0.2086 -0.4813
vn 0.4964 0.8104 -0.3114
vn 0.5165 0.6975 -0.4967
vn 0.4888 0.7082 -0.5094
vn 0.6374 -0.4908 -0.5939
vn 0.5347 -0.5100 -0.6738
vn 0.5842 -0.7284 -0.3581
vn 0.7680 -0.5049 -0.3939
vn 0.9647 0.1078 -0.2403
vn 0.8395 0.3394 -0.4243
vn 0.8243 0.0332 -0.5651
vn 0.9085 -0.1252 -0.3987
vn 0.8469 0.4304 -0.3121
vn 0.8124 0.4266 -0.3974
vn 0.4018 -0.7022 -0.5878
vn 0.6260 -0.7121 -0.3179
vn 0.4439 -0.6429 -0.6241
vn 0.1625 -0.8276 -0.5372
vn 0.5583 0.7144 -0.4219
vn 0.7146 0.4579 -0.5289
vn 0.8382 -0.1692 -0.5185
vn 0.6606 -0.5081 -0.5527
vn 0.6967 0.3353 -0.6342
vn 0.4219 0.7473 -0.5133
vn 0.6537 -0.7559 -0.0373
vn 0.9133 -0.3431 -0.2196
vn 0.9562 -0.2755 -0.0986
vn 0.9817 0.1624 -0.0999
vn 0.8053 0.5266 -0.2723
vn 0.6273 -0.7786 0.0174
vn 0.7381 -0.2312 -0.6338
vn 0.8554 -0.3389 -0.3916
vn 0.9287 -0.1022 -0.3566
vn 0.7734 0.1993 -0.6018
vn 0.6970 -0.2779 -0.6611
vn 0.5380 -0.5022 -0.6770
vn 0.6375 -0.5993 -0.4842
vn 0.8639 -0.3422 -0.3696
vn 0.4838 -0.4406 -0.7562
vn 0.5620 -0.7145 -0.4167
vn 0.6025 0.4993 -0.6226
vn 0.8453 0.4997 -0.1892
vn 0.4941 0.8146 -0.3038
vn 0.4157 0.6671 -0.6182
vn 0.5991 0.4378 -0.6704
vn 0.6336 0.0574 -0.7715
vn 0.5552 -0.5236 -0.6462
vn 0.5600 -0.3268 -0.7613
vn 0.5953 -0.1381 -0.7916
vn 0.6292 -0.4088 -0.6610
vn 0.4528 0.6121 -0.6483
vn 0.8613 -0.3573 -0.3611
vn 0.8844 -0.1127 -0.4530
vn 0.8631 -0.4522 -0.2250
vn 0.6271 -0.7490 -0.2139
vn 0.7459 -0.6235 -0.2341
vn 0.9387 -0.2109 -0.2728
vn 0.8314 0.5532 0.0529
vn -0.0478 0.9985 0.0253
vn 0.9354 0.3516 -0.0378
vn 0.4564 0.8894 0.0254
vn 0.8620 0.4974 0.0980
vn 0.4193 0.6771 -0.6047
vn 0.2985 0.6843 -0.6653
vn 0.9504 -0.0657 -0.3040
vn 0.8218 0.2116 -0.5290
vn 0.1815 0.9815 0.0611
vn 0.8668 0.2906 -0.4053
vn 0.7010 0.4914 -0.5169
vn -0.1323 0.9216 -0.3649
vn 0.2590 0.5619 -0.7856
vn 0.8876 -0.4135 0.2030
vn 0.3802 0.4626 -0.8009
vn 0.8161 -0.2917 -0.4989
vn 0.4380 -0.5496 -0.7114
vn 0.0805 0.0604 -0.9949
vn 0.9384 -0.2351 0.2532
vn 0.9963 -0.0027 -0.0859
vn 0.5936 -0.3805 0.7091
vn 0.9874 0.0205 0.1567
vn 0.4666 0.2700 -0.8423
vn 0.3792 -0.9044 -0.1958
vn 0.6980 -0.1981 -0.6882
vn 0.6341 -0.7704 0.0657
vn 0.8148 -0.4710 0.3380
vn 0.7709 -0.3266 -0.5469
vn 0.5402 -0.2414 -0.8062
vn 0.7304 -0.1549 -0.6652
vn 0.7450 -0.3044 -0.5936
vn 0.7440 -0.5887 -0.3162
vn 0.5580 -0.6300 -0.5401
vn 0.6371 -0.7653 -0.0913
vn 0.8447 -0.4115 -0.3422
vn 0.9300 -0.0485 -0.3643
vn 0.4709 0.8032 -0.3648
vn 0.7391 0.1091 -0.6648
vn 0.8115 -0.5599 -0.1672
vn 0.0737 -0.5923 -0.8024
vn -0.1591 0.6194 -0.7688
vn 0.4018 0.6186 -0.6752
vn 0.9521 -0.1048 -0.2874
vn 0.5670 -0.8232 0.0314
vn -0.3117 -0.9168 -0.2496
vn -0.5517 -0.4019 -0.7308
vn 0.4410 -0.6823 -0.5831
vn 0.2648 -0.7968 -0.5431
vn 0.5634 -0.4600 -0.6863
vn 0.6281 -0.5988 -0.4969
vn 0.7444 0.4332 0.5081
vn 0.1453 0.8811 0.4500
vn 0.4454 0.4420 0.7786
vn 0.7083 -0.5048 -0.4935
vn 0.9240 -0.2902 -0.2491
vn 0.8494 -0.4903 -0.1953
vn 0.7088 -0.5436 -0.4496
vn 0.7018 -0.4414 -0.5591
vn 0.7546 -0.3605 -0.5482
vn -0.3980 0.4006 -0.8253
vn 0.4670 -0.1041 -0.8781
vn 0.4886 -0.0066 -0.8725
vn 0.2832 -0.2105 -0.9357
vn 0.2855 -0.0936 -0.9538
vn 0.2356 0.0309 -0.9714
vn 0.6437 -0.4724 -0.6020
vn 0.5458 -0.1381 -0.8264
vn 0.8098 -0.1503 -0.5671
vn 0.1862 0.9307 -0.3150
vn -0.4635 0.5467 0.6973
vn 0.5536 -0.8175 0.1588
vn -0.3795 -0.8186 0.4312
vn -0.1955 -0.8905 0.4108
vn 0.8547 -0.5138 0.0740
vn 0.7403 -0.6195 0.2609
vn 0.7606 0.1321 -0.6356
vn 0.5763 -0.0947 -0.8117
vn -0.2943 0.8943 -0.3371
vn -0.3475 0.8278 -0.4405
vn 0.9033 0.0432 -0.4269
vn 0.9469 -0.3208 0.0214
vn 0.8526 -0.4875 -0.1881
vn -0.5442 0.5692 -0.6163
vn -0.4031 0.7999 -0.4446
vn 0.7185 0.4226 -0.5525
vn -0.8998 0.4133 -0.1398
vn -0.5301 0.7700 -0.3551
vn -0.3180 0.9092 -0.2686
vn -0.9935 -0.0254 -0.1112
vn -0.8948 -0.4229 0.1433
vn -0.9659 -0.2169 0.1415
vn -0.9542 0.2944 -0.0530
vn 0.6847 -0.2161 -0.6961
vn 0.8747 -0.0549 -0.4816
vn 0.8111 -0.5487 -0.2027
vn 0.4876 -0.6445 -0.5889
vn 0.9796 -0.0315 -0.1984
vn 0.9412 0.0297 -0.3364
vn 0.4293 0.7529 -0.4988
vn 0.9033 0.2621 -0.3397
vn 0.6701 -0.2472 -0.6999
vn 0.4254 0.0030 -0.9050
vn 0.2637 -0.2333 -0.9360
vn -0.2082 -0.5694 -0.7952
vn 0.8461 -0.1583 -0.5090
vn 0.7136 -0.1800 -0.6770
vn 0.6615 -0.2130 -0.7191
vn 0.8221 -0.1568 -0.5474
vn 0.9397 0.0197 -0.3416
vn 0.6799 0.1443 -0.7189
vn 0.8150 0.3118 -0.4883
vn -0.2989 -0.6237 -0.7223
vn 0.3154 0.3014 -0.8998
vn 0.6563 -0.4567 -0.6005
vn 0.1816 -0.3945 -0.9008
vn 0.8163 0.3203 -0.4806
vn 0.9494 -0.0021 -0.3140
vn 0.8680 0.0208 -0.4961
vn -0.1739 -0.9761 -0.1301
vn 0.8834 -0.2545 -0.3935
vn 0.7816 -0.1005 -0.6157
vn 0.7434 0.0416 -0.6675
vn 0.8463 0.1684 -0.5054
vn 0.8789 -0.0725 -0.4715
vn 0.0620 0.2448 -0.9676
vn -0.1674 0.2720 -0.9476
vn -0.1613 0.3978 -0.9032
vn 0.7542 0.4080 -0.5145
vn 0.3634 0.8014 -0.4751
vn 0.2398 0.6396 -0.7304
vn 0.3773 0.5120 -0.7717
vn 0.8364 0.3303 -0.4374
vn 0.3025 -0.6356 -0.7103
vn -0.4327 0.5665 -0.7013
vn -0.9941 -0.1074 0.0150
vn -0.7317 -0.5359 0.4213
vn -0.8029 -0.3652 0.4711
vn -0.9594 -0.1806 0.2167
vn -0.1102 -0.9304 0.3496
vn 0.2244 -0.7151 -0.6620
vn -0.1246 -0.8706 0.4759
vn -0.1341 -0.8663 -0.4813
vn 0.7685 -0.6395 0.0204
vn -0.3232 -0.8252 0.4632
vn -0.2425 -0.8147 0.5267
vn -0.5406 -0.6083 0.5812
vn -0.3143 -0.8543 0.4139
vn -0.8450 -0.0689 0.5303
vn 0.9059 0.1127 -0.4082
vn 0.5383 0.6038 -0.5879
vn 0.9865 -0.0558 -0.1537
vn 0.9504 -0.1458 -0.2746
vn 0.9307 -0.1079 -0.3496
vn 0.8864 0.1796 -0.4268
vn 0.8277 0.2352 -0.5095
vn 0.8001 -0.1545 -0.5796
vn 0.1633 0.8132 -0.5586
vn 0.7521 0.3407 -0.5642
vn -0.3557 0.9346 0.0033
vn -0.2349 0.8350 -0.4976
vn 0.2019 0.8053 -0.5574
vn 0.3484 0.7338 -0.5833
vn 0.1916 0.9172 -0.3493
vn 0.1868 0.8672 -0.4616
vn 0.2428 0.8203 -0.5179
vn 0.5423 0.5565 -0.6294
vn 0.0275 0.8834 -0.4679
vn 0.3313 0.7596 -0.5598
vn 0.7288 0.4789 -0.4894
vn 0.7808 0.5834 -0.2238
vn 0.8207 0.4078 -0.4002
vn 0.6606 0.7265 -0.1894
vn 0.6891 0.6366 -0.3462
vn 0.6992 0.6227 -0.3511
vn 0.7724 0.6121 -0.1696
vn 0.6300 0.6234 -0.4631
vn 0.7327 -0.2123 0.6465
vn 0.9224 -0.3565 0.1485
vn 0.7807 -0.5849 0.2202
vn 0.4450 0.6999 -0.5587
vn 0.2784 0.7673 -0.5777
vn 0.5109 0.6356 -0.5788
vn 0.5597 0.6482 -0.5162
vn 0.8755 -0.4727 0.1005
vn -0.3832 0.5218 -0.7622
vn 0.2241 0.6530 -0.7234
vn 0.6734 0.4214 -0.6075
vn 0.4301 0.7582 -0.4900
vn 0.6602 0.4429 -0.6066
vn 0.5144 0.4881 -0.7051
vn 0.4030 0.5465 -0.7341
vn 0.9055 -0.0258 -0.4236
vn -0.6949 0.4966 -0.5202
vn 0.2683 0.4998 -0.8235
vn -0.0747 0.7160 -0.6941
vn -0.2663 -0.0298 0.9634
vn 0.3346 0.6034 -0.7239
vn 0.4027 0.5652 -0.7200
vn 0.5222 0.5865 -0.6192
vn 0.5277 0.5387 -0.6568
vn 0.5189 0.6794 -0.5188
vn 0.7279 -0.2187 -0.6498
vn 0.6429 -0.2344 -0.7292
vn 0.5975 -0.4509 -0.6631
vn 0.6208 -0.5224 -0.5846
vn 0.5923 0.5364 -0.6012
vn 0.4191 -0.6490 -0.6350
vn 0.6055 -0.6893 -0.3977
vn 0.7995 -0.4060 -0.4428
vn 0.5066 -0.5628 -0.6531
vn 0.6745 0.0421 -0.7371
vn 0.3803 0.1579 -0.9113
vn 0.6409 0.3811 -0.6664
vn 0.4368 -0.5670 -0.6984
vn 0.2906 -0.9089 -0.2992
vn 0.0963 -0.9952 -0.0194
vn 0.8579 -0.4791 -0.1858
vn 0.9153 -0.2882 -0.2814
vn 0.8132 -0.3614 -0.4562
vn 0.9192 -0.3377 -0.2026
vn 0.8413 0.0821 -0.5342
vn 0.8272 -0.0778 -0.5565
vn 0.7170 0.1314 -0.6846
vn 0.7014 0.0714 -0.7091
vn 0.5128 -0.0977 -0.8529
vn 0.7052 -0.2759 -0.6531
vn -0.3578 0.9285 0.0994
vn 0.2822 -0.0648 -0.9572
vn 0.0968 0.7241 -0.6828
vn -0.0157 0.8822 -0.4706
vn -0.4895 0.8689 0.0732
vn 0.7758 -0.3565 -0.5206
vn 0.5972 0.5396 -0.5934
vn 0.7286 -0.5723 0.3763
vn 0.8135 -0.5750 0.0874
vn 0.5509 -0.7007 -0.4533
vn 0.5770 -0.8136 -0.0712
vn 0.8094 -0.5843 -0.0588
vn -0.8983 0.4204 -0.1279
vn -0.6387 0.7002 -0.3190
vn -0.7622 0.6018 -0.2384
vn 0.9501 -0.2942 -0.1033
vn 0.8269 -0.5445 0.1409
vn -0.3704 0.6926 -0.6190
vn -0.5091 0.7369 -0.4448
vn -0.5986 0.7474 -0.2882
vn -0.1674 0.6475 -0.7435
vn 0.0851 0.6068 -0.7903
vn -0.7771 0.5525 -0.3014
vn 0.5283 -0.7324 0.4295
vn 0.6822 -0.5581 -0.4724
vn -0.0550 -0.3959 -0.9166
vn 0.4651 -0.6223 -0.6296
vn -0.6989 0.7131 -0.0541
vn 0.5286 0.5501 -0.6465
vn 0.8651 -0.2752 -0.4193
vn 0.8730 0.2078 -0.4411
vn 0.7266 0.0302 -0.6864
vn 0.2393 0.8837 -0.4023
vn 0.9766 0.0634 -0.2055
vn 0.9829 -0.0740 -0.1689
vn 0.6029 -0.7891 -0.1176
vn 0.0581 -0.6715 -0.7387
vn 0.9556 -0.1389 -0.2599
vn 0.8669 -0.1572 -0.4731
vn -0.5005 0.7384 -0.4520
vn 0.7496 0.4723 -0.4638
vn -0.8427 0.2151 -0.4936
vn -0.6206 0.3230 -0.7145
vn -0.8786 -0.4335 -0.2001
vn -0.8493 -0.2757 -0.4501
vn 0.5971 0.3493 -0.7221
vn 0.7198 0.1310 -0.6818
vn 0.9012 0.2225 -0.3719
vn 0.4825 0.7857 -0.3872
vn 0.4359 0.8403 -0.3221
vn 0.7262 -0.4826 -0.4895
vn 0.8947 -0.1132 -0.4321
vn 0.6268 -0.1947 -0.7545
vn 0.5715 -0.4733 -0.6703
vn 0.8102 0.5039 -0.2994
vn 0.6318 0.5563 -0.5398
vn 0.3562 -0.8180 -0.4517
vn 0.3001 -0.9521 -0.0592
vn 0.4700 0.7167 -0.5152
vn 0.3191 0.8006 -0.5071
vn 0.4593 -0.7957 -0.3949
vn 0.6724 -0.5630 -0.4805
vn 0.5187 -0.6905 -0.5042
vn 0.6355 0.4227 -0.6462
vn 0.8604 0.0169 -0.5093
vn 0.7323 -0.4237 -0.5331
vn 0.6023 -0.6858 -0.4086
vn 0.4934 -0.8326 -0.2519
vn 0.9087 -0.0989 -0.4056
vn 0.1951 -0.9492 0.2470
vn 0.3060 0.6918 -0.6540
vn 0.4932 0.6217 -0.6084
vn 0.7823 0.2511 -0.5700
vn 0.9334 -0.1229 -0.3372
vn 0.8764 -0.4097 -0.2532
vn 0.5896 -0.7559 -0.2847
vn 0.4373 -0.8985 0.0378
vn 0.9342 -0.2083 -0.2895
vn 0.7162 -0.6552 -0.2404
vn 0.8474 -0.5297 -0.0380
vn 0.6482 -0.7026 -0.2936
vn 0.9823 0.1865 -0.0190
vn 0.8024 0.4916 -0.3384
vn 0.4847 0.7939 -0.3672
vn 0.9988 -0.0255 -0.0420
vn 0.4816 0.8747 -0.0550
vn 0.4337 0.8805 -0.1915
vn 0.3675 0.8996 -0.2361
vn 0.8762 0.4713 -0.1011
vn 0.8417 0.4207 -0.3384
vn 0.6762 0.7048 -0.2146
vn 0.6232 0.7729 -0.1191
vn 0.8506 0.5211 -0.0709
vn 0.8208 0.3661 -0.4385
vn 0.5625 0.8263 0.0276
vn 0.8938 0.4293 -0.1295
vn 0.9669 0.2092 0.1463
vn 0.3112 0.9136 -0.2616
vn 0.8930 0.2201 -0.3924
vn 0.8387 0.4244 -0.3413
vn 0.4865 0.8306 -0.2708
vn 0.4965 0.8669 0.0446
vn 0.5069 0.8561 0.1007
vn 0.6687 0.7119 0.2146
vn 0.7075 0.7017 0.0841
vn 0.8177 0.4927 0.2976
vn 0.8578 0.4940 0.1422
vn 0.3868 0.9186 0.0812
vn 0.5465 0.8105 0.2109
vn 0.7272 0.5052 0.4647
vn 0.8940 0.3802 0.2372
vn 0.7996 0.4062 0.4422
vn 0.7662 0.3669 0.5276
vn 0.8752 -0.0111 -0.4837
vn 0.8884 0.0362 -0.4575
vn -0.4359 0.0690 -0.8974
vn -0.5744 0.0205 -0.8183
vn -0.5735 0.1973 -0.7951
vn -0.3838 0.2239 -0.8959
vn -0.4347 -0.2513 -0.8648
vn -0.5740 -0.2763 -0.7708
vn -0.4338 -0.5385 -0.7224
vn -0.5744 -0.5216 -0.6309
vn -0.4796 -0.6291 -0.6117
vn -0.5713 -0.5883 -0.5723
vn -0.0924 0.0817 -0.9924
vn -0.0270 0.2446 -0.9693
vn -0.0907 -0.2731 -0.9577
vn -0.0898 -0.5927 -0.8004
vn -0.1542 -0.7087 -0.6885
vn 0.2629 0.0841 -0.9611
vn 0.3124 0.2344 -0.9206
vn 0.2647 -0.2598 -0.9287
vn 0.2653 -0.5711 -0.7769
vn 0.2102 -0.7015 -0.6810
vn 0.4158 0.1278 -0.9004
vn 0.4125 0.2254 -0.8826
vn 0.4166 -0.1883 -0.8894
vn 0.4166 -0.4989 -0.7599
vn 0.4150 -0.6530 -0.6335
vn 0.4459 0.0730 -0.8921
vn 0.3925 0.2274 -0.8912
vn 0.5811 0.2026 -0.7882
vn 0.5839 0.0259 -0.8114
vn 0.4473 -0.2473 -0.8595
vn 0.5857 -0.2710 -0.7639
vn 0.4473 -0.5344 -0.7171
vn 0.5867 -0.5163 -0.6239
vn 0.4926 -0.6246 -0.6059
vn 0.5835 -0.5831 -0.5653
vn 0.1035 0.0826 -0.9912
vn 0.0363 0.2448 -0.9689
vn 0.1046 -0.2722 -0.9565
vn 0.1047 -0.5918 -0.7993
vn 0.1689 -0.7072 -0.6866
vn -0.2521 0.0817 -0.9643
vn -0.3035 0.2315 -0.9243
vn -0.2512 -0.2621 -0.9318
vn -0.2508 -0.5734 -0.7800
vn -0.1957 -0.7033 -0.6834
vn -0.4062 0.1240 -0.9053
vn -0.4039 0.2217 -0.8875
vn -0.4041 -0.1921 -0.8943
vn -0.4029 -0.5027 -0.7648
vn -0.4014 -0.6567 -0.6384
vt 0.547537 0.148371
vt 0.553876 0.156575
vt 0.537968 0.167262
vt 0.527840 0.160053
vt 0.561955 0.134701
vt 0.567548 0.138429
vt 0.572436 0.115065
vt 0.575253 0.115934
vt 0.541076 0.140044
vt 0.521005 0.152224
vt 0.556735 0.129606
vt 0.549526 0.110840
vt 0.571027 0.111771
vt 0.551143 0.120534
vt 0.530512 0.113324
vt 0.532997 0.127245
vt 0.518456 0.131593
vt 0.515597 0.118980
vt 0.536726 0.134452
vt 0.517774 0.142717
vt 0.553131 0.125379
vt 0.666761 0.140255
vt 0.671001 0.148597
vt 0.654261 0.155094
vt 0.648089 0.145868
vt 0.682018 0.131877
vt 0.685478 0.136371
vt 0.695361 0.120028
vt 0.697266 0.121588
vt 0.663801 0.133184
vt 0.643237 0.138366
vt 0.679692 0.128113
vt 0.678032 0.112376
vt 0.695107 0.117123
vt 0.677240 0.119738
vt 0.661528 0.108789
vt 0.660535 0.119808
vt 0.643718 0.121449
vt 0.645558 0.108684
vt 0.661883 0.127969
vt 0.641448 0.129864
vt 0.678025 0.124224
vt 0.076043 0.713978
vt 0.081327 0.723072
vt 0.064184 0.731305
vt 0.056321 0.722703
vt 0.091648 0.704149
vt 0.096318 0.708203
vt 0.105411 0.688215
vt 0.107622 0.689403
vt 0.072111 0.705991
vt 0.051160 0.714163
vt 0.088822 0.699479
vt 0.085503 0.681171
vt 0.105011 0.685195
vt 0.086118 0.689403
vt 0.067072 0.679819
vt 0.067932 0.691739
vt 0.052634 0.694994
vt 0.050852 0.683444
vt 0.069775 0.699726
vt 0.050238 0.704947
vt 0.087102 0.694933
vt 0.192082 0.706331
vt 0.193664 0.715058
vt 0.174930 0.717939
vt 0.171768 0.708816
vt 0.209400 0.702205
vt 0.212067 0.707076
vt 0.227785 0.692604
vt 0.229524 0.694271
vt 0.191041 0.699550
vt 0.169869 0.700479
vt 0.208193 0.697802
vt 0.210341 0.681903
vt 0.228262 0.690017
vt 0.208700 0.688769
vt 0.193447 0.676655
vt 0.191023 0.685954
vt 0.175038 0.684413
vt 0.177244 0.674174
vt 0.190647 0.693608
vt 0.171120 0.692712
vt 0.207987 0.693438
vt 0.139446 0.666901
vt 0.141736 0.658524
vt 0.161489 0.665030
vt 0.158660 0.673690
vt 0.123452 0.664053
vt 0.123215 0.658687
vt 0.104338 0.665598
vt 0.103825 0.663277
vt 0.137366 0.673947
vt 0.155136 0.682185
vt 0.122464 0.668540
vt 0.114437 0.682233
vt 0.102971 0.667655
vt 0.118716 0.676465
vt 0.125845 0.693446
vt 0.131832 0.685713
vt 0.144776 0.694058
vt 0.140482 0.703263
vt 0.135016 0.679610
vt 0.150839 0.688495
vt 0.120923 0.672556
vt 0.338906 0.017489
vt 0.341886 0.008863
vt 0.357561 0.036912
vt 0.343669 0.046558
vt 0.040725 0.521471
vt 0.021361 0.532138
vt 0.021664 0.501439
vt 0.046477 0.490795
vt 0.036262 0.091395
vt 0.027596 0.157610
vt 0.013755 0.158766
vt 0.246660 0.259445
vt 0.299594 0.226507
vt 0.322435 0.303739
vt 0.272176 0.309679
vt 0.114142 0.396411
vt 0.106736 0.416651
vt 0.073088 0.425966
vt 0.070532 0.474809
vt 0.066573 0.514222
vt 0.078762 0.376354
vt 0.149252 0.357356
vt 0.108009 0.392286
vt 0.075989 0.392030
vt 0.114415 0.479002
vt 0.095097 0.447894
vt 0.114806 0.453885
vt 0.128012 0.473266
vt 0.487350 0.667651
vt 0.476632 0.661648
vt 0.477653 0.649063
vt 0.497115 0.654767
vt 0.547362 0.636964
vt 0.559510 0.643270
vt 0.562863 0.654191
vt 0.543564 0.644529
vt 0.544762 0.662948
vt 0.551975 0.683560
vt 0.530639 0.684211
vt 0.528827 0.657391
vt 0.607623 0.628749
vt 0.611893 0.637986
vt 0.596089 0.648918
vt 0.603445 0.632744
vt 0.636712 0.619798
vt 0.637745 0.625615
vt 0.628905 0.631514
vt 0.625755 0.619136
vt 0.684145 0.635493
vt 0.682923 0.640120
vt 0.667339 0.638992
vt 0.670680 0.631513
vt 0.507483 0.695680
vt 0.503445 0.675850
vt 0.719317 0.662596
vt 0.733815 0.672391
vt 0.715748 0.669362
vt 0.714327 0.665273
vt 0.682299 0.671648
vt 0.691568 0.681564
vt 0.691690 0.697424
vt 0.680500 0.682913
vt 0.561365 0.670317
vt 0.562806 0.682441
vt 0.712817 0.696116
vt 0.708689 0.687137
vt 0.720081 0.691928
vt 0.725092 0.703108
vt 0.537814 0.622746
vt 0.526632 0.620614
vt 0.525469 0.640841
vt 0.491282 0.631769
vt 0.509551 0.642002
vt 0.483964 0.641786
vt 0.709692 0.677252
vt 0.706572 0.697134
vt 0.604090 0.665503
vt 0.645684 0.644671
vt 0.646588 0.634001
vt 0.698897 0.656833
vt 0.704363 0.668685
vt 0.670415 0.662172
vt 0.456278 0.658284
vt 0.467316 0.645116
vt 0.758729 0.681720
vt 0.755266 0.685486
vt 0.741933 0.679163
vt 0.720727 0.682157
vt 0.728564 0.686141
vt 0.729490 0.696471
vt 0.750055 0.717535
vt 0.543869 0.616372
vt 0.551657 0.631814
vt 0.564794 0.635807
vt 0.600035 0.629924
vt 0.592602 0.640339
vt 0.590268 0.634907
vt 0.593483 0.626741
vt 0.581378 0.603346
vt 0.600298 0.618094
vt 0.587238 0.618344
vt 0.575959 0.606009
vt 0.530338 0.599819
vt 0.545320 0.603044
vt 0.590408 0.585490
vt 0.608404 0.597806
vt 0.624720 0.605420
vt 0.629913 0.602042
vt 0.656016 0.600458
vt 0.644404 0.624283
vt 0.633691 0.597935
vt 0.654002 0.591653
vt 0.502036 0.625987
vt 0.489118 0.610693
vt 0.497908 0.599694
vt 0.514224 0.616721
vt 0.660097 0.602822
vt 0.663276 0.616614
vt 0.678088 0.618167
vt 0.685218 0.617079
vt 0.714584 0.622599
vt 0.697731 0.636043
vt 0.692257 0.611418
vt 0.708368 0.605445
vt 0.465156 0.629670
vt 0.473600 0.620625
vt 0.728991 0.617652
vt 0.718215 0.637064
vt 0.731216 0.654329
vt 0.741147 0.653289
vt 0.767481 0.659561
vt 0.455693 0.641125
vt 0.449443 0.653073
vt 0.734930 0.689595
vt 0.735587 0.698224
vt 0.753136 0.711712
vt 0.550362 0.611853
vt 0.555184 0.624820
vt 0.567910 0.626098
vt 0.586428 0.624928
vt 0.585004 0.630255
vt 0.578163 0.620172
vt 0.570010 0.609385
vt 0.546819 0.585403
vt 0.536307 0.584328
vt 0.631383 0.593915
vt 0.625881 0.594607
vt 0.645714 0.583968
vt 0.634974 0.590079
vt 0.486234 0.592117
vt 0.480562 0.600551
vt 0.685488 0.609365
vt 0.680244 0.609912
vt 0.700827 0.595918
vt 0.690341 0.603401
vt 0.456898 0.620368
vt 0.463947 0.608652
vt 0.744543 0.647122
vt 0.737941 0.648254
vt 0.764246 0.645970
vt 0.723080 0.650258
vt 0.718336 0.642292
vt 0.727452 0.641450
vt 0.730744 0.646943
vt 0.711473 0.654497
vt 0.703959 0.644868
vt 0.697658 0.645329
vt 0.732798 0.682704
vt 0.745094 0.686240
vt 0.737635 0.686585
vt 0.724392 0.677691
vt 0.719057 0.672910
vt 0.669517 0.617866
vt 0.675074 0.609076
vt 0.657184 0.627633
vt 0.654721 0.631686
vt 0.616868 0.602620
vt 0.616942 0.592577
vt 0.613381 0.620017
vt 0.612239 0.627371
vt 0.641363 0.664613
vt 0.605836 0.677751
vt 0.581154 0.634235
vt 0.582202 0.640380
vt 0.581419 0.646864
vt 0.580517 0.656777
vt 0.581707 0.671837
vt 0.583499 0.678375
vt 0.586988 0.691105
vt 0.607211 0.687395
vt 0.603324 0.704676
vt 0.584597 0.708724
vt 0.584762 0.707131
vt 0.658537 0.689535
vt 0.662217 0.674236
vt 0.678603 0.698239
vt 0.493235 0.702135
vt 0.506654 0.707461
vt 0.495529 0.707442
vt 0.481140 0.690756
vt 0.476578 0.676133
vt 0.473578 0.668129
vt 0.450380 0.665246
vt 0.442921 0.658448
vt 0.729061 0.636611
vt 0.689763 0.642302
vt 0.672311 0.604385
vt 0.646125 0.629215
vt 0.612375 0.588883
vt 0.683997 0.646921
vt 0.527823 0.574312
vt 0.520954 0.589545
vt 0.471555 0.604778
vt 0.476017 0.618615
vt 0.457769 0.638043
vt 0.448633 0.625784
vt 0.754481 0.693484
vt 0.737992 0.626624
vt 0.665013 0.594386
vt 0.601286 0.573249
vt 0.447782 0.638527
vt 0.438015 0.644268
vt 0.741555 0.692148
vt 0.742277 0.696037
vt 0.747670 0.699860
vt 0.569363 0.620672
vt 0.557035 0.610850
vt 0.575604 0.621924
vt 0.568856 0.616412
vt 0.545009 0.575142
vt 0.534054 0.572966
vt 0.625479 0.587349
vt 0.632097 0.585031
vt 0.641907 0.579517
vt 0.480279 0.590620
vt 0.471852 0.597722
vt 0.683198 0.603402
vt 0.687620 0.599695
vt 0.695145 0.593094
vt 0.454949 0.606822
vt 0.444653 0.613277
vt 0.734341 0.639319
vt 0.737164 0.643052
vt 0.744770 0.691125
vt 0.676547 0.600192
vt 0.618314 0.583664
vt 0.576240 0.626112
vt 0.579669 0.625474
vt 0.744011 0.641449
vt 0.747976 0.696918
vt 0.739777 0.635471
vt 0.670001 0.592466
vt 0.611171 0.575009
vt 0.732526 0.862817
vt 0.776006 0.868175
vt 0.780909 0.891771
vt 0.737155 0.888497
vt 0.072440 0.441994
vt 0.375755 0.736859
vt 0.347094 0.721289
vt 0.352093 0.706387
vt 0.377928 0.726797
vt 0.262505 0.661222
vt 0.287552 0.693748
vt 0.249920 0.679162
vt 0.231856 0.650322
vt 0.688892 0.855356
vt 0.681642 0.807927
vt 0.718013 0.810159
vt 0.058556 0.601476
vt 0.059076 0.625087
vt 0.039113 0.617555
vt 0.036322 0.592027
vt 0.380949 0.130447
vt 0.393090 0.168890
vt 0.351346 0.186390
vt 0.351118 0.147923
vt 0.382273 0.679190
vt 0.402099 0.688370
vt 0.219658 0.616311
vt 0.263596 0.612765
vt 0.746652 0.804650
vt 0.151518 0.373128
vt 0.160415 0.395897
vt 0.116521 0.424264
vt 0.152359 0.384553
vt 0.532605 0.700825
vt 0.041117 0.402531
vt 0.036792 0.437441
vt 0.018549 0.440040
vt 0.018549 0.413009
vt 0.375397 0.093935
vt 0.345172 0.110989
vt 0.010716 0.235301
vt 0.011988 0.199281
vt 0.034397 0.199916
vt 0.035890 0.236085
vt 0.344819 0.087660
vt 0.342613 0.076407
vt 0.367555 0.063059
vt 0.371045 0.077299
vt 0.020901 0.557048
vt 0.034522 0.559281
vt 0.019724 0.588780
vt 0.046935 0.378418
vt 0.018035 0.377238
vt 0.326076 0.079576
vt 0.330475 0.049833
vt 0.138508 0.270621
vt 0.119009 0.237899
vt 0.148348 0.247277
vt 0.167868 0.270769
vt 0.150208 0.318348
vt 0.205217 0.315369
vt 0.636195 0.686301
vt 0.064690 0.201581
vt 0.075463 0.237079
vt 0.047471 0.151009
vt 0.047649 0.095959
vt 0.041051 0.454113
vt 0.019468 0.462666
vt 0.436219 0.899641
vt 0.436490 0.949556
vt 0.399200 0.968595
vt 0.387172 0.908050
vt 0.205424 0.382985
vt 0.231067 0.390315
vt 0.220113 0.393027
vt 0.213177 0.341893
vt 0.210154 0.363385
vt 0.770837 0.938657
vt 0.799549 0.886415
vt 0.788269 0.936743
vt 0.795102 0.861978
vt 0.440328 0.854720
vt 0.382073 0.863673
vt 0.390578 0.844257
vt 0.444281 0.838622
vt 0.756944 0.801981
vt 0.462625 0.795333
vt 0.430573 0.789093
vt 0.290020 0.014682
vt 0.275101 0.032360
vt 0.265191 0.014784
vt 0.288896 0.005180
vt 0.250272 0.021529
vt 0.256199 0.038798
vt 0.340824 0.339823
vt 0.284103 0.336603
vt 0.314627 0.529046
vt 0.323842 0.564485
vt 0.262765 0.580904
vt 0.260135 0.560890
vt 0.200028 0.524204
vt 0.171642 0.528876
vt 0.171396 0.511059
vt 0.201117 0.506352
vt 0.208363 0.568500
vt 0.209952 0.582706
vt 0.176989 0.576116
vt 0.180192 0.560214
vt 0.180192 0.614072
vt 0.504960 0.851063
vt 0.492911 0.897111
vt 0.515011 0.893455
vt 0.499155 0.956318
vt 0.467078 0.958350
vt 0.530192 0.849877
vt 0.551788 0.852300
vt 0.571184 0.855604
vt 0.568726 0.882222
vt 0.542488 0.891614
vt 0.148801 0.562701
vt 0.152990 0.545436
vt 0.181020 0.638101
vt 0.173395 0.658172
vt 0.121492 0.645921
vt 0.147157 0.627858
vt 0.058206 0.566041
vt 0.023251 0.618160
vt 0.735689 0.995972
vt 0.718929 0.984138
vt 0.726110 0.923524
vt 0.626715 0.839753
vt 0.687169 0.877912
vt 0.629911 0.868160
vt 0.571667 0.831717
vt 0.572545 0.810975
vt 0.595722 0.807899
vt 0.594496 0.832869
vt 0.626400 0.805464
vt 0.758195 0.993353
vt 0.550964 0.833339
vt 0.552579 0.807398
vt 0.494875 0.730311
vt 0.479477 0.758458
vt 0.457545 0.746849
vt 0.479689 0.720286
vt 0.528096 0.829687
vt 0.533667 0.804665
vt 0.530777 0.720720
vt 0.528204 0.741985
vt 0.502463 0.717390
vt 0.551110 0.699104
vt 0.551427 0.714727
vt 0.753269 0.640866
vt 0.556122 0.772487
vt 0.575624 0.766329
vt 0.595636 0.770645
vt 0.564805 0.732128
vt 0.542363 0.774420
vt 0.552082 0.735570
vt 0.510283 0.828786
vt 0.514028 0.801834
vt 0.521420 0.772019
vt 0.624916 0.770731
vt 0.670515 0.764577
vt 0.722143 0.758535
vt 0.731977 0.755195
vt 0.312756 0.112994
vt 0.318419 0.090814
vt 0.315230 0.167641
vt 0.053545 0.101075
vt 0.060258 0.145707
vt 0.234539 0.243339
vt 0.291353 0.206969
vt 0.080260 0.190900
vt 0.846262 0.501354
vt 0.829951 0.517355
vt 0.813743 0.484837
vt 0.836557 0.465325
vt 0.671690 0.494902
vt 0.676283 0.534131
vt 0.613361 0.487107
vt 0.617491 0.449014
vt 0.746536 0.427334
vt 0.770693 0.420830
vt 0.778126 0.458718
vt 0.775338 0.475235
vt 0.793507 0.412983
vt 0.797637 0.435385
vt 0.799701 0.349183
vt 0.796296 0.339790
vt 0.821898 0.336073
vt 0.826543 0.344538
vt 0.793094 0.511678
vt 0.802695 0.565669
vt 0.781017 0.527680
vt 0.558180 0.293642
vt 0.555083 0.299734
vt 0.523854 0.271551
vt 0.528810 0.273615
vt 0.537172 0.383148
vt 0.520809 0.343816
vt 0.525920 0.340305
vt 0.541922 0.371380
vt 0.530617 0.332821
vt 0.549457 0.357132
vt 0.802385 0.452007
vt 0.826130 0.438895
vt 0.579293 0.222203
vt 0.589100 0.238980
vt 0.558748 0.238617
vt 0.550800 0.225198
vt 0.863140 0.276609
vt 0.820814 0.270569
vt 0.825924 0.229636
vt 0.873826 0.259471
vt 0.787004 0.218281
vt 0.763878 0.212395
vt 0.772344 0.203207
vt 0.795056 0.207853
vt 0.746639 0.208576
vt 0.753246 0.195981
vt 0.797792 0.266647
vt 0.807032 0.223338
vt 0.794024 0.128361
vt 0.808683 0.124439
vt 0.817769 0.126503
vt 0.788863 0.133213
vt 0.901699 0.148906
vt 0.888484 0.156648
vt 0.883529 0.145085
vt 0.893131 0.138478
vt 0.774306 0.167797
vt 0.749943 0.176676
vt 0.749633 0.163152
vt 0.774100 0.154273
vt 0.611984 0.171652
vt 0.614910 0.176367
vt 0.600870 0.182147
vt 0.641235 0.167247
vt 0.629053 0.174715
vt 0.625646 0.167179
vt 0.630808 0.165630
vt 0.671586 0.161741
vt 0.655584 0.169863
vt 0.652177 0.161397
vt 0.660333 0.160056
vt 0.697085 0.156442
vt 0.706376 0.150661
vt 0.707994 0.156614
vt 0.728675 0.167488
vt 0.718352 0.181425
vt 0.710815 0.170999
vt 0.748807 0.153344
vt 0.744058 0.150764
vt 0.772448 0.132801
vt 0.772138 0.142298
vt 0.868353 0.127845
vt 0.888589 0.127227
vt 0.821278 0.117213
vt 0.835318 0.110501
vt 0.695639 0.173580
vt 0.809096 0.150764
vt 0.789276 0.152312
vt 0.726713 0.156442
vt 0.875271 0.158506
vt 0.863089 0.151900
vt 0.851527 0.143021
vt 0.603243 0.188651
vt 0.621825 0.186070
vt 0.634525 0.184728
vt 0.644331 0.172237
vt 0.646810 0.181425
vt 0.658682 0.178948
vt 0.675199 0.166765
vt 0.679019 0.178534
vt 0.690787 0.163152
vt 0.709679 0.160882
vt 0.794334 0.124439
vt 0.803316 0.118968
vt 0.968080 0.105237
vt 0.969113 0.110088
vt 0.949498 0.115560
vt 0.944335 0.108746
vt 0.932257 0.122890
vt 0.939586 0.126090
vt 0.935664 0.134968
vt 0.927612 0.134556
vt 0.934219 0.152003
vt 0.925237 0.149525
vt 0.896331 0.122168
vt 0.900874 0.132905
vt 0.910370 0.140440
vt 0.811781 0.070756
vt 0.804864 0.069619
vt 0.805276 0.061051
vt 0.812194 0.058780
vt 0.811471 0.049695
vt 0.801353 0.052689
vt 0.785146 0.031836
vt 0.791134 0.028223
vt 0.899840 0.119070
vt 0.877129 0.119689
vt 0.891170 0.113289
vt 0.799289 0.016660
vt 0.820763 0.034830
vt 0.839137 0.055064
vt 0.838209 0.043708
vt 0.845952 0.041024
vt 0.851732 0.052172
vt 0.864844 0.046392
vt 0.854521 0.033280
vt 0.868251 0.010156
vt 0.875064 0.020995
vt 0.859373 0.100591
vt 0.870419 0.103275
vt 0.865567 0.115354
vt 0.850804 0.112567
vt 0.888692 0.018312
vt 0.881671 0.039785
vt 0.896848 0.057129
vt 0.895917 0.071169
vt 0.881156 0.067451
vt 0.887143 0.056302
vt 0.911507 0.071169
vt 0.907584 0.052895
vt 0.921521 0.040714
vt 0.924618 0.054753
vt 0.821485 0.105443
vt 0.831292 0.103275
vt 0.934529 0.052793
vt 0.926991 0.070240
vt 0.946091 0.093260
vt 0.932361 0.103482
vt 0.936077 0.090473
vt 0.967460 0.091918
vt 0.794128 0.117831
vt 0.799495 0.112876
vt 0.944956 0.128982
vt 0.943097 0.136001
vt 0.942065 0.150661
vt 0.906241 0.129084
vt 0.904590 0.120207
vt 0.916565 0.134350
vt 0.798359 0.068072
vt 0.799082 0.061773
vt 0.781017 0.036274
vt 0.794643 0.054651
vt 0.898705 0.106888
vt 0.906964 0.109159
vt 0.837589 0.034313
vt 0.843268 0.030804
vt 0.849771 0.021098
vt 0.860405 0.006130
vt 0.862366 0.093055
vt 0.871245 0.094397
vt 0.892615 0.046702
vt 0.899840 0.046702
vt 0.907377 0.042160
vt 0.916565 0.034107
vt 0.824684 0.098010
vt 0.830776 0.096772
vt 0.942375 0.082421
vt 0.949498 0.083763
vt 0.964157 0.082937
vt 0.926166 0.079325
vt 0.934219 0.073956
vt 0.937626 0.080666
vt 0.930398 0.087273
vt 0.922862 0.095119
vt 0.914810 0.082834
vt 0.687588 0.158713
vt 0.676851 0.156854
vt 0.954039 0.120515
vt 0.948465 0.125265
vt 0.944026 0.120826
vt 0.938245 0.115560
vt 0.715151 0.154067
vt 0.882084 0.050728
vt 0.888898 0.043192
vt 0.871968 0.058367
vt 0.643919 0.163152
vt 0.830776 0.041024
vt 0.831601 0.032559
vt 0.825615 0.053722
vt 0.616251 0.169037
vt 0.637982 0.196394
vt 0.800322 0.080873
vt 0.795160 0.076744
vt 0.806412 0.087376
vt 0.585591 0.168934
vt 0.598908 0.176676
vt 0.579706 0.173683
vt 0.578158 0.183800
vt 0.604069 0.197221
vt 0.639014 0.205427
vt 0.602933 0.208886
vt 0.845848 0.163463
vt 0.867321 0.170585
vt 0.862469 0.189891
vt 0.834390 0.184419
vt 0.817871 0.177811
vt 0.817459 0.161294
vt 0.794953 0.178019
vt 0.792372 0.164392
vt 0.779158 0.180392
vt 0.718352 0.194433
vt 0.680773 0.189477
vt 0.681394 0.198665
vt 0.542232 0.204654
vt 0.556685 0.191027
vt 0.576403 0.195878
vt 0.566802 0.209505
vt 0.562259 0.175438
vt 0.564943 0.167901
vt 0.571794 0.166096
vt 0.802283 0.103069
vt 0.791753 0.098319
vt 0.781325 0.122065
vt 0.783493 0.114734
vt 0.935560 0.066214
vt 0.669005 0.156442
vt 0.890239 0.034519
vt 0.638241 0.159952
vt 0.824479 0.024609
vt 0.607372 0.167591
vt 0.603656 0.170999
vt 0.725785 0.150145
vt 0.884768 0.105443
vt 0.894782 0.099352
vt 0.848223 0.095635
vt 0.855036 0.088100
vt 0.845022 0.121444
vt 0.812194 0.105443
vt 0.815910 0.094913
vt 0.969938 0.116386
vt 0.941445 0.053206
vt 0.896022 0.019653
vt 0.807755 0.010259
vt 0.787417 0.091815
vt 0.793507 0.105753
vt 0.951149 0.129808
vt 0.950117 0.136930
vt 0.948155 0.146325
vt 0.921004 0.128878
vt 0.790618 0.055477
vt 0.781120 0.044431
vt 0.910680 0.101829
vt 0.836144 0.025641
vt 0.845642 0.019448
vt 0.853591 0.006646
vt 0.871037 0.089544
vt 0.897570 0.038132
vt 0.904177 0.037719
vt 0.912538 0.031112
vt 0.827678 0.091197
vt 0.949910 0.078086
vt 0.960854 0.078291
vt 0.940104 0.066627
vt 0.942375 0.075091
vt 0.955692 0.124336
vt 0.895299 0.032868
vt 0.828196 0.021616
vt 0.789378 0.074575
vt 0.792681 0.064872
vt 0.963951 0.122581
vt 0.945058 0.057644
vt 0.899531 0.021719
vt 0.815290 0.010363
vt 0.784114 0.086138
vt 0.752523 0.254464
vt 0.730327 0.239702
vt 0.778280 0.263756
vt 0.539030 0.215699
vt 0.828505 0.216423
vt 0.866290 0.226023
vt 0.813535 0.211157
vt 0.719075 0.205583
vt 0.709679 0.224784
vt 0.680568 0.208061
vt 0.852353 0.208369
vt 0.837487 0.197633
vt 0.817356 0.186793
vt 0.786384 0.191646
vt 0.796914 0.188136
vt 0.832325 0.208576
vt 0.815703 0.200008
vt 0.521583 0.209402
vt 0.621310 0.315942
vt 0.626987 0.302108
vt 0.632357 0.304895
vt 0.635866 0.318935
vt 0.816839 0.311192
vt 0.793920 0.310677
vt 0.776681 0.350939
vt 0.776783 0.336280
vt 0.727953 0.382839
vt 0.720726 0.355998
vt 0.748187 0.357855
vt 0.756032 0.379948
vt 0.780499 0.379536
vt 0.659920 0.381290
vt 0.653003 0.426714
vt 0.621000 0.410610
vt 0.628227 0.373857
vt 0.610161 0.508270
vt 0.585899 0.484010
vt 0.591784 0.458305
vt 0.595397 0.420726
vt 0.598391 0.384800
vt 0.603346 0.357959
vt 0.649494 0.292198
vt 0.652075 0.314186
vt 0.663121 0.265460
vt 0.631324 0.268556
vt 0.639092 0.236347
vt 0.678399 0.234386
vt 0.858960 0.323065
vt 0.861851 0.307890
vt 0.800114 0.196910
vt 0.815084 0.399046
vt 0.807238 0.376335
vt 0.820040 0.411539
vt 0.745606 0.346087
vt 0.716700 0.336693
vt 0.639634 0.213790
vt 0.608095 0.217352
vt 0.612483 0.334111
vt 0.594908 0.330730
vt 0.600766 0.315374
vt 0.721861 0.503108
vt 0.736212 0.540067
vt 0.738895 0.298082
vt 0.715358 0.281357
vt 0.768627 0.309850
vt 0.550697 0.252865
vt 0.573099 0.266802
vt 0.716494 0.310367
vt 0.690220 0.287551
vt 0.696362 0.255033
vt 0.864740 0.331736
vt 0.744265 0.327608
vt 0.700285 0.376799
vt 0.685419 0.348668
vt 0.509866 0.281409
vt 0.543806 0.311503
vt 0.777403 0.362191
vt 0.833976 0.346809
vt 0.866806 0.335659
vt 0.876613 0.344641
vt 0.849565 0.361469
vt 0.803211 0.357443
vt 0.609438 0.239753
vt 0.599836 0.270828
vt 0.698428 0.438895
vt 0.732598 0.429811
vt 0.582492 0.308819
vt 0.575060 0.320277
vt 0.595500 0.300249
vt 0.609954 0.304431
vt 0.615838 0.287655
vt 0.633079 0.287139
vt 0.561690 0.337725
vt 0.637311 0.340769
vt 0.687640 0.321516
vt 0.683613 0.565927
vt 0.755207 0.580743
vt 0.830569 0.143950
vt 0.861541 0.160675
vt 0.846570 0.158713
vt 0.826543 0.154481
vt 0.804553 0.159746
vt 0.790204 0.162119
vt 0.580893 0.348977
vt 0.561278 0.279655
vt 0.656617 0.342370
vt 0.572893 0.367612
vt 0.559885 0.418094
vt 0.553793 0.430276
vt 0.535417 0.259678
vt 0.295742 0.016215
vt 0.296662 0.004873
vt 0.148899 0.488830
vt 0.145040 0.509625
vt 0.171290 0.498458
vt 0.201642 0.497651
vt 0.234161 0.486085
vt 0.237850 0.494694
vt 0.594122 0.859385
vt 0.592985 0.877455
vt 0.628832 0.881322
vt 0.677132 0.899648
vt 0.250871 0.530660
vt 0.145412 0.528227
vt 0.146973 0.597581
vt 0.110241 0.490991
vt 0.101560 0.537582
vt 0.106673 0.503610
vt 0.096217 0.610524
vt 0.093234 0.582525
vt 0.046271 0.474229
vt 0.021377 0.485598
vt 0.072950 0.414880
vt 0.659799 0.927941
vt 0.618305 0.905513
vt 0.588286 0.906407
vt 0.569540 0.917033
vt 0.528709 0.941980
vt 0.279441 0.369044
vt 0.270181 0.378704
vt 0.696648 0.968405
vt 0.280108 0.489421
vt 0.258511 0.465178
vt 0.249091 0.446906
vt 0.288560 0.406169
vt 0.289965 0.439647
vt 0.265704 0.429900
vt 0.271424 0.401850
vt 0.250613 0.425349
vt 0.251757 0.409135
vt 0.566957 0.386916
vt 0.281642 0.046462
vt 0.266417 0.079057
vt 0.270709 0.050549
vt 0.829124 0.375561
vt 0.235352 0.044623
vt 0.233923 0.022347
vt 0.887659 0.472242
vt 0.871142 0.472654
vt 0.857204 0.465531
vt 0.883942 0.453659
vt 0.860405 0.497740
vt 0.854418 0.447775
vt 0.878780 0.430638
vt 0.208581 0.050958
vt 0.204495 0.026331
vt 0.848533 0.422378
vt 0.877439 0.413912
vt 0.182117 0.025207
vt 0.186714 0.050549
vt 0.489891 0.289927
vt 0.473992 0.297668
vt 0.087607 0.042917
vt 0.075854 0.023239
vt 0.848223 0.395020
vt 0.882704 0.391613
vt 0.155651 0.022755
vt 0.155548 0.042681
vt 0.135623 0.019996
vt 0.137564 0.038899
vt 0.103539 0.040023
vt 0.109566 0.016215
vt 0.865257 0.378916
vt 0.887040 0.384387
vt 0.883737 0.352281
vt 0.898705 0.358991
vt 0.762743 0.487726
vt 0.700863 0.734034
vt 0.698921 0.762140
vt 0.683844 0.733960
vt 0.662319 0.734340
vt 0.628341 0.731741
vt 0.632102 0.701696
vt 0.657671 0.704609
vt 0.603788 0.726020
vt 0.582439 0.729514
vt 0.708607 0.729695
vt 0.313843 0.461251
vt 0.314686 0.418540
vt 0.390053 0.337102
vt 0.374884 0.296901
vt 0.430796 0.337396
vt 0.425209 0.292964
vt 0.318434 0.705719
vt 0.303111 0.676704
vt 0.432541 0.020643
vt 0.435619 0.040979
vt 0.420501 0.037232
vt 0.421170 0.020643
vt 0.403645 0.015293
vt 0.403108 0.024791
vt 0.375594 0.014668
vt 0.378529 0.010274
vt 0.429465 0.049408
vt 0.417557 0.041113
vt 0.399763 0.029206
vt 0.402445 0.004853
vt 0.400168 0.004997
vt 0.419423 0.007100
vt 0.411422 0.004353
vt 0.426616 0.005649
vt 0.411939 0.043118
vt 0.420234 0.057166
vt 0.397624 0.062652
vt 0.394280 0.051279
vt 0.383174 0.037232
vt 0.393209 0.032016
vt 0.373207 0.018770
vt 0.625228 0.119654
vt 0.628775 0.138020
vt 0.616234 0.131308
vt 0.616362 0.117500
vt 0.600657 0.114335
vt 0.599263 0.121301
vt 0.583389 0.114208
vt 0.585647 0.111864
vt 0.625100 0.147139
vt 0.615094 0.137640
vt 0.597742 0.125227
vt 0.582022 0.133743
vt 0.580686 0.116874
vt 0.587611 0.129660
vt 0.586671 0.148261
vt 0.581209 0.131487
vt 0.594957 0.144099
vt 0.585653 0.146479
vt 0.599263 0.153218
vt 0.590306 0.156053
vt 0.611803 0.139034
vt 0.618769 0.152206
vt 0.594322 0.126748
vt 0.268011 0.206691
vt 0.247236 0.195922
vt 0.255090 0.186928
vt 0.273459 0.197316
vt 0.281059 0.186295
vt 0.270417 0.179074
vt 0.291489 0.167799
vt 0.293030 0.172234
vt 0.241280 0.187182
vt 0.250783 0.181987
vt 0.266110 0.174640
vt 0.250021 0.176287
vt 0.239127 0.179580
vt 0.242674 0.165265
vt 0.253063 0.164632
vt 0.267505 0.164380
vt 0.265603 0.171094
vt 0.289736 0.163366
vt 0.270925 0.157411
vt 0.256735 0.152851
vt 0.244574 0.150445
vt 0.256186 0.727392
vt 0.242414 0.714981
vt 0.252639 0.711060
vt 0.263659 0.722134
vt 0.273561 0.716365
vt 0.266319 0.707561
vt 0.283104 0.702395
vt 0.284290 0.706897
vt 0.240649 0.707815
vt 0.250116 0.706459
vt 0.262560 0.703563
vt 0.250014 0.701924
vt 0.238972 0.699651
vt 0.246430 0.688859
vt 0.254456 0.692790
vt 0.266579 0.694540
vt 0.262952 0.699455
vt 0.282810 0.698350
vt 0.270477 0.689587
vt 0.259480 0.686814
vt 0.250183 0.683214
vt 0.043462 0.668655
vt 0.036388 0.677587
vt 0.020096 0.668798
vt 0.030242 0.658079
vt 0.050967 0.658221
vt 0.042390 0.650646
vt 0.055920 0.641594
vt 0.058469 0.645502
vt 0.015664 0.660794
vt 0.026241 0.654933
vt 0.038533 0.647215
vt 0.025097 0.650074
vt 0.013379 0.653077
vt 0.014806 0.641643
vt 0.024954 0.641356
vt 0.037961 0.638354
vt 0.037532 0.643215
vt 0.054182 0.637570
vt 0.038533 0.633638
vt 0.025241 0.634640
vt 0.014522 0.634926
vt 0.914087 0.119276
vt 0.901596 0.095223
vt 0.862366 0.087015
vt 0.819679 0.090629
vt 0.787881 0.109263
vt 0.701567 0.700240
vt 0.416339 0.632174
vt 0.356945 0.221122
vt 0.405762 0.208265
vt 0.047373 0.353715
vt 0.083419 0.353317
vt 0.017112 0.359246
vt 0.085343 0.271125
vt 0.038246 0.270954
vt 0.010983 0.271268
vt 0.089387 0.318985
vt 0.045957 0.319429
vt 0.014825 0.321032
vt 0.339619 0.646882
vt 0.329991 0.613280
vt 0.368598 0.581453
vt 0.377234 0.608978
vt 0.293053 0.356809
vt 0.210452 0.332812
vt 0.357924 0.518839
vt 0.358640 0.440663
vt 0.149767 0.336340
vt 0.370881 0.483123
vt 0.389927 0.507047
vt 0.424879 0.515050
vt 0.358076 0.387730
vt 0.392744 0.419956
vt 0.428764 0.428737
vt 0.690929 0.703590
vt 0.699594 0.713452
vt 0.702038 0.721337
vt 0.691863 0.717667
vt 0.563369 0.712339
vt 0.563332 0.698120
vt 0.490990 0.712610
vt 0.678560 0.712130
vt 0.091979 0.118902
vt 0.085203 0.120071
vt 0.084853 0.116917
vt 0.090460 0.113996
vt 0.115111 0.129065
vt 0.120718 0.122524
vt 0.120718 0.123576
vt 0.120134 0.131051
vt 0.203632 0.080912
vt 0.211984 0.077933
vt 0.209939 0.081029
vt 0.107516 0.139989
vt 0.105998 0.129649
vt 0.121360 0.142033
vt 0.213444 0.090607
vt 0.207018 0.085467
vt 0.217533 0.080912
vt 0.221973 0.085467
vt 0.092211 0.126145
vt 0.085436 0.127431
vt 0.098638 0.127197
vt 0.096068 0.117034
vt 0.097236 0.115515
vt 0.104246 0.122291
vt 0.123697 0.125854
vt 0.178280 0.070865
vt 0.185057 0.075421
vt 0.179303 0.076385
vt 0.103544 0.124918
vt 0.168790 0.121531
vt 0.175274 0.130468
vt 0.150040 0.134557
vt 0.149836 0.125911
vt 0.140286 0.125503
vt 0.136722 0.134556
vt 0.138474 0.215750
vt 0.144082 0.215633
vt 0.143382 0.221356
vt 0.141044 0.221590
vt 0.129245 0.214580
vt 0.124222 0.216566
vt 0.121593 0.205469
vt 0.135788 0.206403
vt 0.219084 0.159907
vt 0.215461 0.156754
vt 0.224048 0.155352
vt 0.220835 0.161427
vt 0.118556 0.221707
vt 0.118498 0.225796
vt 0.116571 0.223460
vt 0.117213 0.216100
vt 0.125975 0.218904
vt 0.120834 0.221298
vt 0.148989 0.219195
vt 0.158744 0.213996
vt 0.156290 0.218027
vt 0.189702 0.217093
vt 0.185321 0.209032
vt 0.195835 0.209558
vt 0.198054 0.220655
vt 0.178311 0.222058
vt 0.172354 0.216041
vt 0.159386 0.219663
vt 0.170836 0.220655
vt 0.126443 0.217501
vt 0.173756 0.121006
vt 0.197120 0.224044
vt 0.189818 0.223752
vt 0.192097 0.129358
vt 0.204948 0.126263
vt 0.215578 0.132688
vt 0.197354 0.138177
vt 0.190053 0.122057
vt 0.204012 0.118669
vt 0.201995 0.084534
vt 0.205617 0.070164
vt 0.202755 0.069551
vt 0.206084 0.058130
vt 0.210349 0.070309
vt 0.111693 0.120334
vt 0.108481 0.120070
vt 0.110905 0.107337
vt 0.115635 0.118171
vt 0.133218 0.129299
vt 0.150827 0.069462
vt 0.169343 0.072121
vt 0.163794 0.074311
vt 0.149893 0.073317
vt 0.105063 0.119107
vt 0.222587 0.177782
vt 0.215170 0.170538
vt 0.219842 0.168670
vt 0.222237 0.168319
vt 0.129245 0.233273
vt 0.128690 0.223926
vt 0.133276 0.224307
vt 0.136285 0.226410
vt 0.196068 0.174393
vt 0.204481 0.165748
vt 0.203078 0.172173
vt 0.126530 0.224131
vt 0.217215 0.219370
vt 0.214410 0.213647
vt 0.221187 0.215049
vt 0.221887 0.222641
vt 0.210789 0.204535
vt 0.226034 0.207162
vt 0.174691 0.207806
vt 0.163767 0.175971
vt 0.142447 0.174978
vt 0.158802 0.170304
vt 0.159588 0.081029
vt 0.132193 0.079510
vt 0.180383 0.084534
vt 0.193584 0.084299
vt 0.195803 0.077875
vt 0.152961 0.142735
vt 0.177728 0.141449
vt 0.131376 0.073201
vt 0.195803 0.073668
vt 0.093615 0.116566
vt 0.093847 0.114463
vt 0.095950 0.138236
vt 0.218584 0.076588
vt 0.145133 0.206987
vt 0.181671 0.171502
vt 0.180824 0.166624
vt 0.203429 0.162711
vt 0.175742 0.183272
vt 0.181934 0.177899
vt 0.216746 0.161075
vt 0.208687 0.164698
vt 0.220835 0.161659
vt 0.160262 0.206578
vt 0.198491 0.077757
vt 0.113008 0.215515
vt 0.114059 0.205820
vt 0.114759 0.226381
vt 0.113826 0.223050
vt 0.117181 0.070397
vt 0.137891 0.143260
vt 0.086137 0.137945
vt 0.139176 0.185491
vt 0.160438 0.184673
vt 0.217098 0.151846
vt 0.224224 0.152314
vt 0.133801 0.187011
vt 0.126675 0.183505
vt 0.154681 0.107665
vt 0.156784 0.095280
vt 0.178513 0.095515
vt 0.181434 0.105212
vt 0.197557 0.092710
vt 0.200244 0.098785
vt 0.122030 0.091016
vt 0.119284 0.101882
vt 0.090662 0.083832
vt 0.085522 0.092945
vt 0.100709 0.073319
vt 0.091512 0.174628
vt 0.099338 0.171239
vt 0.112657 0.183505
vt 0.102260 0.187828
vt 0.118615 0.175211
vt 0.160087 0.153366
vt 0.129304 0.157278
vt 0.175391 0.151788
vt 0.205883 0.152664
vt 0.097936 0.166098
vt 0.091277 0.159673
vt 0.108654 0.072032
vt 0.210673 0.121822
vt 0.211256 0.113879
vt 0.218850 0.124626
vt 0.220221 0.078926
vt 0.194551 0.177547
vt 0.755747 0.596915
vt 0.745633 0.597222
vt 0.739879 0.591861
vt 0.752750 0.589941
vt 0.788406 0.597009
vt 0.786550 0.587548
vt 0.806594 0.588924
vt 0.807481 0.599293
vt 0.749754 0.612752
vt 0.737272 0.606577
vt 0.741011 0.603648
vt 0.752814 0.609095
vt 0.803644 0.627949
vt 0.783560 0.624222
vt 0.785333 0.620405
vt 0.805510 0.621314
vt 0.736326 0.592681
vt 0.738525 0.597220
vt 0.734835 0.605672
vt 0.738128 0.602023
vt 0.756644 0.603465
vt 0.745338 0.600737
vt 0.788868 0.606072
vt 0.807577 0.608694
vt 0.756240 0.604980
vt 0.745871 0.602399
vt 0.787958 0.612150
vt 0.806791 0.614661
vt 0.770231 0.597693
vt 0.767792 0.589858
vt 0.765518 0.619154
vt 0.768104 0.615599
vt 0.770665 0.605815
vt 0.770749 0.610281
vt 0.826363 0.598574
vt 0.825086 0.587546
vt 0.826707 0.619909
vt 0.826287 0.625418
vt 0.827236 0.607590
vt 0.827040 0.613458
vt 0.840506 0.597226
vt 0.841184 0.587497
vt 0.844095 0.616380
vt 0.843875 0.622951
vt 0.843185 0.604953
vt 0.842398 0.610918
vt 0.509874 0.231491
vt 0.511308 0.267884
vt 0.467872 0.270851
vt 0.465189 0.230243
vt 0.436533 0.268589
vt 0.434386 0.222368
vt 0.431411 0.145335
vt 0.462920 0.160473
vt 0.431300 0.113039
vt 0.465602 0.123665
vt 0.430194 0.091119
vt 0.465812 0.095872
vt 0.510545 0.169326
vt 0.507116 0.134155
vt 0.505737 0.098525
vt 0.924856 0.242006
vt 0.938026 0.183112
vt 0.964031 0.196283
vt 0.957190 0.244738
vt 0.958942 0.297893
vt 0.991851 0.298833
vt 0.994989 0.340663
vt 0.954021 0.340293
vt 0.986513 0.160133
vt 0.987029 0.183098
vt 0.958620 0.174695
vt 0.908148 0.236320
vt 0.907461 0.184647
vt 0.923153 0.341495
vt 0.910060 0.338902
vt 0.908886 0.293085
vt 0.923411 0.295699
vt 0.921669 0.162199
vt 0.988838 0.235798
vt 0.328859 0.820763
vt 0.332090 0.785389
vt 0.379771 0.782417
vt 0.378066 0.818533
vt 0.159638 0.774422
vt 0.174459 0.806521
vt 0.151195 0.811950
vt 0.126120 0.776911
vt 0.243429 0.813511
vt 0.200612 0.809447
vt 0.196430 0.773669
vt 0.251633 0.779276
vt 0.284492 0.815055
vt 0.291365 0.781968
vt 0.094204 0.782069
vt 0.128239 0.815726
vt 0.111457 0.816358
vt 0.069137 0.782648
vt 0.049698 0.739443
vt 0.085805 0.734993
vt 0.381302 0.741940
vt 0.330632 0.740370
vt 0.289167 0.737539
vt 0.130345 0.735370
vt 0.186244 0.732168
vt 0.252279 0.736663
vt 0.010676 0.751250
vt 0.377414 0.845059
vt 0.327599 0.842527
vt 0.159648 0.840873
vt 0.180438 0.837939
vt 0.201203 0.837684
vt 0.248650 0.839569
vt 0.285659 0.841512
vt 0.130473 0.846074
vt 0.142538 0.846427
vt 0.574908 0.039560
vt 0.604606 0.045050
vt 0.588379 0.077061
vt 0.565358 0.073268
vt 0.548363 0.028949
vt 0.546077 0.060282
vt 0.521459 0.057293
vt 0.517114 0.029944
vt 0.483705 0.030949
vt 0.489944 0.051663
vt 0.468636 0.052349
vt 0.462550 0.035788
vt 0.650191 0.047782
vt 0.715108 0.049923
vt 0.709315 0.078231
vt 0.642039 0.076111
vt 0.758923 0.048760
vt 0.757925 0.078095
vt 0.616249 0.009210
vt 0.654634 0.009405
vt 0.475551 0.006513
vt 0.511516 0.004981
vt 0.552925 0.008266
vt 0.590391 0.008204
vt 0.448700 0.012626
vt 0.717268 0.007202
vt 0.761869 0.007715
vt 0.565929 0.097605
vt 0.580223 0.103749
vt 0.533633 0.090212
vt 0.466502 0.078930
vt 0.492587 0.079058
vt 0.519697 0.084764
vt 0.550182 0.096682
vt 0.664880 0.105508
vt 0.733709 0.106609
vt 0.605395 0.103603
vt 0.757072 0.106144
vt 0.701495 0.107614
vt 0.629366 0.103464
vt 0.646950 0.942022
vt 0.649117 0.949655
vt 0.637727 0.955589
vt 0.635016 0.948627
vt 0.595075 0.967576
vt 0.582667 0.969574
vt 0.583298 0.958995
vt 0.592886 0.957046
vt 0.564312 0.969815
vt 0.566708 0.958931
vt 0.625157 0.937586
vt 0.619103 0.946024
vt 0.605923 0.945283
vt 0.614664 0.932308
vt 0.535821 0.953962
vt 0.544373 0.945068
vt 0.550031 0.950142
vt 0.548961 0.956094
vt 0.619884 0.956482
vt 0.604676 0.958645
vt 0.592571 0.952147
vt 0.565875 0.947561
vt 0.579715 0.948170
vt 0.856436 0.753654
vt 0.865486 0.767384
vt 0.852847 0.768031
vt 0.848519 0.760550
vt 0.826283 0.766120
vt 0.833761 0.763560
vt 0.833734 0.768253
vt 0.829979 0.773036
vt 0.901359 0.682378
vt 0.896300 0.693545
vt 0.882805 0.686214
vt 0.887189 0.680287
vt 0.912264 0.914696
vt 0.909162 0.905170
vt 0.918683 0.906093
vt 0.902486 0.913378
vt 0.904490 0.922403
vt 0.923138 0.916515
vt 0.922114 0.920902
vt 0.841607 0.770680
vt 0.848009 0.777164
vt 0.839895 0.777940
vt 0.838832 0.770949
vt 0.610997 0.970729
vt 0.614527 0.987359
vt 0.598234 0.989576
vt 0.898599 0.746440
vt 0.905149 0.735779
vt 0.919739 0.749090
vt 0.919178 0.771092
vt 0.852812 0.773545
vt 0.865026 0.776626
vt 0.922043 0.910528
vt 0.838856 0.755556
vt 0.840943 0.763159
vt 0.836012 0.760605
vt 0.819307 0.771546
vt 0.822151 0.783176
vt 0.843586 0.769459
vt 0.842798 0.765948
vt 0.825318 0.758563
vt 0.880937 0.683545
vt 0.875383 0.690061
vt 0.875384 0.685060
vt 0.862667 0.687345
vt 0.861624 0.693375
vt 0.840752 0.693015
vt 0.839104 0.688544
vt 0.889680 0.626079
vt 0.885574 0.628749
vt 0.880150 0.615278
vt 0.884729 0.615717
vt 0.891111 0.642780
vt 0.894244 0.622920
vt 0.897794 0.643475
vt 0.887028 0.646242
vt 0.889319 0.667865
vt 0.886357 0.666161
vt 0.881329 0.666399
vt 0.885773 0.678893
vt 0.880033 0.676972
vt 0.853118 0.557589
vt 0.882468 0.547166
vt 0.887299 0.559246
vt 0.866655 0.572451
vt 0.787692 0.685341
vt 0.794160 0.673164
vt 0.807255 0.680254
vt 0.800412 0.693495
vt 0.860367 0.713901
vt 0.836104 0.709087
vt 0.771243 0.711423
vt 0.763427 0.703057
vt 0.775001 0.699658
vt 0.780186 0.706360
vt 0.773942 0.684895
vt 0.783172 0.692183
vt 0.774113 0.695952
vt 0.885589 0.755089
vt 0.910182 0.792034
vt 0.879873 0.780365
vt 0.876876 0.764510
vt 0.826840 0.754848
vt 0.842034 0.748781
vt 0.935369 0.899294
vt 0.931395 0.891795
vt 0.930462 0.885095
vt 0.777053 0.678329
vt 0.793839 0.712636
vt 0.790818 0.699949
vt 0.816337 0.701553
vt 0.916749 0.924879
vt 0.894542 0.723808
vt 0.869475 0.733818
vt 0.818002 0.760288
vt 0.888744 0.809500
vt 0.875190 0.793207
vt 0.807849 0.764534
vt 0.807590 0.778099
vt 0.809835 0.793130
vt 0.813548 0.722977
vt 0.797785 0.736167
vt 0.781563 0.721255
vt 0.833140 0.734277
vt 0.807946 0.752778
vt 0.762843 0.697865
vt 0.871929 0.672442
vt 0.876279 0.676756
vt 0.917810 0.566487
vt 0.916041 0.576527
vt 0.837496 0.675787
vt 0.784204 0.663834
vt 0.796221 0.669268
vt 0.784238 0.668046
vt 0.777016 0.662763
vt 0.807879 0.677648
vt 0.826309 0.686489
vt 0.824255 0.688312
vt 0.939252 0.578611
vt 0.938692 0.567168
vt 0.812053 0.668952
vt 0.543368 0.967019
vt 0.530407 0.963050
vt 0.522086 0.955181
vt 0.528267 0.949027
vt 0.928704 0.806833
vt 0.945615 0.820611
vt 0.936190 0.843298
vt 0.910078 0.828728
vt 0.645792 0.932597
vt 0.517475 0.970691
vt 0.582800 0.992286
vt 0.560855 0.995716
vt 0.878043 0.969835
vt 0.908582 0.948758
vt 0.922684 0.957070
vt 0.920109 0.971632
vt 0.529867 0.987292
vt 0.890491 0.859469
vt 0.895873 0.866138
vt 0.883766 0.890303
vt 0.858887 0.895721
vt 0.911541 0.853876
vt 0.915124 0.863461
vt 0.928770 0.862571
vt 0.923725 0.868904
vt 0.964258 0.921308
vt 0.968641 0.939801
vt 0.954382 0.934244
vt 0.626819 0.979968
vt 0.623427 0.969694
vt 0.641711 0.968560
vt 0.976134 0.889561
vt 0.978048 0.914763
vt 0.967893 0.906569
vt 0.953752 0.892582
vt 0.650148 0.959854
vt 0.534959 0.948082
vt 0.850292 0.862596
vt 0.881290 0.845964
vt 0.945118 0.880428
vt 0.967631 0.860654
vt 0.653914 0.935886
vt 0.662001 0.936948
vt 0.665024 0.944174
vt 0.882481 0.647027
vt 0.825728 0.796783
vt 0.819223 0.821536
vt 0.791544 0.659673
vt 0.921574 0.987056
vt 0.885056 0.991486
vt 0.997357 0.923896
vt 0.981078 0.949769
vt 0.999209 0.896807
vt 0.948604 0.728478
vt 0.958353 0.692934
vt 0.978551 0.702510
vt 0.970771 0.733691
vt 0.991670 0.865761
vt 0.929382 0.706184
vt 0.942827 0.667101
vt 0.972987 0.659817
vt 0.987290 0.663521
vt 0.843582 0.788421
vt 0.848170 0.797763
vt 0.828887 0.786927
vt 0.833709 0.776420
vt 0.835946 0.770108
vt 0.909619 0.925347
vt 0.921985 0.719790
vt 0.907956 0.711366
vt 0.914926 0.700756
vt 0.887017 0.704444
vt 0.950190 0.783683
vt 0.950626 0.760762
vt 0.966505 0.763536
vt 0.967585 0.789582
vt 0.863922 0.747803
vt 0.870231 0.743087
vt 0.819349 0.876269
vt 0.830710 0.909311
vt 0.755897 0.705436
vt 0.762749 0.717586
vt 0.872415 0.590796
vt 0.879748 0.586693
vt 0.882546 0.600939
vt 0.877424 0.600190
vt 0.843648 0.838672
vt 0.806857 0.851302
vt 0.798571 0.827848
vt 0.773905 0.726926
vt 0.790302 0.745357
vt 0.796725 0.782348
vt 0.795352 0.801844
vt 0.797476 0.759281
vt 0.778915 0.659862
vt 0.868957 0.934484
vt 0.839412 0.944323
vt 0.862376 0.607555
vt 0.869041 0.612882
vt 0.846287 0.973746
vt 0.852741 0.995025
vt 0.980427 0.632924
vt 0.998908 0.632382
vt 0.799749 0.770092
vt 0.862003 0.785128
vt 0.857490 0.813264
vt 0.903238 0.622924
vt 0.911937 0.635787
vt 0.906342 0.594585
vt 0.900932 0.604409
vt 0.892680 0.602333
vt 0.891862 0.586347
vt 0.923858 0.670387
vt 0.943404 0.628025
vt 0.958814 0.636131
vt 0.881264 0.537546
vt 0.866003 0.538513
vt 0.882490 0.523451
vt 0.900332 0.664579
vt 0.918230 0.653356
vt 0.857453 0.518041
vt 0.876148 0.500381
vt 0.887824 0.508435
vt 0.929688 0.618053
vt 0.869879 0.632923
vt 0.882519 0.631788
vt 0.865282 0.638093
vt 0.910093 0.611750
vt 0.890181 0.616019
vt 0.769742 0.673126
vt 0.887911 0.602937
vt 0.885814 0.586948
vt 0.757062 0.696741
vt 0.876332 0.625544
vt 0.873009 0.826964
vt 0.932649 0.730788
vt 0.841935 0.742611
vt 0.974522 0.832017
vt 0.891694 0.929311
vt 0.567089 0.938623
vt 0.921825 0.901355
vt 0.923496 0.891682
vt 0.760838 0.688614
vt 0.764521 0.690632
vt 0.939718 0.780133
vt 0.937824 0.756871
vt 0.766513 0.679877
vt 0.843036 0.533092
vt 0.819865 0.752042
vt 0.914375 0.600690
vt 0.858847 0.627914
vt 0.857981 0.635980
vt 0.842516 0.555716
vt 0.824962 0.558622
vt 0.847136 0.574757
vt 0.831619 0.576944
vt 0.152660 0.939805
vt 0.155054 0.906672
vt 0.182574 0.938337
vt 0.046775 0.912655
vt 0.050361 0.953979
vt 0.009066 0.958988
vt 0.009669 0.914308
vt 0.221840 0.908107
vt 0.248062 0.940581
vt 0.210488 0.942048
vt 0.192099 0.908307
vt 0.106201 0.945435
vt 0.099451 0.907619
vt 0.352917 0.940328
vt 0.384745 0.969091
vt 0.367968 0.971410
vt 0.326666 0.939800
vt 0.106419 0.969833
vt 0.045445 0.973230
vt 0.287094 0.914202
vt 0.297451 0.946502
vt 0.253688 0.910148
vt 0.186973 0.964026
vt 0.150745 0.968193
vt 0.008695 0.977943
vt 0.226542 0.967559
vt 0.262663 0.971578
vt 0.301491 0.903693
vt 0.317828 0.974256
vt 0.210984 0.966900
vt 0.422052 0.997293
vt 0.394673 0.993835
vt 0.107568 0.992828
vt 0.037721 0.996479
vt 0.194874 0.993142
vt 0.154566 0.992718
vt 0.008321 0.998815
vt 0.270102 0.995637
vt 0.228608 0.993351
vt 0.332574 0.992552
vt 0.211302 0.993244
vt 0.210541 0.884833
vt 0.235858 0.885964
vt 0.261886 0.883001
vt 0.277370 0.883443
vt 0.097487 0.885605
vt 0.150892 0.884069
vt 0.039724 0.885951
vt 0.184824 0.884265
vt 0.010507 0.885342
vt 0.515843 0.559522
vt 0.517187 0.521781
vt 0.539424 0.526270
vt 0.538721 0.560282
vt 0.482232 0.559659
vt 0.486605 0.518528
vt 0.508394 0.425216
vt 0.514514 0.468840
vt 0.485453 0.460933
vt 0.477952 0.425147
vt 0.504845 0.379226
vt 0.477989 0.382908
vt 0.530133 0.427650
vt 0.534606 0.472955
vt 0.527665 0.379958
vt 0.451691 0.512503
vt 0.454315 0.561601
vt 0.453778 0.418103
vt 0.453744 0.379958
vt 0.453805 0.452284
vt 0.966014 0.358700
vt 0.962871 0.398551
vt 0.913968 0.396574
vt 0.918168 0.364297
vt 0.957372 0.450561
vt 0.909469 0.448349
vt 0.951078 0.488500
vt 0.908714 0.477817
vt 0.993367 0.360267
vt 0.988325 0.397851
vt 0.985055 0.452668
vt 0.983645 0.482631
vt 0.944814 0.524801
vt 0.905319 0.502639
vt 0.985884 0.523009
vt 0.953667 0.160323
vt 0.957578 0.160133
vt 0.214666 0.462928
vt 0.232314 0.460676
vt 0.234481 0.473461
vt 0.216861 0.478409
vt 0.214026 0.442167
vt 0.231647 0.442334
vt 0.215055 0.421406
vt 0.232647 0.423990
vt 0.217528 0.406036
vt 0.235037 0.411206
vt 0.191070 0.464846
vt 0.191737 0.482243
vt 0.190847 0.441945
vt 0.191514 0.419072
vt 0.192516 0.401645
vt 0.167419 0.464262
vt 0.166390 0.481132
vt 0.167668 0.441723
vt 0.167863 0.419182
vt 0.167168 0.402257
vt 0.149659 0.462956
vt 0.148324 0.478131
vt 0.150048 0.441556
vt 0.150048 0.420156
vt 0.148993 0.404869
s 1
f 3/1/1 2/2/2 1/3/3
f 1/3/3 4/4/4 3/1/1
f 6/5/5 5/6/6 2/2/2
f 2/2/2 3/1/1 6/5/5
f 6/5/5 8/7/7 7/8/8
f 7/8/8 5/6/6 6/5/5
f 9/9/9 3/1/1 4/4/4
f 4/4/4 10/10/10 9/9/9
f 6/5/5 3/1/1 9/9/9
f 9/9/9 11/11/11 6/5/5
f 11/11/11 8/7/7 6/5/5
f 14/12/12 13/13/13 12/14/14
f 15/15/15 14/12/12 12/14/14
f 12/14/14 16/16/16 15/15/15
f 15/15/15 16/16/16 17/17/17
f 17/17/17 18/18/18 15/15/15
f 20/19/19 19/20/20 17/17/17
f 17/17/17 16/16/16 20/19/19
f 16/16/16 12/14/14 21/21/21
f 21/21/21 20/19/19 16/16/16
f 12/14/14 13/13/13 8/7/7
f 8/7/7 21/21/21 12/14/14
f 9/9/9 10/10/10 19/20/20
f 19/20/20 20/19/19 9/9/9
f 9/9/9 20/19/19 21/21/21
f 21/21/21 11/11/11 9/9/9
f 8/7/7 11/11/11 21/21/21
f 24/22/22 23/23/23 22/24/24
f 22/24/24 25/25/25 24/22/22
f 27/26/26 26/27/27 23/23/23
f 23/23/23 24/22/22 27/26/26
f 27/26/26 29/28/28 28/29/29
f 28/29/29 26/27/27 27/26/26
f 30/30/30 24/22/22 25/25/25
f 25/25/25 31/31/31 30/30/30
f 27/26/26 24/22/22 30/30/30
f 30/30/30 32/32/32 27/26/26
f 32/32/32 29/28/28 27/26/26
f 35/33/33 34/34/34 33/35/35
f 36/36/36 35/33/33 33/35/35
f 33/35/35 37/37/37 36/36/36
f 37/37/37 39/38/38 38/39/39
f 38/39/39 36/36/36 37/37/37
f 41/40/40 40/41/41 39/38/38
f 39/38/38 37/37/37 41/40/40
f 37/37/37 33/35/35 42/42/42
f 42/42/42 41/40/40 37/37/37
f 33/35/35 34/34/34 29/28/28
f 29/28/28 42/42/42 33/35/35
f 31/31/31 40/41/41 41/40/40
f 41/40/40 30/30/30 31/31/31
f 30/30/30 41/40/40 42/42/42
f 42/42/42 32/32/32 30/30/30
f 29/28/28 32/32/32 42/42/42
f 45/43/43 44/44/44 43/45/45
f 43/45/45 46/46/46 45/43/43
f 48/47/47 47/48/48 44/44/44
f 44/44/44 45/43/43 48/47/47
f 48/47/47 50/49/49 49/50/50
f 49/50/50 47/48/48 48/47/47
f 51/51/51 45/43/43 46/46/46
f 46/46/46 52/52/52 51/51/51
f 48/47/47 45/43/43 51/51/51
f 51/51/51 53/53/53 48/47/47
f 53/53/53 50/49/49 48/47/47
f 56/54/54 55/55/55 54/56/56
f 57/57/57 56/54/54 54/56/56
f 54/56/56 58/58/58 57/57/57
f 57/57/57 58/58/58 59/59/59
f 59/59/59 60/60/60 57/57/57
f 62/61/61 61/62/62 59/59/59
f 59/59/59 58/58/58 62/61/61
f 58/58/58 54/56/56 63/63/63
f 63/63/63 62/61/61 58/58/58
f 54/56/56 55/55/55 50/49/49
f 50/49/49 63/63/63 54/56/56
f 51/51/51 52/52/52 61/62/62
f 61/62/62 62/61/61 51/51/51
f 51/51/51 62/61/61 63/63/63
f 63/63/63 53/53/53 51/51/51
f 50/49/49 53/53/53 63/63/63
f 66/64/64 65/65/65 64/66/66
f 64/66/66 67/67/67 66/64/64
f 69/68/68 68/69/69 65/65/65
f 65/65/65 66/64/64 69/68/68
f 69/68/68 71/70/70 70/71/71
f 70/71/71 68/69/69 69/68/68
f 72/72/72 66/64/64 67/67/67
f 67/67/67 73/73/73 72/72/72
f 69/68/68 66/64/64 72/72/72
f 72/72/72 74/74/74 69/68/68
f 74/74/74 71/70/70 69/68/68
f 77/75/75 76/76/76 75/77/77
f 78/78/78 77/75/75 75/77/77
f 75/77/77 79/79/79 78/78/78
f 79/79/79 81/80/80 80/81/81
f 80/81/81 78/78/78 79/79/79
f 83/82/82 82/83/83 81/80/80
f 81/80/80 79/79/79 83/82/82
f 79/79/79 75/77/77 84/84/84
f 84/84/84 83/82/82 79/79/79
f 75/77/77 76/76/76 71/70/70
f 71/70/70 84/84/84 75/77/77
f 72/72/72 73/73/73 82/83/83
f 82/83/83 83/82/82 72/72/72
f 72/72/72 83/82/82 84/84/84
f 84/84/84 74/74/74 72/72/72
f 71/70/70 74/74/74 84/84/84
f 87/85/85 86/86/86 85/87/87
f 85/87/87 88/88/88 87/85/85
f 90/89/89 89/90/90 86/86/86
f 86/86/86 87/85/85 90/89/89
f 90/89/89 92/91/91 91/92/92
f 91/92/92 89/90/90 90/89/89
f 93/93/93 87/85/85 88/88/88
f 88/88/88 94/94/94 93/93/93
f 90/89/89 87/85/85 93/93/93
f 93/93/93 95/95/95 90/89/89
f 95/95/95 92/91/91 90/89/89
f 98/96/96 97/97/97 96/98/98
f 99/99/99 98/96/96 96/98/98
f 96/98/98 100/100/100 99/99/99
f 99/99/99 100/100/100 101/101/101
f 101/101/101 102/102/102 99/99/99
f 104/103/103 103/104/104 101/101/101
f 101/101/101 100/100/100 104/103/103
f 100/100/100 96/98/98 105/105/105
f 105/105/105 104/103/103 100/100/100
f 96/98/98 97/97/97 92/91/91
f 92/91/91 105/105/105 96/98/98
f 93/93/93 94/94/94 103/104/104
f 103/104/104 104/103/103 93/93/93
f 93/93/93 104/103/103 105/105/105
f 105/105/105 95/95/95 93/93/93
f 92/91/91 95/95/95 105/105/105
f 108/106/106 107/107/107 106/108/108
f 106/108/108 109/109/109 108/106/106
f 112/110/110 111/111/111 110/112/112
f 110/112/112 113/113/113 112/110/110
f 116/114/114 115/115/115 114/116/116
f 119/117/117 118/118/118 117/119/119
f 117/119/119 120/120/120 119/117/117
f 123/121/121 122/122/122 121/123/123
f 113/113/113 125/124/124 124/125/125
f 124/125/125 112/110/110 113/113/113
f 128/126/126 127/127/127 126/128/128
f 126/128/128 129/129/129 128/126/126
f 132/130/130 131/131/131 130/132/132
f 130/132/132 133/133/133 132/130/130
f 136/134/134 135/135/135 134/136/136
f 134/136/136 137/137/137 136/134/134
f 140/138/138 139/139/139 138/140/140
f 138/140/140 141/141/141 140/138/138
f 144/142/142 143/143/143 142/144/144
f 142/144/144 145/145/145 144/142/142
f 148/146/146 147/147/147 146/148/148
f 146/148/148 149/149/149 148/146/146
f 152/150/150 151/151/151 150/152/152
f 150/152/152 153/153/153 152/150/150
f 156/154/154 155/155/155 154/156/156
f 154/156/156 157/157/157 156/154/154
f 145/145/145 142/144/144 158/158/158
f 158/158/158 159/159/159 145/145/145
f 162/160/160 161/161/161 160/162/162
f 160/162/162 163/163/163 162/160/160
f 166/164/164 165/165/165 164/166/166
f 164/166/166 167/167/167 166/164/164
f 169/168/168 168/169/169 143/143/143
f 143/143/143 144/142/142 169/168/168
f 172/170/170 171/171/171 170/172/172
f 170/172/172 173/173/173 172/170/170
f 174/174/174 140/138/138 141/141/141
f 175/175/175 174/174/174 141/141/141
f 141/141/141 176/176/176 175/175/175
f 178/177/177 177/178/178 137/137/137
f 137/137/137 179/179/179 178/177/177
f 137/137/137 159/159/159 136/134/134
f 171/171/171 165/165/165 166/164/164
f 166/164/164 180/180/180 171/171/171
f 144/142/142 141/141/141 138/140/140
f 138/140/140 169/168/168 144/142/142
f 165/165/165 171/171/171 172/170/170
f 172/170/170 181/181/181 165/165/165
f 141/141/141 144/142/142 145/145/145
f 145/145/145 176/176/176 141/141/141
f 182/182/182 146/148/148 147/147/147
f 145/145/145 177/178/178 176/176/176
f 184/183/183 150/152/152 183/184/184
f 177/178/178 145/145/145 159/159/159
f 159/159/159 137/137/137 177/178/178
f 186/185/185 185/186/186 166/164/164
f 166/164/164 187/187/187 186/185/185
f 134/136/136 135/135/135 188/188/188
f 188/188/188 189/189/189 134/136/136
f 161/161/161 191/190/190 190/191/191
f 190/191/191 192/192/192 161/161/161
f 170/172/172 194/193/193 193/194/194
f 193/194/194 195/195/195 170/172/172
f 195/195/195 196/196/196 173/173/173
f 173/173/173 170/172/172 195/195/195
f 140/138/138 174/174/174 197/197/197
f 197/197/197 198/198/198 140/138/138
f 198/198/198 199/199/199 139/139/139
f 139/139/139 140/138/138 198/198/198
f 202/200/200 201/201/201 200/202/202
f 200/202/202 203/203/203 202/200/200
f 206/204/204 205/205/205 204/206/206
f 204/206/206 207/207/207 206/204/204
f 209/208/208 208/209/209 174/174/174
f 174/174/174 175/175/175 209/208/208
f 205/205/205 206/204/204 210/210/210
f 210/210/210 211/211/211 205/205/205
f 152/150/150 153/153/153 212/212/212
f 212/212/212 213/213/213 152/150/150
f 216/214/214 215/215/215 214/216/216
f 214/216/216 217/217/217 216/214/214
f 220/218/218 219/219/219 218/220/220
f 218/220/220 221/221/221 220/218/218
f 215/215/215 216/214/214 222/222/222
f 222/222/222 223/223/223 215/215/215
f 225/224/224 224/225/225 156/154/154
f 156/154/154 157/157/157 225/224/224
f 228/226/226 227/227/227 226/228/228
f 226/228/228 229/229/229 228/226/226
f 179/179/179 231/230/230 230/231/231
f 230/231/231 178/177/177 179/179/179
f 227/227/227 228/226/226 232/232/232
f 232/232/232 233/233/233 227/227/227
f 235/234/234 234/235/235 161/161/161
f 161/161/161 162/160/160 235/234/234
f 191/190/190 161/161/161 234/235/235
f 234/235/235 236/236/236 191/190/190
f 237/237/237 189/189/189 188/188/188
f 188/188/188 238/238/238 237/237/237
f 195/195/195 193/194/194 239/239/239
f 239/239/239 240/240/240 195/195/195
f 240/240/240 241/241/241 196/196/196
f 196/196/196 195/195/195 240/240/240
f 243/242/242 242/243/243 198/198/198
f 198/198/198 197/197/197 243/242/242
f 244/244/244 199/199/199 198/198/198
f 198/198/198 242/243/243 244/244/244
f 245/245/245 203/203/203 200/202/202
f 200/202/202 246/246/246 245/245/245
f 248/247/247 247/248/248 207/207/207
f 207/207/207 204/206/206 248/247/247
f 249/249/249 208/209/209 209/208/208
f 209/208/208 250/250/250 249/249/249
f 251/251/251 213/213/213 212/212/212
f 212/212/212 252/252/252 251/251/251
f 253/253/253 217/217/217 214/216/216
f 214/216/216 254/254/254 253/253/253
f 255/255/255 218/220/220 219/219/219
f 219/219/219 256/256/256 255/255/255
f 257/257/257 224/225/225 225/224/224
f 225/224/224 258/258/258 257/257/257
f 259/259/259 229/229/229 226/228/228
f 226/228/228 260/260/260 259/259/259
f 231/230/230 262/261/261 261/262/262
f 261/262/262 230/231/231 231/230/230
f 263/263/263 234/235/235 235/234/234
f 235/234/234 264/264/264 263/263/263
f 265/265/265 236/236/236 234/235/235
f 234/235/235 263/263/263 265/265/265
f 268/266/266 267/267/267 266/268/268
f 266/268/268 269/269/269 268/266/266
f 268/266/266 271/270/270 270/271/271
f 270/271/271 267/267/267 268/266/266
f 270/271/271 271/270/270 186/185/185
f 186/185/185 272/272/272 270/271/271
f 274/273/273 192/192/192 273/274/274
f 273/274/274 275/275/275 274/273/273
f 274/273/273 276/276/276 161/161/161
f 161/161/161 192/192/192 274/273/273
f 160/162/162 161/161/161 276/276/276
f 276/276/276 277/277/277 160/162/162
f 185/186/186 180/180/180 166/164/164
f 225/224/224 279/278/278 278/279/279
f 278/279/279 258/258/258 225/224/224
f 225/224/224 157/157/157 280/280/280
f 280/280/280 279/278/278 225/224/224
f 280/280/280 157/157/157 154/156/156
f 154/156/156 281/281/281 280/280/280
f 183/184/184 154/156/156 184/183/183
f 212/212/212 283/282/282 282/283/283
f 282/283/283 252/252/252 212/212/212
f 212/212/212 153/153/153 284/284/284
f 284/284/284 283/282/282 212/212/212
f 284/284/284 153/153/153 150/152/152
f 150/152/152 285/285/285 284/284/284
f 184/183/183 287/286/286 286/287/287
f 286/287/287 182/182/182 184/183/183
f 288/288/288 246/246/246 200/202/202
f 200/202/202 289/289/289 288/288/288
f 290/290/290 289/289/289 200/202/202
f 200/202/202 201/201/201 290/290/290
f 291/291/291 290/290/290 201/201/201
f 201/201/201 146/148/148 291/291/291
f 291/291/291 146/148/148 182/182/182
f 182/182/182 292/292/292 291/291/291
f 182/182/182 286/287/287 293/293/293
f 293/293/293 292/292/292 182/182/182
f 296/294/294 295/295/295 294/296/296
f 294/296/296 298/297/297 297/298/298
f 296/294/294 294/296/296 297/298/298
f 300/299/299 299/300/300 167/167/167
f 167/167/167 301/301/301 300/299/299
f 169/168/168 292/292/292 293/293/293
f 293/293/293 168/169/169 169/168/168
f 292/292/292 169/168/168 138/140/140
f 138/140/140 291/291/291 292/292/292
f 291/291/291 138/140/140 139/139/139
f 139/139/139 290/290/290 291/291/291
f 290/290/290 139/139/139 199/199/199
f 199/199/199 289/289/289 290/290/290
f 303/302/302 158/158/158 302/303/303
f 302/303/303 304/304/304 303/302/302
f 159/159/159 158/158/158 303/302/302
f 303/302/302 305/305/305 159/159/159
f 159/159/159 305/305/305 306/306/306
f 306/306/306 136/134/134 159/159/159
f 136/134/134 306/306/306 307/307/307
f 307/307/307 135/135/135 136/134/134
f 135/135/135 307/307/307 308/308/308
f 308/308/308 188/188/188 135/135/135
f 188/188/188 308/308/308 309/309/309
f 309/309/309 238/238/238 188/188/188
f 267/267/267 233/233/233 310/310/310
f 310/310/310 266/268/268 267/267/267
f 227/227/227 233/233/233 267/267/267
f 267/267/267 270/271/271 227/227/227
f 270/271/271 272/272/272 311/311/311
f 311/311/311 227/227/227 270/271/271
f 311/311/311 155/155/155 156/154/154
f 156/154/154 227/227/227 311/311/311
f 227/227/227 156/154/154 224/225/225
f 224/225/225 226/228/228 227/227/227
f 224/225/225 257/257/257 260/260/260
f 260/260/260 226/228/228 224/225/225
f 279/278/278 223/223/223 312/312/312
f 312/312/312 278/279/279 279/278/278
f 215/215/215 223/223/223 279/278/278
f 279/278/278 280/280/280 215/215/215
f 280/280/280 281/281/281 313/313/313
f 313/313/313 215/215/215 280/280/280
f 313/313/313 151/151/151 152/150/150
f 152/150/150 215/215/215 313/313/313
f 215/215/215 152/150/150 213/213/213
f 213/213/213 214/216/216 215/215/215
f 213/213/213 251/251/251 254/254/254
f 254/254/254 214/216/216 213/213/213
f 283/282/282 211/211/211 314/314/314
f 314/314/314 282/283/283 283/282/282
f 205/205/205 211/211/211 283/282/282
f 283/282/282 284/284/284 205/205/205
f 284/284/284 285/285/285 148/146/146
f 148/146/146 205/205/205 284/284/284
f 148/146/146 149/149/149 202/200/200
f 202/200/200 205/205/205 148/146/146
f 205/205/205 202/200/200 203/203/203
f 203/203/203 204/206/206 205/205/205
f 203/203/203 245/245/245 248/247/247
f 248/247/247 204/206/206 203/203/203
f 264/264/264 235/234/234 268/266/266
f 268/266/266 269/269/269 264/264/264
f 268/266/266 235/234/234 162/160/160
f 162/160/160 271/270/270 268/266/266
f 271/270/270 162/160/160 163/163/163
f 163/163/163 186/185/185 271/270/270
f 276/276/276 194/193/193 180/180/180
f 180/180/180 277/277/277 276/276/276
f 193/194/194 194/193/193 276/276/276
f 276/276/276 274/273/273 193/194/194
f 193/194/194 274/273/273 275/275/275
f 275/275/275 239/239/239 193/194/194
f 202/200/200 149/149/149 146/148/148
f 146/148/148 201/201/201 202/200/200
f 148/146/146 285/285/285 150/152/152
f 150/152/152 147/147/147 148/146/146
f 313/313/313 183/184/184 150/152/152
f 150/152/152 151/151/151 313/313/313
f 313/313/313 281/281/281 154/156/156
f 154/156/156 183/184/184 313/313/313
f 311/311/311 315/315/315 154/156/156
f 154/156/156 155/155/155 311/311/311
f 311/311/311 272/272/272 186/185/185
f 186/185/185 315/315/315 311/311/311
f 160/162/162 185/186/186 186/185/185
f 186/185/185 163/163/163 160/162/162
f 160/162/162 277/277/277 180/180/180
f 180/180/180 185/186/186 160/162/162
f 316/316/316 250/250/250 209/208/208
f 209/208/208 317/317/317 316/316/316
f 317/317/317 209/208/208 175/175/175
f 175/175/175 221/221/221 317/317/317
f 318/318/318 256/256/256 219/219/219
f 219/219/219 319/319/319 318/318/318
f 178/177/177 319/319/319 219/219/219
f 219/219/219 220/218/218 178/177/177
f 176/176/176 177/178/178 220/218/218
f 220/218/218 221/221/221 176/176/176
f 262/261/261 231/230/230 320/320/320
f 320/320/320 321/321/321 262/261/261
f 134/136/136 320/320/320 231/230/230
f 231/230/230 179/179/179 134/136/136
f 192/192/192 190/191/191 322/322/322
f 322/322/322 273/274/274 192/192/192
f 233/233/233 232/232/232 323/323/323
f 323/323/323 310/310/310 233/233/233
f 223/223/223 222/222/222 324/324/324
f 324/324/324 312/312/312 223/223/223
f 211/211/211 210/210/210 325/325/325
f 325/325/325 314/314/314 211/211/211
f 199/199/199 244/244/244 288/288/288
f 288/288/288 289/289/289 199/199/199
f 327/326/326 238/238/238 326/327/327
f 239/239/239 329/328/328 328/329/329
f 328/329/329 240/240/240 239/239/239
f 240/240/240 328/329/329 330/330/330
f 330/330/330 241/241/241 240/240/240
f 332/331/331 242/243/243 331/332/332
f 248/247/247 334/333/333 333/334/334
f 333/334/334 247/248/248 248/247/247
f 336/335/335 250/250/250 335/336/336
f 252/252/252 338/337/337 337/338/338
f 337/338/338 251/251/251 252/252/252
f 254/254/254 337/338/338 339/339/339
f 339/339/339 253/253/253 254/254/254
f 341/340/340 256/256/256 340/341/341
f 258/258/258 343/342/342 342/343/343
f 342/343/343 257/257/257 258/258/258
f 260/260/260 342/343/343 344/344/344
f 344/344/344 259/259/259 260/260/260
f 346/345/345 262/261/261 345/346/346
f 266/268/268 348/347/347 347/348/348
f 347/348/348 269/269/269 266/268/268
f 273/274/274 349/349/349 329/328/328
f 329/328/328 275/275/275 273/274/274
f 278/279/279 350/350/350 343/342/342
f 343/342/342 258/258/258 278/279/279
f 282/283/283 351/351/351 338/337/337
f 338/337/337 252/252/252 282/283/283
f 288/288/288 353/352/352 352/353/353
f 352/353/353 246/246/246 288/288/288
f 245/245/245 352/353/353 334/333/333
f 334/333/333 248/247/247 245/245/245
f 269/269/269 347/348/348 354/354/354
f 354/354/354 264/264/264 269/269/269
f 322/322/322 355/355/355 349/349/349
f 349/349/349 273/274/274 322/322/322
f 323/323/323 356/356/356 348/347/347
f 348/347/347 310/310/310 323/323/323
f 324/324/324 357/357/357 350/350/350
f 350/350/350 312/312/312 324/324/324
f 325/325/325 358/358/358 351/351/351
f 351/351/351 314/314/314 325/325/325
f 244/244/244 332/331/331 353/352/352
f 353/352/352 288/288/288 244/244/244
f 246/246/246 352/353/353 245/245/245
f 264/264/264 354/354/354 263/263/263
f 310/310/310 348/347/347 266/268/268
f 257/257/257 342/343/343 260/260/260
f 312/312/312 350/350/350 278/279/279
f 251/251/251 337/338/338 254/254/254
f 314/314/314 351/351/351 282/283/283
f 275/275/275 329/328/328 239/239/239
f 194/193/193 170/172/172 180/180/180
f 170/172/172 171/171/171 180/180/180
f 137/137/137 134/136/136 179/179/179
f 361/359/359 360/360/360 359/361/361
f 359/361/361 362/362/362 361/359/359
f 121/123/123 122/122/122 131/131/131
f 131/131/131 363/363/363 121/123/123
f 366/364/364 365/365/365 364/366/366
f 364/366/366 367/367/367 366/364/364
f 370/368/368 369/369/369 368/370/370
f 368/370/370 371/371/371 370/368/368
f 361/359/359 373/372/372 372/373/373
f 372/373/373 374/374/374 361/359/359
f 377/375/375 376/376/376 375/377/377
f 375/377/377 378/378/378 377/375/375
f 381/379/379 380/380/380 379/381/381
f 379/381/381 382/382/382 381/379/379
f 367/367/367 364/366/366 383/383/383
f 383/383/383 384/384/384 367/367/367
f 371/371/371 386/385/385 385/386/386
f 385/386/386 370/368/368 371/371/371
f 360/360/360 361/359/359 374/374/374
f 374/374/374 387/387/387 360/360/360
f 123/121/121 126/128/128 127/127/127
f 127/127/127 388/388/388 123/121/121
f 390/389/389 389/390/390 122/122/122
f 122/122/122 391/391/391 390/389/389
f 392/392/392 302/303/303 158/158/158
f 158/158/158 142/144/144 392/392/392
f 395/393/393 394/394/394 393/395/395
f 393/395/395 396/396/396 395/393/393
f 220/218/218 177/178/178 178/177/177
f 397/397/397 381/379/379 382/382/382
f 382/382/382 398/398/398 397/397/397
f 401/399/399 400/400/400 399/401/401
f 399/401/401 402/402/402 401/399/399
f 405/403/403 404/404/404 403/405/405
f 403/405/405 406/406/406 405/403/403
f 408/407/407 407/408/408 378/378/378
f 378/378/378 409/409/409 408/407/407
f 410/410/410 395/393/393 396/396/396
f 396/396/396 411/411/411 410/410/410
f 404/404/404 413/412/412 412/413/413
f 412/413/413 109/109/109 404/404/404
f 404/404/404 109/109/109 106/108/108
f 106/108/108 403/405/405 404/404/404
f 400/400/400 114/116/116 115/115/115
f 115/115/115 399/401/401 400/400/400
f 416/414/414 415/415/415 414/416/416
f 414/416/416 417/417/417 416/414/414
f 418/418/418 416/414/414 417/417/417
f 417/417/417 419/419/419 418/418/418
f 175/175/175 176/176/176 221/221/221
f 287/286/286 299/300/300 300/299/299
f 300/299/299 420/420/420 287/286/286
f 287/286/286 184/183/183 187/187/187
f 187/187/187 299/300/300 287/286/286
f 315/315/315 187/187/187 184/183/183
f 184/183/183 154/156/156 315/315/315
f 402/402/402 399/401/401 421/421/421
f 421/421/421 422/422/422 402/402/402
f 423/423/423 421/421/421 399/401/401
f 399/401/401 115/115/115 423/423/423
f 424/424/424 423/423/423 115/115/115
f 115/115/115 116/114/114 424/424/424
f 393/395/395 394/394/394 425/425/425
f 425/425/425 426/426/426 393/395/395
f 429/427/427 428/428/428 427/429/429
f 427/429/429 430/430/430 429/427/427
f 433/431/431 432/432/432 431/433/433
f 431/433/433 390/389/389 433/431/431
f 435/434/434 434/435/435 388/388/388
f 388/388/388 127/127/127 435/434/434
f 437/436/436 359/361/361 436/437/437
f 436/437/437 438/438/438 437/436/436
f 359/361/361 360/360/360 439/439/439
f 439/439/439 436/437/437 359/361/361
f 440/440/440 429/427/427 430/430/430
f 430/430/430 441/441/441 440/440/440
f 441/441/441 443/442/442 442/443/443
f 442/443/443 440/440/440 441/441/441
f 360/360/360 387/387/387 444/444/444
f 444/444/444 439/439/439 360/360/360
f 445/445/445 442/443/443 443/442/442
f 443/442/442 446/446/446 445/445/445
f 449/447/447 448/448/448 447/449/449
f 447/449/449 450/450/450 449/447/447
f 451/451/451 447/449/449 448/448/448
f 448/448/448 452/452/452 451/451/451
f 454/453/453 453/454/454 120/120/120
f 120/120/120 117/119/119 454/453/453
f 457/455/455 456/456/456 455/457/457
f 455/457/457 458/458/458 457/455/455
f 461/459/459 460/460/460 459/461/461
f 459/461/461 462/462/462 461/459/459
f 465/463/463 464/464/464 463/465/465
f 463/465/465 466/466/466 465/463/463
f 386/385/385 464/464/464 455/457/457
f 455/457/457 385/386/386 386/385/385
f 464/464/464 386/385/385 467/467/467
f 467/467/467 463/465/465 464/464/464
f 440/440/440 469/468/468 468/469/469
f 468/469/469 429/427/427 440/440/440
f 472/470/470 471/471/471 470/472/472
f 470/472/472 468/469/469 472/470/470
f 469/468/468 473/473/473 472/470/470
f 472/470/470 468/469/469 469/468/468
f 476/474/474 475/475/475 474/476/476
f 474/476/476 477/477/477 476/474/474
f 479/478/478 478/479/479 466/466/466
f 466/466/466 463/465/465 479/478/478
f 482/480/480 481/481/481 480/482/482
f 480/482/482 483/483/483 482/480/480
f 484/484/484 377/375/375 378/378/378
f 378/378/378 407/408/408 484/484/484
f 409/409/409 378/378/378 375/377/377
f 375/377/377 485/485/485 409/409/409
f 488/486/486 487/487/487 486/488/488
f 486/488/488 437/436/436 488/486/486
f 359/361/361 437/436/436 486/488/488
f 486/488/488 362/362/362 359/361/361
f 490/489/489 373/372/372 489/490/490
f 489/490/490 491/491/491 490/489/489
f 489/490/490 373/372/372 361/359/359
f 361/359/359 362/362/362 489/490/490
f 494/492/492 493/493/493 492/494/494
f 492/494/494 495/495/495 494/492/492
f 490/489/489 496/496/496 372/373/373
f 372/373/373 373/372/372 490/489/489
f 497/497/497 488/486/486 437/436/436
f 437/436/436 438/438/438 497/497/497
f 475/475/475 476/474/474 498/498/498
f 498/498/498 494/492/492 475/475/475
f 499/499/499 493/493/493 494/492/492
f 494/492/492 498/498/498 499/499/499
f 187/187/187 315/315/315 186/185/185
f 502/500/500 501/501/501 500/502/502
f 500/502/502 503/503/503 502/500/500
f 499/499/499 498/498/498 504/504/504
f 504/504/504 505/505/505 499/499/499
f 476/474/474 473/473/473 504/504/504
f 504/504/504 498/498/498 476/474/474
f 150/152/152 184/183/183 182/182/182
f 182/182/182 147/147/147 150/152/152
f 507/506/506 506/507/507 502/500/500
f 502/500/500 508/508/508 507/506/506
f 507/506/506 392/392/392 509/509/509
f 509/509/509 510/510/510 507/506/506
f 511/511/511 265/265/265 263/263/263
f 263/263/263 354/354/354 511/511/511
f 495/495/495 492/494/494 496/496/496
f 496/496/496 490/489/489 495/495/495
f 493/493/493 499/499/499 512/512/512
f 512/512/512 513/513/513 493/493/493
f 493/493/493 513/513/513 514/514/514
f 514/514/514 492/494/494 493/493/493
f 516/515/515 512/512/512 515/516/516
f 515/516/516 517/517/517 516/515/515
f 505/505/505 504/504/504 518/518/518
f 518/518/518 519/519/519 505/505/505
f 518/518/518 504/504/504 473/473/473
f 520/520/520 506/507/507 517/517/517
f 517/517/517 515/516/516 520/520/520
f 502/500/500 506/507/507 520/520/520
f 520/520/520 501/501/501 502/500/500
f 492/494/494 514/514/514 521/521/521
f 521/521/521 496/496/496 492/494/494
f 521/521/521 522/522/522 372/373/373
f 372/373/373 496/496/496 521/521/521
f 500/502/502 501/501/501 445/445/445
f 445/445/445 446/446/446 500/502/502
f 524/523/523 523/524/524 444/444/444
f 444/444/444 387/387/387 524/523/523
f 519/519/519 518/518/518 442/443/443
f 442/443/443 445/445/445 519/519/519
f 405/403/403 398/398/398 525/525/525
f 525/525/525 526/526/526 405/403/403
f 382/382/382 527/527/527 525/525/525
f 525/525/525 398/398/398 382/382/382
f 529/528/528 528/529/529 423/423/423
f 423/423/423 424/424/424 529/528/528
f 379/381/381 527/527/527 382/382/382
f 417/417/417 414/416/416 530/530/530
f 530/530/530 119/117/117 417/417/417
f 118/118/118 119/117/117 530/530/530
f 530/530/530 531/531/531 118/118/118
f 528/529/529 532/532/532 421/421/421
f 421/421/421 423/423/423 528/529/529
f 404/404/404 405/403/403 526/526/526
f 526/526/526 413/412/412 404/404/404
f 535/533/533 534/534/534 533/535/535
f 533/535/535 536/536/536 535/533/533
f 539/537/537 538/538/538 537/539/539
f 537/539/539 540/540/540 539/537/537
f 543/541/541 542/542/542 541/543/543
f 541/543/543 544/544/544 543/541/541
f 542/542/542 546/545/545 545/546/546
f 545/546/546 541/543/543 542/542/542
f 549/547/547 548/548/548 547/549/549
f 547/549/549 550/550/550 549/547/547
f 552/551/551 534/534/534 551/552/552
f 551/552/552 553/553/553 552/551/551
f 556/554/554 555/555/555 554/556/556
f 554/556/556 557/557/557 556/554/554
f 560/558/558 559/559/559 558/560/560
f 558/560/560 561/561/561 560/558/558
f 561/561/561 558/560/560 562/562/562
f 562/562/562 563/563/563 561/561/561
f 565/564/564 564/565/565 536/536/536
f 536/536/536 533/535/535 565/564/564
f 568/566/566 567/567/567 566/568/568
f 566/568/568 569/569/569 568/566/566
f 572/570/570 571/571/571 570/572/572
f 570/572/572 573/573/573 572/570/570
f 576/574/574 575/575/575 574/576/576
f 574/576/576 577/577/577 576/574/574
f 575/575/575 579/578/578 578/579/579
f 578/579/579 574/576/576 575/575/575
f 581/580/580 580/581/581 570/572/572
f 570/572/572 571/571/571 581/580/580
f 584/582/582 583/583/583 582/584/584
f 582/584/584 585/585/585 584/582/582
f 588/586/586 587/587/587 586/588/588
f 586/588/588 589/589/589 588/586/586
f 592/590/590 591/591/591 590/592/592
f 590/592/592 593/593/593 592/590/590
f 596/594/594 595/595/595 594/596/596
f 599/597/597 598/598/598 597/599/599
f 597/599/599 600/600/600 599/597/597
f 603/601/601 602/602/602 601/603/603
f 601/603/603 604/604/604 603/601/601
f 607/605/605 606/606/606 605/607/607
f 610/608/608 609/609/609 608/610/610
f 613/611/611 612/612/612 611/613/613
f 611/613/613 614/614/614 613/611/611
f 589/589/589 586/588/588 615/615/615
f 615/615/615 616/616/616 589/589/589
f 582/584/584 618/617/617 617/618/618
f 609/609/609 619/619/619 608/610/610
f 585/585/585 582/584/584 620/620/620
f 620/620/620 621/621/621 585/585/585
f 590/592/592 610/608/608 622/622/622
f 622/622/622 613/611/611 590/592/592
f 586/588/588 587/587/587 623/623/623
f 623/623/623 624/624/624 586/588/588
f 613/611/611 614/614/614 593/593/593
f 593/593/593 590/592/592 613/611/611
f 624/624/624 625/625/625 615/615/615
f 615/615/615 586/588/588 624/624/624
f 626/626/626 594/596/596 595/595/595
f 595/595/595 627/627/627 626/626/626
f 629/628/628 598/598/598 628/629/629
f 628/629/629 630/630/630 629/628/628
f 632/631/631 602/602/602 631/632/632
f 631/632/632 633/633/633 632/631/631
f 619/619/619 635/634/634 634/635/635
f 634/635/635 608/610/610 619/619/619
f 584/582/582 637/636/636 636/637/637
f 636/637/637 583/583/583 584/582/582
f 640/638/638 639/639/639 638/640/640
f 638/640/640 641/641/641 640/638/638
f 644/642/642 643/643/643 642/644/644
f 642/644/644 645/645/645 644/642/642
f 647/646/646 646/647/647 645/645/645
f 645/645/645 642/644/644 647/646/646
f 616/616/616 649/648/648 648/649/649
f 648/649/649 589/589/589 616/616/616
f 650/650/650 588/586/586 589/589/589
f 589/589/589 648/649/649 650/650/650
f 653/651/651 652/652/652 651/653/653
f 651/653/653 654/654/654 653/651/651
f 657/655/655 656/656/656 655/657/657
f 655/657/657 658/658/658 657/655/655
f 660/659/659 616/616/616 659/660/660
f 659/660/660 661/661/661 660/659/659
f 658/658/658 663/662/662 662/663/663
f 662/663/663 657/655/655 658/658/658
f 666/664/664 665/665/665 664/666/666
f 664/666/666 667/667/667 666/664/664
f 670/668/668 669/669/669 668/670/670
f 668/670/670 671/671/671 670/668/668
f 674/672/672 673/673/673 672/674/674
f 672/674/674 675/675/675 674/672/672
f 671/671/671 677/676/676 676/677/677
f 676/677/677 670/668/668 671/671/671
f 680/678/678 679/679/679 678/680/680
f 678/680/680 681/681/681 680/678/678
f 684/682/682 683/683/683 682/684/684
f 682/684/684 685/685/685 684/682/682
f 687/686/686 686/687/687 617/618/618
f 617/618/618 618/617/617 687/686/686
f 685/685/685 689/688/688 688/689/689
f 688/689/689 684/682/682 685/685/685
f 691/690/690 641/641/641 690/691/691
f 690/691/691 692/692/692 691/690/690
f 641/641/641 691/690/690 693/693/693
f 693/693/693 640/638/638 641/641/641
f 636/637/637 637/636/636 694/694/694
f 694/694/694 695/695/695 636/637/637
f 643/643/643 697/696/696 696/697/697
f 696/697/697 642/644/644 643/643/643
f 698/698/698 647/646/646 642/644/644
f 642/644/644 696/697/697 698/698/698
f 699/699/699 648/649/649 649/648/648
f 649/648/648 700/700/700 699/699/699
f 650/650/650 648/649/649 699/699/699
f 699/699/699 701/701/701 650/650/650
f 651/653/653 652/652/652 702/702/702
f 702/702/702 703/703/703 651/653/653
f 704/704/704 655/657/657 656/656/656
f 656/656/656 705/705/705 704/704/704
f 660/659/659 661/661/661 706/706/706
f 706/706/706 707/707/707 660/659/659
f 664/666/666 665/665/665 708/708/708
f 708/708/708 709/709/709 664/666/666
f 668/670/670 669/669/669 710/710/710
f 710/710/710 711/711/711 668/670/670
f 673/673/673 674/672/672 712/712/712
f 712/712/712 713/713/713 673/673/673
f 680/678/678 681/681/681 714/714/714
f 714/714/714 715/715/715 680/678/678
f 682/684/684 683/683/683 716/716/716
f 716/716/716 717/717/717 682/684/684
f 719/718/718 718/719/719 686/687/687
f 686/687/687 687/686/686 719/718/718
f 691/690/690 692/692/692 720/720/720
f 720/720/720 721/721/721 691/690/690
f 693/693/693 691/690/690 721/721/721
f 721/721/721 722/722/722 693/693/693
f 725/723/723 724/724/724 723/725/725
f 723/725/725 726/726/726 725/723/723
f 728/727/727 727/728/728 725/723/723
f 725/723/723 726/726/726 728/727/727
f 729/729/729 635/634/634 603/601/601
f 603/601/601 730/730/730 729/729/729
f 635/634/634 619/619/619 633/633/633
f 633/633/633 631/632/632 635/634/634
f 638/640/640 732/731/731 731/732/732
f 731/732/732 733/733/733 638/640/640
f 734/734/734 641/641/641 638/640/640
f 638/640/640 733/733/733 734/734/734
f 605/607/607 606/606/606 735/735/735
f 622/622/622 610/608/608 608/610/610
f 608/610/610 634/635/635 622/622/622
f 737/736/736 736/737/737 714/714/714
f 714/714/714 681/681/681 737/736/736
f 678/680/680 738/738/738 737/736/736
f 737/736/736 681/681/681 678/680/680
f 601/603/603 602/602/602 599/597/597
f 599/597/597 739/739/739 601/603/603
f 602/602/602 632/631/631 630/630/630
f 630/630/630 628/629/629 602/602/602
f 741/740/740 740/741/741 708/708/708
f 708/708/708 665/665/665 741/740/740
f 666/664/664 742/742/742 741/740/740
f 741/740/740 665/665/665 666/664/664
f 597/599/599 598/598/598 596/594/594
f 596/594/594 743/743/743 597/599/599
f 598/598/598 629/628/628 627/627/627
f 627/627/627 595/595/595 598/598/598
f 627/627/627 629/628/628 744/744/744
f 702/702/702 652/652/652 745/745/745
f 745/745/745 746/746/746 702/702/702
f 745/745/745 652/652/652 653/651/651
f 653/651/651 747/747/747 745/745/745
f 749/748/748 748/749/749 594/596/596
f 594/596/596 750/750/750 749/748/748
f 751/751/751 750/750/750 594/596/596
f 594/596/596 626/626/626 751/751/751
f 744/744/744 752/752/752 626/626/626
f 626/626/626 627/627/627 744/744/744
f 752/752/752 744/744/744 753/753/753
f 753/753/753 754/754/754 752/752/752
f 757/755/755 756/756/756 755/757/757
f 755/757/757 758/758/758 757/755/755
f 758/758/758 760/759/759 759/760/760
f 759/760/760 757/755/755 758/758/758
f 760/759/759 762/761/761 761/762/762
f 761/762/762 759/760/760 760/759/759
f 578/579/579 591/591/591 592/590/590
f 592/590/590 763/763/763 578/579/579
f 591/591/591 578/579/579 764/764/764
f 764/764/764 609/609/609 591/591/591
f 765/765/765 609/609/609 764/764/764
f 764/764/764 766/766/766 765/765/765
f 769/767/767 768/768/768 767/769/769
f 767/769/769 770/770/770 769/767/767
f 768/768/768 771/771/771 751/751/751
f 751/751/751 767/769/769 768/768/768
f 771/771/771 772/772/772 750/750/750
f 750/750/750 751/751/751 771/771/771
f 772/772/772 773/773/773 749/748/748
f 749/748/748 750/750/750 772/772/772
f 775/774/774 774/775/775 745/745/745
f 745/745/745 747/747/747 775/774/774
f 592/590/590 761/762/762 762/761/761
f 762/761/761 763/763/763 592/590/590
f 593/593/593 614/614/614 585/585/585
f 585/585/585 621/621/621 593/593/593
f 614/614/614 611/613/613 584/582/582
f 584/582/582 585/585/585 614/614/614
f 611/613/613 776/776/776 637/636/636
f 637/636/636 584/582/582 611/613/613
f 776/776/776 777/777/777 694/694/694
f 694/694/694 637/636/636 776/776/776
f 688/689/689 778/778/778 724/724/724
f 724/724/724 725/723/723 688/689/689
f 688/689/689 725/723/723 727/728/728
f 727/728/728 684/682/682 688/689/689
f 779/779/779 730/730/730 603/601/601
f 779/779/779 603/601/601 604/604/604
f 679/679/679 680/678/678 683/683/683
f 683/683/683 684/682/682 679/679/679
f 715/715/715 716/716/716 683/683/683
f 683/683/683 680/678/678 715/715/715
f 676/677/677 780/780/780 736/737/737
f 736/737/737 737/736/736 676/677/677
f 676/677/677 737/736/736 738/738/738
f 738/738/738 670/668/668 676/677/677
f 781/781/781 739/739/739 599/597/597
f 781/781/781 599/597/597 600/600/600
f 667/667/667 664/666/666 669/669/669
f 669/669/669 670/668/668 667/667/667
f 709/709/709 710/710/710 669/669/669
f 669/669/669 664/666/666 709/709/709
f 662/663/663 782/782/782 740/741/741
f 740/741/741 741/740/740 662/663/663
f 662/663/663 741/740/740 742/742/742
f 742/742/742 657/655/655 662/663/663
f 783/783/783 743/743/743 596/594/594
f 783/783/783 596/594/594 784/784/784
f 654/654/654 651/653/653 656/656/656
f 656/656/656 657/655/655 654/654/654
f 703/703/703 705/705/705 656/656/656
f 656/656/656 651/653/653 703/703/703
f 692/692/692 726/726/726 723/725/725
f 723/725/725 720/720/720 692/692/692
f 692/692/692 690/691/691 728/727/727
f 728/727/727 726/726/726 692/692/692
f 607/605/605 605/607/607 635/634/634
f 635/634/634 729/729/729 607/605/605
f 785/785/785 622/622/622 605/607/607
f 605/607/607 735/735/735 785/785/785
f 644/642/642 734/734/734 733/733/733
f 733/733/733 643/643/643 644/642/642
f 733/733/733 731/732/732 697/696/696
f 697/696/696 643/643/643 733/733/733
f 596/594/594 594/596/596 748/749/749
f 748/749/749 784/784/784 596/594/594
f 595/595/595 596/594/594 598/598/598
f 599/597/597 628/629/629 598/598/598
f 628/629/629 599/597/597 602/602/602
f 603/601/601 631/632/632 602/602/602
f 631/632/632 603/601/601 635/634/634
f 605/607/607 634/635/635 635/634/634
f 634/635/635 605/607/607 622/622/622
f 706/706/706 661/661/661 786/786/786
f 786/786/786 787/787/787 706/706/706
f 661/661/661 659/660/660 672/674/674
f 672/674/674 786/786/786 661/661/661
f 712/712/712 674/672/672 788/788/788
f 788/788/788 789/789/789 712/712/712
f 788/788/788 674/672/672 675/675/675
f 675/675/675 617/618/618 788/788/788
f 617/618/618 675/675/675 790/790/790
f 790/790/790 582/584/584 617/618/618
f 687/686/686 792/791/791 791/792/792
f 791/792/792 719/718/718 687/686/686
f 792/791/791 687/686/686 618/617/617
f 618/617/617 583/583/583 792/791/791
f 639/639/639 793/793/793 732/731/731
f 732/731/731 638/640/640 639/639/639
f 689/688/688 794/794/794 778/778/778
f 778/778/778 688/689/689 689/688/688
f 677/676/676 795/795/795 780/780/780
f 780/780/780 676/677/677 677/676/676
f 663/662/662 796/796/796 782/782/782
f 782/782/782 662/663/663 663/662/662
f 797/797/797 746/746/746 745/745/745
f 745/745/745 774/775/775 797/797/797
f 695/695/695 694/694/694 798/798/798
f 800/799/799 799/800/800 696/697/697
f 696/697/697 697/696/696 800/799/799
f 799/800/800 801/801/801 698/698/698
f 698/698/698 696/697/697 799/800/800
f 699/699/699 802/802/802 701/701/701
f 804/803/803 803/804/804 704/704/704
f 704/704/704 705/705/705 804/803/803
f 707/707/707 706/706/706 805/805/805
f 807/806/806 806/807/807 709/709/709
f 709/709/709 708/708/708 807/806/806
f 806/807/807 808/808/808 711/711/711
f 711/711/711 710/710/710 806/807/807
f 713/713/713 712/712/712 809/809/809
f 811/810/810 810/811/811 715/715/715
f 715/715/715 714/714/714 811/810/810
f 810/811/811 812/812/812 717/717/717
f 717/717/717 716/716/716 810/811/811
f 718/719/719 719/718/718 813/813/813
f 815/814/814 814/815/815 722/722/722
f 722/722/722 721/721/721 815/814/814
f 817/816/816 816/817/817 723/725/725
f 723/725/725 724/724/724 817/816/816
f 818/818/818 800/799/799 731/732/732
f 731/732/732 732/731/731 818/818/818
f 819/819/819 811/810/810 714/714/714
f 714/714/714 736/737/737 819/819/819
f 820/820/820 807/806/806 708/708/708
f 708/708/708 740/741/741 820/820/820
f 822/821/821 821/822/822 702/702/702
f 702/702/702 746/746/746 822/821/821
f 821/822/822 804/803/803 705/705/705
f 705/705/705 703/703/703 821/822/822
f 816/817/817 815/814/814 720/720/720
f 720/720/720 723/725/725 816/817/817
f 823/823/823 818/818/818 732/731/731
f 732/731/731 793/793/793 823/823/823
f 824/824/824 817/816/816 778/778/778
f 778/778/778 794/794/794 824/824/824
f 825/825/825 819/819/819 780/780/780
f 780/780/780 795/795/795 825/825/825
f 826/826/826 820/820/820 782/782/782
f 782/782/782 796/796/796 826/826/826
f 827/827/827 822/821/821 746/746/746
f 746/746/746 797/797/797 827/827/827
f 829/828/828 828/829/829 579/578/578
f 579/578/578 575/575/575 829/828/828
f 830/830/830 829/828/828 575/575/575
f 575/575/575 576/574/574 830/830/830
f 569/569/569 831/831/831 770/770/770
f 770/770/770 568/566/566 569/569/569
f 833/832/832 832/833/833 573/573/573
f 573/573/573 570/572/572 833/832/832
f 833/832/832 570/572/572 580/581/581
f 580/581/581 834/834/834 833/832/832
f 835/835/835 579/578/578 828/829/829
f 828/829/829 836/836/836 835/835/835
f 766/766/766 764/764/764 835/835/835
f 835/835/835 837/837/837 766/766/766
f 755/757/757 839/838/838 838/839/839
f 838/839/839 758/758/758 755/757/757
f 758/758/758 838/839/839 840/840/840
f 840/840/840 760/759/759 758/758/758
f 841/841/841 763/763/763 762/761/761
f 762/761/761 842/842/842 841/841/841
f 839/838/838 843/843/843 838/839/839
f 833/832/832 834/834/834 844/844/844
f 844/844/844 843/843/843 833/832/832
f 821/822/822 703/703/703 702/702/702
f 815/814/814 721/721/721 720/720/720
f 817/816/816 724/724/724 778/778/778
f 810/811/811 716/716/716 715/715/715
f 819/819/819 736/737/737 780/780/780
f 806/807/807 710/710/710 709/709/709
f 820/820/820 740/741/741 782/782/782
f 800/799/799 697/696/696 731/732/732
f 612/612/612 622/622/622 785/785/785
f 632/631/631 765/765/765 744/744/744
f 744/744/744 630/630/630 632/631/631
f 613/611/611 622/622/622 612/612/612
f 583/583/583 618/617/617 582/584/584
f 578/579/579 763/763/763 841/841/841
f 841/841/841 574/576/576 578/579/579
f 845/845/845 769/767/767 770/770/770
f 770/770/770 831/831/831 845/845/845
f 848/846/846 847/847/847 846/848/848
f 846/848/848 849/849/849 848/846/846
f 571/571/571 851/850/850 850/851/851
f 850/851/851 581/580/580 571/571/571
f 549/547/547 853/852/852 852/853/853
f 852/853/853 548/548/548 549/547/547
f 856/854/854 855/855/855 854/856/856
f 854/856/856 857/857/857 856/854/854
f 856/854/854 857/857/857 542/542/542
f 542/542/542 543/541/541 856/854/854
f 546/545/545 542/542/542 857/857/857
f 857/857/857 858/858/858 546/545/545
f 861/859/859 860/860/860 859/861/861
f 859/861/861 862/862/862 861/859/859
f 537/539/539 864/863/863 863/864/864
f 863/864/864 865/865/865 537/539/539
f 540/540/540 537/539/539 865/865/865
f 865/865/865 866/866/866 540/540/540
f 859/861/861 540/540/540 866/866/866
f 866/866/866 867/867/867 859/861/861
f 862/862/862 859/861/861 867/867/867
f 867/867/867 868/868/868 862/862/862
f 846/848/848 870/869/869 869/870/870
f 869/870/870 849/849/849 846/848/848
f 873/871/871 872/872/872 871/873/873
f 871/873/873 874/874/874 873/871/871
f 875/875/875 547/549/549 851/850/850
f 851/850/850 876/876/876 875/875/875
f 580/581/581 576/574/574 577/577/577
f 577/577/577 834/834/834 580/581/581
f 581/580/580 830/830/830 576/574/574
f 576/574/574 580/581/581 581/580/580
f 844/844/844 834/834/834 577/577/577
f 577/577/577 877/877/877 844/844/844
f 878/878/878 546/545/545 858/858/858
f 858/858/858 879/879/879 878/878/878
f 880/880/880 545/546/546 546/545/545
f 546/545/545 878/878/878 880/880/880
f 840/840/840 842/842/842 762/761/761
f 762/761/761 760/759/759 840/840/840
f 881/881/881 854/856/856 855/855/855
f 855/855/855 882/882/882 881/881/881
f 874/874/874 871/873/873 883/883/883
f 883/883/883 837/837/837 874/874/874
f 884/884/884 754/754/754 753/753/753
f 753/753/753 883/883/883 884/884/884
f 887/885/885 886/886/886 885/887/887
f 885/887/887 848/846/846 887/885/885
f 591/591/591 609/609/609 610/608/608
f 610/608/608 590/592/592 591/591/591
f 538/538/538 539/537/537 888/888/888
f 888/888/888 889/889/889 538/538/538
f 579/578/578 835/835/835 764/764/764
f 764/764/764 578/579/579 579/578/578
f 828/829/829 829/828/828 890/890/890
f 890/890/890 891/891/891 828/829/829
f 829/828/828 830/830/830 892/892/892
f 892/892/892 890/890/890 829/828/828
f 893/893/893 566/568/568 567/567/567
f 567/567/567 894/894/894 893/893/893
f 851/850/850 571/571/571 572/570/570
f 572/570/570 876/876/876 851/850/850
f 830/830/830 581/580/580 850/851/851
f 850/851/851 892/892/892 830/830/830
f 547/549/549 548/548/548 850/851/851
f 850/851/851 851/850/850 547/549/549
f 891/891/891 896/895/895 895/896/896
f 895/896/896 897/897/897 891/891/891
f 548/548/548 852/853/853 892/892/892
f 892/892/892 850/851/851 548/548/548
f 898/898/898 550/550/550 547/549/549
f 547/549/549 875/875/875 898/898/898
f 852/853/853 899/899/899 890/890/890
f 890/890/890 892/892/892 852/853/853
f 899/899/899 896/895/895 891/891/891
f 891/891/891 890/890/890 899/899/899
f 856/854/854 901/900/900 900/901/901
f 900/901/901 855/855/855 856/854/854
f 902/902/902 554/556/556 555/555/555
f 555/555/555 903/903/903 902/902/902
f 854/856/856 904/904/904 858/858/858
f 858/858/858 857/857/857 854/856/856
f 907/905/905 906/906/906 905/907/907
f 905/907/907 908/908/908 907/905/905
f 904/904/904 909/909/909 879/879/879
f 879/879/879 858/858/858 904/904/904
f 910/910/910 884/884/884 883/883/883
f 883/883/883 871/873/873 910/910/910
f 911/911/911 910/910/910 871/873/873
f 871/873/873 872/872/872 911/911/911
f 912/912/912 861/859/859 901/900/900
f 901/900/900 913/913/913 912/912/912
f 914/914/914 885/887/887 886/886/886
f 886/886/886 915/915/915 914/914/914
f 917/916/916 916/917/917 885/887/887
f 885/887/887 914/914/914 917/916/916
f 916/917/917 917/916/916 918/918/918
f 919/919/919 847/847/847 916/917/917
f 916/917/917 918/918/918 919/919/919
f 914/914/914 915/915/915 555/555/555
f 555/555/555 556/554/554 914/914/914
f 555/555/555 915/915/915 920/920/920
f 920/920/920 903/903/903 555/555/555
f 847/847/847 848/846/846 885/887/887
f 885/887/887 916/917/917 847/847/847
f 887/885/885 848/846/846 849/849/849
f 849/849/849 921/921/921 887/885/885
f 846/848/848 847/847/847 919/919/919
f 919/919/919 870/869/869 846/848/848
f 868/868/868 887/885/885 921/921/921
f 921/921/921 862/862/862 868/868/868
f 869/870/870 870/869/869 895/896/896
f 895/896/896 922/922/922 869/870/870
f 918/918/918 872/872/872 919/919/919
f 744/744/744 765/765/765 766/766/766
f 766/766/766 753/753/753 744/744/744
f 753/753/753 766/766/766 837/837/837
f 837/837/837 883/883/883 753/753/753
f 873/871/871 874/874/874 836/836/836
f 836/836/836 897/897/897 873/871/871
f 836/836/836 874/874/874 837/837/837
f 837/837/837 835/835/835 836/836/836
f 919/919/919 872/872/872 873/871/871
f 873/871/871 870/869/869 919/919/919
f 870/869/869 873/871/871 897/897/897
f 897/897/897 895/896/896 870/869/869
f 619/619/619 765/765/765 633/633/633
f 843/843/843 839/838/838 832/833/833
f 832/833/833 833/832/832 843/843/843
f 843/843/843 844/844/844 840/840/840
f 840/840/840 838/839/839 843/843/843
f 844/844/844 877/877/877 842/842/842
f 842/842/842 840/840/840 844/844/844
f 872/872/872 918/918/918 917/916/916
f 917/916/916 911/911/911 872/872/872
f 864/863/863 537/539/539 538/538/538
f 538/538/538 923/923/923 864/863/863
f 889/889/889 924/924/924 923/923/923
f 923/923/923 538/538/538 889/889/889
f 841/841/841 877/877/877 577/577/577
f 577/577/577 574/576/576 841/841/841
f 841/841/841 842/842/842 877/877/877
f 615/615/615 625/625/625 925/925/925
f 925/925/925 790/790/790 615/615/615
f 616/616/616 615/615/615 659/660/660
f 925/925/925 620/620/620 582/584/584
f 582/584/584 790/790/790 925/925/925
f 790/790/790 672/674/674 659/660/660
f 659/660/660 615/615/615 790/790/790
f 790/790/790 675/675/675 672/674/674
f 625/625/625 624/624/624 926/926/926
f 926/926/926 927/927/927 625/625/625
f 625/625/625 927/927/927 928/928/928
f 928/928/928 925/925/925 625/625/625
f 624/624/624 623/623/623 926/926/926
f 927/927/927 757/755/755 759/760/760
f 759/760/760 928/928/928 927/927/927
f 757/755/755 927/927/927 926/926/926
f 926/926/926 756/756/756 757/755/755
f 926/926/926 623/623/623 756/756/756
f 621/621/621 620/620/620 929/929/929
f 929/929/929 930/930/930 621/621/621
f 929/929/929 759/760/760 761/762/762
f 761/762/762 930/930/930 929/929/929
f 593/593/593 621/621/621 930/930/930
f 930/930/930 592/590/590 593/593/593
f 761/762/762 592/590/590 930/930/930
f 929/929/929 928/928/928 759/760/760
f 929/929/929 620/620/620 925/925/925
f 925/925/925 928/928/928 929/929/929
f 904/904/904 854/856/856 881/881/881
f 881/881/881 853/852/852 904/904/904
f 881/881/881 882/882/882 896/895/895
f 896/895/895 899/899/899 881/881/881
f 853/852/852 881/881/881 899/899/899
f 899/899/899 852/853/853 853/852/852
f 860/860/860 539/537/537 540/540/540
f 540/540/540 859/861/861 860/860/860
f 910/910/910 911/911/911 894/894/894
f 894/894/894 567/567/567 910/910/910
f 884/884/884 910/910/910 567/567/567
f 567/567/567 568/566/566 884/884/884
f 754/754/754 884/884/884 568/566/566
f 568/566/566 770/770/770 754/754/754
f 767/769/769 752/752/752 754/754/754
f 754/754/754 770/770/770 767/769/769
f 751/751/751 626/626/626 752/752/752
f 752/752/752 767/769/769 751/751/751
f 886/886/886 887/885/885 868/868/868
f 868/868/868 931/931/931 886/886/886
f 556/554/554 932/932/932 917/916/916
f 917/916/916 914/914/914 556/554/554
f 932/932/932 894/894/894 911/911/911
f 911/911/911 917/916/916 932/932/932
f 849/849/849 869/870/870 933/933/933
f 933/933/933 921/921/921 849/849/849
f 934/934/934 931/931/931 868/868/868
f 868/868/868 867/867/867 934/934/934
f 931/931/931 920/920/920 915/915/915
f 915/915/915 886/886/886 931/931/931
f 936/935/935 935/936/936 560/558/558
f 560/558/558 561/561/561 936/935/935
f 922/922/922 895/896/896 896/895/895
f 896/895/895 882/882/882 922/922/922
f 922/922/922 882/882/882 855/855/855
f 855/855/855 900/901/901 922/922/922
f 828/829/829 891/891/891 897/897/897
f 897/897/897 836/836/836 828/829/829
f 933/933/933 869/870/870 922/922/922
f 922/922/922 900/901/901 933/933/933
f 893/893/893 894/894/894 932/932/932
f 932/932/932 937/937/937 893/893/893
f 938/938/938 449/447/447 450/450/450
f 450/450/450 939/939/939 938/938/938
f 556/554/554 557/557/557 937/937/937
f 937/937/937 932/932/932 556/554/554
f 422/422/422 421/421/421 532/532/532
f 532/532/532 415/415/415 422/422/422
f 865/865/865 863/864/864 935/936/936
f 935/936/936 936/935/935 865/865/865
f 442/443/443 518/518/518 469/468/468
f 469/468/468 440/440/440 442/443/443
f 518/518/518 473/473/473 469/468/468
f 461/459/459 465/463/463 466/466/466
f 466/466/466 460/460/460 461/459/459
f 132/130/130 133/133/133 940/940/940
f 940/940/940 941/941/941 132/130/130
f 941/941/941 940/940/940 942/942/942
f 942/942/942 459/461/461 941/941/941
f 459/461/461 942/942/942 943/943/943
f 943/943/943 462/462/462 459/461/461
f 462/462/462 943/943/943 944/944/944
f 944/944/944 945/945/945 462/462/462
f 474/476/476 475/475/475 946/946/946
f 946/946/946 947/947/947 474/476/476
f 495/495/495 946/946/946 475/475/475
f 475/475/475 494/492/492 495/495/495
f 946/946/946 495/495/495 490/489/489
f 490/489/489 491/491/491 946/946/946
f 946/946/946 491/491/491 948/948/948
f 948/948/948 947/947/947 946/946/946
f 949/949/949 948/948/948 491/491/491
f 491/491/491 489/490/490 949/949/949
f 949/949/949 489/490/490 362/362/362
f 362/362/362 486/488/488 949/949/949
f 390/389/389 391/391/391 433/431/431
f 465/463/463 458/458/458 455/457/457
f 455/457/457 464/464/464 465/463/463
f 950/950/950 458/458/458 465/463/463
f 465/463/463 461/459/459 950/950/950
f 945/945/945 950/950/950 461/459/459
f 461/459/459 462/462/462 945/945/945
f 951/951/951 941/941/941 459/461/461
f 459/461/461 460/460/460 951/951/951
f 460/460/460 466/466/466 478/479/479
f 478/479/479 951/951/951 460/460/460
f 483/483/483 952/952/952 467/467/467
f 467/467/467 482/480/480 483/483/483
f 953/953/953 132/130/130 941/941/941
f 941/941/941 951/951/951 953/953/953
f 955/954/954 954/955/955 478/479/479
f 478/479/479 479/478/478 955/954/954
f 957/956/956 956/957/957 952/952/952
f 952/952/952 483/483/483 957/956/956
f 483/483/483 480/482/482 957/956/956
f 954/955/955 953/953/953 951/951/951
f 951/951/951 478/479/479 954/955/955
f 125/124/124 363/363/363 953/953/953
f 953/953/953 954/955/955 125/124/124
f 113/113/113 958/958/958 363/363/363
f 363/363/363 125/124/124 113/113/113
f 959/959/959 958/958/958 113/113/113
f 113/113/113 110/112/112 959/959/959
f 123/121/121 121/123/123 960/960/960
f 960/960/960 126/128/128 123/121/121
f 124/125/125 125/124/124 954/955/955
f 954/955/955 955/954/954 124/125/125
f 377/375/375 484/484/484 956/957/957
f 956/957/957 957/956/956 377/375/375
f 376/376/376 377/375/375 957/956/956
f 957/956/956 480/482/482 376/376/376
f 952/952/952 479/478/478 463/465/465
f 463/465/465 467/467/467 952/952/952
f 956/957/957 955/954/954 479/478/478
f 479/478/478 952/952/952 956/957/957
f 484/484/484 124/125/125 955/954/954
f 955/954/954 956/957/957 484/484/484
f 112/110/110 124/125/125 484/484/484
f 484/484/484 407/408/408 112/110/110
f 111/111/111 112/110/110 407/408/408
f 407/408/408 408/407/407 111/111/111
f 470/472/472 428/428/428 429/427/427
f 429/427/427 468/469/469 470/472/472
f 948/948/948 949/949/949 961/961/961
f 961/961/961 962/962/962 948/948/948
f 947/947/947 948/948/948 962/962/962
f 962/962/962 963/963/963 947/947/947
f 474/476/476 947/947/947 963/963/963
f 963/963/963 964/964/964 474/476/476
f 477/477/477 474/476/476 964/964/964
f 964/964/964 965/965/965 477/477/477
f 122/122/122 389/390/390 130/132/132
f 130/132/132 131/131/131 122/122/122
f 131/131/131 132/130/130 953/953/953
f 953/953/953 363/363/363 131/131/131
f 391/391/391 122/122/122 123/121/121
f 123/121/121 388/388/388 391/391/391
f 472/470/470 477/477/477 965/965/965
f 965/965/965 471/471/471 472/470/470
f 388/388/388 434/435/435 433/431/431
f 433/431/431 391/391/391 388/388/388
f 434/435/435 967/966/966 966/967/967
f 961/961/961 949/949/949 486/488/488
f 486/488/488 968/968/968 961/961/961
f 457/455/455 458/458/458 950/950/950
f 950/950/950 969/969/969 457/455/455
f 970/970/970 969/969/969 950/950/950
f 950/950/950 945/945/945 970/970/970
f 971/971/971 970/970/970 945/945/945
f 945/945/945 944/944/944 971/971/971
f 974/972/972 973/973/973 972/974/974
f 972/974/974 975/975/975 974/972/972
f 972/974/974 977/976/976 976/977/977
f 976/977/977 975/975/975 972/974/974
f 936/935/935 978/978/978 866/866/866
f 866/866/866 865/865/865 936/935/935
f 978/978/978 936/935/935 561/561/561
f 561/561/561 563/563/563 978/978/978
f 920/920/920 931/931/931 934/934/934
f 978/978/978 934/934/934 867/867/867
f 867/867/867 866/866/866 978/978/978
f 563/563/563 920/920/920 934/934/934
f 934/934/934 978/978/978 563/563/563
f 562/562/562 903/903/903 920/920/920
f 920/920/920 563/563/563 562/562/562
f 981/979/979 980/980/980 979/981/981
f 979/981/981 448/448/448 981/979/979
f 406/406/406 397/397/397 398/398/398
f 398/398/398 405/403/403 406/406/406
f 982/982/982 879/879/879 909/909/909
f 452/452/452 984/983/983 983/984/984
f 983/984/984 451/451/451 452/452/452
f 452/452/452 448/448/448 979/981/981
f 412/413/413 108/106/106 109/109/109
f 981/979/979 448/448/448 449/447/447
f 449/447/447 938/938/938 981/979/979
f 987/985/985 986/986/986 985/987/987
f 985/987/987 988/988/988 987/985/985
f 989/989/989 535/533/533 985/987/987
f 985/987/987 986/986/986 989/989/989
f 535/533/533 536/536/536 990/990/990
f 990/990/990 985/987/987 535/533/533
f 991/991/991 988/988/988 985/987/987
f 985/987/987 990/990/990 991/991/991
f 984/983/983 993/992/992 992/993/993
f 992/993/993 983/984/984 984/983/983
f 564/565/565 994/994/994 990/990/990
f 990/990/990 536/536/536 564/565/565
f 990/990/990 994/994/994 995/995/995
f 995/995/995 991/991/991 990/990/990
f 996/996/996 992/993/993 993/992/992
f 993/992/992 997/997/997 996/996/996
f 550/550/550 898/898/898 906/906/906
f 906/906/906 907/905/905 550/550/550
f 909/909/909 549/547/547 550/550/550
f 550/550/550 907/905/905 909/909/909
f 853/852/852 549/547/547 909/909/909
f 909/909/909 904/904/904 853/852/852
f 903/903/903 562/562/562 998/998/998
f 998/998/998 902/902/902 903/903/903
f 998/998/998 562/562/562 558/560/560
f 558/560/560 999/999/999 998/998/998
f 1000/1000/1000 529/528/528 424/424/424
f 424/424/424 1001/1001/1001 1000/1000/1000
f 1001/1001/1001 424/424/424 116/114/114
f 999/999/999 558/560/560 559/559/559
f 909/909/909 907/905/905 908/908/908
f 908/908/908 982/982/982 909/909/909
f 1002/1002/1002 880/880/880 878/878/878
f 878/878/878 982/982/982 1002/1002/1002
f 994/994/994 1002/1002/1002 1003/1003/1003
f 1003/1003/1003 995/995/995 994/994/994
f 1004/1004/1004 996/996/996 997/997/997
f 997/997/997 1005/1005/1005 1004/1004/1004
f 878/878/878 879/879/879 982/982/982
f 1006/1006/1006 1004/1004/1004 1005/1005/1005
f 1005/1005/1005 1007/1007/1007 1006/1006/1006
f 880/880/880 1002/1002/1002 994/994/994
f 994/994/994 564/565/565 880/880/880
f 1007/1007/1007 1009/1008/1008 1008/1009/1009
f 1008/1009/1009 1006/1006/1006 1007/1007/1007
f 1003/1003/1003 1002/1002/1002 1010/1010/1010
f 1010/1010/1010 1011/1011/1011 1003/1003/1003
f 1013/1012/1012 1012/1013/1013 1011/1011/1011
f 1011/1011/1011 1010/1010/1010 1013/1012/1012
f 982/982/982 908/908/908 1010/1010/1010
f 1010/1010/1010 1002/1002/1002 982/982/982
f 1013/1012/1012 1010/1010/1010 908/908/908
f 908/908/908 905/907/907 1013/1012/1012
f 426/426/426 425/425/425 958/958/958
f 958/958/958 959/959/959 426/426/426
f 363/363/363 958/958/958 425/425/425
f 425/425/425 121/123/123 363/363/363
f 913/913/913 1014/1014/1014 888/888/888
f 888/888/888 912/912/912 913/913/913
f 900/901/901 901/900/900 861/859/859
f 861/859/859 933/933/933 900/901/901
f 551/552/552 924/924/924 889/889/889
f 889/889/889 553/553/553 551/552/552
f 1014/1014/1014 553/553/553 889/889/889
f 889/889/889 888/888/888 1014/1014/1014
f 912/912/912 888/888/888 539/537/537
f 539/537/537 860/860/860 912/912/912
f 912/912/912 860/860/860 861/859/859
f 1014/1014/1014 544/544/544 552/551/551
f 552/551/551 553/553/553 1014/1014/1014
f 543/541/541 544/544/544 1014/1014/1014
f 1014/1014/1014 913/913/913 543/541/541
f 856/854/854 543/541/541 913/913/913
f 913/913/913 901/900/900 856/854/854
f 861/859/859 862/862/862 921/921/921
f 921/921/921 933/933/933 861/859/859
f 533/535/535 552/551/551 544/544/544
f 544/544/544 565/564/564 533/535/535
f 545/546/546 880/880/880 564/565/565
f 564/565/565 565/564/564 545/546/546
f 565/564/564 544/544/544 541/543/543
f 541/543/543 545/546/546 565/564/564
f 477/477/477 472/470/470 473/473/473
f 473/473/473 476/474/474 477/477/477
f 1016/1015/1015 524/523/523 1015/1016/1016
f 1015/1016/1016 1017/1017/1017 1016/1015/1015
f 1020/1018/1018 1019/1019/1019 1018/1020/1020
f 1018/1020/1020 1021/1021/1021 1020/1018/1018
f 1019/1019/1019 1022/1022/1022 294/296/296
f 294/296/296 1018/1020/1020 1019/1019/1019
f 374/374/374 1015/1016/1016 524/523/523
f 524/523/523 387/387/387 374/374/374
f 1015/1016/1016 374/374/374 372/373/373
f 372/373/373 522/522/522 1015/1016/1016
f 522/522/522 1020/1018/1018 1017/1017/1017
f 1017/1017/1017 1015/1016/1016 522/522/522
f 522/522/522 521/521/521 1019/1019/1019
f 1019/1019/1019 1020/1018/1018 522/522/522
f 516/515/515 1023/1023/1023 513/513/513
f 513/513/513 512/512/512 516/515/515
f 1023/1023/1023 1022/1022/1022 514/514/514
f 514/514/514 513/513/513 1023/1023/1023
f 1022/1022/1022 1019/1019/1019 521/521/521
f 521/521/521 514/514/514 1022/1022/1022
f 1016/1015/1015 1024/1024/1024 523/524/524
f 523/524/524 524/523/523 1016/1015/1015
f 121/123/123 425/425/425 394/394/394
f 394/394/394 960/960/960 121/123/123
f 1025/1025/1025 973/973/973 974/972/972
f 974/972/972 1026/1026/1026 1025/1025/1025
f 1027/1027/1027 454/453/453 117/119/119
f 117/119/119 1028/1028/1028 1027/1027/1027
f 1029/1029/1029 1027/1027/1027 1028/1028/1028
f 1028/1028/1028 1030/1030/1030 1029/1029/1029
f 632/631/631 633/633/633 765/765/765
f 619/619/619 609/609/609 765/765/765
f 629/628/628 630/630/630 744/744/744
f 365/365/365 1032/1031/1031 1031/1032/1032
f 1031/1032/1032 364/366/366 365/365/365
f 1035/1033/1033 1034/1034/1034 1033/1035/1035
f 1033/1035/1035 1036/1036/1036 1035/1033/1033
f 1037/1037/1037 1036/1036/1036 1033/1035/1035
f 1033/1035/1035 1038/1038/1038 1037/1037/1037
f 1037/1037/1037 1038/1038/1038 1039/1039/1039
f 1039/1039/1039 1040/1040/1040 1037/1037/1037
f 1033/1035/1035 1034/1034/1034 1041/1041/1041
f 1041/1041/1041 1042/1042/1042 1033/1035/1035
f 1033/1035/1035 1042/1042/1042 1043/1043/1043
f 1043/1043/1043 1038/1038/1038 1033/1035/1035
f 1039/1039/1039 1038/1038/1038 1043/1043/1043
f 1037/1037/1037 1040/1040/1040 1044/1044/1044
f 1036/1036/1036 1037/1037/1037 1045/1045/1045
f 1045/1045/1045 1046/1046/1046 1036/1036/1036
f 1035/1033/1033 1036/1036/1036 1047/1047/1047
f 1047/1047/1047 1048/1048/1048 1035/1033/1033
f 1051/1049/1049 1050/1050/1050 1049/1051/1051
f 1049/1051/1051 1052/1052/1052 1051/1049/1049
f 1054/1053/1053 1053/1054/1054 1051/1049/1049
f 1051/1049/1049 1052/1052/1052 1054/1053/1053
f 1054/1053/1053 1055/1055/1055 1039/1039/1039
f 1039/1039/1039 1053/1054/1054 1054/1053/1053
f 1042/1042/1042 1041/1041/1041 1050/1050/1050
f 1050/1050/1050 1051/1049/1049 1042/1042/1042
f 1051/1049/1049 1053/1054/1054 1043/1043/1043
f 1043/1043/1043 1042/1042/1042 1051/1049/1049
f 1043/1043/1043 1053/1054/1054 1039/1039/1039
f 1058/1056/1056 1057/1057/1057 1056/1058/1058
f 1056/1058/1058 1059/1059/1059 1058/1056/1056
f 1060/1060/1060 1059/1059/1059 1056/1058/1058
f 1056/1058/1058 1061/1061/1061 1060/1060/1060
f 1060/1060/1060 1061/1061/1061 1062/1062/1062
f 1062/1062/1062 1063/1063/1063 1060/1060/1060
f 1057/1057/1057 1065/1064/1064 1064/1065/1065
f 1064/1065/1065 1056/1058/1058 1057/1057/1057
f 1056/1058/1058 1064/1065/1065 1066/1066/1066
f 1066/1066/1066 1061/1061/1061 1056/1058/1058
f 1062/1062/1062 1061/1061/1061 1066/1066/1066
f 1069/1067/1067 1068/1068/1068 1067/1069/1069
f 1071/1070/1070 1070/1071/1071 1067/1069/1069
f 1067/1069/1069 1072/1072/1072 1071/1070/1070
f 1074/1073/1073 1072/1072/1072 1073/1074/1074
f 1073/1074/1074 1075/1075/1075 1074/1073/1073
f 1077/1076/1076 1076/1077/1077 1073/1074/1074
f 1073/1074/1074 1072/1072/1072 1077/1076/1076
f 1067/1069/1069 1078/1078/1078 1077/1076/1076
f 1077/1076/1076 1072/1072/1072 1067/1069/1069
f 1067/1069/1069 1068/1068/1068 1062/1062/1062
f 1062/1062/1062 1078/1078/1078 1067/1069/1069
f 1064/1065/1065 1065/1064/1064 1076/1077/1077
f 1076/1077/1077 1077/1076/1076 1064/1065/1065
f 1077/1076/1076 1078/1078/1078 1066/1066/1066
f 1066/1066/1066 1064/1065/1065 1077/1076/1076
f 1066/1066/1066 1078/1078/1078 1062/1062/1062
f 1081/1079/1079 1080/1080/1080 1079/1081/1081
f 1079/1081/1081 1082/1082/1082 1081/1079/1079
f 1083/1083/1083 1082/1082/1082 1079/1081/1081
f 1079/1081/1081 1084/1084/1084 1083/1083/1083
f 1083/1083/1083 1084/1084/1084 1085/1085/1085
f 1085/1085/1085 1086/1086/1086 1083/1083/1083
f 1080/1080/1080 1088/1087/1087 1087/1088/1088
f 1087/1088/1088 1079/1081/1081 1080/1080/1080
f 1079/1081/1081 1087/1088/1088 1089/1089/1089
f 1089/1089/1089 1084/1084/1084 1079/1081/1081
f 1085/1085/1085 1084/1084/1084 1089/1089/1089
f 1092/1090/1090 1091/1091/1091 1090/1092/1092
f 1090/1092/1092 1093/1093/1093 1092/1090/1090
f 1095/1094/1094 1094/1095/1095 1092/1090/1090
f 1092/1090/1090 1093/1093/1093 1095/1094/1094
f 1095/1094/1094 1096/1096/1096 1085/1085/1085
f 1085/1085/1085 1094/1095/1095 1095/1094/1094
f 1087/1088/1088 1088/1087/1087 1091/1091/1091
f 1091/1091/1091 1092/1090/1090 1087/1088/1088
f 1092/1090/1090 1094/1095/1095 1089/1089/1089
f 1089/1089/1089 1087/1088/1088 1092/1090/1090
f 1089/1089/1089 1094/1095/1095 1085/1085/1085
f 1095/1094/1094 1097/1097/1097 1096/1096/1096
f 1097/1097/1097 1095/1094/1094 1093/1093/1093
f 1093/1093/1093 1098/1098/1098 1097/1097/1097
f 1090/1092/1092 1099/1099/1099 1098/1098/1098
f 1098/1098/1098 1093/1093/1093 1090/1092/1092
f 1102/1100/1100 1101/1101/1101 1100/1102/1102
f 1100/1102/1102 1103/1103/1103 1102/1100/1100
f 1104/1104/1104 1103/1103/1103 1100/1102/1102
f 1100/1102/1102 1105/1105/1105 1104/1104/1104
f 1104/1104/1104 1105/1105/1105 1106/1106/1106
f 1106/1106/1106 1107/1107/1107 1104/1104/1104
f 1101/1101/1101 1109/1108/1108 1108/1109/1109
f 1108/1109/1109 1100/1102/1102 1101/1101/1101
f 1100/1102/1102 1108/1109/1109 1110/1110/1110
f 1110/1110/1110 1105/1105/1105 1100/1102/1102
f 1106/1106/1106 1105/1105/1105 1110/1110/1110
f 1113/1111/1111 1112/1112/1112 1111/1113/1113
f 1111/1113/1113 1114/1114/1114 1113/1111/1111
f 1116/1115/1115 1115/1116/1116 1113/1111/1111
f 1113/1111/1111 1114/1114/1114 1116/1115/1115
f 1116/1115/1115 1117/1117/1117 1106/1106/1106
f 1106/1106/1106 1115/1116/1116 1116/1115/1115
f 1108/1109/1109 1109/1108/1108 1112/1112/1112
f 1112/1112/1112 1113/1111/1111 1108/1109/1109
f 1113/1111/1111 1115/1116/1116 1110/1110/1110
f 1110/1110/1110 1108/1109/1109 1113/1111/1111
f 1110/1110/1110 1115/1116/1116 1106/1106/1106
f 1116/1115/1115 1118/1118/1118 1117/1117/1117
f 1118/1118/1118 1116/1115/1115 1114/1114/1114
f 1114/1114/1114 1119/1119/1119 1118/1118/1118
f 1120/1120/1120 1119/1119/1119 1114/1114/1114
f 1114/1114/1114 1111/1113/1113 1120/1120/1120
f 1123/1121/1121 1122/1122/1122 1121/1123/1123
f 1121/1123/1123 1124/1124/1124 1123/1121/1121
f 1125/1125/1125 1123/1121/1121 1124/1124/1124
f 1124/1124/1124 1126/1126/1126 1125/1125/1125
f 1125/1125/1125 1126/1126/1126 1127/1127/1127
f 1127/1127/1127 1128/1128/1128 1125/1125/1125
f 1121/1123/1123 1130/1129/1129 1129/1130/1130
f 1129/1130/1130 1124/1124/1124 1121/1123/1123
f 1124/1124/1124 1129/1130/1130 1131/1131/1131
f 1131/1131/1131 1126/1126/1126 1124/1124/1124
f 1127/1127/1127 1126/1126/1126 1131/1131/1131
f 1134/1132/1132 1133/1133/1133 1132/1134/1134
f 1132/1134/1134 1135/1135/1135 1134/1132/1132
f 1137/1136/1136 1136/1137/1137 1134/1132/1132
f 1134/1132/1132 1135/1135/1135 1137/1136/1136
f 1137/1136/1136 1138/1138/1138 1127/1127/1127
f 1127/1127/1127 1136/1137/1137 1137/1136/1136
f 1130/1129/1129 1133/1133/1133 1134/1132/1132
f 1134/1132/1132 1129/1130/1130 1130/1129/1129
f 1134/1132/1132 1136/1137/1137 1131/1131/1131
f 1131/1131/1131 1129/1130/1130 1134/1132/1132
f 1131/1131/1131 1136/1137/1137 1127/1127/1127
f 1137/1136/1136 1139/1139/1139 1138/1138/1138
f 1139/1139/1139 1137/1136/1136 1135/1135/1135
f 1135/1135/1135 1140/1140/1140 1139/1139/1139
f 1132/1134/1134 1141/1141/1141 1140/1140/1140
f 1140/1140/1140 1135/1135/1135 1132/1134/1134
f 332/331/331 244/244/244 242/243/243
f 242/243/243 243/242/242 331/332/332
f 336/335/335 249/249/249 250/250/250
f 250/250/250 316/316/316 335/336/336
f 341/340/340 255/255/255 256/256/256
f 256/256/256 318/318/318 340/341/341
f 346/345/345 261/262/262 262/261/261
f 262/261/261 321/321/321 345/346/346
f 327/326/326 237/237/237 238/238/238
f 238/238/238 309/309/309 326/327/327
f 699/699/699 700/700/700 1142/1142/1142
f 699/699/699 1142/1142/1142 802/802/802
f 706/706/706 787/787/787 1143/1143/1143
f 706/706/706 1143/1143/1143 805/805/805
f 712/712/712 789/789/789 1144/1144/1144
f 712/712/712 1144/1144/1144 809/809/809
f 719/718/718 791/792/792 1145/1145/1145
f 719/718/718 1145/1145/1145 813/813/813
f 694/694/694 777/777/777 1146/1146/1146
f 694/694/694 1146/1146/1146 798/798/798
f 164/166/166 165/165/165 181/181/181
f 181/181/181 1147/1147/1147 164/166/166
f 383/383/383 1148/1148/1148 384/384/384
f 118/118/118 1149/1149/1149 1028/1028/1028
f 1028/1028/1028 117/119/119 118/118/118
f 1149/1149/1149 1150/1150/1150 1030/1030/1030
f 1030/1030/1030 1028/1028/1028 1149/1149/1149
f 552/551/551 533/535/535 534/534/534
f 531/531/531 527/527/527 379/381/381
f 118/118/118 531/531/531 379/381/381
f 379/381/381 1149/1149/1149 118/118/118
f 379/381/381 380/380/380 1150/1150/1150
f 1150/1150/1150 1149/1149/1149 379/381/381
f 419/419/419 417/417/417 119/117/117
f 119/117/117 120/120/120 419/419/419
f 368/370/370 481/481/481 482/480/480
f 482/480/480 371/371/371 368/370/370
f 482/480/480 467/467/467 386/385/385
f 386/385/385 371/371/371 482/480/480
f 128/126/126 410/410/410 1151/1151/1151
f 1151/1151/1151 1152/1152/1152 128/126/126
f 1151/1151/1151 410/410/410 411/411/411
f 411/411/411 1153/1153/1153 1151/1151/1151
f 416/414/414 1154/1154/1154 422/422/422
f 422/422/422 415/415/415 416/414/414
f 422/422/422 1154/1154/1154 1155/1155/1155
f 1155/1155/1155 402/402/402 422/422/422
f 402/402/402 1155/1155/1155 1156/1156/1156
f 1156/1156/1156 401/399/399 402/402/402
f 416/414/414 418/418/418 1157/1157/1157
f 1157/1157/1157 1154/1154/1154 416/414/414
f 1154/1154/1154 1157/1157/1157 1158/1158/1158
f 1158/1158/1158 1155/1155/1155 1154/1154/1154
f 1155/1155/1155 1158/1158/1158 1159/1159/1159
f 1159/1159/1159 1156/1156/1156 1155/1155/1155
f 1162/1160/1160 1161/1161/1161 1160/1162/1162
f 1160/1162/1162 1163/1163/1163 1162/1160/1160
f 432/432/432 975/975/975 976/977/977
f 976/977/977 431/433/433 432/432/432
f 432/432/432 433/431/431 434/435/435
f 434/435/435 966/967/967 432/432/432
f 435/434/434 1164/1164/1164 967/966/966
f 967/966/966 434/435/435 435/434/434
f 1165/1165/1165 419/419/419 120/120/120
f 120/120/120 453/454/454 1165/1165/1165
f 966/967/967 974/972/972 975/975/975
f 975/975/975 432/432/432 966/967/967
f 1166/1166/1166 457/455/455 1025/1025/1025
f 457/455/455 969/969/969 973/973/973
f 973/973/973 1025/1025/1025 457/455/455
f 969/969/969 970/970/970 972/974/974
f 972/974/974 973/973/973 969/969/969
f 970/970/970 971/971/971 977/976/976
f 977/976/976 972/974/974 970/970/970
f 487/487/487 968/968/968 486/488/488
f 1166/1166/1166 1025/1025/1025 1026/1026/1026
f 1026/1026/1026 1167/1167/1167 1166/1166/1166
f 385/386/386 1161/1161/1161 1162/1160/1160
f 1162/1160/1160 370/368/368 385/386/386
f 370/368/368 1031/1032/1032 1032/1031/1031
f 1032/1031/1031 369/369/369 370/368/368
f 1162/1160/1160 1031/1032/1032 370/368/368
f 385/386/386 455/457/457 456/456/456
f 456/456/456 1161/1161/1161 385/386/386
f 1166/1166/1166 1160/1162/1162 1161/1161/1161
f 1161/1161/1161 456/456/456 1166/1166/1166
f 419/419/419 1165/1165/1165 1168/1168/1168
f 1168/1168/1168 418/418/418 419/419/419
f 418/418/418 1168/1168/1168 1152/1152/1152
f 1152/1152/1152 1157/1157/1157 418/418/418
f 1152/1152/1152 1151/1151/1151 1158/1158/1158
f 1158/1158/1158 1157/1157/1157 1152/1152/1152
f 1158/1158/1158 1151/1151/1151 1153/1153/1153
f 1153/1153/1153 1159/1159/1159 1158/1158/1158
f 1167/1167/1167 1169/1169/1169 1160/1162/1162
f 1160/1162/1162 1166/1166/1166 1167/1167/1167
f 1169/1169/1169 1170/1170/1170 1163/1163/1163
f 1163/1163/1163 1160/1162/1162 1169/1169/1169
f 1170/1170/1170 1171/1171/1171 1148/1148/1148
f 1148/1148/1148 1163/1163/1163 1170/1170/1170
f 364/366/366 1031/1032/1032 1162/1160/1160
f 1162/1160/1160 383/383/383 364/366/366
f 383/383/383 1162/1160/1160 1163/1163/1163
f 1163/1163/1163 1148/1148/1148 383/383/383
f 453/454/454 1164/1164/1164 435/434/434
f 435/434/434 1165/1165/1165 453/454/454
f 435/434/434 127/127/127 1168/1168/1168
f 1168/1168/1168 1165/1165/1165 435/434/434
f 127/127/127 128/126/126 1152/1152/1152
f 1152/1152/1152 1168/1168/1168 127/127/127
f 453/454/454 454/453/453 1172/1172/1172
f 1172/1172/1172 1164/1164/1164 453/454/454
f 1172/1172/1172 454/453/453 1027/1027/1027
f 1027/1027/1027 1173/1173/1173 1172/1172/1172
f 1027/1027/1027 1029/1029/1029 1174/1174/1174
f 1174/1174/1174 1173/1173/1173 1027/1027/1027
f 974/972/972 966/967/967 967/966/966
f 967/966/966 1026/1026/1026 974/972/972
f 967/966/966 1164/1164/1164 1167/1167/1167
f 1167/1167/1167 1026/1026/1026 967/966/966
f 1164/1164/1164 1172/1172/1172 1169/1169/1169
f 1169/1169/1169 1167/1167/1167 1164/1164/1164
f 1169/1169/1169 1172/1172/1172 1173/1173/1173
f 1173/1173/1173 1170/1170/1170 1169/1169/1169
f 1173/1173/1173 1174/1174/1174 1171/1171/1171
f 1171/1171/1171 1170/1170/1170 1173/1173/1173
f 126/128/128 960/960/960 129/129/129
f 960/960/960 394/394/394 395/393/393
f 395/393/393 129/129/129 960/960/960
f 129/129/129 395/393/393 410/410/410
f 410/410/410 128/126/126 129/129/129
f 1166/1166/1166 456/456/456 457/455/455
f 167/167/167 164/166/166 1175/1175/1175
f 1175/1175/1175 301/301/301 167/167/167
f 1175/1175/1175 1177/1176/1176 1176/1177/1177
f 1176/1177/1177 1178/1178/1178 1175/1175/1175
f 508/508/508 302/303/303 392/392/392
f 392/392/392 507/506/506 508/508/508
f 1022/1022/1022 1023/1023/1023 298/297/297
f 298/297/297 294/296/296 1022/1022/1022
f 1023/1023/1023 516/515/515 1179/1179/1179
f 1179/1179/1179 298/297/297 1023/1023/1023
f 1179/1179/1179 516/515/515 517/517/517
f 517/517/517 510/510/510 1179/1179/1179
f 517/517/517 506/507/507 507/506/506
f 507/506/506 510/510/510 517/517/517
f 297/298/298 298/297/297 1179/1179/1179
f 297/298/298 1179/1179/1179 1180/1180/1180
f 296/294/294 297/298/298 1180/1180/1180
f 296/294/294 1180/1180/1180 168/169/169
f 168/169/169 293/293/293 296/294/294
f 1180/1180/1180 509/509/509 143/143/143
f 143/143/143 168/169/169 1180/1180/1180
f 143/143/143 509/509/509 392/392/392
f 392/392/392 142/144/144 143/143/143
f 299/300/300 187/187/187 166/164/164
f 166/164/164 167/167/167 299/300/300
f 164/166/166 1147/1147/1147 1177/1176/1176
f 1177/1176/1176 1175/1175/1175 164/166/166
f 508/508/508 1181/1181/1181 304/304/304
f 304/304/304 302/303/303 508/508/508
f 1180/1180/1180 1179/1179/1179 510/510/510
f 510/510/510 509/509/509 1180/1180/1180
f 512/512/512 499/499/499 505/505/505
f 505/505/505 515/516/516 512/512/512
f 505/505/505 519/519/519 520/520/520
f 520/520/520 515/516/516 505/505/505
f 519/519/519 445/445/445 501/501/501
f 501/501/501 520/520/520 519/519/519
f 1182/1182/1182 1017/1017/1017 1020/1018/1018
f 1020/1018/1018 1021/1021/1021 1182/1182/1182
f 1017/1017/1017 1182/1182/1182 1178/1178/1178
f 1178/1178/1178 1016/1015/1015 1017/1017/1017
f 1016/1015/1015 1178/1178/1178 1176/1177/1177
f 1176/1177/1177 1024/1024/1024 1016/1015/1015
f 502/500/500 503/503/503 1181/1181/1181
f 1181/1181/1181 508/508/508 502/500/500
f 287/286/286 420/420/420 295/295/295
f 295/295/295 286/287/287 287/286/286
f 286/287/287 295/295/295 296/294/294
f 296/294/294 293/293/293 286/287/287
f 1182/1182/1182 301/301/301 1175/1175/1175
f 1175/1175/1175 1178/1178/1178 1182/1182/1182
f 301/301/301 1182/1182/1182 1021/1021/1021
f 1021/1021/1021 300/299/299 301/301/301
f 300/299/299 1021/1021/1021 1018/1020/1020
f 1018/1020/1020 420/420/420 300/299/299
f 1018/1020/1020 294/296/296 295/295/295
f 295/295/295 420/420/420 1018/1020/1020
f 1185/1/1183 1184/4/1184 1183/3/1185
f 1183/3/1185 1186/2/1186 1185/1/1183
f 1187/5/1187 1185/1/1183 1186/2/1186
f 1186/2/1186 1188/6/1188 1187/5/1187
f 1187/5/1187 1188/6/1188 1189/8/1189
f 1189/8/1189 1190/7/1190 1187/5/1187
f 1192/9/1191 1191/10/1192 1184/4/1184
f 1184/4/1184 1185/1/1183 1192/9/1191
f 1187/5/1187 1193/11/1193 1192/9/1191
f 1192/9/1191 1185/1/1183 1187/5/1187
f 1193/11/1193 1187/5/1187 1190/7/1190
f 1196/12/1194 1195/14/1195 1194/13/1196
f 1198/15/1197 1197/16/1198 1195/14/1195
f 1195/14/1195 1196/12/1194 1198/15/1197
f 1198/15/1197 1200/18/1199 1199/17/1200
f 1199/17/1200 1197/16/1198 1198/15/1197
f 1201/19/1201 1197/16/1198 1199/17/1200
f 1199/17/1200 1202/20/1202 1201/19/1201
f 1197/16/1198 1201/19/1201 1203/21/1203
f 1203/21/1203 1195/14/1195 1197/16/1198
f 1195/14/1195 1203/21/1203 1190/7/1190
f 1190/7/1190 1194/13/1196 1195/14/1195
f 1192/9/1191 1201/19/1201 1202/20/1202
f 1202/20/1202 1191/10/1192 1192/9/1191
f 1192/9/1191 1193/11/1193 1203/21/1203
f 1203/21/1203 1201/19/1201 1192/9/1191
f 1190/7/1190 1203/21/1203 1193/11/1193
f 1206/22/1204 1205/25/1205 1204/24/1206
f 1204/24/1206 1207/23/1207 1206/22/1204
f 1208/26/1208 1206/22/1204 1207/23/1207
f 1207/23/1207 1209/27/1209 1208/26/1208
f 1208/26/1208 1209/27/1209 1210/29/1210
f 1210/29/1210 1211/28/1211 1208/26/1208
f 1213/30/1212 1212/31/1213 1205/25/1205
f 1205/25/1205 1206/22/1204 1213/30/1212
f 1208/26/1208 1214/32/1214 1213/30/1212
f 1213/30/1212 1206/22/1204 1208/26/1208
f 1214/32/1214 1208/26/1208 1211/28/1211
f 1217/33/1215 1216/35/1216 1215/34/1217
f 1219/36/1218 1218/37/1219 1216/35/1216
f 1216/35/1216 1217/33/1215 1219/36/1218
f 1218/37/1219 1219/36/1218 1220/39/1220
f 1220/39/1220 1221/38/1221 1218/37/1219
f 1222/40/1222 1218/37/1219 1221/38/1221
f 1221/38/1221 1223/41/1223 1222/40/1222
f 1218/37/1219 1222/40/1222 1224/42/1224
f 1224/42/1224 1216/35/1216 1218/37/1219
f 1216/35/1216 1224/42/1224 1211/28/1211
f 1211/28/1211 1215/34/1217 1216/35/1216
f 1212/31/1213 1213/30/1212 1222/40/1222
f 1222/40/1222 1223/41/1223 1212/31/1213
f 1213/30/1212 1214/32/1214 1224/42/1224
f 1224/42/1224 1222/40/1222 1213/30/1212
f 1211/28/1211 1224/42/1224 1214/32/1214
f 1227/43/1225 1226/46/1226 1225/45/1227
f 1225/45/1227 1228/44/1228 1227/43/1225
f 1229/47/1229 1227/43/1225 1228/44/1228
f 1228/44/1228 1230/48/1230 1229/47/1229
f 1229/47/1229 1230/48/1230 1231/50/1231
f 1231/50/1231 1232/49/1232 1229/47/1229
f 1234/51/1233 1233/52/1234 1226/46/1226
f 1226/46/1226 1227/43/1225 1234/51/1233
f 1229/47/1229 1235/53/1235 1234/51/1233
f 1234/51/1233 1227/43/1225 1229/47/1229
f 1235/53/1235 1229/47/1229 1232/49/1232
f 1238/54/1236 1237/56/1237 1236/55/1238
f 1240/57/1239 1239/58/1240 1237/56/1237
f 1237/56/1237 1238/54/1236 1240/57/1239
f 1240/57/1239 1242/60/1241 1241/59/1242
f 1241/59/1242 1239/58/1240 1240/57/1239
f 1243/61/1243 1239/58/1240 1241/59/1242
f 1241/59/1242 1244/62/1244 1243/61/1243
f 1239/58/1240 1243/61/1243 1245/63/1245
f 1245/63/1245 1237/56/1237 1239/58/1240
f 1237/56/1237 1245/63/1245 1232/49/1232
f 1232/49/1232 1236/55/1238 1237/56/1237
f 1234/51/1233 1243/61/1243 1244/62/1244
f 1244/62/1244 1233/52/1234 1234/51/1233
f 1234/51/1233 1235/53/1235 1245/63/1245
f 1245/63/1245 1243/61/1243 1234/51/1233
f 1232/49/1232 1245/63/1245 1235/53/1235
f 1248/64/1246 1247/67/1247 1246/66/1248
f 1246/66/1248 1249/65/1249 1248/64/1246
f 1250/68/1250 1248/64/1246 1249/65/1249
f 1249/65/1249 1251/69/1251 1250/68/1250
f 1250/68/1250 1251/69/1251 1252/71/1252
f 1252/71/1252 1253/70/1253 1250/68/1250
f 1255/72/1254 1254/73/1255 1247/67/1247
f 1247/67/1247 1248/64/1246 1255/72/1254
f 1250/68/1250 1256/74/1256 1255/72/1254
f 1255/72/1254 1248/64/1246 1250/68/1250
f 1256/74/1256 1250/68/1250 1253/70/1253
f 1259/75/1257 1258/77/1258 1257/76/1259
f 1261/78/1260 1260/79/1261 1258/77/1258
f 1258/77/1258 1259/75/1257 1261/78/1260
f 1260/79/1261 1261/78/1260 1262/81/1262
f 1262/81/1262 1263/80/1263 1260/79/1261
f 1264/82/1264 1260/79/1261 1263/80/1263
f 1263/80/1263 1265/83/1265 1264/82/1264
f 1260/79/1261 1264/82/1264 1266/84/1266
f 1266/84/1266 1258/77/1258 1260/79/1261
f 1258/77/1258 1266/84/1266 1253/70/1253
f 1253/70/1253 1257/76/1259 1258/77/1258
f 1255/72/1254 1264/82/1264 1265/83/1265
f 1265/83/1265 1254/73/1255 1255/72/1254
f 1255/72/1254 1256/74/1256 1266/84/1266
f 1266/84/1266 1264/82/1264 1255/72/1254
f 1253/70/1253 1266/84/1266 1256/74/1256
f 1269/85/1267 1268/88/1268 1267/87/1269
f 1267/87/1269 1270/86/1270 1269/85/1267
f 1271/89/1271 1269/85/1267 1270/86/1270
f 1270/86/1270 1272/90/1272 1271/89/1271
f 1271/89/1271 1272/90/1272 1273/92/1273
f 1273/92/1273 1274/91/1274 1271/89/1271
f 1276/93/1275 1275/94/1276 1268/88/1268
f 1268/88/1268 1269/85/1267 1276/93/1275
f 1271/89/1271 1277/95/1277 1276/93/1275
f 1276/93/1275 1269/85/1267 1271/89/1271
f 1277/95/1277 1271/89/1271 1274/91/1274
f 1280/96/1278 1279/98/1279 1278/97/1280
f 1282/99/1281 1281/100/1282 1279/98/1279
f 1279/98/1279 1280/96/1278 1282/99/1281
f 1282/99/1281 1284/102/1283 1283/101/1284
f 1283/101/1284 1281/100/1282 1282/99/1281
f 1285/103/1285 1281/100/1282 1283/101/1284
f 1283/101/1284 1286/104/1286 1285/103/1285
f 1281/100/1282 1285/103/1285 1287/105/1287
f 1287/105/1287 1279/98/1279 1281/100/1282
f 1279/98/1279 1287/105/1287 1274/91/1274
f 1274/91/1274 1278/97/1280 1279/98/1279
f 1276/93/1275 1285/103/1285 1286/104/1286
f 1286/104/1286 1275/94/1276 1276/93/1275
f 1276/93/1275 1277/95/1277 1287/105/1287
f 1287/105/1287 1285/103/1285 1276/93/1275
f 1274/91/1274 1287/105/1287 1277/95/1277
f 1289/106/1288 1288/109/1289 106/108/108
f 106/108/108 107/107/107 1289/106/1288
f 1291/110/1290 1290/113/1291 110/112/112
f 110/112/112 111/111/111 1291/110/1290
f 116/114/114 114/116/116 1292/115/1292
f 1295/117/1293 1294/120/1294 1293/119/1295
f 1293/119/1295 1296/118/1296 1295/117/1293
f 1299/121/1297 1298/123/1298 1297/122/1299
f 1290/113/1291 1291/110/1290 1300/125/1300
f 1300/125/1300 1301/124/1301 1290/113/1291
f 1304/126/1302 1303/129/1303 1302/128/1304
f 1302/128/1304 1305/127/1305 1304/126/1302
f 1308/130/1306 1307/133/1307 1306/132/1308
f 1306/132/1308 1309/131/1309 1308/130/1306
f 1312/134/1310 1311/137/1311 1310/136/1312
f 1310/136/1312 1313/135/1313 1312/134/1310
f 1316/138/1314 1315/141/1315 1314/140/1316
f 1314/140/1316 1317/139/1317 1316/138/1314
f 1320/142/1318 1319/145/1319 1318/144/1320
f 1318/144/1320 1321/143/1321 1320/142/1318
f 1324/146/1322 1323/149/1323 1322/148/1324
f 1322/148/1324 1325/147/1325 1324/146/1322
f 1328/150/1326 1327/153/1327 1326/152/1328
f 1326/152/1328 1329/151/1329 1328/150/1326
f 1332/154/1330 1331/157/1331 1330/156/1332
f 1330/156/1332 1333/155/1333 1332/154/1330
f 1319/145/1319 1335/159/1334 1334/158/1335
f 1334/158/1335 1318/144/1320 1319/145/1319
f 1338/160/1336 1337/163/1337 1336/162/1338
f 1336/162/1338 1339/161/1339 1338/160/1336
f 1342/164/1340 1341/167/1341 1340/166/1342
f 1340/166/1342 1343/165/1343 1342/164/1340
f 1344/168/1344 1320/142/1318 1321/143/1321
f 1321/143/1321 1345/169/1345 1344/168/1344
f 1348/170/1346 1347/173/1347 1346/172/1348
f 1346/172/1348 1349/171/1349 1348/170/1346
f 1350/174/1350 1315/141/1315 1316/138/1314
f 1352/175/1351 1351/176/1352 1315/141/1315
f 1315/141/1315 1350/174/1350 1352/175/1351
f 1354/177/1353 1353/179/1354 1311/137/1311
f 1311/137/1311 1355/178/1355 1354/177/1353
f 1311/137/1311 1312/134/1310 1335/159/1334
f 1349/171/1349 1356/180/1356 1342/164/1340
f 1342/164/1340 1343/165/1343 1349/171/1349
f 1320/142/1318 1344/168/1344 1314/140/1316
f 1314/140/1316 1315/141/1315 1320/142/1318
f 1343/165/1343 1357/181/1357 1348/170/1346
f 1348/170/1346 1349/171/1349 1343/165/1343
f 1315/141/1315 1351/176/1352 1319/145/1319
f 1319/145/1319 1320/142/1318 1315/141/1315
f 1358/182/1358 1325/147/1325 1322/148/1324
f 1319/145/1319 1351/176/1352 1355/178/1355
f 1360/183/1359 1359/184/1360 1326/152/1328
f 1355/178/1355 1311/137/1311 1335/159/1334
f 1335/159/1334 1319/145/1319 1355/178/1355
f 1362/185/1361 1361/187/1362 1342/164/1340
f 1342/164/1340 1363/186/1363 1362/185/1361
f 1310/136/1312 1365/189/1364 1364/188/1365
f 1364/188/1365 1313/135/1313 1310/136/1312
f 1339/161/1339 1367/192/1366 1366/191/1367
f 1366/191/1367 1368/190/1368 1339/161/1339
f 1346/172/1348 1370/195/1369 1369/194/1370
f 1369/194/1370 1371/193/1371 1346/172/1348
f 1370/195/1369 1346/172/1348 1347/173/1347
f 1347/173/1347 1372/196/1372 1370/195/1369
f 1316/138/1314 1374/198/1373 1373/197/1374
f 1373/197/1374 1350/174/1350 1316/138/1314
f 1374/198/1373 1316/138/1314 1317/139/1317
f 1317/139/1317 1375/199/1375 1374/198/1373
f 1378/200/1376 1377/203/1377 1376/202/1378
f 1376/202/1378 1379/201/1379 1378/200/1376
f 1382/204/1380 1381/207/1381 1380/206/1382
f 1380/206/1382 1383/205/1383 1382/204/1380
f 1384/208/1384 1352/175/1351 1350/174/1350
f 1350/174/1350 1385/209/1385 1384/208/1384
f 1383/205/1383 1387/211/1386 1386/210/1387
f 1386/210/1387 1382/204/1380 1383/205/1383
f 1328/150/1326 1389/213/1388 1388/212/1389
f 1388/212/1389 1327/153/1327 1328/150/1326
f 1392/214/1390 1391/217/1391 1390/216/1392
f 1390/216/1392 1393/215/1393 1392/214/1390
f 1396/218/1394 1395/221/1395 1394/220/1396
f 1394/220/1396 1397/219/1397 1396/218/1394
f 1393/215/1393 1399/223/1398 1398/222/1399
f 1398/222/1399 1392/214/1390 1393/215/1393
f 1400/224/1400 1331/157/1331 1332/154/1330
f 1332/154/1330 1401/225/1401 1400/224/1400
f 1404/226/1402 1403/229/1403 1402/228/1404
f 1402/228/1404 1405/227/1405 1404/226/1402
f 1353/179/1354 1354/177/1353 1406/231/1406
f 1406/231/1406 1407/230/1407 1353/179/1354
f 1405/227/1405 1409/233/1408 1408/232/1409
f 1408/232/1409 1404/226/1402 1405/227/1405
f 1410/234/1410 1338/160/1336 1339/161/1339
f 1339/161/1339 1411/235/1411 1410/234/1410
f 1368/190/1368 1412/236/1412 1411/235/1411
f 1411/235/1411 1339/161/1339 1368/190/1368
f 1414/237/1413 1413/238/1414 1364/188/1365
f 1364/188/1365 1365/189/1364 1414/237/1413
f 1370/195/1369 1416/240/1415 1415/239/1416
f 1415/239/1416 1369/194/1370 1370/195/1369
f 1416/240/1415 1370/195/1369 1372/196/1372
f 1372/196/1372 1417/241/1417 1416/240/1415
f 1418/242/1418 1373/197/1374 1374/198/1373
f 1374/198/1373 1419/243/1419 1418/242/1418
f 1420/244/1420 1419/243/1419 1374/198/1373
f 1374/198/1373 1375/199/1375 1420/244/1420
f 1422/245/1421 1421/246/1422 1376/202/1378
f 1376/202/1378 1377/203/1377 1422/245/1421
f 1423/247/1423 1380/206/1382 1381/207/1381
f 1381/207/1381 1424/248/1424 1423/247/1423
f 1426/249/1425 1425/250/1426 1384/208/1384
f 1384/208/1384 1385/209/1385 1426/249/1425
f 1428/251/1427 1427/252/1428 1388/212/1389
f 1388/212/1389 1389/213/1388 1428/251/1427
f 1430/253/1429 1429/254/1430 1390/216/1392
f 1390/216/1392 1391/217/1391 1430/253/1429
f 1432/255/1431 1431/256/1432 1397/219/1397
f 1397/219/1397 1394/220/1396 1432/255/1431
f 1434/257/1433 1433/258/1434 1400/224/1400
f 1400/224/1400 1401/225/1401 1434/257/1433
f 1436/259/1435 1435/260/1436 1402/228/1404
f 1402/228/1404 1403/229/1403 1436/259/1435
f 1407/230/1407 1406/231/1406 1437/262/1437
f 1437/262/1437 1438/261/1438 1407/230/1407
f 1440/263/1439 1439/264/1440 1410/234/1410
f 1410/234/1410 1411/235/1411 1440/263/1439
f 1441/265/1441 1440/263/1439 1411/235/1411
f 1411/235/1411 1412/236/1412 1441/265/1441
f 1444/266/1442 1443/269/1443 1442/268/1444
f 1442/268/1444 1445/267/1445 1444/266/1442
f 1444/266/1442 1445/267/1445 1446/271/1446
f 1446/271/1446 1447/270/1447 1444/266/1442
f 1446/271/1446 1448/272/1448 1362/185/1361
f 1362/185/1361 1447/270/1447 1446/271/1446
f 1451/273/1449 1450/275/1450 1449/274/1451
f 1449/274/1451 1367/192/1366 1451/273/1449
f 1451/273/1449 1367/192/1366 1339/161/1339
f 1339/161/1339 1452/276/1452 1451/273/1449
f 1336/162/1338 1453/277/1453 1452/276/1452
f 1452/276/1452 1339/161/1339 1336/162/1338
f 1363/186/1363 1342/164/1340 1356/180/1356
f 1400/224/1400 1433/258/1434 1454/279/1454
f 1454/279/1454 1455/278/1455 1400/224/1400
f 1400/224/1400 1455/278/1455 1456/280/1456
f 1456/280/1456 1331/157/1331 1400/224/1400
f 1456/280/1456 1457/281/1457 1330/156/1332
f 1330/156/1332 1331/157/1331 1456/280/1456
f 1359/184/1360 1360/183/1359 1330/156/1332
f 1388/212/1389 1427/252/1428 1458/283/1458
f 1458/283/1458 1459/282/1459 1388/212/1389
f 1388/212/1389 1459/282/1459 1460/284/1460
f 1460/284/1460 1327/153/1327 1388/212/1389
f 1460/284/1460 1461/285/1461 1326/152/1328
f 1326/152/1328 1327/153/1327 1460/284/1460
f 1360/183/1359 1358/182/1358 1462/287/1462
f 1462/287/1462 1463/286/1463 1360/183/1359
f 1465/288/1464 1464/289/1465 1376/202/1378
f 1376/202/1378 1421/246/1422 1465/288/1464
f 1466/290/1466 1379/201/1379 1376/202/1378
f 1376/202/1378 1464/289/1465 1466/290/1466
f 1467/291/1467 1322/148/1324 1379/201/1379
f 1379/201/1379 1466/290/1466 1467/291/1467
f 1467/291/1467 1468/292/1468 1358/182/1358
f 1358/182/1358 1322/148/1324 1467/291/1467
f 1358/182/1358 1468/292/1468 1469/293/1469
f 1469/293/1469 1462/287/1462 1358/182/1358
f 1472/298/1470 1471/297/1471 1470/296/1472
f 1473/294/1473 1472/298/1470 1470/296/1472
f 1473/294/1473 1470/296/1472 1474/295/1474
f 1476/299/1475 1475/301/1476 1341/167/1341
f 1341/167/1341 1477/300/1477 1476/299/1475
f 1344/168/1344 1345/169/1345 1469/293/1469
f 1469/293/1469 1468/292/1468 1344/168/1344
f 1468/292/1468 1467/291/1467 1314/140/1316
f 1314/140/1316 1344/168/1344 1468/292/1468
f 1467/291/1467 1466/290/1466 1317/139/1317
f 1317/139/1317 1314/140/1316 1467/291/1467
f 1466/290/1466 1464/289/1465 1375/199/1375
f 1375/199/1375 1317/139/1317 1466/290/1466
f 1480/302/1478 1479/304/1479 1478/303/1480
f 1478/303/1480 1334/158/1335 1480/302/1478
f 1335/159/1334 1481/305/1481 1480/302/1478
f 1480/302/1478 1334/158/1335 1335/159/1334
f 1335/159/1334 1312/134/1310 1482/306/1482
f 1482/306/1482 1481/305/1481 1335/159/1334
f 1312/134/1310 1313/135/1313 1483/307/1483
f 1483/307/1483 1482/306/1482 1312/134/1310
f 1313/135/1313 1364/188/1365 1484/308/1484
f 1484/308/1484 1483/307/1483 1313/135/1313
f 1364/188/1365 1413/238/1414 1485/309/1485
f 1485/309/1485 1484/308/1484 1364/188/1365
f 1445/267/1445 1442/268/1444 1486/310/1486
f 1486/310/1486 1409/233/1408 1445/267/1445
f 1405/227/1405 1446/271/1446 1445/267/1445
f 1445/267/1445 1409/233/1408 1405/227/1405
f 1446/271/1446 1405/227/1405 1487/311/1487
f 1487/311/1487 1448/272/1448 1446/271/1446
f 1487/311/1487 1405/227/1405 1332/154/1330
f 1332/154/1330 1333/155/1333 1487/311/1487
f 1405/227/1405 1402/228/1404 1401/225/1401
f 1401/225/1401 1332/154/1330 1405/227/1405
f 1401/225/1401 1402/228/1404 1435/260/1436
f 1435/260/1436 1434/257/1433 1401/225/1401
f 1455/278/1455 1454/279/1454 1488/312/1488
f 1488/312/1488 1399/223/1398 1455/278/1455
f 1393/215/1393 1456/280/1456 1455/278/1455
f 1455/278/1455 1399/223/1398 1393/215/1393
f 1456/280/1456 1393/215/1393 1489/313/1489
f 1489/313/1489 1457/281/1457 1456/280/1456
f 1489/313/1489 1393/215/1393 1328/150/1326
f 1328/150/1326 1329/151/1329 1489/313/1489
f 1393/215/1393 1390/216/1392 1389/213/1388
f 1389/213/1388 1328/150/1326 1393/215/1393
f 1389/213/1388 1390/216/1392 1429/254/1430
f 1429/254/1430 1428/251/1427 1389/213/1388
f 1459/282/1459 1458/283/1458 1490/314/1490
f 1490/314/1490 1387/211/1386 1459/282/1459
f 1383/205/1383 1460/284/1460 1459/282/1459
f 1459/282/1459 1387/211/1386 1383/205/1383
f 1460/284/1460 1383/205/1383 1324/146/1322
f 1324/146/1322 1461/285/1461 1460/284/1460
f 1324/146/1322 1383/205/1383 1378/200/1376
f 1378/200/1376 1323/149/1323 1324/146/1322
f 1383/205/1383 1380/206/1382 1377/203/1377
f 1377/203/1377 1378/200/1376 1383/205/1383
f 1377/203/1377 1380/206/1382 1423/247/1423
f 1423/247/1423 1422/245/1421 1377/203/1377
f 1439/264/1440 1443/269/1443 1444/266/1442
f 1444/266/1442 1410/234/1410 1439/264/1440
f 1444/266/1442 1447/270/1447 1338/160/1336
f 1338/160/1336 1410/234/1410 1444/266/1442
f 1447/270/1447 1362/185/1361 1337/163/1337
f 1337/163/1337 1338/160/1336 1447/270/1447
f 1452/276/1452 1453/277/1453 1356/180/1356
f 1356/180/1356 1371/193/1371 1452/276/1452
f 1369/194/1370 1451/273/1449 1452/276/1452
f 1452/276/1452 1371/193/1371 1369/194/1370
f 1369/194/1370 1415/239/1416 1450/275/1450
f 1450/275/1450 1451/273/1449 1369/194/1370
f 1378/200/1376 1379/201/1379 1322/148/1324
f 1322/148/1324 1323/149/1323 1378/200/1376
f 1324/146/1322 1325/147/1325 1326/152/1328
f 1326/152/1328 1461/285/1461 1324/146/1322
f 1489/313/1489 1329/151/1329 1326/152/1328
f 1326/152/1328 1359/184/1360 1489/313/1489
f 1489/313/1489 1359/184/1360 1330/156/1332
f 1330/156/1332 1457/281/1457 1489/313/1489
f 1487/311/1487 1333/155/1333 1330/156/1332
f 1330/156/1332 1491/315/1491 1487/311/1487
f 1487/311/1487 1491/315/1491 1362/185/1361
f 1362/185/1361 1448/272/1448 1487/311/1487
f 1336/162/1338 1337/163/1337 1362/185/1361
f 1362/185/1361 1363/186/1363 1336/162/1338
f 1336/162/1338 1363/186/1363 1356/180/1356
f 1356/180/1356 1453/277/1453 1336/162/1338
f 1493/316/1492 1492/317/1493 1384/208/1384
f 1384/208/1384 1425/250/1426 1493/316/1492
f 1492/317/1493 1395/221/1395 1352/175/1351
f 1352/175/1351 1384/208/1384 1492/317/1493
f 1495/318/1494 1494/319/1495 1397/219/1397
f 1397/219/1397 1431/256/1432 1495/318/1494
f 1354/177/1353 1396/218/1394 1397/219/1397
f 1397/219/1397 1494/319/1495 1354/177/1353
f 1351/176/1352 1395/221/1395 1396/218/1394
f 1396/218/1394 1355/178/1355 1351/176/1352
f 1438/261/1438 1497/321/1496 1496/320/1497
f 1496/320/1497 1407/230/1407 1438/261/1438
f 1310/136/1312 1353/179/1354 1407/230/1407
f 1407/230/1407 1496/320/1497 1310/136/1312
f 1367/192/1366 1449/274/1451 1498/322/1498
f 1498/322/1498 1366/191/1367 1367/192/1366
f 1409/233/1408 1486/310/1486 1499/323/1499
f 1499/323/1499 1408/232/1409 1409/233/1408
f 1399/223/1398 1488/312/1488 1500/324/1500
f 1500/324/1500 1398/222/1399 1399/223/1398
f 1387/211/1386 1490/314/1490 1501/325/1501
f 1501/325/1501 1386/210/1387 1387/211/1386
f 1375/199/1375 1464/289/1465 1465/288/1464
f 1465/288/1464 1420/244/1420 1375/199/1375
f 1503/326/1502 1502/327/1503 1413/238/1414
f 1415/239/1416 1416/240/1415 1504/329/1504
f 1504/329/1504 1505/328/1505 1415/239/1416
f 1416/240/1415 1417/241/1417 1506/330/1506
f 1506/330/1506 1504/329/1504 1416/240/1415
f 1508/331/1507 1507/332/1508 1419/243/1419
f 1423/247/1423 1424/248/1424 1509/334/1509
f 1509/334/1509 1510/333/1510 1423/247/1423
f 1512/335/1511 1511/336/1512 1425/250/1426
f 1427/252/1428 1428/251/1427 1513/338/1513
f 1513/338/1513 1514/337/1514 1427/252/1428
f 1429/254/1430 1430/253/1429 1515/339/1515
f 1515/339/1515 1513/338/1513 1429/254/1430
f 1517/340/1516 1516/341/1517 1431/256/1432
f 1433/258/1434 1434/257/1433 1518/343/1518
f 1518/343/1518 1519/342/1519 1433/258/1434
f 1435/260/1436 1436/259/1435 1520/344/1520
f 1520/344/1520 1518/343/1518 1435/260/1436
f 1522/345/1521 1521/346/1522 1438/261/1438
f 1442/268/1444 1443/269/1443 1523/348/1523
f 1523/348/1523 1524/347/1524 1442/268/1444
f 1449/274/1451 1450/275/1450 1505/328/1505
f 1505/328/1505 1525/349/1525 1449/274/1451
f 1454/279/1454 1433/258/1434 1519/342/1519
f 1519/342/1519 1526/350/1526 1454/279/1454
f 1458/283/1458 1427/252/1428 1514/337/1514
f 1514/337/1514 1527/351/1527 1458/283/1458
f 1465/288/1464 1421/246/1422 1528/353/1528
f 1528/353/1528 1529/352/1529 1465/288/1464
f 1422/245/1421 1423/247/1423 1510/333/1510
f 1510/333/1510 1528/353/1528 1422/245/1421
f 1443/269/1443 1439/264/1440 1530/354/1530
f 1530/354/1530 1523/348/1523 1443/269/1443
f 1498/322/1498 1449/274/1451 1525/349/1525
f 1525/349/1525 1531/355/1531 1498/322/1498
f 1499/323/1499 1486/310/1486 1524/347/1524
f 1524/347/1524 1532/356/1532 1499/323/1499
f 1500/324/1500 1488/312/1488 1526/350/1526
f 1526/350/1526 1533/357/1533 1500/324/1500
f 1501/325/1501 1490/314/1490 1527/351/1527
f 1527/351/1527 1534/358/1534 1501/325/1501
f 1420/244/1420 1465/288/1464 1529/352/1529
f 1529/352/1529 1508/331/1507 1420/244/1420
f 1421/246/1422 1422/245/1421 1528/353/1528
f 1439/264/1440 1440/263/1439 1530/354/1530
f 1486/310/1486 1442/268/1444 1524/347/1524
f 1434/257/1433 1435/260/1436 1518/343/1518
f 1488/312/1488 1454/279/1454 1526/350/1526
f 1428/251/1427 1429/254/1430 1513/338/1513
f 1490/314/1490 1458/283/1458 1527/351/1527
f 1450/275/1450 1415/239/1416 1505/328/1505
f 1371/193/1371 1356/180/1356 1346/172/1348
f 1346/172/1348 1356/180/1356 1349/171/1349
f 1311/137/1311 1353/179/1354 1310/136/1312
f 1537/359/1535 1536/362/1536 1535/361/1537
f 1535/361/1537 1538/360/1538 1537/359/1535
f 1298/123/1298 1539/363/1539 1309/131/1309
f 1309/131/1309 1297/122/1299 1298/123/1298
f 1541/364/1540 367/367/367 1540/366/1541
f 1540/366/1541 1542/365/1542 1541/364/1540
f 1545/368/1543 1544/371/1544 1543/370/1545
f 1543/370/1545 1546/369/1546 1545/368/1543
f 1537/359/1535 1548/374/1547 1547/373/1548
f 1547/373/1548 1549/372/1549 1537/359/1535
f 1552/375/1550 1551/378/1551 1550/377/1552
f 1550/377/1552 1553/376/1553 1552/375/1550
f 381/379/379 1555/382/1554 1554/381/1555
f 1554/381/1555 380/380/380 381/379/379
f 367/367/367 384/384/384 1556/383/1556
f 1556/383/1556 1540/366/1541 367/367/367
f 1544/371/1544 1545/368/1543 1557/386/1557
f 1557/386/1557 1558/385/1558 1544/371/1544
f 1538/360/1538 1559/387/1559 1548/374/1547
f 1548/374/1547 1537/359/1535 1538/360/1538
f 1299/121/1297 1560/388/1560 1305/127/1305
f 1305/127/1305 1302/128/1304 1299/121/1297
f 1562/389/1561 1561/391/1562 1297/122/1299
f 1297/122/1299 1563/390/1563 1562/389/1561
f 1564/392/1564 1318/144/1320 1334/158/1335
f 1334/158/1335 1478/303/1480 1564/392/1564
f 1565/393/1565 396/396/396 393/395/395
f 393/395/395 1566/394/1566 1565/393/1565
f 1396/218/1394 1354/177/1353 1355/178/1355
f 397/397/397 1567/398/1567 1555/382/1554
f 1555/382/1554 381/379/379 397/397/397
f 401/399/399 1569/402/1568 1568/401/1569
f 1568/401/1569 400/400/400 401/399/399
f 1570/403/1570 406/406/406 403/405/405
f 403/405/405 1571/404/1571 1570/403/1570
f 408/407/407 409/409/409 1551/378/1551
f 1551/378/1551 1572/408/1572 408/407/407
f 1573/410/1573 411/411/411 396/396/396
f 396/396/396 1565/393/1565 1573/410/1573
f 1571/404/1571 1288/109/1289 1574/413/1574
f 1574/413/1574 1575/412/1575 1571/404/1571
f 1571/404/1571 403/405/405 106/108/108
f 106/108/108 1288/109/1289 1571/404/1571
f 400/400/400 1568/401/1569 1292/115/1292
f 1292/115/1292 114/116/116 400/400/400
f 1578/414/1576 1577/417/1577 1576/416/1578
f 1576/416/1578 1579/415/1579 1578/414/1576
f 1581/418/1580 1580/419/1581 1577/417/1577
f 1577/417/1577 1578/414/1576 1581/418/1580
f 1352/175/1351 1395/221/1395 1351/176/1352
f 1463/286/1463 1582/420/1582 1476/299/1475
f 1476/299/1475 1477/300/1477 1463/286/1463
f 1463/286/1463 1477/300/1477 1361/187/1362
f 1361/187/1362 1360/183/1359 1463/286/1463
f 1491/315/1491 1330/156/1332 1360/183/1359
f 1360/183/1359 1361/187/1362 1491/315/1491
f 1569/402/1568 1584/422/1583 1583/421/1584
f 1583/421/1584 1568/401/1569 1569/402/1568
f 1585/423/1585 1292/115/1292 1568/401/1569
f 1568/401/1569 1583/421/1584 1585/423/1585
f 1586/424/1586 116/114/114 1292/115/1292
f 1292/115/1292 1585/423/1585 1586/424/1586
f 393/395/395 426/426/426 1587/425/1587
f 1587/425/1587 1566/394/1566 393/395/395
f 1590/427/1588 1589/430/1589 1588/429/1590
f 1588/429/1590 1591/428/1591 1590/427/1588
f 1593/431/1592 1562/389/1561 1592/433/1593
f 1592/433/1593 1594/432/1594 1593/431/1592
f 1595/434/1595 1305/127/1305 1560/388/1560
f 1560/388/1560 1596/435/1596 1595/434/1595
f 1599/436/1597 1598/438/1598 1597/437/1599
f 1597/437/1599 1535/361/1537 1599/436/1597
f 1535/361/1537 1597/437/1599 1600/439/1600
f 1600/439/1600 1538/360/1538 1535/361/1537
f 1602/440/1601 1601/441/1602 1589/430/1589
f 1589/430/1589 1590/427/1588 1602/440/1601
f 1601/441/1602 1602/440/1601 1603/443/1603
f 1603/443/1603 1604/442/1604 1601/441/1602
f 1538/360/1538 1600/439/1600 1605/444/1605
f 1605/444/1605 1559/387/1559 1538/360/1538
f 1607/445/1606 1606/446/1607 1604/442/1604
f 1604/442/1604 1603/443/1603 1607/445/1606
f 1608/447/1608 450/450/450 447/449/449
f 447/449/449 1609/448/1609 1608/447/1608
f 451/451/451 1610/452/1610 1609/448/1609
f 1609/448/1609 447/449/449 451/451/451
f 1611/453/1611 1293/119/1295 1294/120/1294
f 1294/120/1294 1612/454/1612 1611/453/1611
f 1615/455/1613 1614/458/1614 1613/457/1615
f 1613/457/1615 1616/456/1616 1615/455/1613
f 1619/459/1617 1618/462/1618 1617/461/1619
f 1617/461/1619 1620/460/1620 1619/459/1617
f 1623/463/1621 1622/466/1622 1621/465/1623
f 1621/465/1623 1624/464/1624 1623/463/1621
f 1558/385/1558 1557/386/1557 1613/457/1615
f 1613/457/1615 1624/464/1624 1558/385/1558
f 1624/464/1624 1621/465/1623 1625/467/1625
f 1625/467/1625 1558/385/1558 1624/464/1624
f 1602/440/1601 1590/427/1588 1626/469/1626
f 1626/469/1626 1627/468/1627 1602/440/1601
f 1629/470/1628 1626/469/1626 1628/472/1629
f 1628/472/1629 1630/471/1630 1629/470/1628
f 1627/468/1627 1626/469/1626 1629/470/1628
f 1629/470/1628 1631/473/1631 1627/468/1627
f 1634/474/1632 1633/477/1633 1632/476/1634
f 1632/476/1634 1635/475/1635 1634/474/1632
f 1636/478/1636 1621/465/1623 1622/466/1622
f 1622/466/1622 1637/479/1637 1636/478/1636
f 1640/480/1638 1639/483/1639 1638/482/1640
f 1638/482/1640 1641/481/1641 1640/480/1638
f 1642/484/1642 1572/408/1572 1551/378/1551
f 1551/378/1551 1552/375/1550 1642/484/1642
f 409/409/409 485/485/485 1550/377/1552
f 1550/377/1552 1551/378/1551 409/409/409
f 1644/486/1643 1599/436/1597 1643/488/1644
f 1643/488/1644 1645/487/1645 1644/486/1643
f 1535/361/1537 1536/362/1536 1643/488/1644
f 1643/488/1644 1599/436/1597 1535/361/1537
f 1648/489/1646 1647/491/1647 1646/490/1648
f 1646/490/1648 1549/372/1549 1648/489/1646
f 1646/490/1648 1536/362/1536 1537/359/1535
f 1537/359/1535 1549/372/1549 1646/490/1648
f 1651/492/1649 1650/495/1650 1649/494/1651
f 1649/494/1651 1652/493/1652 1651/492/1649
f 1648/489/1646 1549/372/1549 1547/373/1548
f 1547/373/1548 1653/496/1653 1648/489/1646
f 1654/497/1654 1598/438/1598 1599/436/1597
f 1599/436/1597 1644/486/1643 1654/497/1654
f 1635/475/1635 1651/492/1649 1655/498/1655
f 1655/498/1655 1634/474/1632 1635/475/1635
f 1656/499/1656 1655/498/1655 1651/492/1649
f 1651/492/1649 1652/493/1652 1656/499/1656
f 1361/187/1362 1362/185/1361 1491/315/1491
f 1659/500/1657 1658/503/1658 1657/502/1659
f 1657/502/1659 1660/501/1660 1659/500/1657
f 1656/499/1656 1662/505/1661 1661/504/1662
f 1661/504/1662 1655/498/1655 1656/499/1656
f 1634/474/1632 1655/498/1655 1661/504/1662
f 1661/504/1662 1631/473/1631 1634/474/1632
f 1326/152/1328 1325/147/1325 1358/182/1358
f 1358/182/1358 1360/183/1359 1326/152/1328
f 1664/506/1663 1663/508/1664 1659/500/1657
f 1659/500/1657 1665/507/1665 1664/506/1663
f 1664/506/1663 1667/510/1666 1666/509/1667
f 1666/509/1667 1564/392/1564 1664/506/1663
f 1668/511/1668 1530/354/1530 1440/263/1439
f 1440/263/1439 1441/265/1441 1668/511/1668
f 1650/495/1650 1648/489/1646 1653/496/1653
f 1653/496/1653 1649/494/1651 1650/495/1650
f 1652/493/1652 1670/513/1669 1669/512/1670
f 1669/512/1670 1656/499/1656 1652/493/1652
f 1652/493/1652 1649/494/1651 1671/514/1671
f 1671/514/1671 1670/513/1669 1652/493/1652
f 1674/515/1672 1673/517/1673 1672/516/1674
f 1672/516/1674 1669/512/1670 1674/515/1672
f 1662/505/1661 1676/519/1675 1675/518/1676
f 1675/518/1676 1661/504/1662 1662/505/1661
f 1675/518/1676 1631/473/1631 1661/504/1662
f 1677/520/1677 1672/516/1674 1673/517/1673
f 1673/517/1673 1665/507/1665 1677/520/1677
f 1659/500/1657 1660/501/1660 1677/520/1677
f 1677/520/1677 1665/507/1665 1659/500/1657
f 1649/494/1651 1653/496/1653 1678/521/1678
f 1678/521/1678 1671/514/1671 1649/494/1651
f 1678/521/1678 1653/496/1653 1547/373/1548
f 1547/373/1548 1679/522/1679 1678/521/1678
f 1657/502/1659 1606/446/1607 1607/445/1606
f 1607/445/1606 1660/501/1660 1657/502/1659
f 1680/523/1680 1559/387/1559 1605/444/1605
f 1605/444/1605 1681/524/1681 1680/523/1680
f 1676/519/1675 1607/445/1606 1603/443/1603
f 1603/443/1603 1675/518/1676 1676/519/1675
f 1570/403/1570 1683/526/1682 1682/525/1683
f 1682/525/1683 1567/398/1567 1570/403/1570
f 1555/382/1554 1567/398/1567 1682/525/1683
f 1682/525/1683 1684/527/1684 1555/382/1554
f 1685/528/1685 1586/424/1586 1585/423/1585
f 1585/423/1585 1686/529/1686 1685/528/1685
f 1554/381/1555 1555/382/1554 1684/527/1684
f 1577/417/1577 1295/117/1293 1687/530/1687
f 1687/530/1687 1576/416/1578 1577/417/1577
f 1296/118/1296 1688/531/1688 1687/530/1687
f 1687/530/1687 1295/117/1293 1296/118/1296
f 1686/529/1686 1585/423/1585 1583/421/1584
f 1583/421/1584 1689/532/1689 1686/529/1686
f 1571/404/1571 1575/412/1575 1683/526/1682
f 1683/526/1682 1570/403/1570 1571/404/1571
f 1692/533/1690 1691/536/1691 1690/535/1692
f 1690/535/1692 1693/534/1693 1692/533/1690
f 1696/537/1694 1695/540/1695 1694/539/1696
f 1694/539/1696 1697/538/1697 1696/537/1694
f 1700/541/1698 1699/544/1699 1698/543/1700
f 1698/543/1700 1701/542/1701 1700/541/1698
f 1701/542/1701 1698/543/1700 1702/546/1702
f 1702/546/1702 1703/545/1703 1701/542/1701
f 1706/547/1704 1705/550/1705 1704/549/1706
f 1704/549/1706 1707/548/1707 1706/547/1704
f 1710/551/1708 1709/553/1709 1708/552/1710
f 1708/552/1710 1693/534/1693 1710/551/1708
f 1713/554/1711 1712/557/1712 1711/556/1713
f 1711/556/1713 1714/555/1714 1713/554/1711
f 1717/558/1715 1716/561/1716 1715/560/1717
f 1715/560/1717 1718/559/1718 1717/558/1715
f 1716/561/1716 1720/563/1719 1719/562/1720
f 1719/562/1720 1715/560/1717 1716/561/1716
f 1721/564/1721 1690/535/1692 1691/536/1691
f 1691/536/1691 1722/565/1722 1721/564/1721
f 1725/566/1723 1724/569/1724 1723/568/1725
f 1723/568/1725 1726/567/1726 1725/566/1723
f 1729/570/1727 1728/573/1728 1727/572/1729
f 1727/572/1729 1730/571/1730 1729/570/1727
f 1733/574/1731 1732/577/1732 1731/576/1733
f 1731/576/1733 1734/575/1734 1733/574/1731
f 1734/575/1734 1731/576/1733 1735/579/1735
f 1735/579/1735 1736/578/1736 1734/575/1734
f 1737/580/1737 1730/571/1730 1727/572/1729
f 1727/572/1729 1738/581/1738 1737/580/1737
f 1741/582/1739 1740/585/1740 1739/584/1741
f 1739/584/1741 1742/583/1742 1741/582/1739
f 1745/586/1743 1744/589/1744 1743/588/1745
f 1743/588/1745 1746/587/1746 1745/586/1743
f 1749/590/1747 1748/593/1748 1747/592/1749
f 1747/592/1749 1750/591/1750 1749/590/1747
f 1753/594/1751 1752/596/1752 1751/595/1753
f 1756/597/1754 1755/600/1755 1754/599/1756
f 1754/599/1756 1757/598/1757 1756/597/1754
f 1760/601/1758 1759/604/1759 1758/603/1760
f 1758/603/1760 1761/602/1761 1760/601/1758
f 1764/605/1762 1763/607/1763 1762/606/1764
f 1767/608/1765 1766/610/1766 1765/609/1767
f 1770/611/1768 1769/614/1769 1768/613/1770
f 1768/613/1770 1771/612/1771 1770/611/1768
f 1744/589/1744 1773/616/1772 1772/615/1773
f 1772/615/1773 1743/588/1745 1744/589/1744
f 1739/584/1741 1775/618/1774 1774/617/1775
f 1765/609/1767 1766/610/1766 1776/619/1776
f 1740/585/1740 1778/621/1777 1777/620/1778
f 1777/620/1778 1739/584/1741 1740/585/1740
f 1747/592/1749 1770/611/1768 1779/622/1779
f 1779/622/1779 1767/608/1765 1747/592/1749
f 1743/588/1745 1781/624/1780 1780/623/1781
f 1780/623/1781 1746/587/1746 1743/588/1745
f 1770/611/1768 1747/592/1749 1748/593/1748
f 1748/593/1748 1769/614/1769 1770/611/1768
f 1781/624/1780 1743/588/1745 1772/615/1773
f 1772/615/1773 1782/625/1782 1781/624/1780
f 1784/626/1783 1783/627/1784 1751/595/1753
f 1751/595/1753 1752/596/1752 1784/626/1783
f 1787/628/1785 1786/630/1786 1785/629/1787
f 1785/629/1787 1757/598/1757 1787/628/1785
f 1790/631/1788 1789/633/1789 1788/632/1790
f 1788/632/1790 1761/602/1761 1790/631/1788
f 1776/619/1776 1766/610/1766 1791/635/1791
f 1791/635/1791 1792/634/1792 1776/619/1776
f 1741/582/1739 1742/583/1742 1793/637/1793
f 1793/637/1793 1794/636/1794 1741/582/1739
f 1797/638/1795 1796/641/1796 1795/640/1797
f 1795/640/1797 1798/639/1798 1797/638/1795
f 1801/642/1799 1800/645/1800 1799/644/1801
f 1799/644/1801 1802/643/1802 1801/642/1799
f 1803/646/1803 1799/644/1801 1800/645/1800
f 1800/645/1800 1804/647/1804 1803/646/1803
f 1773/616/1772 1744/589/1744 1805/649/1805
f 1805/649/1805 1806/648/1806 1773/616/1772
f 1807/650/1807 1805/649/1805 1744/589/1744
f 1744/589/1744 1745/586/1743 1807/650/1807
f 1810/651/1808 1809/654/1809 1808/653/1810
f 1808/653/1810 1811/652/1811 1810/651/1808
f 1814/655/1812 1813/658/1813 1812/657/1814
f 1812/657/1814 1815/656/1815 1814/655/1812
f 1818/659/1816 1817/661/1817 1816/660/1818
f 1816/660/1818 1773/616/1772 1818/659/1816
f 1813/658/1813 1814/655/1812 1819/663/1819
f 1819/663/1819 1820/662/1820 1813/658/1813
f 1823/664/1821 1822/667/1822 1821/666/1823
f 1821/666/1823 1824/665/1824 1823/664/1821
f 1827/668/1825 1826/671/1826 1825/670/1827
f 1825/670/1827 1828/669/1828 1827/668/1825
f 1831/672/1829 1830/675/1830 1829/674/1831
f 1829/674/1831 1832/673/1832 1831/672/1829
f 1826/671/1826 1827/668/1825 1833/677/1833
f 1833/677/1833 1834/676/1834 1826/671/1826
f 1837/678/1835 1836/681/1836 1835/680/1837
f 1835/680/1837 1838/679/1838 1837/678/1835
f 1841/682/1839 1840/685/1840 1839/684/1841
f 1839/684/1841 1842/683/1842 1841/682/1839
f 1843/686/1843 1774/617/1775 1775/618/1774
f 1775/618/1774 1844/687/1844 1843/686/1843
f 1840/685/1840 1841/682/1839 1845/689/1845
f 1845/689/1845 1846/688/1846 1840/685/1840
f 1849/690/1847 1848/692/1848 1847/691/1849
f 1847/691/1849 1796/641/1796 1849/690/1847
f 1796/641/1796 1797/638/1795 1850/693/1850
f 1850/693/1850 1849/690/1847 1796/641/1796
f 1793/637/1793 1852/695/1851 1851/694/1852
f 1851/694/1852 1794/636/1794 1793/637/1793
f 1802/643/1802 1799/644/1801 1853/697/1853
f 1853/697/1853 1854/696/1854 1802/643/1802
f 1855/698/1855 1853/697/1853 1799/644/1801
f 1799/644/1801 1803/646/1803 1855/698/1855
f 1857/699/1856 1856/700/1857 1806/648/1806
f 1806/648/1806 1805/649/1805 1857/699/1856
f 1807/650/1807 1858/701/1858 1857/699/1856
f 1857/699/1856 1805/649/1805 1807/650/1807
f 1808/653/1810 1860/703/1859 1859/702/1860
f 1859/702/1860 1811/652/1811 1808/653/1810
f 1862/704/1861 1861/705/1862 1815/656/1815
f 1815/656/1815 1812/657/1814 1862/704/1861
f 1818/659/1816 1864/707/1863 1863/706/1864
f 1863/706/1864 1817/661/1817 1818/659/1816
f 1821/666/1823 1866/709/1865 1865/708/1866
f 1865/708/1866 1824/665/1824 1821/666/1823
f 1825/670/1827 1868/711/1867 1867/710/1868
f 1867/710/1868 1828/669/1828 1825/670/1827
f 1832/673/1832 1870/713/1869 1869/712/1870
f 1869/712/1870 1831/672/1829 1832/673/1832
f 1837/678/1835 1872/715/1871 1871/714/1872
f 1871/714/1872 1836/681/1836 1837/678/1835
f 1839/684/1841 1874/717/1873 1873/716/1874
f 1873/716/1874 1842/683/1842 1839/684/1841
f 1875/718/1875 1843/686/1843 1844/687/1844
f 1844/687/1844 1876/719/1876 1875/718/1875
f 1849/690/1847 1878/721/1877 1877/720/1878
f 1877/720/1878 1848/692/1848 1849/690/1847
f 1850/693/1850 1879/722/1879 1878/721/1877
f 1878/721/1877 1849/690/1847 1850/693/1850
f 1882/723/1880 1881/726/1881 1880/725/1882
f 1880/725/1882 1883/724/1883 1882/723/1880
f 1884/727/1884 1881/726/1881 1882/723/1880
f 1882/723/1880 1885/728/1885 1884/727/1884
f 1887/729/1886 1886/730/1887 1760/601/1758
f 1760/601/1758 1792/634/1792 1887/729/1886
f 1792/634/1792 1788/632/1790 1789/633/1789
f 1789/633/1789 1776/619/1776 1792/634/1792
f 1795/640/1797 1889/733/1888 1888/732/1889
f 1888/732/1889 1890/731/1890 1795/640/1797
f 1891/734/1891 1889/733/1888 1795/640/1797
f 1795/640/1797 1796/641/1796 1891/734/1891
f 1763/607/1763 1892/735/1892 1762/606/1764
f 1779/622/1779 1791/635/1791 1766/610/1766
f 1766/610/1766 1767/608/1765 1779/622/1779
f 1893/736/1893 1836/681/1836 1871/714/1872
f 1871/714/1872 1894/737/1894 1893/736/1893
f 1835/680/1837 1836/681/1836 1893/736/1893
f 1893/736/1893 1895/738/1895 1835/680/1837
f 1758/603/1760 1896/739/1896 1756/597/1754
f 1756/597/1754 1761/602/1761 1758/603/1760
f 1761/602/1761 1785/629/1787 1786/630/1786
f 1786/630/1786 1790/631/1788 1761/602/1761
f 1897/740/1897 1824/665/1824 1865/708/1866
f 1865/708/1866 1898/741/1898 1897/740/1897
f 1823/664/1821 1824/665/1824 1897/740/1897
f 1897/740/1897 1899/742/1899 1823/664/1821
f 1754/599/1756 1900/743/1900 1753/594/1751
f 1753/594/1751 1757/598/1757 1754/599/1756
f 1757/598/1757 1751/595/1753 1783/627/1784
f 1783/627/1784 1787/628/1785 1757/598/1757
f 1783/627/1784 1901/744/1901 1787/628/1785
f 1859/702/1860 1903/746/1902 1902/745/1903
f 1902/745/1903 1811/652/1811 1859/702/1860
f 1902/745/1903 1904/747/1904 1810/651/1808
f 1810/651/1808 1811/652/1811 1902/745/1903
f 1906/748/1905 1905/750/1906 1752/596/1752
f 1752/596/1752 1907/749/1907 1906/748/1905
f 1908/751/1908 1784/626/1783 1752/596/1752
f 1752/596/1752 1905/750/1906 1908/751/1908
f 1901/744/1901 1783/627/1784 1784/626/1783
f 1784/626/1783 1909/752/1909 1901/744/1901
f 1909/752/1909 1911/754/1910 1910/753/1911
f 1910/753/1911 1901/744/1901 1909/752/1909
f 1914/755/1912 1913/758/1913 1912/757/1914
f 1912/757/1914 1915/756/1915 1914/755/1912
f 1913/758/1913 1914/755/1912 1916/760/1916
f 1916/760/1916 1917/759/1917 1913/758/1913
f 1917/759/1917 1916/760/1916 1918/762/1918
f 1918/762/1918 1919/761/1919 1917/759/1917
f 1735/579/1735 1920/763/1920 1749/590/1747
f 1749/590/1747 1750/591/1750 1735/579/1735
f 1750/591/1750 1765/609/1767 1921/764/1921
f 1921/764/1921 1735/579/1735 1750/591/1750
f 1923/765/1922 1922/766/1923 1921/764/1921
f 1921/764/1921 1765/609/1767 1923/765/1922
f 1926/767/1924 1925/770/1925 1924/769/1926
f 1924/769/1926 1927/768/1927 1926/767/1924
f 1927/768/1927 1924/769/1926 1908/751/1908
f 1908/751/1908 1928/771/1928 1927/768/1927
f 1928/771/1928 1908/751/1908 1905/750/1906
f 1905/750/1906 1929/772/1929 1928/771/1928
f 1929/772/1929 1905/750/1906 1906/748/1905
f 1906/748/1905 1930/773/1930 1929/772/1929
f 1931/774/1931 1904/747/1904 1902/745/1903
f 1902/745/1903 1932/775/1932 1931/774/1931
f 1749/590/1747 1920/763/1920 1919/761/1919
f 1919/761/1919 1918/762/1918 1749/590/1747
f 1748/593/1748 1778/621/1777 1740/585/1740
f 1740/585/1740 1769/614/1769 1748/593/1748
f 1769/614/1769 1740/585/1740 1741/582/1739
f 1741/582/1739 1768/613/1770 1769/614/1769
f 1768/613/1770 1741/582/1739 1794/636/1794
f 1794/636/1794 1933/776/1933 1768/613/1770
f 1933/776/1933 1794/636/1794 1851/694/1852
f 1851/694/1852 1934/777/1934 1933/776/1933
f 1845/689/1845 1882/723/1880 1883/724/1883
f 1883/724/1883 1935/778/1935 1845/689/1845
f 1845/689/1845 1841/682/1839 1885/728/1885
f 1885/728/1885 1882/723/1880 1845/689/1845
f 1936/779/1936 1760/601/1758 1886/730/1887
f 1936/779/1936 1759/604/1759 1760/601/1758
f 1838/679/1838 1841/682/1839 1842/683/1842
f 1842/683/1842 1837/678/1835 1838/679/1838
f 1872/715/1871 1837/678/1835 1842/683/1842
f 1842/683/1842 1873/716/1874 1872/715/1871
f 1833/677/1833 1893/736/1893 1894/737/1894
f 1894/737/1894 1937/780/1937 1833/677/1833
f 1833/677/1833 1827/668/1825 1895/738/1895
f 1895/738/1895 1893/736/1893 1833/677/1833
f 1938/781/1938 1756/597/1754 1896/739/1896
f 1938/781/1938 1755/600/1755 1756/597/1754
f 1822/667/1822 1827/668/1825 1828/669/1828
f 1828/669/1828 1821/666/1823 1822/667/1822
f 1866/709/1865 1821/666/1823 1828/669/1828
f 1828/669/1828 1867/710/1868 1866/709/1865
f 1819/663/1819 1897/740/1897 1898/741/1898
f 1898/741/1898 1939/782/1939 1819/663/1819
f 1819/663/1819 1814/655/1812 1899/742/1899
f 1899/742/1899 1897/740/1897 1819/663/1819
f 1940/783/1940 1753/594/1751 1900/743/1900
f 1940/783/1940 1941/784/1941 1753/594/1751
f 1809/654/1809 1814/655/1812 1815/656/1815
f 1815/656/1815 1808/653/1810 1809/654/1809
f 1860/703/1859 1808/653/1810 1815/656/1815
f 1815/656/1815 1861/705/1862 1860/703/1859
f 1848/692/1848 1877/720/1878 1880/725/1882
f 1880/725/1882 1881/726/1881 1848/692/1848
f 1848/692/1848 1881/726/1881 1884/727/1884
f 1884/727/1884 1847/691/1849 1848/692/1848
f 1764/605/1762 1887/729/1886 1792/634/1792
f 1792/634/1792 1763/607/1763 1764/605/1762
f 1942/785/1942 1892/735/1892 1763/607/1763
f 1763/607/1763 1779/622/1779 1942/785/1942
f 1801/642/1799 1802/643/1802 1889/733/1888
f 1889/733/1888 1891/734/1891 1801/642/1799
f 1889/733/1888 1802/643/1802 1854/696/1854
f 1854/696/1854 1888/732/1889 1889/733/1888
f 1753/594/1751 1941/784/1941 1907/749/1907
f 1907/749/1907 1752/596/1752 1753/594/1751
f 1751/595/1753 1757/598/1757 1753/594/1751
f 1756/597/1754 1757/598/1757 1785/629/1787
f 1785/629/1787 1761/602/1761 1756/597/1754
f 1760/601/1758 1761/602/1761 1788/632/1790
f 1788/632/1790 1792/634/1792 1760/601/1758
f 1763/607/1763 1792/634/1792 1791/635/1791
f 1791/635/1791 1779/622/1779 1763/607/1763
f 1863/706/1864 1944/787/1943 1943/786/1944
f 1943/786/1944 1817/661/1817 1863/706/1864
f 1817/661/1817 1943/786/1944 1829/674/1831
f 1829/674/1831 1816/660/1818 1817/661/1817
f 1869/712/1870 1946/789/1945 1945/788/1946
f 1945/788/1946 1831/672/1829 1869/712/1870
f 1945/788/1946 1775/618/1774 1830/675/1830
f 1830/675/1830 1831/672/1829 1945/788/1946
f 1775/618/1774 1739/584/1741 1947/790/1947
f 1947/790/1947 1830/675/1830 1775/618/1774
f 1843/686/1843 1875/718/1875 1948/792/1948
f 1948/792/1948 1949/791/1949 1843/686/1843
f 1949/791/1949 1742/583/1742 1774/617/1775
f 1774/617/1775 1843/686/1843 1949/791/1949
f 1798/639/1798 1795/640/1797 1890/731/1890
f 1890/731/1890 1950/793/1950 1798/639/1798
f 1846/688/1846 1845/689/1845 1935/778/1935
f 1935/778/1935 1951/794/1951 1846/688/1846
f 1834/676/1834 1833/677/1833 1937/780/1937
f 1937/780/1937 1952/795/1952 1834/676/1834
f 1820/662/1820 1819/663/1819 1939/782/1939
f 1939/782/1939 1953/796/1953 1820/662/1820
f 1954/797/1954 1932/775/1932 1902/745/1903
f 1902/745/1903 1903/746/1902 1954/797/1954
f 1852/695/1851 1955/798/1955 1851/694/1852
f 1956/799/1956 1854/696/1854 1853/697/1853
f 1853/697/1853 1957/800/1957 1956/799/1956
f 1957/800/1957 1853/697/1853 1855/698/1855
f 1855/698/1855 1958/801/1958 1957/800/1957
f 1857/699/1856 1858/701/1858 1959/802/1959
f 1960/803/1960 1861/705/1862 1862/704/1861
f 1862/704/1861 1961/804/1961 1960/803/1960
f 1864/707/1863 1962/805/1962 1863/706/1864
f 1963/806/1963 1865/708/1866 1866/709/1865
f 1866/709/1865 1964/807/1964 1963/806/1963
f 1964/807/1964 1867/710/1868 1868/711/1867
f 1868/711/1867 1965/808/1965 1964/807/1964
f 1870/713/1869 1966/809/1966 1869/712/1870
f 1967/810/1967 1871/714/1872 1872/715/1871
f 1872/715/1871 1968/811/1968 1967/810/1967
f 1968/811/1968 1873/716/1874 1874/717/1873
f 1874/717/1873 1969/812/1969 1968/811/1968
f 1876/719/1876 1970/813/1970 1875/718/1875
f 1971/814/1971 1878/721/1877 1879/722/1879
f 1879/722/1879 1972/815/1972 1971/814/1971
f 1973/816/1973 1883/724/1883 1880/725/1882
f 1880/725/1882 1974/817/1974 1973/816/1973
f 1975/818/1975 1890/731/1890 1888/732/1889
f 1888/732/1889 1956/799/1956 1975/818/1975
f 1976/819/1976 1894/737/1894 1871/714/1872
f 1871/714/1872 1967/810/1967 1976/819/1976
f 1977/820/1977 1898/741/1898 1865/708/1866
f 1865/708/1866 1963/806/1963 1977/820/1977
f 1978/821/1978 1903/746/1902 1859/702/1860
f 1859/702/1860 1979/822/1979 1978/821/1978
f 1979/822/1979 1860/703/1859 1861/705/1862
f 1861/705/1862 1960/803/1960 1979/822/1979
f 1974/817/1974 1880/725/1882 1877/720/1878
f 1877/720/1878 1971/814/1971 1974/817/1974
f 1980/823/1980 1950/793/1950 1890/731/1890
f 1890/731/1890 1975/818/1975 1980/823/1980
f 1981/824/1981 1951/794/1951 1935/778/1935
f 1935/778/1935 1973/816/1973 1981/824/1981
f 1982/825/1982 1952/795/1952 1937/780/1937
f 1937/780/1937 1976/819/1976 1982/825/1982
f 1983/826/1983 1953/796/1953 1939/782/1939
f 1939/782/1939 1977/820/1977 1983/826/1983
f 1984/827/1984 1954/797/1954 1903/746/1902
f 1903/746/1902 1978/821/1978 1984/827/1984
f 1985/828/1985 1734/575/1734 1736/578/1736
f 1736/578/1736 1986/829/1986 1985/828/1985
f 1987/830/1987 1733/574/1731 1734/575/1734
f 1734/575/1734 1985/828/1985 1987/830/1987
f 1724/569/1724 1725/566/1723 1925/770/1925
f 1925/770/1925 1988/831/1988 1724/569/1724
f 1989/832/1989 1727/572/1729 1728/573/1728
f 1728/573/1728 1990/833/1990 1989/832/1989
f 1989/832/1989 1991/834/1991 1738/581/1738
f 1738/581/1738 1727/572/1729 1989/832/1989
f 1993/835/1992 1992/836/1993 1986/829/1986
f 1986/829/1986 1736/578/1736 1993/835/1992
f 1922/766/1923 1994/837/1994 1993/835/1992
f 1993/835/1992 1921/764/1921 1922/766/1923
f 1912/757/1914 1913/758/1913 1995/839/1995
f 1995/839/1995 1996/838/1996 1912/757/1914
f 1913/758/1913 1917/759/1917 1997/840/1997
f 1997/840/1997 1995/839/1995 1913/758/1913
f 1999/841/1998 1998/842/1999 1919/761/1919
f 1919/761/1919 1920/763/1920 1999/841/1998
f 1996/838/1996 1995/839/1995 2000/843/2000
f 1989/832/1989 2000/843/2000 2001/844/2001
f 2001/844/2001 1991/834/1991 1989/832/1989
f 1979/822/1979 1859/702/1860 1860/703/1859
f 1971/814/1971 1877/720/1878 1878/721/1877
f 1973/816/1973 1935/778/1935 1883/724/1883
f 1968/811/1968 1872/715/1871 1873/716/1874
f 1976/819/1976 1937/780/1937 1894/737/1894
f 1964/807/1964 1866/709/1865 1867/710/1868
f 1977/820/1977 1939/782/1939 1898/741/1898
f 1956/799/1956 1888/732/1889 1854/696/1854
f 1771/612/1771 1942/785/1942 1779/622/1779
f 1790/631/1788 1786/630/1786 1901/744/1901
f 1901/744/1901 1923/765/1922 1790/631/1788
f 1770/611/1768 1771/612/1771 1779/622/1779
f 1742/583/1742 1739/584/1741 1774/617/1775
f 1735/579/1735 1731/576/1733 1999/841/1998
f 1999/841/1998 1920/763/1920 1735/579/1735
f 2002/845/2002 1988/831/1988 1925/770/1925
f 1925/770/1925 1926/767/1924 2002/845/2002
f 2005/846/2003 2004/849/2004 2003/848/2005
f 2003/848/2005 2006/847/2006 2005/846/2003
f 1730/571/1730 1737/580/1737 2007/851/2007
f 2007/851/2007 2008/850/2008 1730/571/1730
f 1706/547/1704 1707/548/1707 2009/853/2009
f 2009/853/2009 2010/852/2010 1706/547/1704
f 2013/854/2011 2012/857/2012 2011/856/2013
f 2011/856/2013 2014/855/2014 2013/854/2011
f 2013/854/2011 1700/541/1698 1701/542/1701
f 1701/542/1701 2012/857/2012 2013/854/2011
f 1703/545/1703 2015/858/2015 2012/857/2012
f 2012/857/2012 1701/542/1701 1703/545/1703
f 2018/859/2016 2017/862/2017 2016/861/2018
f 2016/861/2018 2019/860/2019 2018/859/2016
f 1694/539/1696 2021/865/2020 2020/864/2021
f 2020/864/2021 2022/863/2022 1694/539/1696
f 1695/540/1695 2023/866/2023 2021/865/2020
f 2021/865/2020 1694/539/1696 1695/540/1695
f 2016/861/2018 2024/867/2024 2023/866/2023
f 2023/866/2023 1695/540/1695 2016/861/2018
f 2017/862/2017 2025/868/2025 2024/867/2024
f 2024/867/2024 2016/861/2018 2017/862/2017
f 2003/848/2005 2004/849/2004 2026/870/2026
f 2026/870/2026 2027/869/2027 2003/848/2005
f 2030/871/2028 2029/874/2029 2028/873/2030
f 2028/873/2030 2031/872/2031 2030/871/2028
f 2033/875/2032 2032/876/2033 2008/850/2008
f 2008/850/2008 1704/549/1706 2033/875/2032
f 1738/581/1738 1991/834/1991 1732/577/1732
f 1732/577/1732 1733/574/1731 1738/581/1738
f 1737/580/1737 1738/581/1738 1733/574/1731
f 1733/574/1731 1987/830/1987 1737/580/1737
f 2001/844/2001 2034/877/2034 1732/577/1732
f 1732/577/1732 1991/834/1991 2001/844/2001
f 2036/878/2035 2035/879/2036 2015/858/2015
f 2015/858/2015 1703/545/1703 2036/878/2035
f 2037/880/2037 2036/878/2035 1703/545/1703
f 1703/545/1703 1702/546/1702 2037/880/2037
f 1997/840/1997 1917/759/1917 1919/761/1919
f 1919/761/1919 1998/842/1999 1997/840/1997
f 2039/881/2038 2038/882/2039 2014/855/2014
f 2014/855/2014 2011/856/2013 2039/881/2038
f 2029/874/2029 1994/837/1994 2040/883/2040
f 2040/883/2040 2028/873/2030 2029/874/2029
f 2041/884/2041 2040/883/2040 1910/753/1911
f 1910/753/1911 1911/754/1910 2041/884/2041
f 2043/885/2042 2005/846/2003 2042/887/2043
f 2042/887/2043 2044/886/2044 2043/885/2042
f 1750/591/1750 1747/592/1749 1767/608/1765
f 1767/608/1765 1765/609/1767 1750/591/1750
f 1697/538/1697 2046/889/2045 2045/888/2046
f 2045/888/2046 1696/537/1694 1697/538/1697
f 1736/578/1736 1735/579/1735 1921/764/1921
f 1921/764/1921 1993/835/1992 1736/578/1736
f 1986/829/1986 2048/891/2047 2047/890/2048
f 2047/890/2048 1985/828/1985 1986/829/1986
f 1985/828/1985 2047/890/2048 2049/892/2049
f 2049/892/2049 1987/830/1987 1985/828/1985
f 2051/893/2050 2050/894/2051 1726/567/1726
f 1726/567/1726 1723/568/1725 2051/893/2050
f 2008/850/2008 2032/876/2033 1729/570/1727
f 1729/570/1727 1730/571/1730 2008/850/2008
f 1987/830/1987 2049/892/2049 2007/851/2007
f 2007/851/2007 1737/580/1737 1987/830/1987
f 1704/549/1706 2008/850/2008 2007/851/2007
f 2007/851/2007 1707/548/1707 1704/549/1706
f 2048/891/2047 2053/897/2052 2052/896/2053
f 2052/896/2053 2054/895/2054 2048/891/2047
f 1707/548/1707 2007/851/2007 2049/892/2049
f 2049/892/2049 2009/853/2009 1707/548/1707
f 2055/898/2055 2033/875/2032 1704/549/1706
f 1704/549/1706 1705/550/1705 2055/898/2055
f 2009/853/2009 2049/892/2049 2047/890/2048
f 2047/890/2048 2056/899/2056 2009/853/2009
f 2056/899/2056 2047/890/2048 2048/891/2047
f 2048/891/2047 2054/895/2054 2056/899/2056
f 2013/854/2011 2014/855/2014 2057/901/2057
f 2057/901/2057 2058/900/2058 2013/854/2011
f 2060/902/2059 2059/903/2060 1714/555/1714
f 1714/555/1714 1711/556/1713 2060/902/2059
f 2011/856/2013 2012/857/2012 2015/858/2015
f 2015/858/2015 2061/904/2061 2011/856/2013
f 2064/905/2062 2063/908/2063 2062/907/2064
f 2062/907/2064 2065/906/2065 2064/905/2062
f 2061/904/2061 2015/858/2015 2035/879/2036
f 2035/879/2036 2066/909/2066 2061/904/2061
f 2067/910/2067 2028/873/2030 2040/883/2040
f 2040/883/2040 2041/884/2041 2067/910/2067
f 2068/911/2068 2031/872/2031 2028/873/2030
f 2028/873/2030 2067/910/2067 2068/911/2068
f 2070/912/2069 2069/913/2070 2058/900/2058
f 2058/900/2058 2018/859/2016 2070/912/2069
f 2072/914/2071 2071/915/2072 2044/886/2044
f 2044/886/2044 2042/887/2043 2072/914/2071
f 2073/916/2073 2072/914/2071 2042/887/2043
f 2042/887/2043 2074/917/2074 2073/916/2073
f 2074/917/2074 2075/918/2075 2073/916/2073
f 2076/919/2076 2075/918/2075 2074/917/2074
f 2074/917/2074 2006/847/2006 2076/919/2076
f 2072/914/2071 1713/554/1711 1714/555/1714
f 1714/555/1714 2071/915/2072 2072/914/2071
f 1714/555/1714 2059/903/2060 2077/920/2077
f 2077/920/2077 2071/915/2072 1714/555/1714
f 2006/847/2006 2074/917/2074 2042/887/2043
f 2042/887/2043 2005/846/2003 2006/847/2006
f 2043/885/2042 2078/921/2078 2004/849/2004
f 2004/849/2004 2005/846/2003 2043/885/2042
f 2003/848/2005 2027/869/2027 2076/919/2076
f 2076/919/2076 2006/847/2006 2003/848/2005
f 2025/868/2025 2017/862/2017 2078/921/2078
f 2078/921/2078 2043/885/2042 2025/868/2025
f 2026/870/2026 2079/922/2079 2052/896/2053
f 2052/896/2053 2027/869/2027 2026/870/2026
f 2075/918/2075 2076/919/2076 2031/872/2031
f 1901/744/1901 1910/753/1911 1922/766/1923
f 1922/766/1923 1923/765/1922 1901/744/1901
f 1910/753/1911 2040/883/2040 1994/837/1994
f 1994/837/1994 1922/766/1923 1910/753/1911
f 2030/871/2028 2053/897/2052 1992/836/1993
f 1992/836/1993 2029/874/2029 2030/871/2028
f 1992/836/1993 1993/835/1992 1994/837/1994
f 1994/837/1994 2029/874/2029 1992/836/1993
f 2076/919/2076 2027/869/2027 2030/871/2028
f 2030/871/2028 2031/872/2031 2076/919/2076
f 2027/869/2027 2052/896/2053 2053/897/2052
f 2053/897/2052 2030/871/2028 2027/869/2027
f 1776/619/1776 1789/633/1789 1923/765/1922
f 2000/843/2000 1989/832/1989 1990/833/1990
f 1990/833/1990 1996/838/1996 2000/843/2000
f 2000/843/2000 1995/839/1995 1997/840/1997
f 1997/840/1997 2001/844/2001 2000/843/2000
f 2001/844/2001 1997/840/1997 1998/842/1999
f 1998/842/1999 2034/877/2034 2001/844/2001
f 2031/872/2031 2068/911/2068 2073/916/2073
f 2073/916/2073 2075/918/2075 2031/872/2031
f 2022/863/2022 2080/923/2080 1697/538/1697
f 1697/538/1697 1694/539/1696 2022/863/2022
f 2046/889/2045 1697/538/1697 2080/923/2080
f 2080/923/2080 2081/924/2081 2046/889/2045
f 1999/841/1998 1731/576/1733 1732/577/1732
f 1732/577/1732 2034/877/2034 1999/841/1998
f 1999/841/1998 2034/877/2034 1998/842/1999
f 1772/615/1773 1947/790/1947 2082/925/2082
f 2082/925/2082 1782/625/1782 1772/615/1773
f 1773/616/1772 1816/660/1818 1772/615/1773
f 2082/925/2082 1947/790/1947 1739/584/1741
f 1739/584/1741 1777/620/1778 2082/925/2082
f 1947/790/1947 1772/615/1773 1816/660/1818
f 1816/660/1818 1829/674/1831 1947/790/1947
f 1947/790/1947 1829/674/1831 1830/675/1830
f 1782/625/1782 2084/927/2083 2083/926/2084
f 2083/926/2084 1781/624/1780 1782/625/1782
f 1782/625/1782 2082/925/2082 2085/928/2085
f 2085/928/2085 2084/927/2083 1782/625/1782
f 1781/624/1780 2083/926/2084 1780/623/1781
f 2084/927/2083 2085/928/2085 1916/760/1916
f 1916/760/1916 1914/755/1912 2084/927/2083
f 1914/755/1912 1915/756/1915 2083/926/2084
f 2083/926/2084 2084/927/2083 1914/755/1912
f 2083/926/2084 1915/756/1915 1780/623/1781
f 1778/621/1777 2087/930/2086 2086/929/2087
f 2086/929/2087 1777/620/1778 1778/621/1777
f 2086/929/2087 2087/930/2086 1918/762/1918
f 1918/762/1918 1916/760/1916 2086/929/2087
f 1748/593/1748 1749/590/1747 2087/930/2086
f 2087/930/2086 1778/621/1777 1748/593/1748
f 1918/762/1918 2087/930/2086 1749/590/1747
f 2086/929/2087 1916/760/1916 2085/928/2085
f 2086/929/2087 2085/928/2085 2082/925/2082
f 2082/925/2082 1777/620/1778 2086/929/2087
f 2061/904/2061 2010/852/2010 2039/881/2038
f 2039/881/2038 2011/856/2013 2061/904/2061
f 2039/881/2038 2056/899/2056 2054/895/2054
f 2054/895/2054 2038/882/2039 2039/881/2038
f 2010/852/2010 2009/853/2009 2056/899/2056
f 2056/899/2056 2039/881/2038 2010/852/2010
f 2019/860/2019 2016/861/2018 1695/540/1695
f 1695/540/1695 1696/537/1694 2019/860/2019
f 2067/910/2067 1726/567/1726 2050/894/2051
f 2050/894/2051 2068/911/2068 2067/910/2067
f 2041/884/2041 1725/566/1723 1726/567/1726
f 1726/567/1726 2067/910/2067 2041/884/2041
f 1911/754/1910 1925/770/1925 1725/566/1723
f 1725/566/1723 2041/884/2041 1911/754/1910
f 1924/769/1926 1925/770/1925 1911/754/1910
f 1911/754/1910 1909/752/1909 1924/769/1926
f 1908/751/1908 1924/769/1926 1909/752/1909
f 1909/752/1909 1784/626/1783 1908/751/1908
f 2044/886/2044 2088/931/2088 2025/868/2025
f 2025/868/2025 2043/885/2042 2044/886/2044
f 1713/554/1711 2072/914/2071 2073/916/2073
f 2073/916/2073 2089/932/2089 1713/554/1711
f 2089/932/2089 2073/916/2073 2068/911/2068
f 2068/911/2068 2050/894/2051 2089/932/2089
f 2004/849/2004 2078/921/2078 2090/933/2090
f 2090/933/2090 2026/870/2026 2004/849/2004
f 2091/934/2091 2024/867/2024 2025/868/2025
f 2025/868/2025 2088/931/2088 2091/934/2091
f 2088/931/2088 2044/886/2044 2071/915/2072
f 2071/915/2072 2077/920/2077 2088/931/2088
f 2092/935/2092 1716/561/1716 1717/558/1715
f 1717/558/1715 2093/936/2093 2092/935/2092
f 2079/922/2079 2038/882/2039 2054/895/2054
f 2054/895/2054 2052/896/2053 2079/922/2079
f 2079/922/2079 2057/901/2057 2014/855/2014
f 2014/855/2014 2038/882/2039 2079/922/2079
f 1986/829/1986 1992/836/1993 2053/897/2052
f 2053/897/2052 2048/891/2047 1986/829/1986
f 2090/933/2090 2057/901/2057 2079/922/2079
f 2079/922/2079 2026/870/2026 2090/933/2090
f 2051/893/2050 2094/937/2094 2089/932/2089
f 2089/932/2089 2050/894/2051 2051/893/2050
f 2095/938/2095 939/939/939 450/450/450
f 450/450/450 1608/447/1608 2095/938/2095
f 1713/554/1711 2089/932/2089 2094/937/2094
f 2094/937/2094 1712/557/1712 1713/554/1711
f 1584/422/1583 1579/415/1579 1689/532/1689
f 1689/532/1689 1583/421/1584 1584/422/1583
f 2021/865/2020 2092/935/2092 2093/936/2093
f 2093/936/2093 2020/864/2021 2021/865/2020
f 1603/443/1603 1602/440/1601 1627/468/1627
f 1627/468/1627 1675/518/1676 1603/443/1603
f 1675/518/1676 1627/468/1627 1631/473/1631
f 1619/459/1617 1620/460/1620 1622/466/1622
f 1622/466/1622 1623/463/1621 1619/459/1617
f 1308/130/1306 2097/941/2096 2096/940/2097
f 2096/940/2097 1307/133/1307 1308/130/1306
f 2097/941/2096 1617/461/1619 2098/942/2098
f 2098/942/2098 2096/940/2097 2097/941/2096
f 1617/461/1619 1618/462/1618 2099/943/2099
f 2099/943/2099 2098/942/2098 1617/461/1619
f 1618/462/1618 2101/945/2100 2100/944/2101
f 2100/944/2101 2099/943/2099 1618/462/1618
f 1632/476/1634 2103/947/2102 2102/946/2103
f 2102/946/2103 1635/475/1635 1632/476/1634
f 1650/495/1650 1651/492/1649 1635/475/1635
f 1635/475/1635 2102/946/2103 1650/495/1650
f 2102/946/2103 1647/491/1647 1648/489/1646
f 1648/489/1646 1650/495/1650 2102/946/2103
f 2102/946/2103 2103/947/2102 2104/948/2104
f 2104/948/2104 1647/491/1647 2102/946/2103
f 2105/949/2105 1646/490/1648 1647/491/1647
f 1647/491/1647 2104/948/2104 2105/949/2105
f 2105/949/2105 1643/488/1644 1536/362/1536
f 1536/362/1536 1646/490/1648 2105/949/2105
f 1562/389/1561 1593/431/1592 1561/391/1562
f 1623/463/1621 1624/464/1624 1613/457/1615
f 1613/457/1615 1614/458/1614 1623/463/1621
f 2106/950/2106 1619/459/1617 1623/463/1621
f 1623/463/1621 1614/458/1614 2106/950/2106
f 2101/945/2100 1618/462/1618 1619/459/1617
f 1619/459/1617 2106/950/2106 2101/945/2100
f 2107/951/2107 1620/460/1620 1617/461/1619
f 1617/461/1619 2097/941/2096 2107/951/2107
f 1620/460/1620 2107/951/2107 1637/479/1637
f 1637/479/1637 1622/466/1622 1620/460/1620
f 1639/483/1639 1640/480/1638 1625/467/1625
f 1625/467/1625 2108/952/2108 1639/483/1639
f 2109/953/2109 2107/951/2107 2097/941/2096
f 2097/941/2096 1308/130/1306 2109/953/2109
f 2110/954/2110 1636/478/1636 1637/479/1637
f 1637/479/1637 2111/955/2111 2110/954/2110
f 2112/956/2112 1639/483/1639 2108/952/2108
f 2108/952/2108 2113/957/2113 2112/956/2112
f 1639/483/1639 2112/956/2112 1638/482/1640
f 2111/955/2111 1637/479/1637 2107/951/2107
f 2107/951/2107 2109/953/2109 2111/955/2111
f 1301/124/1301 2111/955/2111 2109/953/2109
f 2109/953/2109 1539/363/1539 1301/124/1301
f 1290/113/1291 1301/124/1301 1539/363/1539
f 1539/363/1539 2114/958/2114 1290/113/1291
f 959/959/959 110/112/112 1290/113/1291
f 1290/113/1291 2114/958/2114 959/959/959
f 1299/121/1297 1302/128/1304 2115/960/2115
f 2115/960/2115 1298/123/1298 1299/121/1297
f 1300/125/1300 2110/954/2110 2111/955/2111
f 2111/955/2111 1301/124/1301 1300/125/1300
f 1552/375/1550 2112/956/2112 2113/957/2113
f 2113/957/2113 1642/484/1642 1552/375/1550
f 1553/376/1553 1638/482/1640 2112/956/2112
f 2112/956/2112 1552/375/1550 1553/376/1553
f 2108/952/2108 1625/467/1625 1621/465/1623
f 1621/465/1623 1636/478/1636 2108/952/2108
f 2113/957/2113 2108/952/2108 1636/478/1636
f 1636/478/1636 2110/954/2110 2113/957/2113
f 1642/484/1642 2113/957/2113 2110/954/2110
f 2110/954/2110 1300/125/1300 1642/484/1642
f 1291/110/1290 1572/408/1572 1642/484/1642
f 1642/484/1642 1300/125/1300 1291/110/1290
f 111/111/111 408/407/407 1572/408/1572
f 1572/408/1572 1291/110/1290 111/111/111
f 1628/472/1629 1626/469/1626 1590/427/1588
f 1590/427/1588 1591/428/1591 1628/472/1629
f 2104/948/2104 2117/962/2116 2116/961/2117
f 2116/961/2117 2105/949/2105 2104/948/2104
f 2103/947/2102 2118/963/2118 2117/962/2116
f 2117/962/2116 2104/948/2104 2103/947/2102
f 1632/476/1634 2119/964/2119 2118/963/2118
f 2118/963/2118 2103/947/2102 1632/476/1634
f 1633/477/1633 2120/965/2120 2119/964/2119
f 2119/964/2119 1632/476/1634 1633/477/1633
f 1297/122/1299 1309/131/1309 1306/132/1308
f 1306/132/1308 1563/390/1563 1297/122/1299
f 1309/131/1309 1539/363/1539 2109/953/2109
f 2109/953/2109 1308/130/1306 1309/131/1309
f 1561/391/1562 1560/388/1560 1299/121/1297
f 1299/121/1297 1297/122/1299 1561/391/1562
f 1629/470/1628 1630/471/1630 2120/965/2120
f 2120/965/2120 1633/477/1633 1629/470/1628
f 1560/388/1560 1561/391/1562 1593/431/1592
f 1593/431/1592 1596/435/1596 1560/388/1560
f 1596/435/1596 2122/967/2121 2121/966/2122
f 2116/961/2117 2123/968/2123 1643/488/1644
f 1643/488/1644 2105/949/2105 2116/961/2117
f 1615/455/1613 2124/969/2124 2106/950/2106
f 2106/950/2106 1614/458/1614 1615/455/1613
f 2125/970/2125 2101/945/2100 2106/950/2106
f 2106/950/2106 2124/969/2124 2125/970/2125
f 2126/971/2126 2100/944/2101 2101/945/2100
f 2101/945/2100 2125/970/2125 2126/971/2126
f 2129/972/2127 2128/975/2128 2127/974/2129
f 2127/974/2129 2130/973/2130 2129/972/2127
f 2127/974/2129 2128/975/2128 2131/977/2131
f 2131/977/2131 2132/976/2132 2127/974/2129
f 2092/935/2092 2021/865/2020 2023/866/2023
f 2023/866/2023 2133/978/2133 2092/935/2092
f 2133/978/2133 1720/563/1719 1716/561/1716
f 1716/561/1716 2092/935/2092 2133/978/2133
f 2077/920/2077 2091/934/2091 2088/931/2088
f 2133/978/2133 2023/866/2023 2024/867/2024
f 2024/867/2024 2091/934/2091 2133/978/2133
f 1720/563/1719 2133/978/2133 2091/934/2091
f 2091/934/2091 2077/920/2077 1720/563/1719
f 1719/562/1720 1720/563/1719 2077/920/2077
f 2077/920/2077 2059/903/2060 1719/562/1720
f 2135/979/2134 1609/448/1609 2134/981/2135
f 2134/981/2135 2136/980/2136 2135/979/2134
f 406/406/406 1570/403/1570 1567/398/1567
f 1567/398/1567 397/397/397 406/406/406
f 2137/982/2137 2066/909/2066 2035/879/2036
f 1610/452/1610 451/451/451 983/984/984
f 983/984/984 2138/983/2138 1610/452/1610
f 1610/452/1610 2134/981/2135 1609/448/1609
f 1574/413/1574 1288/109/1289 1289/106/1288
f 2135/979/2134 2095/938/2095 1608/447/1608
f 1608/447/1608 1609/448/1609 2135/979/2134
f 2141/985/2139 2140/988/2140 2139/987/2141
f 2139/987/2141 2142/986/2142 2141/985/2139
f 2143/989/2143 2142/986/2142 2139/987/2141
f 2139/987/2141 1692/533/1690 2143/989/2143
f 1692/533/1690 2139/987/2141 2144/990/2144
f 2144/990/2144 1691/536/1691 1692/533/1690
f 2145/991/2145 2144/990/2144 2139/987/2141
f 2139/987/2141 2140/988/2140 2145/991/2145
f 2138/983/2138 983/984/984 992/993/993
f 992/993/993 2146/992/2146 2138/983/2138
f 1722/565/1722 1691/536/1691 2144/990/2144
f 2144/990/2144 2147/994/2147 1722/565/1722
f 2144/990/2144 2145/991/2145 2148/995/2148
f 2148/995/2148 2147/994/2147 2144/990/2144
f 996/996/996 2149/997/2149 2146/992/2146
f 2146/992/2146 992/993/993 996/996/996
f 1705/550/1705 2064/905/2062 2065/906/2065
f 2065/906/2065 2055/898/2055 1705/550/1705
f 2066/909/2066 2064/905/2062 1705/550/1705
f 1705/550/1705 1706/547/1704 2066/909/2066
f 2010/852/2010 2061/904/2061 2066/909/2066
f 2066/909/2066 1706/547/1704 2010/852/2010
f 2059/903/2060 2060/902/2059 2150/998/2150
f 2150/998/2150 1719/562/1720 2059/903/2060
f 2150/998/2150 2151/999/2151 1715/560/1717
f 1715/560/1717 1719/562/1720 2150/998/2150
f 2152/1000/2152 1001/1001/1001 1586/424/1586
f 1586/424/1586 1685/528/1685 2152/1000/2152
f 1001/1001/1001 116/114/114 1586/424/1586
f 2151/999/2151 1718/559/1718 1715/560/1717
f 2066/909/2066 2137/982/2137 2063/908/2063
f 2063/908/2063 2064/905/2062 2066/909/2066
f 2153/1002/2153 2137/982/2137 2036/878/2035
f 2036/878/2035 2037/880/2037 2153/1002/2153
f 2147/994/2147 2148/995/2148 2154/1003/2154
f 2154/1003/2154 2153/1002/2153 2147/994/2147
f 1004/1004/1004 2155/1005/2155 2149/997/2149
f 2149/997/2149 996/996/996 1004/1004/1004
f 2036/878/2035 2137/982/2137 2035/879/2036
f 1006/1006/1006 2156/1007/2156 2155/1005/2155
f 2155/1005/2155 1004/1004/1004 1006/1006/1006
f 2037/880/2037 1722/565/1722 2147/994/2147
f 2147/994/2147 2153/1002/2153 2037/880/2037
f 2156/1007/2156 1006/1006/1006 1008/1009/1009
f 1008/1009/1009 2157/1008/2157 2156/1007/2156
f 2154/1003/2154 2159/1011/2158 2158/1010/2159
f 2158/1010/2159 2153/1002/2153 2154/1003/2154
f 2160/1012/2160 2158/1010/2159 2159/1011/2158
f 2159/1011/2158 2161/1013/2161 2160/1012/2160
f 2137/982/2137 2153/1002/2153 2158/1010/2159
f 2158/1010/2159 2063/908/2063 2137/982/2137
f 2160/1012/2160 2062/907/2064 2063/908/2063
f 2063/908/2063 2158/1010/2159 2160/1012/2160
f 426/426/426 959/959/959 2114/958/2114
f 2114/958/2114 1587/425/1587 426/426/426
f 1539/363/1539 1298/123/1298 1587/425/1587
f 1587/425/1587 2114/958/2114 1539/363/1539
f 2069/913/2070 2070/912/2069 2045/888/2046
f 2045/888/2046 2162/1014/2162 2069/913/2070
f 2057/901/2057 2090/933/2090 2018/859/2016
f 2018/859/2016 2058/900/2058 2057/901/2057
f 1708/552/1710 1709/553/1709 2046/889/2045
f 2046/889/2045 2081/924/2081 1708/552/1710
f 2162/1014/2162 2045/888/2046 2046/889/2045
f 2046/889/2045 1709/553/1709 2162/1014/2162
f 2070/912/2069 2019/860/2019 1696/537/1694
f 1696/537/1694 2045/888/2046 2070/912/2069
f 2070/912/2069 2018/859/2016 2019/860/2019
f 2162/1014/2162 1709/553/1709 1710/551/1708
f 1710/551/1708 1699/544/1699 2162/1014/2162
f 1700/541/1698 2069/913/2070 2162/1014/2162
f 2162/1014/2162 1699/544/1699 1700/541/1698
f 2013/854/2011 2058/900/2058 2069/913/2070
f 2069/913/2070 1700/541/1698 2013/854/2011
f 2018/859/2016 2090/933/2090 2078/921/2078
f 2078/921/2078 2017/862/2017 2018/859/2016
f 1690/535/1692 1721/564/1721 1699/544/1699
f 1699/544/1699 1710/551/1708 1690/535/1692
f 1702/546/1702 1721/564/1721 1722/565/1722
f 1722/565/1722 2037/880/2037 1702/546/1702
f 1721/564/1721 1702/546/1702 1698/543/1700
f 1698/543/1700 1699/544/1699 1721/564/1721
f 1633/477/1633 1634/474/1632 1631/473/1631
f 1631/473/1631 1629/470/1628 1633/477/1633
f 2165/1015/2163 2164/1017/2164 2163/1016/2165
f 2163/1016/2165 1680/523/1680 2165/1015/2163
f 2168/1018/2166 2167/1021/2167 2166/1020/2168
f 2166/1020/2168 2169/1019/2169 2168/1018/2166
f 2169/1019/2169 2166/1020/2168 1470/296/1472
f 1470/296/1472 2170/1022/2170 2169/1019/2169
f 1548/374/1547 1559/387/1559 1680/523/1680
f 1680/523/1680 2163/1016/2165 1548/374/1547
f 2163/1016/2165 1679/522/1679 1547/373/1548
f 1547/373/1548 1548/374/1547 2163/1016/2165
f 1679/522/1679 2163/1016/2165 2164/1017/2164
f 2164/1017/2164 2168/1018/2166 1679/522/1679
f 1679/522/1679 2168/1018/2166 2169/1019/2169
f 2169/1019/2169 1678/521/1678 1679/522/1679
f 1674/515/1672 1669/512/1670 1670/513/1669
f 1670/513/1669 2171/1023/2171 1674/515/1672
f 2171/1023/2171 1670/513/1669 1671/514/1671
f 1671/514/1671 2170/1022/2170 2171/1023/2171
f 2170/1022/2170 1671/514/1671 1678/521/1678
f 1678/521/1678 2169/1019/2169 2170/1022/2170
f 2165/1015/2163 1680/523/1680 1681/524/1681
f 1681/524/1681 2172/1024/2172 2165/1015/2163
f 1298/123/1298 2115/960/2115 1566/394/1566
f 1566/394/1566 1587/425/1587 1298/123/1298
f 2174/1025/2173 2173/1026/2174 2129/972/2127
f 2129/972/2127 2130/973/2130 2174/1025/2173
f 2176/1027/2175 2175/1028/2176 1293/119/1295
f 1293/119/1295 1611/453/1611 2176/1027/2175
f 1029/1029/1029 1030/1030/1030 2175/1028/2176
f 2175/1028/2176 2176/1027/2175 1029/1029/1029
f 1790/631/1788 1923/765/1922 1789/633/1789
f 1776/619/1776 1923/765/1922 1765/609/1767
f 1787/628/1785 1901/744/1901 1786/630/1786
f 1542/365/1542 1540/366/1541 2177/1032/2177
f 2177/1032/2177 2178/1031/2178 1542/365/1542
f 2181/1033/2179 2180/1036/2180 2179/1035/2181
f 2179/1035/2181 2182/1034/2182 2181/1033/2179
f 2184/1037/2183 2183/1038/2184 2179/1035/2181
f 2179/1035/2181 2180/1036/2180 2184/1037/2183
f 2184/1037/2183 2186/1040/2185 2185/1039/2186
f 2185/1039/2186 2183/1038/2184 2184/1037/2183
f 2179/1035/2181 2188/1042/2187 2187/1041/2188
f 2187/1041/2188 2182/1034/2182 2179/1035/2181
f 2179/1035/2181 2183/1038/2184 2189/1043/2189
f 2189/1043/2189 2188/1042/2187 2179/1035/2181
f 2185/1039/2186 2189/1043/2189 2183/1038/2184
f 2184/1037/2183 2190/1044/2190 2186/1040/2185
f 2180/1036/2180 2192/1046/2191 2191/1045/2192
f 2191/1045/2192 2184/1037/2183 2180/1036/2180
f 2181/1033/2179 2194/1048/2193 2193/1047/2194
f 2193/1047/2194 2180/1036/2180 2181/1033/2179
f 2197/1049/2195 2196/1052/2196 2195/1051/2197
f 2195/1051/2197 2198/1050/2198 2197/1049/2195
f 2199/1053/2199 2196/1052/2196 2197/1049/2195
f 2197/1049/2195 2200/1054/2200 2199/1053/2199
f 2199/1053/2199 2200/1054/2200 2185/1039/2186
f 2185/1039/2186 2201/1055/2201 2199/1053/2199
f 2188/1042/2187 2197/1049/2195 2198/1050/2198
f 2198/1050/2198 2187/1041/2188 2188/1042/2187
f 2197/1049/2195 2188/1042/2187 2189/1043/2189
f 2189/1043/2189 2200/1054/2200 2197/1049/2195
f 2189/1043/2189 2185/1039/2186 2200/1054/2200
f 2204/1056/2202 2203/1059/2203 2202/1058/2204
f 2202/1058/2204 2205/1057/2205 2204/1056/2202
f 2207/1060/2206 2206/1061/2207 2202/1058/2204
f 2202/1058/2204 2203/1059/2203 2207/1060/2206
f 2207/1060/2206 2209/1063/2208 2208/1062/2209
f 2208/1062/2209 2206/1061/2207 2207/1060/2206
f 2205/1057/2205 2202/1058/2204 2210/1065/2210
f 2210/1065/2210 2211/1064/2211 2205/1057/2205
f 2202/1058/2204 2206/1061/2207 2212/1066/2212
f 2212/1066/2212 2210/1065/2210 2202/1058/2204
f 2208/1062/2209 2212/1066/2212 2206/1061/2207
f 2215/1067/2213 2214/1069/2214 2213/1068/2215
f 2217/1070/2216 2216/1072/2217 2214/1069/2214
f 2214/1069/2214 2218/1071/2218 2217/1070/2216
f 2221/1073/2219 2220/1075/2220 2219/1074/2221
f 2219/1074/2221 2216/1072/2217 2221/1073/2219
f 2222/1076/2222 2216/1072/2217 2219/1074/2221
f 2219/1074/2221 2223/1077/2223 2222/1076/2222
f 2214/1069/2214 2216/1072/2217 2222/1076/2222
f 2222/1076/2222 2224/1078/2224 2214/1069/2214
f 2214/1069/2214 2224/1078/2224 2208/1062/2209
f 2208/1062/2209 2213/1068/2215 2214/1069/2214
f 2210/1065/2210 2222/1076/2222 2223/1077/2223
f 2223/1077/2223 2211/1064/2211 2210/1065/2210
f 2222/1076/2222 2210/1065/2210 2212/1066/2212
f 2212/1066/2212 2224/1078/2224 2222/1076/2222
f 2212/1066/2212 2208/1062/2209 2224/1078/2224
f 2227/1079/2225 2226/1082/2226 2225/1081/2227
f 2225/1081/2227 2228/1080/2228 2227/1079/2225
f 2230/1083/2229 2229/1084/2230 2225/1081/2227
f 2225/1081/2227 2226/1082/2226 2230/1083/2229
f 2230/1083/2229 2232/1086/2231 2231/1085/2232
f 2231/1085/2232 2229/1084/2230 2230/1083/2229
f 2228/1080/2228 2225/1081/2227 2233/1088/2233
f 2233/1088/2233 2234/1087/2234 2228/1080/2228
f 2225/1081/2227 2229/1084/2230 2235/1089/2235
f 2235/1089/2235 2233/1088/2233 2225/1081/2227
f 2231/1085/2232 2235/1089/2235 2229/1084/2230
f 2238/1090/2236 2237/1093/2237 2236/1092/2238
f 2236/1092/2238 2239/1091/2239 2238/1090/2236
f 2240/1094/2240 2237/1093/2237 2238/1090/2236
f 2238/1090/2236 2241/1095/2241 2240/1094/2240
f 2240/1094/2240 2241/1095/2241 2231/1085/2232
f 2231/1085/2232 2242/1096/2242 2240/1094/2240
f 2233/1088/2233 2238/1090/2236 2239/1091/2239
f 2239/1091/2239 2234/1087/2234 2233/1088/2233
f 2238/1090/2236 2233/1088/2233 2235/1089/2235
f 2235/1089/2235 2241/1095/2241 2238/1090/2236
f 2235/1089/2235 2231/1085/2232 2241/1095/2241
f 2240/1094/2240 2242/1096/2242 2243/1097/2243
f 2243/1097/2243 2244/1098/2244 2237/1093/2237
f 2237/1093/2237 2240/1094/2240 2243/1097/2243
f 2236/1092/2238 2237/1093/2237 2244/1098/2244
f 2244/1098/2244 2245/1099/2245 2236/1092/2238
f 2248/1100/2246 2247/1103/2247 2246/1102/2248
f 2246/1102/2248 2249/1101/2249 2248/1100/2246
f 2251/1104/2250 2250/1105/2251 2246/1102/2248
f 2246/1102/2248 2247/1103/2247 2251/1104/2250
f 2251/1104/2250 2253/1107/2252 2252/1106/2253
f 2252/1106/2253 2250/1105/2251 2251/1104/2250
f 2249/1101/2249 2246/1102/2248 2254/1109/2254
f 2254/1109/2254 2255/1108/2255 2249/1101/2249
f 2246/1102/2248 2250/1105/2251 2256/1110/2256
f 2256/1110/2256 2254/1109/2254 2246/1102/2248
f 2252/1106/2253 2256/1110/2256 2250/1105/2251
f 2259/1111/2257 2258/1114/2258 2257/1113/2259
f 2257/1113/2259 2260/1112/2260 2259/1111/2257
f 2261/1115/2261 2258/1114/2258 2259/1111/2257
f 2259/1111/2257 2262/1116/2262 2261/1115/2261
f 2261/1115/2261 2262/1116/2262 2252/1106/2253
f 2252/1106/2253 2263/1117/2263 2261/1115/2261
f 2254/1109/2254 2259/1111/2257 2260/1112/2260
f 2260/1112/2260 2255/1108/2255 2254/1109/2254
f 2259/1111/2257 2254/1109/2254 2256/1110/2256
f 2256/1110/2256 2262/1116/2262 2259/1111/2257
f 2256/1110/2256 2252/1106/2253 2262/1116/2262
f 2261/1115/2261 2263/1117/2263 2264/1118/2264
f 2264/1118/2264 2265/1119/2265 2258/1114/2258
f 2258/1114/2258 2261/1115/2261 2264/1118/2264
f 2266/1120/2266 2257/1113/2259 2258/1114/2258
f 2258/1114/2258 2265/1119/2265 2266/1120/2266
f 2269/1121/2267 2268/1124/2268 2267/1123/2269
f 2267/1123/2269 2270/1122/2270 2269/1121/2267
f 2272/1125/2271 2271/1126/2272 2268/1124/2268
f 2268/1124/2268 2269/1121/2267 2272/1125/2271
f 2272/1125/2271 2274/1128/2273 2273/1127/2274
f 2273/1127/2274 2271/1126/2272 2272/1125/2271
f 2267/1123/2269 2268/1124/2268 2275/1130/2275
f 2275/1130/2275 2276/1129/2276 2267/1123/2269
f 2268/1124/2268 2271/1126/2272 2277/1131/2277
f 2277/1131/2277 2275/1130/2275 2268/1124/2268
f 2273/1127/2274 2277/1131/2277 2271/1126/2272
f 2280/1132/2278 2279/1135/2279 2278/1134/2280
f 2278/1134/2280 2281/1133/2281 2280/1132/2278
f 2282/1136/2282 2279/1135/2279 2280/1132/2278
f 2280/1132/2278 2283/1137/2283 2282/1136/2282
f 2282/1136/2282 2283/1137/2283 2273/1127/2274
f 2273/1127/2274 2284/1138/2284 2282/1136/2282
f 2276/1129/2276 2275/1130/2275 2280/1132/2278
f 2280/1132/2278 2281/1133/2281 2276/1129/2276
f 2280/1132/2278 2275/1130/2275 2277/1131/2277
f 2277/1131/2277 2283/1137/2283 2280/1132/2278
f 2277/1131/2277 2273/1127/2274 2283/1137/2283
f 2282/1136/2282 2284/1138/2284 2285/1139/2285
f 2285/1139/2285 2286/1140/2286 2279/1135/2279
f 2279/1135/2279 2282/1136/2282 2285/1139/2285
f 2278/1134/2280 2279/1135/2279 2286/1140/2286
f 2286/1140/2286 2287/1141/2287 2278/1134/2280
f 1508/331/1507 1419/243/1419 1420/244/1420
f 1419/243/1419 1507/332/1508 1418/242/1418
f 1512/335/1511 1425/250/1426 1426/249/1425
f 1425/250/1426 1511/336/1512 1493/316/1492
f 1517/340/1516 1431/256/1432 1432/255/1431
f 1431/256/1432 1516/341/1517 1495/318/1494
f 1522/345/1521 1438/261/1438 1437/262/1437
f 1438/261/1438 1521/346/1522 1497/321/1496
f 1503/326/1502 1413/238/1414 1414/237/1413
f 1413/238/1414 1502/327/1503 1485/309/1485
f 1857/699/1856 2288/1142/2288 1856/700/1857
f 1857/699/1856 1959/802/1959 2288/1142/2288
f 1863/706/1864 2289/1143/2289 1944/787/1943
f 1863/706/1864 1962/805/1962 2289/1143/2289
f 1869/712/1870 2290/1144/2290 1946/789/1945
f 1869/712/1870 1966/809/1966 2290/1144/2290
f 1875/718/1875 2291/1145/2291 1948/792/1948
f 1875/718/1875 1970/813/1970 2291/1145/2291
f 1851/694/1852 2292/1146/2292 1934/777/1934
f 1851/694/1852 1955/798/1955 2292/1146/2292
f 1340/166/1342 2293/1147/2293 1357/181/1357
f 1357/181/1357 1343/165/1343 1340/166/1342
f 1556/383/1556 384/384/384 1148/1148/1148
f 1296/118/1296 1293/119/1295 2175/1028/2176
f 2175/1028/2176 2294/1149/2294 1296/118/1296
f 2294/1149/2294 2175/1028/2176 1030/1030/1030
f 1030/1030/1030 1150/1150/1150 2294/1149/2294
f 1710/551/1708 1693/534/1693 1690/535/1692
f 1688/531/1688 1554/381/1555 1684/527/1684
f 1296/118/1296 2294/1149/2294 1554/381/1555
f 1554/381/1555 1688/531/1688 1296/118/1296
f 1554/381/1555 2294/1149/2294 1150/1150/1150
f 1150/1150/1150 380/380/380 1554/381/1555
f 1580/419/1581 1294/120/1294 1295/117/1293
f 1295/117/1293 1577/417/1577 1580/419/1581
f 1543/370/1545 1544/371/1544 1640/480/1638
f 1640/480/1638 1641/481/1641 1543/370/1545
f 1640/480/1638 1544/371/1544 1558/385/1558
f 1558/385/1558 1625/467/1625 1640/480/1638
f 1304/126/1302 2296/1152/2295 2295/1151/2296
f 2295/1151/2296 1573/410/1573 1304/126/1302
f 2295/1151/2296 1153/1153/1153 411/411/411
f 411/411/411 1573/410/1573 2295/1151/2296
f 1578/414/1576 1579/415/1579 1584/422/1583
f 1584/422/1583 2297/1154/2297 1578/414/1576
f 1584/422/1583 1569/402/1568 2298/1155/2298
f 2298/1155/2298 2297/1154/2297 1584/422/1583
f 1569/402/1568 401/399/399 1156/1156/1156
f 1156/1156/1156 2298/1155/2298 1569/402/1568
f 1578/414/1576 2297/1154/2297 2299/1157/2299
f 2299/1157/2299 1581/418/1580 1578/414/1576
f 2297/1154/2297 2298/1155/2298 2300/1158/2300
f 2300/1158/2300 2299/1157/2299 2297/1154/2297
f 2298/1155/2298 1156/1156/1156 1159/1159/1159
f 1159/1159/1159 2300/1158/2300 2298/1155/2298
f 2303/1160/2301 2302/1163/2302 2301/1162/2303
f 2301/1162/2303 2304/1161/2304 2303/1160/2301
f 1594/432/1594 1592/433/1593 2131/977/2131
f 2131/977/2131 2128/975/2128 1594/432/1594
f 1594/432/1594 2122/967/2121 1596/435/1596
f 1596/435/1596 1593/431/1592 1594/432/1594
f 1595/434/1595 1596/435/1596 2121/966/2122
f 2121/966/2122 2305/1164/2305 1595/434/1595
f 2306/1165/2306 1612/454/1612 1294/120/1294
f 1294/120/1294 1580/419/1581 2306/1165/2306
f 2122/967/2121 1594/432/1594 2128/975/2128
f 2128/975/2128 2129/972/2127 2122/967/2121
f 2307/1166/2307 2174/1025/2173 1615/455/1613
f 1615/455/1613 2174/1025/2173 2130/973/2130
f 2130/973/2130 2124/969/2124 1615/455/1613
f 2124/969/2124 2130/973/2130 2127/974/2129
f 2127/974/2129 2125/970/2125 2124/969/2124
f 2125/970/2125 2127/974/2129 2132/976/2132
f 2132/976/2132 2126/971/2126 2125/970/2125
f 1645/487/1645 1643/488/1644 2123/968/2123
f 2307/1166/2307 2308/1167/2308 2173/1026/2174
f 2173/1026/2174 2174/1025/2173 2307/1166/2307
f 1557/386/1557 1545/368/1543 2303/1160/2301
f 2303/1160/2301 2304/1161/2304 1557/386/1557
f 1545/368/1543 1546/369/1546 2178/1031/2178
f 2178/1031/2178 2177/1032/2177 1545/368/1543
f 2303/1160/2301 1545/368/1543 2177/1032/2177
f 1557/386/1557 2304/1161/2304 1616/456/1616
f 1616/456/1616 1613/457/1615 1557/386/1557
f 2307/1166/2307 1616/456/1616 2304/1161/2304
f 2304/1161/2304 2301/1162/2303 2307/1166/2307
f 1580/419/1581 1581/418/1580 2309/1168/2309
f 2309/1168/2309 2306/1165/2306 1580/419/1581
f 1581/418/1580 2299/1157/2299 2296/1152/2295
f 2296/1152/2295 2309/1168/2309 1581/418/1580
f 2296/1152/2295 2299/1157/2299 2300/1158/2300
f 2300/1158/2300 2295/1151/2296 2296/1152/2295
f 2300/1158/2300 1159/1159/1159 1153/1153/1153
f 1153/1153/1153 2295/1151/2296 2300/1158/2300
f 2308/1167/2308 2307/1166/2307 2301/1162/2303
f 2301/1162/2303 2310/1169/2310 2308/1167/2308
f 2310/1169/2310 2301/1162/2303 2302/1163/2302
f 2302/1163/2302 2311/1170/2311 2310/1169/2310
f 2311/1170/2311 2302/1163/2302 1148/1148/1148
f 1148/1148/1148 1171/1171/1171 2311/1170/2311
f 1540/366/1541 1556/383/1556 2303/1160/2301
f 2303/1160/2301 2177/1032/2177 1540/366/1541
f 1556/383/1556 1148/1148/1148 2302/1163/2302
f 2302/1163/2302 2303/1160/2301 1556/383/1556
f 1612/454/1612 2306/1165/2306 1595/434/1595
f 1595/434/1595 2305/1164/2305 1612/454/1612
f 1595/434/1595 2306/1165/2306 2309/1168/2309
f 2309/1168/2309 1305/127/1305 1595/434/1595
f 1305/127/1305 2309/1168/2309 2296/1152/2295
f 2296/1152/2295 1304/126/1302 1305/127/1305
f 1612/454/1612 2305/1164/2305 2312/1172/2312
f 2312/1172/2312 1611/453/1611 1612/454/1612
f 2312/1172/2312 2313/1173/2313 2176/1027/2175
f 2176/1027/2175 1611/453/1611 2312/1172/2312
f 2176/1027/2175 2313/1173/2313 1174/1174/1174
f 1174/1174/1174 1029/1029/1029 2176/1027/2175
f 2129/972/2127 2173/1026/2174 2121/966/2122
f 2121/966/2122 2122/967/2121 2129/972/2127
f 2121/966/2122 2173/1026/2174 2308/1167/2308
f 2308/1167/2308 2305/1164/2305 2121/966/2122
f 2305/1164/2305 2308/1167/2308 2310/1169/2310
f 2310/1169/2310 2312/1172/2312 2305/1164/2305
f 2310/1169/2310 2311/1170/2311 2313/1173/2313
f 2313/1173/2313 2312/1172/2312 2310/1169/2310
f 2313/1173/2313 2311/1170/2311 1171/1171/1171
f 1171/1171/1171 1174/1174/1174 2313/1173/2313
f 1302/128/1304 1303/129/1303 2115/960/2115
f 2115/960/2115 1303/129/1303 1565/393/1565
f 1565/393/1565 1566/394/1566 2115/960/2115
f 1303/129/1303 1304/126/1302 1573/410/1573
f 1573/410/1573 1565/393/1565 1303/129/1303
f 2307/1166/2307 1615/455/1613 1616/456/1616
f 1341/167/1341 1475/301/1476 2314/1175/2314
f 2314/1175/2314 1340/166/1342 1341/167/1341
f 2314/1175/2314 2316/1178/2315 2315/1177/2316
f 2315/1177/2316 2317/1176/2317 2314/1175/2314
f 1663/508/1664 1664/506/1663 1564/392/1564
f 1564/392/1564 1478/303/1480 1663/508/1664
f 2170/1022/2170 1470/296/1472 1471/297/1471
f 1471/297/1471 2171/1023/2171 2170/1022/2170
f 2171/1023/2171 1471/297/1471 2318/1179/2318
f 2318/1179/2318 1674/515/1672 2171/1023/2171
f 2318/1179/2318 1667/510/1666 1673/517/1673
f 1673/517/1673 1674/515/1672 2318/1179/2318
f 1673/517/1673 1667/510/1666 1664/506/1663
f 1664/506/1663 1665/507/1665 1673/517/1673
f 2318/1179/2318 1471/297/1471 1472/298/1470
f 2319/1180/2319 2318/1179/2318 1472/298/1470
f 1473/294/1473 2319/1180/2319 1472/298/1470
f 1473/294/1473 1469/293/1469 1345/169/1345
f 1345/169/1345 2319/1180/2319 1473/294/1473
f 2319/1180/2319 1345/169/1345 1321/143/1321
f 1321/143/1321 1666/509/1667 2319/1180/2319
f 1321/143/1321 1318/144/1320 1564/392/1564
f 1564/392/1564 1666/509/1667 1321/143/1321
f 1477/300/1477 1341/167/1341 1342/164/1340
f 1342/164/1340 1361/187/1362 1477/300/1477
f 1340/166/1342 2314/1175/2314 2317/1176/2317
f 2317/1176/2317 2293/1147/2293 1340/166/1342
f 1663/508/1664 1478/303/1480 1479/304/1479
f 1479/304/1479 2320/1181/2320 1663/508/1664
f 2319/1180/2319 1666/509/1667 1667/510/1666
f 1667/510/1666 2318/1179/2318 2319/1180/2319
f 1669/512/1670 1672/516/1674 1662/505/1661
f 1662/505/1661 1656/499/1656 1669/512/1670
f 1662/505/1661 1672/516/1674 1677/520/1677
f 1677/520/1677 1676/519/1675 1662/505/1661
f 1676/519/1675 1677/520/1677 1660/501/1660
f 1660/501/1660 1607/445/1606 1676/519/1675
f 2321/1182/2321 2167/1021/2167 2168/1018/2166
f 2168/1018/2166 2164/1017/2164 2321/1182/2321
f 2164/1017/2164 2165/1015/2163 2316/1178/2315
f 2316/1178/2315 2321/1182/2321 2164/1017/2164
f 2165/1015/2163 2172/1024/2172 2315/1177/2316
f 2315/1177/2316 2316/1178/2315 2165/1015/2163
f 1659/500/1657 1663/508/1664 2320/1181/2320
f 2320/1181/2320 1658/503/1658 1659/500/1657
f 1463/286/1463 1462/287/1462 1474/295/1474
f 1474/295/1474 1582/420/1582 1463/286/1463
f 1462/287/1462 1469/293/1469 1473/294/1473
f 1473/294/1473 1474/295/1474 1462/287/1462
f 2321/1182/2321 2316/1178/2315 2314/1175/2314
f 2314/1175/2314 1475/301/1476 2321/1182/2321
f 1475/301/1476 1476/299/1475 2167/1021/2167
f 2167/1021/2167 2321/1182/2321 1475/301/1476
f 1476/299/1475 1582/420/1582 2166/1020/2168
f 2166/1020/2168 2167/1021/2167 1476/299/1475
f 2166/1020/2168 1582/420/1582 1474/295/1474
f 1474/295/1474 1470/296/1472 2166/1020/2168
f 2324/1183/2322 2323/1184/2323 2322/1185/2324
f 2322/1185/2324 2325/1186/2325 2324/1183/2322
f 2328/1187/2326 2327/1188/2327 2326/1189/2328
f 2326/1189/2328 2329/1190/2329 2328/1187/2326
f 2332/1191/2330 2331/1192/2331 2330/1193/2332
f 2334/1194/2333 2333/1195/2334 2328/1187/2326
f 2328/1187/2326 2335/1196/2335 2334/1194/2333
f 2338/1197/2336 2337/1198/2337 2336/1199/2338
f 2336/1199/2338 2339/1200/2339 2338/1197/2336
f 2342/1201/2340 2341/1202/2341 2340/1184/2342
f 2340/1184/2342 2343/1183/2343 2342/1201/2340
f 2346/1203/2344 2345/1204/2345 2344/1205/2346
f 2344/1205/2346 2347/1206/2347 2346/1203/2344
f 2326/1189/2328 2348/1207/2348 2329/1190/2329
f 2351/1208/2349 2350/1209/2350 2349/1210/2351
f 2346/1203/2344 2347/1206/2347 2352/1211/2352
f 2352/1211/2352 2333/1195/2334 2346/1203/2344
f 2355/1212/2353 2354/1213/2354 2353/1214/2355
f 2353/1214/2355 2356/1215/2356 2355/1212/2353
f 2357/1216/2357 2356/1215/2356 2353/1214/2355
f 2353/1214/2355 2358/1217/2358 2357/1216/2357
f 2361/1218/2359 2360/1219/2360 2359/1220/2361
f 2359/1220/2361 2362/1221/2362 2361/1218/2359
f 2365/1222/2363 2364/1223/2364 2363/1224/2365
f 2363/1224/2365 2366/1225/2366 2365/1222/2363
f 2369/1226/2367 2368/1227/2368 2367/1228/2369
f 2367/1228/2369 2370/1229/2370 2369/1226/2367
f 2373/1230/2371 2372/1231/2372 2371/1232/2373
f 2373/1230/2371 2371/1232/2373 2374/1233/2374
f 2364/1223/2364 2376/1234/2375 2375/1235/2376
f 2359/1220/2361 2360/1219/2360 2377/1236/2377
f 2377/1236/2377 2360/1219/2360 2378/1237/2378
f 2378/1237/2378 2379/1238/2379 2377/1236/2377
f 2382/1239/2380 2381/1240/2381 2380/1241/2382
f 2380/1241/2382 2383/1242/2383 2382/1239/2380
f 2382/1239/2380 2385/1243/2384 2384/1244/2385
f 2387/1245/2386 2384/1244/2385 2386/1246/2387
f 2388/1247/2388 2376/1234/2375 2364/1223/2364
f 2364/1223/2364 2365/1222/2363 2388/1247/2388
f 2354/1213/2354 2355/1212/2353 2389/1248/2389
f 2391/1249/2390 2390/1250/2391 2382/1239/2380
f 2382/1239/2380 2383/1242/2383 2391/1249/2390
f 2394/1251/2392 2393/1252/2393 2392/1253/2394
f 2392/1253/2394 2395/1254/2395 2394/1251/2392
f 2393/1252/2393 2394/1251/2392 2396/1255/2396
f 2396/1255/2396 2397/1256/2397 2393/1252/2393
f 2337/1198/2337 2398/1257/2398 2332/1191/2330
f 2332/1191/2330 2330/1193/2332 2337/1198/2337
f 2401/1258/2399 2400/1259/2400 2399/1260/2401
f 2404/1261/2402 2403/1258/2403 2402/1260/2404
f 2407/1262/2405 2406/1263/2406 2405/1264/2407
f 2410/1265/2408 2409/1262/2409 2408/1264/2410
f 2411/1266/2411 2357/1216/2357 2358/1217/2358
f 2414/1267/2412 2413/1268/2413 2412/1269/2414
f 2412/1269/2414 2415/1270/2415 2414/1267/2412
f 2418/1263/2416 2417/1271/2417 2416/1264/2418
f 2421/1272/2419 2420/1273/2420 2419/1274/2421
f 2424/1272/2422 2423/1274/2423 2422/1275/2424
f 2427/1276/2425 2426/1277/2426 2425/1278/2427
f 2430/1276/2428 2429/1278/2429 2428/1279/2430
f 2433/1280/2431 2432/1281/2432 2431/1282/2433
f 2436/1276/2434 2435/1283/2435 2434/1277/2436
f 2439/1284/2437 2438/1285/2438 2437/1286/2439
f 2437/1286/2439 2440/1287/2440 2439/1284/2437
f 2437/1286/2439 2438/1285/2438 2441/1288/2441
f 2441/1288/2441 2442/1289/2442 2437/1286/2439
f 2443/1290/2443 2381/1240/2381 2382/1239/2380
f 2382/1239/2380 2384/1244/2385 2443/1290/2443
f 2446/1291/2444 2445/1292/2445 2444/1293/2446
f 2448/1294/2447 2447/1295/2448 2415/1270/2415
f 2415/1270/2415 2412/1269/2414 2448/1294/2447
f 2413/1268/2413 2351/1208/2349 2349/1210/2351
f 2349/1210/2351 2412/1269/2414 2413/1268/2413
f 2449/1296/2449 2448/1294/2447 2412/1269/2414
f 2412/1269/2414 2349/1210/2351 2449/1296/2449
f 2450/1297/2450 2449/1296/2449 2349/1210/2351
f 2349/1210/2351 2451/1298/2451 2450/1297/2450
f 2452/1299/2452 2353/1214/2355 2354/1213/2354
f 2354/1213/2354 2453/1300/2453 2452/1299/2452
f 2394/1251/2392 2395/1254/2395 2453/1300/2453
f 2453/1300/2453 2354/1213/2354 2394/1251/2392
f 2396/1255/2396 2394/1251/2392 2354/1213/2354
f 2354/1213/2354 2389/1248/2389 2396/1255/2396
f 2454/1301/2454 2415/1270/2415 2447/1295/2448
f 2411/1266/2411 2358/1217/2358 2329/1190/2329
f 2329/1190/2329 2348/1207/2348 2411/1266/2411
f 2455/1302/2455 2451/1298/2451 2349/1210/2351
f 2349/1210/2351 2350/1209/2350 2455/1302/2455
f 2458/1303/2456 2457/1304/2457 2456/1205/2456
f 2456/1205/2456 2459/1204/2458 2458/1303/2456
f 2461/1201/2459 2346/1203/2344 2460/1305/2460
f 2337/1198/2337 2330/1193/2332 2462/1306/2461
f 2462/1306/2461 2336/1199/2338 2337/1198/2337
f 2342/1201/2340 2343/1183/2343 2463/1204/2462
f 2463/1204/2462 2464/1203/2463 2342/1201/2340
f 2366/1225/2366 2361/1218/2359 2365/1222/2363
f 2361/1218/2359 2366/1225/2366 2465/1307/2464
f 2465/1307/2464 2360/1219/2360 2361/1218/2359
f 2468/1308/2465 2467/1309/2466 2466/1310/2467
f 2466/1310/2467 2432/1281/2432 2468/1308/2465
f 2469/1311/2468 2446/1291/2444 2468/1308/2465
f 2468/1308/2465 2470/1312/2469 2469/1311/2468
f 2368/1227/2368 2472/1313/2470 2471/1314/2471
f 2471/1314/2471 2466/1310/2467 2368/1227/2368
f 2432/1281/2432 2466/1310/2467 2471/1314/2471
f 2370/1229/2370 2473/1315/2472 2472/1313/2470
f 2472/1313/2470 2369/1226/2367 2370/1229/2370
f 2472/1313/2470 2368/1227/2368 2369/1226/2367
f 2465/1307/2464 2474/1316/2473 2378/1237/2378
f 2378/1237/2378 2360/1219/2360 2465/1307/2464
f 2387/1245/2386 2379/1238/2379 2378/1237/2378
f 2400/1259/2400 2401/1258/2399 2475/1191/2474
f 2475/1191/2474 2476/1317/2475 2400/1259/2400
f 2477/1191/2476 2403/1258/2403 2404/1261/2402
f 2404/1261/2402 2478/1192/2477 2477/1191/2476
f 2406/1263/2406 2407/1262/2405 2479/1187/2478
f 2479/1187/2478 2480/1195/2479 2406/1263/2406
f 2481/1187/2480 2409/1262/2409 2410/1265/2408
f 2410/1265/2408 2482/1188/2481 2481/1187/2480
f 2483/1211/2482 2417/1271/2417 2418/1263/2416
f 2418/1263/2416 2484/1195/2483 2483/1211/2482
f 2387/1245/2386 2378/1237/2378 2384/1244/2385
f 2384/1244/2385 2378/1237/2378 2474/1316/2473
f 2474/1316/2473 2443/1290/2443 2384/1244/2385
f 2444/1293/2446 2467/1309/2466 2468/1308/2465
f 2468/1308/2465 2446/1291/2444 2444/1293/2446
f 2380/1241/2382 2441/1288/2441 2438/1285/2438
f 2438/1285/2438 2383/1242/2383 2380/1241/2382
f 2383/1242/2383 2438/1285/2438 2439/1284/2437
f 2439/1284/2437 2391/1249/2390 2383/1242/2383
f 2486/1318/2484 2485/1319/2485 2363/1224/2365
f 2363/1224/2365 2374/1233/2374 2486/1318/2484
f 2363/1224/2365 2364/1223/2364 2374/1233/2374
f 2371/1232/2373 2372/1231/2372 2487/1320/2486
f 2487/1320/2486 2488/1321/2487 2371/1232/2373
f 2374/1233/2374 2371/1232/2373 2488/1321/2487
f 2488/1321/2487 2486/1318/2484 2374/1233/2374
f 2375/1235/2376 2373/1230/2371 2374/1233/2374
f 2374/1233/2374 2364/1223/2364 2375/1235/2376
f 2451/1298/2451 2489/1317/2488 2450/1297/2450
f 2333/1195/2334 2334/1194/2333 2460/1305/2460
f 2460/1305/2460 2346/1203/2344 2333/1195/2334
f 2490/1322/2489 2454/1301/2454 2447/1295/2448
f 2329/1190/2329 2335/1196/2335 2328/1187/2326
f 2491/1323/2490 2358/1217/2358 2353/1214/2355
f 2353/1214/2355 2452/1299/2452 2491/1323/2490
f 2358/1217/2358 2491/1323/2490 2335/1196/2335
f 2335/1196/2335 2329/1190/2329 2358/1217/2358
f 2460/1305/2460 2493/1324/2491 2492/1202/2492
f 2492/1202/2492 2461/1201/2459 2460/1305/2460
f 2494/1325/2493 2445/1292/2445 2446/1291/2444
f 2446/1291/2444 2495/1326/2494 2494/1325/2493
f 2368/1227/2368 2497/1327/2495 2496/1328/2496
f 2496/1328/2496 2367/1228/2369 2368/1227/2368
f 2499/1329/2497 2498/1330/2498 2445/1292/2445
f 2445/1292/2445 2494/1325/2493 2499/1329/2497
f 2420/1273/2420 2501/1314/2499 2500/1313/2500
f 2500/1313/2500 2419/1274/2421 2420/1273/2420
f 2423/1274/2423 2503/1313/2501 2502/1315/2502
f 2502/1315/2502 2422/1275/2424 2423/1274/2423
f 2505/1222/2503 2504/1218/2504 2425/1278/2427
f 2425/1278/2427 2426/1277/2426 2505/1222/2503
f 2429/1278/2429 2507/1218/2505 2506/1221/2506
f 2506/1221/2506 2428/1279/2430 2429/1278/2429
f 2509/1247/2507 2508/1222/2508 2434/1277/2436
f 2434/1277/2436 2435/1283/2435 2509/1247/2507
f 2512/1183/2509 2511/1186/2510 2510/1304/2509
f 2510/1304/2509 2513/1303/2511 2512/1183/2509
f 2514/1303/2512 2463/1204/2462 2343/1183/2343
f 2517/1331/2513 2516/1332/2514 2515/1333/2515
f 2515/1333/2515 2518/1334/2516 2517/1331/2513
f 2520/1335/2517 2519/1336/2518 2518/1334/2516
f 2518/1334/2516 2515/1333/2515 2520/1335/2517
f 2521/1337/2519 2516/1332/2514 2517/1331/2513
f 2517/1331/2513 2522/1338/2520 2521/1337/2519
f 2447/1295/2448 2448/1294/2447 2516/1332/2514
f 2516/1332/2514 2521/1337/2519 2447/1295/2448
f 2516/1332/2514 2448/1294/2447 2449/1296/2449
f 2449/1296/2449 2515/1333/2515 2516/1332/2514
f 2337/1198/2337 2520/1335/2517 2398/1257/2398
f 2523/1339/2521 2521/1337/2519 2522/1338/2520
f 2522/1338/2520 2524/1340/2522 2523/1339/2521
f 2521/1337/2519 2523/1339/2521 2525/1341/2523
f 2525/1341/2523 2447/1295/2448 2521/1337/2519
f 2528/1342/2524 2527/1343/2525 2526/1344/2526
f 2526/1344/2526 2529/1345/2527 2528/1342/2524
f 2530/1346/2528 2445/1292/2445 2498/1330/2498
f 2498/1330/2498 2526/1344/2526 2530/1346/2528
f 2520/1335/2517 2337/1198/2337 2338/1197/2336
f 2338/1197/2336 2519/1336/2518 2520/1335/2517
f 2531/1347/2529 2444/1293/2446 2445/1292/2445
f 2445/1292/2445 2532/1348/2530 2531/1347/2529
f 2445/1292/2445 2530/1346/2528 2532/1348/2530
f 2467/1309/2466 2534/1349/2531 2533/1350/2532
f 2533/1350/2532 2466/1310/2467 2467/1309/2466
f 2535/1351/2533 2530/1346/2528 2526/1344/2526
f 2526/1344/2526 2527/1343/2525 2535/1351/2533
f 2535/1351/2533 2527/1343/2525 2528/1342/2524
f 2528/1342/2524 2536/1352/2534 2535/1351/2533
f 2515/1333/2515 2449/1296/2449 2450/1297/2450
f 2450/1297/2450 2520/1335/2517 2515/1333/2515
f 2520/1335/2517 2450/1297/2450 2398/1257/2398
f 2398/1257/2398 2450/1297/2450 2489/1317/2488
f 2489/1317/2488 2332/1191/2330 2398/1257/2398
f 2534/1349/2531 2467/1309/2466 2444/1293/2446
f 2444/1293/2446 2531/1347/2529 2534/1349/2531
f 2368/1227/2368 2466/1310/2467 2533/1350/2532
f 2533/1350/2532 2497/1327/2495 2368/1227/2368
f 2447/1295/2448 2525/1341/2523 2537/1353/2535
f 2537/1353/2535 2490/1322/2489 2447/1295/2448
f 2538/1354/2536 2393/1252/2393 2397/1256/2397
f 2397/1256/2397 2539/1355/2537 2538/1354/2536
f 2540/1356/2538 2392/1253/2394 2393/1252/2393
f 2393/1252/2393 2538/1354/2536 2540/1356/2538
f 2372/1231/2372 2373/1230/2371 2375/1235/2376
f 2375/1235/2376 2376/1234/2375 2372/1231/2372
f 2462/1306/2461 2541/1357/2539 2336/1199/2338
f 2542/1358/2540 2470/1312/2469 2468/1308/2465
f 2468/1308/2465 2433/1280/2431 2542/1358/2540
f 2530/1346/2528 2535/1351/2533 2536/1352/2534
f 2536/1352/2534 2532/1348/2530 2530/1346/2528
f 2385/1243/2384 2386/1246/2387 2384/1244/2385
f 2382/1239/2380 2390/1250/2391 2385/1243/2384
f 2433/1280/2431 2468/1308/2465 2432/1281/2432
f 2545/1359/2541 2544/1360/2542 2543/1361/2543
f 2543/1361/2543 2546/1362/2544 2545/1359/2541
f 2549/1363/2545 2548/1364/2546 2547/1365/2547
f 2547/1365/2547 2550/1366/2548 2549/1363/2545
f 2553/1367/2549 2552/1368/2550 2551/1369/2551
f 2551/1369/2551 2554/1370/2552 2553/1367/2549
f 2557/1371/2553 2556/1372/2554 2555/1373/2555
f 2555/1373/2555 2558/1374/2556 2557/1371/2553
f 2559/1375/2557 2543/1361/2543 2544/1360/2542
f 2544/1360/2542 2560/1376/2558 2559/1375/2557
f 2552/1368/2550 2562/1377/2559 2561/1378/2560
f 2561/1378/2560 2551/1369/2551 2552/1368/2550
f 2564/1379/2561 2563/1380/2562 2544/1360/2542
f 2544/1360/2542 2545/1359/2541 2564/1379/2561
f 2565/1381/2563 2549/1363/2545 2550/1366/2548
f 2550/1366/2548 2566/1382/2564 2565/1381/2563
f 2568/1383/2565 2567/1384/2566 2563/1380/2562
f 2563/1380/2562 2564/1379/2561 2568/1383/2565
f 2569/1385/2567 2565/1381/2563 2566/1382/2564
f 2566/1382/2564 2570/1386/2568 2569/1385/2567
f 2554/1370/2552 2551/1369/2551 2567/1384/2566
f 2567/1384/2566 2568/1383/2565 2554/1370/2552
f 2558/1374/2556 2555/1373/2555 2569/1385/2567
f 2569/1385/2567 2570/1386/2568 2558/1374/2556
f 2563/1380/2562 2560/1376/2558 2544/1360/2542
f 2551/1369/2551 2561/1378/2560 2563/1380/2562
f 2563/1380/2562 2567/1384/2566 2551/1369/2551
f 2572/1387/2569 2571/1388/2570 2548/1364/2546
f 2548/1364/2546 2549/1363/2545 2572/1387/2569
f 2556/1372/2554 2574/1389/2571 2573/1390/2572
f 2573/1390/2572 2555/1373/2555 2556/1372/2554
f 2575/1391/2573 2572/1387/2569 2549/1363/2545
f 2549/1363/2545 2565/1381/2563 2575/1391/2573
f 2576/1392/2574 2575/1391/2573 2565/1381/2563
f 2565/1381/2563 2569/1385/2567 2576/1392/2574
f 2555/1373/2555 2573/1390/2572 2576/1392/2574
f 2576/1392/2574 2569/1385/2567 2555/1373/2555
f 2577/1393/2575 2550/1366/2548 2547/1365/2547
f 2547/1365/2547 2578/1394/2576 2577/1393/2575
f 2557/1371/2553 2558/1374/2556 2579/1395/2577
f 2579/1395/2577 2580/1396/2578 2557/1371/2553
f 2581/1397/2579 2566/1382/2564 2550/1366/2548
f 2550/1366/2548 2577/1393/2575 2581/1397/2579
f 2582/1398/2580 2570/1386/2568 2566/1382/2564
f 2566/1382/2564 2581/1397/2579 2582/1398/2580
f 2558/1374/2556 2570/1386/2568 2582/1398/2580
f 2582/1398/2580 2579/1395/2577 2558/1374/2556
f 2572/1387/2569 2545/1359/2541 2546/1362/2544
f 2546/1362/2544 2571/1388/2570 2572/1387/2569
f 2574/1389/2571 2553/1367/2549 2554/1370/2552
f 2554/1370/2552 2573/1390/2572 2574/1389/2571
f 2575/1391/2573 2564/1379/2561 2545/1359/2541
f 2545/1359/2541 2572/1387/2569 2575/1391/2573
f 2576/1392/2574 2568/1383/2565 2564/1379/2561
f 2564/1379/2561 2575/1391/2573 2576/1392/2574
f 2573/1390/2572 2554/1370/2552 2568/1383/2565
f 2568/1383/2565 2576/1392/2574 2573/1390/2572
f 2583/1399/2581 2577/1393/2575 2578/1394/2576
f 2578/1394/2576 2584/1400/2582 2583/1399/2581
f 2580/1396/2578 2579/1395/2577 2585/1401/2583
f 2585/1401/2583 2586/1402/2584 2580/1396/2578
f 2587/1403/2585 2581/1397/2579 2577/1393/2575
f 2577/1393/2575 2583/1399/2581 2587/1403/2585
f 2588/1404/2586 2582/1398/2580 2581/1397/2579
f 2581/1397/2579 2587/1403/2585 2588/1404/2586
f 2579/1395/2577 2582/1398/2580 2588/1404/2586
f 2588/1404/2586 2585/1401/2583 2579/1395/2577
f 2591/1405/2587 2590/1406/2588 2589/1407/2589
f 2589/1407/2589 2592/1408/2590 2591/1405/2587
f 2589/1407/2589 2594/1409/2591 2593/1410/2592
f 2593/1410/2592 2592/1408/2590 2589/1407/2589
f 2596/1411/2593 2595/1412/2594 2592/1408/2590
f 2592/1408/2590 2593/1410/2592 2596/1411/2593
f 2595/1412/2594 2596/1411/2593 2597/1413/2595
f 2597/1413/2595 2598/1414/2596 2595/1412/2594
f 2598/1414/2596 2597/1413/2595 2599/1415/2597
f 2599/1415/2597 2600/1416/2598 2598/1414/2596
f 2601/1417/2599 2591/1405/2587 2592/1408/2590
f 2592/1408/2590 2595/1412/2594 2601/1417/2599
f 2595/1412/2594 2598/1414/2596 2602/1418/2600
f 2602/1418/2600 2601/1417/2599 2595/1412/2594
f 2598/1414/2596 2600/1416/2598 2603/1419/2601
f 2603/1419/2601 2602/1418/2600 2598/1414/2596
f 2606/1420/2602 2605/1421/2603 2604/1422/2604
f 2604/1422/2604 2607/1423/2605 2606/1420/2602
f 2610/1424/2606 2609/1425/2607 2608/1426/2608
f 2608/1426/2608 2611/1427/2609 2610/1424/2606
f 2613/1428/2610 2612/1429/2611 2604/1422/2604
f 2604/1422/2604 2614/1430/2612 2613/1428/2610
f 2606/1420/2602 2616/1431/2613 2615/1432/2614
f 2615/1432/2614 2605/1421/2603 2606/1420/2602
f 2619/1433/2615 2618/1434/2616 2617/1435/2617
f 2617/1435/2617 2620/1436/2618 2619/1433/2615
f 2621/1437/2619 2605/1421/2603 2615/1432/2614
f 2607/1423/2605 2610/1424/2606 2620/1436/2618
f 2620/1436/2618 2606/1420/2602 2607/1423/2605
f 2606/1420/2602 2620/1436/2618 2617/1435/2617
f 2617/1435/2617 2616/1431/2613 2606/1420/2602
f 2607/1423/2605 2604/1422/2604 2612/1429/2611
f 2612/1429/2611 2622/1438/2620 2607/1423/2605
f 2610/1424/2606 2611/1427/2609 2619/1433/2615
f 2619/1433/2615 2620/1436/2618 2610/1424/2606
f 2610/1424/2606 2607/1423/2605 2622/1438/2620
f 2622/1438/2620 2609/1425/2607 2610/1424/2606
f 2625/1439/2621 2624/1440/2622 2623/1441/2623
f 2623/1441/2623 2626/1442/2624 2625/1439/2621
f 2629/1443/2625 2628/1444/2626 2627/1445/2627
f 2627/1445/2627 2630/1446/2628 2629/1443/2625
f 2633/1447/2629 2632/1448/2630 2631/1449/2631
f 2631/1449/2631 2634/1450/2632 2633/1447/2629
f 2635/1451/2633 2633/1447/2629 2634/1450/2632
f 2634/1450/2632 2636/1452/2634 2635/1451/2633
f 2639/1453/2635 2638/1454/2636 2637/1455/2637
f 2637/1455/2637 2640/1456/2638 2639/1453/2635
f 2638/1454/2636 2639/1453/2635 2630/1446/2628
f 2630/1446/2628 2627/1445/2627 2638/1454/2636
f 2628/1444/2626 2629/1443/2625 2631/1449/2631
f 2631/1449/2631 2632/1448/2630 2628/1444/2626
f 2624/1440/2622 2625/1439/2621 2635/1451/2633
f 2635/1451/2633 2636/1452/2634 2624/1440/2622
f 2639/1453/2635 2642/1457/2639 2641/1458/2640
f 2641/1458/2640 2630/1446/2628 2639/1453/2635
f 2643/1459/2641 2623/1441/2623 2624/1440/2622
f 2624/1440/2622 2644/1460/2642 2643/1459/2641
f 2636/1452/2634 2645/1461/2643 2644/1460/2642
f 2644/1460/2642 2624/1440/2622 2636/1452/2634
f 2629/1443/2625 2647/1462/2644 2646/1463/2645
f 2646/1463/2645 2631/1449/2631 2629/1443/2625
f 2630/1446/2628 2641/1458/2640 2647/1462/2644
f 2647/1462/2644 2629/1443/2625 2630/1446/2628
f 2631/1449/2631 2646/1463/2645 2648/1464/2646
f 2648/1464/2646 2634/1450/2632 2631/1449/2631
f 2634/1450/2632 2648/1464/2646 2645/1461/2643
f 2645/1461/2643 2636/1452/2634 2634/1450/2632
f 2640/1456/2638 2649/1465/2647 2642/1457/2639
f 2642/1457/2639 2639/1453/2635 2640/1456/2638
f 2626/1442/2624 2651/1466/2648 2650/1467/2649
f 2650/1467/2649 2625/1439/2621 2626/1442/2624
f 2652/1468/2650 2627/1445/2627 2628/1444/2626
f 2628/1444/2626 2653/1469/2651 2652/1468/2650
f 2654/1470/2652 2632/1448/2630 2633/1447/2629
f 2633/1447/2629 2655/1471/2653 2654/1470/2652
f 2655/1471/2653 2633/1447/2629 2635/1451/2633
f 2635/1451/2633 2656/1472/2654 2655/1471/2653
f 2657/1473/2655 2637/1455/2637 2638/1454/2636
f 2638/1454/2636 2658/1474/2656 2657/1473/2655
f 2658/1474/2656 2638/1454/2636 2627/1445/2627
f 2627/1445/2627 2652/1468/2650 2658/1474/2656
f 2653/1469/2651 2628/1444/2626 2632/1448/2630
f 2632/1448/2630 2654/1470/2652 2653/1469/2651
f 2656/1472/2654 2635/1451/2633 2625/1439/2621
f 2625/1439/2621 2650/1467/2649 2656/1472/2654
f 2661/1475/2657 2660/1476/2658 2659/1477/2659
f 2659/1477/2659 2662/1478/2660 2661/1475/2657
f 2665/1479/2661 2664/1480/2662 2663/1481/2663
f 2663/1481/2663 2666/1482/2664 2665/1479/2661
f 2669/1483/2665 2668/1484/2666 2667/1485/2667
f 2667/1485/2667 2670/1486/2668 2669/1483/2665
f 2663/1481/2663 2668/1484/2666 2669/1483/2665
f 2669/1483/2665 2666/1482/2664 2663/1481/2663
f 2662/1478/2660 2664/1480/2662 2665/1479/2661
f 2665/1479/2661 2661/1475/2657 2662/1478/2660
f 2673/1487/2669 2672/1488/2670 2671/1489/2671
f 2671/1489/2671 2674/1490/2672 2673/1487/2669
f 2671/1489/2671 2672/1488/2670 2675/1491/2673
f 2675/1491/2673 2676/1492/2674 2671/1489/2671
f 2674/1490/2672 2659/1477/2659 2660/1476/2658
f 2660/1476/2658 2673/1487/2669 2674/1490/2672
f 2660/1476/2658 2678/1493/2675 2677/1494/2676
f 2677/1494/2676 2673/1487/2669 2660/1476/2658
f 2669/1483/2665 2680/1495/2677 2679/1496/2678
f 2679/1496/2678 2666/1482/2664 2669/1483/2665
f 2665/1479/2661 2682/1497/2679 2681/1498/2680
f 2681/1498/2680 2661/1475/2657 2665/1479/2661
f 2670/1486/2668 2683/1499/2681 2680/1495/2677
f 2680/1495/2677 2669/1483/2665 2670/1486/2668
f 2666/1482/2664 2679/1496/2678 2682/1497/2679
f 2682/1497/2679 2665/1479/2661 2666/1482/2664
f 2661/1475/2657 2681/1498/2680 2678/1493/2675
f 2678/1493/2675 2660/1476/2658 2661/1475/2657
f 2673/1487/2669 2677/1494/2676 2684/1500/2682
f 2684/1500/2682 2672/1488/2670 2673/1487/2669
f 2672/1488/2670 2684/1500/2682 2685/1501/2683
f 2685/1501/2683 2675/1491/2673 2672/1488/2670
f 2686/1502/2684 2662/1478/2660 2659/1477/2659
f 2659/1477/2659 2687/1503/2685 2686/1502/2684
f 2664/1480/2662 2688/1504/2686 2663/1481/2663
f 2689/1505/2687 2667/1485/2667 2668/1484/2666
f 2668/1484/2666 2690/1506/2688 2689/1505/2687
f 2690/1506/2688 2668/1484/2666 2663/1481/2663
f 2663/1481/2663 2691/1507/2689 2690/1506/2688
f 2692/1508/2690 2664/1480/2662 2662/1478/2660
f 2662/1478/2660 2686/1502/2684 2692/1508/2690
f 2671/1489/2671 2693/1509/2691 2674/1490/2672
f 2676/1492/2674 2694/1510/2692 2671/1489/2671
f 2674/1490/2672 2695/1511/2693 2659/1477/2659
f 2676/1492/2674 2696/1512/2694 2694/1510/2692
f 2694/1510/2692 2697/1513/2695 2671/1489/2671
f 2671/1489/2671 2697/1513/2695 2693/1509/2691
f 2693/1509/2691 2698/1514/2696 2674/1490/2672
f 2674/1490/2672 2698/1514/2696 2695/1511/2693
f 2695/1511/2693 2687/1503/2685 2659/1477/2659
f 2664/1480/2662 2692/1508/2690 2688/1504/2686
f 2688/1504/2686 2691/1507/2689 2663/1481/2663
f 2701/1515/2697 2700/1516/2698 2699/1517/2699
f 2699/1517/2699 2702/1518/2700 2701/1515/2697
f 2705/1519/2701 2704/1520/2702 2703/1521/2703
f 2703/1521/2703 2706/1522/2704 2705/1519/2701
f 2708/1523/2705 2707/1524/2706 2703/1521/2703
f 2703/1521/2703 2704/1520/2702 2708/1523/2705
f 2711/1525/2707 2710/1526/2708 2709/1527/2709
f 2709/1527/2709 2712/1528/2710 2711/1525/2707
f 2715/1529/2711 2714/1530/2712 2713/1531/2713
f 2713/1531/2713 2716/1532/2714 2715/1529/2711
f 2711/1525/2707 2702/1518/2700 2717/1533/2715
f 2717/1533/2715 2710/1526/2708 2711/1525/2707
f 2709/1527/2709 2718/1534/2716 2706/1522/2704
f 2706/1522/2704 2719/1535/2717 2709/1527/2709
f 2703/1521/2703 2707/1524/2706 2720/1536/2718
f 2720/1536/2718 2721/1537/2719 2703/1521/2703
f 2724/1538/2720 2723/1539/2721 2722/1540/2722
f 2722/1540/2722 2725/1541/2723 2724/1538/2720
f 2728/1542/2724 2727/1543/2725 2726/1544/2726
f 2726/1544/2726 2729/1545/2727 2728/1542/2724
f 2732/1546/2728 2731/1547/2729 2730/1548/2730
f 2730/1548/2730 2733/1549/2731 2732/1546/2728
f 2736/1550/2732 2735/1551/2733 2734/1552/2734
f 2738/1553/2735 2736/1550/2732 2737/1554/2736
f 2738/1553/2735 2735/1551/2733 2736/1550/2732
f 2736/1550/2732 2740/1555/2737 2739/1556/2738
f 2743/1557/2739 2742/1558/2740 2741/1559/2741
f 2741/1559/2741 2744/1560/2742 2743/1557/2739
f 2706/1522/2704 2718/1534/2716 2745/1561/2743
f 2745/1561/2743 2705/1519/2701 2706/1522/2704
f 2745/1561/2743 2747/1562/2744 2746/1563/2745
f 2746/1563/2745 2705/1519/2701 2745/1561/2743
f 2750/1564/2746 2749/1565/2747 2748/1566/2748
f 2748/1566/2748 2751/1567/2749 2750/1564/2746
f 2752/1568/2750 2722/1540/2722 2723/1539/2721
f 2723/1539/2721 2753/1569/2751 2752/1568/2750
f 2736/1550/2732 2754/1570/2752 2740/1555/2737
f 2756/1571/2753 2725/1541/2723 2755/1572/2754
f 2755/1572/2754 2757/1573/2755 2756/1571/2753
f 2758/1574/2756 2728/1542/2724 2729/1545/2727
f 2729/1545/2727 2759/1575/2757 2758/1574/2756
f 2761/1576/2758 2760/1577/2759 2722/1540/2722
f 2722/1540/2722 2752/1568/2750 2761/1576/2758
f 2757/1573/2755 2727/1543/2725 2762/1578/2760
f 2762/1578/2760 2756/1571/2753 2757/1573/2755
f 2764/1579/2761 2730/1548/2730 2763/1580/2762
f 2763/1580/2762 2765/1581/2763 2764/1579/2761
f 2768/1582/2764 2767/1583/2765 2766/1584/2766
f 2766/1584/2766 2769/1585/2767 2768/1582/2764
f 2772/1586/2768 2771/1587/2769 2770/1588/2770
f 2770/1588/2770 2773/1589/2771 2772/1586/2768
f 2775/1590/2772 2772/1586/2768 2774/1591/2773
f 2774/1591/2773 2776/1592/2774 2775/1590/2772
f 2778/1593/2775 2775/1590/2772 2777/1594/2776
f 2777/1594/2776 2779/1595/2777 2778/1593/2775
f 2781/1596/2778 2779/1595/2777 2780/1597/2779
f 2780/1597/2779 2782/1598/2780 2781/1596/2778
f 2785/1599/2781 2784/1600/2782 2783/1601/2783
f 2783/1601/2783 2786/1602/2784 2785/1599/2781
f 2789/1603/2785 2788/1604/2786 2787/1605/2787
f 2787/1605/2787 2790/1606/2788 2789/1603/2785
f 2792/1607/2789 2791/1608/2790 2766/1584/2766
f 2766/1584/2766 2767/1583/2765 2792/1607/2789
f 2795/1609/2791 2794/1610/2792 2793/1611/2793
f 2793/1611/2793 2796/1612/2794 2795/1609/2791
f 2798/1613/2795 2797/1614/2796 2793/1611/2793
f 2793/1611/2793 2799/1615/2797 2798/1613/2795
f 2802/1616/2798 2801/1617/2799 2800/1618/2800
f 2800/1618/2800 2803/1619/2801 2802/1616/2798
f 2756/1571/2753 2762/1578/2760 2804/1620/2802
f 2804/1620/2802 2805/1621/2803 2756/1571/2753
f 2808/1622/2804 2807/1623/2805 2806/1624/2806
f 2789/1603/2785 2797/1614/2796 2798/1613/2795
f 2798/1613/2795 2809/1625/2807 2789/1603/2785
f 2811/1626/2808 2810/1627/2809 2790/1606/2788
f 2790/1606/2788 2812/1628/2810 2811/1626/2808
f 2736/1550/2732 2739/1556/2738 2813/1629/2811
f 2805/1621/2803 2724/1538/2720 2725/1541/2723
f 2725/1541/2723 2756/1571/2753 2805/1621/2803
f 2814/1630/2812 2749/1565/2747 2750/1564/2746
f 2750/1564/2746 2815/1631/2813 2814/1630/2812
f 2816/1632/2814 2762/1578/2760 2728/1542/2724
f 2728/1542/2724 2758/1574/2756 2816/1632/2814
f 2818/1633/2815 2817/1634/2816 2800/1618/2800
f 2800/1618/2800 2801/1617/2799 2818/1633/2815
f 2819/1635/2817 2816/1632/2814 2758/1574/2756
f 2758/1574/2756 2820/1636/2818 2819/1635/2817
f 2821/1637/2819 2820/1636/2818 2758/1574/2756
f 2758/1574/2756 2759/1575/2757 2821/1637/2819
f 2824/1638/2820 2823/1639/2821 2822/1640/2822
f 2822/1640/2822 2811/1626/2808 2824/1638/2820
f 2797/1614/2796 2810/1627/2809 2796/1612/2794
f 2796/1612/2794 2793/1611/2793 2797/1614/2796
f 2824/1638/2820 2826/1641/2823 2825/1642/2824
f 2825/1642/2824 2823/1639/2821 2824/1638/2820
f 2827/1643/2825 2799/1615/2797 2793/1611/2793
f 2793/1611/2793 2794/1610/2792 2827/1643/2825
f 2765/1581/2763 2768/1582/2764 2828/1644/2826
f 2828/1644/2826 2829/1645/2827 2765/1581/2763
f 2831/1646/2828 2830/1647/2829 2786/1602/2784
f 2786/1602/2784 2783/1601/2783 2831/1646/2828
f 2832/1648/2830 2828/1644/2826 2768/1582/2764
f 2768/1582/2764 2769/1585/2767 2832/1648/2830
f 2834/1649/2831 2833/1650/2832 2788/1604/2786
f 2788/1604/2786 2835/1651/2833 2834/1649/2831
f 2834/1649/2831 2835/1651/2833 2836/1652/2834
f 2787/1605/2787 2838/1653/2835 2837/1654/2836
f 2837/1654/2836 2839/1655/2837 2787/1605/2787
f 2839/1655/2837 2837/1654/2836 2769/1585/2767
f 2769/1585/2767 2766/1584/2766 2839/1655/2837
f 2832/1648/2830 2769/1585/2767 2837/1654/2836
f 2840/1656/2838 2830/1647/2829 2831/1646/2828
f 2831/1646/2828 2841/1657/2839 2840/1656/2838
f 2837/1654/2836 2838/1653/2835 2842/1658/2840
f 2842/1658/2840 2832/1648/2830 2837/1654/2836
f 2716/1532/2714 2844/1659/2841 2843/1660/2842
f 2843/1660/2842 2715/1529/2711 2716/1532/2714
f 2715/1529/2711 2843/1660/2842 2845/1661/2843
f 2845/1661/2843 2846/1662/2844 2715/1529/2711
f 2849/1663/2845 2848/1664/2846 2847/1665/2847
f 2847/1665/2847 2850/1666/2848 2849/1663/2845
f 2702/1518/2700 2699/1517/2699 2717/1533/2715
f 2851/1667/2849 2701/1515/2697 2702/1518/2700
f 2702/1518/2700 2711/1525/2707 2851/1667/2849
f 2852/1668/2850 2845/1661/2843 2843/1660/2842
f 2705/1519/2701 2746/1563/2745 2853/1669/2851
f 2853/1669/2851 2704/1520/2702 2705/1519/2701
f 2704/1520/2702 2853/1669/2851 2854/1670/2852
f 2854/1670/2852 2708/1523/2705 2704/1520/2702
f 2857/1671/2853 2856/1672/2854 2855/1673/2855
f 2855/1673/2855 2858/1674/2856 2857/1671/2853
f 2854/1670/2852 2859/1675/2857 2844/1659/2841
f 2844/1659/2841 2708/1523/2705 2854/1670/2852
f 2852/1668/2850 2843/1660/2842 2844/1659/2841
f 2844/1659/2841 2859/1675/2857 2852/1668/2850
f 2862/1676/2858 2861/1677/2859 2860/1678/2860
f 2860/1678/2860 2863/1679/2861 2862/1676/2858
f 2861/1677/2859 2862/1676/2858 2864/1680/2862
f 2864/1680/2862 2865/1681/2863 2861/1677/2859
f 2865/1681/2863 2864/1680/2862 2866/1682/2864
f 2866/1682/2864 2867/1683/2865 2865/1681/2863
f 2870/1684/2866 2869/1685/2867 2868/1686/2868
f 2871/1687/2869 2747/1562/2744 2745/1561/2743
f 2745/1561/2743 2872/1688/2870 2871/1687/2869
f 2871/1687/2869 2872/1688/2870 2873/1689/2871
f 2876/1690/2872 2875/1691/2873 2874/1692/2874
f 2874/1692/2874 2877/1693/2875 2876/1690/2872
f 2699/1517/2699 2700/1516/2698 2878/1694/2876
f 2878/1694/2876 2873/1689/2871 2699/1517/2699
f 2714/1530/2712 2715/1529/2711 2846/1662/2844
f 2846/1662/2844 2879/1695/2877 2714/1530/2712
f 2881/1696/2878 2880/1697/2879 2862/1676/2858
f 2862/1676/2858 2863/1679/2861 2881/1696/2878
f 2880/1697/2879 2850/1666/2848 2864/1680/2862
f 2864/1680/2862 2862/1676/2858 2880/1697/2879
f 2864/1680/2862 2850/1666/2848 2847/1665/2847
f 2847/1665/2847 2866/1682/2864 2864/1680/2862
f 2883/1698/2880 2882/1699/2881 2876/1690/2872
f 2876/1690/2872 2877/1693/2875 2883/1698/2880
f 2700/1516/2698 2701/1515/2697 2884/1700/2882
f 2884/1700/2882 2885/1701/2883 2700/1516/2698
f 2701/1515/2697 2851/1667/2849 2884/1700/2882
f 2886/1702/2884 2878/1694/2876 2700/1516/2698
f 2700/1516/2698 2885/1701/2883 2886/1702/2884
f 2875/1691/2873 2869/1685/2867 2870/1684/2866
f 2870/1684/2866 2874/1692/2874 2875/1691/2873
f 2778/1593/2775 2779/1595/2777 2781/1596/2778
f 2781/1596/2778 2887/1703/2885 2778/1593/2775
f 2718/1534/2716 2717/1533/2715 2872/1688/2870
f 2872/1688/2870 2745/1561/2743 2718/1534/2716
f 2718/1534/2716 2709/1527/2709 2710/1526/2708
f 2710/1526/2708 2717/1533/2715 2718/1534/2716
f 2889/1704/2886 2888/1705/2887 2821/1637/2819
f 2890/1706/2888 2833/1650/2832 2834/1649/2831
f 2858/1674/2856 2892/1707/2889 2891/1708/2890
f 2891/1708/2890 2857/1671/2853 2858/1674/2856
f 2894/1709/2891 2893/1710/2892 2869/1685/2867
f 2869/1685/2867 2875/1691/2873 2894/1709/2891
f 2895/1711/2893 2894/1709/2891 2875/1691/2873
f 2875/1691/2873 2876/1690/2872 2895/1711/2893
f 2898/1712/2894 2897/1713/2895 2896/1714/2896
f 2896/1714/2896 2899/1715/2897 2898/1712/2894
f 2900/1716/2898 2895/1711/2893 2876/1690/2872
f 2876/1690/2872 2882/1699/2881 2900/1716/2898
f 2897/1713/2895 2902/1717/2899 2901/1718/2900
f 2901/1718/2900 2903/1719/2901 2897/1713/2895
f 2904/1720/2902 2896/1714/2896 2897/1713/2895
f 2897/1713/2895 2903/1719/2901 2904/1720/2902
f 2906/1721/2903 2905/1722/2904 2889/1704/2886
f 2889/1704/2886 2907/1723/2905 2906/1721/2903
f 2907/1723/2905 2908/1724/2906 2741/1559/2741
f 2741/1559/2741 2906/1721/2903 2907/1723/2905
f 2744/1560/2742 2741/1559/2741 2908/1724/2906
f 2908/1724/2906 2909/1725/2907 2744/1560/2742
f 2910/1726/2908 2736/1550/2732 2813/1629/2811
f 2907/1723/2905 2889/1704/2886 2821/1637/2819
f 2821/1637/2819 2759/1575/2757 2907/1723/2905
f 2909/1725/2907 2908/1724/2906 2729/1545/2727
f 2729/1545/2727 2726/1544/2726 2909/1725/2907
f 2737/1554/2736 2736/1550/2732 2910/1726/2908
f 2759/1575/2757 2729/1545/2727 2908/1724/2906
f 2908/1724/2906 2907/1723/2905 2759/1575/2757
f 2902/1717/2899 2912/1727/2909 2911/1728/2910
f 2911/1728/2910 2913/1729/2911 2902/1717/2899
f 2914/1730/2912 2731/1547/2729 2913/1729/2911
f 2913/1729/2911 2911/1728/2910 2914/1730/2912
f 2768/1582/2764 2765/1581/2763 2763/1580/2762
f 2763/1580/2762 2767/1583/2765 2768/1582/2764
f 2917/1731/2913 2916/1732/2914 2915/1733/2915
f 2915/1733/2915 2918/1734/2916 2917/1731/2913
f 2734/1552/2734 2754/1570/2752 2736/1550/2732
f 2760/1577/2759 2755/1572/2754 2725/1541/2723
f 2725/1541/2723 2722/1540/2722 2760/1577/2759
f 2803/1619/2801 2920/1735/2917 2919/1736/2918
f 2919/1736/2918 2802/1616/2798 2803/1619/2801
f 2802/1616/2798 2919/1736/2918 2815/1631/2813
f 2815/1631/2813 2750/1564/2746 2802/1616/2798
f 2921/1737/2919 2881/1696/2878 2863/1679/2861
f 2863/1679/2861 2922/1738/2920 2921/1737/2919
f 2923/1739/2921 2794/1610/2792 2795/1609/2791
f 2795/1609/2791 2924/1740/2922 2923/1739/2921
f 2927/1741/2923 2926/1742/2924 2925/1743/2925
f 2925/1743/2925 2928/1744/2926 2927/1741/2923
f 2888/1705/2887 2930/1745/2927 2929/1746/2928
f 2929/1746/2928 2931/1747/2929 2888/1705/2887
f 2795/1609/2791 2822/1640/2822 2932/1748/2930
f 2932/1748/2930 2924/1740/2922 2795/1609/2791
f 2822/1640/2822 2823/1639/2821 2933/1749/2931
f 2933/1749/2931 2932/1748/2930 2822/1640/2822
f 2934/1750/2932 2820/1636/2818 2821/1637/2819
f 2821/1637/2819 2935/1751/2933 2934/1750/2932
f 2823/1639/2821 2825/1642/2824 2936/1752/2934
f 2936/1752/2934 2933/1749/2931 2823/1639/2821
f 2937/1753/2935 2890/1706/2888 2834/1649/2831
f 2834/1649/2831 2836/1652/2834 2937/1753/2935
f 2863/1679/2861 2939/1754/2936 2938/1755/2937
f 2938/1755/2937 2922/1738/2920 2863/1679/2861
f 2940/1756/2938 2927/1741/2923 2928/1744/2926
f 2928/1744/2926 2941/1757/2939 2940/1756/2938
f 2939/1754/2936 2857/1671/2853 2942/1758/2940
f 2942/1758/2940 2938/1755/2937 2939/1754/2936
f 2857/1671/2853 2891/1708/2890 2943/1759/2941
f 2943/1759/2941 2942/1758/2940 2857/1671/2853
f 2904/1720/2902 2903/1719/2901 2944/1760/2942
f 2944/1760/2942 2945/1761/2943 2904/1720/2902
f 2946/1762/2944 2819/1635/2817 2820/1636/2818
f 2820/1636/2818 2934/1750/2932 2946/1762/2944
f 2803/1619/2801 2800/1618/2800 2753/1569/2751
f 2753/1569/2751 2723/1539/2721 2803/1619/2801
f 2753/1569/2751 2800/1618/2800 2817/1634/2816
f 2817/1634/2816 2947/1763/2945 2753/1569/2751
f 2905/1722/2904 2948/1764/2946 2888/1705/2887
f 2888/1705/2887 2889/1704/2886 2905/1722/2904
f 2920/1735/2917 2803/1619/2801 2723/1539/2721
f 2723/1539/2721 2724/1538/2720 2920/1735/2917
f 2825/1642/2824 2819/1635/2817 2946/1762/2944
f 2946/1762/2944 2936/1752/2934 2825/1642/2824
f 2888/1705/2887 2931/1747/2929 2935/1751/2933
f 2935/1751/2933 2821/1637/2819 2888/1705/2887
f 2776/1592/2774 2774/1591/2773 2949/1765/2947
f 2949/1765/2947 2950/1766/2948 2776/1592/2774
f 2953/1767/2949 2952/1768/2950 2951/1769/2951
f 2951/1769/2951 2954/1770/2952 2953/1767/2949
f 2764/1579/2761 2780/1597/2779 2733/1549/2731
f 2733/1549/2731 2730/1548/2730 2764/1579/2761
f 2731/1547/2729 2732/1546/2728 2955/1771/2953
f 2955/1771/2953 2913/1729/2911 2731/1547/2729
f 2764/1579/2761 2782/1598/2780 2780/1597/2779
f 2955/1771/2953 2957/1772/2954 2956/1773/2955
f 2956/1773/2955 2901/1718/2900 2955/1771/2953
f 2779/1595/2777 2777/1594/2776 2733/1549/2731
f 2733/1549/2731 2780/1597/2779 2779/1595/2777
f 2960/1774/2956 2959/1775/2957 2958/1776/2958
f 2962/1777/2959 2961/1778/2960 2955/1771/2953
f 2955/1771/2953 2732/1546/2728 2962/1777/2959
f 2958/1776/2958 2964/1779/2961 2963/1780/2962
f 2963/1780/2962 2965/1781/2963 2958/1776/2958
f 2961/1778/2960 2950/1766/2948 2966/1782/2964
f 2966/1782/2964 2957/1772/2954 2961/1778/2960
f 2776/1592/2774 2950/1766/2948 2961/1778/2960
f 2961/1778/2960 2962/1777/2959 2776/1592/2774
f 2775/1590/2772 2778/1593/2775 2771/1587/2769
f 2771/1587/2769 2772/1586/2768 2775/1590/2772
f 2968/1783/2965 2967/1784/2966 2887/1703/2885
f 2887/1703/2885 2969/1785/2967 2968/1783/2965
f 2778/1593/2775 2887/1703/2885 2967/1784/2966
f 2967/1784/2966 2771/1587/2769 2778/1593/2775
f 2949/1765/2947 2952/1768/2950 2970/1786/2968
f 2970/1786/2968 2950/1766/2948 2949/1765/2947
f 2789/1603/2785 2809/1625/2807 2835/1651/2833
f 2835/1651/2833 2788/1604/2786 2789/1603/2785
f 2971/1787/2969 2774/1591/2773 2772/1586/2768
f 2772/1586/2768 2773/1589/2771 2971/1787/2969
f 2812/1628/2810 2790/1606/2788 2787/1605/2787
f 2787/1605/2787 2839/1655/2837 2812/1628/2810
f 2763/1580/2762 2914/1730/2912 2792/1607/2789
f 2792/1607/2789 2767/1583/2765 2763/1580/2762
f 2836/1652/2834 2835/1651/2833 2809/1625/2807
f 2809/1625/2807 2972/1788/2970 2836/1652/2834
f 2766/1584/2766 2791/1608/2790 2812/1628/2810
f 2812/1628/2810 2839/1655/2837 2766/1584/2766
f 2731/1547/2729 2914/1730/2912 2763/1580/2762
f 2763/1580/2762 2730/1548/2730 2731/1547/2729
f 2954/1770/2952 2951/1769/2951 2973/1789/2971
f 2973/1789/2971 2974/1790/2972 2954/1770/2952
f 2777/1594/2776 2962/1777/2959 2732/1546/2728
f 2732/1546/2728 2733/1549/2731 2777/1594/2776
f 2775/1590/2772 2776/1592/2774 2962/1777/2959
f 2962/1777/2959 2777/1594/2776 2775/1590/2772
f 2774/1591/2773 2951/1769/2951 2952/1768/2950
f 2952/1768/2950 2949/1765/2947 2774/1591/2773
f 2971/1787/2969 2973/1789/2971 2951/1769/2951
f 2951/1769/2951 2774/1591/2773 2971/1787/2969
f 2789/1603/2785 2790/1606/2788 2810/1627/2809
f 2810/1627/2809 2797/1614/2796 2789/1603/2785
f 2975/1791/2973 2827/1643/2825 2794/1610/2792
f 2794/1610/2792 2923/1739/2921 2975/1791/2973
f 2833/1650/2832 2838/1653/2835 2787/1605/2787
f 2787/1605/2787 2788/1604/2786 2833/1650/2832
f 2967/1784/2966 2968/1783/2965 2976/1792/2974
f 2976/1792/2974 2770/1588/2770 2771/1587/2769
f 2771/1587/2769 2967/1784/2966 2976/1792/2974
f 2842/1658/2840 2838/1653/2835 2833/1650/2832
f 2833/1650/2832 2890/1706/2888 2842/1658/2840
f 2773/1589/2771 2925/1743/2925 2973/1789/2971
f 2973/1789/2971 2971/1787/2969 2773/1589/2771
f 2930/1745/2927 2888/1705/2887 2948/1764/2946
f 2948/1764/2946 2977/1793/2975 2930/1745/2927
f 2902/1717/2899 2897/1713/2895 2898/1712/2894
f 2898/1712/2894 2978/1794/2976 2902/1717/2899
f 2903/1719/2901 2901/1718/2900 2956/1773/2955
f 2956/1773/2955 2944/1760/2942 2903/1719/2901
f 2915/1733/2915 2916/1732/2914 2898/1712/2894
f 2898/1712/2894 2899/1715/2897 2915/1733/2915
f 2814/1630/2812 2911/1728/2910 2912/1727/2909
f 2912/1727/2909 2749/1565/2747 2814/1630/2812
f 2911/1728/2910 2814/1630/2812 2914/1730/2912
f 2812/1628/2810 2791/1608/2790 2824/1638/2820
f 2824/1638/2820 2811/1626/2808 2812/1628/2810
f 2791/1608/2790 2792/1607/2789 2826/1641/2823
f 2826/1641/2823 2824/1638/2820 2791/1608/2790
f 2792/1607/2789 2815/1631/2813 2979/1795/2977
f 2979/1795/2977 2826/1641/2823 2792/1607/2789
f 2977/1793/2975 2880/1697/2879 2881/1696/2878
f 2881/1696/2878 2930/1745/2927 2977/1793/2975
f 2930/1745/2927 2881/1696/2878 2921/1737/2919
f 2921/1737/2919 2929/1746/2928 2930/1745/2927
f 2761/1576/2758 2752/1568/2750 2742/1558/2740
f 2742/1558/2740 2743/1557/2739 2761/1576/2758
f 2947/1763/2945 2742/1558/2740 2752/1568/2750
f 2752/1568/2750 2753/1569/2751 2947/1763/2945
f 2980/1796/2978 2900/1716/2898 2882/1699/2881
f 2882/1699/2881 2883/1698/2880 2866/1682/2864
f 2866/1682/2864 2847/1665/2847 2882/1699/2881
f 2902/1717/2899 2913/1729/2911 2955/1771/2953
f 2955/1771/2953 2901/1718/2900 2902/1717/2899
f 2863/1679/2861 2860/1678/2860 2981/1797/2979
f 2981/1797/2979 2939/1754/2936 2863/1679/2861
f 2981/1797/2979 2856/1672/2854 2857/1671/2853
f 2857/1671/2853 2939/1754/2936 2981/1797/2979
f 2720/1536/2718 2713/1531/2713 2714/1530/2712
f 2714/1530/2712 2982/1798/2980 2720/1536/2718
f 2713/1531/2713 2720/1536/2718 2707/1524/2706
f 2707/1524/2706 2716/1532/2714 2713/1531/2713
f 2716/1532/2714 2707/1524/2706 2708/1523/2705
f 2708/1523/2705 2844/1659/2841 2716/1532/2714
f 2947/1763/2945 2817/1634/2816 2905/1722/2904
f 2905/1722/2904 2906/1721/2903 2947/1763/2945
f 2818/1633/2815 2977/1793/2975 2948/1764/2946
f 2906/1721/2903 2741/1559/2741 2742/1558/2740
f 2742/1558/2740 2947/1763/2945 2906/1721/2903
f 2880/1697/2879 2977/1793/2975 2818/1633/2815
f 2818/1633/2815 2850/1666/2848 2880/1697/2879
f 2811/1626/2808 2796/1612/2794 2810/1627/2809
f 2807/1623/2805 2984/1799/2981 2983/1800/2982
f 2975/1791/2973 2986/1801/2983 2985/1802/2984
f 2985/1802/2984 2827/1643/2825 2975/1791/2973
f 2987/1803/2985 2849/1663/2845 2801/1617/2799
f 2801/1617/2799 2751/1567/2749 2987/1803/2985
f 2850/1666/2848 2818/1633/2815 2801/1617/2799
f 2801/1617/2799 2849/1663/2845 2850/1666/2848
f 2848/1664/2846 2980/1796/2978 2882/1699/2881
f 2882/1699/2881 2847/1665/2847 2848/1664/2846
f 2987/1803/2985 2988/1804/2986 2916/1732/2914
f 2916/1732/2914 2917/1731/2913 2987/1803/2985
f 2918/1734/2916 2980/1796/2978 2848/1664/2846
f 2848/1664/2846 2917/1731/2913 2918/1734/2916
f 2989/1805/2987 2798/1613/2795 2985/1802/2984
f 2985/1802/2984 2986/1801/2983 2989/1805/2987
f 2806/1624/2806 2807/1623/2805 2983/1800/2982
f 2989/1805/2987 2972/1788/2970 2809/1625/2807
f 2809/1625/2807 2798/1613/2795 2989/1805/2987
f 2959/1775/2957 2960/1774/2956 2784/1600/2782
f 2784/1600/2782 2785/1599/2781 2959/1775/2957
f 2829/1645/2827 2782/1598/2780 2764/1579/2761
f 2764/1579/2761 2765/1581/2763 2829/1645/2827
f 2964/1779/2961 2958/1776/2958 2959/1775/2957
f 2959/1775/2957 2990/1806/2988 2964/1779/2961
f 2805/1621/2803 2804/1620/2802 2991/1807/2989
f 2991/1807/2989 2979/1795/2977 2805/1621/2803
f 2804/1620/2802 2762/1578/2760 2816/1632/2814
f 2816/1632/2814 2991/1807/2989 2804/1620/2802
f 2825/1642/2824 2991/1807/2989 2816/1632/2814
f 2816/1632/2814 2819/1635/2817 2825/1642/2824
f 2991/1807/2989 2825/1642/2824 2826/1641/2823
f 2826/1641/2823 2979/1795/2977 2991/1807/2989
f 2792/1607/2789 2914/1730/2912 2814/1630/2812
f 2814/1630/2812 2815/1631/2813 2792/1607/2789
f 2724/1538/2720 2805/1621/2803 2979/1795/2977
f 2979/1795/2977 2920/1735/2917 2724/1538/2720
f 2815/1631/2813 2919/1736/2918 2920/1735/2917
f 2920/1735/2917 2979/1795/2977 2815/1631/2813
f 2970/1786/2968 2992/1808/2990 2966/1782/2964
f 2966/1782/2964 2950/1766/2948 2970/1786/2968
f 2952/1768/2950 2953/1767/2949 2992/1808/2990
f 2992/1808/2990 2970/1786/2968 2952/1768/2950
f 2925/1743/2925 2926/1742/2924 2974/1790/2972
f 2974/1790/2972 2973/1789/2971 2925/1743/2925
f 2968/1783/2965 2941/1757/2939 2976/1792/2974
f 2770/1588/2770 2976/1792/2974 2941/1757/2939
f 2941/1757/2939 2928/1744/2926 2770/1588/2770
f 2925/1743/2925 2773/1589/2771 2770/1588/2770
f 2770/1588/2770 2928/1744/2926 2925/1743/2925
f 2961/1778/2960 2957/1772/2954 2955/1771/2953
f 2993/1809/2991 2968/1783/2965 2969/1785/2967
f 2969/1785/2967 2994/1810/2992 2993/1809/2991
f 2968/1783/2965 2993/1809/2991 2940/1756/2938
f 2940/1756/2938 2941/1757/2939 2968/1783/2965
f 2959/1775/2957 2785/1599/2781 2995/1811/2993
f 2995/1811/2993 2990/1806/2988 2959/1775/2957
f 2996/1812/2994 2990/1806/2988 2995/1811/2993
f 2785/1599/2781 2786/1602/2784 2997/1813/2995
f 2997/1813/2995 2995/1811/2993 2785/1599/2781
f 2995/1811/2993 2997/1813/2995 2998/1814/2996
f 2998/1814/2996 2996/1812/2994 2995/1811/2993
f 2727/1543/2725 2728/1542/2724 2762/1578/2760
f 2817/1634/2816 2818/1633/2815 2948/1764/2946
f 2948/1764/2946 2905/1722/2904 2817/1634/2816
f 2699/1517/2699 2873/1689/2871 2872/1688/2870
f 2872/1688/2870 2717/1533/2715 2699/1517/2699
f 2748/1566/2748 2988/1804/2986 2987/1803/2985
f 2987/1803/2985 2751/1567/2749 2748/1566/2748
f 2988/1804/2986 2748/1566/2748 2978/1794/2976
f 2748/1566/2748 2749/1565/2747 2912/1727/2909
f 2912/1727/2909 2978/1794/2976 2748/1566/2748
f 2978/1794/2976 2912/1727/2909 2902/1717/2899
f 2848/1664/2846 2987/1803/2985 2917/1731/2913
f 2988/1804/2986 2978/1794/2976 2898/1712/2894
f 2898/1712/2894 2916/1732/2914 2988/1804/2986
f 2848/1664/2846 2849/1663/2845 2987/1803/2985
f 3001/1815/2997 3000/1816/2998 2999/1817/2999
f 3004/1818/3000 3003/1819/3001 3002/1820/3002
f 3002/1820/3002 3005/1821/3003 3004/1818/3000
f 3008/1822/3004 3007/1823/3005 3006/1824/3006
f 3006/1824/3006 3009/1825/3007 3008/1822/3004
f 3000/1816/2998 3001/1815/2997 3010/1826/3008
f 3010/1826/3008 3011/1827/3009 3000/1816/2998
f 3014/1828/3010 3013/1829/3011 3012/1830/3012
f 3012/1830/3012 3015/1831/3013 3014/1828/3010
f 3017/1832/3014 3016/1833/3015 3003/1819/3001
f 3003/1819/3001 3010/1826/3008 3017/1832/3014
f 3019/1834/3016 3015/1831/3013 3018/1835/3017
f 3018/1835/3017 3020/1836/3018 3019/1834/3016
f 3020/1836/3018 3018/1835/3017 3007/1823/3005
f 3007/1823/3005 3008/1822/3004 3020/1836/3018
f 3009/1825/3007 3006/1824/3006 2999/1817/2999
f 2999/1817/2999 3000/1816/2998 3009/1825/3007
f 2999/1817/2999 3022/1837/3019 3021/1838/3020
f 3021/1838/3020 3001/1815/2997 2999/1817/2999
f 3023/1839/3021 3002/1820/3002 3003/1819/3001
f 3003/1819/3001 3016/1833/3015 3023/1839/3021
f 3024/1840/3022 3006/1824/3006 3007/1823/3005
f 3007/1823/3005 3025/1841/3023 3024/1840/3022
f 3021/1838/3020 3017/1832/3014 3010/1826/3008
f 3010/1826/3008 3001/1815/2997 3021/1838/3020
f 3015/1831/3013 3019/1834/3016 3026/1842/3024
f 3026/1842/3024 3014/1828/3010 3015/1831/3013
f 3003/1819/3001 3004/1818/3000 3011/1827/3009
f 3011/1827/3009 3010/1826/3008 3003/1819/3001
f 3027/1843/3025 3018/1835/3017 3015/1831/3013
f 3015/1831/3013 3012/1830/3012 3027/1843/3025
f 3025/1841/3023 3007/1823/3005 3018/1835/3017
f 3018/1835/3017 3027/1843/3025 3025/1841/3023
f 3006/1824/3006 3024/1840/3022 3028/1844/3026
f 3013/1829/3011 3030/1845/3027 3029/1846/3028
f 3029/1846/3028 3012/1830/3012 3013/1829/3011
f 3017/1832/3014 3032/1847/3029 3031/1848/3030
f 3031/1848/3030 3016/1833/3015 3017/1832/3014
f 3022/1837/3019 3034/1849/3031 3033/1850/3032
f 3033/1850/3032 3021/1838/3020 3022/1837/3019
f 3016/1833/3015 3031/1848/3030 3035/1851/3033
f 3035/1851/3033 3023/1839/3021 3016/1833/3015
f 3025/1841/3023 3037/1852/3034 3036/1853/3035
f 3036/1853/3035 3024/1840/3022 3025/1841/3023
f 3021/1838/3020 3033/1850/3032 3032/1847/3029
f 3032/1847/3029 3017/1832/3014 3021/1838/3020
f 3012/1830/3012 3029/1846/3028 3038/1854/3036
f 3038/1854/3036 3027/1843/3025 3012/1830/3012
f 3027/1843/3025 3038/1854/3036 3037/1852/3034
f 3037/1852/3034 3025/1841/3023 3027/1843/3025
f 3036/1853/3035 3039/1855/3037 3028/1844/3026
f 3028/1844/3026 3024/1840/3022 3036/1853/3035
f 3008/1822/3004 3041/1856/3038 3040/1857/3039
f 3040/1857/3039 3020/1836/3018 3008/1822/3004
f 3020/1836/3018 3040/1857/3039 3042/1858/3040
f 3042/1858/3040 3019/1834/3016 3020/1836/3018
f 3019/1834/3016 3042/1858/3040 3043/1859/3041
f 3043/1859/3041 3026/1842/3024 3019/1834/3016
f 3011/1827/3009 3045/1860/3042 3044/1861/3043
f 3044/1861/3043 3000/1816/2998 3011/1827/3009
f 3004/1818/3000 3046/1862/3044 3045/1860/3042
f 3045/1860/3042 3011/1827/3009 3004/1818/3000
f 3009/1825/3007 3047/1863/3045 3041/1856/3038
f 3041/1856/3038 3008/1822/3004 3009/1825/3007
f 3000/1816/2998 3044/1861/3043 3047/1863/3045
f 3047/1863/3045 3009/1825/3007 3000/1816/2998
f 3005/1821/3003 3048/1864/3046 3046/1862/3044
f 3046/1862/3044 3004/1818/3000 3005/1821/3003
f 3051/1865/3047 3050/1866/3048 3049/1867/3049
f 3049/1867/3049 3052/1868/3050 3051/1865/3047
f 3050/1866/3048 3051/1865/3047 3053/1869/3051
f 3053/1869/3051 3054/1870/3052 3050/1866/3048
f 3057/1871/3053 3056/1872/3054 3055/1873/3055
f 3055/1873/3055 3058/1874/3056 3057/1871/3053
f 3059/1875/3057 3057/1871/3053 3058/1874/3056
f 3058/1874/3056 3060/1876/3058 3059/1875/3057
f 3056/1872/3054 3050/1866/3048 3054/1870/3052
f 3054/1870/3052 3055/1873/3055 3056/1872/3054
f 3056/1872/3054 3057/1871/3053 3061/1877/3059
f 3061/1877/3059 3062/1878/3060 3056/1872/3054
f 3057/1871/3053 3059/1875/3057 3063/1879/3061
f 3063/1879/3061 3061/1877/3059 3057/1871/3053
f 3050/1866/3048 3056/1872/3054 3062/1878/3060
f 3062/1878/3060 3049/1867/3049 3050/1866/3048
f 3064/1880/3062 3054/1870/3052 3053/1869/3051
f 3053/1869/3051 3065/1881/3063 3064/1880/3062
f 3058/1874/3056 3067/1882/3064 3066/1883/3065
f 3066/1883/3065 3060/1876/3058 3058/1874/3056
f 3068/1884/3066 3055/1873/3055 3054/1870/3052
f 3054/1870/3052 3064/1880/3062 3068/1884/3066
f 3055/1873/3055 3068/1884/3066 3067/1882/3064
f 3067/1882/3064 3058/1874/3056 3055/1873/3055
f 3039/1855/3037 3034/1849/3031 3022/1837/3019
f 3022/1837/3019 3028/1844/3026 3039/1855/3037
f 2999/1817/2999 3006/1824/3006 3028/1844/3026
f 3028/1844/3026 3022/1837/3019 2999/1817/2999
f 2822/1640/2822 2795/1609/2791 2796/1612/2794
f 2796/1612/2794 2811/1626/2808 2822/1640/2822
f 2807/1623/2805 2808/1622/2804 2984/1799/2981
f 2802/1616/2798 2750/1564/2746 2751/1567/2749
f 2751/1567/2749 2801/1617/2799 2802/1616/2798
f 3071/1885/3067 3070/1886/3068 3069/1887/3069
f 3069/1887/3069 3072/1888/3070 3071/1885/3067
f 3074/1889/3071 3073/1890/3072 3069/1887/3069
f 3069/1887/3069 3070/1886/3068 3074/1889/3071
f 3076/1891/3073 3075/1892/3074 3073/1890/3072
f 3073/1890/3072 3074/1889/3071 3076/1891/3073
f 3071/1885/3067 3078/1893/3075 3077/1894/3076
f 3077/1894/3076 3070/1886/3068 3071/1885/3067
f 3070/1886/3068 3077/1894/3076 3079/1895/3077
f 3079/1895/3077 3074/1889/3071 3070/1886/3068
f 3074/1889/3071 3079/1895/3077 3080/1896/3078
f 3080/1896/3078 3076/1891/3073 3074/1889/3071
f 3076/1891/3073 3082/1897/3079 3081/1898/3080
f 3081/1898/3080 3075/1892/3074 3076/1891/3073
f 3082/1897/3079 3076/1891/3073 3080/1896/3078
f 3080/1896/3078 3083/1899/3081 3082/1897/3079
f 2604/1422/2604 2605/1421/2603 2614/1430/2612
f 2605/1421/2603 2621/1437/2619 3084/1900/3082
f 3084/1900/3082 2614/1430/2612 2605/1421/2603
f 3084/1900/3082 3085/1901/3083 2613/1428/2610
f 2613/1428/2610 2614/1430/2612 3084/1900/3082
f 3087/1183/3084 3086/1186/3085 2322/1185/2324
f 2322/1185/2324 2323/1184/2323 3087/1183/3084
f 3090/1187/3086 3089/1190/3087 3088/1189/3088
f 3088/1189/3088 3091/1188/3089 3090/1187/3086
f 3094/1191/3090 3093/1193/3091 3092/1192/3092
f 3096/1194/3093 3095/1196/3094 3090/1187/3086
f 3090/1187/3086 3097/1195/3095 3096/1194/3093
f 2338/1197/2336 2339/1200/2339 3098/1199/3096
f 3098/1199/3096 3099/1198/3097 2338/1197/2336
f 3101/1201/3098 3100/1183/3099 2340/1184/2342
f 2340/1184/2342 2341/1202/2341 3101/1201/3098
f 3104/1203/3100 3103/1206/3101 3102/1205/3102
f 3102/1205/3102 3105/1204/3103 3104/1203/3100
f 3088/1189/3088 3089/1190/3087 3106/1207/3104
f 3109/1208/3105 3108/1210/3106 3107/1209/3107
f 3104/1203/3100 3097/1195/3095 3110/1211/3108
f 3110/1211/3108 3103/1206/3101 3104/1203/3100
f 3113/1212/3109 3112/1215/3110 3111/1214/3111
f 3111/1214/3111 3114/1213/3112 3113/1212/3109
f 3116/1216/3113 3115/1217/3114 3111/1214/3111
f 3111/1214/3111 3112/1215/3110 3116/1216/3113
f 3119/1218/3115 3118/1221/3116 3117/1220/3117
f 3117/1220/3117 3120/1219/3118 3119/1218/3115
f 3123/1222/3119 3122/1225/3120 3121/1224/3121
f 3121/1224/3121 3124/1223/3122 3123/1222/3119
f 3127/1226/3123 3126/1229/3124 3125/1228/3125
f 3125/1228/3125 3128/1227/3126 3127/1226/3123
f 3131/1230/3127 3130/1232/3128 3129/1231/3129
f 3131/1230/3127 3132/1233/3130 3130/1232/3128
f 3124/1223/3122 3134/1235/3131 3133/1234/3132
f 3117/1220/3117 3135/1236/3133 3120/1219/3118
f 3135/1236/3133 3137/1238/3134 3136/1237/3135
f 3136/1237/3135 3120/1219/3118 3135/1236/3133
f 3140/1239/3136 3139/1242/3137 3138/1241/3138
f 3138/1241/3138 3141/1240/3139 3140/1239/3136
f 3140/1239/3136 3143/1244/3140 3142/1243/3141
f 3145/1245/3142 3144/1246/3143 3143/1244/3140
f 3146/1247/3144 3123/1222/3119 3124/1223/3122
f 3124/1223/3122 3133/1234/3132 3146/1247/3144
f 3114/1213/3112 3147/1248/3145 3113/1212/3109
f 3148/1249/3146 3139/1242/3137 3140/1239/3136
f 3140/1239/3136 3149/1250/3147 3148/1249/3146
f 3152/1251/3148 3151/1254/3149 3150/1253/3150
f 3150/1253/3150 3153/1252/3151 3152/1251/3148
f 3153/1252/3151 3155/1256/3152 3154/1255/3153
f 3154/1255/3153 3152/1251/3148 3153/1252/3151
f 3099/1198/3097 3093/1193/3091 3094/1191/3090
f 3094/1191/3090 3156/1257/3154 3099/1198/3097
f 3159/1258/3155 3158/1260/3156 3157/1259/3157
f 3162/1261/3158 3161/1260/3159 3160/1258/3160
f 3165/1262/3161 3164/1264/3162 3163/1263/3163
f 3168/1265/3164 3167/1264/3165 3166/1262/3166
f 3169/1266/3167 3115/1217/3114 3116/1216/3113
f 3172/1267/3168 3171/1270/3169 3170/1269/3170
f 3170/1269/3170 3173/1268/3171 3172/1267/3168
f 3176/1263/3172 3175/1264/3173 3174/1271/3174
f 3179/1272/3175 3178/1274/3176 3177/1273/3177
f 3182/1272/3178 3181/1275/3179 3180/1274/3180
f 3185/1276/3181 3184/1278/3182 3183/1277/3183
f 3188/1276/3184 3187/1279/3185 3186/1278/3186
f 3191/1280/3187 3190/1282/3188 3189/1281/3189
f 3194/1276/3190 3193/1277/3191 3192/1283/3192
f 3197/1284/3193 3196/1287/3194 3195/1286/3195
f 3195/1286/3195 3198/1285/3196 3197/1284/3193
f 3195/1286/3195 3200/1289/3197 3199/1288/3198
f 3199/1288/3198 3198/1285/3196 3195/1286/3195
f 3201/1290/3199 3143/1244/3140 3140/1239/3136
f 3140/1239/3136 3141/1240/3139 3201/1290/3199
f 3204/1291/3200 3203/1293/3201 3202/1292/3202
f 3205/1294/3203 3170/1269/3170 3171/1270/3169
f 3171/1270/3169 3206/1295/3204 3205/1294/3203
f 3173/1268/3171 3170/1269/3170 3108/1210/3106
f 3108/1210/3106 3109/1208/3105 3173/1268/3171
f 3207/1296/3205 3108/1210/3106 3170/1269/3170
f 3170/1269/3170 3205/1294/3203 3207/1296/3205
f 3209/1297/3206 3208/1298/3207 3108/1210/3106
f 3108/1210/3106 3207/1296/3205 3209/1297/3206
f 3211/1299/3208 3210/1300/3209 3114/1213/3112
f 3114/1213/3112 3111/1214/3111 3211/1299/3208
f 3152/1251/3148 3114/1213/3112 3210/1300/3209
f 3210/1300/3209 3151/1254/3149 3152/1251/3148
f 3154/1255/3153 3147/1248/3145 3114/1213/3112
f 3114/1213/3112 3152/1251/3148 3154/1255/3153
f 3212/1301/3210 3206/1295/3204 3171/1270/3169
f 3169/1266/3167 3106/1207/3104 3089/1190/3087
f 3089/1190/3087 3115/1217/3114 3169/1266/3167
f 3213/1302/3211 3107/1209/3107 3108/1210/3106
f 3108/1210/3106 3208/1298/3207 3213/1302/3211
f 3216/1303/3212 3215/1204/3213 3214/1205/3214
f 3214/1205/3214 3217/1304/3215 3216/1303/3212
f 3219/1201/3216 3218/1305/3217 3104/1203/3100
f 3099/1198/3097 3098/1199/3096 3220/1306/3218
f 3220/1306/3218 3093/1193/3091 3099/1198/3097
f 3101/1201/3098 3222/1203/3219 3221/1204/3220
f 3221/1204/3220 3100/1183/3099 3101/1201/3098
f 3122/1225/3120 3123/1222/3119 3119/1218/3115
f 3119/1218/3115 3120/1219/3118 3223/1307/3221
f 3223/1307/3221 3122/1225/3120 3119/1218/3115
f 3225/1308/3222 3189/1281/3189 3224/1310/3223
f 3224/1310/3223 3226/1309/3224 3225/1308/3222
f 3228/1311/3225 3227/1312/3226 3225/1308/3222
f 3225/1308/3222 3204/1291/3200 3228/1311/3225
f 3128/1227/3126 3224/1310/3223 3229/1314/3227
f 3229/1314/3227 3230/1313/3228 3128/1227/3126
f 3189/1281/3189 3229/1314/3227 3224/1310/3223
f 3126/1229/3124 3127/1226/3123 3230/1313/3228
f 3230/1313/3228 3231/1315/3229 3126/1229/3124
f 3230/1313/3228 3127/1226/3123 3128/1227/3126
f 3223/1307/3221 3120/1219/3118 3136/1237/3135
f 3136/1237/3135 3232/1316/3230 3223/1307/3221
f 3145/1245/3142 3136/1237/3135 3137/1238/3134
f 3157/1259/3157 3234/1317/3231 3233/1191/3232
f 3233/1191/3232 3159/1258/3155 3157/1259/3157
f 3236/1191/3233 3235/1192/3234 3162/1261/3158
f 3162/1261/3158 3160/1258/3160 3236/1191/3233
f 3163/1263/3163 3238/1195/3235 3237/1187/3236
f 3237/1187/3236 3165/1262/3161 3163/1263/3163
f 3240/1187/3237 3239/1188/3238 3168/1265/3164
f 3168/1265/3164 3166/1262/3166 3240/1187/3237
f 3242/1211/3239 3241/1195/3240 3176/1263/3172
f 3176/1263/3172 3174/1271/3174 3242/1211/3239
f 3145/1245/3142 3143/1244/3140 3136/1237/3135
f 3143/1244/3140 3201/1290/3199 3232/1316/3230
f 3232/1316/3230 3136/1237/3135 3143/1244/3140
f 3203/1293/3201 3204/1291/3200 3225/1308/3222
f 3225/1308/3222 3226/1309/3224 3203/1293/3201
f 3138/1241/3138 3139/1242/3137 3198/1285/3196
f 3198/1285/3196 3199/1288/3198 3138/1241/3138
f 3139/1242/3137 3148/1249/3146 3197/1284/3193
f 3197/1284/3193 3198/1285/3196 3139/1242/3137
f 2486/1318/2484 3132/1233/3130 3121/1224/3121
f 3121/1224/3121 2485/1319/2485 2486/1318/2484
f 3121/1224/3121 3132/1233/3130 3124/1223/3122
f 3130/1232/3128 2488/1321/2487 2487/1320/2486
f 2487/1320/2486 3129/1231/3129 3130/1232/3128
f 3132/1233/3130 2486/1318/2484 2488/1321/2487
f 2488/1321/2487 3130/1232/3128 3132/1233/3130
f 3134/1235/3131 3124/1223/3122 3132/1233/3130
f 3132/1233/3130 3131/1230/3127 3134/1235/3131
f 3208/1298/3207 3209/1297/3206 3243/1317/3241
f 3097/1195/3095 3104/1203/3100 3218/1305/3217
f 3218/1305/3217 3096/1194/3093 3097/1195/3095
f 3244/1322/3242 3206/1295/3204 3212/1301/3210
f 3089/1190/3087 3090/1187/3086 3095/1196/3094
f 3245/1323/3243 3211/1299/3208 3111/1214/3111
f 3111/1214/3111 3115/1217/3114 3245/1323/3243
f 3115/1217/3114 3089/1190/3087 3095/1196/3094
f 3095/1196/3094 3245/1323/3243 3115/1217/3114
f 3218/1305/3217 3219/1201/3216 2492/1202/2492
f 2492/1202/2492 2493/1324/2491 3218/1305/3217
f 3247/1325/3244 3246/1326/3245 3204/1291/3200
f 3204/1291/3200 3202/1292/3202 3247/1325/3244
f 3128/1227/3126 3125/1228/3125 2496/1328/2496
f 2496/1328/2496 2497/1327/2495 3128/1227/3126
f 3248/1329/3246 3247/1325/3244 3202/1292/3202
f 3202/1292/3202 3249/1330/3247 3248/1329/3246
f 3177/1273/3177 3178/1274/3176 3250/1313/3248
f 3250/1313/3248 3251/1314/3249 3177/1273/3177
f 3180/1274/3180 3181/1275/3179 3252/1315/3250
f 3252/1315/3250 3253/1313/3251 3180/1274/3180
f 3254/1222/3252 3183/1277/3183 3184/1278/3182
f 3184/1278/3182 3255/1218/3253 3254/1222/3252
f 3186/1278/3186 3187/1279/3185 3256/1221/3254
f 3256/1221/3254 3257/1218/3255 3186/1278/3186
f 3258/1247/3256 3192/1283/3192 3193/1277/3191
f 3193/1277/3191 3259/1222/3257 3258/1247/3256
f 3262/1183/3258 3261/1303/3259 3260/1304/3260
f 3260/1304/3260 3263/1186/3261 3262/1183/3258
f 3264/1303/3262 3100/1183/3099 3221/1204/3220
f 2517/1331/2513 2518/1334/2516 3265/1333/3263
f 3265/1333/3263 3266/1332/3264 2517/1331/2513
f 3267/1335/3265 3265/1333/3263 2518/1334/2516
f 2518/1334/2516 2519/1336/2518 3267/1335/3265
f 3268/1337/3266 2522/1338/2520 2517/1331/2513
f 2517/1331/2513 3266/1332/3264 3268/1337/3266
f 3206/1295/3204 3268/1337/3266 3266/1332/3264
f 3266/1332/3264 3205/1294/3203 3206/1295/3204
f 3266/1332/3264 3265/1333/3263 3207/1296/3205
f 3207/1296/3205 3205/1294/3203 3266/1332/3264
f 3099/1198/3097 3156/1257/3154 3267/1335/3265
f 3269/1339/3267 2524/1340/2522 2522/1338/2520
f 2522/1338/2520 3268/1337/3266 3269/1339/3267
f 3268/1337/3266 3206/1295/3204 3270/1341/3268
f 3270/1341/3268 3269/1339/3267 3268/1337/3266
f 2528/1342/2524 2529/1345/2527 3271/1344/3269
f 3271/1344/3269 3272/1343/3270 2528/1342/2524
f 3273/1346/3271 3271/1344/3269 3249/1330/3247
f 3249/1330/3247 3202/1292/3202 3273/1346/3271
f 3267/1335/3265 2519/1336/2518 2338/1197/2336
f 2338/1197/2336 3099/1198/3097 3267/1335/3265
f 2531/1347/2529 2532/1348/2530 3202/1292/3202
f 3202/1292/3202 3203/1293/3201 2531/1347/2529
f 3202/1292/3202 2532/1348/2530 3273/1346/3271
f 3226/1309/3224 3224/1310/3223 2533/1350/2532
f 2533/1350/2532 2534/1349/2531 3226/1309/3224
f 3274/1351/3272 3272/1343/3270 3271/1344/3269
f 3271/1344/3269 3273/1346/3271 3274/1351/3272
f 3274/1351/3272 2536/1352/2534 2528/1342/2524
f 2528/1342/2524 3272/1343/3270 3274/1351/3272
f 3265/1333/3263 3267/1335/3265 3209/1297/3206
f 3209/1297/3206 3207/1296/3205 3265/1333/3263
f 3267/1335/3265 3156/1257/3154 3209/1297/3206
f 3156/1257/3154 3094/1191/3090 3243/1317/3241
f 3243/1317/3241 3209/1297/3206 3156/1257/3154
f 2534/1349/2531 2531/1347/2529 3203/1293/3201
f 3203/1293/3201 3226/1309/3224 2534/1349/2531
f 3128/1227/3126 2497/1327/2495 2533/1350/2532
f 2533/1350/2532 3224/1310/3223 3128/1227/3126
f 3206/1295/3204 3244/1322/3242 3275/1353/3273
f 3275/1353/3273 3270/1341/3268 3206/1295/3204
f 3277/1354/3274 3276/1355/3275 3155/1256/3152
f 3155/1256/3152 3153/1252/3151 3277/1354/3274
f 3278/1356/3276 3277/1354/3274 3153/1252/3151
f 3153/1252/3151 3150/1253/3150 3278/1356/3276
f 3129/1231/3129 3133/1234/3132 3134/1235/3131
f 3134/1235/3131 3131/1230/3127 3129/1231/3129
f 3220/1306/3218 3098/1199/3096 3279/1357/3277
f 3280/1358/3278 3191/1280/3187 3225/1308/3222
f 3225/1308/3222 3227/1312/3226 3280/1358/3278
f 3273/1346/3271 2532/1348/2530 2536/1352/2534
f 2536/1352/2534 3274/1351/3272 3273/1346/3271
f 3142/1243/3141 3143/1244/3140 3144/1246/3143
f 3140/1239/3136 3142/1243/3141 3149/1250/3147
f 3191/1280/3187 3189/1281/3189 3225/1308/3222
f 3281/1359/3279 2546/1362/2544 2543/1361/2543
f 2543/1361/2543 3282/1360/3280 3281/1359/3279
f 3284/1363/3281 3283/1366/3282 2547/1365/2547
f 2547/1365/2547 2548/1364/2546 3284/1363/3281
f 2553/1367/2549 3286/1370/3283 3285/1369/3284
f 3285/1369/3284 2552/1368/2550 2553/1367/2549
f 2557/1371/2553 3288/1374/3285 3287/1373/3286
f 3287/1373/3286 2556/1372/2554 2557/1371/2553
f 2559/1375/2557 3289/1376/3287 3282/1360/3280
f 3282/1360/3280 2543/1361/2543 2559/1375/2557
f 2552/1368/2550 3285/1369/3284 3290/1378/3288
f 3290/1378/3288 2562/1377/2559 2552/1368/2550
f 3291/1379/3289 3281/1359/3279 3282/1360/3280
f 3282/1360/3280 3292/1380/3290 3291/1379/3289
f 3294/1381/3291 3293/1382/3292 3283/1366/3282
f 3283/1366/3282 3284/1363/3281 3294/1381/3291
f 3295/1383/3293 3291/1379/3289 3292/1380/3290
f 3292/1380/3290 3296/1384/3294 3295/1383/3293
f 3298/1385/3295 3297/1386/3296 3293/1382/3292
f 3293/1382/3292 3294/1381/3291 3298/1385/3295
f 3286/1370/3283 3295/1383/3293 3296/1384/3294
f 3296/1384/3294 3285/1369/3284 3286/1370/3283
f 3288/1374/3285 3297/1386/3296 3298/1385/3295
f 3298/1385/3295 3287/1373/3286 3288/1374/3285
f 3292/1380/3290 3282/1360/3280 3289/1376/3287
f 3285/1369/3284 3296/1384/3294 3292/1380/3290
f 3292/1380/3290 3290/1378/3288 3285/1369/3284
f 3299/1387/3297 3284/1363/3281 2548/1364/2546
f 2548/1364/2546 2571/1388/2570 3299/1387/3297
f 2556/1372/2554 3287/1373/3286 3300/1390/3298
f 3300/1390/3298 2574/1389/2571 2556/1372/2554
f 3301/1391/3299 3294/1381/3291 3284/1363/3281
f 3284/1363/3281 3299/1387/3297 3301/1391/3299
f 3302/1392/3300 3298/1385/3295 3294/1381/3291
f 3294/1381/3291 3301/1391/3299 3302/1392/3300
f 3287/1373/3286 3298/1385/3295 3302/1392/3300
f 3302/1392/3300 3300/1390/3298 3287/1373/3286
f 3303/1393/3301 2578/1394/2576 2547/1365/2547
f 2547/1365/2547 3283/1366/3282 3303/1393/3301
f 2557/1371/2553 2580/1396/2578 3304/1395/3302
f 3304/1395/3302 3288/1374/3285 2557/1371/2553
f 3305/1397/3303 3303/1393/3301 3283/1366/3282
f 3283/1366/3282 3293/1382/3292 3305/1397/3303
f 3306/1398/3304 3305/1397/3303 3293/1382/3292
f 3293/1382/3292 3297/1386/3296 3306/1398/3304
f 3288/1374/3285 3304/1395/3302 3306/1398/3304
f 3306/1398/3304 3297/1386/3296 3288/1374/3285
f 3299/1387/3297 2571/1388/2570 2546/1362/2544
f 2546/1362/2544 3281/1359/3279 3299/1387/3297
f 2574/1389/2571 3300/1390/3298 3286/1370/3283
f 3286/1370/3283 2553/1367/2549 2574/1389/2571
f 3301/1391/3299 3299/1387/3297 3281/1359/3279
f 3281/1359/3279 3291/1379/3289 3301/1391/3299
f 3302/1392/3300 3301/1391/3299 3291/1379/3289
f 3291/1379/3289 3295/1383/3293 3302/1392/3300
f 3300/1390/3298 3302/1392/3300 3295/1383/3293
f 3295/1383/3293 3286/1370/3283 3300/1390/3298
f 3307/1399/3305 2584/1400/2582 2578/1394/2576
f 2578/1394/2576 3303/1393/3301 3307/1399/3305
f 2580/1396/2578 2586/1402/2584 3308/1401/3306
f 3308/1401/3306 3304/1395/3302 2580/1396/2578
f 3309/1403/3307 3307/1399/3305 3303/1393/3301
f 3303/1393/3301 3305/1397/3303 3309/1403/3307
f 3310/1404/3308 3309/1403/3307 3305/1397/3303
f 3305/1397/3303 3306/1398/3304 3310/1404/3308
f 3304/1395/3302 3308/1401/3306 3310/1404/3308
f 3310/1404/3308 3306/1398/3304 3304/1395/3302
f 3312/1405/3309 3311/1408/3310 2589/1407/2589
f 2589/1407/2589 2590/1406/2588 3312/1405/3309
f 2589/1407/2589 3311/1408/3310 3313/1410/3311
f 3313/1410/3311 2594/1409/2591 2589/1407/2589
f 3314/1411/3312 3313/1410/3311 3311/1408/3310
f 3311/1408/3310 3315/1412/3313 3314/1411/3312
f 3315/1412/3313 3317/1414/3314 3316/1413/3315
f 3316/1413/3315 3314/1411/3312 3315/1412/3313
f 3317/1414/3314 3319/1416/3316 3318/1415/3317
f 3318/1415/3317 3316/1413/3315 3317/1414/3314
f 3320/1417/3318 3315/1412/3313 3311/1408/3310
f 3311/1408/3310 3312/1405/3309 3320/1417/3318
f 3315/1412/3313 3320/1417/3318 3321/1418/3319
f 3321/1418/3319 3317/1414/3314 3315/1412/3313
f 3317/1414/3314 3321/1418/3319 3322/1419/3320
f 3322/1419/3320 3319/1416/3316 3317/1414/3314
f 3325/1420/3321 3324/1423/3322 3323/1422/3323
f 3323/1422/3323 3326/1421/3324 3325/1420/3321
f 3327/1424/3325 2611/1427/2609 2608/1426/2608
f 2608/1426/2608 3328/1425/3326 3327/1424/3325
f 3330/1428/3327 3329/1430/3328 3323/1422/3323
f 3323/1422/3323 3331/1429/3329 3330/1428/3327
f 3325/1420/3321 3326/1421/3324 3332/1432/3330
f 3332/1432/3330 3333/1431/3331 3325/1420/3321
f 2619/1433/2615 3335/1436/3332 3334/1435/3333
f 3334/1435/3333 2618/1434/2616 2619/1433/2615
f 3332/1432/3330 3326/1421/3324 3336/1437/3334
f 3324/1423/3322 3325/1420/3321 3335/1436/3332
f 3335/1436/3332 3327/1424/3325 3324/1423/3322
f 3325/1420/3321 3333/1431/3331 3334/1435/3333
f 3334/1435/3333 3335/1436/3332 3325/1420/3321
f 3324/1423/3322 3337/1438/3335 3331/1429/3329
f 3331/1429/3329 3323/1422/3323 3324/1423/3322
f 3327/1424/3325 3335/1436/3332 2619/1433/2615
f 2619/1433/2615 2611/1427/2609 3327/1424/3325
f 3327/1424/3325 3328/1425/3326 3337/1438/3335
f 3337/1438/3335 3324/1423/3322 3327/1424/3325
f 3338/1439/3336 2626/1442/2624 2623/1441/2623
f 2623/1441/2623 3339/1440/3337 3338/1439/3336
f 3342/1443/3338 3341/1446/3339 3340/1445/3340
f 3340/1445/3340 3343/1444/3341 3342/1443/3338
f 3346/1447/3342 3345/1450/3343 3344/1449/3344
f 3344/1449/3344 3347/1448/3345 3346/1447/3342
f 3349/1451/3346 3348/1452/3347 3345/1450/3343
f 3345/1450/3343 3346/1447/3342 3349/1451/3346
f 3350/1453/3348 2640/1456/2638 2637/1455/2637
f 2637/1455/2637 3351/1454/3349 3350/1453/3348
f 3351/1454/3349 3340/1445/3340 3341/1446/3339
f 3341/1446/3339 3350/1453/3348 3351/1454/3349
f 3343/1444/3341 3347/1448/3345 3344/1449/3344
f 3344/1449/3344 3342/1443/3338 3343/1444/3341
f 3339/1440/3337 3348/1452/3347 3349/1451/3346
f 3349/1451/3346 3338/1439/3336 3339/1440/3337
f 3350/1453/3348 3341/1446/3339 3352/1458/3350
f 3352/1458/3350 3353/1457/3351 3350/1453/3348
f 2643/1459/2641 3354/1460/3352 3339/1440/3337
f 3339/1440/3337 2623/1441/2623 2643/1459/2641
f 3348/1452/3347 3339/1440/3337 3354/1460/3352
f 3354/1460/3352 3355/1461/3353 3348/1452/3347
f 3342/1443/3338 3344/1449/3344 3356/1463/3354
f 3356/1463/3354 3357/1462/3355 3342/1443/3338
f 3341/1446/3339 3342/1443/3338 3357/1462/3355
f 3357/1462/3355 3352/1458/3350 3341/1446/3339
f 3344/1449/3344 3345/1450/3343 3358/1464/3356
f 3358/1464/3356 3356/1463/3354 3344/1449/3344
f 3345/1450/3343 3348/1452/3347 3355/1461/3353
f 3355/1461/3353 3358/1464/3356 3345/1450/3343
f 2640/1456/2638 3350/1453/3348 3353/1457/3351
f 3353/1457/3351 2649/1465/2647 2640/1456/2638
f 2626/1442/2624 3338/1439/3336 3359/1467/3357
f 3359/1467/3357 2651/1466/2648 2626/1442/2624
f 3361/1468/3358 3360/1469/3359 3343/1444/3341
f 3343/1444/3341 3340/1445/3340 3361/1468/3358
f 3363/1470/3360 3362/1471/3361 3346/1447/3342
f 3346/1447/3342 3347/1448/3345 3363/1470/3360
f 3362/1471/3361 3364/1472/3362 3349/1451/3346
f 3349/1451/3346 3346/1447/3342 3362/1471/3361
f 2657/1473/2655 3365/1474/3363 3351/1454/3349
f 3351/1454/3349 2637/1455/2637 2657/1473/2655
f 3365/1474/3363 3361/1468/3358 3340/1445/3340
f 3340/1445/3340 3351/1454/3349 3365/1474/3363
f 3360/1469/3359 3363/1470/3360 3347/1448/3345
f 3347/1448/3345 3343/1444/3341 3360/1469/3359
f 3364/1472/3362 3359/1467/3357 3338/1439/3336
f 3338/1439/3336 3349/1451/3346 3364/1472/3362
f 3368/1475/3364 3367/1478/3365 3366/1477/3366
f 3366/1477/3366 3369/1476/3367 3368/1475/3364
f 3372/1479/3368 3371/1482/3369 3370/1481/3370
f 3370/1481/3370 3373/1480/3371 3372/1479/3368
f 3374/1483/3372 2670/1486/2668 2667/1485/2667
f 2667/1485/2667 3375/1484/3373 3374/1483/3372
f 3370/1481/3370 3371/1482/3369 3374/1483/3372
f 3374/1483/3372 3375/1484/3373 3370/1481/3370
f 3367/1478/3365 3368/1475/3364 3372/1479/3368
f 3372/1479/3368 3373/1480/3371 3367/1478/3365
f 3378/1487/3374 3377/1490/3375 3376/1489/3376
f 3376/1489/3376 3379/1488/3377 3378/1487/3374
f 3376/1489/3376 2676/1492/2674 2675/1491/2673
f 2675/1491/2673 3379/1488/3377 3376/1489/3376
f 3377/1490/3375 3378/1487/3374 3369/1476/3367
f 3369/1476/3367 3366/1477/3366 3377/1490/3375
f 3369/1476/3367 3378/1487/3374 3380/1494/3378
f 3380/1494/3378 3381/1493/3379 3369/1476/3367
f 3374/1483/3372 3371/1482/3369 3382/1496/3380
f 3382/1496/3380 3383/1495/3381 3374/1483/3372
f 3372/1479/3368 3368/1475/3364 3384/1498/3382
f 3384/1498/3382 3385/1497/3383 3372/1479/3368
f 2670/1486/2668 3374/1483/3372 3383/1495/3381
f 3383/1495/3381 2683/1499/2681 2670/1486/2668
f 3371/1482/3369 3372/1479/3368 3385/1497/3383
f 3385/1497/3383 3382/1496/3380 3371/1482/3369
f 3368/1475/3364 3369/1476/3367 3381/1493/3379
f 3381/1493/3379 3384/1498/3382 3368/1475/3364
f 3378/1487/3374 3379/1488/3377 3386/1500/3384
f 3386/1500/3384 3380/1494/3378 3378/1487/3374
f 3379/1488/3377 2675/1491/2673 2685/1501/2683
f 2685/1501/2683 3386/1500/3384 3379/1488/3377
f 3388/1502/3385 3387/1503/3386 3366/1477/3366
f 3366/1477/3366 3367/1478/3365 3388/1502/3385
f 3373/1480/3371 3370/1481/3370 3389/1504/3387
f 2689/1505/2687 3390/1506/3388 3375/1484/3373
f 3375/1484/3373 2667/1485/2667 2689/1505/2687
f 3390/1506/3388 3391/1507/3389 3370/1481/3370
f 3370/1481/3370 3375/1484/3373 3390/1506/3388
f 3392/1508/3390 3388/1502/3385 3367/1478/3365
f 3367/1478/3365 3373/1480/3371 3392/1508/3390
f 3376/1489/3376 3377/1490/3375 3393/1509/3391
f 2676/1492/2674 3376/1489/3376 3394/1510/3392
f 3377/1490/3375 3366/1477/3366 3395/1511/3393
f 2676/1492/2674 3394/1510/3392 2696/1512/2694
f 3394/1510/3392 3376/1489/3376 3396/1513/3394
f 3376/1489/3376 3393/1509/3391 3396/1513/3394
f 3393/1509/3391 3377/1490/3375 3397/1514/3395
f 3377/1490/3375 3395/1511/3393 3397/1514/3395
f 3395/1511/3393 3366/1477/3366 3387/1503/3386
f 3373/1480/3371 3389/1504/3387 3392/1508/3390
f 3389/1504/3387 3370/1481/3370 3391/1507/3389
f 3400/1515/3396 3399/1518/3397 3398/1517/3398
f 3398/1517/3398 3401/1516/3399 3400/1515/3396
f 3404/1519/3400 3403/1522/3401 3402/1521/3402
f 3402/1521/3402 3405/1520/3403 3404/1519/3400
f 3406/1523/3404 3405/1520/3403 3402/1521/3402
f 3402/1521/3402 3407/1524/3405 3406/1523/3404
f 3410/1525/3406 3409/1528/3407 3408/1527/3408
f 3408/1527/3408 3411/1526/3409 3410/1525/3406
f 3414/1529/3410 3413/1532/3411 3412/1531/3412
f 3412/1531/3412 3415/1530/3413 3414/1529/3410
f 3410/1525/3406 3411/1526/3409 3416/1533/3414
f 3416/1533/3414 3399/1518/3397 3410/1525/3406
f 3408/1527/3408 3417/1535/3415 3403/1522/3401
f 3403/1522/3401 3418/1534/3416 3408/1527/3408
f 3402/1521/3402 3420/1537/3417 3419/1536/3418
f 3419/1536/3418 3407/1524/3405 3402/1521/3402
f 3423/1538/3419 3422/1541/3420 3421/1540/3421
f 3421/1540/3421 3424/1539/3422 3423/1538/3419
f 3427/1542/3423 3426/1545/3424 3425/1544/3425
f 3425/1544/3425 3428/1543/3426 3427/1542/3423
f 3431/1546/3427 3430/1549/3428 3429/1548/3429
f 3429/1548/3429 3432/1547/3430 3431/1546/3427
f 3435/1550/3431 3434/1552/3432 3433/1551/3433
f 3437/1553/3434 3436/1554/3435 3435/1550/3431
f 3437/1553/3434 3435/1550/3431 3433/1551/3433
f 3435/1550/3431 3439/1556/3436 3438/1555/3437
f 3442/1557/3438 3441/1560/3439 3440/1559/3440
f 3440/1559/3440 3443/1558/3441 3442/1557/3438
f 3403/1522/3401 3404/1519/3400 3444/1561/3442
f 3444/1561/3442 3418/1534/3416 3403/1522/3401
f 3444/1561/3442 3404/1519/3400 3445/1563/3443
f 3445/1563/3443 3446/1562/3444 3444/1561/3442
f 3449/1564/3445 3448/1567/3446 3447/1566/3447
f 3447/1566/3447 3450/1565/3448 3449/1564/3445
f 3452/1568/3449 3451/1569/3450 3424/1539/3422
f 3424/1539/3422 3421/1540/3421 3452/1568/3449
f 3435/1550/3431 3438/1555/3437 3453/1570/3451
f 3456/1571/3452 3455/1573/3453 3454/1572/3454
f 3454/1572/3454 3422/1541/3420 3456/1571/3452
f 3458/1574/3455 3457/1575/3456 3426/1545/3424
f 3426/1545/3424 3427/1542/3423 3458/1574/3455
f 3459/1576/3457 3452/1568/3449 3421/1540/3421
f 3421/1540/3421 3460/1577/3458 3459/1576/3457
f 3455/1573/3453 3456/1571/3452 3461/1578/3459
f 3461/1578/3459 3428/1543/3426 3455/1573/3453
f 3464/1579/3460 3463/1581/3461 3462/1580/3462
f 3462/1580/3462 3429/1548/3429 3464/1579/3460
f 3467/1582/3463 3466/1585/3464 3465/1584/3465
f 3465/1584/3465 3468/1583/3466 3467/1582/3463
f 3471/1586/3467 3470/1589/3468 3469/1588/3469
f 3469/1588/3469 3472/1587/3470 3471/1586/3467
f 3475/1590/3471 3474/1592/3472 3473/1591/3473
f 3473/1591/3473 3471/1586/3467 3475/1590/3471
f 3478/1593/3474 3477/1595/3475 3476/1594/3476
f 3476/1594/3476 3475/1590/3471 3478/1593/3474
f 3481/1596/3477 3480/1598/3478 3479/1597/3479
f 3479/1597/3479 3477/1595/3475 3481/1596/3477
f 3484/1599/3480 3483/1602/3481 3482/1601/3482
f 3482/1601/3482 3485/1600/3483 3484/1599/3480
f 3488/1603/3484 3487/1606/3485 3486/1605/3486
f 3486/1605/3486 3489/1604/3487 3488/1603/3484
f 3490/1607/3488 3468/1583/3466 3465/1584/3465
f 3465/1584/3465 3491/1608/3489 3490/1607/3488
f 3494/1609/3490 3493/1612/3491 3492/1611/3492
f 3492/1611/3492 3495/1610/3493 3494/1609/3490
f 3497/1613/3494 3496/1615/3495 3492/1611/3492
f 3492/1611/3492 3498/1614/3496 3497/1613/3494
f 3501/1616/3497 3500/1619/3498 3499/1618/3499
f 3499/1618/3499 3502/1617/3500 3501/1616/3497
f 3456/1571/3452 3504/1621/3501 3503/1620/3502
f 3503/1620/3502 3461/1578/3459 3456/1571/3452
f 3507/1622/3503 3506/1624/3504 3505/1623/3505
f 3488/1603/3484 3508/1625/3506 3497/1613/3494
f 3497/1613/3494 3498/1614/3496 3488/1603/3484
f 3510/1626/3507 3509/1628/3508 3487/1606/3485
f 3487/1606/3485 3511/1627/3509 3510/1626/3507
f 3435/1550/3431 3512/1629/3510 3439/1556/3436
f 3504/1621/3501 3456/1571/3452 3422/1541/3420
f 3422/1541/3420 3423/1538/3419 3504/1621/3501
f 3514/1630/3511 3513/1631/3512 3449/1564/3445
f 3449/1564/3445 3450/1565/3448 3514/1630/3511
f 3515/1632/3513 3458/1574/3455 3427/1542/3423
f 3427/1542/3423 3461/1578/3459 3515/1632/3513
f 3516/1633/3514 3502/1617/3500 3499/1618/3499
f 3499/1618/3499 3517/1634/3515 3516/1633/3514
f 3519/1635/3516 3518/1636/3517 3458/1574/3455
f 3458/1574/3455 3515/1632/3513 3519/1635/3516
f 3520/1637/3518 3457/1575/3456 3458/1574/3455
f 3458/1574/3455 3518/1636/3517 3520/1637/3518
f 3522/1638/3519 3510/1626/3507 3521/1640/3520
f 3521/1640/3520 3523/1639/3521 3522/1638/3519
f 3498/1614/3496 3492/1611/3492 3493/1612/3491
f 3493/1612/3491 3511/1627/3509 3498/1614/3496
f 3522/1638/3519 3523/1639/3521 3524/1642/3522
f 3524/1642/3522 3525/1641/3523 3522/1638/3519
f 3526/1643/3524 3495/1610/3493 3492/1611/3492
f 3492/1611/3492 3496/1615/3495 3526/1643/3524
f 3463/1581/3461 3528/1645/3525 3527/1644/3526
f 3527/1644/3526 3467/1582/3463 3463/1581/3461
f 3529/1646/3527 3482/1601/3482 3483/1602/3481
f 3483/1602/3481 3530/1647/3528 3529/1646/3527
f 3531/1648/3529 3466/1585/3464 3467/1582/3463
f 3467/1582/3463 3527/1644/3526 3531/1648/3529
f 3533/1649/3530 3532/1651/3531 3489/1604/3487
f 3489/1604/3487 3534/1650/3532 3533/1649/3530
f 3533/1649/3530 3535/1652/3533 3532/1651/3531
f 3486/1605/3486 3537/1655/3534 3536/1654/3535
f 3536/1654/3535 3538/1653/3536 3486/1605/3486
f 3537/1655/3534 3465/1584/3465 3466/1585/3464
f 3466/1585/3464 3536/1654/3535 3537/1655/3534
f 3531/1648/3529 3536/1654/3535 3466/1585/3464
f 3540/1656/3537 3539/1657/3538 3529/1646/3527
f 3529/1646/3527 3530/1647/3528 3540/1656/3537
f 3536/1654/3535 3531/1648/3529 3541/1658/3539
f 3541/1658/3539 3538/1653/3536 3536/1654/3535
f 3413/1532/3411 3414/1529/3410 3542/1660/3540
f 3542/1660/3540 3543/1659/3541 3413/1532/3411
f 3414/1529/3410 3545/1662/3542 3544/1661/3543
f 3544/1661/3543 3542/1660/3540 3414/1529/3410
f 3548/1663/3544 3547/1666/3545 3546/1665/3546
f 3546/1665/3546 3549/1664/3547 3548/1663/3544
f 3399/1518/3397 3416/1533/3414 3398/1517/3398
f 3550/1667/3548 3410/1525/3406 3399/1518/3397
f 3399/1518/3397 3400/1515/3396 3550/1667/3548
f 3551/1668/3549 3542/1660/3540 3544/1661/3543
f 3404/1519/3400 3405/1520/3403 3552/1669/3550
f 3552/1669/3550 3445/1563/3443 3404/1519/3400
f 3405/1520/3403 3406/1523/3404 3553/1670/3551
f 3553/1670/3551 3552/1669/3550 3405/1520/3403
f 3556/1671/3552 3555/1674/3553 3554/1673/3554
f 3554/1673/3554 3557/1672/3555 3556/1671/3552
f 3553/1670/3551 3406/1523/3404 3543/1659/3541
f 3543/1659/3541 3558/1675/3556 3553/1670/3551
f 3551/1668/3549 3558/1675/3556 3543/1659/3541
f 3543/1659/3541 3542/1660/3540 3551/1668/3549
f 3561/1676/3557 3560/1679/3558 3559/1678/3559
f 3559/1678/3559 3562/1677/3560 3561/1676/3557
f 3562/1677/3560 3564/1681/3561 3563/1680/3562
f 3563/1680/3562 3561/1676/3557 3562/1677/3560
f 3564/1681/3561 3566/1683/3563 3565/1682/3564
f 3565/1682/3564 3563/1680/3562 3564/1681/3561
f 3569/1684/3565 3568/1686/3566 3567/1685/3567
f 3571/1687/3568 3570/1688/3569 3444/1561/3442
f 3444/1561/3442 3446/1562/3444 3571/1687/3568
f 3571/1687/3568 3572/1689/3570 3570/1688/3569
f 3575/1690/3571 3574/1693/3572 3573/1692/3573
f 3573/1692/3573 3576/1691/3574 3575/1690/3571
f 3398/1517/3398 3572/1689/3570 3577/1694/3575
f 3577/1694/3575 3401/1516/3399 3398/1517/3398
f 3415/1530/3413 3578/1695/3576 3545/1662/3542
f 3545/1662/3542 3414/1529/3410 3415/1530/3413
f 3579/1696/3577 3560/1679/3558 3561/1676/3557
f 3561/1676/3557 3580/1697/3578 3579/1696/3577
f 3580/1697/3578 3561/1676/3557 3563/1680/3562
f 3563/1680/3562 3547/1666/3545 3580/1697/3578
f 3563/1680/3562 3565/1682/3564 3546/1665/3546
f 3546/1665/3546 3547/1666/3545 3563/1680/3562
f 3581/1698/3579 3574/1693/3572 3575/1690/3571
f 3575/1690/3571 3582/1699/3580 3581/1698/3579
f 3401/1516/3399 3584/1701/3581 3583/1700/3582
f 3583/1700/3582 3400/1515/3396 3401/1516/3399
f 3400/1515/3396 3583/1700/3582 3550/1667/3548
f 3585/1702/3583 3584/1701/3581 3401/1516/3399
f 3401/1516/3399 3577/1694/3575 3585/1702/3583
f 3576/1691/3574 3573/1692/3573 3569/1684/3565
f 3569/1684/3565 3567/1685/3567 3576/1691/3574
f 3478/1593/3474 3586/1703/3584 3481/1596/3477
f 3481/1596/3477 3477/1595/3475 3478/1593/3474
f 3418/1534/3416 3444/1561/3442 3570/1688/3569
f 3570/1688/3569 3416/1533/3414 3418/1534/3416
f 3418/1534/3416 3416/1533/3414 3411/1526/3409
f 3411/1526/3409 3408/1527/3408 3418/1534/3416
f 3588/1704/3585 3520/1637/3518 3587/1705/3586
f 3589/1706/3587 3533/1649/3530 3534/1650/3532
f 3555/1674/3553 3556/1671/3552 3590/1708/3588
f 3590/1708/3588 3591/1707/3589 3555/1674/3553
f 3592/1709/3590 3576/1691/3574 3567/1685/3567
f 3567/1685/3567 3593/1710/3591 3592/1709/3590
f 3594/1711/3592 3575/1690/3571 3576/1691/3574
f 3576/1691/3574 3592/1709/3590 3594/1711/3592
f 3597/1712/3593 3596/1715/3594 3595/1714/3595
f 3595/1714/3595 3598/1713/3596 3597/1712/3593
f 3599/1716/3597 3582/1699/3580 3575/1690/3571
f 3575/1690/3571 3594/1711/3592 3599/1716/3597
f 3598/1713/3596 3601/1719/3598 3600/1718/3599
f 3600/1718/3599 3602/1717/3600 3598/1713/3596
f 3603/1720/3601 3601/1719/3598 3598/1713/3596
f 3598/1713/3596 3595/1714/3595 3603/1720/3601
f 3605/1721/3602 3604/1723/3603 3588/1704/3585
f 3588/1704/3585 3606/1722/3604 3605/1721/3602
f 3604/1723/3603 3605/1721/3602 3440/1559/3440
f 3440/1559/3440 3607/1724/3605 3604/1723/3603
f 3441/1560/3439 3608/1725/3606 3607/1724/3605
f 3607/1724/3605 3440/1559/3440 3441/1560/3439
f 3609/1726/3607 3512/1629/3510 3435/1550/3431
f 3604/1723/3603 3457/1575/3456 3520/1637/3518
f 3520/1637/3518 3588/1704/3585 3604/1723/3603
f 3608/1725/3606 3425/1544/3425 3426/1545/3424
f 3426/1545/3424 3607/1724/3605 3608/1725/3606
f 3436/1554/3435 3609/1726/3607 3435/1550/3431
f 3457/1575/3456 3604/1723/3603 3607/1724/3605
f 3607/1724/3605 3426/1545/3424 3457/1575/3456
f 3602/1717/3600 3611/1729/3608 3610/1728/3609
f 3610/1728/3609 3612/1727/3610 3602/1717/3600
f 3613/1730/3611 3610/1728/3609 3611/1729/3608
f 3611/1729/3608 3432/1547/3430 3613/1730/3611
f 3467/1582/3463 3468/1583/3466 3462/1580/3462
f 3462/1580/3462 3463/1581/3461 3467/1582/3463
f 3616/1731/3612 3615/1734/3613 3614/1733/3614
f 3614/1733/3614 3617/1732/3615 3616/1731/3612
f 3434/1552/3432 3435/1550/3431 3453/1570/3451
f 3460/1577/3458 3421/1540/3421 3422/1541/3420
f 3422/1541/3420 3454/1572/3454 3460/1577/3458
f 3500/1619/3498 3501/1616/3497 3618/1736/3616
f 3618/1736/3616 3619/1735/3617 3500/1619/3498
f 3501/1616/3497 3449/1564/3445 3513/1631/3512
f 3513/1631/3512 3618/1736/3616 3501/1616/3497
f 2921/1737/2919 2922/1738/2920 3560/1679/3558
f 3560/1679/3558 3579/1696/3577 2921/1737/2919
f 2923/1739/2921 2924/1740/2922 3494/1609/3490
f 3494/1609/3490 3495/1610/3493 2923/1739/2921
f 2927/1741/2923 3621/1744/3618 3620/1743/3619
f 3620/1743/3619 2926/1742/2924 2927/1741/2923
f 3587/1705/3586 2931/1747/2929 2929/1746/2928
f 2929/1746/2928 3622/1745/3620 3587/1705/3586
f 3494/1609/3490 2924/1740/2922 2932/1748/2930
f 2932/1748/2930 3521/1640/3520 3494/1609/3490
f 3521/1640/3520 2932/1748/2930 2933/1749/2931
f 2933/1749/2931 3523/1639/3521 3521/1640/3520
f 2934/1750/2932 2935/1751/2933 3520/1637/3518
f 3520/1637/3518 3518/1636/3517 2934/1750/2932
f 3523/1639/3521 2933/1749/2931 2936/1752/2934
f 2936/1752/2934 3524/1642/3522 3523/1639/3521
f 2937/1753/2935 3535/1652/3533 3533/1649/3530
f 3533/1649/3530 3589/1706/3587 2937/1753/2935
f 3560/1679/3558 2922/1738/2920 2938/1755/2937
f 2938/1755/2937 3623/1754/3621 3560/1679/3558
f 2940/1756/2938 3624/1757/3622 3621/1744/3618
f 3621/1744/3618 2927/1741/2923 2940/1756/2938
f 3623/1754/3621 2938/1755/2937 2942/1758/2940
f 2942/1758/2940 3556/1671/3552 3623/1754/3621
f 3556/1671/3552 2942/1758/2940 2943/1759/2941
f 2943/1759/2941 3590/1708/3588 3556/1671/3552
f 3603/1720/3601 2945/1761/2943 2944/1760/2942
f 2944/1760/2942 3601/1719/3598 3603/1720/3601
f 2946/1762/2944 2934/1750/2932 3518/1636/3517
f 3518/1636/3517 3519/1635/3516 2946/1762/2944
f 3500/1619/3498 3424/1539/3422 3451/1569/3450
f 3451/1569/3450 3499/1618/3499 3500/1619/3498
f 3451/1569/3450 3625/1763/3623 3517/1634/3515
f 3517/1634/3515 3499/1618/3499 3451/1569/3450
f 3606/1722/3604 3588/1704/3585 3587/1705/3586
f 3587/1705/3586 3626/1764/3624 3606/1722/3604
f 3619/1735/3617 3423/1538/3419 3424/1539/3422
f 3424/1539/3422 3500/1619/3498 3619/1735/3617
f 3524/1642/3522 2936/1752/2934 2946/1762/2944
f 2946/1762/2944 3519/1635/3516 3524/1642/3522
f 3587/1705/3586 3520/1637/3518 2935/1751/2933
f 2935/1751/2933 2931/1747/2929 3587/1705/3586
f 3474/1592/3472 3628/1766/3625 3627/1765/3626
f 3627/1765/3626 3473/1591/3473 3474/1592/3472
f 2953/1767/2949 2954/1770/2952 3629/1769/3627
f 3629/1769/3627 3630/1768/3628 2953/1767/2949
f 3464/1579/3460 3429/1548/3429 3430/1549/3428
f 3430/1549/3428 3479/1597/3479 3464/1579/3460
f 3432/1547/3430 3611/1729/3608 3631/1771/3629
f 3631/1771/3629 3431/1546/3427 3432/1547/3430
f 3464/1579/3460 3479/1597/3479 3480/1598/3478
f 3631/1771/3629 3600/1718/3599 2956/1773/2955
f 2956/1773/2955 2957/1772/2954 3631/1771/3629
f 3477/1595/3475 3479/1597/3479 3430/1549/3428
f 3430/1549/3428 3476/1594/3476 3477/1595/3475
f 3634/1774/3630 3633/1776/3631 3632/1775/3632
f 3635/1777/3633 3431/1546/3427 3631/1771/3629
f 3631/1771/3629 3636/1778/3634 3635/1777/3633
f 3633/1776/3631 3638/1781/3635 3637/1780/3636
f 3637/1780/3636 3639/1779/3637 3633/1776/3631
f 3636/1778/3634 2957/1772/2954 2966/1782/2964
f 2966/1782/2964 3628/1766/3625 3636/1778/3634
f 3474/1592/3472 3635/1777/3633 3636/1778/3634
f 3636/1778/3634 3628/1766/3625 3474/1592/3472
f 3475/1590/3471 3471/1586/3467 3472/1587/3470
f 3472/1587/3470 3478/1593/3474 3475/1590/3471
f 3641/1783/3638 3640/1785/3639 3586/1703/3584
f 3586/1703/3584 3642/1784/3640 3641/1783/3638
f 3478/1593/3474 3472/1587/3470 3642/1784/3640
f 3642/1784/3640 3586/1703/3584 3478/1593/3474
f 3627/1765/3626 3628/1766/3625 3643/1786/3641
f 3643/1786/3641 3630/1768/3628 3627/1765/3626
f 3488/1603/3484 3489/1604/3487 3532/1651/3531
f 3532/1651/3531 3508/1625/3506 3488/1603/3484
f 3644/1787/3642 3470/1589/3468 3471/1586/3467
f 3471/1586/3467 3473/1591/3473 3644/1787/3642
f 3509/1628/3508 3537/1655/3534 3486/1605/3486
f 3486/1605/3486 3487/1606/3485 3509/1628/3508
f 3462/1580/3462 3468/1583/3466 3490/1607/3488
f 3490/1607/3488 3613/1730/3611 3462/1580/3462
f 3535/1652/3533 3645/1788/3643 3508/1625/3506
f 3508/1625/3506 3532/1651/3531 3535/1652/3533
f 3465/1584/3465 3537/1655/3534 3509/1628/3508
f 3509/1628/3508 3491/1608/3489 3465/1584/3465
f 3432/1547/3430 3429/1548/3429 3462/1580/3462
f 3462/1580/3462 3613/1730/3611 3432/1547/3430
f 2954/1770/2952 2974/1790/2972 3646/1789/3644
f 3646/1789/3644 3629/1769/3627 2954/1770/2952
f 3476/1594/3476 3430/1549/3428 3431/1546/3427
f 3431/1546/3427 3635/1777/3633 3476/1594/3476
f 3475/1590/3471 3476/1594/3476 3635/1777/3633
f 3635/1777/3633 3474/1592/3472 3475/1590/3471
f 3473/1591/3473 3627/1765/3626 3630/1768/3628
f 3630/1768/3628 3629/1769/3627 3473/1591/3473
f 3644/1787/3642 3473/1591/3473 3629/1769/3627
f 3629/1769/3627 3646/1789/3644 3644/1787/3642
f 3488/1603/3484 3498/1614/3496 3511/1627/3509
f 3511/1627/3509 3487/1606/3485 3488/1603/3484
f 2975/1791/2973 2923/1739/2921 3495/1610/3493
f 3495/1610/3493 3526/1643/3524 2975/1791/2973
f 3534/1650/3532 3489/1604/3487 3486/1605/3486
f 3486/1605/3486 3538/1653/3536 3534/1650/3532
f 3642/1784/3640 3647/1792/3645 3641/1783/3638
f 3647/1792/3645 3642/1784/3640 3472/1587/3470
f 3472/1587/3470 3469/1588/3469 3647/1792/3645
f 3541/1658/3539 3589/1706/3587 3534/1650/3532
f 3534/1650/3532 3538/1653/3536 3541/1658/3539
f 3470/1589/3468 3644/1787/3642 3646/1789/3644
f 3646/1789/3644 3620/1743/3619 3470/1589/3468
f 3622/1745/3620 3648/1793/3646 3626/1764/3624
f 3626/1764/3624 3587/1705/3586 3622/1745/3620
f 3602/1717/3600 3649/1794/3647 3597/1712/3593
f 3597/1712/3593 3598/1713/3596 3602/1717/3600
f 3601/1719/3598 2944/1760/2942 2956/1773/2955
f 2956/1773/2955 3600/1718/3599 3601/1719/3598
f 3614/1733/3614 3596/1715/3594 3597/1712/3593
f 3597/1712/3593 3617/1732/3615 3614/1733/3614
f 3514/1630/3511 3450/1565/3448 3612/1727/3610
f 3612/1727/3610 3610/1728/3609 3514/1630/3511
f 3610/1728/3609 3613/1730/3611 3514/1630/3511
f 3509/1628/3508 3510/1626/3507 3522/1638/3519
f 3522/1638/3519 3491/1608/3489 3509/1628/3508
f 3491/1608/3489 3522/1638/3519 3525/1641/3523
f 3525/1641/3523 3490/1607/3488 3491/1608/3489
f 3490/1607/3488 3525/1641/3523 3650/1795/3648
f 3650/1795/3648 3513/1631/3512 3490/1607/3488
f 3648/1793/3646 3622/1745/3620 3579/1696/3577
f 3579/1696/3577 3580/1697/3578 3648/1793/3646
f 3622/1745/3620 2929/1746/2928 2921/1737/2919
f 2921/1737/2919 3579/1696/3577 3622/1745/3620
f 3459/1576/3457 3442/1557/3438 3443/1558/3441
f 3443/1558/3441 3452/1568/3449 3459/1576/3457
f 3625/1763/3623 3451/1569/3450 3452/1568/3449
f 3452/1568/3449 3443/1558/3441 3625/1763/3623
f 3651/1796/3649 3582/1699/3580 3599/1716/3597
f 3582/1699/3580 3546/1665/3546 3565/1682/3564
f 3565/1682/3564 3581/1698/3579 3582/1699/3580
f 3602/1717/3600 3600/1718/3599 3631/1771/3629
f 3631/1771/3629 3611/1729/3608 3602/1717/3600
f 3560/1679/3558 3623/1754/3621 3652/1797/3650
f 3652/1797/3650 3559/1678/3559 3560/1679/3558
f 3652/1797/3650 3623/1754/3621 3556/1671/3552
f 3556/1671/3552 3557/1672/3555 3652/1797/3650
f 3419/1536/3418 3653/1798/3651 3415/1530/3413
f 3415/1530/3413 3412/1531/3412 3419/1536/3418
f 3412/1531/3412 3413/1532/3411 3407/1524/3405
f 3407/1524/3405 3419/1536/3418 3412/1531/3412
f 3413/1532/3411 3543/1659/3541 3406/1523/3404
f 3406/1523/3404 3407/1524/3405 3413/1532/3411
f 3625/1763/3623 3605/1721/3602 3606/1722/3604
f 3606/1722/3604 3517/1634/3515 3625/1763/3623
f 3516/1633/3514 3626/1764/3624 3648/1793/3646
f 3605/1721/3602 3625/1763/3623 3443/1558/3441
f 3443/1558/3441 3440/1559/3440 3605/1721/3602
f 3580/1697/3578 3547/1666/3545 3516/1633/3514
f 3516/1633/3514 3648/1793/3646 3580/1697/3578
f 3510/1626/3507 3511/1627/3509 3493/1612/3491
f 3505/1623/3505 3655/1800/3652 3654/1799/3653
f 2975/1791/2973 3526/1643/3524 3656/1802/3654
f 3656/1802/3654 2986/1801/2983 2975/1791/2973
f 3657/1803/3655 3448/1567/3446 3502/1617/3500
f 3502/1617/3500 3548/1663/3544 3657/1803/3655
f 3547/1666/3545 3548/1663/3544 3502/1617/3500
f 3502/1617/3500 3516/1633/3514 3547/1666/3545
f 3549/1664/3547 3546/1665/3546 3582/1699/3580
f 3582/1699/3580 3651/1796/3649 3549/1664/3547
f 3657/1803/3655 3616/1731/3612 3617/1732/3615
f 3617/1732/3615 3658/1804/3656 3657/1803/3655
f 3615/1734/3613 3616/1731/3612 3549/1664/3547
f 3549/1664/3547 3651/1796/3649 3615/1734/3613
f 2989/1805/2987 2986/1801/2983 3656/1802/3654
f 3656/1802/3654 3497/1613/3494 2989/1805/2987
f 3506/1624/3504 3655/1800/3652 3505/1623/3505
f 2989/1805/2987 3497/1613/3494 3508/1625/3506
f 3508/1625/3506 3645/1788/3643 2989/1805/2987
f 3632/1775/3632 3484/1599/3480 3485/1600/3483
f 3485/1600/3483 3634/1774/3630 3632/1775/3632
f 3528/1645/3525 3463/1581/3461 3464/1579/3460
f 3464/1579/3460 3480/1598/3478 3528/1645/3525
f 3639/1779/3637 3659/1806/3657 3632/1775/3632
f 3632/1775/3632 3633/1776/3631 3639/1779/3637
f 3504/1621/3501 3650/1795/3648 3660/1807/3658
f 3660/1807/3658 3503/1620/3502 3504/1621/3501
f 3503/1620/3502 3660/1807/3658 3515/1632/3513
f 3515/1632/3513 3461/1578/3459 3503/1620/3502
f 3524/1642/3522 3519/1635/3516 3515/1632/3513
f 3515/1632/3513 3660/1807/3658 3524/1642/3522
f 3660/1807/3658 3650/1795/3648 3525/1641/3523
f 3525/1641/3523 3524/1642/3522 3660/1807/3658
f 3490/1607/3488 3513/1631/3512 3514/1630/3511
f 3514/1630/3511 3613/1730/3611 3490/1607/3488
f 3423/1538/3419 3619/1735/3617 3650/1795/3648
f 3650/1795/3648 3504/1621/3501 3423/1538/3419
f 3513/1631/3512 3650/1795/3648 3619/1735/3617
f 3619/1735/3617 3618/1736/3616 3513/1631/3512
f 3643/1786/3641 3628/1766/3625 2966/1782/2964
f 2966/1782/2964 2992/1808/2990 3643/1786/3641
f 3630/1768/3628 3643/1786/3641 2992/1808/2990
f 2992/1808/2990 2953/1767/2949 3630/1768/3628
f 3620/1743/3619 3646/1789/3644 2974/1790/2972
f 2974/1790/2972 2926/1742/2924 3620/1743/3619
f 3641/1783/3638 3647/1792/3645 3624/1757/3622
f 3469/1588/3469 3621/1744/3618 3624/1757/3622
f 3624/1757/3622 3647/1792/3645 3469/1588/3469
f 3620/1743/3619 3621/1744/3618 3469/1588/3469
f 3469/1588/3469 3470/1589/3468 3620/1743/3619
f 3636/1778/3634 3631/1771/3629 2957/1772/2954
f 2993/1809/2991 2994/1810/2992 3640/1785/3639
f 3640/1785/3639 3641/1783/3638 2993/1809/2991
f 3641/1783/3638 3624/1757/3622 2940/1756/2938
f 2940/1756/2938 2993/1809/2991 3641/1783/3638
f 3632/1775/3632 3659/1806/3657 3661/1811/3659
f 3661/1811/3659 3484/1599/3480 3632/1775/3632
f 3662/1812/3660 3661/1811/3659 3659/1806/3657
f 3484/1599/3480 3661/1811/3659 3663/1813/3661
f 3663/1813/3661 3483/1602/3481 3484/1599/3480
f 3661/1811/3659 3662/1812/3660 3664/1814/3662
f 3664/1814/3662 3663/1813/3661 3661/1811/3659
f 3428/1543/3426 3461/1578/3459 3427/1542/3423
f 3517/1634/3515 3606/1722/3604 3626/1764/3624
f 3626/1764/3624 3516/1633/3514 3517/1634/3515
f 3398/1517/3398 3416/1533/3414 3570/1688/3569
f 3570/1688/3569 3572/1689/3570 3398/1517/3398
f 3447/1566/3447 3448/1567/3446 3657/1803/3655
f 3657/1803/3655 3658/1804/3656 3447/1566/3447
f 3658/1804/3656 3649/1794/3647 3447/1566/3447
f 3447/1566/3447 3649/1794/3647 3612/1727/3610
f 3612/1727/3610 3450/1565/3448 3447/1566/3447
f 3649/1794/3647 3602/1717/3600 3612/1727/3610
f 3549/1664/3547 3616/1731/3612 3657/1803/3655
f 3658/1804/3656 3617/1732/3615 3597/1712/3593
f 3597/1712/3593 3649/1794/3647 3658/1804/3656
f 3549/1664/3547 3657/1803/3655 3548/1663/3544
f 3667/1815/3663 3666/1817/3664 3665/1816/3665
f 3668/1818/3666 3005/1821/3003 3002/1820/3002
f 3002/1820/3002 3669/1819/3667 3668/1818/3666
f 3672/1822/3668 3671/1825/3669 3670/1824/3670
f 3670/1824/3670 3673/1823/3671 3672/1822/3668
f 3665/1816/3665 3675/1827/3672 3674/1826/3673
f 3674/1826/3673 3667/1815/3663 3665/1816/3665
f 3014/1828/3010 3677/1831/3674 3676/1830/3675
f 3676/1830/3675 3013/1829/3011 3014/1828/3010
f 3678/1832/3676 3674/1826/3673 3669/1819/3667
f 3669/1819/3667 3679/1833/3677 3678/1832/3676
f 3682/1834/3678 3681/1836/3679 3680/1835/3680
f 3680/1835/3680 3677/1831/3674 3682/1834/3678
f 3681/1836/3679 3672/1822/3668 3673/1823/3671
f 3673/1823/3671 3680/1835/3680 3681/1836/3679
f 3671/1825/3669 3665/1816/3665 3666/1817/3664
f 3666/1817/3664 3670/1824/3670 3671/1825/3669
f 3666/1817/3664 3667/1815/3663 3683/1838/3681
f 3683/1838/3681 3684/1837/3682 3666/1817/3664
f 3023/1839/3021 3679/1833/3677 3669/1819/3667
f 3669/1819/3667 3002/1820/3002 3023/1839/3021
f 3686/1840/3683 3685/1841/3684 3673/1823/3671
f 3673/1823/3671 3670/1824/3670 3686/1840/3683
f 3683/1838/3681 3667/1815/3663 3674/1826/3673
f 3674/1826/3673 3678/1832/3676 3683/1838/3681
f 3677/1831/3674 3014/1828/3010 3026/1842/3024
f 3026/1842/3024 3682/1834/3678 3677/1831/3674
f 3669/1819/3667 3674/1826/3673 3675/1827/3672
f 3675/1827/3672 3668/1818/3666 3669/1819/3667
f 3687/1843/3685 3676/1830/3675 3677/1831/3674
f 3677/1831/3674 3680/1835/3680 3687/1843/3685
f 3685/1841/3684 3687/1843/3685 3680/1835/3680
f 3680/1835/3680 3673/1823/3671 3685/1841/3684
f 3670/1824/3670 3688/1844/3686 3686/1840/3683
f 3013/1829/3011 3676/1830/3675 3689/1846/3687
f 3689/1846/3687 3030/1845/3027 3013/1829/3011
f 3678/1832/3676 3679/1833/3677 3690/1848/3688
f 3690/1848/3688 3691/1847/3689 3678/1832/3676
f 3684/1837/3682 3683/1838/3681 3692/1850/3690
f 3692/1850/3690 3693/1849/3691 3684/1837/3682
f 3679/1833/3677 3023/1839/3021 3035/1851/3033
f 3035/1851/3033 3690/1848/3688 3679/1833/3677
f 3685/1841/3684 3686/1840/3683 3694/1853/3692
f 3694/1853/3692 3695/1852/3693 3685/1841/3684
f 3683/1838/3681 3678/1832/3676 3691/1847/3689
f 3691/1847/3689 3692/1850/3690 3683/1838/3681
f 3676/1830/3675 3687/1843/3685 3696/1854/3694
f 3696/1854/3694 3689/1846/3687 3676/1830/3675
f 3687/1843/3685 3685/1841/3684 3695/1852/3693
f 3695/1852/3693 3696/1854/3694 3687/1843/3685
f 3694/1853/3692 3686/1840/3683 3688/1844/3686
f 3688/1844/3686 3697/1855/3695 3694/1853/3692
f 3672/1822/3668 3681/1836/3679 3698/1857/3696
f 3698/1857/3696 3699/1856/3697 3672/1822/3668
f 3681/1836/3679 3682/1834/3678 3700/1858/3698
f 3700/1858/3698 3698/1857/3696 3681/1836/3679
f 3682/1834/3678 3026/1842/3024 3043/1859/3041
f 3043/1859/3041 3700/1858/3698 3682/1834/3678
f 3675/1827/3672 3665/1816/3665 3701/1861/3699
f 3701/1861/3699 3702/1860/3700 3675/1827/3672
f 3668/1818/3666 3675/1827/3672 3702/1860/3700
f 3702/1860/3700 3703/1862/3701 3668/1818/3666
f 3671/1825/3669 3672/1822/3668 3699/1856/3697
f 3699/1856/3697 3704/1863/3702 3671/1825/3669
f 3665/1816/3665 3671/1825/3669 3704/1863/3702
f 3704/1863/3702 3701/1861/3699 3665/1816/3665
f 3005/1821/3003 3668/1818/3666 3703/1862/3701
f 3703/1862/3701 3048/1864/3046 3005/1821/3003
f 3051/1865/3047 3052/1868/3050 3705/1867/3703
f 3705/1867/3703 3706/1866/3704 3051/1865/3047
f 3706/1866/3704 3707/1870/3705 3053/1869/3051
f 3053/1869/3051 3051/1865/3047 3706/1866/3704
f 3710/1871/3706 3709/1874/3707 3708/1873/3708
f 3708/1873/3708 3711/1872/3709 3710/1871/3706
f 3713/1875/3710 3712/1876/3711 3709/1874/3707
f 3709/1874/3707 3710/1871/3706 3713/1875/3710
f 3711/1872/3709 3708/1873/3708 3707/1870/3705
f 3707/1870/3705 3706/1866/3704 3711/1872/3709
f 3711/1872/3709 3715/1878/3712 3714/1877/3713
f 3714/1877/3713 3710/1871/3706 3711/1872/3709
f 3710/1871/3706 3714/1877/3713 3716/1879/3714
f 3716/1879/3714 3713/1875/3710 3710/1871/3706
f 3706/1866/3704 3705/1867/3703 3715/1878/3712
f 3715/1878/3712 3711/1872/3709 3706/1866/3704
f 3717/1880/3715 3065/1881/3063 3053/1869/3051
f 3053/1869/3051 3707/1870/3705 3717/1880/3715
f 3709/1874/3707 3712/1876/3711 3718/1883/3716
f 3718/1883/3716 3719/1882/3717 3709/1874/3707
f 3720/1884/3718 3717/1880/3715 3707/1870/3705
f 3707/1870/3705 3708/1873/3708 3720/1884/3718
f 3708/1873/3708 3709/1874/3707 3719/1882/3717
f 3719/1882/3717 3720/1884/3718 3708/1873/3708
f 3697/1855/3695 3688/1844/3686 3684/1837/3682
f 3684/1837/3682 3693/1849/3691 3697/1855/3695
f 3666/1817/3664 3684/1837/3682 3688/1844/3686
f 3688/1844/3686 3670/1824/3670 3666/1817/3664
f 3521/1640/3520 3510/1626/3507 3493/1612/3491
f 3493/1612/3491 3494/1609/3490 3521/1640/3520
f 3505/1623/3505 3654/1799/3653 3507/1622/3503
f 3501/1616/3497 3502/1617/3500 3448/1567/3446
f 3448/1567/3446 3449/1564/3445 3501/1616/3497
f 3071/1885/3067 3072/1888/3070 3721/1887/3719
f 3721/1887/3719 3722/1886/3720 3071/1885/3067
f 3723/1889/3721 3722/1886/3720 3721/1887/3719
f 3721/1887/3719 3724/1890/3722 3723/1889/3721
f 3725/1891/3723 3723/1889/3721 3724/1890/3722
f 3724/1890/3722 3726/1892/3724 3725/1891/3723
f 3071/1885/3067 3722/1886/3720 3727/1894/3725
f 3727/1894/3725 3078/1893/3075 3071/1885/3067
f 3722/1886/3720 3723/1889/3721 3728/1895/3726
f 3728/1895/3726 3727/1894/3725 3722/1886/3720
f 3723/1889/3721 3725/1891/3723 3729/1896/3727
f 3729/1896/3727 3728/1895/3726 3723/1889/3721
f 3725/1891/3723 3726/1892/3724 3730/1898/3728
f 3730/1898/3728 3731/1897/3729 3725/1891/3723
f 3731/1897/3729 3732/1899/3730 3729/1896/3727
f 3729/1896/3727 3725/1891/3723 3731/1897/3729
f 3323/1422/3323 3329/1430/3328 3326/1421/3324
f 3326/1421/3324 3329/1430/3328 3733/1900/3731
f 3733/1900/3731 3336/1437/3334 3326/1421/3324
f 3733/1900/3731 3329/1430/3328 3330/1428/3327
f 3330/1428/3327 3734/1901/3732 3733/1900/3731
f 3737/1902/3733 3736/1903/3734 3735/1904/3735
f 3735/1904/3735 3738/1905/3736 3737/1902/3733
f 3740/1906/3737 3739/1907/3738 3736/1903/3734
f 3736/1903/3734 3737/1902/3733 3740/1906/3737
f 3742/1908/3739 3741/1909/3740 3739/1907/3738
f 3739/1907/3738 3740/1906/3737 3742/1908/3739
f 3744/1910/3741 3743/1911/3742 3741/1909/3740
f 3741/1909/3740 3742/1908/3739 3744/1910/3741
f 3745/1912/3743 3737/1902/3733 3738/1905/3736
f 3738/1905/3736 3746/1913/3744 3745/1912/3743
f 3747/1914/3745 3740/1906/3737 3737/1902/3733
f 3737/1902/3733 3745/1912/3743 3747/1914/3745
f 3748/1915/3746 3742/1908/3739 3740/1906/3737
f 3740/1906/3737 3747/1914/3745 3748/1915/3746
f 3749/1916/3747 3744/1910/3741 3742/1908/3739
f 3742/1908/3739 3748/1915/3746 3749/1916/3747
f 3750/1917/3748 3745/1912/3743 3746/1913/3744
f 3746/1913/3744 3751/1918/3749 3750/1917/3748
f 3752/1919/3750 3747/1914/3745 3745/1912/3743
f 3745/1912/3743 3750/1917/3748 3752/1919/3750
f 3753/1920/3751 3748/1915/3746 3747/1914/3745
f 3747/1914/3745 3752/1919/3750 3753/1920/3751
f 3754/1921/3752 3749/1916/3747 3748/1915/3746
f 3748/1915/3746 3753/1920/3751 3754/1921/3752
f 3755/1922/3753 3750/1917/3748 3751/1918/3749
f 3751/1918/3749 3756/1923/3754 3755/1922/3753
f 3757/1924/3755 3752/1919/3750 3750/1917/3748
f 3750/1917/3748 3755/1922/3753 3757/1924/3755
f 3758/1925/3756 3753/1920/3751 3752/1919/3750
f 3752/1919/3750 3757/1924/3755 3758/1925/3756
f 3759/1926/3757 3754/1921/3752 3753/1920/3751
f 3753/1920/3751 3758/1925/3756 3759/1926/3757
f 3762/1902/3758 3761/1905/3759 3760/1904/3760
f 3760/1904/3760 3763/1903/3761 3762/1902/3758
f 3764/1906/3762 3762/1902/3758 3763/1903/3761
f 3763/1903/3761 3765/1907/3763 3764/1906/3762
f 3766/1908/3764 3764/1906/3762 3765/1907/3763
f 3765/1907/3763 3767/1909/3765 3766/1908/3764
f 3768/1910/3766 3766/1908/3764 3767/1909/3765
f 3767/1909/3765 3769/1911/3767 3768/1910/3766
f 3771/1912/3768 3770/1913/3769 3761/1905/3759
f 3761/1905/3759 3762/1902/3758 3771/1912/3768
f 3772/1914/3770 3771/1912/3768 3762/1902/3758
f 3762/1902/3758 3764/1906/3762 3772/1914/3770
f 3773/1915/3771 3772/1914/3770 3764/1906/3762
f 3764/1906/3762 3766/1908/3764 3773/1915/3771
f 3774/1916/3772 3773/1915/3771 3766/1908/3764
f 3766/1908/3764 3768/1910/3766 3774/1916/3772
f 3776/1917/3773 3775/1918/3774 3770/1913/3769
f 3770/1913/3769 3771/1912/3768 3776/1917/3773
f 3777/1919/3775 3776/1917/3773 3771/1912/3768
f 3771/1912/3768 3772/1914/3770 3777/1919/3775
f 3778/1920/3776 3777/1919/3775 3772/1914/3770
f 3772/1914/3770 3773/1915/3771 3778/1920/3776
f 3779/1921/3777 3778/1920/3776 3773/1915/3771
f 3773/1915/3771 3774/1916/3772 3779/1921/3777
f 3781/1922/3778 3780/1923/3779 3775/1918/3774
f 3775/1918/3774 3776/1917/3773 3781/1922/3778
f 3782/1924/3780 3781/1922/3778 3776/1917/3773
f 3776/1917/3773 3777/1919/3775 3782/1924/3780
f 3783/1925/3781 3782/1924/3780 3777/1919/3775
f 3777/1919/3775 3778/1920/3776 3783/1925/3781
f 3784/1926/3782 3783/1925/3781 3778/1920/3776
f 3778/1920/3776 3779/1921/3777 3784/1926/3782
