# Blender 5.1.2
# www.blender.org
o U3DMesh
v -0.187905 0.020590 -0.593951
v -0.187003 0.021105 -0.619269
v -0.187660 0.040586 -0.627101
v -0.188577 0.041421 -0.587474
v -0.177548 0.010635 -0.648011
v -0.176445 0.021636 -0.656078
v -0.165366 -0.015979 -0.662789
v -0.164690 -0.014664 -0.665021
v -0.167632 0.050514 -0.626936
v -0.176531 0.048901 -0.584005
v -0.163014 0.027102 -0.656940
v -0.159531 0.014802 -0.644940
v -0.165366 -0.015979 -0.662789
v -0.177548 0.010635 -0.648011
v -0.187003 0.021105 -0.619269
v -0.162918 0.026508 -0.614652
v -0.168205 0.022010 -0.590701
v -0.187905 0.020590 -0.593951
v -0.165789 0.040423 -0.584248
v -0.156141 0.041300 -0.619808
v -0.154955 0.022829 -0.650612
v -0.147032 0.019676 -0.548200
v -0.139188 0.017269 -0.570537
v -0.139217 0.034228 -0.578270
v -0.147628 0.038093 -0.546711
v -0.125782 0.008084 -0.593021
v -0.124550 0.016425 -0.599353
v -0.115869 -0.013019 -0.606950
v -0.115037 -0.011770 -0.609203
v -0.125034 0.043625 -0.576824
v -0.137749 0.045273 -0.540190
v -0.117695 0.020519 -0.599166
v -0.113885 0.011523 -0.589676
v -0.115869 -0.013019 -0.606950
v -0.125782 0.008084 -0.593021
v -0.139188 0.017269 -0.570537
v -0.119880 0.021315 -0.564171
v -0.147032 0.019676 -0.548200
v -0.129230 0.022587 -0.538738
v -0.128748 0.036878 -0.535565
v -0.115603 0.036994 -0.569470
v -0.112553 0.018111 -0.594495
v -0.239336 0.020430 -0.600679
v -0.241713 0.017393 -0.626597
v -0.243477 0.036947 -0.634533
v -0.240394 0.039960 -0.597072
v -0.238434 0.007228 -0.656111
v -0.237872 0.017451 -0.662118
v -0.231735 -0.017929 -0.675093
v -0.231572 -0.016136 -0.677704
v -0.226112 0.045005 -0.637852
v -0.227866 0.047267 -0.595667
v -0.228757 0.021460 -0.665447
v -0.223985 0.007136 -0.655922
v -0.231735 -0.017929 -0.675093
v -0.238434 0.007228 -0.656111
v -0.241713 0.017393 -0.626597
v -0.219082 0.017570 -0.626873
v -0.220404 0.021115 -0.601631
v -0.239336 0.020430 -0.600679
v -0.217599 0.038694 -0.597660
v -0.216595 0.033573 -0.633184
v -0.222753 0.015969 -0.661521
v -0.298554 0.011655 -0.574509
v -0.305090 0.009644 -0.600997
v -0.308255 0.025421 -0.607320
v -0.299754 0.028834 -0.572804
v -0.307853 -0.001878 -0.629010
v -0.309152 0.007021 -0.634398
v -0.304461 -0.027831 -0.647989
v -0.304971 -0.026138 -0.650354
v -0.296727 0.032358 -0.612337
v -0.291597 0.039689 -0.576656
v -0.301959 0.010405 -0.637647
v -0.295376 -0.001428 -0.631069
v -0.304461 -0.027831 -0.647989
v -0.307853 -0.001878 -0.629010
v -0.305090 0.009644 -0.600997
v -0.287952 0.010288 -0.604181
v -0.298554 0.011655 -0.574509
v -0.280827 0.012912 -0.579093
v -0.278654 0.030219 -0.577703
v -0.287369 0.024059 -0.610224
v -0.295763 0.006012 -0.635623
v -0.329742 0.004155 -0.527116
v -0.339344 0.001300 -0.552101
v -0.344850 0.015451 -0.557354
v -0.332717 0.018453 -0.527654
v -0.342311 -0.007937 -0.575375
v -0.344880 -0.000515 -0.580057
v -0.338611 -0.028627 -0.592881
v -0.339361 -0.027542 -0.594884
v -0.334314 0.023065 -0.563502
v -0.322871 0.025250 -0.532623
v -0.339129 0.002787 -0.583689
v -0.331537 -0.006275 -0.578997
v -0.338611 -0.028627 -0.592881
v -0.342311 -0.007937 -0.575375
v -0.339344 0.001300 -0.552101
v -0.324139 0.003769 -0.557630
v -0.315267 0.004424 -0.536235
v -0.329742 0.004155 -0.527116
v -0.314325 0.018299 -0.535781
v -0.324557 0.015384 -0.562804
v -0.333098 -0.000232 -0.582870
v -0.021947 0.866828 0.704438
v -0.021634 0.811911 0.731137
v -0.039930 0.813301 0.722024
v -0.061393 0.861542 0.694790
v 0.000722 0.365047 -0.385989
v 0.000636 0.360726 -0.420716
v -0.049665 0.368518 -0.434880
v -0.047984 0.352928 -0.380894
v -0.014952 0.434904 0.515135
v -0.045732 0.436644 0.524881
v -0.015319 0.465679 0.582816
v -0.223606 0.851766 0.185157
v -0.234541 0.872839 0.299437
v -0.282353 0.740975 0.270186
v -0.256200 0.724571 0.137935
v -0.120582 0.392767 -0.246137
v -0.154850 0.471920 -0.240394
v -0.195003 0.452398 -0.153499
v -0.099670 0.384113 -0.437804
v -0.104275 0.374149 -0.361365
v -0.171852 0.456834 -0.125926
v -0.228747 0.486424 -0.058445
v -0.122898 0.394311 -0.024949
v -0.113999 0.398225 -0.107739
v -0.122528 0.516522 -0.323381
v -0.125940 0.461919 -0.313655
v -0.154233 0.458476 -0.380221
v -0.105828 0.491060 -0.389906
v -0.288635 0.007889 -0.497525
v -0.302139 0.004664 -0.478096
v -0.304974 -0.018376 -0.462258
v -0.272144 -0.026148 -0.480208
v -0.144346 0.002294 -0.451873
v -0.145262 0.001345 -0.482317
v -0.159837 -0.003811 -0.496736
v -0.165843 -0.025746 -0.478857
v -0.239188 0.006564 -0.379859
v -0.194775 0.012011 -0.375657
v -0.181930 -0.019120 -0.423092
v -0.210566 -0.032191 -0.447647
v -0.135389 0.059776 -0.470704
v -0.164479 0.066135 -0.490227
v -0.165028 0.062359 -0.503100
v -0.155802 0.065739 -0.500198
v -0.190202 0.075020 -0.507590
v -0.203300 0.074598 -0.523709
v -0.205246 0.070171 -0.535126
v -0.186078 0.075354 -0.532442
v -0.235977 0.079298 -0.512692
v -0.246696 0.063287 -0.515035
v -0.244878 0.060753 -0.529076
v -0.233555 0.074594 -0.536466
v -0.287097 0.034308 -0.353680
v -0.291267 -0.013288 -0.398098
v -0.294659 0.054749 -0.492245
v -0.291911 0.037725 -0.501598
v -0.296161 0.057616 -0.514880
v -0.293799 0.057237 -0.501715
v -0.351807 0.091406 -0.371668
v -0.336641 0.049171 -0.424884
v -0.305210 0.070895 -0.441147
v -0.308334 0.076371 -0.421470
v -0.171935 0.014156 -0.379775
v -0.153681 -0.001647 -0.396166
v -0.332236 0.033352 -0.481659
v -0.330596 0.031564 -0.459759
v -0.321356 0.007767 -0.455737
v -0.315080 0.012047 -0.477238
v -0.177184 0.013519 -0.514477
v -0.195600 0.003407 -0.519928
v -0.202733 -0.026612 -0.491405
v -0.234913 -0.019724 -0.493958
v -0.250770 0.008711 -0.522077
v -0.271932 0.003324 -0.509245
v -0.315885 0.056511 -0.477933
v -0.334044 0.023237 -0.406972
v -0.150156 0.062308 -0.431700
v -0.211040 0.071372 -0.505545
v -0.211133 0.090856 -0.473726
v -0.293224 0.056642 -0.480225
v -0.277117 0.072323 -0.500851
v -0.263291 0.084602 -0.461203
v -0.311746 -0.032016 -0.503928
v -0.294387 0.001208 -0.513408
v -0.294387 0.001208 -0.513408
v -0.288635 0.007889 -0.497525
v -0.300148 0.030432 -0.518548
v -0.330531 0.048298 -0.515288
v -0.323276 0.051528 -0.497268
v -0.342991 0.028306 -0.500875
v -0.333041 -0.025753 -0.505077
v -0.168333 0.007833 -0.533611
v -0.145492 -0.016289 -0.513129
v -0.120624 0.005442 -0.505361
v -0.128327 0.064432 -0.514928
v -0.131840 0.061900 -0.495344
v -0.153343 0.064493 -0.508781
v -0.148708 0.066261 -0.525584
v -0.162074 0.045104 -0.534584
v -0.170890 0.050030 -0.513795
v -0.177184 0.013519 -0.514477
v -0.168333 0.007833 -0.533611
v -0.161589 0.000028 -0.554501
v -0.189290 -0.022461 -0.557290
v -0.161589 0.000028 -0.554501
v -0.149405 0.046857 -0.557537
v -0.182753 0.074296 -0.562278
v -0.199519 0.066494 -0.568533
v -0.202208 0.059591 -0.581321
v -0.211638 0.054289 -0.531712
v -0.210509 0.021158 -0.525929
v -0.210263 -0.009274 -0.579030
v -0.210107 0.008971 -0.571635
v -0.231552 -0.018449 -0.568438
v -0.231403 -0.000713 -0.525910
v -0.210509 0.021158 -0.525929
v -0.210107 0.008971 -0.571635
v -0.206020 0.045111 -0.568841
v -0.250747 0.066190 -0.575368
v -0.234005 0.073756 -0.575242
v -0.261677 0.047274 -0.579406
v -0.254050 0.024130 -0.519959
v -0.250770 0.008711 -0.522077
v -0.256367 0.008470 -0.570246
v -0.254431 -0.008800 -0.555057
v -0.277949 -0.027355 -0.546568
v -0.254431 -0.008800 -0.555057
v -0.261870 0.041862 -0.557762
v -0.317136 0.035746 -0.550088
v -0.309014 0.053717 -0.547196
v -0.302659 -0.019363 -0.540235
v -0.302097 -0.003625 -0.530242
v -0.318906 -0.028879 -0.526994
v -0.334000 0.039188 -0.529848
v -0.347279 0.023193 -0.518353
v -0.336612 -0.023933 -0.519967
v -0.136919 -0.013028 -0.536309
v -0.158512 0.009079 -0.547072
v -0.114720 0.011458 -0.532767
v -0.142096 0.059605 -0.541243
v -0.126276 0.057737 -0.533172
v -0.158512 0.009079 -0.547072
v -0.154073 0.040282 -0.547502
v -0.159472 0.001424 -0.588110
v -0.181094 -0.005967 -0.593395
v -0.194589 0.058591 -0.587133
v -0.180191 0.064090 -0.583654
v -0.198756 0.016193 -0.597847
v -0.199314 0.045265 -0.594367
v -0.213571 0.012809 -0.596082
v -0.231656 0.001766 -0.595417
v -0.246440 0.058931 -0.594569
v -0.231256 0.064170 -0.595196
v -0.248883 0.013153 -0.594855
v -0.253714 0.042040 -0.599293
v -0.264333 0.003061 -0.580417
v -0.284799 -0.019594 -0.575752
v -0.314761 0.029200 -0.569027
v -0.308966 0.044649 -0.568394
v -0.305389 -0.013325 -0.567989
v -0.275844 0.050429 -0.577196
v -0.268156 0.059366 -0.559748
v -0.291597 0.063965 -0.552402
v -0.294253 0.055856 -0.570348
v -0.263608 0.064079 -0.529044
v -0.284820 0.066243 -0.524422
v -0.260644 0.064822 -0.518387
v -0.305270 0.023034 -0.533092
v -0.316379 0.049830 -0.525409
v -0.320344 0.040271 -0.536762
v -0.310165 0.054395 -0.505654
v -0.302609 0.054697 -0.496104
v -0.215263 0.055404 -0.595680
v -0.211103 0.068325 -0.573425
v -0.214937 0.070450 -0.537470
v -0.216991 0.074081 -0.522966
v -0.157979 0.056624 -0.579656
v -0.161242 0.068021 -0.560539
v -0.170434 0.067090 -0.522229
v -0.172952 0.058705 -0.506469
v -0.160148 0.064151 -0.425865
v -0.218900 0.077328 -0.458965
v -0.112394 0.049543 -0.528013
v -0.115480 0.046699 -0.506520
v -0.128002 0.041282 -0.484321
v -0.127337 0.033135 -0.454562
v -0.133489 0.031235 -0.405261
v -0.142346 0.035065 -0.402136
v -0.164493 0.089504 -0.408845
v -0.160603 0.075847 -0.418454
v -0.151229 0.054084 -0.395548
v -0.156609 0.069977 -0.385139
v -0.155816 0.073987 -0.385585
v -0.265855 0.081125 -0.449041
v -0.264387 0.105709 -0.440871
v -0.308603 0.093600 -0.411296
v -0.279890 0.050797 -0.327487
v -0.344617 0.077195 -0.349865
v -0.352868 0.117409 -0.307233
v -0.334044 0.023237 -0.406972
v -0.321356 0.007767 -0.455737
v -0.315080 0.012047 -0.477238
v -0.333041 -0.025753 -0.505077
v -0.336612 -0.023933 -0.519967
v -0.269170 0.033831 -0.575348
v -0.252958 0.057948 -0.510100
v -0.204331 0.043622 -0.598836
v -0.210547 0.069039 -0.520381
v -0.150613 0.042598 -0.579316
v -0.255782 0.064833 -0.502974
v -0.198756 0.016193 -0.597847
v -0.210263 -0.009274 -0.579030
v -0.248883 0.013153 -0.594855
v -0.256367 0.008470 -0.570246
v -0.302659 -0.019363 -0.540235
v -0.305389 -0.013325 -0.567989
v -0.302097 -0.003625 -0.530242
v -0.264333 0.003061 -0.580417
v -0.213571 0.012809 -0.596082
v -0.159472 0.001424 -0.588110
v -0.329742 0.004155 -0.527116
v -0.315267 0.004424 -0.536235
v -0.332717 0.018453 -0.527654
v -0.322871 0.025250 -0.532623
v -0.329742 0.004155 -0.527116
v -0.147032 0.019676 -0.548200
v -0.129230 0.022587 -0.538738
v -0.147032 0.019676 -0.548200
v -0.147628 0.038093 -0.546711
v -0.187905 0.020590 -0.593951
v -0.168205 0.022010 -0.590701
v -0.188577 0.041421 -0.587474
v -0.176531 0.048901 -0.584005
v -0.187905 0.020590 -0.593951
v -0.239336 0.020430 -0.600679
v -0.220404 0.021115 -0.601631
v -0.240394 0.039960 -0.597072
v -0.227866 0.047267 -0.595667
v -0.239336 0.020430 -0.600679
v -0.298554 0.011655 -0.574509
v -0.280827 0.012912 -0.579093
v -0.291597 0.039689 -0.576656
v -0.278654 0.030219 -0.577703
v -0.314325 0.018299 -0.535781
v -0.217599 0.038694 -0.597660
v -0.165789 0.040423 -0.584248
v -0.137749 0.045273 -0.540190
v -0.128748 0.036878 -0.535565
v -0.299754 0.028834 -0.572804
v -0.315267 0.004424 -0.536235
v -0.280827 0.012912 -0.579093
v -0.220404 0.021115 -0.601631
v -0.168205 0.022010 -0.590701
v -0.337513 0.430397 -0.159811
v -0.349458 0.407269 -0.162362
v -0.364207 0.377498 -0.267649
v -0.371568 0.422359 -0.246122
v -0.117644 0.390885 -0.290209
v -0.086557 0.975149 -0.386930
v -0.074506 0.994659 -0.535732
v -0.005095 1.019921 -0.527113
v -0.006841 0.999273 -0.405938
v -0.211589 0.727381 -0.602834
v -0.198554 0.821567 -0.586682
v -0.209198 0.828061 -0.474521
v -0.221332 0.727885 -0.538689
v -0.330420 0.282647 -0.377743
v -0.362759 0.365957 -0.355250
v -0.349529 0.288577 -0.305348
v -0.049855 0.384244 -0.543936
v -0.102172 0.425505 -0.561061
v -0.093469 0.430558 -0.504492
v -0.038174 0.398457 -0.469311
v -0.139074 0.987553 0.438700
v -0.020811 1.027465 0.491048
v -0.021651 0.989571 0.576443
v -0.132375 0.966410 0.534418
v -0.061315 1.015519 -0.270357
v -0.009748 1.028000 -0.250735
v -0.259431 0.805682 -0.461681
v -0.244965 0.688479 -0.532503
v -0.360457 0.329104 -0.212730
v -0.252033 0.501586 -0.110728
v -0.156980 0.542165 -0.255212
v -0.213583 0.544154 -0.212403
v -0.211305 0.527595 -0.166156
v -0.234749 0.033318 -0.358302
v -0.000928 0.353192 -0.205278
v -0.036131 0.349224 -0.235556
v -0.048379 0.353334 -0.100592
v -0.002527 0.336253 -0.085202
v -0.021920 0.956119 0.623083
v -0.108039 0.940753 0.603744
v -0.072879 0.396650 0.419961
v -0.011964 0.374656 0.462486
v -0.010069 0.303810 0.378467
v -0.086616 0.306452 0.355186
v -0.021984 0.918898 0.661038
v -0.082675 0.905737 0.646594
v -0.098184 0.924175 0.627500
v -0.021881 0.938707 0.635411
v -0.035622 0.386270 -0.450620
v 0.001662 0.362870 -0.438770
v 0.001706 0.389874 -0.462013
v -0.062069 0.350135 -0.023219
v -0.003691 0.333011 -0.017235
v -0.081251 0.838669 0.660673
v -0.100768 0.829858 0.639453
v -0.273175 0.644088 0.285911
v -0.216710 0.566707 0.304821
v -0.215490 0.512192 0.262117
v -0.261275 0.595884 0.210978
v -0.225930 0.527330 0.139408
v -0.253729 0.594256 0.121919
v -0.212734 0.100038 -0.446065
v -0.121904 0.437795 0.409137
v -0.160488 0.385496 0.329072
v -0.070520 0.447291 0.512449
v -0.044673 0.466285 0.570469
v -0.043384 0.365444 -0.305116
v -0.000505 0.378797 -0.307917
v -0.268982 0.596926 -0.188316
v -0.213583 0.544154 -0.212403
v -0.208845 0.451729 -0.215026
v -0.283958 0.486642 -0.154183
v -0.268982 0.596926 -0.188316
v -0.244860 0.625999 -0.170392
v -0.237244 0.594622 -0.158383
v -0.270683 0.597762 -0.076853
v -0.260215 0.597487 -0.018319
v -0.303856 0.422463 -0.135977
v -0.323209 0.498964 -0.170505
v -0.283958 0.486642 -0.154183
v -0.325724 0.397962 -0.131911
v -0.238251 0.386730 -0.229572
v -0.303856 0.422463 -0.135977
v -0.244415 0.352282 -0.231721
v -0.325724 0.397962 -0.131911
v -0.344484 0.325525 -0.185754
v -0.255206 0.276515 -0.239721
v -0.344484 0.325525 -0.185754
v -0.018431 0.769435 0.693434
v -0.059154 0.790340 0.681000
v -0.040240 0.801180 0.721061
v -0.021387 0.798507 0.725696
v -0.019263 0.782458 0.688624
v -0.055280 0.792394 0.675795
v -0.239026 0.726142 0.056609
v -0.211071 0.832912 0.091016
v -0.299627 0.751942 -0.444814
v -0.300475 0.819611 -0.282054
v -0.341604 0.776341 -0.287993
v -0.355973 0.675783 -0.429108
v -0.212613 0.436575 -0.535316
v -0.202036 0.491740 -0.550056
v -0.296060 0.538534 -0.496630
v -0.302458 0.466457 -0.477154
v -0.210682 0.596382 -0.559814
v -0.251098 0.670508 -0.520674
v -0.271511 0.610490 -0.509002
v -0.212682 0.554535 -0.563539
v -0.215056 0.598517 -0.569493
v -0.139251 0.421703 -0.310094
v -0.190630 0.359792 -0.346919
v -0.156980 0.542165 -0.255212
v -0.122528 0.516522 -0.323381
v -0.131844 0.413020 -0.355311
v -0.183635 0.351535 -0.393782
v -0.166201 0.384552 -0.475521
v -0.187699 0.357616 -0.451425
v -0.172133 0.349656 -0.428704
v -0.128512 0.403151 -0.414000
v -0.174769 0.514794 -0.533776
v -0.191684 0.524394 -0.556357
v -0.163862 0.516504 -0.603684
v -0.205957 0.588409 -0.611137
v -0.220664 0.598046 -0.592463
v -0.173016 0.542583 -0.562687
v -0.095746 0.409606 -0.481702
v 0.003122 0.361677 -0.526232
v -0.378336 0.479337 -0.256102
v -0.339747 0.565827 -0.240216
v -0.300402 0.600375 -0.211801
v -0.363799 0.402930 -0.348060
v -0.292654 0.331374 -0.447833
v -0.304638 0.382872 -0.433411
v -0.220649 0.280424 -0.432801
v -0.184011 0.280784 -0.402567
v -0.193538 0.336417 -0.422372
v -0.238893 0.341511 -0.440904
v -0.261425 0.266903 -0.444230
v -0.268982 0.596926 -0.188316
v -0.176305 0.318890 -0.395887
v -0.169098 0.278526 -0.378143
v -0.366918 0.252106 -0.230765
v -0.269389 0.188581 -0.276719
v -0.275000 0.133016 -0.305350
v -0.381163 0.179504 -0.279400
v -0.181596 0.307997 -0.359952
v -0.177636 0.275138 -0.336392
v -0.219938 0.103107 -0.321753
v -0.227678 0.059813 -0.336617
v -0.271596 0.088463 -0.320379
v -0.200503 0.041349 -0.370223
v -0.196007 0.069832 -0.351169
v -0.298554 0.011655 -0.574509
v -0.177852 0.188029 -0.348178
v -0.178246 0.195657 -0.366857
v -0.197733 0.215357 -0.398309
v -0.198422 0.184429 -0.327463
v -0.169618 0.125072 -0.351088
v -0.194267 0.117996 -0.337519
v -0.198269 0.307755 -0.331273
v -0.196104 0.276251 -0.302455
v -0.222187 0.181009 -0.303175
v -0.227795 0.199539 -0.417395
v -0.290390 0.186608 -0.406614
v -0.366918 0.252106 -0.230765
v -0.378578 0.251168 -0.248902
v -0.178755 0.858553 0.603712
v -0.130816 0.839136 0.625825
v -0.212661 0.915969 0.482595
v -0.090485 0.495776 0.434631
v -0.060639 0.469493 0.510071
v -0.310176 0.743176 0.312753
v -0.236567 0.894427 0.416764
v -0.156006 0.539350 0.375887
v -0.206984 0.761772 0.651942
v -0.178755 0.858553 0.603712
v -0.130816 0.839136 0.625825
v -0.162373 0.719967 0.690012
v -0.278057 0.669569 0.307648
v -0.334605 0.742850 0.363975
v -0.351806 0.704480 0.392722
v -0.291281 0.650399 0.320320
v -0.259351 0.628633 0.660539
v -0.275595 0.537404 0.638285
v -0.312344 0.560740 0.601429
v -0.264214 0.675170 0.643743
v -0.240247 0.605317 0.682671
v -0.238705 0.510252 0.665859
v -0.151613 0.369784 0.616481
v -0.208938 0.375071 0.637192
v -0.208512 0.393225 0.635615
v -0.162331 0.385394 0.601664
v -0.212661 0.915969 0.482595
v -0.241688 0.788937 0.611472
v -0.265224 0.802696 0.579406
v -0.135898 0.385547 0.513674
v -0.121622 0.376103 0.414314
v -0.133526 0.367947 0.423112
v -0.140869 0.380271 0.506444
v -0.070458 0.469470 0.438505
v -0.060639 0.469493 0.510071
v -0.090485 0.495776 0.434631
v -0.095442 0.494412 0.389865
v -0.081090 0.453641 0.443212
v -0.105610 0.471265 0.372207
v -0.185401 0.658916 0.698927
v -0.232141 0.670465 0.674378
v -0.114269 0.211672 0.527883
v -0.143363 0.212428 0.476743
v -0.136270 0.148335 0.492208
v -0.108026 0.151239 0.519026
v -0.143931 0.097033 0.623515
v -0.144835 0.209680 0.620154
v -0.114269 0.211672 0.527883
v -0.108026 0.151239 0.519026
v -0.253259 0.076746 0.591308
v -0.257966 0.110599 0.590082
v -0.222898 0.097413 0.622248
v -0.222686 0.056138 0.627112
v -0.268830 0.092135 0.554007
v -0.264933 0.123502 0.560856
v -0.183191 0.091868 0.641656
v -0.188386 0.210028 0.638108
v -0.272148 -0.004458 0.406519
v -0.293047 0.010448 0.398941
v -0.300935 0.005097 0.413119
v -0.300944 0.008357 0.434111
v -0.152745 -0.003610 0.386655
v -0.132522 0.016200 0.387473
v -0.152593 0.020930 0.364582
v -0.167554 0.005349 0.362011
v -0.305056 0.061682 0.478066
v -0.285026 0.072086 0.508568
v -0.273203 0.044369 0.508851
v -0.292470 0.025129 0.478936
v -0.150520 0.093516 0.375012
v -0.180736 0.093222 0.373815
v -0.184774 0.087389 0.363558
v -0.206121 0.109062 0.352299
v -0.200543 0.114299 0.370012
v -0.226061 0.097188 0.368744
v -0.220893 0.100344 0.354592
v -0.248389 0.102109 0.361709
v -0.241917 0.109273 0.379984
v -0.260380 0.082700 0.384339
v -0.259678 0.087120 0.368048
v -0.290338 0.070804 0.410353
v -0.292957 0.059701 0.400607
v -0.295393 0.077102 0.397160
v -0.275053 0.090381 0.445297
v -0.281447 0.099828 0.477313
v -0.300244 0.086112 0.458512
v -0.312739 0.027094 0.425815
v -0.319893 0.057688 0.427845
v -0.316707 0.056554 0.450501
v -0.311219 0.020472 0.449939
v -0.201433 -0.008056 0.383776
v -0.192775 0.016853 0.354010
v -0.266481 0.026625 0.371947
v -0.278991 0.013014 0.386078
v -0.272112 0.102934 0.429638
v -0.250629 -0.000632 0.471921
v -0.280057 0.009601 0.480438
v -0.304516 0.078316 0.431051
v -0.131284 0.025545 0.420769
v -0.148493 0.004236 0.438590
v -0.177671 -0.001037 0.451780
v -0.147830 0.101838 0.398194
v -0.178476 0.109767 0.395138
v -0.223767 0.104559 0.379820
v -0.197164 0.116771 0.396221
v -0.216161 0.109320 0.401453
v -0.257935 0.087413 0.399390
v -0.232336 0.117358 0.400819
v -0.250938 0.105364 0.422801
v -0.283760 0.075261 0.424013
v -0.282732 0.094784 0.402230
v -0.300022 0.013041 0.386667
v -0.309277 0.004770 0.401840
v -0.303759 0.057114 0.388856
v -0.300022 0.013041 0.386667
v -0.293047 0.010448 0.398941
v -0.292957 0.059701 0.400607
v -0.330008 0.060410 0.413398
v -0.322764 0.078188 0.402716
v -0.311864 0.077453 0.417628
v -0.319893 0.057688 0.427845
v -0.312739 0.027094 0.425815
v -0.324468 0.023563 0.410531
v -0.167232 0.002176 0.339343
v -0.188726 0.016708 0.336396
v -0.148597 0.021903 0.340204
v -0.174054 0.093317 0.340947
v -0.154213 0.090397 0.342855
v -0.156821 0.088119 0.358779
v -0.176987 0.086118 0.356145
v -0.188726 0.016708 0.336396
v -0.183984 0.074380 0.335732
v -0.186791 0.077123 0.356061
v -0.192775 0.016853 0.354010
v -0.212375 0.012563 0.356554
v -0.190723 0.014414 0.320714
v -0.209403 0.002305 0.326108
v -0.185648 0.075479 0.319490
v -0.190723 0.014414 0.320714
v -0.221332 0.098382 0.327223
v -0.207631 0.108613 0.326080
v -0.206121 0.109062 0.352299
v -0.220893 0.100344 0.354592
v -0.228019 0.015979 0.326939
v -0.228178 0.074349 0.327195
v -0.227277 0.082882 0.358312
v -0.230355 0.027303 0.357215
v -0.230355 0.027303 0.357215
v -0.234448 0.016164 0.325177
v -0.254121 0.003015 0.334019
v -0.245840 0.016851 0.363431
v -0.230320 0.065652 0.325365
v -0.234448 0.016164 0.325177
v -0.248389 0.102109 0.361709
v -0.259678 0.087120 0.368048
v -0.269729 0.079666 0.338914
v -0.254804 0.092737 0.334868
v -0.275295 0.014499 0.339371
v -0.276948 0.055118 0.341319
v -0.262956 0.069320 0.374109
v -0.266481 0.026625 0.371947
v -0.277759 0.016483 0.350702
v -0.291473 0.003887 0.360947
v -0.279875 0.058269 0.351657
v -0.277759 0.016483 0.350702
v -0.295393 0.077102 0.397160
v -0.312341 0.057930 0.374635
v -0.312169 0.080909 0.371262
v -0.308127 0.011439 0.370953
v -0.321350 0.008136 0.387045
v -0.311460 0.017286 0.377466
v -0.338708 0.060128 0.399125
v -0.329948 0.073677 0.391047
v -0.332329 0.028171 0.397287
v -0.165813 0.008691 0.322905
v -0.182746 0.021141 0.323717
v -0.153793 0.032031 0.327894
v -0.156580 0.088233 0.327887
v -0.172415 0.090488 0.326937
v -0.182746 0.021141 0.323717
v -0.180604 0.071964 0.322382
v -0.209978 0.008891 0.303197
v -0.196051 0.021367 0.298481
v -0.210776 0.098662 0.307072
v -0.225029 0.088744 0.306252
v -0.232596 0.061902 0.303364
v -0.224009 0.021634 0.305410
v -0.258834 0.005063 0.315384
v -0.243807 0.017755 0.310442
v -0.259097 0.077814 0.313264
v -0.271487 0.064858 0.319910
v -0.277260 0.044443 0.320735
v -0.274131 0.017078 0.319790
v -0.289377 0.014922 0.339045
v -0.301847 0.006327 0.344601
v -0.319864 0.069418 0.351610
v -0.321396 0.052140 0.356382
v -0.316066 0.019958 0.352731
v -0.308403 0.075359 0.347895
v -0.293694 0.064689 0.342890
v -0.285091 0.077675 0.356935
v -0.300130 0.087737 0.365025
v -0.271000 0.080254 0.378936
v -0.288247 0.089350 0.387511
v -0.288247 0.089350 0.387511
v -0.271000 0.080254 0.378936
v -0.319864 0.069315 0.383244
v -0.311754 0.053849 0.378605
v -0.311313 0.072282 0.392933
v -0.301683 0.070441 0.407031
v -0.301683 0.070441 0.407031
v -0.244273 0.073945 0.311834
v -0.241180 0.087100 0.330926
v -0.236479 0.094531 0.358256
v -0.236479 0.094531 0.358256
v -0.196122 0.093185 0.303161
v -0.193192 0.100479 0.321447
v -0.192631 0.096266 0.352241
v -0.192631 0.096266 0.352241
v -0.190445 0.122903 0.424549
v -0.146871 0.064158 0.342764
v -0.147795 0.068604 0.329293
v -0.148360 0.054743 0.359829
v -0.156821 0.088119 0.358779
v -0.148360 0.054743 0.359829
v -0.134843 0.049715 0.381331
v -0.128650 0.061151 0.413846
v -0.145312 0.112084 0.423259
v -0.187960 0.142321 0.436920
v -0.143586 0.131101 0.449692
v -0.119532 0.048004 0.524184
v -0.133102 0.055891 0.460809
v -0.165955 0.029914 0.484092
v -0.161746 0.002604 0.542376
v -0.215165 0.024884 0.495498
v -0.200526 -0.001510 0.546400
v -0.254868 0.026915 0.511725
v -0.244584 0.012647 0.552901
v -0.258846 0.036623 0.550710
v -0.266890 0.118712 0.502551
v -0.244722 0.120155 0.442771
v -0.242347 0.137935 0.454714
v -0.123087 0.081141 0.449551
v -0.133102 0.055891 0.460809
v -0.119532 0.048004 0.524184
v -0.123639 0.093333 0.498448
v -0.131284 0.025545 0.420769
v -0.132522 0.016200 0.387473
v -0.152593 0.020930 0.364582
v -0.148597 0.021903 0.340204
v -0.152593 0.020930 0.364582
v -0.324468 0.023563 0.410531
v -0.332329 0.028171 0.397287
v -0.288454 0.046796 0.338502
v -0.262956 0.069320 0.374109
v -0.238113 0.053035 0.309590
v -0.227277 0.082882 0.358312
v -0.188222 0.069785 0.296762
v -0.186791 0.077123 0.356061
v -0.176987 0.086118 0.356145
v -0.311864 0.077453 0.417628
v -0.228019 0.015979 0.326939
v -0.224009 0.021634 0.305410
v -0.275295 0.014499 0.339371
v -0.274131 0.017078 0.319790
v -0.237883 0.003899 0.389303
v -0.316066 0.019958 0.352731
v -0.308127 0.011439 0.370953
v -0.311460 0.017286 0.377466
v -0.289377 0.014922 0.339045
v -0.243807 0.017755 0.310442
v -0.196051 0.021367 0.298481
v -0.153793 0.032031 0.327894
v -0.321023 0.033881 0.373435
v -0.336770 0.054834 0.384608
v -0.328111 0.062618 0.378313
v -0.333378 0.033968 0.384317
v -0.156633 0.040672 0.316842
v -0.174233 0.037516 0.316688
v -0.176024 0.069193 0.317723
v -0.201221 0.034871 0.293591
v -0.225560 0.071394 0.300679
v -0.210947 0.085389 0.297448
v -0.223393 0.039636 0.297796
v -0.250227 0.021255 0.304398
v -0.268223 0.052729 0.316437
v -0.257804 0.064736 0.313808
v -0.268682 0.024729 0.310912
v -0.300797 0.029425 0.333895
v -0.318379 0.032444 0.341633
v -0.319926 0.056563 0.345134
v -0.310308 0.066103 0.339634
v -0.300253 0.051967 0.336969
v -0.322447 0.051119 0.375923
v -0.248387 0.057343 0.309299
v -0.199060 0.071528 0.295589
v -0.165336 0.084079 0.317001
v -0.154873 0.070498 0.318010
v -0.321023 0.033881 0.373435
v -0.300797 0.029425 0.333895
v -0.250227 0.021255 0.304398
v -0.201221 0.034871 0.293591
v -0.156633 0.040672 0.316842
v -0.282299 0.205752 0.548890
v -0.266370 0.214568 0.595619
v -0.225497 0.215217 0.631589
v -0.108176 0.077180 0.551344
v -0.108176 0.077180 0.551344
v -0.142725 0.050418 0.627831
v -0.180106 0.044978 0.642811
v -0.259911 0.142563 0.519632
v -0.270351 0.202605 0.509740
v -0.242186 0.156501 0.460891
v -0.144285 0.006965 0.575727
v -0.114564 0.036287 0.577041
v -0.193729 -0.001517 0.580906
v -0.249979 0.032967 0.587254
v -0.239282 0.008198 0.588008
v -0.143319 0.024412 0.613096
v -0.186112 0.014429 0.621428
v -0.114564 0.036287 0.577041
v -0.237350 0.324639 0.324320
v -0.221046 0.320735 0.326177
v -0.223753 0.347606 0.302985
v -0.257602 0.351645 0.315005
v -0.197665 0.317220 0.653536
v -0.145714 0.314176 0.630358
v -0.251269 0.381307 0.649941
v -0.249753 0.404396 0.623415
v -0.295181 0.426575 0.576287
v -0.309906 0.436518 0.513223
v -0.325608 0.480610 0.540726
v -0.297221 0.462507 0.599767
v -0.260439 0.450599 0.637819
v -0.299018 0.572942 0.306297
v -0.356909 0.603112 0.370683
v -0.346105 0.493634 0.368972
v -0.288091 0.484551 0.305532
v -0.216710 0.566707 0.304821
v -0.273175 0.644088 0.285911
v -0.232919 0.603802 0.325740
v -0.240209 0.590829 0.313939
v -0.226370 0.518451 0.288366
v -0.219963 0.457289 0.285509
v -0.269797 0.353290 0.355123
v -0.247792 0.312107 0.369513
v -0.194964 0.204589 0.430395
v -0.201325 0.263952 0.390785
v -0.248774 0.264936 0.416195
v -0.250265 0.210060 0.458979
v -0.114177 0.353613 0.527522
v -0.108549 0.304996 0.525488
v -0.226586 0.020371 0.615361
v -0.195381 0.470632 0.672639
v -0.205034 0.438087 0.644063
v -0.195582 0.582710 0.696289
v -0.290133 0.410285 0.573923
v -0.297873 0.406549 0.504014
v -0.188445 0.160042 0.440957
v -0.150597 0.156403 0.450690
v -0.176853 0.358115 0.315386
v -0.179180 0.397293 0.298539
v -0.221301 0.395460 0.282403
v -0.335884 0.719509 0.528267
v -0.300921 0.785676 0.523461
v -0.302358 0.318068 0.586498
v -0.312928 0.305111 0.528903
v -0.259042 0.323369 0.649192
v -0.108549 0.304996 0.525488
v -0.136157 0.302847 0.465719
v -0.295162 0.316527 0.451663
v -0.316054 0.362120 0.517508
v -0.283421 0.274852 0.476964
v -0.140869 0.380271 0.506444
v -0.303409 0.380620 0.589574
v -0.314873 0.427181 0.427178
v -0.336315 0.476808 0.468293
v -0.112360 0.415535 0.514484
v -0.100414 0.403553 0.411104
v -0.254426 0.422690 0.622627
v -0.112360 0.415535 0.514484
v -0.135898 0.385547 0.513674
v -0.153960 0.389109 0.593091
v -0.126350 0.420338 0.591258
v -0.208626 0.403409 0.640202
v -0.153097 0.211114 0.441941
v -0.144323 0.280697 0.407100
v -0.351711 0.602335 0.485187
v -0.327285 0.571042 0.567130
v -0.154328 0.369867 0.359458
v -0.137044 0.389592 0.345466
v -0.185285 0.332560 0.331212
v -0.165418 0.342158 0.363586
v -0.187418 0.302591 0.360785
v -0.219260 0.291950 0.353265
v -0.119100 0.431403 0.341337
v -0.275433 0.405655 0.312099
v -0.308197 0.374268 0.432317
v -0.310176 0.743176 0.312753
v -0.236567 0.894427 0.416764
v -0.220014 -0.001664 0.450390
v -0.146708 0.029423 0.449678
v -0.170767 0.024782 0.471129
v -0.212169 0.020555 0.470482
v -0.244291 0.017100 0.495967
v -0.263639 0.027628 0.500708
v -0.167636 0.445983 0.314078
v -0.121000 0.341102 0.447230
v -0.297707 0.412148 0.356149
v -0.161560 0.489111 0.317981
v -0.156006 0.539350 0.375887
v -0.170316 0.546244 0.381292
v -0.114177 0.353613 0.527522
v -0.039930 0.813301 0.722024
v -0.021634 0.811911 0.731137
v -0.142770 0.435050 -0.507297
v -0.159360 0.442576 -0.517037
v -0.210337 0.416672 -0.522340
v -0.297455 0.436155 -0.464135
v -0.370577 0.474857 -0.383235
v -0.372778 0.501790 -0.399230
v -0.231979 0.373216 -0.467348
v -0.217541 0.387608 -0.491990
v -0.300064 0.408496 -0.451785
v -0.366485 0.430345 -0.364272
v -0.370052 0.590352 -0.428836
v -0.158704 0.463342 -0.525504
v -0.195880 0.540783 -0.579861
v -0.154518 0.446890 -0.400748
v -0.162664 0.429769 -0.420176
v -0.163863 0.431566 -0.490811
v -0.145540 0.459868 -0.516518
v -0.148106 0.489103 -0.545014
v -0.051049 0.350372 -0.344639
v 0.000357 0.372005 -0.368912
v -0.116490 0.396567 -0.183805
v -0.370577 0.474857 -0.383235
v -0.297455 0.436155 -0.464135
v -0.210337 0.416672 -0.522340
v -0.142770 0.435050 -0.507297
v -0.105828 0.491060 -0.389906
v -0.256768 0.675659 -0.106017
v -0.254043 0.695255 -0.062701
v -0.383082 0.533382 -0.280751
v -0.372058 0.671406 -0.295857
v -0.383717 0.577465 -0.287821
v -0.383082 0.533382 -0.280751
v -0.342764 0.617918 -0.227584
v -0.315124 0.697514 -0.211466
v -0.265664 0.702585 -0.153044
v -0.303677 0.662610 -0.177923
v -0.300402 0.600375 -0.211801
v -0.339747 0.565827 -0.240216
v -0.158767 0.523030 0.345613
v -0.093500 0.802679 0.664551
v -0.100768 0.829858 0.639453
v -0.081251 0.838669 0.660673
v -0.161147 0.429556 0.640072
v -0.018400 0.762487 0.692693
v -0.061071 0.765064 0.693669
v -0.116438 0.773415 0.684900
v -0.093500 0.802679 0.664551
v -0.055280 0.792394 0.675795
v -0.061071 0.765064 0.693669
v -0.100768 0.829858 0.639453
v -0.120950 0.674105 0.709033
v -0.064420 0.649577 0.714123
v -0.015893 0.654802 0.708243
v -0.064420 0.649577 0.714123
v -0.133243 0.627494 0.709490
v -0.064988 0.608674 0.711877
v -0.014515 0.603441 0.708401
v -0.064988 0.608674 0.711877
v -0.080897 0.482422 0.577233
v -0.053126 0.487682 0.622110
v -0.053126 0.487682 0.622110
v -0.012716 0.486378 0.636193
v -0.128142 0.545127 0.690140
v -0.054009 0.560830 0.699635
v -0.014189 0.563388 0.697595
v -0.054009 0.560830 0.699635
v -0.012644 0.509174 0.673673
v -0.049846 0.511969 0.671305
v -0.012716 0.486378 0.636193
v -0.053126 0.487682 0.622110
v -0.092501 0.493738 0.642246
v -0.049846 0.511969 0.671305
v -0.053126 0.487682 0.622110
v -0.080897 0.482422 0.577233
v -0.302571 0.710093 0.600931
v -0.332552 0.197022 -0.368306
v -0.390305 0.185315 -0.300750
v -0.318584 0.146133 -0.400970
v -0.208069 0.111979 -0.438600
v -0.216927 0.144322 -0.427322
v -0.276400 0.141876 -0.422362
v -0.268155 0.119328 -0.434449
v -0.183148 0.143405 -0.394259
v -0.166029 0.137052 -0.374037
v -0.381163 0.179504 -0.279400
v -0.273895 0.771811 -0.183240
v -0.247260 0.755291 -0.116888
v -0.109711 0.945597 0.129519
v -0.131126 0.962244 0.226129
v -0.015297 1.008517 0.150186
v -0.017065 1.030215 0.250644
v -0.200786 0.908532 -0.398085
v -0.169067 0.923001 -0.547347
v -0.223921 0.081928 0.277228
v -0.225560 0.071394 0.300679
v -0.223393 0.039636 0.297796
v -0.227245 0.051234 0.283330
v -0.228316 0.039778 0.259158
v -0.227758 0.056764 0.249522
v -0.220006 0.006679 0.240078
v -0.219669 0.005608 0.242868
v -0.210947 0.085389 0.297448
v -0.213631 0.090460 0.270243
v -0.219497 0.060920 0.241524
v -0.209492 0.030562 0.256348
v -0.209492 0.030562 0.256348
v -0.200977 0.041919 0.277527
v -0.200977 0.041919 0.277527
v -0.201221 0.034871 0.293591
v -0.201221 0.034871 0.293591
v -0.199060 0.071528 0.295589
v -0.205034 0.076540 0.270006
v -0.200977 0.041919 0.277527
v -0.211083 0.048764 0.244955
v -0.209492 0.030562 0.256348
v -0.219669 0.005608 0.242868
v -0.174847 0.061922 0.294906
v -0.176024 0.069193 0.317723
v -0.174233 0.037516 0.316688
v -0.173974 0.036383 0.302534
v -0.172920 0.025412 0.279893
v -0.173054 0.036305 0.270643
v -0.163779 0.006411 0.267294
v -0.164380 0.005728 0.269442
v -0.166805 0.075998 0.289894
v -0.165336 0.084079 0.317001
v -0.167120 0.042152 0.265967
v -0.159294 0.026284 0.277355
v -0.164380 0.005728 0.269442
v -0.172920 0.025412 0.279893
v -0.172920 0.025412 0.279893
v -0.173974 0.036383 0.302534
v -0.154174 0.037969 0.300200
v -0.156633 0.040672 0.316842
v -0.173974 0.036383 0.302534
v -0.174233 0.037516 0.316688
v -0.154873 0.070498 0.318010
v -0.157335 0.070441 0.290190
v -0.160924 0.037560 0.268232
v -0.275330 0.065585 0.297254
v -0.268223 0.052729 0.316437
v -0.268682 0.024729 0.310912
v -0.274900 0.032893 0.296539
v -0.277088 0.031266 0.276433
v -0.280117 0.049989 0.270334
v -0.277676 0.007800 0.259023
v -0.277198 0.006425 0.262598
v -0.265327 0.077734 0.292348
v -0.257804 0.064736 0.313808
v -0.275992 0.059946 0.263836
v -0.250227 0.021255 0.304398
v -0.248387 0.057343 0.309299
v -0.256249 0.066025 0.290823
v -0.256615 0.043107 0.288653
v -0.268663 0.053309 0.266417
v -0.265508 0.038818 0.271159
v -0.277198 0.006425 0.262598
v -0.277088 0.031266 0.276433
v -0.274900 0.032893 0.296539
v -0.268682 0.024729 0.310912
v -0.330939 0.060121 0.326781
v -0.319926 0.056563 0.345134
v -0.318379 0.032444 0.341633
v -0.329554 0.036221 0.329412
v -0.333365 0.028766 0.316085
v -0.339495 0.045387 0.306715
v -0.336158 0.007036 0.300059
v -0.335436 0.005291 0.302953
v -0.322940 0.069508 0.320130
v -0.310308 0.066103 0.339634
v -0.333581 0.050315 0.302743
v -0.300797 0.029425 0.333895
v -0.300253 0.051967 0.336969
v -0.313064 0.061281 0.318010
v -0.309684 0.040992 0.318388
v -0.325002 0.044681 0.302789
v -0.322750 0.032074 0.306130
v -0.335436 0.005291 0.302953
v -0.333365 0.028766 0.316085
v -0.329554 0.036221 0.329412
v -0.318379 0.032444 0.341633
v -0.336770 0.054834 0.384608
v -0.333378 0.033968 0.384317
v -0.343663 0.030004 0.369517
v -0.347711 0.051933 0.364232
v -0.351158 0.023924 0.356102
v -0.355351 0.035893 0.348513
v -0.353039 0.008575 0.343368
v -0.351674 0.007199 0.345506
v -0.340721 0.059625 0.358464
v -0.328111 0.062618 0.378313
v -0.352621 0.041208 0.342482
v -0.321023 0.033881 0.373435
v -0.322447 0.051119 0.375923
v -0.334749 0.049796 0.358295
v -0.330138 0.035277 0.359423
v -0.345756 0.035361 0.345057
v -0.342889 0.026924 0.349001
v -0.351674 0.007199 0.345506
v -0.351158 0.023924 0.356102
v -0.343663 0.030004 0.369517
v -0.333378 0.033968 0.384317
v -0.174233 0.037516 0.316688
v -0.223393 0.039636 0.297796
v -0.268682 0.024729 0.310912
v -0.318379 0.032444 0.341633
v -0.333378 0.033968 0.384317
v -0.344617 0.077195 -0.349865
v -0.010511 0.952784 -0.139241
v -0.144487 0.982309 0.338873
v -0.018988 1.041300 0.366648
v -0.072510 0.323252 0.073422
v -0.142809 0.380125 0.066366
v -0.005377 0.306417 0.077317
v -0.166977 0.348058 0.261571
v -0.089596 0.282253 0.284194
v -0.008229 0.266684 0.290805
v -0.157195 0.356503 0.159838
v -0.078495 0.296115 0.177385
v -0.006792 0.281282 0.186412
v -0.204678 0.869914 -0.156197
v -0.282630 0.872177 -0.281663
v -0.244217 0.912538 -0.287287
v -0.131792 0.910815 -0.152640
v -0.236839 0.760934 -0.002148
v -0.245630 0.585047 0.030443
v -0.237556 0.823318 -0.171049
v -0.222152 0.803978 -0.103489
v -0.223893 0.490609 0.047724
v -0.191319 0.862136 -0.082449
v -0.114762 0.938731 -0.055471
v -0.012441 0.986926 -0.032340
v -0.201851 0.838761 0.021772
v -0.111113 0.944306 0.051641
v -0.014022 0.999356 0.069422
v -0.373314 0.130539 -0.349109
v -0.370109 0.155980 -0.296675
v -0.352868 0.117409 -0.307233
v -0.379444 0.155521 -0.320540
v -0.176495 0.068223 -0.358457
v -0.177878 0.044168 -0.371515
v -0.370109 0.155980 -0.296675
v -0.304299 0.111074 -0.405089
v 0.175262 0.027307 -0.484947
v 0.176736 0.048218 -0.478843
v 0.171606 0.046912 -0.518133
v 0.171677 0.027524 -0.510030
v 0.157268 0.027686 -0.545513
v 0.159154 0.016785 -0.537468
v 0.145319 -0.009927 -0.550529
v 0.144418 -0.008634 -0.552692
v 0.165172 0.055826 -0.474207
v 0.151768 0.056985 -0.515968
v 0.143850 0.033246 -0.545009
v 0.145319 -0.009927 -0.550529
v 0.141590 0.021116 -0.532551
v 0.159154 0.016785 -0.537468
v 0.148251 0.033154 -0.502949
v 0.171677 0.027524 -0.510030
v 0.156023 0.028916 -0.479639
v 0.175262 0.027307 -0.484947
v 0.141047 0.047939 -0.507542
v 0.154419 0.047413 -0.473203
v 0.136488 0.029099 -0.537810
v 0.139482 0.027235 -0.435104
v 0.140336 0.045673 -0.433920
v 0.128598 0.041478 -0.464357
v 0.129289 0.024623 -0.456446
v 0.111670 0.023528 -0.483533
v 0.113520 0.015255 -0.477262
v 0.102059 -0.005943 -0.489789
v 0.100995 -0.004707 -0.491954
v 0.131252 0.052992 -0.426480
v 0.114701 0.051002 -0.461530
v 0.104897 0.027672 -0.482672
v 0.102059 -0.005943 -0.489789
v 0.102062 0.018828 -0.472713
v 0.113520 0.015255 -0.477262
v 0.110796 0.028875 -0.448119
v 0.129289 0.024623 -0.456446
v 0.139482 0.027235 -0.435104
v 0.122799 0.030395 -0.423840
v 0.106067 0.044528 -0.453131
v 0.122741 0.044726 -0.420816
v 0.100264 0.025367 -0.477448
v 0.225787 0.026542 -0.496435
v 0.227167 0.046227 -0.494306
v 0.226299 0.038560 -0.531655
v 0.225603 0.020134 -0.521226
v 0.218088 0.015791 -0.555883
v 0.219392 0.006392 -0.548752
v 0.211046 -0.020907 -0.563675
v 0.210590 -0.019452 -0.566455
v 0.214835 0.053654 -0.492091
v 0.208591 0.046167 -0.534108
v 0.208631 0.019368 -0.558711
v 0.211046 -0.020907 -0.563675
v 0.205038 0.006352 -0.547042
v 0.219392 0.006392 -0.548752
v 0.203062 0.020315 -0.519151
v 0.225603 0.020134 -0.521226
v 0.206860 0.027239 -0.495429
v 0.225787 0.026542 -0.496435
v 0.199745 0.035415 -0.527093
v 0.204440 0.045022 -0.492398
v 0.203132 0.014415 -0.553529
v 0.287266 0.017958 -0.476751
v 0.288801 0.035163 -0.476375
v 0.293462 0.027461 -0.511370
v 0.290812 0.012668 -0.502820
v 0.291162 0.005854 -0.535873
v 0.290351 -0.002277 -0.529307
v 0.284584 -0.030280 -0.544420
v 0.284853 -0.028904 -0.547019
v 0.280376 0.045850 -0.480067
v 0.281541 0.034026 -0.515952
v 0.283699 0.008999 -0.538732
v 0.284584 -0.030280 -0.544420
v 0.277729 -0.001761 -0.530058
v 0.290351 -0.002277 -0.529307
v 0.273443 0.013351 -0.504209
v 0.290812 0.012668 -0.502820
v 0.287266 0.017958 -0.476751
v 0.269161 0.019193 -0.479487
v 0.272369 0.026294 -0.511828
v 0.267313 0.036552 -0.479072
v 0.277707 0.005049 -0.535522
v 0.323304 0.010661 -0.433357
v 0.326283 0.024938 -0.434386
v 0.335172 0.021505 -0.465167
v 0.330175 0.007454 -0.459184
v 0.332696 0.005274 -0.487544
v 0.330596 -0.002075 -0.482525
v 0.324941 -0.022951 -0.499284
v 0.325477 -0.021886 -0.501365
v 0.316004 0.031745 -0.438366
v 0.324086 0.029120 -0.470254
v 0.326610 0.008574 -0.490586
v 0.324941 -0.022951 -0.499284
v 0.319512 -0.000389 -0.485005
v 0.330596 -0.002075 -0.482525
v 0.314482 0.009965 -0.463096
v 0.330175 0.007454 -0.459184
v 0.307939 0.010932 -0.440887
v 0.323304 0.010661 -0.433357
v 0.314414 0.021515 -0.468428
v 0.307136 0.024810 -0.440513
v 0.320687 0.005598 -0.489096
v 0.017881 0.862544 0.695924
v -0.003126 0.813766 0.722550
v 0.049519 0.354147 -0.379330
v 0.052671 0.369798 -0.433180
v 0.016477 0.441909 0.532185
v 0.195692 0.856983 0.191430
v 0.231910 0.726970 0.146715
v 0.249440 0.736499 0.281501
v 0.202559 0.874938 0.305458
v 0.150302 0.477596 -0.224096
v 0.116758 0.395744 -0.242515
v 0.186630 0.456933 -0.148113
v 0.106586 0.385821 -0.430984
v 0.107492 0.376488 -0.354847
v 0.162713 0.460841 -0.121131
v 0.105994 0.400968 -0.104483
v 0.112594 0.397249 -0.021489
v 0.216987 0.491814 -0.051951
v 0.133995 0.525264 -0.291732
v 0.130918 0.496347 -0.357024
v 0.166704 0.462217 -0.356197
v 0.129981 0.465934 -0.295029
v 0.285599 0.014985 -0.399565
v 0.270841 -0.018651 -0.380211
v 0.305436 -0.010900 -0.365953
v 0.301068 0.011967 -0.381690
v 0.147124 0.010325 -0.338428
v 0.165303 -0.017500 -0.367528
v 0.157545 0.004286 -0.384995
v 0.144825 0.008795 -0.368909
v 0.248552 0.013830 -0.275643
v 0.213059 -0.023859 -0.341128
v 0.187566 -0.011323 -0.312711
v 0.205535 0.019432 -0.266546
v 0.136376 0.068312 -0.357312
v 0.153565 0.073823 -0.388884
v 0.162409 0.070343 -0.392708
v 0.163254 0.074171 -0.379894
v 0.187025 0.082647 -0.400012
v 0.180301 0.082828 -0.424293
v 0.199043 0.077475 -0.428931
v 0.198344 0.082050 -0.417426
v 0.232036 0.086597 -0.410012
v 0.227080 0.081671 -0.433329
v 0.239040 0.067848 -0.427006
v 0.242361 0.070530 -0.413274
v 0.298856 0.044011 -0.253954
v 0.299105 -0.005665 -0.298094
v 0.292423 0.061922 -0.395602
v 0.290562 0.064309 -0.404962
v 0.291522 0.064516 -0.418300
v 0.288593 0.044817 -0.404389
v 0.361107 0.100978 -0.281348
v 0.313633 0.082977 -0.326342
v 0.308483 0.078232 -0.346223
v 0.341312 0.056553 -0.332570
v 0.162897 0.006085 -0.281974
v 0.182688 0.021478 -0.268489
v 0.330783 0.040394 -0.388795
v 0.314075 0.019257 -0.382308
v 0.322570 0.015202 -0.361543
v 0.331473 0.038874 -0.366828
v 0.173007 0.021277 -0.404698
v 0.200636 -0.018762 -0.383966
v 0.190684 0.010962 -0.411949
v 0.267714 0.010471 -0.409433
v 0.245343 0.015845 -0.420014
v 0.232400 -0.012135 -0.390010
v 0.315061 0.063704 -0.383649
v 0.340582 0.030932 -0.313188
v 0.155692 0.069778 -0.319922
v 0.207934 0.078861 -0.400148
v 0.211527 0.098781 -0.368804
v 0.264776 0.091910 -0.362048
v 0.274168 0.079518 -0.402518
v 0.292275 0.063953 -0.383525
v 0.307661 -0.025090 -0.407926
v 0.289586 0.008141 -0.415930
v 0.289586 0.008141 -0.415930
v 0.294938 0.037260 -0.422025
v 0.285599 0.014985 -0.399565
v 0.325604 0.054936 -0.422241
v 0.339405 0.035040 -0.408978
v 0.320320 0.058443 -0.403593
v 0.328753 -0.019002 -0.411414
v 0.162139 0.015425 -0.422710
v 0.141465 -0.008285 -0.399611
v 0.117697 0.013706 -0.389524
v 0.124681 0.072520 -0.400606
v 0.143820 0.074084 -0.413388
v 0.150205 0.072485 -0.397150
v 0.130242 0.070199 -0.381475
v 0.156034 0.052716 -0.423489
v 0.162139 0.015425 -0.422710
v 0.173007 0.021277 -0.404698
v 0.167040 0.057829 -0.403818
v 0.180286 -0.015308 -0.448097
v 0.153170 0.007409 -0.442666
v 0.153170 0.007409 -0.442666
v 0.141001 0.054293 -0.444984
v 0.173816 0.081435 -0.453589
v 0.189776 0.073438 -0.461492
v 0.191051 0.066363 -0.474403
v 0.198901 -0.002526 -0.472105
v 0.204969 0.028541 -0.419723
v 0.205676 0.061582 -0.426016
v 0.199640 0.015808 -0.464968
v 0.204969 0.028541 -0.419723
v 0.225625 0.006514 -0.421647
v 0.221147 -0.011734 -0.463721
v 0.199640 0.015808 -0.464968
v 0.196083 0.052007 -0.462215
v 0.223401 0.080363 -0.471920
v 0.239989 0.072677 -0.473728
v 0.250315 0.053645 -0.478661
v 0.245780 0.014993 -0.468495
v 0.245343 0.015845 -0.420014
v 0.248865 0.030838 -0.418334
v 0.245372 -0.002079 -0.452968
v 0.269549 -0.020698 -0.446790
v 0.245372 -0.002079 -0.452968
v 0.252775 0.048493 -0.457092
v 0.300844 0.060137 -0.451746
v 0.308507 0.042075 -0.455256
v 0.294839 -0.012808 -0.443220
v 0.312350 -0.022290 -0.431663
v 0.295435 0.003051 -0.433425
v 0.327452 0.045628 -0.436971
v 0.341779 0.029686 -0.426746
v 0.330727 -0.017379 -0.426618
v 0.150950 0.016579 -0.435065
v 0.130500 -0.005250 -0.421791
v 0.108943 0.019443 -0.416219
v 0.120660 0.065630 -0.418439
v 0.135546 0.067279 -0.428172
v 0.146673 0.047806 -0.435418
v 0.150950 0.016579 -0.435065
v 0.168394 0.000808 -0.483333
v 0.147500 0.008417 -0.475874
v 0.168941 0.070982 -0.474443
v 0.182856 0.065339 -0.479363
v 0.186701 0.051902 -0.486885
v 0.185612 0.022786 -0.489918
v 0.218496 0.008164 -0.490811
v 0.200507 0.019327 -0.489691
v 0.218489 0.070558 -0.491345
v 0.233622 0.065218 -0.492268
v 0.240255 0.048220 -0.497523
v 0.235755 0.019424 -0.492231
v 0.252589 0.009406 -0.479386
v 0.273303 -0.013337 -0.476634
v 0.298489 0.050815 -0.472702
v 0.304098 0.035310 -0.473753
v 0.294642 -0.007132 -0.471185
v 0.264657 0.056717 -0.478010
v 0.283717 0.062102 -0.473224
v 0.283032 0.070446 -0.455202
v 0.258920 0.065917 -0.459960
v 0.257690 0.071032 -0.429009
v 0.279282 0.073109 -0.426692
v 0.255868 0.071930 -0.418109
v 0.298445 0.029641 -0.436938
v 0.313144 0.046724 -0.442408
v 0.310466 0.056448 -0.430820
v 0.306409 0.061303 -0.410574
v 0.299913 0.061774 -0.400280
v 0.202481 0.061910 -0.490013
v 0.200785 0.075127 -0.467609
v 0.208433 0.077657 -0.432295
v 0.212040 0.081448 -0.418138
v 0.147237 0.063724 -0.468013
v 0.152579 0.075326 -0.449498
v 0.165788 0.074791 -0.412372
v 0.169901 0.066524 -0.396834
v 0.167128 0.070300 -0.315565
v 0.222055 0.081985 -0.355206
v 0.112698 0.054982 -0.390656
v 0.107356 0.057598 -0.411731
v 0.127478 0.049743 -0.369845
v 0.129937 0.041933 -0.340049
v 0.142072 0.038788 -0.290093
v 0.151703 0.042069 -0.288510
v 0.173169 0.095327 -0.301407
v 0.166351 0.079746 -0.274689
v 0.166967 0.076904 -0.276666
v 0.160844 0.061233 -0.284729
v 0.167972 0.082233 -0.309546
v 0.314787 0.100178 -0.316858
v 0.268625 0.111653 -0.343139
v 0.269249 0.086356 -0.350074
v 0.292304 0.061682 -0.227256
v 0.363794 0.130795 -0.217488
v 0.355959 0.087608 -0.258053
v 0.340582 0.030932 -0.313188
v 0.322570 0.015202 -0.361543
v 0.314075 0.019257 -0.382308
v 0.328753 -0.019002 -0.411414
v 0.330727 -0.017379 -0.426618
v 0.258118 0.040199 -0.475251
v 0.249079 0.065205 -0.408965
v 0.191206 0.050170 -0.491840
v 0.205866 0.076438 -0.414810
v 0.139867 0.049756 -0.466714
v 0.252657 0.072061 -0.402272
v 0.198901 -0.002526 -0.472105
v 0.185612 0.022786 -0.489918
v 0.245780 0.014993 -0.468495
v 0.235755 0.019424 -0.492231
v 0.294839 -0.012808 -0.443220
v 0.294642 -0.007132 -0.471185
v 0.295435 0.003051 -0.433425
v 0.252589 0.009406 -0.479386
v 0.200507 0.019327 -0.489691
v 0.147500 0.008417 -0.475874
v 0.323304 0.010661 -0.433357
v 0.307939 0.010932 -0.440887
v 0.326283 0.024938 -0.434386
v 0.316004 0.031745 -0.438366
v 0.323304 0.010661 -0.433357
v 0.139482 0.027235 -0.435104
v 0.122799 0.030395 -0.423840
v 0.139482 0.027235 -0.435104
v 0.140336 0.045673 -0.433920
v 0.175262 0.027307 -0.484947
v 0.156023 0.028916 -0.479639
v 0.176736 0.048218 -0.478843
v 0.165172 0.055826 -0.474207
v 0.175262 0.027307 -0.484947
v 0.225787 0.026542 -0.496435
v 0.206860 0.027239 -0.495429
v 0.227167 0.046227 -0.494306
v 0.214835 0.053654 -0.492091
v 0.225787 0.026542 -0.496435
v 0.287266 0.017958 -0.476751
v 0.269161 0.019193 -0.479487
v 0.280376 0.045850 -0.480067
v 0.267313 0.036552 -0.479072
v 0.307136 0.024810 -0.440513
v 0.204440 0.045022 -0.492398
v 0.154419 0.047413 -0.473203
v 0.131252 0.052992 -0.426480
v 0.122741 0.044726 -0.420816
v 0.288801 0.035163 -0.476375
v 0.307939 0.010932 -0.440887
v 0.269161 0.019193 -0.479487
v 0.206860 0.027239 -0.495429
v 0.156023 0.028916 -0.479639
v 0.337875 0.455534 -0.096658
v 0.376615 0.439169 -0.178974
v 0.368994 0.394073 -0.197342
v 0.349309 0.434558 -0.098351
v 0.116762 0.393965 -0.283986
v 0.072786 0.977141 -0.384290
v -0.005111 1.019879 -0.526169
v 0.065545 0.996365 -0.533462
v 0.213720 0.731923 -0.594283
v 0.218646 0.733384 -0.531292
v 0.203383 0.832842 -0.466749
v 0.195662 0.826202 -0.580408
v 0.337913 0.288643 -0.297364
v 0.355453 0.302577 -0.226557
v 0.372293 0.373342 -0.281715
v 0.056080 0.385567 -0.542130
v 0.041579 0.399454 -0.467982
v 0.097185 0.432941 -0.501295
v 0.107903 0.428130 -0.557480
v 0.099975 0.990525 0.442348
v 0.090836 0.969193 0.537791
v 0.042733 1.016820 -0.268641
v 0.258978 0.811359 -0.446027
v 0.269337 0.690003 -0.501747
v 0.365082 0.353366 -0.140979
v 0.241260 0.507124 -0.103708
v 0.200595 0.537632 -0.142773
v 0.211915 0.559406 -0.174898
v 0.159371 0.555389 -0.222803
v 0.245987 0.041609 -0.254289
v 0.041306 0.354451 -0.099259
v 0.033105 0.350034 -0.234485
v 0.065085 0.942932 0.606263
v 0.046979 0.400432 0.429627
v 0.067117 0.308353 0.357574
v 0.054986 0.926111 0.629691
v 0.039408 0.907281 0.648340
v 0.038717 0.387199 -0.449384
v 0.052859 0.351569 -0.021530
v 0.039278 0.840193 0.662397
v 0.061415 0.830188 0.636302
v 0.236061 0.643902 0.299766
v 0.234751 0.595875 0.225819
v 0.191857 0.515333 0.273147
v 0.185461 0.568136 0.320867
v 0.232818 0.597315 0.131916
v 0.206124 0.530277 0.149169
v 0.217343 0.105272 -0.343387
v 0.094639 0.442807 0.421025
v 0.137859 0.389796 0.339936
v 0.041062 0.453628 0.521085
v 0.014230 0.474193 0.577343
v 0.042092 0.366433 -0.303780
v 0.265577 0.615004 -0.145398
v 0.281365 0.511278 -0.096847
v 0.210783 0.472757 -0.161854
v 0.211915 0.559406 -0.174898
v 0.265577 0.615004 -0.145398
v 0.221823 0.609966 -0.126272
v 0.228226 0.644422 -0.132463
v 0.244658 0.603182 -0.010892
v 0.256893 0.603487 -0.069111
v 0.302458 0.450741 -0.074470
v 0.281365 0.511278 -0.096847
v 0.323220 0.521318 -0.110835
v 0.324022 0.428803 -0.068977
v 0.302458 0.450741 -0.074470
v 0.242023 0.408016 -0.167961
v 0.248471 0.373726 -0.166302
v 0.324022 0.428803 -0.068977
v 0.349011 0.352617 -0.114529
v 0.349011 0.352617 -0.114529
v 0.260607 0.297676 -0.163185
v -0.002483 0.801657 0.721601
v 0.019238 0.791133 0.678167
v 0.015444 0.792961 0.672929
v 0.186446 0.837858 0.096958
v 0.217963 0.731844 0.063324
v 0.314086 0.760568 -0.402638
v 0.374499 0.689351 -0.371743
v 0.330190 0.792077 -0.254323
v 0.285237 0.833875 -0.253998
v 0.261313 0.436533 -0.477956
v 0.338900 0.472189 -0.409613
v 0.334293 0.544510 -0.436523
v 0.247644 0.491050 -0.502485
v 0.255083 0.592862 -0.519688
v 0.261710 0.552783 -0.518445
v 0.305954 0.614793 -0.461609
v 0.279289 0.672354 -0.484158
v 0.250467 0.596809 -0.536807
v 0.150273 0.436385 -0.261255
v 0.202452 0.369807 -0.286161
v 0.159371 0.555389 -0.222803
v 0.148290 0.423160 -0.308680
v 0.133995 0.525264 -0.291732
v 0.199961 0.357108 -0.332825
v 0.200493 0.385888 -0.423237
v 0.152603 0.409162 -0.366880
v 0.193281 0.351952 -0.369342
v 0.210481 0.358095 -0.390688
v 0.237272 0.521285 -0.516414
v 0.207181 0.514938 -0.504290
v 0.168725 0.520548 -0.598159
v 0.175817 0.546941 -0.556675
v 0.223206 0.603273 -0.585302
v 0.209299 0.593415 -0.604287
v 0.099230 0.412043 -0.478448
v 0.384688 0.494622 -0.189239
v 0.303140 0.620129 -0.158865
v 0.345651 0.583317 -0.180674
v 0.375938 0.411781 -0.276489
v 0.324642 0.384794 -0.364321
v 0.307566 0.329660 -0.373968
v 0.231153 0.279686 -0.353620
v 0.255012 0.339879 -0.369722
v 0.209263 0.336875 -0.353618
v 0.194335 0.283261 -0.324926
v 0.271130 0.265259 -0.362226
v 0.265577 0.615004 -0.145398
v 0.190506 0.322602 -0.326861
v 0.179430 0.283639 -0.301842
v 0.377120 0.273946 -0.152080
v 0.391259 0.196656 -0.196087
v 0.286135 0.146131 -0.211325
v 0.278410 0.204714 -0.188470
v 0.193412 0.315837 -0.290421
v 0.186389 0.284917 -0.259190
v 0.283672 0.100569 -0.222597
v 0.239817 0.069216 -0.233454
v 0.232265 0.113718 -0.222394
v 0.211363 0.049512 -0.263418
v 0.208170 0.078673 -0.245887
v 0.287266 0.017958 -0.476751
v 0.189220 0.196082 -0.255787
v 0.189445 0.202021 -0.274609
v 0.208117 0.218672 -0.307557
v 0.209615 0.194685 -0.235949
v 0.206368 0.127295 -0.237790
v 0.180917 0.132946 -0.250764
v 0.208151 0.318739 -0.261500
v 0.203931 0.289949 -0.225817
v 0.233300 0.193694 -0.212521
v 0.236816 0.202260 -0.324599
v 0.297345 0.190710 -0.314984
v 0.388151 0.271429 -0.170160
v 0.377120 0.273946 -0.152080
v 0.139824 0.859576 0.601373
v 0.091124 0.840492 0.624467
v 0.175035 0.914876 0.482815
v 0.031697 0.476534 0.521679
v 0.059095 0.500006 0.448774
v 0.272738 0.740481 0.321939
v 0.200915 0.891071 0.418277
v 0.123036 0.542651 0.390575
v 0.171952 0.765964 0.645279
v 0.128665 0.725494 0.682444
v 0.091124 0.840492 0.624467
v 0.139824 0.859576 0.601373
v 0.235774 0.670132 0.315628
v 0.246743 0.650856 0.319821
v 0.309002 0.712051 0.389454
v 0.292015 0.745456 0.365800
v 0.233403 0.646802 0.656658
v 0.234631 0.688802 0.637489
v 0.288568 0.582266 0.600782
v 0.255677 0.559282 0.641321
v 0.215281 0.621788 0.678466
v 0.222446 0.531778 0.672905
v 0.144119 0.379757 0.639174
v 0.152683 0.395482 0.622780
v 0.199896 0.408988 0.653353
v 0.201892 0.390704 0.656068
v 0.175035 0.914876 0.482815
v 0.230019 0.804271 0.573202
v 0.206937 0.791393 0.604543
v 0.121485 0.388257 0.536606
v 0.126479 0.382489 0.529611
v 0.115545 0.364204 0.447875
v 0.102626 0.370745 0.439203
v 0.043000 0.467664 0.455858
v 0.063945 0.491915 0.406066
v 0.059095 0.500006 0.448774
v 0.031697 0.476534 0.521679
v 0.054682 0.453187 0.460730
v 0.075610 0.465665 0.389930
v 0.202065 0.681371 0.667421
v 0.155218 0.668881 0.691866
v 0.117421 0.213428 0.559111
v 0.114554 0.152677 0.554718
v 0.141175 0.146666 0.526845
v 0.143418 0.211373 0.506394
v 0.157111 0.111493 0.662776
v 0.114554 0.152677 0.554718
v 0.117421 0.213428 0.559111
v 0.153305 0.220453 0.649306
v 0.263500 0.086559 0.628010
v 0.233637 0.071493 0.669221
v 0.235798 0.111952 0.656939
v 0.268737 0.121291 0.621446
v 0.276628 0.095170 0.588767
v 0.273824 0.130619 0.590513
v 0.197714 0.224337 0.664546
v 0.197397 0.108655 0.679131
v 0.267786 -0.020747 0.452981
v 0.298514 -0.006300 0.477491
v 0.297201 -0.011389 0.455845
v 0.288380 -0.006701 0.442003
v 0.147314 -0.019803 0.441243
v 0.160828 -0.012408 0.412785
v 0.146068 0.003218 0.416056
v 0.127357 0.000259 0.441927
v 0.306126 0.051105 0.516775
v 0.292960 0.015254 0.522687
v 0.276724 0.039860 0.551033
v 0.289287 0.067734 0.546065
v 0.174958 0.075442 0.420422
v 0.144893 0.076027 0.423687
v 0.178053 0.069565 0.411499
v 0.198560 0.090974 0.398382
v 0.213462 0.082302 0.399834
v 0.219836 0.078807 0.412136
v 0.194537 0.096128 0.414270
v 0.241378 0.084190 0.405012
v 0.253088 0.069338 0.410859
v 0.255085 0.064878 0.426053
v 0.236475 0.091302 0.421635
v 0.288607 0.042506 0.441187
v 0.286709 0.054087 0.450504
v 0.290723 0.059894 0.437634
v 0.284166 0.092227 0.511679
v 0.274456 0.076571 0.483152
v 0.300459 0.073293 0.494865
v 0.309939 0.011095 0.466570
v 0.309951 0.006815 0.491612
v 0.315716 0.041681 0.489381
v 0.317341 0.041656 0.466563
v 0.195649 -0.025093 0.435428
v 0.185430 -0.001093 0.402855
v 0.273645 -0.004338 0.429000
v 0.260186 0.008982 0.415498
v 0.270567 0.087558 0.466789
v 0.250286 -0.010037 0.521388
v 0.280395 0.000336 0.526769
v 0.302306 0.062506 0.469760
v 0.128337 0.012882 0.475104
v 0.146288 -0.006389 0.494260
v 0.176170 -0.010868 0.506104
v 0.174784 0.093064 0.438447
v 0.144516 0.085919 0.443610
v 0.218348 0.086720 0.422888
v 0.212784 0.092527 0.442318
v 0.193575 0.099802 0.437679
v 0.253725 0.070360 0.440797
v 0.249033 0.089723 0.461101
v 0.228963 0.100192 0.439918
v 0.281225 0.059830 0.463546
v 0.278662 0.077655 0.441730
v 0.294640 -0.004391 0.428322
v 0.304915 -0.012287 0.443016
v 0.298523 0.039672 0.429139
v 0.288607 0.042506 0.441187
v 0.288380 -0.006701 0.442003
v 0.294640 -0.004391 0.428322
v 0.326393 0.043532 0.451717
v 0.317341 0.041656 0.466563
v 0.308711 0.060920 0.455947
v 0.318436 0.061032 0.441120
v 0.320668 0.006672 0.450165
v 0.309939 0.011095 0.466570
v 0.159095 -0.015403 0.389359
v 0.180279 -0.000787 0.384945
v 0.140485 0.004250 0.391498
v 0.165650 0.075765 0.390492
v 0.169776 0.068151 0.404668
v 0.149838 0.070215 0.408631
v 0.145998 0.072767 0.393758
v 0.180279 -0.000787 0.384945
v 0.185430 -0.001093 0.402855
v 0.179558 0.059157 0.404096
v 0.175274 0.056866 0.384608
v 0.205162 -0.005340 0.404138
v 0.200257 -0.015111 0.373262
v 0.181204 -0.003077 0.369163
v 0.175816 0.057967 0.368290
v 0.181204 -0.003077 0.369163
v 0.211855 0.081011 0.373557
v 0.213462 0.082302 0.399834
v 0.198560 0.090974 0.398382
v 0.198068 0.091189 0.373356
v 0.218833 -0.001363 0.372814
v 0.223132 0.009386 0.403271
v 0.220098 0.064929 0.403456
v 0.218778 0.057007 0.373058
v 0.223132 0.009386 0.403271
v 0.239017 -0.000939 0.408619
v 0.245410 -0.014223 0.378085
v 0.225124 -0.001153 0.370614
v 0.220824 0.048318 0.371086
v 0.225124 -0.001153 0.370614
v 0.241378 0.084190 0.405012
v 0.245795 0.075501 0.378887
v 0.261014 0.062491 0.381898
v 0.253088 0.069338 0.410859
v 0.266856 -0.002654 0.381972
v 0.260186 0.008982 0.415498
v 0.256712 0.052127 0.417476
v 0.268478 0.037972 0.383803
v 0.284518 -0.013196 0.402386
v 0.270084 -0.000657 0.393107
v 0.272094 0.041137 0.393915
v 0.270084 -0.000657 0.393107
v 0.290723 0.059894 0.437634
v 0.305568 0.063909 0.411258
v 0.306062 0.040932 0.414611
v 0.301789 -0.005576 0.411226
v 0.316097 -0.008823 0.426372
v 0.305539 0.000286 0.417495
v 0.334038 0.043240 0.437234
v 0.324692 0.056753 0.429776
v 0.327675 0.011258 0.435838
v 0.173425 0.003619 0.372705
v 0.156526 -0.008897 0.373058
v 0.144784 0.014396 0.378859
v 0.147341 0.070609 0.378663
v 0.163065 0.072926 0.376628
v 0.170996 0.054433 0.371521
v 0.173425 0.003619 0.372705
v 0.199233 -0.008529 0.350364
v 0.184966 0.003891 0.346616
v 0.199941 0.081246 0.354178
v 0.214143 0.071384 0.352380
v 0.221600 0.044571 0.348980
v 0.213333 0.004270 0.351610
v 0.248825 -0.012161 0.359171
v 0.233444 0.000470 0.355272
v 0.248654 0.060590 0.357038
v 0.261522 0.047685 0.362817
v 0.267419 0.027293 0.363245
v 0.264341 -0.000085 0.362517
v 0.293736 -0.010720 0.385367
v 0.280879 -0.002176 0.380680
v 0.311943 0.052444 0.391124
v 0.313867 0.035172 0.395779
v 0.308426 0.002969 0.392501
v 0.300230 0.058338 0.388204
v 0.293104 0.070688 0.405861
v 0.277584 0.060565 0.398823
v 0.285254 0.047609 0.384220
v 0.282923 0.071939 0.428259
v 0.265134 0.062691 0.421075
v 0.265134 0.062691 0.421075
v 0.282923 0.071939 0.428259
v 0.314113 0.052348 0.422684
v 0.306339 0.054908 0.432304
v 0.305765 0.036850 0.418612
v 0.297796 0.053473 0.446446
v 0.297796 0.053473 0.446446
v 0.231955 0.069809 0.375889
v 0.233782 0.056662 0.356629
v 0.229266 0.076558 0.402536
v 0.229266 0.076558 0.402536
v 0.183377 0.082997 0.369725
v 0.185074 0.075710 0.351282
v 0.185108 0.078199 0.399504
v 0.185108 0.078199 0.399504
v 0.190445 0.112747 0.461621
v 0.138772 0.046499 0.394171
v 0.138752 0.050945 0.380668
v 0.141494 0.036902 0.410927
v 0.129508 0.032774 0.433246
v 0.141494 0.036902 0.410927
v 0.149838 0.070215 0.408631
v 0.125845 0.047814 0.464487
v 0.145190 0.101014 0.464661
v 0.189183 0.131893 0.470953
v 0.145719 0.122862 0.487454
v 0.127023 0.050915 0.571908
v 0.168545 0.007922 0.595043
v 0.168545 0.025409 0.534104
v 0.134387 0.048783 0.510059
v 0.217871 0.020396 0.543462
v 0.207342 0.003694 0.597518
v 0.258450 0.023638 0.557123
v 0.251429 0.017533 0.599920
v 0.266713 0.041609 0.592627
v 0.271799 0.115173 0.534419
v 0.244512 0.129035 0.485954
v 0.245538 0.110867 0.477075
v 0.124212 0.072883 0.496099
v 0.130600 0.092765 0.539772
v 0.127023 0.050915 0.571908
v 0.134387 0.048783 0.510059
v 0.128337 0.012882 0.475104
v 0.127357 0.000259 0.441927
v 0.146068 0.003218 0.416056
v 0.146068 0.003218 0.416056
v 0.140485 0.004250 0.391498
v 0.320668 0.006672 0.450165
v 0.327675 0.011258 0.435838
v 0.279796 0.029694 0.380202
v 0.256712 0.052127 0.417476
v 0.227566 0.035728 0.354813
v 0.220098 0.064929 0.403456
v 0.176846 0.052278 0.345438
v 0.179558 0.059157 0.404096
v 0.169776 0.068151 0.404668
v 0.308711 0.060920 0.455947
v 0.218833 -0.001363 0.372814
v 0.213333 0.004270 0.351610
v 0.266856 -0.002654 0.381972
v 0.264341 -0.000085 0.362517
v 0.232488 -0.013255 0.437555
v 0.308426 0.002969 0.392501
v 0.301789 -0.005576 0.411226
v 0.305539 0.000286 0.417495
v 0.280879 -0.002176 0.380680
v 0.233444 0.000470 0.355272
v 0.184966 0.003891 0.346616
v 0.144784 0.014396 0.378859
v 0.314736 0.016918 0.412817
v 0.322029 0.045683 0.417197
v 0.331130 0.037935 0.422884
v 0.327809 0.017055 0.422827
v 0.146825 0.023045 0.367640
v 0.166118 0.051643 0.367188
v 0.164385 0.019959 0.366278
v 0.189735 0.017414 0.341384
v 0.199503 0.067971 0.344564
v 0.214358 0.054035 0.346785
v 0.212124 0.022268 0.344057
v 0.239420 0.003994 0.348800
v 0.247453 0.047507 0.357670
v 0.258075 0.035542 0.359578
v 0.258265 0.007542 0.354033
v 0.291862 0.012371 0.374759
v 0.311610 0.039587 0.384659
v 0.309922 0.015461 0.381272
v 0.291441 0.034912 0.377864
v 0.301600 0.049087 0.379832
v 0.316260 0.034161 0.415202
v 0.237778 0.040076 0.353818
v 0.187571 0.054063 0.343524
v 0.145031 0.052864 0.368926
v 0.155346 0.066487 0.367201
v 0.314736 0.016918 0.412817
v 0.291862 0.012371 0.374759
v 0.239420 0.003994 0.348800
v 0.189735 0.017414 0.341384
v 0.146825 0.023045 0.367640
v 0.272723 0.229078 0.617217
v 0.286362 0.217231 0.570437
v 0.234040 0.230730 0.655424
v 0.119812 0.081179 0.593449
v 0.153767 0.068731 0.675171
v 0.119812 0.081179 0.593449
v 0.191817 0.064337 0.688752
v 0.272365 0.210326 0.532422
v 0.266179 0.144588 0.547636
v 0.244884 0.151334 0.488725
v 0.151074 0.017835 0.630355
v 0.126742 0.044850 0.624697
v 0.200492 0.008526 0.634074
v 0.246603 0.017616 0.637113
v 0.257858 0.041588 0.631981
v 0.152805 0.040783 0.664600
v 0.195739 0.030703 0.672026
v 0.126742 0.044850 0.624697
v 0.216831 0.322492 0.346081
v 0.234345 0.350240 0.333957
v 0.200315 0.342880 0.324246
v 0.201014 0.317504 0.349133
v 0.196459 0.332059 0.676330
v 0.143709 0.323619 0.656539
v 0.244226 0.400943 0.665873
v 0.239385 0.422395 0.638087
v 0.280261 0.445496 0.586637
v 0.280819 0.483370 0.607172
v 0.304607 0.498847 0.545414
v 0.290806 0.451718 0.522298
v 0.247100 0.471842 0.648070
v 0.258800 0.570728 0.306826
v 0.254536 0.481987 0.313146
v 0.314969 0.500032 0.372265
v 0.317571 0.609807 0.365356
v 0.185461 0.568136 0.320867
v 0.195128 0.605737 0.338380
v 0.236061 0.643902 0.299766
v 0.199264 0.588564 0.319374
v 0.189617 0.509988 0.297181
v 0.187693 0.448488 0.299171
v 0.248563 0.355439 0.373056
v 0.230699 0.314041 0.391064
v 0.192569 0.202223 0.457781
v 0.249029 0.212637 0.482497
v 0.238194 0.270525 0.439501
v 0.189632 0.264361 0.417104
v 0.101563 0.305582 0.554782
v 0.103213 0.355162 0.553814
v 0.235903 0.034243 0.662916
v 0.193230 0.455692 0.658499
v 0.182646 0.489816 0.685070
v 0.170275 0.597442 0.692440
v 0.280521 0.420293 0.516291
v 0.276377 0.428030 0.586087
v 0.190065 0.152302 0.471615
v 0.152927 0.149744 0.483878
v 0.153498 0.350600 0.338714
v 0.193391 0.387281 0.300644
v 0.152172 0.387287 0.319040
v 0.300729 0.728418 0.524744
v 0.264048 0.788927 0.518918
v 0.296773 0.337318 0.603160
v 0.305100 0.321975 0.545814
v 0.256780 0.342760 0.667967
v 0.125836 0.302201 0.493674
v 0.101563 0.305582 0.554782
v 0.282046 0.327282 0.469750
v 0.275285 0.286587 0.497436
v 0.302869 0.378379 0.531349
v 0.126479 0.382489 0.529611
v 0.292815 0.400390 0.602732
v 0.291873 0.436348 0.437028
v 0.311731 0.490249 0.472950
v 0.079269 0.396223 0.435289
v 0.095787 0.416565 0.536674
v 0.242453 0.442137 0.635425
v 0.095787 0.416565 0.536674
v 0.113443 0.428255 0.611840
v 0.143473 0.398875 0.614319
v 0.121485 0.388257 0.536606
v 0.199311 0.420637 0.657005
v 0.151177 0.207676 0.471267
v 0.132466 0.277463 0.435934
v 0.300859 0.590933 0.565011
v 0.318499 0.617482 0.479719
v 0.113275 0.380194 0.368803
v 0.132586 0.363484 0.383183
v 0.146012 0.337241 0.388283
v 0.164773 0.326887 0.355532
v 0.170913 0.299712 0.386289
v 0.203033 0.291148 0.377487
v 0.092095 0.419968 0.362648
v 0.248078 0.403587 0.326339
v 0.289381 0.384270 0.446314
v 0.272738 0.740481 0.321939
v 0.200915 0.891071 0.418277
v 0.218427 -0.013114 0.501536
v 0.145623 0.019913 0.502674
v 0.171639 0.017874 0.522348
v 0.212096 0.011761 0.520298
v 0.246299 0.011414 0.543671
v 0.266063 0.021915 0.545936
v 0.137948 0.435722 0.331490
v 0.106539 0.338133 0.474236
v 0.272103 0.414950 0.368437
v 0.128855 0.478479 0.332585
v 0.136101 0.549899 0.394795
v 0.123036 0.542651 0.390575
v 0.103213 0.355162 0.553814
v -0.003126 0.813766 0.722550
v 0.188257 0.435812 -0.463934
v 0.197838 0.442644 -0.478169
v 0.255703 0.417971 -0.465672
v 0.328283 0.441006 -0.397377
v 0.390491 0.484947 -0.310141
v 0.396149 0.513439 -0.325057
v 0.256738 0.372386 -0.403824
v 0.249614 0.388238 -0.432193
v 0.325631 0.411614 -0.384228
v 0.381882 0.439291 -0.291819
v 0.393826 0.603381 -0.363447
v 0.198114 0.462459 -0.489002
v 0.219153 0.540988 -0.559628
v 0.166843 0.450020 -0.379903
v 0.177232 0.433967 -0.476506
v 0.173692 0.433022 -0.403189
v 0.151650 0.492847 -0.539761
v 0.152906 0.462672 -0.508677
v 0.051442 0.351652 -0.343024
v 0.110733 0.399407 -0.180410
v 0.390491 0.484947 -0.310141
v 0.328283 0.441006 -0.397377
v 0.255703 0.417971 -0.465672
v 0.188257 0.435812 -0.463934
v 0.130918 0.496347 -0.357024
v 0.230914 0.705935 -0.048274
v 0.240449 0.689360 -0.086006
v 0.392212 0.547878 -0.214124
v 0.374503 0.689629 -0.240807
v 0.391064 0.595188 -0.220453
v 0.392212 0.547878 -0.214124
v 0.340309 0.639044 -0.168752
v 0.287574 0.682262 -0.133487
v 0.251514 0.720464 -0.125095
v 0.303134 0.717823 -0.167917
v 0.303140 0.620129 -0.158865
v 0.345651 0.583317 -0.180674
v 0.123976 0.518448 0.358285
v 0.053693 0.804058 0.662452
v 0.039278 0.840193 0.662397
v 0.061415 0.830188 0.636302
v 0.149972 0.443718 0.657708
v 0.022214 0.766390 0.689403
v 0.078458 0.775883 0.679808
v 0.022214 0.766390 0.689403
v 0.015444 0.792961 0.672929
v 0.053693 0.804058 0.662452
v 0.061415 0.830188 0.636302
v 0.089829 0.680633 0.701719
v 0.033832 0.655016 0.707944
v 0.033832 0.655016 0.707944
v 0.103914 0.637058 0.703625
v 0.036117 0.616094 0.707415
v 0.036117 0.616094 0.707415
v 0.057354 0.489644 0.587492
v 0.026955 0.497190 0.627700
v 0.026955 0.497190 0.627700
v 0.103945 0.557776 0.689597
v 0.025908 0.569883 0.697625
v 0.025908 0.569883 0.697625
v 0.024766 0.521751 0.673720
v 0.026955 0.497190 0.627700
v 0.071242 0.504015 0.649287
v 0.024766 0.521751 0.673720
v 0.057354 0.489644 0.587492
v 0.026955 0.497190 0.627700
v 0.269866 0.720395 0.594782
v 0.339339 0.205084 -0.280244
v 0.325095 0.151878 -0.309424
v 0.399172 0.201015 -0.218278
v 0.213544 0.116676 -0.336280
v 0.273433 0.124555 -0.337645
v 0.282580 0.145238 -0.327066
v 0.224094 0.146907 -0.328890
v 0.193055 0.148016 -0.293779
v 0.176802 0.143295 -0.273861
v 0.391259 0.196656 -0.196087
v 0.220667 0.768862 -0.098931
v 0.251239 0.787089 -0.159119
v 0.099341 0.965104 0.229635
v 0.081214 0.947973 0.132376
v 0.188970 0.913404 -0.391652
v 0.161841 0.927136 -0.541705
v 0.211073 0.064555 0.323501
v 0.214928 0.033877 0.329360
v 0.212124 0.022268 0.344057
v 0.214358 0.054035 0.346785
v 0.213099 0.039400 0.295598
v 0.214383 0.022418 0.305172
v 0.204914 -0.010717 0.286707
v 0.204773 -0.011789 0.289514
v 0.199503 0.067971 0.344564
v 0.200293 0.073045 0.317239
v 0.204291 0.043521 0.288185
v 0.195448 0.013128 0.303661
v 0.195448 0.013128 0.303661
v 0.188362 0.024457 0.325374
v 0.188362 0.024457 0.325374
v 0.189735 0.017414 0.341384
v 0.189735 0.017414 0.341384
v 0.188362 0.024457 0.325374
v 0.191756 0.059091 0.317593
v 0.187571 0.054063 0.343524
v 0.195448 0.013128 0.303661
v 0.196181 0.031333 0.292185
v 0.204773 -0.011789 0.289514
v 0.163406 0.044361 0.344504
v 0.163160 0.018821 0.352175
v 0.164385 0.019959 0.366278
v 0.166118 0.051643 0.367188
v 0.160054 0.018731 0.320423
v 0.160598 0.007840 0.329660
v 0.150689 -0.011200 0.317717
v 0.151438 -0.011880 0.319819
v 0.154984 0.058404 0.340057
v 0.155346 0.066487 0.367201
v 0.153790 0.024554 0.316165
v 0.151438 -0.011880 0.319819
v 0.146826 0.008658 0.328063
v 0.160598 0.007840 0.329660
v 0.143240 0.020329 0.351206
v 0.163160 0.018821 0.352175
v 0.160598 0.007840 0.329660
v 0.146825 0.023045 0.367640
v 0.164385 0.019959 0.366278
v 0.163160 0.018821 0.352175
v 0.145579 0.052810 0.341003
v 0.145031 0.052864 0.368926
v 0.147782 0.019938 0.318850
v 0.263798 0.048421 0.339953
v 0.263449 0.015728 0.339268
v 0.258265 0.007542 0.354033
v 0.258075 0.035542 0.359578
v 0.266787 0.032837 0.312766
v 0.264259 0.014104 0.319059
v 0.263744 -0.009365 0.301650
v 0.263517 -0.010741 0.305249
v 0.253435 0.060529 0.335744
v 0.247453 0.047507 0.357670
v 0.262187 0.042776 0.306568
v 0.239420 0.003994 0.348800
v 0.244626 0.025867 0.332655
v 0.244319 0.048784 0.334845
v 0.237778 0.040076 0.353818
v 0.252315 0.021609 0.314591
v 0.255080 0.036111 0.309645
v 0.263517 -0.010741 0.305249
v 0.264259 0.014104 0.319059
v 0.263449 0.015728 0.339268
v 0.258265 0.007542 0.354033
v 0.321324 0.043184 0.365594
v 0.320217 0.019279 0.368313
v 0.309922 0.015461 0.381272
v 0.311610 0.039587 0.384659
v 0.328539 0.028479 0.344986
v 0.323133 0.011835 0.354756
v 0.324906 -0.009888 0.338576
v 0.324391 -0.011634 0.341513
v 0.312850 0.052538 0.359507
v 0.301600 0.049087 0.379832
v 0.322348 0.033382 0.341430
v 0.291862 0.012371 0.374759
v 0.299619 0.023969 0.358679
v 0.302884 0.044271 0.358070
v 0.291441 0.034912 0.377864
v 0.311848 0.015099 0.345553
v 0.313815 0.027714 0.342065
v 0.324391 -0.011634 0.341513
v 0.323133 0.011835 0.354756
v 0.320217 0.019279 0.368313
v 0.309922 0.015461 0.381272
v 0.331130 0.037935 0.422884
v 0.340659 0.035072 0.401805
v 0.337069 0.013128 0.407354
v 0.327809 0.017055 0.422827
v 0.347265 0.019057 0.385599
v 0.343650 0.007074 0.393457
v 0.344714 -0.008271 0.380624
v 0.343504 -0.009652 0.382850
v 0.333259 0.042734 0.396530
v 0.322029 0.045683 0.417197
v 0.344107 0.024361 0.379769
v 0.314736 0.016918 0.412817
v 0.322863 0.018345 0.398213
v 0.327328 0.032882 0.396771
v 0.316260 0.034161 0.415202
v 0.334901 0.010040 0.386941
v 0.337458 0.018487 0.382809
v 0.343504 -0.009652 0.382850
v 0.343650 0.007074 0.393457
v 0.337069 0.013128 0.407354
v 0.327809 0.017055 0.422827
v 0.164385 0.019959 0.366278
v 0.212124 0.022268 0.344057
v 0.258265 0.007542 0.354033
v 0.309922 0.015461 0.381272
v 0.327809 0.017055 0.422827
v 0.355959 0.087608 -0.258053
v 0.108735 0.985441 0.342809
v 0.061180 0.324917 0.075413
v 0.130162 0.383530 0.070378
v 0.149303 0.351974 0.266454
v 0.072895 0.284262 0.286721
v 0.142431 0.360223 0.164383
v 0.064764 0.297892 0.179573
v 0.179625 0.878693 -0.147049
v 0.109342 0.914995 -0.149245
v 0.228143 0.919106 -0.278202
v 0.265947 0.882839 -0.263849
v 0.216796 0.766386 0.004592
v 0.228850 0.590967 0.037416
v 0.212327 0.835551 -0.155386
v 0.196382 0.814131 -0.092179
v 0.208977 0.496009 0.054085
v 0.165071 0.869772 -0.075537
v 0.088909 0.942370 -0.053042
v 0.179096 0.843501 0.027424
v 0.084896 0.946749 0.054540
v 0.382222 0.142919 -0.263785
v 0.381170 0.172564 -0.211320
v 0.389037 0.168972 -0.235026
v 0.363794 0.130795 -0.217488
v 0.188392 0.076560 -0.251530
v 0.189179 0.052300 -0.262427
v 0.381170 0.172564 -0.211320
v 0.310588 0.117190 -0.310478
v 0.006429 0.525674 -1.086591
v 0.006490 0.524948 -1.093162
v -0.007529 0.528311 -1.092242
v -0.006530 0.531880 -1.083276
v -0.024681 0.559564 -1.057971
v -0.020625 0.555782 -1.058865
v -0.034005 0.554930 -1.069968
v -0.040227 0.559397 -1.063319
v -0.015658 0.545639 -1.081215
v -0.022669 0.542224 -1.082770
v -0.014365 0.553430 -1.069979
v -0.031045 0.550510 -1.085733
v -0.029319 0.572905 -1.087174
v -0.038558 0.583190 -1.067022
v -0.006530 0.531880 -1.083276
v -0.010119 0.555484 -1.079886
v 0.006220 0.549925 -1.083168
v 0.006429 0.525674 -1.086591
v 0.006490 0.524948 -1.093162
v 0.006414 0.542948 -1.099877
v -0.008218 0.540711 -1.099838
v -0.007529 0.528311 -1.092242
v -0.012687 0.524919 -1.083355
v -0.014288 0.522742 -1.087778
v -0.021456 0.543448 -1.096379
v -0.015658 0.545639 -1.081215
v -0.032465 0.554216 -1.054472
v -0.034254 0.577528 -1.031956
v -0.036516 0.571055 -1.040876
v -0.038377 0.567002 -1.024848
v -0.022669 0.542224 -1.082770
v -0.052781 0.587294 -1.016492
v -0.057703 0.603813 -0.971962
v -0.039785 0.590721 -0.976624
v -0.039972 0.579490 -1.011421
v -0.038377 0.567002 -1.024848
v -0.048764 0.576687 -1.038118
v -0.017797 0.518895 -1.038933
v -0.029572 0.516528 -1.040650
v -0.027966 0.508922 -1.047110
v -0.015527 0.514224 -1.045950
v -0.006945 0.478551 -1.049080
v -0.016745 0.492648 -1.068059
v -0.022580 0.495115 -1.058362
v -0.023434 0.493497 -1.036090
v 0.000089 0.500551 -1.071799
v -0.003149 0.497911 -1.054430
v -0.009271 0.499887 -1.062022
v -0.013117 0.496880 -1.064054
v 0.001295 0.498557 -1.077676
v 0.000089 0.500551 -1.071799
v -0.004145 0.496754 -1.077350
v -0.002496 0.487969 -1.071010
v -0.009672 0.498863 -1.077370
v -0.013117 0.496880 -1.064054
v -0.026815 0.528050 -1.041419
v -0.035690 0.536029 -1.020186
v -0.027814 0.537822 -1.028719
v -0.041907 0.570895 -0.944861
v -0.039900 0.559933 -0.967113
v -0.037148 0.575553 -0.965716
v -0.036668 0.587249 -0.955437
v -0.036983 0.556144 -0.998098
v -0.032470 0.572433 -0.993797
v -0.028601 0.558259 -1.003404
v -0.029525 0.545326 -1.027545
v -0.015011 0.497679 -1.061936
v -0.037770 0.599243 -0.978254
v -0.022945 0.572105 -0.963194
v -0.029949 0.587635 -0.960407
v -0.058513 0.641287 -0.907363
v -0.060106 0.620815 -0.925482
v -0.059530 0.617673 -0.945267
v -0.059642 0.638941 -0.941847
v -0.043774 0.615645 -0.948889
v -0.043457 0.618544 -0.925310
v -0.010464 0.561147 -1.070606
v -0.032734 0.513258 -1.052100
v -0.027851 0.537384 -1.059065
v -0.024615 0.534392 -1.063523
v -0.032734 0.513258 -1.052100
v -0.024615 0.534392 -1.063523
v -0.027886 0.531076 -1.072376
v -0.032734 0.513258 -1.052100
v -0.035431 0.532993 -1.072104
v -0.035582 0.537156 -1.065624
v -0.032734 0.513258 -1.052100
v -0.035582 0.537156 -1.065624
v -0.027851 0.537384 -1.059065
v -0.036516 0.571055 -1.040876
v -0.037049 0.587475 -1.003278
v -0.039972 0.579490 -1.011421
v -0.039785 0.590721 -0.976624
v -0.037770 0.599243 -0.978254
v -0.032734 0.513258 -1.052100
v -0.027886 0.531076 -1.072376
v -0.035431 0.532993 -1.072104
v -0.014171 0.512642 -1.070360
v -0.016883 0.519767 -1.062596
v -0.020195 0.527951 -1.081854
v -0.017552 0.509654 -1.073150
v -0.014171 0.512642 -1.070360
v -0.020195 0.527951 -1.081854
v -0.024332 0.517442 -1.064568
v -0.022132 0.510319 -1.071915
v -0.020195 0.527951 -1.081854
v -0.016883 0.519767 -1.062596
v -0.024332 0.517442 -1.064568
v -0.020195 0.527951 -1.081854
v -0.026815 0.528050 -1.041419
v -0.017797 0.518895 -1.038933
v -0.027814 0.537822 -1.028719
v -0.022132 0.510319 -1.071915
v -0.017552 0.509654 -1.073150
v -0.020195 0.527951 -1.081854
v -0.052074 0.617890 -0.914178
v -0.050345 0.604354 -0.919826
v -0.039874 0.611087 -0.915633
v -0.036271 0.621968 -0.908712
v -0.046741 0.588349 -0.909924
v -0.051417 0.618024 -0.893585
v -0.038123 0.547085 -0.983837
v -0.023686 0.567480 -0.947859
v -0.027989 0.592055 -0.913518
v -0.022945 0.572105 -0.963194
v -0.036097 0.624632 -0.951178
v -0.037016 0.604386 -1.001259
v -0.033154 0.591530 -1.043626
v -0.021086 0.573017 -1.062009
v -0.024681 0.559564 -1.057971
v -0.051253 0.605503 -1.017391
v -0.059360 0.626578 -0.977341
v -0.043774 0.615645 -0.948889
v -0.032465 0.554216 -1.054472
v -0.012687 0.524919 -1.083355
v -0.006715 0.524936 -1.084629
v -0.007368 0.522589 -1.089323
v -0.014288 0.522742 -1.087778
v -0.013175 0.566714 -1.098296
v -0.008218 0.540711 -1.099838
v -0.012687 0.524919 -1.083355
v -0.014288 0.522742 -1.087778
v -0.021456 0.543448 -1.096379
v -0.028557 0.506931 -1.025628
v -0.013282 0.515735 -1.035070
v -0.020449 0.540677 -0.993347
v -0.021876 0.548493 -0.999165
v -0.032470 0.572433 -0.993797
v -0.028601 0.558259 -1.003404
v -0.015527 0.514224 -1.045950
v -0.008847 0.502600 -1.058514
v -0.015011 0.497679 -1.061936
v -0.034066 0.528201 -1.006199
v -0.014365 0.553430 -1.069979
v -0.020625 0.555782 -1.058865
v -0.014365 0.553430 -1.069979
v -0.022669 0.542224 -1.082770
v -0.034005 0.554930 -1.069968
v -0.031045 0.550510 -1.085733
v -0.034005 0.554930 -1.069968
v -0.020625 0.555782 -1.058865
v -0.022669 0.542224 -1.082770
v -0.031045 0.550510 -1.085733
v 0.006520 0.475134 -1.053500
v 0.006573 0.486721 -1.069832
v 0.006496 0.499525 -1.071966
v 0.006564 0.495958 -1.076792
v -0.020625 0.555782 -1.058865
v -0.043457 0.618544 -0.925310
v -0.046665 0.594946 -1.041575
v 0.006414 0.542948 -1.099877
v 0.006274 0.565033 -1.102576
v -0.039874 0.611087 -0.915633
v -0.029949 0.587635 -0.960407
v 0.006496 0.499525 -1.071966
v 0.006412 0.494159 -1.057461
v -0.033750 0.626394 -0.891329
v -0.036271 0.621968 -0.908712
v -0.008847 0.502600 -1.058514
v -0.015527 0.514224 -1.045950
v -0.015011 0.497679 -1.061936
v -0.008847 0.502600 -1.058514
v -0.027966 0.508922 -1.047110
v -0.022580 0.495115 -1.058362
v -0.015527 0.514224 -1.045950
v -0.027966 0.508922 -1.047110
v -0.022580 0.495115 -1.058362
v -0.015011 0.497679 -1.061936
v -0.006715 0.524936 -1.084629
v -0.006530 0.531880 -1.083276
v -0.007529 0.528311 -1.092242
v -0.007368 0.522589 -1.089323
v -0.007368 0.522589 -1.089323
v -0.016856 0.609971 -1.046930
v -0.021362 0.631095 -1.005728
v 0.004890 0.637174 -1.003115
v 0.005484 0.608007 -1.047355
v 0.005928 0.580580 -1.075598
v -0.008419 0.580367 -1.075177
v -0.019011 0.648466 -0.937305
v 0.004189 0.653877 -0.935427
v -0.016761 0.646121 -0.872103
v 0.003606 0.652829 -0.866268
v -0.033750 0.626394 -0.891329
v -0.016761 0.646121 -0.872103
v -0.016782 0.653983 -0.829089
v 0.003274 0.657071 -0.830994
v 0.003606 0.652829 -0.866268
v -0.023708 0.625762 -0.866698
v 0.004774 0.562258 -0.924536
v 0.004124 0.595700 -0.877347
v 0.006142 0.507133 -1.037059
v 0.005434 0.530082 -0.973931
v -0.014485 0.645416 -0.817120
v 0.003137 0.645711 -0.805000
v -0.036271 0.621968 -0.908712
v -0.052074 0.617890 -0.914178
v -0.036271 0.621968 -0.908712
v -0.051417 0.618024 -0.893585
v -0.006715 0.524936 -1.084629
v -0.029525 0.545326 -1.027545
v 0.006401 0.506865 -1.067162
v -0.006331 0.513025 -1.058213
v -0.006970 0.525661 -1.039859
v 0.006106 0.517409 -1.041791
v 0.004799 0.569624 -0.933829
v 0.005311 0.547156 -0.974379
v -0.012487 0.556865 -0.972758
v -0.013226 0.580724 -0.934008
v -0.002415 0.514668 -1.068627
v 0.006409 0.510293 -1.071123
v 0.006070 0.530390 -1.048819
v -0.002595 0.535675 -1.049721
v -0.001251 0.576779 -0.984061
v 0.005209 0.570971 -0.983122
v 0.004689 0.595162 -0.943103
v -0.005382 0.602320 -0.945793
v 0.006473 0.505846 -1.074722
v -0.003299 0.508551 -1.072495
v -0.003299 0.508551 -1.072495
v 0.006473 0.505846 -1.074722
v -0.010121 0.517403 -1.061487
v -0.016071 0.535541 -1.044077
v -0.026104 0.569290 -0.976654
v -0.027105 0.593664 -0.938755
v -0.008186 0.519953 -1.060985
v -0.013360 0.535091 -1.043777
v -0.019480 0.578203 -0.982033
v -0.020322 0.603054 -0.944260
v 0.005735 0.535894 -1.014243
v -0.009049 0.543035 -1.012034
v -0.002180 0.558568 -1.020679
v 0.005659 0.552931 -1.020154
v -0.021384 0.552641 -1.016441
v -0.014817 0.559147 -1.018340
v -0.013516 0.593283 -0.886213
v 0.004313 0.578361 -0.884431
v -0.006852 0.615488 -0.895733
v 0.004175 0.611002 -0.896550
v -0.027537 0.606032 -0.889091
v -0.020752 0.615911 -0.893862
v -0.013280 0.601093 -0.851225
v 0.003875 0.592706 -0.845516
v -0.008718 0.620662 -0.852980
v 0.003783 0.616187 -0.855089
v -0.024108 0.612107 -0.849171
v -0.019680 0.621125 -0.855554
v -0.011433 1.061390 -0.169541
v -0.012761 1.069969 -0.089494
v -0.095724 1.021501 -0.066240
v -0.098895 1.024340 -0.180760
v -0.061315 1.015519 -0.270357
v -0.009748 1.028000 -0.250735
v -0.195942 0.948348 -0.159815
v -0.244217 0.912538 -0.287287
v -0.282752 0.873468 -0.282079
v -0.256344 0.887157 -0.179306
v -0.302169 0.826947 -0.283928
v -0.291981 0.834092 -0.214187
v -0.166065 0.960168 -0.087726
v -0.219592 0.909275 -0.112146
v -0.244137 0.848720 -0.124911
v -0.305809 0.870880 -0.429296
v -0.232879 0.848411 -0.520985
v -0.192737 0.946800 -0.453323
v -0.258129 0.960919 -0.377958
v -0.010754 1.113485 -0.254549
v -0.137960 1.057444 -0.266428
v -0.134659 1.027370 -0.361801
v -0.008913 1.075364 -0.337308
v -0.324830 0.895165 -0.371710
v -0.303046 0.758273 -0.445262
v -0.307938 0.784854 -0.473968
v -0.198555 0.821583 -0.586673
v -0.169067 0.923000 -0.547383
v -0.074506 0.994690 -0.535771
v -0.005096 1.019918 -0.527047
v -0.006891 1.021137 -0.419788
v -0.093875 0.985783 -0.429998
v -0.211589 0.727381 -0.602834
v -0.287484 0.982088 -0.285082
v -0.002186 0.976238 -0.646971
v -0.111771 0.956963 -0.652662
v -0.096753 0.893849 -0.728721
v -0.000175 0.926177 -0.721912
v -0.087413 0.536569 -0.719394
v -0.147539 0.573791 -0.737044
v -0.170401 0.536205 -0.676909
v -0.104109 0.480991 -0.679377
v -0.235152 0.640162 -0.651600
v -0.172819 0.644222 -0.715095
v -0.186494 0.733340 -0.702545
v -0.186485 0.771269 -0.645843
v -0.145757 0.821400 -0.717894
v -0.162552 0.886831 -0.640307
v 0.004838 0.473651 -0.773874
v -0.040312 0.494819 -0.736649
v -0.053088 0.442474 -0.680883
v 0.004433 0.433625 -0.688100
v -0.114348 0.412235 -0.595612
v -0.062160 0.378414 -0.585484
v -0.005492 1.048864 -0.525094
v -0.118418 1.011222 -0.543474
v -0.188692 0.951002 -0.534411
v -0.270767 0.632384 -0.599504
v -0.185927 0.478741 -0.602714
v -0.239787 0.834401 -0.568942
v 0.003815 0.369501 -0.573034
v -0.100631 0.852456 -0.784385
v 0.001648 0.858548 -0.811079
v -0.083154 0.523580 -0.816197
v -0.142014 0.605538 -0.811520
v -0.150806 0.652234 -0.824316
v -0.180283 0.702261 -0.831829
v -0.155049 0.756756 -0.810411
v 0.005120 0.459420 -0.815861
v -0.039978 0.496470 -0.812114
v -0.180628 0.714367 -0.832609
v -0.201467 0.719978 -0.777279
v -0.173555 0.637771 -0.778648
v -0.151140 0.663682 -0.830821
v -0.083170 0.526164 -0.826463
v -0.142073 0.607791 -0.815123
v -0.150519 0.584600 -0.788638
v -0.100989 0.515923 -0.800511
v 0.005120 0.459420 -0.815861
v -0.039910 0.495323 -0.809921
v -0.044842 0.477246 -0.794007
v 0.005245 0.437722 -0.814074
v -0.100631 0.852458 -0.784381
v -0.096087 0.878970 -0.756870
v -0.193221 0.793925 -0.749487
v -0.155295 0.765571 -0.806381
v 0.000881 0.903789 -0.775472
v 0.001648 0.858548 -0.811079
v -0.227795 0.821261 -0.702169
v -0.260664 0.719390 -0.726253
v -0.119148 0.474811 -0.738342
v -0.050781 0.423993 -0.769648
v -0.247235 0.641470 -0.730474
v -0.186750 0.534788 -0.733622
v 0.005538 0.406987 -0.796294
v -0.138704 0.965489 -0.648079
v -0.000944 0.976395 -0.702635
v -0.138379 0.666745 -0.875056
v -0.165620 0.724112 -0.865990
v -0.112843 0.593514 -0.900205
v 0.005564 0.476355 -0.893999
v -0.042329 0.524973 -0.931020
v -0.085822 0.566932 -0.927987
v -0.127724 0.630975 -0.883092
v -0.126851 0.820580 -0.852955
v -0.052843 0.865920 -0.849834
v -0.160704 0.762462 -0.873841
v 0.001932 0.850930 -0.842094
v -0.089747 0.858791 -0.844002
v -0.142611 0.789497 -0.869240
v -0.159819 0.825264 -0.824352
v -0.154375 0.811409 -0.847174
v -0.142791 0.818501 -0.852223
v -0.151263 0.830367 -0.828020
v -0.158255 0.884567 -0.834086
v -0.143658 0.892521 -0.828562
v -0.162541 0.893000 -0.807437
v -0.169777 0.887332 -0.825016
v -0.147156 0.863877 -0.846999
v -0.133988 0.866759 -0.853223
v -0.146262 0.876372 -0.817507
v -0.151782 0.852883 -0.805821
v -0.133956 0.842955 -0.816633
v -0.128754 0.860645 -0.835754
v -0.130753 0.835419 -0.856296
v -0.126851 0.820580 -0.852955
v -0.138684 0.813778 -0.871929
v -0.141553 0.835089 -0.859570
v -0.171047 0.852024 -0.812101
v -0.177566 0.875162 -0.814887
v -0.158255 0.884567 -0.834086
v -0.128754 0.860645 -0.835754
v -0.146262 0.876372 -0.817507
v -0.074718 0.674312 -1.008109
v -0.087483 0.670454 -0.991193
v -0.070826 0.651730 -1.000142
v -0.067638 0.662790 -1.013656
v -0.047882 0.680389 -1.027104
v -0.042394 0.673460 -1.022967
v -0.040653 0.672451 -1.035877
v -0.049610 0.682752 -1.036980
v -0.058351 0.559815 -0.994583
v -0.070548 0.564092 -0.983190
v -0.062393 0.553476 -0.993196
v -0.053692 0.559346 -1.006552
v -0.057395 0.669392 -1.019179
v -0.047401 0.667880 -1.020109
v -0.048221 0.681479 -1.007784
v -0.047882 0.680389 -1.027104
v -0.042394 0.673460 -1.022967
v -0.062933 0.679679 -1.021487
v -0.063914 0.678203 -1.018350
v -0.066982 0.688445 -1.028853
v -0.075664 0.686256 -1.017386
v -0.062933 0.679679 -1.021487
v -0.058878 0.681324 -1.024370
v -0.174583 0.871375 -0.787243
v -0.132043 0.886134 -0.779726
v -0.148650 0.867889 -0.769475
v -0.122799 0.624304 -0.916508
v -0.103189 0.612742 -0.939631
v -0.110233 0.627138 -0.948786
v -0.147259 0.653607 -0.915811
v -0.075754 0.682679 -1.007466
v -0.090819 0.683283 -0.992407
v -0.061197 0.672915 -1.018211
v -0.057395 0.669392 -1.019179
v -0.050141 0.658405 -1.017734
v -0.047401 0.667880 -1.020109
v -0.034281 0.679534 -1.046500
v -0.041343 0.698587 -1.044834
v -0.061197 0.672915 -1.018211
v -0.063914 0.678203 -1.018350
v -0.033188 0.662269 -1.031959
v -0.060428 0.559081 -0.998569
v -0.051712 0.564123 -0.993969
v -0.054157 0.562246 -0.994202
v -0.058635 0.547415 -1.026556
v -0.062047 0.554046 -1.003926
v -0.054086 0.557058 -1.001572
v -0.052344 0.544141 -1.027580
v -0.018016 0.499256 -1.071143
v -0.033608 0.508413 -1.054038
v -0.037587 0.502247 -1.056782
v -0.022507 0.495648 -1.074191
v -0.034582 0.494826 -1.050826
v -0.043788 0.518928 -1.045419
v -0.042598 0.512893 -1.033567
v -0.048271 0.549865 -1.023418
v -0.039206 0.527304 -1.045946
v -0.041898 0.549945 -1.023455
v -0.047050 0.561084 -1.005918
v -0.038623 0.546191 -1.009498
v -0.046177 0.565636 -0.987971
v -0.051619 0.594471 -0.986086
v -0.050429 0.578887 -0.981414
v -0.057618 0.605667 -0.921571
v -0.046047 0.629230 -0.950524
v -0.041657 0.527330 -1.067809
v -0.026222 0.518813 -1.094579
v -0.027931 0.536675 -1.105562
v -0.044704 0.548138 -1.083866
v -0.060462 0.574534 -1.032625
v -0.072106 0.588655 -1.006057
v -0.021317 0.578485 -1.124399
v -0.008486 0.585491 -1.138957
v -0.013103 0.598550 -1.125129
v -0.024648 0.589565 -1.115527
v -0.021774 0.565318 -1.109197
v -0.008005 0.558564 -1.117941
v -0.016269 0.575979 -1.121079
v -0.106630 0.684687 -0.971874
v -0.138889 0.691236 -0.928053
v -0.103607 0.644391 -0.966194
v -0.098015 0.662454 -0.975698
v -0.034709 0.656151 -1.030945
v -0.052613 0.647438 -1.014922
v -0.008005 0.558564 -1.117941
v -0.005349 0.573681 -1.114135
v -0.016269 0.575979 -1.121079
v -0.010131 0.534598 -1.114800
v -0.027803 0.576815 -1.098129
v -0.030495 0.597296 -1.094008
v -0.052806 0.560749 -1.059770
v -0.058878 0.681324 -1.024370
v -0.083434 0.604685 -0.954671
v -0.073724 0.621506 -0.983847
v -0.028667 0.663604 -1.042986
v -0.108273 0.704260 -0.980541
v -0.120072 0.725613 -0.955578
v -0.012801 0.668980 -1.047607
v -0.014271 0.689221 -1.044322
v -0.019655 0.711845 -1.037784
v -0.010894 0.605742 -1.103066
v -0.015186 0.628192 -1.075344
v -0.042595 0.612801 -1.064788
v -0.017097 0.653804 -1.056152
v -0.054730 0.628735 -1.034583
v -0.005636 0.577019 -1.136207
v -0.051619 0.594471 -0.986086
v -0.050429 0.578887 -0.981414
v -0.033791 0.597278 -1.041545
v -0.044214 0.577450 -1.038569
v -0.044214 0.577450 -1.038569
v -0.023566 0.513978 -1.090541
v -0.004873 0.517779 -1.097237
v -0.009560 0.521316 -1.102419
v 0.006615 0.520539 -1.103934
v -0.049576 0.535890 -1.045238
v -0.038107 0.524207 -1.063547
v -0.053774 0.536996 -1.050100
v -0.009429 0.571502 -1.075753
v -0.031875 0.561878 -1.077999
v -0.031875 0.561878 -1.077999
v -0.131458 0.815584 -0.890566
v -0.131508 0.837511 -0.878470
v -0.130884 0.794688 -0.888671
v -0.132824 0.798057 -0.871135
v -0.160704 0.762462 -0.873841
v -0.165620 0.724112 -0.865990
v -0.143031 0.711155 -0.892243
v -0.138975 0.748314 -0.918622
v -0.126851 0.820580 -0.852955
v -0.118755 0.807552 -0.915667
v -0.111592 0.878703 -0.803987
v -0.089746 0.858791 -0.844002
v -0.132043 0.886134 -0.779726
v -0.111592 0.878703 -0.803987
v -0.055942 0.897690 -0.791796
v -0.132302 0.895512 -0.748817
v -0.093060 0.833353 -0.902342
v -0.093060 0.833353 -0.902342
v -0.118755 0.807552 -0.915667
v -0.113323 0.798476 -0.927100
v -0.052171 0.844896 -0.911469
v -0.133709 0.783122 -0.901480
v -0.130884 0.794688 -0.888671
v -0.142611 0.789497 -0.869240
v -0.132824 0.798057 -0.871135
v -0.132043 0.886134 -0.779726
v -0.132302 0.895512 -0.748817
v -0.148650 0.867889 -0.769475
v -0.162558 0.846199 -0.773787
v -0.173539 0.847690 -0.790290
v -0.152411 0.819393 -0.802538
v -0.162558 0.846199 -0.773787
v -0.167629 0.862177 -0.749857
v -0.188605 0.824107 -0.779471
v -0.152411 0.819393 -0.802538
v -0.150208 0.806243 -0.828141
v -0.132640 0.809371 -0.863447
v -0.106306 0.781987 -0.945978
v -0.054077 0.808809 -0.952176
v -0.200223 0.772017 -0.819033
v -0.150208 0.806243 -0.828141
v -0.132640 0.809371 -0.863447
v -0.132824 0.798057 -0.871135
v -0.142611 0.789497 -0.869240
v -0.033010 0.518869 -1.034526
v -0.027135 0.754150 -1.011479
v -0.046776 0.721100 -1.036174
v -0.007273 0.549680 -1.098319
v -0.056989 0.936289 -0.759116
v -0.129525 0.919233 -0.732359
v -0.129525 0.919233 -0.732359
v -0.185475 0.869729 -0.727553
v -0.210943 0.831827 -0.744665
v -0.113235 0.504181 -0.847903
v -0.088972 0.522920 -0.883470
v -0.120862 0.578806 -0.882631
v -0.180527 0.577943 -0.831796
v -0.241351 0.792449 -0.768541
v -0.042329 0.524973 -0.931020
v -0.085822 0.566922 -0.927986
v -0.045952 0.492051 -0.892361
v -0.056237 0.452429 -0.836447
v -0.080561 0.718694 -1.016556
v -0.075562 0.704060 -1.026027
v -0.053639 0.704556 -1.040988
v -0.057720 0.686823 -1.035742
v -0.053522 0.682003 -1.026406
v -0.053522 0.682003 -1.026406
v -0.082857 0.583391 -0.948836
v -0.095512 0.586989 -0.923467
v -0.074595 0.569811 -0.951324
v -0.077451 0.576059 -0.983890
v -0.188618 0.628514 -0.832274
v -0.157845 0.631620 -0.860236
v -0.147049 0.667485 -0.859337
v -0.162742 0.669193 -0.832903
v -0.078805 0.634849 -0.982357
v -0.071225 0.643667 -0.986291
v 0.003140 0.808582 -0.946878
v 0.002562 0.829286 -0.897109
v 0.006431 0.587893 -1.140905
v 0.006218 0.600558 -1.126983
v -0.012309 0.489049 -1.076885
v 0.006709 0.481151 -1.080922
v 0.006623 0.489144 -1.077790
v -0.008109 0.494769 -1.074824
v 0.003632 0.770544 -0.971510
v -0.043108 0.773187 -0.978093
v 0.004031 0.744290 -0.995465
v 0.005999 0.605387 -1.105509
v 0.005504 0.632467 -1.071021
v 0.004753 0.693188 -1.035675
v 0.004469 0.718301 -1.024214
v 0.005195 0.656838 -1.055939
v 0.006306 0.552276 -1.095272
v 0.001932 0.850930 -0.842094
v -0.052843 0.865920 -0.849834
v 0.006606 0.473800 -1.062376
v -0.007179 0.474892 -1.057947
v 0.001311 0.892610 -0.805617
v 0.000737 0.934294 -0.774521
v 0.005671 0.448280 -0.872514
v 0.005712 0.426419 -0.865603
v 0.004955 0.674067 -1.042801
v -0.095450 0.694161 -1.001295
v -0.089039 0.743527 -0.994768
v -0.029984 0.480705 -1.027201
v -0.031159 0.489677 -1.011384
v -0.013769 0.472071 -1.057656
v -0.012061 0.462603 -1.038134
v 0.006526 0.456764 -1.038193
v 0.006680 0.465268 -1.063678
v -0.048758 0.532193 -0.966684
v 0.005564 0.476355 -0.893999
v 0.005855 0.473559 -0.934444
v -0.038623 0.546191 -1.009498
v -0.042852 0.567572 -0.958144
v -0.046177 0.565636 -0.987971
v -0.039363 0.512296 -0.991967
v -0.049579 0.539476 -1.014303
v -0.006572 0.513691 -1.024608
v -0.009264 0.537384 -0.965974
v -0.033010 0.518869 -1.034526
v 0.006061 0.474473 -0.999145
v -0.029518 0.498137 -1.048097
v -0.012399 0.497444 -1.039842
v -0.006572 0.513691 -1.024608
v -0.009790 0.468675 -1.014412
v -0.023290 0.489653 -1.066222
v 0.006593 0.534200 -1.113275
v -0.012258 0.484609 -1.071333
v 0.006669 0.478246 -1.073642
v 0.006484 0.576845 -1.137540
v -0.019490 0.488799 -1.049710
v -0.096078 0.758203 -0.968964
v -0.112843 0.593514 -0.900205
v -0.054017 0.639141 -1.017568
v -0.208700 0.731295 -0.823434
v -0.089746 0.858791 -0.844002
v -0.133956 0.842955 -0.816633
v -0.002345 0.568533 -1.127809
v -0.005636 0.577019 -1.136207
v -0.002345 0.568533 -1.127809
v 0.006459 0.568640 -1.127417
v -0.138379 0.666745 -0.875056
v -0.127724 0.630975 -0.883092
v 0.006477 0.556290 -1.118884
v -0.014358 0.564516 -0.922768
v -0.032931 0.653741 -1.043721
v 0.006330 0.458182 -1.016553
v 0.006307 0.493083 -1.044148
v 0.006169 0.505332 -1.038631
v -0.047653 0.606000 -0.894423
v -0.023200 0.615008 -0.869077
v -0.038454 0.639905 -0.915729
v -0.028406 0.649397 -0.883877
v -0.211589 0.727381 -0.602834
v -0.166378 0.737108 -0.645522
v -0.198553 0.821531 -0.586701
v -0.005096 1.019918 -0.527047
v -0.074508 0.994817 -0.535937
v -0.080771 0.943433 -0.654919
v -0.001191 0.943923 -0.686261
v -0.205957 0.588409 -0.611137
v -0.163862 0.516504 -0.603684
v -0.156840 0.584633 -0.636761
v -0.184436 0.643652 -0.643792
v -0.169074 0.923007 -0.546964
v -0.137868 0.891106 -0.653618
v -0.043191 0.356567 -0.471327
v 0.002370 0.350954 -0.473140
v 0.003122 0.361677 -0.526232
v -0.049855 0.384244 -0.543936
v -0.093313 1.008797 -0.447956
v -0.193589 0.958634 -0.470351
v -0.097512 0.426415 -0.561477
v -0.042322 0.472921 -0.665788
v -0.103280 0.519849 -0.661476
v -0.250429 0.838852 -0.533089
v -0.243935 0.698188 -0.575304
v -0.007037 1.055137 -0.436741
v -0.209962 0.540744 -0.582878
v -0.145798 0.441830 -0.534118
v 0.003969 0.465061 -0.673328
v -0.085882 0.382934 -0.488009
v -0.222602 0.620726 -0.594549
v -0.049665 0.368518 -0.434880
v 0.000636 0.360726 -0.420716
v -0.190084 1.045192 -0.379900
v -0.242382 0.999377 -0.389661
v -0.292691 0.847069 -0.495797
v -0.254396 0.672561 -0.520387
v -0.008839 1.116581 -0.373019
v -0.188565 0.528249 -0.556438
v -0.161037 0.431540 -0.491429
v -0.094048 0.386508 -0.443566
v -0.213325 0.597168 -0.559949
v -0.087405 0.536054 -0.715276
v -0.147484 0.571929 -0.730279
v -0.040293 0.494200 -0.732836
v 0.004838 0.473651 -0.773874
v -0.174971 0.723384 -0.714527
v -0.134896 0.821071 -0.725329
v -0.096715 0.894437 -0.733471
v -0.172788 0.643197 -0.710837
v -0.000175 0.926177 -0.721912
v -0.115295 1.031548 -0.189163
v -0.143114 1.013648 -0.289240
v -0.010092 1.078991 -0.268538
v -0.011290 1.091361 -0.205294
v -0.008838 1.050200 -0.323406
v -0.132090 1.004526 -0.322363
v -0.241740 0.947894 -0.352117
v -0.251479 0.943583 -0.317705
v -0.296236 0.871151 -0.337464
v -0.269505 0.874724 -0.410087
v -0.342412 0.797815 -0.337201
v -0.303046 0.758273 -0.445262
v -0.318647 0.881540 -0.254659
v -0.231717 0.956875 -0.209736
v -0.302169 0.826947 -0.283928
v -0.093873 0.985832 -0.430106
v -0.006891 1.021137 -0.419788
v -0.211589 0.727381 -0.602834
v -0.232864 0.848458 -0.521402
v -0.192737 0.946800 -0.453323
v -0.066932 0.996941 -0.002792
v -0.071208 0.994409 -0.125494
v -0.011807 1.025651 -0.112629
v -0.013363 1.016522 0.002942
v -0.134889 0.943519 -0.025342
v -0.157325 0.930569 -0.125196
v -0.170606 0.905144 -0.041503
v -0.197920 0.882921 -0.146714
v -0.061315 1.015519 -0.270357
v -0.009748 1.028000 -0.250735
v -0.244217 0.912538 -0.287287
v -0.282641 0.872467 -0.281755
v -0.190840 0.859643 -0.080769
v -0.238426 0.826591 -0.173115
v -0.302169 0.826947 -0.283928
v -0.244031 0.687982 -0.532593
v -0.254396 0.672561 -0.520387
v 0.019236 0.532071 -1.083056
v 0.020441 0.528518 -1.092003
v 0.036541 0.560017 -1.057449
v 0.052176 0.560082 -1.062531
v 0.046135 0.555524 -1.069285
v 0.032557 0.556176 -1.058412
v 0.035209 0.542653 -1.082276
v 0.028122 0.545964 -1.080842
v 0.026523 0.553733 -1.069630
v 0.050218 0.583848 -1.066265
v 0.041478 0.573430 -1.086570
v 0.043511 0.551063 -1.085097
v 0.019236 0.532071 -1.083056
v 0.022416 0.555725 -1.079608
v 0.020441 0.528518 -1.092003
v 0.021075 0.540928 -1.099588
v 0.025496 0.525202 -1.083029
v 0.028122 0.545964 -1.080842
v 0.034210 0.543861 -1.095904
v 0.027204 0.523049 -1.087424
v 0.044342 0.554785 -1.053817
v 0.047910 0.571681 -1.040156
v 0.045401 0.578119 -1.031276
v 0.049558 0.567654 -1.024097
v 0.035209 0.542653 -1.082276
v 0.063515 0.588156 -1.015499
v 0.050737 0.580162 -1.010647
v 0.049790 0.591385 -0.975860
v 0.067430 0.604741 -0.970895
v 0.060024 0.577494 -1.037190
v 0.049558 0.567654 -1.024097
v 0.029933 0.519249 -1.038526
v 0.027852 0.514545 -1.045580
v 0.040386 0.509429 -1.046528
v 0.041769 0.517057 -1.040042
v 0.019855 0.478750 -1.048852
v 0.035896 0.493937 -1.035584
v 0.035398 0.495545 -1.057868
v 0.029767 0.492993 -1.067663
v 0.012883 0.500646 -1.071690
v 0.026009 0.497170 -1.063720
v 0.022084 0.500119 -1.061755
v 0.015864 0.498051 -1.054268
v 0.012883 0.500646 -1.071690
v 0.011808 0.498635 -1.077586
v 0.017267 0.496912 -1.077168
v 0.015641 0.488104 -1.070856
v 0.026009 0.497170 -1.063720
v 0.022762 0.499103 -1.077093
v 0.038855 0.528537 -1.040859
v 0.047248 0.536644 -1.019479
v 0.039492 0.538321 -1.028145
v 0.051663 0.571589 -0.944063
v 0.046363 0.587865 -0.954729
v 0.047191 0.576179 -0.964997
v 0.050198 0.560601 -0.966345
v 0.043039 0.572993 -0.993153
v 0.047866 0.556773 -0.997375
v 0.039545 0.558764 -1.002823
v 0.041072 0.545849 -1.026943
v 0.027854 0.497997 -1.061571
v 0.047677 0.599876 -0.977525
v 0.039725 0.588151 -0.959813
v 0.033000 0.572520 -0.962717
v 0.066582 0.642214 -0.906296
v 0.068334 0.639890 -0.940755
v 0.068595 0.618623 -0.944175
v 0.068787 0.621770 -0.924383
v 0.052935 0.616362 -0.948064
v 0.052173 0.619253 -0.924495
v 0.022520 0.561391 -1.070325
v 0.040057 0.537887 -1.058486
v 0.045178 0.513835 -1.051436
v 0.036942 0.534848 -1.062998
v 0.036942 0.534848 -1.062998
v 0.045178 0.513835 -1.051436
v 0.040412 0.531582 -1.071793
v 0.047923 0.533611 -1.071393
v 0.045178 0.513835 -1.051436
v 0.047901 0.537774 -1.064912
v 0.047901 0.537774 -1.064912
v 0.045178 0.513835 -1.051436
v 0.040057 0.537887 -1.058486
v 0.047910 0.571681 -1.040156
v 0.047558 0.588102 -1.002556
v 0.047677 0.599876 -0.977525
v 0.049790 0.591385 -0.975860
v 0.050737 0.580162 -1.010647
v 0.040412 0.531582 -1.071793
v 0.045178 0.513835 -1.051436
v 0.047923 0.533611 -1.071393
v 0.029410 0.520111 -1.062202
v 0.026936 0.512947 -1.070009
v 0.032927 0.528345 -1.081401
v 0.026936 0.512947 -1.070009
v 0.030408 0.510009 -1.072741
v 0.032927 0.528345 -1.081401
v 0.034956 0.510742 -1.071428
v 0.036925 0.517896 -1.064046
v 0.032927 0.528345 -1.081401
v 0.036925 0.517896 -1.064046
v 0.029410 0.520111 -1.062202
v 0.032927 0.528345 -1.081401
v 0.029933 0.519249 -1.038526
v 0.038855 0.528537 -1.040859
v 0.039492 0.538321 -1.028145
v 0.030408 0.510009 -1.072741
v 0.034956 0.510742 -1.071428
v 0.032927 0.528345 -1.081401
v 0.060608 0.618725 -0.913217
v 0.044655 0.622568 -0.908022
v 0.048537 0.611742 -0.914879
v 0.059175 0.605166 -0.918892
v 0.055641 0.589108 -0.909051
v 0.059598 0.618847 -0.892638
v 0.048897 0.547730 -0.983095
v 0.036900 0.592536 -0.912964
v 0.033548 0.567904 -0.947371
v 0.033000 0.572520 -0.962717
v 0.047240 0.605011 -1.000540
v 0.045166 0.625235 -0.950484
v 0.044292 0.592104 -1.042965
v 0.036541 0.560017 -1.057449
v 0.032816 0.573416 -1.061549
v 0.068841 0.627529 -0.976247
v 0.061732 0.606341 -1.016427
v 0.052935 0.616362 -0.948064
v 0.044342 0.554785 -1.053817
v 0.025496 0.525202 -1.083029
v 0.027204 0.523049 -1.087424
v 0.020314 0.522794 -1.089087
v 0.019547 0.525131 -1.084405
v 0.025619 0.567002 -1.097965
v 0.021075 0.540928 -1.099588
v 0.025496 0.525202 -1.083029
v 0.027204 0.523049 -1.087424
v 0.034210 0.543861 -1.095904
v 0.040640 0.507444 -1.025038
v 0.025400 0.516021 -1.034741
v 0.032894 0.548899 -0.998698
v 0.031484 0.541062 -0.992904
v 0.039545 0.558764 -1.002823
v 0.043039 0.572993 -0.993153
v 0.027852 0.514545 -1.045580
v 0.021561 0.502825 -1.058255
v 0.027854 0.497997 -1.061571
v 0.045501 0.528791 -1.005521
v 0.026523 0.553733 -1.069630
v 0.032557 0.556176 -1.058412
v 0.035209 0.542653 -1.082276
v 0.026523 0.553733 -1.069630
v 0.046135 0.555524 -1.069285
v 0.043511 0.551063 -1.085097
v 0.032557 0.556176 -1.058412
v 0.046135 0.555524 -1.069285
v 0.043511 0.551063 -1.085097
v 0.035209 0.542653 -1.082276
v 0.032557 0.556176 -1.058412
v 0.052173 0.619253 -0.924495
v 0.057715 0.595719 -1.040684
v 0.039725 0.588151 -0.959813
v 0.048537 0.611742 -0.914879
v 0.044655 0.622568 -0.908022
v 0.041773 0.626954 -0.890685
v 0.021561 0.502825 -1.058255
v 0.027852 0.514545 -1.045580
v 0.027854 0.497997 -1.061571
v 0.021561 0.502825 -1.058255
v 0.035398 0.495545 -1.057868
v 0.040386 0.509429 -1.046528
v 0.027852 0.514545 -1.045580
v 0.040386 0.509429 -1.046528
v 0.027854 0.497997 -1.061571
v 0.035398 0.495545 -1.057868
v 0.019547 0.525131 -1.084405
v 0.020314 0.522794 -1.089087
v 0.020441 0.528518 -1.092003
v 0.019236 0.532071 -1.083056
v 0.020314 0.522794 -1.089087
v 0.027781 0.610302 -1.046549
v 0.031271 0.631485 -1.005279
v 0.020268 0.580579 -1.074932
v 0.027494 0.648810 -0.936908
v 0.024168 0.646425 -0.871754
v 0.041773 0.626954 -0.890685
v 0.024168 0.646425 -0.871754
v 0.023338 0.654281 -0.828747
v 0.031322 0.626170 -0.866229
v 0.020965 0.645679 -0.816818
v 0.044655 0.622568 -0.908022
v 0.044655 0.622568 -0.908022
v 0.060608 0.618725 -0.913217
v 0.059598 0.618847 -0.892638
v 0.019547 0.525131 -1.084405
v 0.041072 0.545849 -1.026943
v 0.019024 0.525854 -1.039638
v 0.018886 0.513212 -1.057998
v 0.022658 0.580990 -0.933702
v 0.022933 0.557128 -0.972456
v 0.015124 0.514798 -1.068477
v 0.014670 0.535803 -1.049574
v 0.011598 0.576874 -0.983952
v 0.014697 0.602469 -0.945622
v 0.016164 0.508696 -1.072329
v 0.016164 0.508696 -1.072329
v 0.028048 0.535868 -1.043701
v 0.022665 0.517646 -1.061208
v 0.036454 0.589670 -0.938027
v 0.036429 0.569754 -0.976121
v 0.025339 0.535378 -1.043447
v 0.020684 0.520167 -1.060739
v 0.029596 0.603424 -0.943835
v 0.029767 0.578568 -0.981613
v 0.020370 0.543253 -1.011783
v 0.013420 0.558683 -1.020546
v 0.032635 0.553042 -1.015981
v 0.026006 0.559449 -1.017992
v 0.021947 0.593546 -0.885910
v 0.015118 0.615651 -0.895546
v 0.035825 0.606502 -0.888551
v 0.028977 0.616280 -0.893438
v 0.020998 0.601347 -0.850932
v 0.016177 0.620847 -0.852768
v 0.031626 0.612521 -0.848696
v 0.027174 0.621472 -0.855154
v 0.077241 1.026540 -0.177971
v 0.070580 1.023578 -0.063631
v 0.042733 1.016820 -0.268641
v 0.228143 0.919106 -0.278202
v 0.172822 0.954286 -0.153590
v 0.265947 0.882839 -0.263849
v 0.232606 0.897294 -0.167189
v 0.285237 0.833875 -0.253998
v 0.270713 0.847071 -0.194411
v 0.143179 0.964029 -0.082960
v 0.193585 0.917384 -0.104309
v 0.216655 0.860200 -0.112084
v 0.299403 0.878742 -0.413446
v 0.244291 0.967199 -0.369667
v 0.181796 0.951482 -0.447142
v 0.230472 0.853167 -0.510855
v 0.118716 1.030537 -0.357608
v 0.118139 1.060645 -0.262230
v 0.320923 0.792285 -0.437898
v 0.314086 0.760568 -0.402638
v 0.313493 0.904134 -0.356627
v 0.195662 0.826218 -0.580398
v 0.161841 0.927136 -0.541705
v 0.065545 0.996365 -0.533462
v 0.081255 0.987972 -0.427095
v 0.213720 0.731922 -0.594283
v 0.269484 0.989601 -0.275054
v 0.096924 0.896080 -0.725663
v 0.107922 0.959534 -0.649159
v 0.094847 0.538365 -0.717051
v 0.111643 0.483147 -0.676564
v 0.176854 0.539845 -0.672081
v 0.154470 0.576620 -0.733423
v 0.238628 0.645456 -0.644472
v 0.186771 0.775577 -0.639981
v 0.189547 0.737162 -0.697505
v 0.177899 0.647523 -0.710862
v 0.159827 0.890659 -0.635041
v 0.147403 0.824462 -0.713819
v 0.061588 0.443651 -0.679332
v 0.048915 0.495678 -0.735538
v 0.121789 0.406369 -0.601833
v 0.069851 0.380015 -0.583308
v 0.108900 1.014063 -0.539580
v 0.180305 0.955613 -0.528109
v 0.272524 0.639171 -0.590012
v 0.191671 0.483334 -0.596378
v 0.235461 0.840338 -0.560614
v 0.103471 0.854159 -0.782306
v 0.149949 0.608184 -0.808177
v 0.092421 0.525106 -0.814302
v 0.186988 0.705648 -0.827520
v 0.158187 0.655035 -0.820775
v 0.160217 0.759622 -0.806786
v 0.049483 0.497230 -0.811181
v 0.186988 0.705648 -0.827520
v 0.157864 0.666149 -0.827873
v 0.179717 0.640614 -0.775237
v 0.206265 0.723251 -0.773357
v 0.092421 0.525106 -0.814302
v 0.109285 0.517539 -0.798618
v 0.157656 0.587036 -0.785742
v 0.149893 0.610361 -0.811915
v 0.054334 0.478093 -0.792964
v 0.049483 0.497230 -0.811181
v 0.103471 0.854159 -0.782306
v 0.160217 0.759622 -0.806786
v 0.196299 0.797204 -0.745470
v 0.097770 0.880806 -0.754511
v 0.229153 0.825643 -0.696515
v 0.264523 0.724053 -0.720411
v 0.127536 0.476943 -0.735701
v 0.060936 0.424983 -0.768408
v 0.252480 0.645692 -0.725295
v 0.193967 0.538071 -0.729558
v 0.135312 0.968386 -0.644214
v 0.171728 0.726613 -0.863112
v 0.145498 0.668850 -0.872634
v 0.121484 0.595251 -0.898206
v 0.052529 0.525676 -0.930212
v 0.095338 0.568275 -0.926442
v 0.135515 0.632926 -0.880846
v 0.131317 0.822494 -0.850752
v 0.056602 0.866732 -0.848901
v 0.166379 0.764886 -0.871051
v 0.093502 0.860150 -0.842438
v 0.147812 0.791649 -0.866762
v 0.163719 0.827662 -0.821592
v 0.155152 0.832638 -0.825406
v 0.147271 0.820651 -0.849748
v 0.158871 0.813731 -0.844501
v 0.161442 0.886937 -0.831358
v 0.172765 0.889871 -0.822093
v 0.165148 0.895429 -0.804641
v 0.146637 0.894673 -0.826085
v 0.137772 0.868773 -0.850904
v 0.150873 0.866086 -0.844456
v 0.149291 0.878563 -0.814985
v 0.132332 0.862580 -0.833526
v 0.137469 0.844967 -0.814317
v 0.154958 0.855156 -0.803204
v 0.135054 0.837390 -0.854028
v 0.145913 0.837220 -0.857117
v 0.143572 0.815870 -0.869521
v 0.131317 0.822494 -0.850752
v 0.174339 0.854584 -0.809154
v 0.161442 0.886937 -0.831358
v 0.180561 0.877817 -0.811831
v 0.132332 0.862580 -0.833526
v 0.149291 0.878563 -0.814985
v 0.084013 0.675489 -1.006755
v 0.077199 0.663863 -1.012421
v 0.080320 0.652850 -0.998853
v 0.096543 0.671818 -0.989622
v 0.057418 0.681170 -1.026205
v 0.059278 0.683559 -1.036051
v 0.050457 0.673126 -1.035099
v 0.051963 0.674160 -1.022162
v 0.069115 0.560760 -0.993496
v 0.064668 0.560223 -1.005543
v 0.073226 0.554481 -0.992040
v 0.081051 0.565216 -0.981898
v 0.057003 0.668654 -1.019218
v 0.066955 0.670314 -1.018118
v 0.057411 0.682262 -1.006883
v 0.057418 0.681170 -1.026205
v 0.051963 0.674160 -1.022162
v 0.073328 0.679220 -1.017179
v 0.072380 0.680682 -1.020333
v 0.076423 0.689509 -1.027630
v 0.068350 0.682267 -1.023285
v 0.072380 0.680682 -1.020333
v 0.084939 0.687447 -1.016016
v 0.177162 0.873983 -0.784242
v 0.134286 0.888108 -0.777454
v 0.150985 0.870111 -0.766918
v 0.131260 0.626187 -0.914340
v 0.155267 0.655850 -0.913229
v 0.119206 0.628839 -0.946828
v 0.112221 0.614339 -0.937793
v 0.099709 0.684695 -0.990781
v 0.084914 0.683870 -1.006095
v 0.070688 0.673893 -1.017086
v 0.066955 0.670314 -1.018118
v 0.057003 0.668654 -1.019218
v 0.059842 0.659220 -1.016796
v 0.050913 0.699271 -1.044047
v 0.044164 0.680115 -1.045830
v 0.073328 0.679220 -1.017179
v 0.070688 0.673893 -1.017086
v 0.043079 0.662834 -1.031308
v 0.071271 0.560058 -0.997446
v 0.064879 0.563128 -0.993187
v 0.062404 0.564969 -0.992996
v 0.070130 0.548370 -1.025458
v 0.063906 0.545003 -1.026589
v 0.065012 0.557941 -1.000557
v 0.073022 0.560654 -1.003686
v 0.030993 0.499620 -1.070725
v 0.035588 0.496079 -1.073696
v 0.050270 0.502899 -1.056033
v 0.046153 0.509004 -1.053358
v 0.047274 0.495433 -1.050129
v 0.054726 0.513614 -1.032738
v 0.056028 0.519668 -1.044568
v 0.059677 0.550665 -1.022498
v 0.053305 0.550650 -1.022644
v 0.051332 0.527975 -1.045174
v 0.057991 0.561863 -1.005022
v 0.056745 0.566399 -0.987094
v 0.049848 0.546847 -1.008744
v 0.061726 0.595311 -0.985119
v 0.055035 0.629980 -0.949662
v 0.066458 0.606587 -0.920513
v 0.060688 0.579710 -0.980467
v 0.054157 0.528041 -1.066992
v 0.057169 0.548893 -1.082998
v 0.040940 0.537186 -1.104975
v 0.039308 0.519298 -1.094019
v 0.082636 0.589802 -1.004737
v 0.071657 0.575514 -1.031498
v 0.034029 0.578896 -1.123927
v 0.037044 0.590022 -1.115001
v 0.025533 0.598837 -1.124799
v 0.021347 0.585712 -1.138702
v 0.028964 0.576314 -1.120694
v 0.020906 0.558778 -1.117695
v 0.034423 0.565734 -1.108717
v 0.115144 0.686331 -0.969981
v 0.106926 0.663973 -0.973950
v 0.112623 0.645994 -0.964349
v 0.146551 0.693352 -0.925617
v 0.044672 0.656739 -1.030268
v 0.062429 0.648291 -1.013941
v 0.017962 0.573854 -1.113936
v 0.020906 0.558778 -1.117695
v 0.028964 0.576314 -1.120694
v 0.023333 0.534846 -1.114515
v 0.064670 0.561620 -1.058768
v 0.042408 0.597837 -1.093386
v 0.040091 0.577318 -1.097550
v 0.068350 0.682267 -1.023285
v 0.083388 0.622671 -0.982507
v 0.092847 0.605992 -0.953167
v 0.038727 0.664104 -1.042411
v 0.127698 0.727449 -0.953463
v 0.116645 0.705927 -0.978622
v 0.023978 0.689505 -1.043996
v 0.022864 0.669245 -1.047303
v 0.028913 0.712205 -1.037370
v 0.022841 0.605992 -1.102778
v 0.053776 0.613515 -1.063966
v 0.026326 0.628500 -1.074990
v 0.027530 0.654135 -1.055772
v 0.065158 0.629623 -1.033560
v 0.018576 0.577198 -1.136001
v 0.061726 0.595311 -0.985119
v 0.060688 0.579710 -0.980467
v 0.055472 0.578189 -1.037718
v 0.044808 0.597861 -1.040874
v 0.055472 0.578189 -1.037718
v 0.022748 0.521556 -1.102143
v 0.018026 0.517948 -1.097041
v 0.036656 0.514424 -1.090027
v 0.006615 0.520539 -1.103934
v 0.061562 0.536714 -1.044290
v 0.065826 0.537883 -1.049080
v 0.050582 0.524865 -1.062790
v 0.044040 0.562441 -1.077352
v 0.021419 0.571730 -1.075490
v 0.044040 0.562441 -1.077352
v 0.136639 0.817571 -0.888279
v 0.136157 0.839495 -0.876187
v 0.136342 0.796669 -0.886391
v 0.137932 0.800064 -0.868825
v 0.166379 0.764886 -0.871051
v 0.145629 0.750423 -0.916193
v 0.149785 0.713326 -0.889745
v 0.171728 0.726613 -0.863112
v 0.131317 0.822494 -0.850752
v 0.124485 0.809355 -0.913591
v 0.114365 0.880378 -0.802059
v 0.093502 0.860150 -0.842438
v 0.134286 0.888108 -0.777454
v 0.133879 0.897485 -0.746545
v 0.058239 0.898536 -0.790822
v 0.114365 0.880378 -0.802059
v 0.098188 0.834770 -0.900711
v 0.098188 0.834770 -0.900711
v 0.057294 0.845708 -0.910535
v 0.119386 0.800201 -0.925115
v 0.124485 0.809355 -0.913591
v 0.139556 0.785148 -0.899148
v 0.136342 0.796669 -0.886391
v 0.147812 0.791649 -0.866762
v 0.137932 0.800064 -0.868825
v 0.133879 0.897485 -0.746545
v 0.134286 0.888108 -0.777454
v 0.150985 0.870111 -0.766918
v 0.176522 0.850285 -0.787303
v 0.165285 0.848629 -0.770990
v 0.156027 0.821680 -0.799906
v 0.165285 0.848629 -0.770990
v 0.156027 0.821680 -0.799906
v 0.191749 0.826927 -0.776226
v 0.169708 0.864678 -0.746979
v 0.154457 0.808501 -0.825542
v 0.137449 0.811373 -0.861142
v 0.060429 0.809658 -0.951199
v 0.112936 0.783612 -0.944108
v 0.154457 0.808501 -0.825542
v 0.204811 0.775019 -0.815577
v 0.137449 0.811373 -0.861142
v 0.137932 0.800064 -0.868825
v 0.147812 0.791649 -0.866762
v 0.045067 0.519448 -1.033861
v 0.035316 0.754613 -1.010946
v 0.055863 0.721861 -1.035298
v 0.019972 0.549882 -1.098087
v 0.058156 0.937143 -0.758134
v 0.130325 0.921278 -0.729933
v 0.186818 0.872863 -0.723719
v 0.130325 0.921278 -0.729933
v 0.213311 0.835229 -0.740594
v 0.122309 0.505927 -0.845894
v 0.188215 0.580677 -0.828650
v 0.129420 0.580662 -0.880496
v 0.098696 0.524368 -0.881769
v 0.244764 0.796052 -0.764394
v 0.052529 0.525676 -0.930212
v 0.056336 0.492841 -0.891433
v 0.095338 0.568265 -0.926442
v 0.066844 0.453456 -0.835195
v 0.063052 0.705421 -1.039992
v 0.084721 0.705249 -1.024660
v 0.089341 0.719954 -1.015106
v 0.067305 0.687750 -1.034675
v 0.063020 0.682867 -1.025412
v 0.063020 0.682867 -1.025412
v 0.092485 0.584691 -0.947340
v 0.084468 0.570990 -0.949968
v 0.104651 0.588473 -0.921759
v 0.087787 0.577284 -0.982480
v 0.195563 0.631362 -0.828997
v 0.169101 0.671653 -0.830071
v 0.153888 0.669716 -0.856769
v 0.165227 0.634015 -0.857480
v 0.088244 0.636087 -0.980932
v 0.080603 0.644792 -0.984995
v 0.025536 0.489330 -1.076562
v 0.021218 0.494986 -1.074574
v 0.050433 0.773880 -0.977295
v 0.056602 0.866732 -0.848901
v 0.020295 0.475096 -1.057712
v 0.104329 0.695642 -0.999590
v 0.097077 0.744907 -0.993180
v 0.042483 0.481242 -1.026583
v 0.043256 0.490229 -1.010750
v 0.026920 0.472373 -1.057309
v 0.025020 0.462878 -1.037818
v 0.059458 0.532995 -0.965761
v 0.052884 0.568282 -0.957328
v 0.049848 0.546847 -1.008744
v 0.056745 0.566399 -0.987094
v 0.060983 0.540296 -1.013361
v 0.050791 0.512964 -0.991199
v 0.018543 0.513877 -1.024394
v 0.045067 0.519448 -1.033861
v 0.019884 0.537600 -0.965726
v 0.018543 0.513877 -1.024394
v 0.024870 0.497720 -1.039525
v 0.042115 0.498668 -1.047487
v 0.022255 0.468913 -1.014139
v 0.036325 0.490095 -1.065714
v 0.006593 0.534200 -1.113275
v 0.025456 0.484889 -1.071011
v 0.032255 0.489183 -1.049269
v 0.103456 0.759682 -0.967261
v 0.121484 0.595251 -0.898206
v 0.064000 0.640016 -1.016561
v 0.213964 0.734428 -0.819828
v 0.093502 0.860150 -0.842438
v 0.137469 0.844967 -0.814317
v 0.018576 0.577198 -1.136001
v 0.015268 0.568663 -1.127659
v 0.015268 0.568663 -1.127659
v 0.145498 0.668850 -0.872634
v 0.135515 0.632926 -0.880846
v 0.023838 0.564800 -0.922442
v 0.043149 0.654305 -1.043072
v 0.056027 0.606769 -0.893539
v 0.031015 0.615410 -0.868615
v 0.046691 0.640536 -0.915003
v 0.035961 0.649874 -0.883328
v 0.167259 0.741147 -0.640043
v 0.213720 0.731922 -0.594283
v 0.195662 0.826202 -0.580408
v 0.077155 0.945327 -0.652317
v 0.065545 0.996365 -0.533462
v 0.209299 0.593415 -0.604287
v 0.187537 0.648099 -0.637751
v 0.161151 0.588393 -0.631656
v 0.168725 0.520548 -0.598159
v 0.161834 0.927142 -0.541314
v 0.135115 0.894517 -0.648930
v 0.047710 0.357703 -0.469815
v 0.056080 0.385567 -0.542130
v 0.182913 0.963340 -0.464137
v 0.080693 1.010972 -0.445052
v 0.107903 0.428130 -0.557480
v 0.109714 0.522109 -0.658472
v 0.049972 0.473916 -0.664458
v 0.244756 0.845041 -0.524721
v 0.252964 0.702133 -0.560118
v 0.161274 0.443068 -0.521209
v 0.232456 0.541989 -0.561601
v 0.097246 0.383468 -0.480408
v 0.245668 0.621350 -0.572454
v 0.052671 0.369798 -0.433180
v 0.174262 1.049747 -0.373890
v 0.227983 1.005257 -0.381900
v 0.292505 0.853498 -0.478937
v 0.279289 0.672354 -0.484158
v 0.237272 0.521285 -0.516414
v 0.177232 0.433967 -0.476506
v 0.106586 0.385821 -0.430984
v 0.255083 0.592862 -0.519688
v 0.094854 0.537900 -0.712844
v 0.154470 0.576620 -0.733423
v 0.048915 0.495678 -0.735538
v 0.178564 0.727269 -0.709272
v 0.136659 0.824112 -0.721191
v 0.096924 0.896080 -0.725663
v 0.177921 0.646787 -0.706092
v 0.093632 1.034159 -0.185763
v 0.125132 1.017002 -0.284815
v 0.115416 1.007620 -0.318268
v 0.227390 0.953758 -0.344376
v 0.262658 0.881555 -0.395388
v 0.284667 0.881512 -0.316590
v 0.235961 0.949997 -0.308904
v 0.314086 0.760568 -0.402638
v 0.334416 0.811650 -0.305536
v 0.299036 0.894372 -0.234311
v 0.211046 0.963306 -0.201889
v 0.285237 0.833875 -0.253998
v 0.081255 0.987972 -0.427095
v 0.213720 0.731922 -0.594283
v 0.230472 0.853167 -0.510855
v 0.181796 0.951482 -0.447142
v 0.040865 0.998286 -0.001184
v 0.048801 0.995907 -0.123682
v 0.134059 0.935260 -0.120834
v 0.108305 0.947553 -0.022001
v 0.173034 0.890918 -0.139026
v 0.144787 0.910489 -0.036516
v 0.042733 1.016820 -0.268641
v 0.228143 0.919106 -0.278202
v 0.265947 0.882839 -0.263849
v 0.165071 0.869772 -0.075537
v 0.212327 0.835551 -0.155386
v 0.285237 0.833875 -0.253998
v 0.269337 0.690002 -0.501747
v 0.279289 0.672354 -0.484158
v -0.067622 0.691297 -1.012773
v -0.067569 0.685736 -1.014079
v -0.060966 0.686251 -1.018683
v -0.061031 0.693153 -1.017062
v -0.067520 0.678195 -1.013348
v -0.060905 0.676891 -1.017775
v -0.067500 0.671508 -1.009786
v -0.060881 0.668591 -1.013355
v -0.067507 0.667597 -1.005622
v -0.060889 0.663736 -1.008186
v -0.050690 0.686635 -1.021676
v -0.050763 0.694424 -1.019847
v -0.050620 0.676073 -1.020651
v -0.050594 0.666707 -1.015663
v -0.050603 0.661228 -1.009830
v -0.040036 0.686610 -1.020545
v -0.040106 0.694099 -1.018786
v -0.039969 0.676454 -1.019560
v -0.039943 0.667448 -1.014763
v -0.039952 0.662180 -1.009154
v -0.032703 0.686334 -1.017180
v -0.032765 0.692873 -1.015644
v -0.032645 0.677467 -1.016320
v -0.032622 0.669604 -1.012131
v -0.032630 0.665005 -1.007235
v 0.076745 0.692368 -1.011541
v 0.070202 0.694126 -1.015943
v 0.070267 0.687224 -1.017564
v 0.076797 0.686806 -1.012848
v 0.070329 0.677864 -1.016656
v 0.076847 0.679265 -1.012116
v 0.070352 0.669564 -1.012235
v 0.076866 0.672578 -1.008554
v 0.070344 0.664709 -1.007067
v 0.076860 0.668667 -1.004391
v 0.059965 0.695245 -1.018903
v 0.060039 0.687456 -1.020731
v 0.060108 0.676894 -1.019707
v 0.060135 0.667528 -1.014718
v 0.060126 0.662049 -1.008885
v 0.049298 0.694763 -1.018023
v 0.049368 0.687273 -1.019782
v 0.049435 0.677117 -1.018797
v 0.049461 0.668111 -1.014000
v 0.049452 0.662842 -1.008392
v 0.041922 0.693427 -1.015007
v 0.041984 0.686888 -1.016543
v 0.042042 0.678021 -1.015683
v 0.042065 0.670158 -1.011494
v 0.042057 0.665559 -1.006598
vn -0.9106 0.3397 -0.2353
vn -0.9753 -0.0998 -0.1971
vn -0.9989 -0.0368 -0.0296
vn -0.7484 0.6615 -0.0480
vn -0.7786 0.1698 -0.6042
vn -0.9305 -0.1514 -0.3336
vn 0.6374 -0.2070 -0.7422
vn -0.9005 -0.1960 -0.3883
vn 0.1404 0.9516 -0.2735
vn 0.0632 0.9967 0.0505
vn 0.2517 0.5053 -0.8254
vn 0.0600 -0.7474 0.6617
vn 0.5920 -0.4853 0.6434
vn 0.6050 -0.6562 0.4509
vn 0.1535 -0.9758 0.1559
vn 0.7130 -0.6738 0.1942
vn 0.6484 -0.7580 0.0709
vn 0.0748 -0.9970 -0.0176
vn 0.9861 0.1256 0.1091
vn 0.8159 0.5334 0.2232
vn 0.9846 0.0745 -0.1584
vn -0.8497 0.2496 -0.4644
vn -0.8987 -0.1838 -0.3982
vn -0.9551 -0.0779 -0.2859
vn -0.7375 0.6222 -0.2626
vn -0.7225 0.1251 -0.6799
vn -0.8905 -0.1843 -0.4161
vn 0.6876 0.0112 -0.7260
vn -0.8999 -0.1607 -0.4054
vn 0.0383 0.8877 -0.4589
vn 0.2391 0.9689 0.0634
vn 0.2666 0.5197 -0.8117
vn 0.0349 -0.7562 0.6534
vn 0.5574 -0.5075 0.6570
vn 0.6534 -0.5941 0.4692
vn 0.1196 -0.9375 0.3268
vn 0.6695 -0.6771 0.3056
vn 0.8009 -0.5031 0.3248
vn 0.1328 -0.9832 0.1250
vn 0.9143 0.3578 0.1896
vn 0.8646 0.3731 0.3365
vn 0.9613 0.2212 -0.1642
vn -0.9354 0.3282 -0.1313
vn -0.9972 -0.0641 -0.0393
vn -0.9939 -0.0602 0.0922
vn -0.7485 0.6631 -0.0067
vn -0.8790 0.2225 -0.4218
vn -0.9843 -0.0459 -0.1702
vn 0.5180 -0.0247 -0.8551
vn -0.9771 -0.1008 -0.1874
vn 0.1798 0.9111 -0.3709
vn 0.0865 0.9950 -0.0497
vn 0.1471 0.5331 -0.8332
vn -0.0128 -0.8103 0.5858
vn 0.6598 -0.5745 0.4844
vn 0.6573 -0.7071 0.2608
vn 0.0132 -0.9732 0.2296
vn 0.7683 -0.6334 0.0924
vn 0.6594 -0.7419 0.1217
vn 0.0416 -0.9928 0.1126
vn 0.9857 0.1300 -0.1075
vn 0.8914 0.4531 -0.0111
vn 0.9287 0.0958 -0.3581
vn -0.9559 0.2884 0.0550
vn -0.9805 -0.1029 0.1676
vn -0.9647 -0.0936 0.2460
vn -0.8513 0.5142 0.1040
vn -0.9524 0.1980 -0.2319
vn -0.9923 -0.1033 0.0687
vn 0.3693 0.0612 -0.9273
vn -0.9869 -0.1529 0.0514
vn -0.0031 0.8988 -0.4383
vn -0.1680 0.9701 -0.1752
vn -0.0024 0.5535 -0.8328
vn 0.1293 -0.7787 0.6139
vn 0.7846 -0.5028 0.3627
vn 0.7461 -0.6442 0.1683
vn 0.0835 -0.9586 0.2722
vn 0.6889 -0.7236 -0.0418
vn 0.8369 -0.5192 -0.1733
vn 0.0700 -0.9950 0.0708
vn 0.9175 0.1812 -0.3541
vn 0.8119 0.5054 -0.2923
vn 0.8383 0.1819 -0.5139
vn -0.9684 0.1870 0.1648
vn -0.9361 -0.2361 0.2606
vn -0.9046 -0.1937 0.3796
vn -0.7648 0.5916 0.2550
vn -0.9848 0.0751 -0.1564
vn -0.9597 -0.2338 0.1560
vn 0.2444 0.0968 -0.9648
vn -0.9483 -0.2798 0.1498
vn -0.0531 0.9095 -0.4124
vn 0.0197 0.9968 -0.0778
vn -0.1723 0.5374 -0.8255
vn 0.3068 -0.7701 0.5594
vn 0.8659 -0.4313 0.2533
vn 0.8279 -0.5572 0.0642
vn 0.1882 -0.9651 0.1820
vn 0.8216 -0.5386 -0.1866
vn 0.6745 -0.7053 -0.2181
vn 0.0724 -0.9937 0.0857
vn 0.8661 0.2255 -0.4460
vn 0.7683 0.5441 -0.3371
vn 0.7412 0.2595 -0.6191
vn -0.5338 0.2547 0.8064
vn -0.0184 0.4371 0.8992
vn -0.0189 0.5436 0.8392
vn -0.6274 0.2893 0.7230
vn -0.0539 -0.9073 -0.4170
vn 0.0179 -0.9644 -0.2639
vn 0.0098 -0.9972 0.0738
vn -0.1098 -0.9930 -0.0443
vn 0.0538 -0.8896 0.4536
vn -0.2764 -0.7993 0.5336
vn -0.0073 -0.8015 0.5980
vn -0.9358 0.1899 -0.2970
vn -0.7909 0.5799 -0.1951
vn -0.8289 0.5167 -0.2143
vn -0.9681 0.1705 -0.1836
vn -0.6910 -0.7146 -0.1087
vn -0.8590 -0.2729 -0.4333
vn -0.7096 -0.6932 -0.1267
vn -0.6382 -0.7647 0.0892
vn -0.3962 -0.8781 -0.2683
vn -0.6072 -0.7704 -0.1944
vn -0.7177 -0.6946 0.0494
vn -0.5445 -0.8323 0.1042
vn -0.6257 -0.7783 -0.0534
vn -0.8788 0.4772 0.0073
vn -0.9816 -0.1815 0.0592
vn -0.9508 0.2199 -0.2184
vn -0.5742 0.7611 -0.3016
vn -0.6545 -0.6489 -0.3881
vn -0.3044 -0.9103 0.2806
vn -0.0288 -0.9962 -0.0822
vn -0.2595 -0.8622 -0.4351
vn -0.0507 -0.9892 -0.1374
vn 0.6270 -0.7227 0.2909
vn 0.7378 -0.6738 0.0403
vn 0.4468 -0.8281 -0.3385
vn 0.2503 -0.8953 0.3685
vn 0.1287 -0.5203 0.8442
vn -0.0386 -0.7863 0.6166
vn -0.0303 -0.9760 0.2159
vn 0.0834 0.9386 -0.3349
vn 0.3533 0.9251 -0.1394
vn 0.3978 0.9101 0.1163
vn -0.1376 0.9877 0.0739
vn -0.4879 0.8443 -0.2216
vn -0.2679 0.9596 -0.0860
vn 0.2111 0.9632 -0.1667
vn 0.0990 0.9951 0.0026
vn -0.8182 0.5657 -0.1027
vn -0.7619 0.5940 -0.2580
vn -0.2568 0.9363 -0.2394
vn -0.3455 0.9312 -0.1162
vn -0.1470 -0.7635 0.6288
vn -0.3651 -0.8750 0.3178
vn -0.7876 0.5961 0.1563
vn 0.0661 0.8535 -0.5169
vn -0.4030 0.9085 -0.1105
vn -0.6330 0.7670 0.1048
vn -0.4898 0.8287 -0.2708
vn -0.9489 0.0905 -0.3022
vn -0.9754 0.0309 -0.2182
vn -0.5496 0.4797 -0.6840
vn 0.5342 -0.5759 0.6188
vn 0.4858 -0.1840 0.8545
vn -0.9071 -0.4043 -0.1170
vn -0.9727 0.2273 -0.0460
vn -0.9733 0.1527 0.1714
vn -0.8043 -0.4885 0.3382
vn 0.2110 -0.9662 -0.1481
vn -0.2306 -0.9463 -0.2267
vn 0.0097 -0.8411 -0.5407
vn -0.3036 -0.9292 -0.2106
vn -0.1750 -0.9329 -0.3147
vn 0.1381 -0.9898 0.0344
vn -0.3934 0.9168 -0.0690
vn -0.9686 -0.2393 -0.0675
vn 0.5367 0.8155 0.2165
vn 0.0080 0.9999 0.0073
vn 0.0905 0.9355 -0.3416
vn -0.2365 0.9497 -0.2052
vn -0.4612 0.8474 -0.2632
vn -0.0463 0.9980 0.0425
vn 0.4773 -0.8732 0.0987
vn 0.8516 -0.4946 -0.1739
vn -0.8526 -0.1455 0.5019
vn 0.9029 0.0813 -0.4220
vn 0.8526 0.2314 -0.4685
vn -0.5782 0.8144 0.0492
vn -0.5634 0.8167 -0.1253
vn -0.9283 0.1785 0.3262
vn -0.8897 -0.2063 0.4073
vn -0.6177 -0.7632 -0.1899
vn -0.0108 -0.9988 0.0479
vn 0.8606 -0.3769 0.3426
vn -0.1316 0.9871 -0.0912
vn 0.7086 0.6889 0.1527
vn 0.4799 0.8763 0.0425
vn -0.4203 0.8429 -0.3359
vn -0.8770 0.1358 -0.4610
vn 0.6274 0.7678 -0.1296
vn -0.7957 0.3377 -0.5028
vn -0.8396 0.1226 -0.5292
vn 0.1426 -0.9896 -0.0175
vn 0.5983 -0.7661 0.2346
vn 0.9296 -0.2068 0.3051
vn 0.9859 0.0677 0.1527
vn 0.0381 0.9687 -0.2453
vn -0.5125 0.7753 -0.3693
vn -0.9621 0.0798 -0.2609
vn 0.5832 0.7459 -0.3218
vn -0.9021 0.2758 -0.3318
vn -0.9619 0.1041 -0.2527
vn 0.2325 -0.9475 -0.2196
vn -0.0587 -0.9807 -0.1864
vn 0.7654 -0.6391 0.0756
vn 0.0049 -0.9211 -0.3893
vn 0.9979 -0.0639 0.0078
vn 0.9989 -0.0108 0.0463
vn -0.1047 0.9679 -0.2286
vn -0.7668 0.6323 -0.1105
vn -0.9938 -0.0868 -0.0693
vn 0.4745 0.7641 -0.4371
vn -0.9924 0.0416 -0.1160
vn -0.9817 -0.1591 -0.1050
vn 0.3046 -0.9453 0.1171
vn 0.5598 -0.8217 0.1069
vn 0.9600 0.1643 -0.2270
vn 0.9333 0.2150 -0.2875
vn -0.8555 0.5172 0.0261
vn -0.9825 0.0153 0.1855
vn -0.9515 -0.2097 0.2253
vn 0.6801 -0.4924 -0.5431
vn -0.0502 -0.5703 -0.8199
vn -0.6854 0.3195 -0.6543
vn -0.9077 -0.0288 -0.4186
vn -0.8989 -0.1899 -0.3948
vn -0.3366 -0.6914 -0.6393
vn 0.2918 -0.5412 -0.7886
vn 0.7849 -0.3075 -0.5380
vn 0.2079 0.5739 -0.7920
vn 0.4899 0.5548 -0.6724
vn -0.4321 0.2786 -0.8577
vn -0.4979 0.0589 -0.8653
vn 0.5109 -0.6827 -0.5223
vn 0.1099 -0.3614 -0.9259
vn -0.1125 0.6364 -0.7631
vn 0.1777 0.4589 -0.8706
vn -0.6994 0.0966 -0.7081
vn 0.1081 0.4153 -0.9032
vn 0.5044 -0.6317 -0.5886
vn -0.0322 -0.5468 -0.8366
vn -0.3298 0.5747 -0.7489
vn 0.0303 0.4396 -0.8977
vn -0.8055 -0.2187 -0.5508
vn -0.5256 0.1978 -0.8274
vn -0.1707 -0.6126 -0.7717
vn 0.3693 -0.5903 -0.7178
vn -0.7388 0.1329 -0.6607
vn -0.5987 0.5018 -0.6243
vn -0.9113 -0.2226 -0.3464
vn -0.2515 0.9439 -0.2142
vn 0.7370 0.5736 -0.3575
vn 0.1800 0.4815 -0.8578
vn -0.3679 0.5303 -0.7638
vn -0.3545 0.9346 -0.0308
vn 0.5356 0.8019 -0.2649
vn 0.5669 0.8197 -0.0821
vn 0.4306 0.7361 -0.5222
vn 0.5114 0.2135 -0.8324
vn -0.1476 0.4252 -0.8930
vn 0.0875 0.9661 -0.2429
vn 0.0300 0.9976 -0.0623
vn 0.7733 0.6135 -0.1604
vn 0.1970 0.5057 -0.8399
vn 0.5569 0.8226 -0.1150
vn 0.4388 0.8978 0.0367
vn 0.7753 0.6315 -0.0079
vn 0.4217 0.5042 -0.7536
vn 0.5980 0.7828 0.1721
vn 0.2154 0.9732 -0.0807
vn 0.2393 0.8740 -0.4229
vn 0.6278 0.7759 0.0615
vn 0.8446 0.2690 -0.4629
vn 0.8867 0.2973 0.3542
vn 0.9418 0.0712 0.3285
vn 0.9953 0.0301 0.0917
vn 0.8799 0.0716 0.4697
vn 0.6378 0.3820 0.6688
vn 0.9406 0.1654 0.2965
vn 0.7498 0.3664 -0.5509
vn 0.8589 0.3301 -0.3914
vn 0.9984 0.0527 -0.0196
vn 0.9420 -0.1092 0.3174
vn -0.2915 0.4009 -0.8685
vn -0.2760 0.8805 -0.3854
vn -0.5666 0.3689 -0.7368
vn -0.4993 -0.6606 0.5605
vn -0.0847 -0.6105 0.7875
vn -0.1260 -0.4336 0.8923
vn -0.6546 -0.7033 0.2774
vn -0.7929 -0.6091 -0.0165
vn -0.6897 -0.7098 -0.1434
vn -0.2678 -0.7497 0.6052
vn -0.3883 -0.8282 -0.4040
vn 0.6459 0.2001 -0.7368
vn -0.1247 0.8146 -0.5665
vn 0.6851 0.1982 -0.7009
vn 0.0337 0.9975 -0.0615
vn 0.8109 0.2425 -0.5326
vn -0.2128 0.8615 -0.4610
vn -0.0157 -0.5026 -0.8644
vn -0.5443 -0.8383 -0.0326
vn -0.5047 -0.6046 -0.6162
vn -0.7254 -0.6770 -0.1242
vn -0.2885 -0.9540 0.0820
vn -0.4345 -0.6298 -0.6438
vn 0.6923 0.0294 -0.7210
vn 0.5716 0.1769 -0.8013
vn 0.8076 -0.1239 -0.5765
vn 0.8656 -0.0416 -0.4991
vn -0.1493 -0.2492 -0.9569
vn -0.4614 -0.1546 -0.8736
vn -0.2234 -0.0270 -0.9743
vn -0.5053 -0.1307 -0.8530
vn -0.5439 -0.1187 -0.8307
vn 0.4277 -0.0396 -0.9031
vn 0.3337 -0.2292 -0.9144
vn 0.2835 0.1256 -0.9507
vn 0.0260 0.0427 -0.9987
vn 0.2026 0.0010 -0.9793
vn 0.2391 0.0410 -0.9701
vn 0.1910 0.1187 -0.9744
vn 0.4102 0.1654 -0.8969
vn 0.4467 0.1918 -0.8739
vn 0.0914 -0.3523 -0.9314
vn -0.1543 -0.3264 -0.9325
vn -0.0052 0.0663 -0.9978
vn 0.0978 0.1328 -0.9863
vn -0.1081 -0.0082 -0.9941
vn -0.1881 -0.0776 -0.9791
vn -0.3160 -0.1016 -0.9433
vn 0.0827 0.0741 -0.9938
vn -0.3203 0.1891 -0.9283
vn 0.2645 0.1333 -0.9551
vn 0.1040 0.0679 -0.9923
vn 0.3473 0.1671 -0.9228
vn 0.4285 0.0806 -0.8999
vn 0.4538 0.0666 -0.8886
vn -0.3388 0.1371 -0.9308
vn 0.4150 0.0016 -0.9098
vn -0.0299 0.0838 -0.9960
vn 0.6720 0.0596 -0.7382
vn 0.6407 0.1777 -0.7470
vn -0.9944 -0.0973 0.0417
vn -0.9443 0.0625 0.3230
vn -0.8135 0.2179 0.5392
vn -0.9797 -0.1567 0.1249
vn -0.6892 -0.7155 0.1148
vn -0.3012 0.9451 0.1269
vn -0.4899 0.8709 0.0385
vn -0.4052 0.9125 -0.0563
vn -0.0110 0.9959 -0.0903
vn -0.8558 0.4105 -0.3147
vn -0.9661 0.2356 -0.1054
vn -0.9575 0.1106 -0.2663
vn -0.8039 0.2998 -0.5136
vn -0.9441 -0.1282 -0.3038
vn -0.8217 -0.1897 -0.5375
vn -0.9752 0.0767 -0.2075
vn -0.4866 -0.8280 -0.2786
vn -0.7537 -0.6501 0.0968
vn -0.4947 -0.8333 0.2469
vn -0.2352 -0.8968 -0.3747
vn -0.0176 0.9109 0.4122
vn -0.0160 0.9659 0.2584
vn -0.5479 0.8312 0.0947
vn -0.4908 0.7756 0.3969
vn -0.3862 0.9109 0.1452
vn -0.0156 0.9813 0.1917
vn -0.8309 0.0883 -0.5494
vn -0.7060 0.5141 -0.4870
vn -0.9844 0.0992 0.1455
vn -0.9089 -0.3514 -0.2244
vn -0.8200 -0.5509 -0.1552
vn -0.7773 -0.1525 -0.6103
vn -0.8469 -0.3398 -0.4089
vn 0.1790 -0.5601 0.8089
vn -0.3745 -0.9257 -0.0534
vn -0.2196 -0.9733 -0.0662
vn 0.0123 -0.9884 -0.1513
vn 0.0197 -0.9953 -0.0945
vn -0.0190 0.7822 0.6227
vn -0.4178 0.6848 0.5970
vn -0.0027 -0.7729 0.6345
vn 0.0047 -0.7629 0.6465
vn -0.5289 -0.6363 0.5616
vn -0.4605 -0.6942 0.5531
vn -0.4114 0.5210 0.7479
vn -0.5470 0.3442 0.7631
vn -0.0191 0.6760 0.7367
vn -0.0192 0.7219 0.6918
vn 0.0212 -0.8667 -0.4985
vn -0.1507 -0.8262 -0.5429
vn 0.0138 -0.9969 -0.0772
vn -0.4292 -0.8890 -0.1596
vn 0.0178 -0.9787 -0.2047
vn -0.5999 0.0692 0.7971
vn -0.8287 0.0441 0.5579
vn -0.9178 -0.3631 0.1604
vn -0.8272 -0.2827 0.4857
vn -0.8738 -0.4213 0.2428
vn -0.9547 -0.2853 -0.0847
vn -0.9034 -0.4286 0.0130
vn -0.9802 -0.1872 -0.0639
vn 0.2768 0.4223 -0.8631
vn -0.7637 -0.2370 0.6005
vn -0.8270 -0.3670 0.4260
vn -0.8583 -0.1961 0.4743
vn -0.5559 -0.7148 0.4242
vn -0.0175 -0.9998 0.0092
vn 0.0107 -0.9985 0.0541
vn 0.6194 -0.1413 0.7723
vn 0.4966 0.0005 0.8680
vn 0.5388 0.0678 0.8397
vn 0.6670 -0.1160 0.7360
vn -0.9530 -0.2990 -0.0495
vn -0.8320 -0.2777 0.4802
vn -0.6557 -0.2399 0.7158
vn -0.9802 -0.0869 0.1779
vn -0.9918 -0.0389 -0.1219
vn -0.5633 0.3369 0.7544
vn -0.4090 0.3646 0.8365
vn -0.2723 0.3299 0.9039
vn -0.6982 0.1889 0.6905
vn 0.7254 -0.3458 0.5952
vn 0.7432 -0.2151 0.6335
vn 0.5201 -0.4111 0.7487
vn 0.8186 -0.1304 0.5593
vn -0.8424 -0.1231 0.5246
vn 0.4552 -0.4103 0.7902
vn 0.1638 -0.5800 0.7979
vn -0.6125 -0.3988 0.6826
vn -0.5377 -0.8432 0.0015
vn 0.0156 -0.9947 0.1019
vn -0.0064 -0.4093 0.9124
vn 0.1091 -0.9215 -0.3727
vn -0.2946 -0.7319 0.6144
vn -0.8714 0.4659 -0.1537
vn -0.9800 0.1990 0.0005
vn -0.8902 0.4256 0.1624
vn -0.8492 0.5279 0.0146
vn -0.7739 0.3632 -0.5187
vn -0.8132 0.2862 -0.5067
vn -0.6453 -0.0981 -0.7576
vn 0.0629 -0.1733 -0.9829
vn -0.2096 -0.3826 -0.8998
vn -0.7045 -0.2877 -0.6488
vn -0.6427 0.1207 -0.7565
vn -0.8541 -0.0872 -0.5127
vn -0.8564 -0.2465 -0.4537
vn -0.3930 -0.1431 -0.9083
vn -0.9114 -0.4100 -0.0355
vn 0.8383 -0.4315 0.3332
vn 0.7908 -0.4260 0.4395
vn 0.8754 -0.4109 0.2545
vn 0.8903 -0.2063 0.4058
vn 0.8351 -0.0819 0.5440
vn 0.9117 -0.2808 0.2998
vn 0.8702 -0.4717 -0.1422
vn 0.1902 -0.7491 -0.6345
vn 0.3974 -0.7206 -0.5681
vn 0.8587 -0.5097 -0.0534
vn -0.8188 -0.4922 -0.2953
vn 0.1873 0.5193 -0.8338
vn -0.9448 -0.2766 -0.1758
vn -0.8190 -0.2567 -0.5132
vn -0.8479 -0.5283 -0.0452
vn -0.5223 -0.5583 -0.6446
vn -0.1055 -0.7671 -0.6328
vn 0.0045 -0.9156 0.4021
vn -0.6900 0.3230 0.6478
vn -0.7095 0.1922 0.6780
vn -0.9390 0.0816 0.3341
vn -0.5329 -0.1471 -0.8333
vn -0.9457 -0.0999 -0.3094
vn -0.6953 -0.1959 -0.6915
vn 0.5187 -0.4002 -0.7555
vn 0.8216 -0.1373 -0.5533
vn 0.4801 -0.1386 -0.8662
vn 0.2185 -0.3943 -0.8926
vn -0.1453 -0.2708 -0.9516
vn -0.4117 0.3780 0.8293
vn 0.8683 -0.3412 -0.3601
vn 0.9826 0.0192 -0.1846
vn 0.1026 -0.4182 0.9025
vn 0.3744 -0.3750 0.8481
vn 0.1016 -0.4992 0.8605
vn -0.0615 -0.5898 0.8052
vn 0.9064 0.2918 0.3055
vn 0.8727 0.1045 0.4770
vn 0.3230 -0.4474 0.8339
vn 0.3854 -0.2793 0.8795
vn 0.1155 -0.3288 0.9373
vn 0.3020 -0.4264 0.8526
vn 0.3345 -0.4350 0.8360
vn -0.3386 -0.0189 -0.9407
vn 0.9786 -0.0226 0.2043
vn 0.9838 0.0827 -0.1590
vn 0.7233 -0.0256 -0.6901
vn 0.8607 -0.0085 0.5090
vn 0.6761 -0.0611 0.7343
vn 0.5393 -0.2011 0.8178
vn 0.8909 0.2526 0.3775
vn 0.7942 -0.0281 0.6070
vn 0.5809 -0.2084 0.7869
vn 0.1871 -0.0527 -0.9809
vn -0.3805 0.1901 -0.9050
vn -0.9903 0.1113 0.0827
vn -0.8613 -0.1442 0.4871
vn -0.6016 0.4703 0.6456
vn -0.4778 0.1232 0.8698
vn -0.6714 0.7014 0.2394
vn -0.9325 0.0867 0.3506
vn -0.7998 0.2235 0.5572
vn -0.9364 0.1802 -0.3013
vn -0.7513 0.6552 -0.0790
vn -0.7753 -0.0908 0.6251
vn -0.3108 0.4905 0.8141
vn -0.4486 0.5532 0.7019
vn -0.4286 0.4219 0.7989
vn -0.2324 0.3666 0.9009
vn -0.9368 0.1333 -0.3235
vn -0.9698 0.2092 -0.1257
vn -0.8063 -0.5692 -0.1608
vn -0.3863 0.1169 -0.9149
vn -0.8231 -0.0419 0.5664
vn -0.7560 -0.1115 0.6450
vn -0.7280 0.0873 0.6800
vn -0.6708 0.2270 0.7060
vn -0.5316 -0.1733 0.8291
vn -0.5410 0.0027 0.8410
vn 0.2591 0.1607 0.9524
vn 0.2498 0.1384 0.9583
vn 0.6274 0.4854 0.6088
vn 0.8259 -0.0325 0.5629
vn -0.5582 0.4881 0.6710
vn -0.6737 0.6398 0.3699
vn -0.6700 0.5506 0.4980
vn 0.9368 -0.3200 -0.1413
vn 0.7253 -0.6814 -0.0981
vn 0.6741 -0.7199 0.1654
vn 0.9901 -0.0940 0.1046
vn 0.8248 0.5097 -0.2448
vn -0.3991 0.9165 0.0288
vn 0.8128 -0.5386 -0.2220
vn 0.8269 0.3458 -0.4435
vn 0.9087 -0.3383 -0.2445
vn 0.8167 0.1600 -0.5544
vn -0.5338 0.2500 0.8078
vn -0.2829 0.1214 0.9514
vn 0.8693 0.1249 -0.4783
vn 0.9242 -0.0491 -0.3787
vn 0.8153 0.0328 -0.5782
vn 0.7926 0.0388 -0.6085
vn 0.9446 -0.0020 0.3284
vn 0.6733 -0.0320 0.7387
vn 0.7352 0.0505 0.6759
vn 0.9157 0.1043 0.3882
vn -0.5429 -0.0040 0.8398
vn -0.8532 -0.0654 0.5175
vn -0.8323 -0.0680 0.5501
vn -0.5556 -0.1206 0.8227
vn -0.9946 -0.0013 0.1034
vn -0.9622 -0.0492 0.2680
vn 0.0662 -0.0478 0.9967
vn -0.0003 0.0506 0.9987
vn -0.3999 -0.9145 -0.0618
vn -0.1282 -0.9195 -0.3716
vn -0.1654 -0.9410 -0.2954
vn -0.4607 -0.8587 0.2245
vn 0.6775 -0.6255 -0.3870
vn 0.6844 -0.6887 -0.2394
vn 0.5402 -0.8087 -0.2327
vn 0.3270 -0.9063 -0.2676
vn -0.7779 -0.4608 0.4273
vn -0.8971 0.1957 0.3960
vn -0.9005 0.0907 0.4254
vn -0.6871 -0.4529 0.5681
vn 0.3551 0.8147 -0.4585
vn 0.3423 0.7741 -0.5326
vn 0.6065 0.6645 -0.4366
vn -0.1616 0.8710 -0.4640
vn 0.1760 0.9096 -0.3765
vn 0.1248 0.9845 -0.1229
vn -0.7731 0.6176 -0.1443
vn -0.4269 0.8456 -0.3205
vn -0.2227 0.9269 -0.3021
vn -0.2984 0.9204 -0.2526
vn -0.9031 0.4226 0.0759
vn -0.8911 0.3177 0.3242
vn -0.7258 0.5426 -0.4228
vn -0.4354 0.8900 -0.1351
vn -0.7148 0.6964 0.0639
vn -0.7692 0.6383 -0.0305
vn -0.6209 0.7302 -0.2851
vn -0.9602 0.0708 0.2703
vn -0.9206 0.3105 0.2370
vn -0.8586 -0.4538 0.2385
vn -0.8339 -0.5051 0.2225
vn -0.0402 -0.9665 -0.2536
vn -0.1809 -0.9459 -0.2692
vn 0.0807 -0.9708 -0.2261
vn 0.1063 -0.9581 -0.2659
vn -0.7460 0.6552 -0.1188
vn -0.0705 -0.9477 0.3113
vn -0.4032 -0.7201 0.5648
vn -0.5144 0.8545 -0.0725
vn 0.7787 -0.5543 0.2938
vn 0.5474 -0.7597 0.3511
vn 0.2382 -0.7882 0.5674
vn 0.4842 0.7830 -0.3905
vn 0.3874 0.8402 -0.3793
vn -0.1092 0.9845 -0.1370
vn -0.1805 0.9376 -0.2971
vn 0.0427 0.9254 -0.3765
vn -0.3161 0.8804 -0.3535
vn -0.4594 0.8431 -0.2796
vn -0.3764 0.8290 -0.4136
vn -0.4969 0.8650 -0.0702
vn -0.6934 0.7186 -0.0533
vn -0.2966 -0.9358 0.1904
vn 0.2265 -0.8980 -0.3771
vn 0.7261 0.1033 -0.6798
vn 0.7689 0.0755 -0.6349
vn 0.7094 0.3546 -0.6092
vn -0.8708 0.3976 0.2892
vn -0.1772 0.9580 0.2254
vn -0.4245 0.8949 0.1380
vn -0.8169 0.2034 0.5396
vn -0.7880 0.0568 0.6130
vn -0.8179 -0.1839 0.5452
vn -0.7496 -0.2168 0.6254
vn -0.5291 -0.7830 -0.3272
vn -0.0102 -0.9931 -0.1167
vn 0.7733 -0.6161 -0.1501
vn 0.5876 0.7496 0.3047
vn 0.6598 0.7514 -0.0001
vn -0.2882 0.9575 0.0124
vn -0.6283 0.7722 0.0947
vn -0.4823 0.7954 -0.3671
vn -0.9134 0.3450 -0.2158
vn -0.9618 0.0850 -0.2603
vn 0.9900 -0.0797 -0.1165
vn 0.4808 -0.8748 -0.0594
vn -0.1225 -0.9669 -0.2239
vn -0.1788 -0.9812 0.0731
vn 0.9886 -0.1107 -0.1017
vn 0.9879 0.1433 -0.0601
vn 0.0169 0.9999 0.0035
vn -0.1174 0.9644 -0.2371
vn -0.7385 0.6669 -0.0997
vn -0.8551 0.5167 -0.0426
vn -0.7493 0.5621 -0.3500
vn -0.9806 0.1923 0.0386
vn -0.9987 -0.0416 -0.0298
vn 0.9646 -0.0759 -0.2526
vn 0.2079 -0.9653 0.1581
vn 0.5474 -0.8238 -0.1474
vn -0.0381 -0.9978 -0.0541
vn -0.0337 -0.9967 0.0744
vn 0.9306 -0.1034 -0.3511
vn 0.9057 0.2485 -0.3434
vn -0.8308 0.5483 -0.0960
vn -0.8898 0.4033 0.2136
vn -0.2264 0.9520 -0.2059
vn -0.2625 0.8812 -0.3933
vn -0.8614 0.4782 -0.1710
vn -0.9771 0.1717 0.1255
vn -0.9870 -0.0362 0.1565
vn 0.6416 0.0786 -0.7630
vn 0.1164 -0.9932 -0.0006
vn 0.5283 -0.8121 -0.2477
vn 0.8039 0.0259 -0.5942
vn 0.7321 0.2596 -0.6297
vn -0.8678 0.0170 0.4966
vn -0.7740 0.2767 0.5695
vn -0.7447 0.6411 0.1855
vn -0.8763 -0.1109 0.4688
vn -0.5397 -0.7620 -0.3578
vn -0.1192 -0.6536 -0.7474
vn -0.3823 0.8373 -0.3909
vn -0.9432 0.3235 0.0753
vn -0.9532 -0.1857 0.2387
vn 0.2092 -0.6155 -0.7598
vn -0.4117 -0.5107 -0.7548
vn 0.8025 -0.3035 -0.5137
vn 0.6224 0.7063 -0.3374
vn -0.4702 0.7683 -0.4344
vn -0.8319 0.0274 -0.5542
vn -0.7748 0.2708 -0.5713
vn -0.1620 -0.7123 -0.6829
vn 0.3015 -0.6127 -0.7305
vn -0.0937 0.7687 -0.6327
vn -0.7427 0.4645 -0.4823
vn -0.9086 0.0499 -0.4146
vn -0.8322 -0.1394 -0.5366
vn -0.1302 -0.8365 -0.5322
vn 0.4171 -0.7132 -0.5633
vn -0.3564 0.4866 -0.7976
vn -0.7512 0.2376 -0.6158
vn -0.8944 0.0473 -0.4447
vn -0.8476 -0.0086 -0.5305
vn -0.2144 -0.7975 -0.5639
vn 0.1787 -0.7038 -0.6876
vn -0.8963 0.4076 -0.1745
vn -0.9816 -0.0422 0.1862
vn -0.9865 -0.1400 0.0852
vn 0.4476 0.6896 -0.5693
vn 0.3536 0.4336 -0.8289
vn -0.1125 0.7384 -0.6649
vn -0.1186 0.9473 -0.2976
vn -0.0714 0.9974 0.0083
vn 0.5416 0.6566 -0.5249
vn -0.2141 0.9083 -0.3593
vn 0.2009 0.6818 -0.7034
vn 0.4887 0.2052 -0.8480
vn 0.2746 0.5977 -0.7532
vn 0.4088 0.8188 -0.4030
vn 0.5609 0.7190 -0.4103
vn 0.1596 0.7615 -0.6283
vn 0.4580 0.7634 -0.4555
vn 0.3803 0.4262 -0.8208
vn 0.6853 0.6519 -0.3246
vn 0.4672 0.6274 -0.6230
vn 0.6629 0.7219 -0.1988
vn 0.5123 0.5397 -0.6680
vn 0.8929 0.4482 0.0429
vn 0.8481 0.4881 -0.2060
vn 0.0252 0.8528 -0.5216
vn 0.9939 0.1104 -0.0054
vn 0.9515 0.0898 -0.2942
vn 0.9905 0.0637 0.1216
vn 0.8419 0.0564 -0.5367
vn 0.3046 0.8720 -0.3831
vn 0.9467 0.0905 -0.3091
vn 0.9800 0.1199 -0.1591
vn 0.6191 0.6000 -0.5067
vn 0.0077 0.4116 -0.9113
vn 0.8056 0.3857 -0.4497
vn 0.4418 -0.8970 -0.0125
vn 0.6884 -0.6894 0.2252
vn 0.6184 -0.7397 -0.2652
vn 0.2828 -0.9211 -0.2677
vn -0.1405 -0.9644 -0.2239
vn 0.0874 -0.9962 -0.0020
vn -0.6394 -0.7688 0.0140
vn -0.3938 -0.9110 0.1227
vn -0.9130 -0.3440 0.2191
vn -0.9146 0.4006 -0.0552
vn -0.5281 0.7761 -0.3448
vn -0.6686 0.4195 -0.6140
vn 0.9867 -0.1147 -0.1152
vn 0.9564 -0.2899 -0.0351
vn 0.9830 0.0676 -0.1710
vn 0.9586 0.0405 -0.2818
vn 0.9986 -0.0334 -0.0405
vn 0.8954 -0.0579 -0.4415
vn 0.7198 -0.1842 -0.6692
vn 0.9922 -0.0860 0.0898
vn 0.9917 -0.0330 -0.1242
vn -0.6514 -0.6462 0.3977
vn -0.8577 -0.5086 0.0756
vn 0.5184 0.1362 -0.8442
vn -0.5511 0.5712 -0.6083
vn 0.6120 0.0373 -0.7900
vn -0.2768 0.5814 -0.7651
vn 0.7332 0.0719 -0.6762
vn 0.2546 0.5372 -0.8041
vn -0.3123 0.8258 -0.4696
vn -0.1777 0.9774 -0.1141
vn -0.6257 -0.7748 -0.0907
vn -0.5862 -0.5408 -0.6032
vn -0.4415 -0.8750 0.1984
vn -0.6280 -0.6341 -0.4511
vn -0.2082 -0.8884 -0.4091
vn -0.1993 -0.9787 0.0489
vn -0.6444 -0.7545 -0.1243
vn 0.5376 0.0306 -0.8427
vn 0.5573 -0.0303 -0.8298
vn 0.7434 -0.1358 -0.6549
vn 0.7817 -0.1479 -0.6058
vn 0.9511 -0.1038 -0.2909
vn -0.5107 -0.3967 -0.7628
vn -0.4543 0.5797 -0.6764
vn -0.9876 0.0835 -0.1328
vn -0.9870 -0.1605 0.0081
vn 0.4917 -0.2964 -0.8188
vn -0.6393 0.1221 -0.7592
vn -0.6254 -0.0099 -0.7803
vn -0.1231 -0.3074 -0.9436
vn -0.1177 0.5004 -0.8578
vn -0.6388 0.1089 -0.7616
vn -0.9795 -0.0491 -0.1954
vn -0.0322 -0.5494 -0.8349
vn -0.4334 -0.0039 -0.9012
vn -0.5755 0.0904 -0.8128
vn -0.8851 0.1040 -0.4536
vn -0.2758 -0.3939 -0.8768
vn -0.9749 0.0441 -0.2182
vn -0.9900 -0.0803 0.1159
vn 0.2481 0.3506 -0.9031
vn -0.2722 0.5833 -0.7653
vn 0.2085 0.2792 -0.9373
vn -0.0958 0.0879 -0.9915
vn 0.1643 0.3156 -0.9346
vn 0.7840 0.2516 -0.5675
vn -0.1090 0.6283 -0.7703
vn 0.3214 0.0948 -0.9422
vn 0.2851 0.0513 -0.9571
vn 0.3848 0.0041 -0.9230
vn 0.3213 -0.0337 -0.9464
vn 0.8921 -0.0844 -0.4438
vn -0.8398 -0.1983 0.5054
vn -0.9659 -0.2579 -0.0209
vn -0.4230 -0.1585 0.8922
vn 0.9041 -0.2558 -0.3423
vn 0.6658 -0.1446 0.7320
vn 0.8535 0.1126 0.5088
vn -0.0060 -0.2851 0.9585
vn -0.9719 0.0273 -0.2337
vn -0.9059 -0.2481 -0.3433
vn -0.7112 0.0301 -0.7024
vn 0.8444 -0.4425 0.3019
vn 0.5119 -0.8564 0.0668
vn 0.0122 -0.9866 0.1626
vn -0.8916 -0.2549 0.3742
vn -0.5213 -0.7931 0.3151
vn 0.5971 -0.5710 0.5634
vn -0.0008 -0.7113 0.7029
vn 0.9605 -0.1605 -0.2274
vn -0.0259 -0.5310 -0.8470
vn 0.1594 -0.6422 -0.7498
vn -0.4850 -0.6680 -0.5645
vn -0.6648 -0.4447 -0.6003
vn 0.8226 0.0683 0.5645
vn 0.1828 0.0480 0.9820
vn -0.5263 0.2683 0.8069
vn -0.3318 0.3077 0.8917
vn -0.9201 -0.2617 0.2916
vn -0.9258 -0.3452 0.1541
vn -0.8299 -0.3758 0.4123
vn -0.8030 -0.1833 0.5671
vn -0.5172 -0.4033 0.7549
vn -0.9168 -0.2551 -0.3072
vn -0.9007 0.0568 -0.4308
vn -0.4279 0.0962 -0.8987
vn -0.4867 -0.0823 -0.8697
vn -0.7815 -0.5580 0.2792
vn -0.7850 -0.5057 0.3579
vn -0.3689 -0.5637 -0.7390
vn 0.4553 0.4076 -0.7916
vn 0.1951 0.2353 -0.9521
vn 0.1116 0.0366 -0.9931
vn -0.7496 -0.5211 -0.4081
vn -0.8238 -0.4735 -0.3116
vn -0.6508 -0.5165 -0.5565
vn 0.2455 -0.6567 -0.7131
vn -0.0603 -0.4528 -0.8896
vn -0.6488 -0.2881 -0.7043
vn 0.8858 0.3638 0.2881
vn 0.9429 0.0231 0.3322
vn -0.5487 -0.4440 0.7083
vn -0.1257 -0.4167 0.9003
vn -0.1683 -0.4061 0.8982
vn -0.2103 -0.1343 0.9684
vn -0.9363 0.0320 0.3497
vn -0.9906 -0.0196 0.1353
vn -0.0658 -0.0506 -0.9965
vn 0.6974 0.0963 -0.7102
vn -0.0568 -0.2258 -0.9725
vn 0.5993 -0.1842 -0.7790
vn 0.5882 -0.4484 -0.6730
vn -0.9361 0.2626 0.2340
vn -0.7973 0.5810 0.1635
vn -0.8910 -0.1230 0.4371
vn -0.9796 -0.1976 -0.0371
vn -0.4026 -0.0774 0.9121
vn 0.9246 -0.1434 -0.3530
vn 0.9396 -0.2581 -0.2249
vn -0.9897 0.1422 -0.0163
vn -0.8826 -0.3575 -0.3055
vn -0.8593 -0.3743 -0.3485
vn 0.9308 0.2911 0.2211
vn -0.8790 0.2782 0.3873
vn -0.9587 -0.2540 0.1278
vn -0.9373 -0.3484 0.0050
vn 0.7971 -0.5816 0.1624
vn 0.8774 -0.4741 -0.0742
vn -0.5545 -0.2741 0.7858
vn 0.7020 -0.5642 0.4346
vn 0.6587 -0.7291 0.1858
vn 0.7757 -0.6026 0.1877
vn 0.6766 -0.6184 0.3997
vn 0.1565 -0.3087 0.9382
vn 0.7282 -0.2038 -0.6543
vn 0.7332 -0.3738 -0.5680
vn -0.9902 -0.0370 0.1348
vn -0.9482 -0.0329 0.3158
vn 0.7356 -0.5738 -0.3600
vn 0.6772 -0.4627 -0.5721
vn 0.8317 -0.3475 -0.4330
vn 0.5475 -0.5873 -0.5961
vn 0.6414 -0.5832 -0.4985
vn -0.1027 -0.7471 -0.6568
vn 0.7893 -0.1842 -0.5857
vn -0.6614 -0.2119 -0.7194
vn -0.9751 -0.1987 -0.0990
vn -0.8608 0.4396 -0.2566
vn -0.8504 0.5257 0.0228
vn 0.1085 -0.9524 0.2848
vn 0.6446 -0.5677 0.5121
vn 0.2744 -0.8549 0.4403
vn 0.1908 -0.8291 0.5256
vn 0.0950 -0.8420 0.5310
vn -0.4661 -0.6426 0.6081
vn 0.5361 -0.0111 -0.8441
vn 0.9598 -0.0811 -0.2688
vn -0.8875 -0.3694 -0.2753
vn 0.5803 0.2255 -0.7825
vn 0.6421 0.1988 -0.7404
vn -0.6054 -0.7959 0.0110
vn 0.9151 0.3921 -0.0941
vn -0.5371 -0.1546 0.8292
vn -0.0085 -0.3762 0.9265
vn 0.0040 0.8148 -0.5798
vn 0.4902 -0.2274 -0.8414
vn 0.0555 -0.5472 -0.8352
vn -0.6465 -0.4068 -0.6455
vn -0.8753 -0.2930 -0.3847
vn -0.9226 -0.1400 -0.3595
vn -0.1425 -0.6060 -0.7826
vn -0.2658 -0.6691 -0.6940
vn -0.6402 -0.3707 -0.6729
vn -0.9287 -0.2225 -0.2966
vn -0.9145 0.0897 -0.3946
vn 0.6444 -0.0423 -0.7635
vn -0.4902 -0.4563 -0.7426
vn -0.9336 -0.2425 0.2636
vn -0.6753 -0.6614 -0.3263
vn -0.8917 -0.4206 0.1671
vn -0.5561 -0.6836 -0.4727
vn -0.2389 -0.6721 -0.7009
vn 0.0661 -0.9875 0.1432
vn 0.0095 -0.9880 0.1541
vn -0.5460 -0.8297 0.1160
vn -0.9269 -0.1889 -0.3244
vn -0.6131 -0.3570 -0.7047
vn -0.0069 -0.6774 -0.7356
vn 0.7549 -0.4832 -0.4435
vn 0.9729 -0.2192 0.0733
vn -0.9758 0.1764 0.1289
vn -0.9856 -0.0211 0.1676
vn -0.9499 0.0570 0.3072
vn -0.9429 0.1999 0.2666
vn -0.9592 0.0241 0.2817
vn -0.9790 -0.0165 0.2030
vn -0.9014 0.2617 0.3449
vn -0.8026 0.1901 0.5654
vn -0.7846 0.0476 0.6181
vn -0.7641 -0.1163 0.6345
vn -0.6439 -0.1133 0.7567
vn -0.4797 -0.2824 0.8307
vn 0.6407 0.5275 -0.5579
vn -0.7419 0.0827 0.6653
vn -0.7598 0.3196 0.5662
vn -0.7422 -0.2110 0.6361
vn 0.3031 -0.5533 0.7759
vn 0.0645 0.2921 0.9542
vn 0.0424 0.2931 0.9551
vn -0.0592 0.5809 0.8118
vn -0.1164 0.6268 0.7705
vn -0.2372 0.4744 0.8477
vn -0.0896 0.3742 0.9230
vn -0.1550 0.6454 0.7479
vn -0.2055 0.1668 0.9643
vn -0.0776 0.1146 0.9904
vn 0.0930 0.0291 0.9952
vn 0.0468 0.1118 0.9926
vn -0.1050 -0.1113 0.9882
vn -0.0840 -0.1030 0.9911
vn 0.0672 -0.0957 0.9931
vn 0.0513 -0.2009 0.9783
vn 0.7372 -0.6612 0.1394
vn -0.4699 -0.8742 0.1226
vn -0.4310 -0.8611 0.2697
vn 0.1387 -0.9247 0.3545
vn 0.0964 -0.3845 0.9181
vn -0.1190 -0.4253 0.8972
vn 0.0624 -0.2941 0.9537
vn 0.0118 -0.4034 0.9150
vn 0.0988 -0.5926 0.7994
vn -0.1698 -0.7988 0.5772
vn -0.1834 -0.8766 0.4450
vn 0.0400 -0.8715 0.4887
vn 0.3326 -0.7038 0.6277
vn -0.2333 -0.8114 0.5360
vn 0.4231 -0.8539 0.3032
vn -0.5146 -0.7547 0.4069
vn -0.7886 0.2629 0.5559
vn -0.9935 -0.1023 -0.0496
vn -0.8024 0.1838 -0.5678
vn -0.6621 0.0737 -0.7457
vn -0.2985 0.2370 -0.9245
vn 0.2944 0.3322 -0.8961
vn 0.2575 0.4632 -0.8480
vn -0.3973 0.3590 -0.8446
vn 0.7519 0.2473 -0.6112
vn 0.9838 0.1206 -0.1327
vn -0.9007 -0.3134 0.3008
vn -0.8198 0.2750 0.5024
vn -0.8978 0.3014 0.3211
vn -0.6372 0.7596 -0.1303
vn -0.5998 0.7687 -0.2222
vn -0.0090 0.9790 -0.2036
vn -0.0094 0.9841 -0.1772
vn -0.8685 0.4820 -0.1158
vn -0.7173 0.6798 -0.1530
vn -0.8390 -0.5047 -0.2034
vn -0.9205 0.3764 0.1047
vn -0.9101 0.4144 0.0001
vn -0.7743 -0.5938 0.2188
vn -0.9195 -0.3093 0.2426
vn -0.9209 0.1558 -0.3574
vn -0.1462 -0.2843 -0.9475
vn -0.6757 -0.4495 0.5843
vn -0.1781 0.9562 0.2324
vn 0.3150 0.9131 -0.2588
vn -0.0734 0.4733 -0.8778
vn -0.0856 -0.4463 0.8908
vn -0.2667 -0.8417 0.4694
vn -0.1810 -0.8346 0.5203
vn -0.3263 -0.8290 -0.4542
vn -0.2637 -0.8819 -0.3909
vn 0.9299 0.2100 -0.3021
vn 0.9117 0.3983 -0.1008
vn 0.9956 0.0443 -0.0826
vn 0.9838 0.0804 -0.1603
vn 0.9494 -0.1086 -0.2945
vn 0.8280 0.0503 -0.5584
vn 0.9394 -0.2664 -0.2160
vn -0.9986 -0.0469 -0.0244
vn -0.9352 0.3329 -0.1205
vn -0.9721 0.1476 -0.1824
vn -0.9990 -0.0403 -0.0206
vn -0.9750 -0.1423 -0.1708
vn -0.8955 0.0070 -0.4450
vn -0.0624 -0.3549 -0.9328
vn -0.9177 -0.2241 -0.3279
vn -0.0227 0.9584 -0.2845
vn -0.2315 0.8565 -0.4613
vn -0.2041 0.3493 -0.9145
vn 0.1926 -0.3937 0.8988
vn 0.6652 -0.4058 0.6268
vn 0.8365 -0.4899 0.2454
vn 0.1303 -0.8916 0.4336
vn 0.1383 -0.8887 0.4371
vn 0.7730 -0.6094 0.1765
vn 0.1374 -0.9822 0.1279
vn 0.7635 -0.6382 0.0987
vn 0.1752 -0.9811 0.0817
vn 0.8929 0.3210 -0.3157
vn 0.8466 0.5160 -0.1303
vn 0.8029 0.0947 -0.5885
vn -0.9349 -0.0340 0.3533
vn -0.7203 0.4352 0.5402
vn -0.9449 0.2258 0.2370
vn -0.9679 -0.0182 0.2509
vn -0.9860 -0.0652 0.1537
vn -0.9976 0.0640 -0.0275
vn -0.3622 -0.1579 -0.9186
vn -0.9922 -0.0573 0.1107
vn 0.0680 0.8637 0.4993
vn 0.0626 0.9825 0.1754
vn -0.2698 0.6056 -0.7486
vn 0.8604 0.2648 -0.4354
vn 0.8672 0.4908 -0.0844
vn 0.5392 -0.5057 -0.6735
vn 0.7093 -0.5675 -0.4180
vn 0.9240 -0.3030 -0.2335
vn 0.7077 0.1462 -0.6912
vn 0.8781 -0.3901 0.2771
vn 0.5854 -0.7733 0.2437
vn 0.0675 -0.8933 -0.4444
vn -0.2967 -0.8798 -0.3714
vn -0.8047 -0.0476 0.5918
vn -0.6895 0.5086 0.5156
vn -0.8967 0.2968 0.3283
vn -0.8679 0.0044 0.4966
vn -0.9423 -0.0714 0.3271
vn -0.9832 0.1712 -0.0629
vn -0.3860 -0.1828 -0.9042
vn -0.9747 -0.0374 0.2206
vn 0.1739 0.9830 0.0590
vn -0.0362 0.9928 -0.1138
vn -0.3081 0.5231 -0.7947
vn 0.7047 0.3322 -0.6269
vn 0.7902 0.5072 -0.3440
vn 0.6778 -0.3091 -0.6671
vn 0.5076 -0.7921 -0.3390
vn 0.8509 -0.3554 -0.3870
vn 0.4743 0.1159 -0.8727
vn 0.8934 -0.4360 0.1079
vn 0.5361 -0.7445 0.3979
vn 0.2411 -0.9704 0.0145
vn -0.1487 -0.9088 -0.3898
vn -0.8483 -0.0746 0.5243
vn -0.7957 -0.1375 0.5898
vn -0.8126 0.3874 0.4354
vn -0.9081 0.3112 0.2802
vn -0.9005 -0.1089 0.4210
vn -0.9929 0.0772 0.0906
vn -0.4243 -0.3176 -0.8480
vn -0.8807 -0.2338 0.4119
vn 0.4208 0.8166 -0.3951
vn -0.2228 0.9256 -0.3059
vn -0.3215 0.4517 -0.8322
vn 0.7064 0.2580 -0.6592
vn 0.7688 0.3092 -0.5598
vn 0.7139 -0.5632 -0.4162
vn 0.6842 -0.6450 -0.3403
vn 0.8357 -0.3324 -0.4372
vn 0.5973 0.0296 -0.8015
vn 0.9139 -0.4060 -0.0060
vn 0.5570 -0.7654 0.3223
vn 0.2716 -0.9620 0.0291
vn 0.1386 -0.9765 0.1652
vn -0.1015 -0.2380 -0.9660
vn -0.3386 -0.3041 -0.8904
vn -0.4627 -0.4104 -0.7858
vn -0.6056 -0.4573 -0.6512
vn -0.7992 -0.4178 -0.4321
vn -0.9450 -0.3077 0.1111
vn -0.0157 0.9877 0.1558
vn -0.5704 0.8143 -0.1071
vn -0.0123 0.9999 -0.0008
vn -0.4137 -0.8703 -0.2674
vn -0.7152 -0.6834 -0.1468
vn 0.0162 -0.9676 -0.2520
vn -0.8014 -0.5953 0.0579
vn -0.4638 -0.8810 0.0932
vn 0.0090 -0.9795 0.2014
vn -0.8199 -0.5517 -0.1530
vn -0.4266 -0.8797 -0.2100
vn 0.0148 -0.9855 -0.1692
vn -0.6151 0.7876 -0.0379
vn -0.8489 0.4980 0.1772
vn -0.7058 0.6185 0.3454
vn -0.4810 0.8518 0.2076
vn -0.9528 0.2966 0.0651
vn -0.9967 -0.0729 0.0351
vn -0.7988 0.4321 0.4185
vn -0.8978 0.3937 0.1976
vn -0.9215 -0.3737 0.1058
vn -0.7859 0.6154 0.0602
vn -0.5062 0.8525 -0.1302
vn -0.0103 0.9879 -0.1546
vn -0.8578 0.5136 0.0189
vn -0.6134 0.7896 -0.0170
vn -0.0112 0.9969 -0.0775
vn -0.9144 -0.0141 -0.4046
vn -0.8705 -0.4491 0.2015
vn -0.8100 -0.5166 0.2775
vn -0.9353 -0.1252 -0.3309
vn 0.6919 -0.2292 0.6847
vn 0.4299 -0.3082 0.8487
vn 0.0128 -0.3774 0.9260
vn -0.6020 0.2216 -0.7671
vn 0.8823 0.3305 -0.3350
vn 0.7429 0.6555 -0.1357
vn 0.9899 -0.0440 -0.1350
vn 0.9482 -0.1091 -0.2983
vn 0.7110 0.1569 -0.6855
vn 0.8889 -0.1623 -0.4283
vn 0.8530 -0.2071 -0.4791
vn -0.7139 -0.2114 -0.6676
vn -0.1633 0.9492 -0.2692
vn -0.0520 0.9977 0.0444
vn -0.3353 0.4970 -0.8003
vn 0.0063 -0.7390 0.6737
vn -0.5575 -0.6464 0.5209
vn -0.5231 -0.4733 0.7088
vn -0.1419 -0.9727 0.1837
vn -0.6921 -0.6663 0.2774
vn -0.0825 -0.9966 0.0031
vn -0.6416 -0.7524 0.1491
vn -0.9681 0.1339 0.2116
vn -0.7845 0.5417 0.3019
vn -0.9954 0.0795 -0.0537
vn 0.7970 0.2377 -0.5552
vn 0.7089 0.6139 -0.3473
vn 0.9188 -0.0882 -0.3848
vn 0.8502 -0.1952 -0.4889
vn 0.6466 0.1118 -0.7546
vn 0.8399 -0.1959 -0.5062
vn 0.8502 -0.1716 -0.4977
vn -0.7606 0.0075 -0.6492
vn -0.0816 0.8823 -0.4635
vn -0.2252 0.9713 0.0762
vn -0.3480 0.5117 -0.7855
vn 0.0301 -0.7478 0.6632
vn -0.6031 -0.5836 0.5437
vn -0.4870 -0.4957 0.7191
vn -0.0896 -0.9326 0.3495
vn -0.6370 -0.6686 0.3836
vn -0.1245 -0.9807 0.1509
vn -0.7647 -0.4934 0.4144
vn -0.8869 0.3666 0.2811
vn -0.8217 0.3836 0.4216
vn -0.9720 0.2261 -0.0641
vn 0.9130 0.3080 -0.2676
vn 0.7252 0.6686 -0.1645
vn 0.9985 -0.0551 -0.0041
vn 0.9887 -0.0685 -0.1335
vn 0.8276 0.1673 -0.5357
vn 0.9617 -0.0680 -0.2654
vn 0.9533 -0.1245 -0.2750
vn -0.6038 -0.1299 -0.7865
vn -0.2279 0.8585 -0.4593
vn -0.0979 0.9820 -0.1615
vn -0.2392 0.4258 -0.8727
vn 0.0827 -0.7314 0.6769
vn -0.6185 -0.6682 0.4134
vn -0.5991 -0.5091 0.6180
vn 0.0213 -0.9344 0.3555
vn -0.7453 -0.6157 0.2557
vn -0.0224 -0.9679 0.2503
vn -0.6460 -0.7067 0.2886
vn -0.9930 0.1168 -0.0187
vn -0.8822 0.4703 0.0240
vn -0.9620 0.0518 -0.2681
vn 0.9597 0.2678 -0.0854
vn 0.8584 0.5109 -0.0462
vn 0.9843 -0.0911 0.1511
vn 0.9916 -0.1064 0.0739
vn 0.9237 0.1433 -0.3554
vn 0.9925 -0.1196 -0.0255
vn 0.9847 -0.1708 -0.0357
vn -0.4677 -0.0437 -0.8828
vn -0.0339 0.8396 -0.5422
vn 0.1579 0.9390 -0.3055
vn -0.0818 0.4466 -0.8910
vn -0.0710 -0.6937 0.7167
vn -0.7311 -0.5991 0.3264
vn -0.7465 -0.4336 0.5048
vn -0.0649 -0.9156 0.3968
vn -0.6979 -0.7056 0.1227
vn -0.0765 -0.9763 0.2024
vn -0.8678 -0.4969 -0.0082
vn -0.9485 0.1618 -0.2724
vn -0.8231 0.5051 -0.2595
vn -0.8872 0.1389 -0.4399
vn 0.9815 0.1822 0.0587
vn 0.7909 0.5892 0.1649
vn 0.9388 -0.1955 0.2836
vn 0.9572 -0.2397 0.1625
vn 0.9629 0.0665 -0.2614
vn 0.9695 -0.2387 0.0562
vn 0.9574 -0.2842 0.0507
vn -0.3449 0.0873 -0.9346
vn 0.0139 0.9042 -0.4269
vn -0.0225 0.9959 -0.0877
vn 0.0863 0.5265 -0.8458
vn -0.2497 -0.7613 0.5984
vn -0.8195 -0.5506 0.1589
vn -0.8363 -0.4224 0.3495
vn -0.1733 -0.9616 0.2128
vn -0.8399 -0.5350 -0.0916
vn -0.0689 -0.9921 0.1048
vn -0.6980 -0.7030 -0.1366
vn -0.9074 0.2264 -0.3542
vn -0.7968 0.5454 -0.2601
vn -0.8014 0.2573 -0.5399
vn 0.5039 0.2678 0.8212
vn 0.5989 0.3048 0.7405
vn 0.0829 -0.9041 -0.4192
vn 0.1250 -0.9914 -0.0393
vn 0.3069 -0.7810 0.5439
vn 0.9542 0.1722 -0.2445
vn 0.9745 0.1839 -0.1287
vn 0.8342 0.5233 -0.1740
vn 0.8105 0.5666 -0.1487
vn 0.7428 -0.6586 -0.1205
vn 0.7340 -0.6747 -0.0783
vn 0.9035 -0.1998 -0.3791
vn 0.4048 -0.8795 -0.2500
vn 0.6092 -0.7820 0.1319
vn 0.6315 -0.7551 -0.1765
vn 0.6461 -0.7625 -0.0350
vn 0.5618 -0.8185 0.1200
vn 0.7318 -0.6779 0.0704
vn 0.9088 0.2982 0.2920
vn 0.6726 0.7059 -0.2220
vn 0.9870 0.0813 -0.1384
vn 0.9429 -0.2872 0.1689
vn 0.6064 -0.6528 -0.4540
vn 0.2094 -0.8642 -0.4575
vn 0.0134 -0.9973 -0.0726
vn 0.3272 -0.9089 0.2587
vn 0.0528 -0.9885 -0.1417
vn -0.4815 -0.8285 -0.2859
vn -0.7331 -0.6693 0.1212
vn -0.5799 -0.7317 0.3582
vn -0.2095 -0.9006 0.3808
vn 0.0594 -0.9778 0.2008
vn 0.1223 -0.7891 0.6019
vn -0.0447 -0.4899 0.8706
vn -0.1100 0.9360 -0.3344
vn 0.1497 0.9876 0.0467
vn -0.3656 0.9177 0.1556
vn -0.3479 0.9325 -0.0965
vn 0.4667 0.8383 -0.2818
vn -0.0917 0.9958 0.0026
vn -0.2215 0.9637 -0.1488
vn 0.2628 0.9570 -0.1232
vn 0.8064 0.5579 -0.1964
vn 0.3368 0.9273 -0.1633
vn 0.2359 0.9321 -0.2750
vn 0.7332 0.5863 -0.3444
vn 0.3831 -0.8713 0.3066
vn 0.2230 -0.7421 0.6321
vn 0.8028 0.5927 0.0643
vn 0.6445 0.7641 0.0274
vn 0.3934 0.9046 -0.1638
vn -0.1158 0.8479 -0.5174
vn 0.4347 0.8508 -0.2951
vn 0.4052 0.5813 -0.7056
vn 0.9565 0.0306 -0.2901
vn 0.9183 0.0721 -0.3894
vn -0.4455 -0.5508 0.7058
vn -0.4045 -0.1469 0.9027
vn 0.8879 -0.4117 -0.2054
vn 0.8330 -0.4899 0.2572
vn 0.9869 0.1479 0.0651
vn 0.9617 0.2256 -0.1557
vn -0.2310 -0.9665 -0.1123
vn 0.1997 -0.9506 -0.2378
vn -0.0719 -0.8476 -0.5258
vn 0.2743 -0.9338 -0.2298
vn -0.1407 -0.9882 0.0612
vn 0.1328 -0.9381 -0.3199
vn 0.3861 0.9151 -0.1160
vn 0.9593 -0.2404 -0.1484
vn -0.4560 0.8386 0.2981
vn 0.0144 0.9988 0.0475
vn -0.1213 0.9325 -0.3401
vn 0.2168 0.9475 -0.2349
vn 0.0448 0.9923 0.1152
vn 0.4358 0.8422 -0.3174
vn -0.8680 -0.4907 -0.0769
vn -0.4689 -0.8687 0.1599
vn -0.8961 0.2319 -0.3783
vn -0.9424 0.0826 -0.3243
vn 0.9000 -0.1452 0.4110
vn 0.9587 0.1758 0.2233
vn 0.5516 0.8110 -0.1949
vn 0.5849 0.8108 -0.0229
vn 0.9268 -0.2077 0.3129
vn 0.0117 -0.9986 0.0513
vn 0.5895 -0.7698 -0.2447
vn -0.8244 -0.3656 0.4321
vn 0.1266 0.9850 -0.1170
vn 0.3870 0.8358 -0.3894
vn -0.4675 0.8802 0.0822
vn -0.6842 0.6957 0.2188
vn 0.8237 0.1239 -0.5533
vn 0.7793 0.1102 -0.6169
vn 0.7397 0.3258 -0.5888
vn -0.6330 0.7708 -0.0720
vn -0.1493 -0.9887 0.0104
vn -0.5744 -0.7590 0.3066
vn -0.9637 0.0766 0.2557
vn -0.8931 -0.1964 0.4048
vn 0.4748 0.7671 -0.4315
vn -0.0586 0.9659 -0.2522
vn 0.9292 0.0697 -0.3628
vn 0.9303 0.0942 -0.3546
vn 0.8633 0.2653 -0.4293
vn -0.6097 0.7464 -0.2668
vn -0.2601 -0.9484 -0.1816
vn -0.0514 -0.9256 -0.3750
vn -0.7568 -0.6326 0.1646
vn 0.0328 -0.9833 -0.1791
vn -0.9883 -0.0031 0.1523
vn -0.9918 -0.0570 0.1148
vn 0.0857 0.9642 -0.2508
vn 0.7549 0.6249 -0.1990
vn 0.9799 -0.0924 -0.1768
vn 0.9640 -0.1674 -0.2066
vn 0.9747 0.0326 -0.2210
vn -0.5147 0.7612 -0.3946
vn -0.5500 -0.8164 0.1762
vn -0.2966 -0.9414 0.1604
vn -0.9574 0.2185 -0.1889
vn -0.9773 0.1698 -0.1263
vn 0.8564 0.5113 -0.0715
vn 0.9968 0.0106 0.0799
vn 0.9688 -0.2138 0.1254
vn -0.7369 -0.4940 -0.4614
vn -0.0405 -0.5805 -0.8132
vn 0.8579 -0.0402 -0.5123
vn 0.6138 0.3066 -0.7275
vn 0.8508 -0.2011 -0.4855
vn 0.2629 -0.7014 -0.6625
vn -0.3771 -0.5486 -0.7462
vn -0.8394 -0.3084 -0.4476
vn -0.2877 0.5659 -0.7727
vn -0.5553 0.5504 -0.6235
vn 0.3401 0.2651 -0.9023
vn 0.4034 0.0449 -0.9139
vn -0.5676 -0.6853 -0.4564
vn -0.2099 -0.3717 -0.9043
vn 0.0344 0.6263 -0.7788
vn -0.2666 0.4495 -0.8525
vn 0.6207 0.0832 -0.7796
vn -0.2010 0.4052 -0.8918
vn -0.5657 -0.6269 -0.5357
vn -0.0607 -0.5467 -0.8351
vn 0.2564 0.5684 -0.7818
vn -0.1198 0.4434 -0.8883
vn 0.7295 -0.2317 -0.6435
vn 0.4428 0.1776 -0.8789
vn -0.4399 -0.5921 -0.6752
vn 0.0859 -0.6180 -0.7815
vn 0.6708 0.1134 -0.7329
vn 0.5377 0.4950 -0.6825
vn 0.8669 -0.2314 -0.4416
vn 0.2326 0.9394 -0.2517
vn 0.2905 0.5322 -0.7952
vn -0.2813 0.4860 -0.8275
vn -0.7676 0.5746 -0.2840
vn -0.5564 0.8020 -0.2170
vn 0.3545 0.9316 -0.0800
vn -0.5681 0.8223 -0.0322
vn -0.4788 0.7311 -0.4861
vn 0.0544 0.4132 -0.9090
vn -0.5957 0.2070 -0.7761
vn -0.1073 0.9637 -0.2447
vn -0.0312 0.9970 -0.0714
vn -0.2969 0.5084 -0.8083
vn -0.7823 0.6171 -0.0851
vn -0.5611 0.8252 -0.0654
vn -0.4274 0.9010 0.0739
vn -0.4965 0.4980 -0.7109
vn -0.7681 0.6369 0.0664
vn -0.5708 0.7895 0.2256
vn -0.2129 0.9745 -0.0707
vn -0.6073 0.7790 0.1559
vn -0.2602 0.8943 -0.3640
vn -0.8875 0.2696 -0.3738
vn -0.8422 0.3079 0.4427
vn -0.9001 0.0842 0.4275
vn -0.9788 0.0438 0.2002
vn -0.8045 0.1171 0.5823
vn -0.5359 0.4065 0.7399
vn -0.9094 -0.1471 0.3889
vn -0.9961 0.0134 0.0876
vn -0.8893 0.3532 -0.2905
vn -0.9070 0.1970 0.3723
vn -0.7957 0.3494 -0.4947
vn 0.2106 0.3644 -0.9071
vn 0.4855 0.3618 -0.7958
vn 0.2230 0.9068 -0.3577
vn 0.5606 -0.6175 0.5517
vn 0.1833 -0.3244 0.9280
vn 0.1481 -0.5566 0.8175
vn 0.6893 -0.6919 0.2148
vn 0.7868 -0.6086 -0.1026
vn 0.6661 -0.7166 -0.2067
vn 0.3259 -0.7445 0.5827
vn 0.3383 -0.8358 -0.4324
vn -0.7322 0.2001 -0.6510
vn 0.0679 0.8079 -0.5854
vn -0.7605 0.1979 -0.6184
vn -0.0339 0.9973 -0.0656
vn -0.8614 0.2418 -0.4466
vn 0.1662 0.8569 -0.4880
vn -0.0791 -0.5131 -0.8547
vn 0.5331 -0.8423 -0.0798
vn 0.4273 -0.6070 -0.6701
vn 0.7043 -0.6835 -0.1918
vn 0.3595 -0.6338 -0.6849
vn 0.2899 -0.9550 0.0626
vn -0.7648 0.0258 -0.6437
vn -0.6507 0.1658 -0.7410
vn -0.8557 -0.1338 -0.4998
vn -0.9140 -0.0414 -0.4036
vn 0.0450 -0.2617 -0.9641
vn 0.3650 -0.1684 -0.9157
vn 0.4107 -0.1446 -0.9002
vn 0.1184 -0.0406 -0.9921
vn 0.4519 -0.1323 -0.8822
vn -0.5215 -0.0474 -0.8519
vn -0.4303 -0.2379 -0.8708
vn -0.1315 0.0309 -0.9908
vn -0.3822 0.1162 -0.9167
vn -0.3056 -0.0094 -0.9521
vn -0.3407 0.0311 -0.9397
vn -0.5022 0.1575 -0.8503
vn -0.2929 0.1084 -0.9500
vn -0.5360 0.1844 -0.8238
vn -0.1827 -0.3352 -0.9243
vn 0.0452 -0.3087 -0.9501
vn -0.1675 0.1103 -0.9797
vn -0.1004 0.0911 -0.9908
vn -0.0251 -0.0351 -0.9991
vn 0.0931 -0.0752 -0.9928
vn 0.2141 -0.0992 -0.9718
vn 0.2325 0.2118 -0.9493
vn -0.2190 0.0663 -0.9735
vn -0.3638 0.1237 -0.9232
vn -0.2334 0.0566 -0.9707
vn -0.4426 0.1584 -0.8826
vn -0.5454 0.0591 -0.8361
vn -0.5213 0.0728 -0.8503
vn 0.2764 0.1104 -0.9547
vn -0.5095 -0.0063 -0.8604
vn -0.0191 0.0219 -0.9996
vn -0.6899 0.0294 -0.7233
vn -0.7157 0.1733 -0.6765
vn 0.9850 -0.1277 0.1159
vn 0.9614 -0.1812 0.2069
vn 0.7829 0.2468 0.5711
vn 0.9372 0.1284 0.3244
vn 0.6552 -0.7398 0.1533
vn 0.2727 0.9523 0.1372
vn 0.3837 0.9225 -0.0430
vn 0.4666 0.8828 0.0548
vn 0.8574 0.4284 -0.2853
vn 0.8220 0.3128 -0.4760
vn 0.9696 0.1244 -0.2107
vn 0.9581 0.2747 -0.0813
vn 0.9727 0.0784 -0.2185
vn 0.8282 -0.2681 -0.4922
vn 0.9519 -0.1968 -0.2348
vn 0.5174 -0.8149 -0.2613
vn 0.2696 -0.8906 -0.3663
vn 0.5067 -0.8208 0.2637
vn 0.7659 -0.6312 0.1226
vn 0.4797 0.7747 0.4119
vn 0.5394 0.8338 0.1177
vn 0.3581 0.9203 0.1575
vn 0.7122 0.5311 -0.4590
vn 0.8482 0.1673 -0.5025
vn 0.9762 0.1829 0.1168
vn 0.9173 -0.2823 -0.2808
vn 0.8638 -0.5035 0.0184
vn 0.8714 -0.2450 -0.4249
vn 0.8156 -0.0829 -0.5727
vn -0.1023 -0.5293 0.8422
vn 0.4025 -0.9145 -0.0422
vn 0.2408 -0.9688 -0.0592
vn 0.3965 0.6845 0.6117
vn 0.4568 -0.6915 0.5597
vn 0.5290 -0.6303 0.5682
vn 0.3930 0.5167 0.7607
vn 0.5261 0.3479 0.7760
vn 0.1929 -0.8252 -0.5308
vn 0.4598 -0.8758 -0.1466
vn 0.8351 0.0577 0.5471
vn 0.5961 0.0436 0.8017
vn 0.9224 -0.3275 0.2049
vn 0.9600 -0.2799 -0.0013
vn 0.8750 -0.3584 0.3255
vn 0.8336 -0.2392 0.4979
vn 0.9135 -0.4047 0.0412
vn 0.9861 -0.1653 -0.0169
vn -0.3583 0.3842 -0.8509
vn 0.8168 -0.3476 0.4605
vn 0.7469 -0.2283 0.6245
vn 0.8415 -0.2017 0.5013
vn 0.5595 -0.7043 0.4369
vn 0.0318 -0.9994 0.0117
vn -0.6921 -0.0710 0.7183
vn -0.7156 -0.0768 0.6943
vn -0.6401 0.1601 0.7514
vn -0.6341 0.1254 0.7630
vn 0.9616 -0.2742 0.0142
vn 0.4064 -0.1957 0.8925
vn 0.8209 -0.2263 0.5242
vn 0.9778 -0.0553 0.2020
vn 0.9837 0.0074 -0.1796
vn 0.4902 0.4050 0.7718
vn 0.1960 0.4185 0.8868
vn 0.3625 0.4190 0.8325
vn 0.6392 0.2798 0.7164
vn -0.7670 -0.2981 0.5682
vn -0.7470 -0.2204 0.6273
vn -0.8515 -0.0628 0.5206
vn -0.5154 -0.3793 0.7685
vn 0.8350 -0.0320 0.5493
vn -0.4705 -0.3179 0.8231
vn -0.1514 -0.5079 0.8480
vn 0.6062 -0.3693 0.7044
vn 0.5372 -0.8432 0.0195
vn 0.3152 -0.7206 0.6176
vn 0.8668 0.4831 -0.1239
vn 0.9744 0.2212 0.0392
vn 0.8179 0.5273 0.2302
vn 0.8698 0.3163 -0.3787
vn 0.8003 0.4221 -0.4259
vn 0.8028 0.5874 0.1022
vn 0.7588 -0.1274 -0.6387
vn 0.8007 -0.3337 -0.4975
vn 0.4448 -0.4307 -0.7853
vn 0.2205 -0.2973 -0.9290
vn 0.7453 0.1233 -0.6553
vn 0.6273 -0.1844 -0.7566
vn 0.7003 -0.0607 -0.7113
vn 0.9062 -0.0113 -0.4227
vn 0.7383 -0.1096 -0.6655
vn -0.8383 -0.3819 0.3892
vn -0.8805 -0.3751 0.2898
vn -0.9160 -0.3667 0.1626
vn -0.8974 -0.0293 0.4403
vn -0.9460 -0.1764 0.2720
vn -0.9534 -0.2222 0.2042
vn -0.8724 -0.4382 -0.2167
vn -0.8691 -0.4677 -0.1608
vn -0.3142 -0.7432 -0.5907
vn -0.1610 -0.7959 -0.5837
vn 0.8581 -0.4905 -0.1519
vn 0.5687 -0.7330 -0.3733
vn 0.8733 -0.2356 -0.4264
vn 0.7577 -0.5294 -0.3816
vn 0.8613 -0.5079 -0.0153
vn 0.8388 -0.2398 -0.4888
vn 0.1527 -0.7615 -0.6300
vn 0.5164 0.3690 0.7728
vn 0.9057 0.0869 0.4149
vn 0.6131 0.1951 0.7655
vn 0.5683 -0.3098 -0.7623
vn 0.7463 -0.3170 -0.5853
vn 0.9580 -0.1853 -0.2188
vn -0.5201 -0.4318 -0.7369
vn -0.1710 -0.4846 -0.8579
vn -0.4646 -0.2551 -0.8480
vn -0.8071 -0.2126 -0.5509
vn 0.1524 -0.4085 -0.9000
vn 0.1739 0.4345 0.8837
vn -0.8750 -0.2967 -0.3825
vn -0.9734 0.0140 -0.2287
vn -0.0463 -0.3390 0.9396
vn 0.1320 -0.5273 0.8394
vn -0.0778 -0.4078 0.9097
vn -0.3607 -0.2858 0.8878
vn -0.8801 0.1811 0.4389
vn -0.9051 0.3693 0.2109
vn -0.2548 -0.3938 0.8832
vn -0.0436 -0.2601 0.9646
vn -0.3441 -0.1960 0.9183
vn -0.2729 -0.3596 0.8923
vn -0.2177 -0.3761 0.9006
vn 0.2168 -0.0427 -0.9753
vn -0.9868 0.0618 -0.1500
vn -0.9759 -0.0051 0.2181
vn -0.7210 -0.1334 -0.6800
vn -0.8408 0.0510 0.5390
vn -0.4976 -0.1127 0.8600
vn -0.6547 0.0349 0.7551
vn -0.8108 0.0490 0.5833
vn -0.8998 0.3284 0.2873
vn -0.5642 -0.1176 0.8172
vn -0.2114 -0.1709 -0.9623
vn 0.3390 0.1145 -0.9338
vn 0.9850 0.1674 0.0420
vn 0.8832 -0.0601 0.4651
vn 0.4770 0.1005 0.8731
vn 0.6159 0.4621 0.6381
vn 0.6825 0.6914 0.2372
vn 0.9397 -0.0668 0.3353
vn 0.7966 0.2707 0.5406
vn 0.9653 0.1377 -0.2221
vn 0.7689 0.6380 -0.0420
vn 0.7667 -0.0580 0.6394
vn 0.2939 0.4884 0.8216
vn 0.2368 0.3735 0.8969
vn 0.4193 0.4418 0.7931
vn 0.4435 0.5479 0.7093
vn 0.8977 0.1795 -0.4024
vn 0.1744 0.2417 -0.9545
vn 0.9174 -0.3464 -0.1961
vn 0.9644 0.2498 -0.0863
vn 0.8492 0.0588 0.5248
vn 0.6417 0.3136 0.6999
vn 0.6985 0.1931 0.6891
vn 0.7829 0.0023 0.6221
vn 0.5077 0.1079 0.8547
vn 0.5584 -0.0422 0.8285
vn -0.2242 0.2941 0.9291
vn -0.7583 -0.1880 0.6242
vn -0.6303 0.4634 0.6229
vn -0.2099 0.1770 0.9616
vn 0.5492 0.5164 0.6570
vn 0.6642 0.5689 0.4849
vn 0.6531 0.6523 0.3845
vn -0.9074 -0.4154 -0.0629
vn -0.9857 -0.0860 0.1449
vn -0.6104 -0.7489 0.2580
vn -0.6726 -0.7399 -0.0116
vn -0.8895 0.3847 -0.2466
vn -0.8485 0.2389 -0.4723
vn -0.7767 -0.6268 -0.0626
vn -0.9239 -0.3756 -0.0727
vn -0.8365 0.0466 -0.5460
vn -0.8950 -0.3998 -0.1978
vn 0.4878 0.3200 0.8122
vn 0.2657 0.1699 0.9490
vn -0.8997 0.0444 -0.4343
vn -0.8233 -0.0448 -0.5658
vn -0.8473 -0.0699 -0.5264
vn -0.9389 -0.1424 -0.3135
vn -0.9236 -0.0535 0.3795
vn -0.9113 0.0972 0.4001
vn -0.6805 0.1594 0.7152
vn -0.6227 -0.0360 0.7817
vn 0.5941 0.0957 0.7987
vn 0.5974 -0.0121 0.8018
vn 0.8646 -0.0151 0.5023
vn 0.8850 0.0008 0.4656
vn 0.9754 -0.0378 0.2170
vn 0.9991 0.0167 0.0386
vn 0.0002 0.0156 0.9999
vn 0.0719 0.1965 0.9779
vn 0.3891 -0.9204 -0.0379
vn 0.4568 -0.8479 0.2693
vn 0.1256 -0.9666 -0.2234
vn 0.1004 -0.9362 -0.3370
vn -0.7041 -0.6394 -0.3088
vn -0.3405 -0.9175 -0.2058
vn -0.5582 -0.8208 -0.1215
vn -0.7060 -0.6961 -0.1300
vn 0.7952 -0.4207 0.4368
vn 0.7166 -0.4062 0.5670
vn 0.9322 0.1056 0.3461
vn 0.9282 0.2129 0.3052
vn -0.3848 0.7927 -0.4728
vn -0.6377 0.6276 -0.4465
vn -0.3665 0.7279 -0.5795
vn 0.1434 0.8365 -0.5288
vn 0.7505 0.6313 -0.1952
vn -0.1273 0.9821 -0.1389
vn -0.1979 0.8895 -0.4118
vn 0.4220 0.8170 -0.3930
vn 0.9009 0.4336 0.0162
vn 0.2879 0.9103 -0.2973
vn 0.2086 0.9062 -0.3677
vn 0.9060 0.3254 0.2706
vn 0.4357 0.8736 -0.2167
vn 0.6644 0.5402 -0.5165
vn 0.7494 0.6546 -0.0995
vn 0.6151 0.6516 -0.4440
vn 0.8059 0.5601 -0.1917
vn 0.9791 0.0584 0.1950
vn 0.8352 -0.5081 0.2105
vn 0.8652 -0.4561 0.2082
vn 0.9358 0.3152 0.1577
vn 0.1685 -0.9515 -0.2574
vn 0.0167 -0.9842 -0.1765
vn -0.1275 -0.9637 -0.2347
vn -0.1204 -0.9788 -0.1659
vn 0.7669 0.5790 -0.2767
vn 0.4247 -0.6638 0.6157
vn 0.0694 -0.9077 0.4138
vn 0.5369 0.8252 -0.1756
vn -0.5324 -0.7097 0.4614
vn -0.7735 -0.4967 0.3937
vn -0.2174 -0.7130 0.6667
vn -0.5061 0.7267 -0.4646
vn -0.3996 0.7725 -0.4935
vn 0.1140 0.9455 -0.3049
vn -0.0405 0.8571 -0.5135
vn 0.1610 0.9163 -0.3667
vn 0.3179 0.7905 -0.5236
vn 0.3788 0.7116 -0.5917
vn 0.4444 0.8133 -0.3757
vn 0.7127 0.6854 -0.1494
vn 0.5029 0.8494 -0.1601
vn -0.2542 -0.9063 -0.3378
vn 0.3096 -0.9323 0.1869
vn -0.7798 -0.0119 -0.6260
vn 0.8914 0.3852 0.2389
vn -0.7502 0.3369 -0.5689
vn -0.8232 0.0675 -0.5638
vn 0.1851 0.9666 0.1774
vn 0.8261 0.0786 0.5580
vn 0.8496 0.2122 0.4830
vn 0.4297 0.8979 0.0958
vn 0.8568 -0.1682 0.4874
vn 0.7966 -0.1928 0.5729
vn 0.0046 -0.9924 -0.1228
vn 0.5060 -0.7791 -0.3701
vn -0.7802 -0.6173 -0.1009
vn -0.5604 0.7391 0.3737
vn 0.6469 0.7597 0.0662
vn 0.2830 0.9591 0.0057
vn -0.6594 0.7493 0.0607
vn 0.4546 0.7859 -0.4192
vn -0.9558 -0.2938 0.0084
vn 0.9441 0.0841 -0.3189
vn 0.8941 0.3508 -0.2784
vn -0.4801 -0.8765 -0.0347
vn 0.1879 -0.9809 0.0510
vn 0.1005 -0.9736 -0.2050
vn -0.9899 0.1417 0.0103
vn -0.9928 -0.1145 -0.0364
vn -0.0146 0.9995 0.0288
vn 0.8541 0.5120 -0.0917
vn 0.7255 0.6723 -0.1471
vn 0.0934 0.9682 -0.2321
vn 0.7179 0.5628 -0.4096
vn -0.9774 -0.0266 -0.2095
vn 0.9945 -0.0395 -0.0967
vn 0.9800 0.1967 -0.0300
vn -0.1904 -0.9681 0.1627
vn 0.0405 -0.9951 0.0901
vn 0.0353 -0.9987 -0.0365
vn -0.5502 -0.8266 -0.1183
vn -0.9280 0.2462 -0.2795
vn -0.9522 -0.1069 -0.2861
vn 0.8199 0.5528 -0.1488
vn 0.2305 0.8845 -0.4057
vn 0.2049 0.9562 -0.2090
vn 0.8986 0.4078 0.1620
vn 0.8411 0.4789 -0.2515
vn -0.6809 0.0850 -0.7275
vn 0.9955 -0.0322 0.0893
vn 0.9826 0.1763 0.0586
vn -0.1093 -0.9940 0.0010
vn -0.5364 -0.8151 -0.2189
vn -0.7752 0.2555 -0.5777
vn -0.8448 0.0228 -0.5346
vn 0.8979 0.0208 0.4397
vn 0.7505 0.6460 0.1393
vn 0.8039 0.2834 0.5229
vn 0.9089 -0.1022 0.4043
vn 0.0713 -0.6540 -0.7531
vn 0.5117 -0.7601 -0.4006
vn 0.9450 0.3270 0.0112
vn 0.3525 0.8383 -0.4160
vn 0.9691 -0.1789 0.1700
vn -0.2585 -0.6165 -0.7437
vn 0.3609 -0.5093 -0.7813
vn -0.8346 -0.3068 -0.4574
vn 0.4362 0.7700 -0.4656
vn -0.6469 0.7037 -0.2939
vn 0.7918 0.0306 -0.6100
vn 0.7327 0.2737 -0.6231
vn -0.3486 -0.6141 -0.7081
vn 0.1176 -0.7119 -0.6924
vn 0.7060 0.4673 -0.5321
vn 0.0471 0.7689 -0.6377
vn 0.7940 -0.1363 -0.5925
vn 0.8778 0.0533 -0.4761
vn -0.4520 -0.7150 -0.5334
vn 0.0967 -0.8362 -0.5399
vn 0.7062 0.2404 -0.6659
vn 0.2989 0.4878 -0.8202
vn 0.8092 -0.0054 -0.5874
vn 0.8616 0.0507 -0.5050
vn 0.1784 -0.7968 -0.5773
vn -0.2227 -0.7047 -0.6737
vn 0.9922 -0.0383 0.1184
vn 0.8806 0.4111 -0.2356
vn 0.9905 -0.1362 0.0174
vn -0.4876 0.6890 -0.5363
vn 0.0935 0.9494 -0.2998
vn 0.0637 0.7386 -0.6711
vn -0.4113 0.4319 -0.8026
vn 0.0529 0.9986 0.0095
vn -0.5902 0.6471 -0.4827
vn 0.2051 0.8881 -0.4115
vn -0.2199 0.6538 -0.7240
vn -0.4414 0.8075 -0.3913
vn -0.3256 0.5972 -0.7330
vn -0.5466 0.2029 -0.8125
vn -0.5919 0.6999 -0.3998
vn -0.1988 0.7305 -0.6534
vn -0.4932 0.7630 -0.4177
vn -0.4374 0.4245 -0.7927
vn -0.7151 0.6474 -0.2636
vn -0.4915 0.6093 -0.6222
vn -0.6780 0.7211 -0.1427
vn -0.5591 0.5375 -0.6313
vn -0.8877 0.4444 0.1204
vn -0.8604 0.4848 -0.1571
vn -0.0312 0.7265 -0.6864
vn -0.9698 0.0859 -0.2283
vn -0.9916 0.1100 0.0684
vn -0.9792 0.0635 0.1927
vn -0.8757 0.0350 -0.4816
vn -0.9644 0.0764 -0.2533
vn -0.3278 0.8521 -0.4080
vn -0.9871 0.1277 -0.0966
vn -0.6420 0.5389 -0.5453
vn -0.8359 0.3243 -0.4428
vn -0.0623 0.2627 -0.9629
vn -0.4669 -0.8647 0.1852
vn -0.3093 -0.9440 -0.1151
vn -0.6509 -0.7508 -0.1126
vn -0.6956 -0.5992 0.3964
vn -0.1210 -0.9747 0.1879
vn 0.1190 -0.9897 -0.0797
vn 0.3805 -0.8883 0.2573
vn 0.6336 -0.7662 0.1071
vn 0.9215 -0.3191 0.2215
vn 0.9244 0.3425 -0.1678
vn 0.5487 0.6449 -0.5320
vn 0.6435 0.2940 -0.7067
vn -0.9976 -0.0695 -0.0071
vn -0.9796 0.0281 -0.1990
vn -0.9929 0.0827 -0.0854
vn -0.9645 -0.2468 0.0942
vn -0.9991 -0.0126 0.0396
vn -0.9246 -0.0717 -0.3741
vn -0.7838 -0.1962 -0.5893
vn -0.9843 -0.0881 0.1532
vn -0.9975 -0.0366 -0.0605
vn 0.6781 -0.6395 0.3622
vn 0.8627 -0.5053 0.0171
vn -0.5757 0.1339 -0.8066
vn 0.5021 0.5282 -0.6847
vn -0.6649 0.0347 -0.7461
vn 0.2243 0.5208 -0.8237
vn -0.7781 0.0689 -0.6243
vn -0.3093 0.5211 -0.7955
vn 0.2786 0.8161 -0.5064
vn 0.1736 0.9692 -0.1748
vn 0.5456 -0.5386 -0.6420
vn 0.6202 -0.7713 -0.1430
vn 0.5981 -0.6318 -0.4931
vn 0.4614 -0.8731 0.1573
vn 0.1726 -0.9183 -0.3562
vn 0.6374 -0.7520 -0.1682
vn 0.2103 -0.9770 0.0340
vn -0.6159 0.0281 -0.7873
vn -0.6128 -0.0327 -0.7896
vn -0.7861 -0.1389 -0.6023
vn -0.8208 -0.1512 -0.5508
vn -0.9684 -0.1076 -0.2249
vn 0.4587 -0.3949 -0.7960
vn 0.4046 0.5813 -0.7060
vn 0.9759 0.0874 -0.2002
vn 0.9859 -0.1566 -0.0596
vn -0.5456 -0.2985 -0.7831
vn 0.5852 0.1244 -0.8013
vn 0.5703 -0.0076 -0.8214
vn 0.0593 -0.3071 -0.9498
vn 0.0565 0.5006 -0.8638
vn 0.5846 0.1112 -0.8037
vn 0.9640 -0.0453 -0.2622
vn -0.0230 -0.5495 -0.8352
vn 0.3705 -0.0024 -0.9288
vn 0.5180 0.0924 -0.8504
vn 0.8515 0.1074 -0.5132
vn 0.2165 -0.3930 -0.8937
vn 0.9575 0.0479 -0.2846
vn 0.9959 -0.0764 0.0477
vn -0.3109 0.3494 -0.8839
vn 0.2168 0.5842 -0.7821
vn -0.2734 0.2781 -0.9208
vn 0.0272 0.0880 -0.9957
vn -0.2293 0.3147 -0.9211
vn -0.8221 0.2483 -0.5124
vn 0.0534 0.6285 -0.7759
vn -0.3857 0.0933 -0.9179
vn -0.3503 0.0499 -0.9353
vn -0.4473 0.0023 -0.8944
vn -0.3853 -0.0352 -0.9221
vn -0.9202 -0.0881 -0.3815
vn 0.8817 -0.1016 0.4607
vn 0.9820 -0.1753 -0.0702
vn 0.4884 -0.0733 0.8695
vn -0.9231 -0.2929 -0.2493
vn -0.6366 0.0060 0.7712
vn -0.8893 0.0883 0.4486
vn 0.0531 -0.1219 0.9911
vn 0.9548 0.0153 -0.2970
vn 0.9059 -0.1724 -0.3867
vn 0.6702 -0.0390 -0.7411
vn -0.5457 -0.8114 0.2093
vn -0.8649 -0.3951 0.3097
vn -0.0276 -0.9533 0.3008
vn 0.9027 -0.2249 0.3669
vn 0.5109 -0.7607 0.4003
vn -0.6096 -0.4528 0.6507
vn 0.0240 -0.5957 0.8029
vn -0.9804 -0.1489 -0.1288
vn 0.0202 -0.5945 -0.8038
vn 0.6634 -0.4334 -0.6099
vn 0.5053 -0.6657 -0.5492
vn -0.1482 -0.7031 -0.6955
vn -0.1306 0.0745 0.9886
vn -0.7921 0.0178 0.6101
vn 0.3531 0.3779 0.8559
vn 0.5496 0.3537 0.7568
vn 0.9515 -0.1717 0.2553
vn 0.8438 -0.0789 0.5309
vn 0.8822 -0.2688 0.3867
vn 0.9549 -0.2701 0.1237
vn 0.5867 -0.3041 0.7505
vn 0.9158 -0.2129 -0.3406
vn 0.4455 -0.1161 -0.8877
vn 0.3627 0.0759 -0.9288
vn 0.8664 0.0986 -0.4895
vn -0.5907 -0.8060 0.0386
vn 0.7803 -0.4004 0.4805
vn 0.6903 -0.5177 0.5055
vn -0.5561 0.4020 -0.7274
vn -0.2623 0.1526 -0.9528
vn -0.1643 -0.0493 -0.9852
vn 0.8360 -0.4405 -0.3273
vn 0.7628 -0.4903 -0.4216
vn 0.6675 -0.4624 -0.5836
vn 0.6333 -0.2294 -0.7391
vn 0.0469 -0.4569 -0.8883
vn -0.2315 -0.6971 -0.6786
vn -0.8950 0.3120 0.3187
vn -0.9195 -0.0507 0.3898
vn 0.5784 -0.3499 0.7369
vn 0.1765 -0.3020 0.9368
vn 0.2461 -0.3201 0.9149
vn 0.1938 -0.0335 0.9805
vn 0.9426 0.1342 0.3058
vn 0.9954 0.0636 0.0714
vn 0.0238 -0.1524 -0.9880
vn -0.7270 -0.0150 -0.6865
vn 0.0210 -0.2987 -0.9541
vn -0.5958 -0.5415 -0.5931
vn -0.6245 -0.2863 -0.7267
vn 0.7675 0.6287 0.1248
vn 0.9302 0.3157 0.1875
vn 0.9900 -0.1073 -0.0916
vn 0.9210 -0.0182 0.3891
vn 0.4549 0.0048 0.8905
vn -0.9264 -0.2427 -0.2877
vn -0.9256 -0.3470 -0.1512
vn 0.8699 -0.2995 -0.3918
vn 0.8918 -0.3006 -0.3380
vn 0.9720 0.2197 -0.0833
vn -0.9477 0.2168 0.2340
vn 0.8734 0.3677 0.3194
vn 0.9591 -0.2820 -0.0245
vn 0.9802 -0.1764 0.0899
vn -0.7444 -0.6198 0.2486
vn -0.8325 -0.5537 0.0164
vn 0.6132 -0.1623 0.7731
vn -0.7095 -0.4584 0.5352
vn -0.6106 -0.6242 0.4873
vn -0.7189 -0.6386 0.2746
vn -0.5572 -0.7864 0.2665
vn -0.1023 -0.2085 0.9727
vn -0.7452 -0.2894 -0.6008
vn -0.7365 -0.4539 -0.5015
vn 0.9969 0.0250 0.0748
vn 0.9632 0.0435 0.2652
vn -0.6953 -0.6656 -0.2712
vn -0.6634 -0.5599 -0.4964
vn -0.8234 -0.4375 -0.3614
vn -0.5319 -0.6645 -0.5249
vn -0.6200 -0.6620 -0.4212
vn 0.1230 -0.7778 -0.6163
vn -0.7939 -0.3013 -0.5281
vn 0.6383 -0.2253 -0.7361
vn 0.9812 -0.1324 -0.1406
vn 0.8138 0.5119 -0.2750
vn 0.8443 0.5357 0.0142
vn -0.0992 -0.9186 0.3824
vn -0.2677 -0.7522 0.6021
vn -0.6210 -0.4555 0.6378
vn -0.1707 -0.7373 0.6536
vn 0.4864 -0.5667 0.6650
vn -0.0836 -0.7455 0.6612
vn -0.5787 -0.1140 -0.8075
vn -0.9643 -0.1682 -0.2044
vn 0.8959 -0.3320 -0.2953
vn -0.6233 0.1013 -0.7754
vn -0.7657 0.4258 -0.4820
vn 0.6373 -0.7695 0.0416
vn -0.9486 0.3107 -0.0606
vn 0.5169 -0.1412 0.8443
vn -0.3434 -0.5812 -0.7378
vn -0.4227 0.3853 -0.8203
vn 0.1006 -0.6390 -0.7626
vn 0.7269 -0.4610 -0.5091
vn 0.9697 -0.1336 -0.2047
vn 0.9065 -0.3284 -0.2655
vn 0.3349 -0.7169 -0.6115
vn 0.2122 -0.6647 -0.7163
vn 0.7103 -0.4360 -0.5527
vn 0.9471 -0.2622 -0.1853
vn 0.9568 0.1219 -0.2639
vn -0.3477 -0.2666 -0.8989
vn 0.4625 -0.4766 -0.7476
vn 0.7489 -0.5541 0.3635
vn 0.6118 -0.7344 -0.2938
vn 0.7803 -0.5869 0.2161
vn 0.5971 -0.6608 -0.4547
vn 0.3254 -0.6670 -0.6702
vn -0.0516 -0.9889 0.1391
vn 0.5631 -0.8157 0.1321
vn 0.7056 -0.4271 -0.5654
vn 0.9557 -0.2229 -0.1921
vn 0.1709 -0.7351 -0.6560
vn -0.6587 -0.5010 -0.5614
vn -0.9737 -0.2010 -0.1076
vn 0.9462 0.0224 0.3229
vn 0.9621 0.2208 0.1601
vn 0.9068 0.0656 0.4165
vn 0.8776 0.3239 0.3535
vn 0.9114 0.0902 0.4016
vn 0.9608 0.0165 0.2767
vn 0.7826 0.3470 0.5169
vn 0.5939 -0.0513 0.8029
vn 0.6725 0.1457 0.7256
vn 0.6743 0.3574 0.6462
vn 0.3403 -0.1560 0.9273
vn 0.5744 -0.0218 0.8183
vn -0.6867 0.4122 -0.5987
vn 0.7513 0.0663 0.6566
vn 0.7558 -0.2606 0.6006
vn 0.7802 0.3121 0.5422
vn -0.2408 -0.4823 0.8423
vn 0.0416 0.2993 0.9533
vn 0.0580 0.5493 0.8336
vn 0.0973 0.3616 0.9273
vn 0.2108 0.4573 0.8640
vn 0.1498 0.6110 0.7773
vn 0.1518 0.6459 0.7482
vn 0.2065 0.1908 0.9597
vn 0.0824 0.1421 0.9864
vn 0.0105 0.0595 0.9982
vn 0.1108 -0.0657 0.9917
vn 0.0934 -0.0607 0.9938
vn 0.0420 -0.1468 0.9883
vn -0.6623 -0.7263 0.1839
vn 0.3874 -0.8995 0.2021
vn 0.5186 -0.8169 0.2526
vn -0.0936 -0.3086 0.9466
vn 0.1257 -0.3695 0.9207
vn 0.0845 -0.3407 0.9363
vn 0.2280 -0.6947 0.6822
vn 0.3237 -0.8283 0.4574
vn 0.1516 -0.8084 0.5688
vn -0.3014 -0.6605 0.6877
vn -0.3794 -0.8381 0.3920
vn 0.3924 -0.8036 0.4475
vn 0.7831 0.3260 0.5296
vn 0.9934 -0.0686 -0.0920
vn 0.6134 0.0452 -0.7885
vn 0.7761 0.1563 -0.6109
vn 0.2392 0.1895 -0.9523
vn 0.3306 0.3441 -0.8788
vn -0.3421 0.4392 -0.8307
vn -0.3534 0.2736 -0.8946
vn -0.7814 0.1857 -0.5957
vn -0.9881 0.1062 -0.1114
vn 0.9249 -0.2587 0.2785
vn 0.7121 0.4016 0.5758
vn 0.8275 0.3925 0.4014
vn 0.6217 0.7752 -0.1118
vn 0.5902 0.7818 -0.2014
vn 0.7034 0.6994 -0.1272
vn 0.8571 0.5073 -0.0892
vn 0.8250 -0.5015 -0.2605
vn 0.7898 -0.5907 0.1652
vn 0.9063 0.4180 -0.0623
vn 0.9241 0.3800 0.0413
vn 0.9352 -0.3056 0.1789
vn 0.8936 0.1593 -0.4197
vn 0.7160 -0.4467 0.5364
vn 0.0819 -0.2840 -0.9553
vn -0.3357 0.9118 -0.2366
vn 0.1898 0.9569 0.2197
vn 0.0111 0.4734 -0.8808
vn 0.1482 -0.4457 0.8828
vn 0.2196 -0.8337 0.5067
vn 0.3016 -0.8406 0.4500
vn 0.2397 -0.8809 -0.4081
vn 0.2976 -0.8279 -0.4755
vn -0.9492 0.2062 -0.2376
vn -0.9928 0.0765 -0.0924
vn -0.9991 0.0404 -0.0141
vn -0.9181 0.3946 -0.0379
vn -0.9670 -0.1125 -0.2286
vn -0.8646 0.0469 -0.5003
vn -0.9509 -0.2703 -0.1507
vn 0.9947 -0.0430 -0.0929
vn 0.9954 -0.0363 -0.0891
vn 0.9567 0.1514 -0.2487
vn 0.9235 0.3365 -0.1843
vn 0.9615 -0.1385 -0.2373
vn 0.8628 0.0104 -0.5054
vn 0.8939 -0.2206 -0.3901
vn -0.0004 -0.3548 -0.9349
vn 0.1959 0.8573 -0.4761
vn -0.0007 0.9584 -0.2854
vn 0.1394 0.3498 -0.9264
vn -0.1289 -0.3942 0.9099
vn -0.8158 -0.4931 0.3023
vn -0.6190 -0.4083 0.6709
vn -0.0967 -0.8920 0.4415
vn -0.7566 -0.6124 0.2291
vn -0.1045 -0.8891 0.4455
vn -0.1243 -0.9827 0.1371
vn -0.1653 -0.9818 0.0936
vn -0.7524 -0.6412 0.1509
vn -0.9137 0.3173 -0.2537
vn -0.8556 0.5126 -0.0719
vn -0.8418 0.0914 -0.5321
vn 0.9571 -0.0302 0.2883
vn 0.9828 -0.0143 0.1839
vn 0.9581 0.2295 0.1715
vn 0.7539 0.4382 0.4895
vn 0.9944 -0.0612 0.0856
vn 0.9931 0.0680 -0.0959
vn 0.9977 -0.0533 0.0424
vn 0.2989 -0.1567 -0.9413
vn -0.0543 0.9823 0.1793
vn -0.0369 0.8636 0.5028
vn 0.2154 0.6064 -0.7654
vn -0.8893 0.2613 -0.3753
vn -0.7341 -0.5704 -0.3684
vn -0.5821 -0.5080 -0.6349
vn -0.8729 0.4873 -0.0247
vn -0.9366 -0.3067 -0.1696
vn -0.7540 0.1432 -0.6410
vn -0.8555 -0.3935 0.3366
vn -0.5642 -0.7755 0.2832
vn -0.0943 -0.8937 -0.4387
vn 0.2740 -0.8787 -0.3909
vn 0.8435 -0.0443 0.5352
vn 0.8999 0.0079 0.4360
vn 0.9160 0.3004 0.2660
vn 0.7213 0.5115 0.4671
vn 0.9628 -0.0677 0.2617
vn 0.9759 0.1751 -0.1303
vn 0.9876 -0.0336 0.1534
vn 0.3238 -0.1815 -0.9285
vn 0.0244 0.9930 -0.1160
vn -0.1733 0.9823 0.0708
vn 0.2508 0.5241 -0.8139
vn -0.7474 0.3293 -0.5771
vn -0.5265 -0.7942 -0.3034
vn -0.7207 -0.3120 -0.6190
vn -0.8139 0.5040 -0.2890
vn -0.8740 -0.3587 -0.3277
vn -0.5336 0.1138 -0.8381
vn -0.8823 -0.4394 0.1688
vn -0.5046 -0.7465 0.4338
vn -0.2357 -0.9713 0.0310
vn 0.1252 -0.9083 -0.3991
vn 0.8825 -0.0712 0.4648
vn 0.9239 0.3149 0.2172
vn 0.8390 0.3907 0.3787
vn 0.8349 -0.1343 0.5338
vn 0.9277 -0.1052 0.3583
vn 0.9965 0.0812 0.0223
vn 0.9078 -0.2303 0.3505
vn 0.3663 -0.3161 -0.8751
vn 0.1976 0.9264 -0.3204
vn -0.4501 0.8149 -0.3652
vn 0.2619 0.4527 -0.8523
vn -0.7509 0.2551 -0.6091
vn -0.7034 -0.6478 -0.2925
vn -0.7385 -0.5661 -0.3662
vn -0.8066 0.3060 -0.5056
vn -0.8624 -0.3358 -0.3789
vn -0.6510 0.0270 -0.7586
vn -0.9106 -0.4095 0.0566
vn -0.5306 -0.7675 0.3597
vn -0.2652 -0.9630 0.0476
vn -0.1231 -0.9770 0.1743
vn 0.0358 -0.2378 -0.9706
vn 0.2780 -0.3030 -0.9115
vn 0.4093 -0.4088 -0.8157
vn 0.5612 -0.4551 -0.6913
vn 0.7693 -0.4148 -0.4859
vn 0.9609 -0.2709 0.0568
vn 0.5596 0.8241 -0.0879
vn 0.7358 -0.6657 -0.1245
vn 0.4444 -0.8590 -0.2542
vn 0.8173 -0.5713 0.0753
vn 0.4820 -0.8692 0.1106
vn 0.8397 -0.5286 -0.1244
vn 0.4547 -0.8687 -0.1966
vn 0.5861 0.8097 -0.0302
vn 0.4449 0.8665 0.2265
vn 0.6519 0.6570 0.3786
vn 0.7960 0.5600 0.2297
vn 0.9463 0.3177 0.0607
vn 0.9963 -0.0458 0.0730
vn 0.7309 0.4882 0.4770
vn 0.8783 0.4271 0.2149
vn 0.9273 -0.3502 0.1320
vn 0.7671 0.6377 0.0703
vn 0.4882 0.8644 -0.1204
vn 0.8438 0.5358 0.0292
vn 0.5952 0.8035 -0.0028
vn 0.8776 0.0047 -0.4793
vn 0.9251 -0.1371 -0.3541
vn 0.8316 -0.4776 0.2835
vn 0.9034 -0.3910 0.1759
vn -0.6306 -0.2343 0.7399
vn -0.3525 -0.2565 0.9000
vn 0.0740 -0.3295 0.9413
vn 0.5335 0.2224 -0.8160
vn -0.2752 -0.9294 0.2459
vn 0.0064 -0.9939 0.1099
vn 0.0050 -0.9660 0.2586
vn -0.3183 -0.8680 0.3811
vn -0.8944 -0.4448 -0.0465
vn -0.4647 -0.6425 0.6093
vn -0.1653 -0.9688 0.1845
vn -0.6631 -0.7447 -0.0763
vn 0.7262 -0.5470 0.4165
vn 0.2752 -0.8046 0.5262
vn 0.4234 -0.5652 0.7080
vn -0.8714 -0.0201 -0.4902
vn -0.8312 -0.1423 -0.5375
vn -0.9036 -0.0252 -0.4275
vn -0.0071 -0.1743 0.9847
vn 0.5361 -0.2703 0.7997
vn 0.1682 -0.1420 0.9755
vn -0.0074 -0.1398 0.9901
vn -0.1433 -0.4676 -0.8723
vn 0.0106 -0.3495 -0.9369
vn 0.0109 -0.4409 -0.8975
vn -0.1699 -0.4986 -0.8500
vn -0.8217 -0.4846 -0.2999
vn -0.9047 -0.1471 0.3999
vn -0.9086 -0.1582 0.3866
vn -0.3867 -0.8803 0.2750
vn -0.3985 -0.8999 -0.1773
vn 0.9508 -0.2702 0.1514
vn 0.3194 -0.8036 0.5021
vn 0.8555 -0.3250 0.4031
vn -0.1397 -0.9850 -0.1011
vn -0.3548 -0.6678 0.6543
vn -0.7146 -0.5733 0.4009
vn -0.8961 -0.4328 0.0982
vn -0.5866 -0.7108 0.3880
vn -0.6476 -0.7482 0.1443
vn -0.8911 -0.4422 -0.1022
vn -0.8893 0.1672 -0.4257
vn -0.7568 0.0919 -0.6472
vn -0.0458 0.4855 -0.8730
vn -0.2685 0.7595 -0.5925
vn -0.9049 -0.3316 -0.2669
vn -0.7598 0.0050 -0.6501
vn -0.4509 -0.8225 -0.3466
vn -0.8860 -0.4590 -0.0659
vn 0.0282 0.9277 -0.3722
vn 0.4604 0.8669 -0.1910
vn -0.0636 0.9979 -0.0082
vn -0.3535 0.7908 -0.4996
vn -0.0508 0.1532 -0.9869
vn -0.0329 0.9417 -0.3349
vn 0.0959 0.4584 -0.8835
vn -0.1422 -0.6903 -0.7094
vn -0.4407 0.8757 -0.1973
vn -0.4600 0.4143 -0.7853
vn -0.5645 0.2648 -0.7818
vn -0.9485 0.0645 -0.3101
vn -0.7351 0.2703 -0.6217
vn -0.7930 0.4514 -0.4092
vn -0.9590 0.1880 -0.2122
vn -0.9803 0.0532 -0.1900
vn -0.6866 0.5354 -0.4920
vn -0.5484 0.7126 -0.4376
vn -0.9213 0.2639 -0.2856
vn -0.7581 0.3897 -0.5229
vn -0.5331 0.5926 -0.6038
vn -0.3863 0.7633 -0.5178
vn 0.1681 -0.4656 0.8689
vn -0.2584 0.5978 -0.7588
vn 0.2876 0.7446 -0.6024
vn -0.9091 -0.3979 0.1230
vn -0.5465 -0.8337 0.0797
vn -0.9971 -0.0065 0.0764
vn -0.9999 -0.0073 0.0132
vn -0.0739 -0.9481 0.3094
vn -0.0189 -0.9996 0.0210
vn 0.8627 -0.1302 0.4887
vn 0.7780 -0.0858 0.6223
vn 0.7897 -0.1647 0.5909
vn 0.8108 0.0048 0.5853
vn 0.8666 -0.4803 -0.1356
vn 0.8717 -0.4675 -0.1470
vn 0.8870 -0.4307 -0.1664
vn -0.9998 -0.0126 -0.0151
vn -0.9966 0.0196 -0.0795
vn -0.9946 -0.0965 0.0389
vn -0.6266 0.2691 0.7314
vn -0.6251 0.2840 0.7270
vn -0.6161 0.3311 0.7147
vn -0.5527 -0.8037 0.2202
vn 0.9274 -0.3473 0.1388
vn 0.8789 -0.4127 0.2392
vn 0.9687 -0.2114 0.1299
vn 0.9629 -0.2152 0.1629
vn -0.2190 -0.6301 -0.7450
vn -0.1955 -0.6677 -0.7183
vn -0.2047 -0.7104 -0.6733
vn 0.9322 0.3619 -0.0065
vn 0.9146 0.4043 0.0020
vn 0.9215 0.3870 -0.0332
vn 0.7252 -0.2076 -0.6565
vn 0.7210 -0.3189 -0.6152
vn 0.7461 -0.2801 -0.6041
vn -0.9666 -0.0369 -0.2538
vn -0.9736 -0.0808 -0.2132
vn -0.9670 -0.1040 -0.2328
vn -0.3696 0.8306 0.4165
vn -0.3751 0.8551 0.3580
vn -0.3646 0.8548 0.3693
vn 0.8000 0.4849 -0.3533
vn 0.7147 0.6121 -0.3383
vn 0.7056 0.5873 -0.3964
vn -0.2929 -0.4449 -0.8463
vn -0.2901 -0.5725 -0.7669
vn -0.2364 -0.6035 -0.7615
vn -0.1217 0.6601 -0.7413
vn -0.8473 0.2365 -0.4755
vn -0.6933 0.2284 -0.6835
vn 0.1701 0.4881 -0.8560
vn -0.9813 -0.1893 0.0353
vn -0.9844 -0.1730 0.0325
vn -0.9882 0.0610 -0.1402
vn 0.9521 0.2993 -0.0624
vn 0.7815 0.4910 -0.3849
vn 0.8634 0.4494 -0.2293
vn 0.9700 -0.2160 0.1116
vn 0.8296 -0.5503 0.0942
vn 0.9146 -0.2156 0.3421
vn 0.7451 -0.0231 0.6666
vn 0.6925 -0.1687 0.7015
vn -0.9860 0.0138 -0.1662
vn -0.9962 -0.0633 -0.0598
vn 0.7662 -0.5892 0.2565
vn 0.0397 -0.6926 0.7202
vn 0.0843 -0.9004 0.4267
vn 0.0953 -0.8956 0.4346
vn 0.0844 -0.9004 0.4268
vn 0.0735 -0.9051 0.4189
vn -0.1321 0.0336 -0.9907
vn -0.3593 0.0243 -0.9329
vn 0.0960 -0.1421 0.9852
vn -0.2146 -0.4775 -0.8520
vn -0.3120 -0.4545 -0.8343
vn -0.9702 -0.2373 -0.0486
vn 0.9110 0.3576 -0.2056
vn 0.7584 0.6050 -0.2425
vn 0.6631 0.6744 -0.3248
vn 0.8498 0.4408 -0.2891
vn 0.8418 0.4514 -0.2960
vn 0.2501 0.8020 -0.5425
vn 0.7025 0.6713 -0.2364
vn -0.3031 0.7700 -0.5615
vn -0.9895 -0.1413 -0.0309
vn 0.7705 -0.2481 0.5872
vn 0.7957 -0.3181 0.5155
vn 0.8551 -0.5044 -0.1199
vn 0.8555 -0.5054 -0.1127
vn -0.9874 0.0776 -0.1381
vn -0.9749 0.0835 -0.2064
vn -0.6308 0.2377 0.7386
vn -0.6290 0.2390 0.7397
vn -0.2252 -0.5871 -0.7775
vn -0.2641 -0.5502 -0.7922
vn 0.0111 -0.7933 -0.6087
vn 0.0110 -0.8156 -0.5786
vn -0.0029 0.8960 -0.4440
vn 0.0097 -0.1728 -0.9849
vn 0.6611 -0.0115 0.7502
vn 0.6661 -0.7458 0.0112
vn -0.9657 0.0633 -0.2519
vn 0.0094 -0.1213 -0.9926
vn 0.0088 -0.0309 -0.9995
vn 0.8383 0.4410 -0.3206
vn 0.9105 0.4133 -0.0146
vn -0.0062 0.9916 -0.1291
vn -0.0094 0.9656 0.2598
vn 0.8049 0.3046 -0.5094
vn 0.9416 0.0956 -0.3230
vn 0.8966 0.4369 0.0725
vn 0.9051 0.4252 0.0063
vn 0.6661 -0.3939 -0.6333
vn 0.7150 -0.3730 -0.5913
vn -0.9653 -0.1374 -0.2219
vn -0.9508 -0.1500 -0.2711
vn -0.3957 0.8551 0.3349
vn -0.3773 0.8660 0.3281
vn -0.2049 -0.6750 -0.7088
vn -0.1277 -0.6579 -0.7422
vn 0.9932 -0.0196 -0.1149
vn 0.9941 -0.0053 -0.1087
vn 0.9921 -0.0337 -0.1211
vn -0.2041 -0.4494 -0.8697
vn 0.0037 -0.9257 0.3783
vn 0.6383 -0.7140 0.2877
vn 0.3878 -0.6751 0.6276
vn -0.0000 -0.7532 0.6578
vn 0.4471 -0.3706 0.8141
vn -0.0037 -0.4979 0.8672
vn 0.5358 -0.8395 0.0905
vn 0.0069 -0.9983 0.0583
vn 0.4630 -0.8856 -0.0363
vn 0.0075 -0.9999 -0.0151
vn 0.8353 -0.5491 -0.0282
vn 0.0089 -0.9825 -0.1859
vn 0.5964 -0.7716 -0.2213
vn 0.7969 -0.6031 -0.0350
vn 0.0063 -0.9928 0.1194
vn 0.8143 0.3827 -0.4364
vn -0.0015 0.8322 -0.5545
vn -0.0009 0.8069 -0.5907
vn -0.0027 0.8899 -0.4562
vn -0.0023 0.8703 -0.4926
vn 0.8264 -0.3052 -0.4733
vn 0.0048 0.4792 -0.8777
vn 0.7387 -0.6732 -0.0341
vn -0.1054 -0.9944 -0.0092
vn 0.2132 -0.9710 0.1080
vn -0.7549 -0.6378 0.1524
vn 0.2053 -0.1924 0.9596
vn 0.8879 0.3648 -0.2803
vn -0.5320 -0.7431 0.4059
vn -0.5287 -0.7984 0.2882
vn 0.0037 -0.9278 0.3732
vn 0.0026 -0.8770 0.4806
vn -0.5642 -0.7573 0.3289
vn 0.0039 -0.9353 0.3540
vn 0.0037 -0.9281 0.3724
vn -0.6337 -0.7136 0.2986
vn 0.0004 0.7313 -0.6820
vn 0.0018 0.6381 -0.7699
vn -0.1198 0.6292 -0.7680
vn 0.0634 0.7291 -0.6815
vn -0.0034 0.9182 -0.3961
vn -0.0022 0.8808 -0.4735
vn 0.3339 0.8222 -0.4609
vn 0.2129 0.8975 -0.3863
vn 0.0056 -0.9800 0.1989
vn -0.5171 -0.8419 0.1540
vn 0.0020 0.6292 -0.7773
vn -0.1558 0.5767 -0.8019
vn -0.9651 0.0721 -0.2519
vn -0.7214 0.2938 -0.6271
vn -0.9954 -0.0959 -0.0042
vn -0.9888 0.1294 -0.0745
vn -0.2197 0.6965 -0.6831
vn -0.4530 0.5752 -0.6812
vn -0.4807 0.7341 -0.4796
vn -0.4845 0.7981 -0.3582
vn -0.4885 -0.8001 0.3483
vn 0.0031 -0.9056 0.4241
vn -0.0016 0.8242 -0.5663
vn 0.2227 0.8133 -0.5375
vn -0.9365 -0.3494 0.0304
vn -0.3215 0.7749 -0.5443
vn -0.6435 -0.7460 0.1714
vn 0.0053 -0.9655 0.2602
vn 0.2383 0.9530 -0.1873
vn -0.0057 0.9817 -0.1901
vn -0.9898 -0.1247 0.0689
vn -0.4725 0.8625 -0.1809
vn -0.6129 -0.7616 0.2105
vn 0.0040 -0.9383 0.3459
vn 0.2540 0.9609 -0.1103
vn -0.0063 0.9922 -0.1242
vn -0.9113 -0.3889 0.1353
vn -0.4819 0.8720 -0.0861
vn -0.5320 0.8467 -0.0097
vn -0.0105 0.9942 -0.1067
vn -0.0095 0.9835 -0.1807
vn -0.5229 0.8508 -0.0529
vn -0.0053 0.9248 -0.3804
vn -0.2993 0.9053 -0.3014
vn -0.6029 0.7952 -0.0641
vn -0.6850 0.7200 0.1116
vn -0.7947 0.5948 0.1207
vn -0.8460 0.4821 0.2279
vn -0.8840 0.4495 0.1288
vn -0.8712 0.4262 0.2435
vn -0.6629 0.7398 0.1147
vn -0.7951 0.5484 0.2592
vn -0.8684 0.2916 0.4010
vn -0.5540 0.7230 -0.4128
vn -0.7174 0.3457 -0.6049
vn -0.8035 0.3982 -0.4425
vn -0.4836 0.7394 -0.4684
vn -0.3166 0.8368 -0.4467
vn -0.3824 0.8773 -0.2899
vn -0.0057 0.9314 -0.3640
vn -0.0029 0.8739 -0.4861
vn -0.9567 -0.0947 -0.2753
vn -0.7927 0.4536 -0.4072
vn -0.8911 -0.0068 -0.4538
vn -0.7329 0.5926 -0.3342
vn -0.7833 0.4050 -0.4716
vn -0.0068 0.9505 -0.3107
vn -0.0127 0.9999 -0.0116
vn -0.4144 0.9061 -0.0845
vn -0.3245 0.8847 -0.3348
vn -0.8837 0.1456 -0.4449
vn -0.5024 0.7997 -0.3287
vn -0.5166 0.6841 -0.5148
vn -0.4872 0.6948 -0.5292
vn -0.0003 0.8197 -0.5727
vn 0.0004 0.8130 -0.5823
vn -0.6105 -0.5052 -0.6100
vn -0.7515 -0.5189 -0.4074
vn -0.5644 -0.7415 -0.3627
vn -0.5068 -0.5509 -0.6631
vn -0.9608 0.0891 -0.2626
vn -0.8955 -0.1432 -0.4215
vn -0.8044 0.0158 -0.5939
vn -0.8326 0.3193 -0.4525
vn -0.8465 0.4120 -0.3370
vn -0.8083 0.4071 -0.4253
vn -0.4160 -0.7065 -0.5726
vn -0.6069 -0.7269 -0.3213
vn 0.0172 -0.9624 -0.2712
vn 0.0162 -0.8691 -0.4943
vn -0.2032 -0.8197 -0.5355
vn -0.4702 -0.6742 -0.5696
vn -0.0028 0.8762 -0.4820
vn -0.5605 0.6996 -0.4432
vn -0.7073 0.4393 -0.5539
vn -0.6162 -0.5581 -0.5558
vn -0.8145 -0.1898 -0.5482
vn -0.6799 0.3173 -0.6611
vn 0.0187 -0.8734 -0.4866
vn -0.0002 0.7968 -0.6043
vn -0.4204 0.7357 -0.5311
vn -0.6424 -0.7653 -0.0413
vn -0.9040 -0.3587 -0.2328
vn -0.9499 -0.2907 -0.1145
vn -0.9815 0.1471 -0.1222
vn -0.8082 0.5103 -0.2938
vn 0.0056 -0.9849 0.1732
vn -0.6157 -0.7878 0.0171
vn -0.7261 -0.2317 -0.6474
vn -0.7684 0.1899 -0.6111
vn -0.9293 -0.0847 -0.3594
vn -0.8583 -0.3248 -0.3973
vn -0.7020 -0.3058 -0.6432
vn -0.8575 -0.3513 -0.3759
vn -0.6279 -0.6338 -0.4517
vn -0.5505 -0.5534 -0.6250
vn -0.4507 -0.4732 -0.7570
vn -0.5166 -0.7376 -0.4348
vn 0.0153 -0.6097 -0.7925
vn 0.0114 -0.3134 -0.9496
vn -0.5975 0.4866 -0.6373
vn -0.4131 0.6553 -0.6324
vn -0.4930 0.8093 -0.3194
vn -0.8362 0.5038 -0.2166
vn 0.0024 0.6926 -0.7213
vn -0.0044 0.9550 -0.2965
vn -0.6185 0.0364 -0.7849
vn -0.5902 0.4199 -0.6895
vn -0.5361 -0.3435 -0.7711
vn -0.5326 -0.5398 -0.6519
vn -0.6122 -0.4238 -0.6675
vn -0.5785 -0.1568 -0.8005
vn 0.0160 -0.5006 -0.8656
vn -0.4480 0.5978 -0.6647
vn 0.0021 0.7139 -0.7002
vn -0.8727 -0.3459 -0.3446
vn -0.8862 -0.1438 -0.4403
vn -0.8563 -0.4637 -0.2275
vn 0.0151 -0.9774 -0.2109
vn -0.6119 -0.7628 -0.2093
vn -0.7375 -0.6331 -0.2352
vn -0.9325 -0.2285 -0.2796
vn -0.8262 0.5634 0.0080
vn 0.0348 0.9993 0.0124
vn -0.9294 0.3534 -0.1061
vn -0.0049 0.9711 -0.2386
vn -0.4670 0.8842 0.0085
vn -0.8637 0.5037 0.0174
vn -0.4180 0.6630 -0.6210
vn -0.8162 0.1939 -0.5443
vn -0.9450 -0.0821 -0.3166
vn -0.2968 0.6702 -0.6802
vn -0.1944 0.9800 0.0417
vn 0.1276 0.9172 -0.3775
vn -0.6982 0.4756 -0.5351
vn -0.8637 0.2733 -0.4234
vn -0.2529 0.5466 -0.7983
vn -0.8860 -0.4199 0.1968
vn -0.3737 0.4453 -0.8136
vn -0.0661 0.0437 -0.9969
vn -0.4205 -0.5669 -0.7084
vn -0.8052 -0.3097 -0.5057
vn -0.9392 -0.2424 0.2430
vn -0.9898 0.0111 0.1418
vn -0.6003 -0.3762 0.7058
vn -0.9948 -0.0143 -0.1011
vn -0.4572 0.2505 -0.8534
vn -0.6860 -0.2190 -0.6938
vn -0.3656 -0.9119 -0.1864
vn -0.8144 -0.4751 0.3331
vn -0.6260 -0.7768 0.0689
vn -0.7589 -0.3449 -0.5524
vn -0.7325 -0.3232 -0.5991
vn -0.7187 -0.1747 -0.6730
vn -0.5254 -0.2613 -0.8097
vn -0.7322 -0.6028 -0.3170
vn -0.8347 -0.4273 -0.3474
vn -0.6266 -0.7744 -0.0876
vn -0.5425 -0.6456 -0.5375
vn -0.9208 -0.0823 -0.3812
vn -0.8069 -0.5646 -0.1734
vn -0.6804 0.1196 -0.7230
vn -0.4716 0.7763 -0.4183
vn -0.0549 -0.6064 -0.7933
vn -0.3991 0.6024 -0.6913
vn 0.1630 0.6085 -0.7767
vn -0.9464 -0.1210 -0.2993
vn -0.5575 -0.8293 0.0370
vn 0.5671 -0.4073 -0.7159
vn 0.3261 -0.9170 -0.2296
vn -0.4242 -0.6972 -0.5779
vn -0.6136 -0.6145 -0.4958
vn -0.5478 -0.4781 -0.6865
vn -0.2474 -0.8088 -0.5335
vn -0.7573 0.4325 0.4894
vn -0.4632 0.4485 0.7644
vn -0.1630 0.8856 0.4350
vn -0.6958 -0.5201 -0.4954
vn -0.6974 -0.5578 -0.4500
vn -0.8410 -0.5032 -0.1991
vn -0.9167 -0.3056 -0.2574
vn -0.6883 -0.4590 -0.5618
vn -0.7422 -0.3787 -0.5529
vn 0.4053 0.3916 -0.8260
vn -0.4528 -0.1243 -0.8829
vn -0.2670 -0.2294 -0.9360
vn -0.4757 -0.0270 -0.8792
vn -0.2704 -0.1129 -0.9561
vn -0.2217 0.0119 -0.9750
vn -0.6292 -0.4901 -0.6033
vn -0.5320 -0.1584 -0.8318
vn -0.7996 -0.1695 -0.5761
vn -0.1064 0.9027 -0.4170
vn -0.4992 -0.8232 0.2704
vn 0.4977 0.7294 0.4693
vn 0.5760 -0.6989 0.4240
vn -0.5170 -0.6838 0.5149
vn -0.8125 -0.5820 0.0336
vn 0.2021 -0.8849 0.4197
vn -0.7527 0.1001 -0.6507
vn 0.3443 0.8158 -0.4647
vn 0.2888 0.8853 -0.3645
vn -0.5632 -0.1305 -0.8160
vn -0.8973 0.0170 -0.4410
vn -0.8440 -0.5042 -0.1828
vn -0.9433 -0.3314 0.0192
vn 0.5459 0.5529 -0.6295
vn -0.7146 0.3827 -0.5855
vn 0.4011 0.7841 -0.4736
vn 0.8947 0.4197 -0.1526
vn 0.3178 0.8921 -0.3213
vn 0.5224 0.7562 -0.3941
vn 0.9952 -0.0148 -0.0970
vn 0.9533 0.2985 -0.0451
vn 0.9685 -0.1959 0.1536
vn 0.8987 -0.4072 0.1630
vn -0.6718 -0.2359 -0.7021
vn -0.4713 -0.6600 -0.5850
vn -0.8014 -0.5618 -0.2052
vn -0.8668 -0.0734 -0.4932
vn -0.9794 -0.0340 -0.1990
vn -0.9364 0.0129 -0.3506
vn -0.4309 0.7393 -0.5175
vn -0.4122 -0.0172 -0.9110
vn -0.6568 -0.2669 -0.7053
vn -0.9013 0.2455 -0.3571
vn -0.2472 -0.2519 -0.9356
vn -0.8366 -0.1769 -0.5184
vn 0.2266 -0.5800 -0.7825
vn -0.7014 -0.1999 -0.6841
vn -0.9347 0.0027 -0.3554
vn -0.8121 -0.1758 -0.5565
vn -0.6483 -0.2329 -0.7249
vn -0.8114 0.2938 -0.5052
vn -0.6710 0.1241 -0.7310
vn 0.3168 -0.6319 -0.7073
vn -0.6421 -0.4745 -0.6022
vn -0.3058 0.2826 -0.9092
vn -0.1637 -0.4116 -0.8965
vn -0.8130 0.3024 -0.4977
vn -0.8609 0.0020 -0.5088
vn -0.9446 -0.0188 -0.3276
vn 0.1873 -0.9760 -0.1112
vn -0.8748 -0.2688 -0.4031
vn -0.7695 -0.1188 -0.6275
vn -0.7340 0.0215 -0.6788
vn -0.8407 0.1498 -0.5204
vn -0.8710 -0.0909 -0.4828
vn -0.0508 0.2280 -0.9723
vn 0.1780 0.2583 -0.9495
vn 0.1698 0.3847 -0.9073
vn -0.7514 0.3902 -0.5321
vn -0.2366 0.6244 -0.7444
vn -0.3659 0.7889 -0.4937
vn -0.8342 0.3126 -0.4544
vn -0.3720 0.4945 -0.7856
vn -0.2845 -0.6509 -0.7038
vn 0.9948 -0.0964 0.0320
vn 0.4402 0.5482 -0.7112
vn 0.7336 -0.5193 0.4384
vn 0.8006 -0.3480 0.4878
vn 0.9585 -0.1656 0.2322
vn 0.1161 -0.9231 0.3667
vn 0.1280 -0.8610 0.4922
vn -0.2062 -0.7287 -0.6530
vn 0.1514 -0.8725 -0.4646
vn 0.2444 -0.8029 0.5438
vn 0.3261 -0.8134 0.4816
vn -0.7611 -0.6483 0.0200
vn 0.5392 -0.5920 0.5991
vn 0.3183 -0.8435 0.4327
vn 0.8379 -0.0499 0.5435
vn -0.5364 0.5881 -0.6054
vn -0.9011 0.0950 -0.4231
vn -0.9445 -0.1618 -0.2858
vn -0.9834 -0.0704 -0.1671
vn -0.9241 -0.1249 -0.3611
vn -0.7897 -0.1734 -0.5885
vn -0.8230 0.2166 -0.5251
vn -0.8821 0.1618 -0.4425
vn -0.1647 0.8024 -0.5736
vn -0.7477 0.3222 -0.5807
vn 0.3449 0.9386 -0.0055
vn 0.2340 0.8298 -0.5067
vn -0.2022 0.7951 -0.5717
vn -0.1887 0.8588 -0.4764
vn -0.1961 0.9104 -0.3642
vn -0.3484 0.7225 -0.5972
vn -0.2444 0.8090 -0.5345
vn -0.5395 0.5393 -0.6466
vn -0.7270 0.4621 -0.5079
vn -0.3318 0.7465 -0.5768
vn -0.0311 0.8754 -0.4824
vn -0.8196 0.3911 -0.4187
vn -0.7843 0.5701 -0.2448
vn -0.6915 0.6225 -0.3666
vn -0.6664 0.7151 -0.2111
vn -0.7012 0.6099 -0.3693
vn -0.6298 0.6110 -0.4796
vn -0.7767 0.6009 -0.1888
vn -0.7407 -0.2106 0.6380
vn -0.9205 -0.3647 0.1402
vn -0.7769 -0.5908 0.2177
vn -0.4459 0.6863 -0.5746
vn -0.5598 0.6342 -0.5333
vn -0.5102 0.6210 -0.5950
vn -0.2795 0.7551 -0.5931
vn -0.8712 -0.4816 0.0953
vn 0.3919 0.5127 -0.7639
vn -0.2212 0.6383 -0.7373
vn -0.6693 0.4031 -0.6241
vn -0.4321 0.7452 -0.5079
vn -0.6571 0.4251 -0.6225
vn -0.3986 0.5300 -0.7485
vn -0.5098 0.4701 -0.7205
vn -0.8989 -0.0441 -0.4360
vn 0.6968 0.4841 -0.5293
vn -0.2622 0.4828 -0.8356
vn 0.0764 0.7052 -0.7049
vn 0.2525 -0.0106 0.9675
vn -0.3997 0.5537 -0.7306
vn -0.3306 0.5895 -0.7370
vn -0.5196 0.5720 -0.6346
vn -0.5232 0.5263 -0.6703
vn -0.5206 0.6659 -0.5344
vn -0.7129 -0.2390 -0.6593
vn -0.6003 -0.5419 -0.5881
vn -0.5756 -0.4673 -0.6711
vn -0.6257 -0.2500 -0.7390
vn -0.5910 0.5199 -0.6169
vn -0.7880 -0.4259 -0.4447
vn -0.5879 -0.7107 -0.3864
vn -0.3973 -0.6678 -0.6295
vn -0.4830 -0.5790 -0.6569
vn -0.6640 0.0217 -0.7474
vn -0.6355 0.3622 -0.6819
vn -0.3688 0.1381 -0.9192
vn -0.4198 -0.5838 -0.6950
vn -0.2754 -0.9172 -0.2880
vn -0.0841 -0.9964 -0.0041
vn -0.8021 -0.3808 -0.4601
vn -0.9085 -0.3039 -0.2867
vn -0.8509 -0.4906 -0.1879
vn -0.9135 -0.3493 -0.2089
vn -0.8341 0.0638 -0.5479
vn -0.6908 0.0511 -0.7213
vn -0.7063 0.1135 -0.6988
vn -0.8176 -0.0961 -0.5677
vn -0.6923 -0.2952 -0.6585
vn -0.4991 -0.1180 -0.8585
vn 0.0006 0.7198 -0.6941
vn -0.0037 0.9270 -0.3750
vn 0.0045 0.4344 -0.9007
vn -0.0026 0.8873 -0.4612
vn -0.0000 0.7535 -0.6574
vn 0.0106 -0.3511 -0.9363
vn -0.2673 -0.1021 -0.9582
vn 0.3455 0.9357 0.0713
vn -0.0954 0.7115 -0.6962
vn 0.0005 0.7222 -0.6917
vn 0.0008 0.7089 -0.7054
vn -0.0035 0.9213 -0.3888
vn 0.0008 0.7051 -0.7091
vn 0.0052 0.3717 -0.9283
vn 0.0027 0.5776 -0.8163
vn 0.0027 0.5770 -0.8167
vn -0.0077 -0.1134 0.9935
vn 0.0128 0.8756 -0.4829
vn -0.0026 0.8693 -0.4942
vn -0.0069 0.9985 -0.0546
vn 0.4783 0.8768 0.0492
vn 0.0004 0.7239 -0.6899
vn 0.0021 0.6214 -0.7835
vn 0.0121 -0.5741 -0.8187
vn 0.0107 -0.3014 -0.9534
vn 0.0048 0.4070 -0.9134
vn -0.7639 -0.3744 -0.5257
vn -0.5948 0.5225 -0.6109
vn -0.8079 -0.5814 0.0961
vn -0.7274 -0.5674 0.3860
vn 0.0092 -0.9740 -0.2264
vn -0.5664 -0.8226 -0.0504
vn -0.5360 -0.7230 -0.4359
vn 0.0112 -0.7801 -0.6255
vn -0.8031 -0.5940 -0.0469
vn 0.0094 -0.9946 0.1036
vn 0.0162 -0.8825 -0.4701
vn 0.9040 0.4089 -0.1244
vn 0.7641 0.5969 -0.2445
vn 0.6420 0.6888 -0.3368
vn -0.9446 -0.3109 -0.1055
vn -0.8219 -0.5480 0.1556
vn 0.5995 0.7387 -0.3080
vn 0.5100 0.7211 -0.4689
vn 0.3726 0.6673 -0.6449
vn 0.0008 -0.8107 0.5855
vn 0.1707 0.6227 -0.7636
vn 0.7750 0.5509 -0.3097
vn -0.0805 0.5773 -0.8126
vn -0.5260 -0.7231 0.4478
vn -0.6686 -0.5828 -0.4619
vn 0.0731 -0.4104 -0.9090
vn -0.4485 -0.6499 -0.6136
vn 0.0111 -0.7894 -0.6138
vn 0.0112 -0.5519 -0.8338
vn 0.6913 0.7192 -0.0695
vn -0.5255 0.5328 -0.6632
vn -0.8555 -0.2932 -0.4269
vn -0.8691 0.1892 -0.4571
vn -0.7170 0.0103 -0.6970
vn -0.2432 0.8749 -0.4188
vn -0.9742 0.0483 -0.2204
vn -0.5917 -0.7982 -0.1130
vn -0.9793 -0.0887 -0.1818
vn 0.0113 -0.6794 -0.7337
vn -0.0393 -0.6843 -0.7281
vn -0.9500 -0.1544 -0.2716
vn -0.8579 -0.1760 -0.4827
vn 0.0108 -0.4105 -0.9118
vn 0.5037 0.7267 -0.4670
vn -0.7482 0.4555 -0.4824
vn 0.0038 -0.9308 0.3656
vn 0.0022 0.6145 -0.7889
vn 0.0047 0.4107 -0.9117
vn 0.8476 0.2101 -0.4872
vn 0.6270 0.3109 -0.7143
vn 0.8869 -0.4264 -0.1776
vn 0.8589 -0.2760 -0.4313
vn -0.5843 0.3300 -0.7414
vn -0.8961 0.2010 -0.3958
vn -0.7108 0.1069 -0.6952
vn -0.4853 0.7767 -0.4015
vn -0.4441 0.8299 -0.3376
vn -0.0045 0.9213 -0.3888
vn 0.0030 0.8870 -0.4618
vn -0.7017 -0.5053 -0.5024
vn -0.5554 -0.5004 -0.6642
vn -0.6782 -0.2172 -0.7021
vn -0.8827 -0.1333 -0.4507
vn -0.6284 0.5411 -0.5588
vn -0.8108 0.4855 -0.3269
vn 0.0179 -0.9272 -0.3741
vn 0.0090 -0.9952 0.0976
vn -0.3211 -0.9454 -0.0557
vn -0.3492 -0.8205 -0.4525
vn -0.4704 0.7058 -0.5297
vn -0.3220 0.7926 -0.5178
vn -0.4435 -0.8028 -0.3984
vn -0.5039 -0.7026 -0.5025
vn -0.6448 -0.5858 -0.4910
vn -0.8677 -0.0707 -0.4920
vn -0.6229 0.4036 -0.6702
vn -0.0034 0.8942 -0.4476
vn -0.9009 -0.3994 -0.1699
vn -0.6626 -0.6647 -0.3451
vn 0.0167 -0.9020 -0.4313
vn -0.5060 -0.8262 -0.2477
vn -0.9515 -0.1567 -0.2649
vn 0.0068 -0.9830 0.1835
vn -0.2397 -0.9431 0.2305
vn -0.4855 0.6111 -0.6252
vn -0.3029 0.6835 -0.6641
vn -0.9243 -0.2468 -0.2912
vn -0.7391 0.2435 -0.6280
vn 0.0029 0.7084 -0.7058
vn -0.6223 -0.7332 -0.2743
vn -0.9186 -0.2618 0.2959
vn -0.4909 -0.8694 0.0557
vn -0.9508 -0.3047 -0.0565
vn -0.8335 -0.5505 -0.0463
vn -0.6906 -0.6803 -0.2457
vn -0.6285 -0.7152 -0.3058
vn 0.0068 -0.9819 -0.1893
vn -0.8036 0.4715 -0.3633
vn -0.9844 0.1687 -0.0499
vn -0.4796 0.7914 -0.3790
vn -0.9966 -0.0419 -0.0704
vn 0.0113 0.8953 -0.4453
vn -0.0082 0.9710 -0.2388
vn -0.4463 0.8709 -0.2059
vn -0.4975 0.8645 -0.0719
vn -0.0093 0.9813 -0.1921
vn -0.0058 0.9358 -0.3524
vn -0.3794 0.8912 -0.2487
vn -0.8830 0.4413 -0.1599
vn -0.6354 0.7596 -0.1390
vn -0.6829 0.6891 -0.2426
vn -0.8325 0.4091 -0.3735
vn -0.8616 0.4891 -0.1355
vn -0.7957 0.3735 -0.4768
vn -0.8874 0.4236 -0.1820
vn -0.5829 0.8125 0.0081
vn -0.9808 0.1892 0.0476
vn -0.3228 0.9061 -0.2734
vn -0.0069 0.9574 -0.2888
vn -0.8356 0.4092 -0.3664
vn -0.8760 0.2185 -0.4300
vn -0.5005 0.8159 -0.2895
vn -0.0136 0.9985 0.0533
vn -0.5259 0.8464 0.0831
vn -0.5133 0.8577 0.0280
vn -0.0136 0.9968 0.0786
vn -0.6847 0.7046 0.1864
vn -0.7192 0.6921 0.0618
vn -0.8359 0.4848 0.2573
vn -0.8722 0.4725 0.1263
vn -0.0130 0.9998 0.0168
vn -0.4087 0.9102 0.0671
vn -0.5900 0.7812 0.2041
vn -0.7801 0.4557 0.4286
vn -0.8255 0.3920 0.4062
vn -0.8983 0.3752 0.2288
vn -0.8183 0.3285 0.4717
vn -0.8483 -0.0455 -0.5275
vn -0.8008 0.0671 -0.5952
vn 0.2847 -0.9253 0.2507
vn 0.3246 -0.8633 0.3865
vn 0.9016 -0.4315 -0.0312
vn 0.6752 -0.7347 -0.0649
vn 0.1765 -0.9663 0.1874
vn 0.4637 -0.6356 0.6172
vn -0.7250 -0.5577 0.4041
vn -0.4270 -0.5715 0.7008
vn -0.2722 -0.8086 0.5215
vn 0.8798 -0.0072 -0.4752
vn 0.9111 -0.0117 -0.4121
vn 0.8422 -0.1299 -0.5232
vn -0.1827 -0.1446 0.9725
vn -0.5456 -0.2783 0.7905
vn 0.1651 -0.4653 -0.8696
vn 0.1918 -0.4959 -0.8469
vn 0.8338 -0.4723 -0.2858
vn 0.3950 -0.8744 0.2817
vn 0.9041 -0.1448 0.4021
vn 0.8998 -0.1337 0.4153
vn 0.4148 -0.8938 -0.1703
vn -0.9492 -0.2843 0.1352
vn -0.8573 -0.3377 0.3885
vn -0.3160 -0.8083 0.4968
vn 0.1560 -0.9828 -0.0986
vn 0.3535 -0.6626 0.6603
vn 0.5904 -0.7021 0.3981
vn 0.9006 -0.4195 0.1135
vn 0.7167 -0.5619 0.4131
vn 0.6560 -0.7386 0.1554
vn 0.8992 -0.4289 -0.0869
vn 0.8938 0.1804 -0.4105
vn 0.2672 0.7635 -0.5879
vn 0.0535 0.4863 -0.8722
vn 0.7662 0.1032 -0.6342
vn 0.9141 -0.3182 -0.2514
vn 0.8935 -0.4461 -0.0508
vn 0.4689 -0.8157 -0.3388
vn 0.7707 0.0164 -0.6370
vn -0.0356 0.9273 -0.3727
vn 0.3502 0.7960 -0.4936
vn 0.0489 0.9988 -0.0072
vn -0.4699 0.8600 -0.1989
vn 0.0653 0.1541 -0.9859
vn -0.0876 0.4571 -0.8851
vn 0.0247 0.9421 -0.3344
vn 0.1645 -0.6881 -0.7068
vn 0.4671 0.4212 -0.7774
vn 0.4309 0.8822 -0.1899
vn 0.5738 0.2733 -0.7721
vn 0.7415 0.2813 -0.6091
vn 0.9526 0.0786 -0.2939
vn 0.7937 0.4653 -0.3917
vn 0.6872 0.5469 -0.4782
vn 0.9825 0.0678 -0.1733
vn 0.9596 0.2022 -0.1959
vn 0.9221 0.2773 -0.2699
vn 0.5452 0.7207 -0.4283
vn 0.7610 0.4010 -0.5100
vn 0.5345 0.6005 -0.5948
vn 0.3837 0.7691 -0.5112
vn -0.1760 -0.4682 0.8659
vn 0.2624 0.6017 -0.7544
vn -0.2883 0.7403 -0.6073
vn 0.9131 -0.3881 0.1252
vn 0.9995 0.0075 0.0303
vn 0.9956 0.0083 0.0934
vn 0.5573 -0.8271 0.0730
vn 0.0334 -0.9992 0.0215
vn 0.0826 -0.9469 0.3108
vn -0.8689 -0.1431 0.4739
vn -0.7872 -0.0974 0.6089
vn -0.8207 -0.0073 0.5713
vn -0.7972 -0.1765 0.5774
vn -0.8569 -0.4930 -0.1503
vn -0.8776 -0.4438 -0.1815
vn -0.8620 -0.4803 -0.1618
vn 1.0000 0.0022 0.0019
vn 0.9951 -0.0818 0.0559
vn 0.9975 0.0344 -0.0625
vn 0.6100 0.2782 0.7420
vn 0.5988 0.3401 0.7251
vn 0.6084 0.2932 0.7375
vn 0.5607 -0.7955 0.2297
vn -0.9244 -0.3610 0.1230
vn -0.9622 -0.2295 0.1464
vn -0.9676 -0.2257 0.1133
vn -0.8766 -0.4257 0.2243
vn 0.2410 -0.6267 -0.7410
vn 0.2267 -0.7073 -0.6696
vn 0.2176 -0.6646 -0.7148
vn -0.9372 0.3481 -0.0224
vn -0.9264 0.3733 -0.0490
vn -0.9204 0.3907 -0.0136
vn -0.7107 -0.2182 -0.6688
vn -0.7314 -0.2911 -0.6167
vn -0.7055 -0.3295 -0.6274
vn 0.9712 -0.0225 -0.2372
vn 0.9722 -0.0896 -0.2162
vn 0.9782 -0.0664 -0.1966
vn 0.3501 0.8359 0.4227
vn 0.3456 0.8600 0.3754
vn 0.3562 0.8605 0.3642
vn -0.8010 0.4731 -0.3669
vn -0.7074 0.5769 -0.4085
vn -0.7178 0.6015 -0.3505
vn 0.3139 -0.4404 -0.8412
vn 0.2583 -0.5998 -0.7573
vn 0.3115 -0.5680 -0.7618
vn 0.1245 0.6619 -0.7392
vn -0.1627 0.4856 -0.8589
vn 0.7014 0.2388 -0.6716
vn 0.8519 0.2485 -0.4609
vn 0.9861 -0.1584 0.0493
vn 0.9832 -0.1747 0.0520
vn 0.9895 0.0756 -0.1233
vn -0.9552 0.2852 -0.0786
vn -0.8660 0.4366 -0.2438
vn -0.7818 0.4793 -0.3987
vn -0.9684 -0.2307 0.0945
vn -0.8232 -0.5619 0.0807
vn -0.9170 -0.2291 0.3265
vn -0.7559 -0.0342 0.6538
vn -0.7018 -0.1790 0.6895
vn 0.9884 0.0284 -0.1493
vn 0.9979 -0.0486 -0.0428
vn -0.7617 -0.6005 0.2434
vn -0.0416 -0.6932 0.7195
vn -0.0783 -0.9016 0.4254
vn -0.0672 -0.9061 0.4176
vn -0.0783 -0.9016 0.4253
vn -0.0894 -0.8970 0.4330
vn 0.1485 0.0356 -0.9883
vn 0.3748 0.0298 -0.9266
vn -0.1107 -0.1437 0.9834
vn 0.3329 -0.4498 -0.8288
vn 0.2362 -0.4741 -0.8482
vn 0.9743 -0.2229 -0.0321
vn -0.9128 0.3431 -0.2217
vn -0.6674 0.6645 -0.3362
vn -0.7628 0.5947 -0.2537
vn -0.8512 0.4282 -0.3036
vn -0.8432 0.4389 -0.3104
vn -0.7083 0.6608 -0.2485
vn -0.2527 0.7982 -0.5469
vn 0.3012 0.7745 -0.5563
vn 0.9919 -0.1266 -0.0140
vn -0.7995 -0.3299 0.5019
vn -0.7766 -0.2596 0.5740
vn -0.8454 -0.5170 -0.1345
vn -0.8459 -0.5180 -0.1272
vn 0.9769 0.0979 -0.1898
vn 0.9883 0.0923 -0.1212
vn 0.6145 0.2469 0.7493
vn 0.6127 0.2482 0.7503
vn 0.2471 -0.5836 -0.7735
vn 0.2857 -0.5461 -0.7875
vn -0.6736 -0.0214 0.7388
vn -0.6550 -0.7556 -0.0001
vn 0.9688 0.0776 -0.2354
vn -0.8391 0.4286 -0.3349
vn -0.9161 0.3997 -0.0302
vn -0.8005 0.2927 -0.5231
vn -0.9372 0.0816 -0.3390
vn -0.9113 0.4117 -0.0092
vn -0.9041 0.4235 0.0571
vn -0.6992 -0.3835 -0.6033
vn -0.6493 -0.4037 -0.6445
vn 0.9709 -0.1231 -0.2053
vn 0.9574 -0.1358 -0.2548
vn 0.3587 0.8715 0.3344
vn 0.3772 0.8609 0.3415
vn 0.2269 -0.6718 -0.7052
vn 0.1501 -0.6558 -0.7399
vn -0.9907 -0.0341 -0.1317
vn -0.9893 -0.0485 -0.1380
vn -0.9907 -0.0342 -0.1318
vn -0.9919 -0.0201 -0.1256
vn 0.2255 -0.4462 -0.8661
vn -0.3884 -0.6808 0.6210
vn -0.6325 -0.7233 0.2771
vn -0.4554 -0.3772 0.8064
vn -0.5248 -0.8473 0.0813
vn -0.4492 -0.8924 -0.0441
vn -0.8265 -0.5614 -0.0424
vn -0.7872 -0.6148 -0.0485
vn -0.5810 -0.7803 -0.2316
vn -0.8134 0.3713 -0.4478
vn -0.8129 -0.3180 -0.4879
vn -0.7280 -0.6840 -0.0466
vn 0.1202 -0.9927 -0.0073
vn -0.2006 -0.9741 0.1045
vn 0.7616 -0.6266 0.1654
vn -0.2187 -0.1956 0.9560
vn -0.8883 0.3516 -0.2954
vn 0.5360 -0.7351 0.4151
vn 0.5355 -0.7905 0.2973
vn 0.5696 -0.7489 0.3385
vn 0.5927 -0.7380 0.3225
vn -0.0626 0.7283 -0.6824
vn 0.1236 0.6310 -0.7659
vn -0.2195 0.8938 -0.3909
vn -0.3381 0.8172 -0.4667
vn 0.5269 -0.8342 0.1628
vn 0.1609 0.5791 -0.7992
vn 0.9659 0.1503 -0.2110
vn 0.7275 0.3046 -0.6148
vn 0.9940 -0.1074 0.0204
vn 0.9980 0.0608 -0.0189
vn 0.2195 0.6949 -0.6847
vn 0.4559 0.5819 -0.6735
vn 0.4958 0.7378 -0.4580
vn 0.5377 0.7729 -0.3368
vn 0.4943 -0.7928 0.3566
vn -0.2255 0.8100 -0.5413
vn 0.9416 -0.3329 0.0516
vn 0.3194 0.7789 -0.5397
vn 0.6515 -0.7364 0.1822
vn -0.2491 0.9493 -0.1915
vn 0.9856 -0.1380 0.0978
vn 0.4853 0.8561 -0.1777
vn 0.6204 -0.7525 0.2210
vn -0.2663 0.9570 -0.1147
vn 0.9145 -0.3754 0.1509
vn 0.4703 0.8790 -0.0780
vn 0.5105 0.8599 0.0065
vn 0.5034 0.8633 -0.0368
vn 0.2857 0.9126 -0.2924
vn 0.5716 0.8189 -0.0524
vn 0.6644 0.7348 0.1365
vn 0.8153 0.5130 0.2687
vn 0.7547 0.6398 0.1453
vn 0.8336 0.4708 0.2888
vn 0.8547 0.4975 0.1481
vn 0.6468 0.7511 0.1322
vn 0.7750 0.5581 0.2964
vn 0.8328 0.3166 0.4541
vn 0.5513 0.7361 -0.3928
vn 0.4827 0.7482 -0.4551
vn 0.7955 0.4504 -0.4054
vn 0.7366 0.3637 -0.5702
vn 0.3101 0.8446 -0.4365
vn 0.3697 0.8867 -0.2777
vn 0.9870 -0.0213 -0.1590
vn 0.9460 0.0590 -0.3189
vn 0.8106 0.4648 -0.3563
vn 0.7759 0.4364 -0.4555
vn 0.7269 0.6124 -0.3109
vn 0.3132 0.8927 -0.3240
vn 0.3944 0.9162 -0.0711
vn 0.8432 0.2191 -0.4910
vn 0.4947 0.8113 -0.3117
vn 0.5168 0.6962 -0.4983
vn 0.4887 0.7070 -0.5112
vn 0.6420 -0.4933 -0.5870
vn 0.5385 -0.5130 -0.6685
vn 0.5875 -0.7301 -0.3489
vn 0.7714 -0.5055 -0.3864
vn 0.9654 0.1092 -0.2370
vn 0.8407 0.3396 -0.4217
vn 0.8275 0.0313 -0.5606
vn 0.9106 -0.1263 -0.3935
vn 0.8465 0.4315 -0.3120
vn 0.8133 0.4273 -0.3948
vn 0.4057 -0.7038 -0.5832
vn 0.6269 -0.7144 -0.3107
vn 0.4496 -0.6438 -0.6192
vn 0.1693 -0.8294 -0.5324
vn 0.5575 0.7145 -0.4227
vn 0.7157 0.4580 -0.5272
vn 0.8422 -0.1700 -0.5116
vn 0.6656 -0.5088 -0.5460
vn 0.6981 0.3348 -0.6329
vn 0.4236 0.7455 -0.5147
vn 0.6557 -0.7545 -0.0279
vn 0.9151 -0.3428 -0.2123
vn 0.9576 -0.2731 -0.0920
vn 0.9814 0.1647 -0.0983
vn 0.8053 0.5259 -0.2737
vn 0.6290 -0.7769 0.0267
vn 0.7408 -0.2357 -0.6290
vn 0.8575 -0.3407 -0.3854
vn 0.9302 -0.1023 -0.3525
vn 0.7753 0.1945 -0.6009
vn 0.6992 -0.2831 -0.6564
vn 0.5363 -0.5097 -0.6727
vn 0.6386 -0.6047 -0.4759
vn 0.8658 -0.3432 -0.3642
vn 0.4820 -0.4500 -0.7518
vn 0.5622 -0.7213 -0.4045
vn 0.6043 0.4944 -0.6249
vn 0.8437 0.5003 -0.1945
vn 0.4919 0.8136 -0.3099
vn 0.4163 0.6646 -0.6205
vn 0.6000 0.4339 -0.6721
vn 0.6365 0.0510 -0.7696
vn 0.5558 -0.5296 -0.6408
vn 0.5579 -0.3319 -0.7607
vn 0.5986 -0.1449 -0.7878
vn 0.6330 -0.4140 -0.6541
vn 0.4530 0.6088 -0.6513
vn 0.8632 -0.3599 -0.3540
vn 0.8849 -0.1186 -0.4504
vn 0.8663 -0.4504 -0.2158
vn 0.6277 -0.7528 -0.1979
vn 0.7505 -0.6229 -0.2206
vn 0.9396 -0.2115 -0.2692
vn 0.8292 0.5571 0.0452
vn -0.0505 0.9987 0.0091
vn 0.9343 0.3538 -0.0439
vn 0.4542 0.8908 0.0132
vn 0.8602 0.5019 0.0902
vn 0.4186 0.6693 -0.6138
vn 0.2983 0.6746 -0.6752
vn 0.9514 -0.0680 -0.3004
vn 0.8225 0.2064 -0.5300
vn 0.1783 0.9829 0.0459
vn 0.8667 0.2861 -0.4086
vn 0.7001 0.4859 -0.5232
vn -0.1345 0.9152 -0.3799
vn 0.2584 0.5504 -0.7939
vn 0.8883 -0.4075 0.2116
vn 0.3809 0.4509 -0.8072
vn 0.8182 -0.2977 -0.4918
vn 0.4409 -0.5605 -0.7011
vn 0.0826 0.0448 -0.9956
vn 0.9385 -0.2283 0.2592
vn 0.9964 -0.0017 -0.0850
vn 0.5937 -0.3674 0.7159
vn 0.9870 0.0258 0.1586
vn 0.4679 0.2573 -0.8455
vn 0.3821 -0.9064 -0.1800
vn 0.7005 -0.2080 -0.6827
vn 0.6362 -0.7674 0.0796
vn 0.8156 -0.4630 0.3470
vn 0.7732 -0.3335 -0.5393
vn 0.5430 -0.2533 -0.8006
vn 0.7326 -0.1639 -0.6606
vn 0.7474 -0.3122 -0.5865
vn 0.7464 -0.5918 -0.3044
vn 0.5611 -0.6374 -0.5281
vn 0.6394 -0.7650 -0.0768
vn 0.8467 -0.4149 -0.3331
vn 0.9317 -0.0673 -0.3571
vn 0.4622 0.7813 -0.4193
vn 0.6909 0.1298 -0.7112
vn 0.8192 -0.5523 -0.1547
vn 0.0774 -0.6054 -0.7922
vn -0.1587 0.6061 -0.7794
vn 0.4019 0.6083 -0.6844
vn 0.9531 -0.1070 -0.2831
vn 0.5691 -0.8210 0.0466
vn -0.3085 -0.9217 -0.2351
vn -0.5487 -0.4155 -0.7255
vn 0.4444 -0.6908 -0.5704
vn 0.2684 -0.8050 -0.5290
vn 0.5664 -0.4699 -0.6770
vn 0.6311 -0.6053 -0.4851
vn 0.7423 0.4436 0.5022
vn 0.1425 0.8878 0.4376
vn 0.4434 0.4553 0.7721
vn 0.7118 -0.5097 -0.4834
vn 0.9254 -0.2919 -0.2416
vn 0.8516 -0.4906 -0.1846
vn 0.7132 -0.5473 -0.4379
vn 0.7045 -0.4487 -0.5499
vn 0.7571 -0.3676 -0.5401
vn -0.3969 0.3857 -0.8329
vn 0.4696 -0.1174 -0.8750
vn 0.4909 -0.0198 -0.8710
vn 0.2863 -0.2253 -0.9313
vn 0.2883 -0.1088 -0.9513
vn 0.2381 0.0153 -0.9711
vn 0.6466 -0.4807 -0.5923
vn 0.5484 -0.1504 -0.8226
vn 0.8118 -0.1575 -0.5624
vn 0.1094 0.9072 -0.4063
vn -0.4963 0.7264 0.4755
vn 0.5361 -0.8398 0.0860
vn -0.4048 -0.8302 0.3832
vn -0.1959 -0.8870 0.4182
vn 0.8573 -0.5089 0.0774
vn 0.7507 -0.6188 0.2316
vn 0.7621 0.1114 -0.6378
vn 0.5788 -0.1220 -0.8063
vn -0.2957 0.8809 -0.3695
vn -0.3484 0.8107 -0.4706
vn 0.9044 0.0303 -0.4257
vn 0.9476 -0.3174 0.0354
vn 0.8544 -0.4916 -0.1683
vn -0.5432 0.5448 -0.6388
vn -0.4036 0.7763 -0.4841
vn 0.7187 0.3933 -0.5733
vn -0.8981 0.4064 -0.1679
vn -0.5267 0.7484 -0.4030
vn -0.3254 0.8873 -0.3267
vn -0.9929 -0.0312 -0.1149
vn -0.8952 -0.4205 0.1477
vn -0.9680 -0.2102 0.1371
vn -0.9567 0.2844 -0.0614
vn 0.6871 -0.2258 -0.6906
vn 0.8761 -0.0605 -0.4783
vn 0.8131 -0.5498 -0.1914
vn 0.4909 -0.6529 -0.5768
vn 0.9803 -0.0317 -0.1950
vn 0.9422 0.0272 -0.3339
vn 0.4286 0.7457 -0.5101
vn 0.9035 0.2588 -0.3417
vn 0.6726 -0.2571 -0.6939
vn 0.4278 -0.0109 -0.9038
vn 0.2668 -0.2481 -0.9313
vn -0.2046 -0.5832 -0.7862
vn 0.8479 -0.1644 -0.5040
vn 0.7159 -0.1894 -0.6720
vn 0.6640 -0.2232 -0.7137
vn 0.8240 -0.1637 -0.5425
vn 0.9405 0.0166 -0.3394
vn 0.6815 0.1341 -0.7195
vn 0.8155 0.3059 -0.4913
vn -0.2953 -0.6365 -0.7125
vn 0.3170 0.2872 -0.9039
vn 0.6592 -0.4648 -0.5911
vn 0.1851 -0.4090 -0.8936
vn 0.8168 0.3144 -0.4838
vn 0.9503 -0.0048 -0.3114
vn 0.8693 0.0148 -0.4941
vn -0.1709 -0.9786 -0.1143
vn 0.8861 -0.2571 -0.3858
vn 0.7828 -0.1101 -0.6125
vn 0.7451 0.0325 -0.6662
vn 0.8472 0.1623 -0.5060
vn 0.8803 -0.0779 -0.4679
vn 0.0640 0.2288 -0.9714
vn -0.1656 0.2557 -0.9525
vn -0.1600 0.3823 -0.9101
vn 0.7545 0.4014 -0.5193
vn 0.3625 0.7943 -0.4874
vn 0.2400 0.6280 -0.7403
vn 0.3779 0.5001 -0.7792
vn 0.8371 0.3249 -0.4401
vn 0.3061 -0.6465 -0.6988
vn -0.4360 0.5416 -0.7187
vn -0.9937 -0.1111 0.0149
vn -0.7332 -0.5301 0.4259
vn -0.8035 -0.3599 0.4741
vn -0.9597 -0.1798 0.2158
vn -0.1087 -0.9247 0.3648
vn 0.2281 -0.7255 -0.6493
vn -0.1236 -0.8629 0.4900
vn -0.1305 -0.8745 -0.4671
vn 0.7702 -0.6369 0.0331
vn -0.3222 -0.8182 0.4761
vn -0.2417 -0.8065 0.5396
vn -0.5405 -0.6000 0.5898
vn -0.3131 -0.8481 0.4273
vn -0.8462 -0.0624 0.5292
vn 0.9067 0.1084 -0.4077
vn 0.5378 0.5960 -0.5962
vn 0.9871 -0.0558 -0.1502
vn 0.9516 -0.1478 -0.2697
vn 0.9319 -0.1112 -0.3453
vn 0.8870 0.1749 -0.4274
vn 0.8285 0.2289 -0.5111
vn 0.8021 -0.1616 -0.5749
vn 0.1625 0.8049 -0.5708
vn 0.7526 0.3333 -0.5679
vn -0.3587 0.9334 -0.0115
vn -0.2376 0.8263 -0.5107
vn 0.1999 0.7981 -0.5683
vn 0.3482 0.7290 -0.5893
vn 0.1888 0.9133 -0.3609
vn 0.1840 0.8615 -0.4732
vn 0.2414 0.8126 -0.5304
vn 0.5425 0.5476 -0.6371
vn 0.0263 0.8759 -0.4818
vn 0.3305 0.7514 -0.5711
vn 0.7286 0.4729 -0.4955
vn 0.7798 0.5817 -0.2314
vn 0.8207 0.4033 -0.4047
vn 0.6591 0.7250 -0.1998
vn 0.6883 0.6327 -0.3548
vn 0.6983 0.6202 -0.3573
vn 0.7708 0.6124 -0.1756
vn 0.6312 0.6217 -0.4637
vn 0.7327 -0.1997 0.6506
vn 0.9232 -0.3514 0.1559
vn 0.7817 -0.5793 0.2310
vn 0.4457 0.6931 -0.5666
vn 0.2783 0.7592 -0.5883
vn 0.5110 0.6286 -0.5863
vn 0.5614 0.6444 -0.5192
vn 0.8765 -0.4686 0.1102
vn -0.3862 0.5070 -0.7706
vn 0.2243 0.6416 -0.7335
vn 0.6739 0.4130 -0.6127
vn 0.4296 0.7516 -0.5005
vn 0.6612 0.4349 -0.6113
vn 0.5150 0.4777 -0.7118
vn 0.4034 0.5359 -0.7417
vn 0.9067 -0.0307 -0.4206
vn -0.6947 0.4738 -0.5411
vn 0.2692 0.4867 -0.8310
vn -0.0748 0.7041 -0.7062
vn -0.2688 -0.0145 0.9631
vn 0.3346 0.5949 -0.7308
vn 0.4052 0.5633 -0.7201
vn 0.5267 0.5833 -0.6184
vn 0.5320 0.5367 -0.6549
vn 0.5210 0.6743 -0.5234
vn 0.7280 -0.2276 -0.6467
vn 0.6418 -0.2406 -0.7282
vn 0.5951 -0.4582 -0.6602
vn 0.6199 -0.5308 -0.5778
vn 0.5936 0.5294 -0.6061
vn 0.4197 -0.6593 -0.6238
vn 0.6086 -0.6992 -0.3751
vn 0.8017 -0.4138 -0.4314
vn 0.5049 -0.5694 -0.6488
vn 0.6763 0.0316 -0.7359
vn 0.3823 0.1437 -0.9128
vn 0.6416 0.3716 -0.6710
vn 0.4402 -0.5774 -0.6876
vn 0.2938 -0.9129 -0.2832
vn 0.0990 -0.9951 -0.0025
vn 0.8627 -0.4754 -0.1725
vn 0.9177 -0.2904 -0.2711
vn 0.8158 -0.3684 -0.4457
vn 0.9211 -0.3363 -0.1961
vn 0.8423 0.0763 -0.5337
vn 0.8285 -0.0839 -0.5536
vn 0.7163 0.1240 -0.6867
vn 0.7021 0.0615 -0.7094
vn 0.5153 -0.1105 -0.8498
vn 0.7077 -0.2849 -0.6466
vn -0.3605 0.9305 0.0653
vn 0.2850 -0.0981 -0.9535
vn 0.0967 0.7129 -0.6946
vn -0.0076 -0.1134 0.9935
vn -0.0174 0.8753 -0.4832
vn -0.4920 0.8697 0.0409
vn 0.7782 -0.3630 -0.5125
vn 0.5973 0.5313 -0.6007
vn 0.7290 -0.5566 0.3984
vn 0.8147 -0.5694 0.1100
vn 0.5540 -0.7149 -0.4266
vn 0.5793 -0.8141 -0.0407
vn 0.8138 -0.5801 -0.0338
vn -0.9077 0.3955 -0.1399
vn -0.6463 0.6793 -0.3478
vn -0.7685 0.5855 -0.2583
vn 0.9521 -0.2933 -0.0866
vn 0.8275 -0.5362 0.1668
vn -0.3714 0.6618 -0.6512
vn -0.5126 0.7135 -0.4777
vn -0.6050 0.7298 -0.3182
vn -0.1669 0.6202 -0.7665
vn 0.0858 0.5785 -0.8111
vn -0.7777 0.5394 -0.3230
vn 0.5290 -0.7152 0.4568
vn 0.6850 -0.5727 -0.4503
vn -0.0515 -0.4113 -0.9100
vn 0.4684 -0.6431 -0.6058
vn -0.7006 0.7089 -0.0813
vn 0.5288 0.5406 -0.6542
vn 0.8663 -0.2818 -0.4125
vn 0.8739 0.2021 -0.4422
vn 0.7286 0.0210 -0.6846
vn 0.2373 0.8784 -0.4147
vn 0.9770 0.0628 -0.2037
vn 0.9835 -0.0741 -0.1650
vn 0.6053 -0.7893 -0.1028
vn 0.0619 -0.6836 -0.7273
vn 0.9567 -0.1400 -0.2552
vn 0.8685 -0.1632 -0.4680
vn -0.5064 0.7193 -0.4757
vn 0.7495 0.4666 -0.4696
vn -0.8422 0.1976 -0.5016
vn -0.6193 0.3016 -0.7249
vn -0.8774 -0.4394 -0.1926
vn -0.8473 -0.2887 -0.4459
vn 0.5992 0.3483 -0.7208
vn 0.7213 0.1302 -0.6802
vn 0.9017 0.2241 -0.3697
vn 0.4814 0.7851 -0.3897
vn 0.4346 0.8406 -0.3233
vn 0.7310 -0.4833 -0.4818
vn 0.8969 -0.1127 -0.4277
vn 0.6211 -0.1963 -0.7588
vn 0.5729 -0.4727 -0.6696
vn 0.8102 0.5053 -0.2971
vn 0.6328 0.5571 -0.5377
vn 0.3593 -0.8178 -0.4495
vn 0.2978 -0.9530 -0.0549
vn 0.4700 0.7172 -0.5145
vn 0.3192 0.8004 -0.5074
vn 0.4637 -0.7961 -0.3887
vn 0.6763 -0.5640 -0.4739
vn 0.5187 -0.6895 -0.5055
vn 0.6405 0.4226 -0.6413
vn 0.8538 0.0380 -0.5191
vn 0.7030 -0.4262 -0.5693
vn 0.5984 -0.6891 -0.4086
vn 0.4914 -0.8362 -0.2434
vn 0.8961 -0.0912 -0.4344
vn 0.1908 -0.9483 0.2536
vn 0.3073 0.6911 -0.6542
vn 0.4944 0.6215 -0.6077
vn 0.7937 0.2519 -0.5537
vn 0.9306 -0.0851 -0.3559
vn 0.8678 -0.4023 -0.2917
vn 0.5909 -0.7587 -0.2741
vn 0.4316 -0.9005 0.0524
vn 0.9133 -0.1947 -0.3577
vn 0.7188 -0.6556 -0.2312
vn 0.8496 -0.5267 -0.0288
vn 0.6495 -0.7041 -0.2871
vn 0.9816 0.1904 -0.0158
vn 0.8029 0.4924 -0.3361
vn 0.4831 0.7930 -0.3711
vn 0.9991 -0.0223 -0.0369
vn 0.4778 0.8767 -0.0559
vn 0.4307 0.8819 -0.1918
vn 0.3649 0.9005 -0.2367
vn 0.8715 0.4817 -0.0919
vn 0.8417 0.4260 -0.3317
vn 0.6743 0.7075 -0.2115
vn 0.6200 0.7755 -0.1193
vn 0.8426 0.5351 -0.0601
vn 0.8225 0.3746 -0.4280
vn 0.5568 0.8302 0.0273
vn 0.8950 0.4301 -0.1180
vn 0.9625 0.2200 0.1586
vn 0.3089 0.9139 -0.2633
vn 0.8943 0.2231 -0.3879
vn 0.8400 0.4252 -0.3371
vn 0.4826 0.8329 -0.2709
vn 0.4928 0.8691 0.0433
vn 0.5028 0.8587 0.0997
vn 0.6654 0.7141 0.2173
vn 0.7054 0.7037 0.0850
vn 0.8126 0.4955 0.3069
vn 0.8565 0.4960 0.1429
vn 0.3818 0.9209 0.0791
vn 0.5331 0.8207 0.2054
vn 0.7062 0.5309 0.4684
vn 0.8931 0.3810 0.2391
vn 0.7875 0.4211 0.4499
vn 0.7401 0.4003 0.5404
vn 0.8787 0.0044 -0.4774
vn 0.8932 0.0595 -0.4457
vn -0.4337 0.0528 -0.8995
vn -0.5722 0.0053 -0.8201
vn -0.5719 0.1825 -0.7998
vn -0.3821 0.2078 -0.9005
vn -0.4317 -0.2669 -0.8616
vn -0.5712 -0.2907 -0.7676
vn -0.4304 -0.5516 -0.7144
vn -0.5714 -0.5336 -0.6236
vn -0.4763 -0.6405 -0.6024
vn -0.5681 -0.5993 -0.5639
vn -0.0899 0.0649 -0.9938
vn -0.0250 0.2283 -0.9733
vn -0.0874 -0.2893 -0.9532
vn -0.0861 -0.6062 -0.7907
vn -0.1505 -0.7205 -0.6770
vn 0.2653 0.0688 -0.9617
vn 0.3142 0.2198 -0.9236
vn 0.2679 -0.2745 -0.9235
vn 0.2689 -0.5832 -0.7665
vn 0.2139 -0.7122 -0.6686
vn 0.4179 0.1139 -0.9013
vn 0.4142 0.2117 -0.8852
vn 0.4194 -0.2020 -0.8850
vn 0.4200 -0.5104 -0.7504
vn 0.4185 -0.6623 -0.6214
vn 0.4481 0.0593 -0.8920
vn 0.3942 0.2136 -0.8938
vn 0.5827 0.1910 -0.7899
vn 0.5860 0.0139 -0.8102
vn 0.4503 -0.2604 -0.8541
vn 0.5884 -0.2821 -0.7577
vn 0.4507 -0.5451 -0.7069
vn 0.5897 -0.5250 -0.6137
vn 0.4959 -0.6333 -0.5941
vn 0.5865 -0.5908 -0.5540
vn 0.1059 0.0663 -0.9922
vn 0.0383 0.2287 -0.9727
vn 0.1079 -0.2878 -0.9516
vn 0.1084 -0.6047 -0.7890
vn 0.1727 -0.7181 -0.6742
vn -0.2497 0.0650 -0.9661
vn -0.3016 0.2153 -0.9288
vn -0.2480 -0.2784 -0.9279
vn -0.2471 -0.5870 -0.7709
vn -0.1919 -0.7152 -0.6721
vn -0.4041 0.1078 -0.9083
vn -0.4021 0.2057 -0.8922
vn -0.4012 -0.2081 -0.8920
vn -0.3996 -0.5165 -0.7574
vn -0.3979 -0.6684 -0.6284
vt 0.547537 0.148371
vt 0.553876 0.156575
vt 0.537968 0.167262
vt 0.527840 0.160053
vt 0.561955 0.134701
vt 0.567548 0.138429
vt 0.572436 0.115065
vt 0.575253 0.115934
vt 0.541076 0.140044
vt 0.521005 0.152224
vt 0.556735 0.129606
vt 0.549526 0.110840
vt 0.571027 0.111771
vt 0.551143 0.120534
vt 0.530512 0.113324
vt 0.532997 0.127245
vt 0.518456 0.131593
vt 0.515597 0.118980
vt 0.536726 0.134452
vt 0.517774 0.142717
vt 0.553131 0.125379
vt 0.666761 0.140255
vt 0.671001 0.148597
vt 0.654261 0.155094
vt 0.648089 0.145868
vt 0.682018 0.131877
vt 0.685478 0.136371
vt 0.695361 0.120028
vt 0.697266 0.121588
vt 0.663801 0.133184
vt 0.643237 0.138366
vt 0.679692 0.128113
vt 0.678032 0.112376
vt 0.695107 0.117123
vt 0.677240 0.119738
vt 0.661528 0.108789
vt 0.660535 0.119808
vt 0.643718 0.121449
vt 0.645558 0.108684
vt 0.661883 0.127969
vt 0.641448 0.129864
vt 0.678025 0.124224
vt 0.076043 0.713978
vt 0.081327 0.723072
vt 0.064184 0.731305
vt 0.056321 0.722703
vt 0.091648 0.704149
vt 0.096318 0.708203
vt 0.105411 0.688215
vt 0.107622 0.689403
vt 0.072111 0.705991
vt 0.051160 0.714163
vt 0.088822 0.699479
vt 0.085503 0.681171
vt 0.105011 0.685195
vt 0.086118 0.689403
vt 0.067072 0.679819
vt 0.067932 0.691739
vt 0.052634 0.694994
vt 0.050852 0.683444
vt 0.069775 0.699726
vt 0.050238 0.704947
vt 0.087102 0.694933
vt 0.192082 0.706331
vt 0.193664 0.715058
vt 0.174930 0.717939
vt 0.171768 0.708816
vt 0.209400 0.702205
vt 0.212067 0.707076
vt 0.227785 0.692604
vt 0.229524 0.694271
vt 0.191041 0.699550
vt 0.169869 0.700479
vt 0.208193 0.697802
vt 0.210341 0.681903
vt 0.228262 0.690017
vt 0.208700 0.688769
vt 0.193447 0.676655
vt 0.191023 0.685954
vt 0.175038 0.684413
vt 0.177244 0.674174
vt 0.190647 0.693608
vt 0.171120 0.692712
vt 0.207987 0.693438
vt 0.139446 0.666901
vt 0.141736 0.658524
vt 0.161489 0.665030
vt 0.158660 0.673690
vt 0.123452 0.664053
vt 0.123215 0.658687
vt 0.104338 0.665598
vt 0.103825 0.663277
vt 0.137366 0.673947
vt 0.155136 0.682185
vt 0.122464 0.668540
vt 0.114437 0.682233
vt 0.102971 0.667655
vt 0.118716 0.676465
vt 0.125845 0.693446
vt 0.131832 0.685713
vt 0.144776 0.694058
vt 0.140482 0.703263
vt 0.135016 0.679610
vt 0.150839 0.688495
vt 0.120923 0.672556
vt 0.338906 0.017489
vt 0.341886 0.008863
vt 0.357561 0.036912
vt 0.343669 0.046558
vt 0.040725 0.521471
vt 0.021361 0.532138
vt 0.021664 0.501439
vt 0.046477 0.490795
vt 0.036262 0.091395
vt 0.027596 0.157610
vt 0.013755 0.158766
vt 0.246660 0.259445
vt 0.299594 0.226507
vt 0.322435 0.303739
vt 0.272176 0.309679
vt 0.114142 0.396411
vt 0.106736 0.416651
vt 0.073088 0.425966
vt 0.070532 0.474809
vt 0.066573 0.514222
vt 0.078762 0.376354
vt 0.149252 0.357356
vt 0.108009 0.392286
vt 0.075989 0.392030
vt 0.114415 0.479002
vt 0.095097 0.447894
vt 0.114806 0.453885
vt 0.128012 0.473266
vt 0.487350 0.667651
vt 0.476632 0.661648
vt 0.477653 0.649063
vt 0.497115 0.654767
vt 0.547362 0.636964
vt 0.559510 0.643270
vt 0.562863 0.654191
vt 0.543564 0.644529
vt 0.544762 0.662948
vt 0.551975 0.683560
vt 0.530639 0.684211
vt 0.528827 0.657391
vt 0.607623 0.628749
vt 0.611893 0.637986
vt 0.596089 0.648918
vt 0.603445 0.632744
vt 0.636712 0.619798
vt 0.637745 0.625615
vt 0.628905 0.631514
vt 0.625755 0.619136
vt 0.684145 0.635493
vt 0.682923 0.640120
vt 0.667339 0.638992
vt 0.670680 0.631513
vt 0.507483 0.695680
vt 0.503445 0.675850
vt 0.719317 0.662596
vt 0.733815 0.672391
vt 0.715748 0.669362
vt 0.714327 0.665273
vt 0.682299 0.671648
vt 0.691568 0.681564
vt 0.691690 0.697424
vt 0.680500 0.682913
vt 0.561365 0.670317
vt 0.562806 0.682441
vt 0.712817 0.696116
vt 0.708689 0.687137
vt 0.720081 0.691928
vt 0.725092 0.703108
vt 0.537814 0.622746
vt 0.526632 0.620614
vt 0.525469 0.640841
vt 0.491282 0.631769
vt 0.509551 0.642002
vt 0.483964 0.641786
vt 0.709692 0.677252
vt 0.706572 0.697134
vt 0.604090 0.665503
vt 0.645684 0.644671
vt 0.646588 0.634001
vt 0.698897 0.656833
vt 0.704363 0.668685
vt 0.670415 0.662172
vt 0.456278 0.658284
vt 0.467316 0.645116
vt 0.758729 0.681720
vt 0.755266 0.685486
vt 0.741933 0.679163
vt 0.720727 0.682157
vt 0.728564 0.686141
vt 0.729490 0.696471
vt 0.750055 0.717535
vt 0.543869 0.616372
vt 0.551657 0.631814
vt 0.564794 0.635807
vt 0.600035 0.629924
vt 0.592602 0.640339
vt 0.590268 0.634907
vt 0.593483 0.626741
vt 0.581378 0.603346
vt 0.600298 0.618094
vt 0.587238 0.618344
vt 0.575959 0.606009
vt 0.530338 0.599819
vt 0.545320 0.603044
vt 0.590408 0.585490
vt 0.608404 0.597806
vt 0.624720 0.605420
vt 0.629913 0.602042
vt 0.656016 0.600458
vt 0.644404 0.624283
vt 0.633691 0.597935
vt 0.654002 0.591653
vt 0.502036 0.625987
vt 0.489118 0.610693
vt 0.497908 0.599694
vt 0.514224 0.616721
vt 0.660097 0.602822
vt 0.663276 0.616614
vt 0.678088 0.618167
vt 0.685218 0.617079
vt 0.714584 0.622599
vt 0.697731 0.636043
vt 0.692257 0.611418
vt 0.708368 0.605445
vt 0.465156 0.629670
vt 0.473600 0.620625
vt 0.728991 0.617652
vt 0.718215 0.637064
vt 0.731216 0.654329
vt 0.741147 0.653289
vt 0.767481 0.659561
vt 0.455693 0.641125
vt 0.449443 0.653073
vt 0.734930 0.689595
vt 0.735587 0.698224
vt 0.753136 0.711712
vt 0.550362 0.611853
vt 0.555184 0.624820
vt 0.567910 0.626098
vt 0.586428 0.624928
vt 0.585004 0.630255
vt 0.578163 0.620172
vt 0.570010 0.609385
vt 0.546819 0.585403
vt 0.536307 0.584328
vt 0.631383 0.593915
vt 0.625881 0.594607
vt 0.645714 0.583968
vt 0.634974 0.590079
vt 0.486234 0.592117
vt 0.480562 0.600551
vt 0.685488 0.609365
vt 0.680244 0.609912
vt 0.700827 0.595918
vt 0.690341 0.603401
vt 0.456898 0.620368
vt 0.463947 0.608652
vt 0.744543 0.647122
vt 0.737941 0.648254
vt 0.764246 0.645970
vt 0.723080 0.650258
vt 0.718336 0.642292
vt 0.727452 0.641450
vt 0.730744 0.646943
vt 0.711473 0.654497
vt 0.703959 0.644868
vt 0.697658 0.645329
vt 0.732798 0.682704
vt 0.745094 0.686240
vt 0.737635 0.686585
vt 0.724392 0.677691
vt 0.719057 0.672910
vt 0.669517 0.617866
vt 0.675074 0.609076
vt 0.657184 0.627633
vt 0.654721 0.631686
vt 0.616868 0.602620
vt 0.616942 0.592577
vt 0.613381 0.620017
vt 0.612239 0.627371
vt 0.641363 0.664613
vt 0.605836 0.677751
vt 0.581154 0.634235
vt 0.582202 0.640380
vt 0.581419 0.646864
vt 0.580517 0.656777
vt 0.581707 0.671837
vt 0.583499 0.678375
vt 0.586988 0.691105
vt 0.607211 0.687395
vt 0.603324 0.704676
vt 0.584597 0.708724
vt 0.584762 0.707131
vt 0.658537 0.689535
vt 0.662217 0.674236
vt 0.678603 0.698239
vt 0.493235 0.702135
vt 0.506654 0.707461
vt 0.495529 0.707442
vt 0.481140 0.690756
vt 0.476578 0.676133
vt 0.473578 0.668129
vt 0.450380 0.665246
vt 0.442921 0.658448
vt 0.729061 0.636611
vt 0.689763 0.642302
vt 0.672311 0.604385
vt 0.646125 0.629215
vt 0.612375 0.588883
vt 0.683997 0.646921
vt 0.527823 0.574312
vt 0.520954 0.589545
vt 0.471555 0.604778
vt 0.476017 0.618615
vt 0.457769 0.638043
vt 0.448633 0.625784
vt 0.754481 0.693484
vt 0.737992 0.626624
vt 0.665013 0.594386
vt 0.601286 0.573249
vt 0.447782 0.638527
vt 0.438015 0.644268
vt 0.741555 0.692148
vt 0.742277 0.696037
vt 0.747670 0.699860
vt 0.569363 0.620672
vt 0.557035 0.610850
vt 0.575604 0.621924
vt 0.568856 0.616412
vt 0.545009 0.575142
vt 0.534054 0.572966
vt 0.625479 0.587349
vt 0.632097 0.585031
vt 0.641907 0.579517
vt 0.480279 0.590620
vt 0.471852 0.597722
vt 0.683198 0.603402
vt 0.687620 0.599695
vt 0.695145 0.593094
vt 0.454949 0.606822
vt 0.444653 0.613277
vt 0.734341 0.639319
vt 0.737164 0.643052
vt 0.744770 0.691125
vt 0.676547 0.600192
vt 0.618314 0.583664
vt 0.576240 0.626112
vt 0.579669 0.625474
vt 0.744011 0.641449
vt 0.747976 0.696918
vt 0.739777 0.635471
vt 0.670001 0.592466
vt 0.611171 0.575009
vt 0.732526 0.862817
vt 0.776006 0.868175
vt 0.780909 0.891771
vt 0.737155 0.888497
vt 0.072440 0.441994
vt 0.375755 0.736859
vt 0.347094 0.721289
vt 0.352093 0.706387
vt 0.377928 0.726797
vt 0.262505 0.661222
vt 0.287552 0.693748
vt 0.249920 0.679162
vt 0.231856 0.650322
vt 0.688892 0.855356
vt 0.681642 0.807927
vt 0.718013 0.810159
vt 0.058556 0.601476
vt 0.059076 0.625087
vt 0.039113 0.617555
vt 0.036322 0.592027
vt 0.380949 0.130447
vt 0.393090 0.168890
vt 0.351346 0.186390
vt 0.351118 0.147923
vt 0.382273 0.679190
vt 0.402099 0.688370
vt 0.219658 0.616311
vt 0.263596 0.612765
vt 0.746652 0.804650
vt 0.151518 0.373128
vt 0.160415 0.395897
vt 0.116521 0.424264
vt 0.152359 0.384553
vt 0.532605 0.700825
vt 0.041117 0.402531
vt 0.036792 0.437441
vt 0.018549 0.440040
vt 0.018549 0.413009
vt 0.375397 0.093935
vt 0.345172 0.110989
vt 0.010716 0.235301
vt 0.011988 0.199281
vt 0.034397 0.199916
vt 0.035890 0.236085
vt 0.344819 0.087660
vt 0.342613 0.076407
vt 0.367555 0.063059
vt 0.371045 0.077299
vt 0.020901 0.557048
vt 0.034522 0.559281
vt 0.019724 0.588780
vt 0.046935 0.378418
vt 0.018035 0.377238
vt 0.326076 0.079576
vt 0.330475 0.049833
vt 0.138508 0.270621
vt 0.119009 0.237899
vt 0.148348 0.247277
vt 0.167868 0.270769
vt 0.150208 0.318348
vt 0.205217 0.315369
vt 0.636195 0.686301
vt 0.064690 0.201581
vt 0.075463 0.237079
vt 0.047471 0.151009
vt 0.047649 0.095959
vt 0.041051 0.454113
vt 0.019468 0.462666
vt 0.436219 0.899641
vt 0.436490 0.949556
vt 0.399200 0.968595
vt 0.387172 0.908050
vt 0.205424 0.382985
vt 0.231067 0.390315
vt 0.220113 0.393027
vt 0.213177 0.341893
vt 0.210154 0.363385
vt 0.770837 0.938657
vt 0.799549 0.886415
vt 0.788269 0.936743
vt 0.795102 0.861978
vt 0.440328 0.854720
vt 0.382073 0.863673
vt 0.390578 0.844257
vt 0.444281 0.838622
vt 0.756944 0.801981
vt 0.462625 0.795333
vt 0.430573 0.789093
vt 0.290020 0.014682
vt 0.275101 0.032360
vt 0.265191 0.014784
vt 0.288896 0.005180
vt 0.250272 0.021529
vt 0.256199 0.038798
vt 0.340824 0.339823
vt 0.284103 0.336603
vt 0.314627 0.529046
vt 0.323842 0.564485
vt 0.262765 0.580904
vt 0.260135 0.560890
vt 0.200028 0.524204
vt 0.171642 0.528876
vt 0.171396 0.511059
vt 0.201117 0.506352
vt 0.208363 0.568500
vt 0.209952 0.582706
vt 0.176989 0.576116
vt 0.180192 0.560214
vt 0.180192 0.614072
vt 0.504960 0.851063
vt 0.492911 0.897111
vt 0.515011 0.893455
vt 0.499155 0.956318
vt 0.467078 0.958350
vt 0.530192 0.849877
vt 0.551788 0.852300
vt 0.571184 0.855604
vt 0.568726 0.882222
vt 0.542488 0.891614
vt 0.148801 0.562701
vt 0.152990 0.545436
vt 0.181020 0.638101
vt 0.173395 0.658172
vt 0.121492 0.645921
vt 0.147157 0.627858
vt 0.058206 0.566041
vt 0.023251 0.618160
vt 0.735689 0.995972
vt 0.718929 0.984138
vt 0.726110 0.923524
vt 0.626715 0.839753
vt 0.687169 0.877912
vt 0.629911 0.868160
vt 0.571667 0.831717
vt 0.572545 0.810975
vt 0.595722 0.807899
vt 0.594496 0.832869
vt 0.626400 0.805464
vt 0.758195 0.993353
vt 0.550964 0.833339
vt 0.552579 0.807398
vt 0.494875 0.730311
vt 0.479477 0.758458
vt 0.457545 0.746849
vt 0.479689 0.720286
vt 0.528096 0.829687
vt 0.533667 0.804665
vt 0.530777 0.720720
vt 0.528204 0.741985
vt 0.502463 0.717390
vt 0.551110 0.699104
vt 0.551427 0.714727
vt 0.753269 0.640866
vt 0.556122 0.772487
vt 0.575624 0.766329
vt 0.595636 0.770645
vt 0.564805 0.732128
vt 0.542363 0.774420
vt 0.552082 0.735570
vt 0.510283 0.828786
vt 0.514028 0.801834
vt 0.521420 0.772019
vt 0.624916 0.770731
vt 0.670515 0.764577
vt 0.722143 0.758535
vt 0.731977 0.755195
vt 0.312756 0.112994
vt 0.318419 0.090814
vt 0.315230 0.167641
vt 0.053545 0.101075
vt 0.060258 0.145707
vt 0.234539 0.243339
vt 0.291353 0.206969
vt 0.080260 0.190900
vt 0.846262 0.501354
vt 0.829951 0.517355
vt 0.813743 0.484837
vt 0.836557 0.465325
vt 0.671690 0.494902
vt 0.676283 0.534131
vt 0.613361 0.487107
vt 0.617491 0.449014
vt 0.746536 0.427334
vt 0.770693 0.420830
vt 0.778126 0.458718
vt 0.775338 0.475235
vt 0.793507 0.412983
vt 0.797637 0.435385
vt 0.799701 0.349183
vt 0.796296 0.339790
vt 0.821898 0.336073
vt 0.826543 0.344538
vt 0.793094 0.511678
vt 0.802695 0.565669
vt 0.781017 0.527680
vt 0.558180 0.293642
vt 0.555083 0.299734
vt 0.523854 0.271551
vt 0.528810 0.273615
vt 0.537172 0.383148
vt 0.520809 0.343816
vt 0.525920 0.340305
vt 0.541922 0.371380
vt 0.530617 0.332821
vt 0.549457 0.357132
vt 0.802385 0.452007
vt 0.826130 0.438895
vt 0.579293 0.222203
vt 0.589100 0.238980
vt 0.558748 0.238617
vt 0.550800 0.225198
vt 0.863140 0.276609
vt 0.820814 0.270569
vt 0.825924 0.229636
vt 0.873826 0.259471
vt 0.787004 0.218281
vt 0.763878 0.212395
vt 0.772344 0.203207
vt 0.795056 0.207853
vt 0.746639 0.208576
vt 0.753246 0.195981
vt 0.797792 0.266647
vt 0.807032 0.223338
vt 0.794024 0.128361
vt 0.808683 0.124439
vt 0.817769 0.126503
vt 0.788863 0.133213
vt 0.901699 0.148906
vt 0.888484 0.156648
vt 0.883529 0.145085
vt 0.893131 0.138478
vt 0.774306 0.167797
vt 0.749943 0.176676
vt 0.749633 0.163152
vt 0.774100 0.154273
vt 0.611984 0.171652
vt 0.614910 0.176367
vt 0.600870 0.182147
vt 0.641235 0.167247
vt 0.629053 0.174715
vt 0.625646 0.167179
vt 0.630808 0.165630
vt 0.671586 0.161741
vt 0.655584 0.169863
vt 0.652177 0.161397
vt 0.660333 0.160056
vt 0.697085 0.156442
vt 0.706376 0.150661
vt 0.707994 0.156614
vt 0.728675 0.167488
vt 0.718352 0.181425
vt 0.710815 0.170999
vt 0.748807 0.153344
vt 0.744058 0.150764
vt 0.772448 0.132801
vt 0.772138 0.142298
vt 0.868353 0.127845
vt 0.888589 0.127227
vt 0.821278 0.117213
vt 0.835318 0.110501
vt 0.695639 0.173580
vt 0.809096 0.150764
vt 0.789276 0.152312
vt 0.726713 0.156442
vt 0.875271 0.158506
vt 0.863089 0.151900
vt 0.851527 0.143021
vt 0.603243 0.188651
vt 0.621825 0.186070
vt 0.634525 0.184728
vt 0.644331 0.172237
vt 0.646810 0.181425
vt 0.658682 0.178948
vt 0.675199 0.166765
vt 0.679019 0.178534
vt 0.690787 0.163152
vt 0.709679 0.160882
vt 0.794334 0.124439
vt 0.803316 0.118968
vt 0.968080 0.105237
vt 0.969113 0.110088
vt 0.949498 0.115560
vt 0.944335 0.108746
vt 0.932257 0.122890
vt 0.939586 0.126090
vt 0.935664 0.134968
vt 0.927612 0.134556
vt 0.934219 0.152003
vt 0.925237 0.149525
vt 0.896331 0.122168
vt 0.900874 0.132905
vt 0.910370 0.140440
vt 0.811781 0.070756
vt 0.804864 0.069619
vt 0.805276 0.061051
vt 0.812194 0.058780
vt 0.811471 0.049695
vt 0.801353 0.052689
vt 0.785146 0.031836
vt 0.791134 0.028223
vt 0.899840 0.119070
vt 0.877129 0.119689
vt 0.891170 0.113289
vt 0.799289 0.016660
vt 0.820763 0.034830
vt 0.839137 0.055064
vt 0.838209 0.043708
vt 0.845952 0.041024
vt 0.851732 0.052172
vt 0.864844 0.046392
vt 0.854521 0.033280
vt 0.868251 0.010156
vt 0.875064 0.020995
vt 0.859373 0.100591
vt 0.870419 0.103275
vt 0.865567 0.115354
vt 0.850804 0.112567
vt 0.888692 0.018312
vt 0.881671 0.039785
vt 0.896848 0.057129
vt 0.895917 0.071169
vt 0.881156 0.067451
vt 0.887143 0.056302
vt 0.911507 0.071169
vt 0.907584 0.052895
vt 0.921521 0.040714
vt 0.924618 0.054753
vt 0.821485 0.105443
vt 0.831292 0.103275
vt 0.934529 0.052793
vt 0.926991 0.070240
vt 0.946091 0.093260
vt 0.932361 0.103482
vt 0.936077 0.090473
vt 0.967460 0.091918
vt 0.794128 0.117831
vt 0.799495 0.112876
vt 0.944956 0.128982
vt 0.943097 0.136001
vt 0.942065 0.150661
vt 0.906241 0.129084
vt 0.904590 0.120207
vt 0.916565 0.134350
vt 0.798359 0.068072
vt 0.799082 0.061773
vt 0.781017 0.036274
vt 0.794643 0.054651
vt 0.898705 0.106888
vt 0.906964 0.109159
vt 0.837589 0.034313
vt 0.843268 0.030804
vt 0.849771 0.021098
vt 0.860405 0.006130
vt 0.862366 0.093055
vt 0.871245 0.094397
vt 0.892615 0.046702
vt 0.899840 0.046702
vt 0.907377 0.042160
vt 0.916565 0.034107
vt 0.824684 0.098010
vt 0.830776 0.096772
vt 0.942375 0.082421
vt 0.949498 0.083763
vt 0.964157 0.082937
vt 0.926166 0.079325
vt 0.934219 0.073956
vt 0.937626 0.080666
vt 0.930398 0.087273
vt 0.922862 0.095119
vt 0.914810 0.082834
vt 0.687588 0.158713
vt 0.676851 0.156854
vt 0.954039 0.120515
vt 0.948465 0.125265
vt 0.944026 0.120826
vt 0.938245 0.115560
vt 0.715151 0.154067
vt 0.882084 0.050728
vt 0.888898 0.043192
vt 0.871968 0.058367
vt 0.643919 0.163152
vt 0.830776 0.041024
vt 0.831601 0.032559
vt 0.825615 0.053722
vt 0.616251 0.169037
vt 0.637982 0.196394
vt 0.800322 0.080873
vt 0.795160 0.076744
vt 0.806412 0.087376
vt 0.585591 0.168934
vt 0.598908 0.176676
vt 0.579706 0.173683
vt 0.578158 0.183800
vt 0.604069 0.197221
vt 0.639014 0.205427
vt 0.602933 0.208886
vt 0.845848 0.163463
vt 0.867321 0.170585
vt 0.862469 0.189891
vt 0.834390 0.184419
vt 0.817871 0.177811
vt 0.817459 0.161294
vt 0.794953 0.178019
vt 0.792372 0.164392
vt 0.779158 0.180392
vt 0.718352 0.194433
vt 0.680773 0.189477
vt 0.681394 0.198665
vt 0.542232 0.204654
vt 0.556685 0.191027
vt 0.576403 0.195878
vt 0.566802 0.209505
vt 0.562259 0.175438
vt 0.564943 0.167901
vt 0.571794 0.166096
vt 0.802283 0.103069
vt 0.791753 0.098319
vt 0.781325 0.122065
vt 0.783493 0.114734
vt 0.935560 0.066214
vt 0.669005 0.156442
vt 0.890239 0.034519
vt 0.638241 0.159952
vt 0.824479 0.024609
vt 0.607372 0.167591
vt 0.603656 0.170999
vt 0.725785 0.150145
vt 0.884768 0.105443
vt 0.894782 0.099352
vt 0.848223 0.095635
vt 0.855036 0.088100
vt 0.845022 0.121444
vt 0.812194 0.105443
vt 0.815910 0.094913
vt 0.969938 0.116386
vt 0.941445 0.053206
vt 0.896022 0.019653
vt 0.807755 0.010259
vt 0.787417 0.091815
vt 0.793507 0.105753
vt 0.951149 0.129808
vt 0.950117 0.136930
vt 0.948155 0.146325
vt 0.921004 0.128878
vt 0.790618 0.055477
vt 0.781120 0.044431
vt 0.910680 0.101829
vt 0.836144 0.025641
vt 0.845642 0.019448
vt 0.853591 0.006646
vt 0.871037 0.089544
vt 0.897570 0.038132
vt 0.904177 0.037719
vt 0.912538 0.031112
vt 0.827678 0.091197
vt 0.949910 0.078086
vt 0.960854 0.078291
vt 0.940104 0.066627
vt 0.942375 0.075091
vt 0.955692 0.124336
vt 0.895299 0.032868
vt 0.828196 0.021616
vt 0.789378 0.074575
vt 0.792681 0.064872
vt 0.963951 0.122581
vt 0.945058 0.057644
vt 0.899531 0.021719
vt 0.815290 0.010363
vt 0.784114 0.086138
vt 0.752523 0.254464
vt 0.730327 0.239702
vt 0.778280 0.263756
vt 0.539030 0.215699
vt 0.828505 0.216423
vt 0.866290 0.226023
vt 0.813535 0.211157
vt 0.719075 0.205583
vt 0.709679 0.224784
vt 0.680568 0.208061
vt 0.852353 0.208369
vt 0.837487 0.197633
vt 0.817356 0.186793
vt 0.786384 0.191646
vt 0.796914 0.188136
vt 0.832325 0.208576
vt 0.815703 0.200008
vt 0.521583 0.209402
vt 0.621310 0.315942
vt 0.626987 0.302108
vt 0.632357 0.304895
vt 0.635866 0.318935
vt 0.816839 0.311192
vt 0.793920 0.310677
vt 0.776681 0.350939
vt 0.776783 0.336280
vt 0.727953 0.382839
vt 0.720726 0.355998
vt 0.748187 0.357855
vt 0.756032 0.379948
vt 0.780499 0.379536
vt 0.659920 0.381290
vt 0.653003 0.426714
vt 0.621000 0.410610
vt 0.628227 0.373857
vt 0.610161 0.508270
vt 0.585899 0.484010
vt 0.591784 0.458305
vt 0.595397 0.420726
vt 0.598391 0.384800
vt 0.603346 0.357959
vt 0.649494 0.292198
vt 0.652075 0.314186
vt 0.663121 0.265460
vt 0.631324 0.268556
vt 0.639092 0.236347
vt 0.678399 0.234386
vt 0.858960 0.323065
vt 0.861851 0.307890
vt 0.800114 0.196910
vt 0.815084 0.399046
vt 0.807238 0.376335
vt 0.820040 0.411539
vt 0.745606 0.346087
vt 0.716700 0.336693
vt 0.639634 0.213790
vt 0.608095 0.217352
vt 0.612483 0.334111
vt 0.594908 0.330730
vt 0.600766 0.315374
vt 0.721861 0.503108
vt 0.736212 0.540067
vt 0.738895 0.298082
vt 0.715358 0.281357
vt 0.768627 0.309850
vt 0.550697 0.252865
vt 0.573099 0.266802
vt 0.716494 0.310367
vt 0.690220 0.287551
vt 0.696362 0.255033
vt 0.864740 0.331736
vt 0.744265 0.327608
vt 0.700285 0.376799
vt 0.685419 0.348668
vt 0.509866 0.281409
vt 0.543806 0.311503
vt 0.777403 0.362191
vt 0.833976 0.346809
vt 0.866806 0.335659
vt 0.876613 0.344641
vt 0.849565 0.361469
vt 0.803211 0.357443
vt 0.609438 0.239753
vt 0.599836 0.270828
vt 0.698428 0.438895
vt 0.732598 0.429811
vt 0.582492 0.308819
vt 0.575060 0.320277
vt 0.595500 0.300249
vt 0.609954 0.304431
vt 0.615838 0.287655
vt 0.633079 0.287139
vt 0.561690 0.337725
vt 0.637311 0.340769
vt 0.687640 0.321516
vt 0.683613 0.565927
vt 0.755207 0.580743
vt 0.830569 0.143950
vt 0.861541 0.160675
vt 0.846570 0.158713
vt 0.826543 0.154481
vt 0.804553 0.159746
vt 0.790204 0.162119
vt 0.580893 0.348977
vt 0.561278 0.279655
vt 0.656617 0.342370
vt 0.572893 0.367612
vt 0.559885 0.418094
vt 0.553793 0.430276
vt 0.535417 0.259678
vt 0.295742 0.016215
vt 0.296662 0.004873
vt 0.148899 0.488830
vt 0.145040 0.509625
vt 0.171290 0.498458
vt 0.201642 0.497651
vt 0.234161 0.486085
vt 0.237850 0.494694
vt 0.594122 0.859385
vt 0.592985 0.877455
vt 0.628832 0.881322
vt 0.677132 0.899648
vt 0.250871 0.530660
vt 0.145412 0.528227
vt 0.146973 0.597581
vt 0.110241 0.490991
vt 0.101560 0.537582
vt 0.106673 0.503610
vt 0.096217 0.610524
vt 0.093234 0.582525
vt 0.046271 0.474229
vt 0.021377 0.485598
vt 0.072950 0.414880
vt 0.659799 0.927941
vt 0.618305 0.905513
vt 0.588286 0.906407
vt 0.569540 0.917033
vt 0.528709 0.941980
vt 0.279441 0.369044
vt 0.270181 0.378704
vt 0.696648 0.968405
vt 0.280108 0.489421
vt 0.258511 0.465178
vt 0.249091 0.446906
vt 0.288560 0.406169
vt 0.289965 0.439647
vt 0.265704 0.429900
vt 0.271424 0.401850
vt 0.250613 0.425349
vt 0.251757 0.409135
vt 0.566957 0.386916
vt 0.281642 0.046462
vt 0.266417 0.079057
vt 0.270709 0.050549
vt 0.829124 0.375561
vt 0.235352 0.044623
vt 0.233923 0.022347
vt 0.887659 0.472242
vt 0.871142 0.472654
vt 0.857204 0.465531
vt 0.883942 0.453659
vt 0.860405 0.497740
vt 0.854418 0.447775
vt 0.878780 0.430638
vt 0.208581 0.050958
vt 0.204495 0.026331
vt 0.848533 0.422378
vt 0.877439 0.413912
vt 0.182117 0.025207
vt 0.186714 0.050549
vt 0.489891 0.289927
vt 0.473992 0.297668
vt 0.087607 0.042917
vt 0.075854 0.023239
vt 0.848223 0.395020
vt 0.882704 0.391613
vt 0.155651 0.022755
vt 0.155548 0.042681
vt 0.135623 0.019996
vt 0.137564 0.038899
vt 0.103539 0.040023
vt 0.109566 0.016215
vt 0.865257 0.378916
vt 0.887040 0.384387
vt 0.883737 0.352281
vt 0.898705 0.358991
vt 0.762743 0.487726
vt 0.700863 0.734034
vt 0.698921 0.762140
vt 0.683844 0.733960
vt 0.662319 0.734340
vt 0.628341 0.731741
vt 0.632102 0.701696
vt 0.657671 0.704609
vt 0.603788 0.726020
vt 0.582439 0.729514
vt 0.708607 0.729695
vt 0.313843 0.461251
vt 0.314686 0.418540
vt 0.390053 0.337102
vt 0.374884 0.296901
vt 0.430796 0.337396
vt 0.425209 0.292964
vt 0.318434 0.705719
vt 0.303111 0.676704
vt 0.432541 0.020643
vt 0.435619 0.040979
vt 0.420501 0.037232
vt 0.421170 0.020643
vt 0.403645 0.015293
vt 0.403108 0.024791
vt 0.375594 0.014668
vt 0.378529 0.010274
vt 0.429465 0.049408
vt 0.417557 0.041113
vt 0.399763 0.029206
vt 0.402445 0.004853
vt 0.400168 0.004997
vt 0.419423 0.007100
vt 0.411422 0.004353
vt 0.426616 0.005649
vt 0.411939 0.043118
vt 0.420234 0.057166
vt 0.397624 0.062652
vt 0.394280 0.051279
vt 0.383174 0.037232
vt 0.393209 0.032016
vt 0.373207 0.018770
vt 0.625228 0.119654
vt 0.628775 0.138020
vt 0.616234 0.131308
vt 0.616362 0.117500
vt 0.600657 0.114335
vt 0.599263 0.121301
vt 0.583389 0.114208
vt 0.585647 0.111864
vt 0.625100 0.147139
vt 0.615094 0.137640
vt 0.597742 0.125227
vt 0.582022 0.133743
vt 0.580686 0.116874
vt 0.587611 0.129660
vt 0.586671 0.148261
vt 0.581209 0.131487
vt 0.594957 0.144099
vt 0.585653 0.146479
vt 0.599263 0.153218
vt 0.590306 0.156053
vt 0.611803 0.139034
vt 0.618769 0.152206
vt 0.594322 0.126748
vt 0.268011 0.206691
vt 0.247236 0.195922
vt 0.255090 0.186928
vt 0.273459 0.197316
vt 0.281059 0.186295
vt 0.270417 0.179074
vt 0.291489 0.167799
vt 0.293030 0.172234
vt 0.241280 0.187182
vt 0.250783 0.181987
vt 0.266110 0.174640
vt 0.250021 0.176287
vt 0.239127 0.179580
vt 0.242674 0.165265
vt 0.253063 0.164632
vt 0.267505 0.164380
vt 0.265603 0.171094
vt 0.289736 0.163366
vt 0.270925 0.157411
vt 0.256735 0.152851
vt 0.244574 0.150445
vt 0.256186 0.727392
vt 0.242414 0.714981
vt 0.252639 0.711060
vt 0.263659 0.722134
vt 0.273561 0.716365
vt 0.266319 0.707561
vt 0.283104 0.702395
vt 0.284290 0.706897
vt 0.240649 0.707815
vt 0.250116 0.706459
vt 0.262560 0.703563
vt 0.250014 0.701924
vt 0.238972 0.699651
vt 0.246430 0.688859
vt 0.254456 0.692790
vt 0.266579 0.694540
vt 0.262952 0.699455
vt 0.282810 0.698350
vt 0.270477 0.689587
vt 0.259480 0.686814
vt 0.250183 0.683214
vt 0.043462 0.668655
vt 0.036388 0.677587
vt 0.020096 0.668798
vt 0.030242 0.658079
vt 0.050967 0.658221
vt 0.042390 0.650646
vt 0.055920 0.641594
vt 0.058469 0.645502
vt 0.015664 0.660794
vt 0.026241 0.654933
vt 0.038533 0.647215
vt 0.025097 0.650074
vt 0.013379 0.653077
vt 0.014806 0.641643
vt 0.024954 0.641356
vt 0.037961 0.638354
vt 0.037532 0.643215
vt 0.054182 0.637570
vt 0.038533 0.633638
vt 0.025241 0.634640
vt 0.014522 0.634926
vt 0.914087 0.119276
vt 0.901596 0.095223
vt 0.862366 0.087015
vt 0.819679 0.090629
vt 0.787881 0.109263
vt 0.701567 0.700240
vt 0.416339 0.632174
vt 0.356945 0.221122
vt 0.405762 0.208265
vt 0.047373 0.353715
vt 0.083419 0.353317
vt 0.017112 0.359246
vt 0.085343 0.271125
vt 0.038246 0.270954
vt 0.010983 0.271268
vt 0.089387 0.318985
vt 0.045957 0.319429
vt 0.014825 0.321032
vt 0.339619 0.646882
vt 0.329991 0.613280
vt 0.368598 0.581453
vt 0.377234 0.608978
vt 0.293053 0.356809
vt 0.210452 0.332812
vt 0.357924 0.518839
vt 0.358640 0.440663
vt 0.149767 0.336340
vt 0.370881 0.483123
vt 0.389927 0.507047
vt 0.424879 0.515050
vt 0.358076 0.387730
vt 0.392744 0.419956
vt 0.428764 0.428737
vt 0.690929 0.703590
vt 0.699594 0.713452
vt 0.702038 0.721337
vt 0.691863 0.717667
vt 0.563369 0.712339
vt 0.563332 0.698120
vt 0.490990 0.712610
vt 0.678560 0.712130
vt 0.091979 0.118902
vt 0.085203 0.120071
vt 0.084853 0.116917
vt 0.090460 0.113996
vt 0.115111 0.129065
vt 0.120718 0.122524
vt 0.120718 0.123576
vt 0.120134 0.131051
vt 0.203632 0.080912
vt 0.211984 0.077933
vt 0.209939 0.081029
vt 0.107516 0.139989
vt 0.105998 0.129649
vt 0.121360 0.142033
vt 0.213444 0.090607
vt 0.207018 0.085467
vt 0.217533 0.080912
vt 0.221973 0.085467
vt 0.092211 0.126145
vt 0.085436 0.127431
vt 0.098638 0.127197
vt 0.096068 0.117034
vt 0.097236 0.115515
vt 0.104246 0.122291
vt 0.123697 0.125854
vt 0.178280 0.070865
vt 0.185057 0.075421
vt 0.179303 0.076385
vt 0.103544 0.124918
vt 0.168790 0.121531
vt 0.175274 0.130468
vt 0.150040 0.134557
vt 0.149836 0.125911
vt 0.140286 0.125503
vt 0.136722 0.134556
vt 0.138474 0.215750
vt 0.144082 0.215633
vt 0.143382 0.221356
vt 0.141044 0.221590
vt 0.129245 0.214580
vt 0.124222 0.216566
vt 0.121593 0.205469
vt 0.135788 0.206403
vt 0.219084 0.159907
vt 0.215461 0.156754
vt 0.224048 0.155352
vt 0.220835 0.161427
vt 0.118556 0.221707
vt 0.118498 0.225796
vt 0.116571 0.223460
vt 0.117213 0.216100
vt 0.125975 0.218904
vt 0.120834 0.221298
vt 0.148989 0.219195
vt 0.158744 0.213996
vt 0.156290 0.218027
vt 0.189702 0.217093
vt 0.185321 0.209032
vt 0.195835 0.209558
vt 0.198054 0.220655
vt 0.178311 0.222058
vt 0.172354 0.216041
vt 0.159386 0.219663
vt 0.170836 0.220655
vt 0.126443 0.217501
vt 0.173756 0.121006
vt 0.197120 0.224044
vt 0.189818 0.223752
vt 0.192097 0.129358
vt 0.204948 0.126263
vt 0.215578 0.132688
vt 0.197354 0.138177
vt 0.190053 0.122057
vt 0.204012 0.118669
vt 0.201995 0.084534
vt 0.205617 0.070164
vt 0.202755 0.069551
vt 0.206084 0.058130
vt 0.210349 0.070309
vt 0.111693 0.120334
vt 0.108481 0.120070
vt 0.110905 0.107337
vt 0.115635 0.118171
vt 0.133218 0.129299
vt 0.150827 0.069462
vt 0.169343 0.072121
vt 0.163794 0.074311
vt 0.149893 0.073317
vt 0.105063 0.119107
vt 0.222587 0.177782
vt 0.215170 0.170538
vt 0.219842 0.168670
vt 0.222237 0.168319
vt 0.129245 0.233273
vt 0.128690 0.223926
vt 0.133276 0.224307
vt 0.136285 0.226410
vt 0.196068 0.174393
vt 0.204481 0.165748
vt 0.203078 0.172173
vt 0.126530 0.224131
vt 0.217215 0.219370
vt 0.214410 0.213647
vt 0.221187 0.215049
vt 0.221887 0.222641
vt 0.210789 0.204535
vt 0.226034 0.207162
vt 0.174691 0.207806
vt 0.163767 0.175971
vt 0.142447 0.174978
vt 0.158802 0.170304
vt 0.159588 0.081029
vt 0.132193 0.079510
vt 0.180383 0.084534
vt 0.193584 0.084299
vt 0.195803 0.077875
vt 0.152961 0.142735
vt 0.177728 0.141449
vt 0.131376 0.073201
vt 0.195803 0.073668
vt 0.093615 0.116566
vt 0.093847 0.114463
vt 0.095950 0.138236
vt 0.218584 0.076588
vt 0.145133 0.206987
vt 0.181671 0.171502
vt 0.180824 0.166624
vt 0.203429 0.162711
vt 0.175742 0.183272
vt 0.181934 0.177899
vt 0.216746 0.161075
vt 0.208687 0.164698
vt 0.220835 0.161659
vt 0.160262 0.206578
vt 0.198491 0.077757
vt 0.113008 0.215515
vt 0.114059 0.205820
vt 0.114759 0.226381
vt 0.113826 0.223050
vt 0.117181 0.070397
vt 0.137891 0.143260
vt 0.086137 0.137945
vt 0.139176 0.185491
vt 0.160438 0.184673
vt 0.217098 0.151846
vt 0.224224 0.152314
vt 0.133801 0.187011
vt 0.126675 0.183505
vt 0.154681 0.107665
vt 0.156784 0.095280
vt 0.178513 0.095515
vt 0.181434 0.105212
vt 0.197557 0.092710
vt 0.200244 0.098785
vt 0.122030 0.091016
vt 0.119284 0.101882
vt 0.090662 0.083832
vt 0.085522 0.092945
vt 0.100709 0.073319
vt 0.091512 0.174628
vt 0.099338 0.171239
vt 0.112657 0.183505
vt 0.102260 0.187828
vt 0.118615 0.175211
vt 0.160087 0.153366
vt 0.129304 0.157278
vt 0.175391 0.151788
vt 0.205883 0.152664
vt 0.097936 0.166098
vt 0.091277 0.159673
vt 0.108654 0.072032
vt 0.210673 0.121822
vt 0.211256 0.113879
vt 0.218850 0.124626
vt 0.220221 0.078926
vt 0.194551 0.177547
vt 0.755747 0.596915
vt 0.745633 0.597222
vt 0.739879 0.591861
vt 0.752750 0.589941
vt 0.788406 0.597009
vt 0.786550 0.587548
vt 0.806594 0.588924
vt 0.807481 0.599293
vt 0.749754 0.612752
vt 0.737272 0.606577
vt 0.741011 0.603648
vt 0.752814 0.609095
vt 0.803644 0.627949
vt 0.783560 0.624222
vt 0.785333 0.620405
vt 0.805510 0.621314
vt 0.736326 0.592681
vt 0.738525 0.597220
vt 0.734835 0.605672
vt 0.738128 0.602023
vt 0.756644 0.603465
vt 0.745338 0.600737
vt 0.788868 0.606072
vt 0.807577 0.608694
vt 0.756240 0.604980
vt 0.745871 0.602399
vt 0.787958 0.612150
vt 0.806791 0.614661
vt 0.770231 0.597693
vt 0.767792 0.589858
vt 0.765518 0.619154
vt 0.768104 0.615599
vt 0.770665 0.605815
vt 0.770749 0.610281
vt 0.826363 0.598574
vt 0.825086 0.587546
vt 0.826707 0.619909
vt 0.826287 0.625418
vt 0.827236 0.607590
vt 0.827040 0.613458
vt 0.840506 0.597226
vt 0.841184 0.587497
vt 0.844095 0.616380
vt 0.843875 0.622951
vt 0.843185 0.604953
vt 0.842398 0.610918
vt 0.509874 0.231491
vt 0.511308 0.267884
vt 0.467872 0.270851
vt 0.465189 0.230243
vt 0.436533 0.268589
vt 0.434386 0.222368
vt 0.431411 0.145335
vt 0.462920 0.160473
vt 0.431300 0.113039
vt 0.465602 0.123665
vt 0.430194 0.091119
vt 0.465812 0.095872
vt 0.510545 0.169326
vt 0.507116 0.134155
vt 0.505737 0.098525
vt 0.924856 0.242006
vt 0.938026 0.183112
vt 0.964031 0.196283
vt 0.957190 0.244738
vt 0.958942 0.297893
vt 0.991851 0.298833
vt 0.994989 0.340663
vt 0.954021 0.340293
vt 0.986513 0.160133
vt 0.987029 0.183098
vt 0.958620 0.174695
vt 0.908148 0.236320
vt 0.907461 0.184647
vt 0.923153 0.341495
vt 0.910060 0.338902
vt 0.908886 0.293085
vt 0.923411 0.295699
vt 0.921669 0.162199
vt 0.988838 0.235798
vt 0.328859 0.820763
vt 0.332090 0.785389
vt 0.379771 0.782417
vt 0.378066 0.818533
vt 0.159638 0.774422
vt 0.174459 0.806521
vt 0.151195 0.811950
vt 0.126120 0.776911
vt 0.243429 0.813511
vt 0.200612 0.809447
vt 0.196430 0.773669
vt 0.251633 0.779276
vt 0.284492 0.815055
vt 0.291365 0.781968
vt 0.094204 0.782069
vt 0.128239 0.815726
vt 0.111457 0.816358
vt 0.069137 0.782648
vt 0.049698 0.739443
vt 0.085805 0.734993
vt 0.381302 0.741940
vt 0.330632 0.740370
vt 0.289167 0.737539
vt 0.130345 0.735370
vt 0.186244 0.732168
vt 0.252279 0.736663
vt 0.010676 0.751250
vt 0.377414 0.845059
vt 0.327599 0.842527
vt 0.159648 0.840873
vt 0.180438 0.837939
vt 0.201203 0.837684
vt 0.248650 0.839569
vt 0.285659 0.841512
vt 0.130473 0.846074
vt 0.142538 0.846427
vt 0.574908 0.039560
vt 0.604606 0.045050
vt 0.588379 0.077061
vt 0.565358 0.073268
vt 0.548363 0.028949
vt 0.546077 0.060282
vt 0.521459 0.057293
vt 0.517114 0.029944
vt 0.483705 0.030949
vt 0.489944 0.051663
vt 0.468636 0.052349
vt 0.462550 0.035788
vt 0.650191 0.047782
vt 0.715108 0.049923
vt 0.709315 0.078231
vt 0.642039 0.076111
vt 0.758923 0.048760
vt 0.757925 0.078095
vt 0.616249 0.009210
vt 0.654634 0.009405
vt 0.475551 0.006513
vt 0.511516 0.004981
vt 0.552925 0.008266
vt 0.590391 0.008204
vt 0.448700 0.012626
vt 0.717268 0.007202
vt 0.761869 0.007715
vt 0.565929 0.097605
vt 0.580223 0.103749
vt 0.533633 0.090212
vt 0.466502 0.078930
vt 0.492587 0.079058
vt 0.519697 0.084764
vt 0.550182 0.096682
vt 0.664880 0.105508
vt 0.733709 0.106609
vt 0.605395 0.103603
vt 0.757072 0.106144
vt 0.701495 0.107614
vt 0.629366 0.103464
vt 0.646950 0.942022
vt 0.649117 0.949655
vt 0.637727 0.955589
vt 0.635016 0.948627
vt 0.595075 0.967576
vt 0.582667 0.969574
vt 0.583298 0.958995
vt 0.592886 0.957046
vt 0.564312 0.969815
vt 0.566708 0.958931
vt 0.625157 0.937586
vt 0.619103 0.946024
vt 0.605923 0.945283
vt 0.614664 0.932308
vt 0.535821 0.953962
vt 0.544373 0.945068
vt 0.550031 0.950142
vt 0.548961 0.956094
vt 0.619884 0.956482
vt 0.604676 0.958645
vt 0.592571 0.952147
vt 0.565875 0.947561
vt 0.579715 0.948170
vt 0.856436 0.753654
vt 0.865486 0.767384
vt 0.852847 0.768031
vt 0.848519 0.760550
vt 0.826283 0.766120
vt 0.833761 0.763560
vt 0.833734 0.768253
vt 0.829979 0.773036
vt 0.901359 0.682378
vt 0.896300 0.693545
vt 0.882805 0.686214
vt 0.887189 0.680287
vt 0.912264 0.914696
vt 0.909162 0.905170
vt 0.918683 0.906093
vt 0.902486 0.913378
vt 0.904490 0.922403
vt 0.923138 0.916515
vt 0.922114 0.920902
vt 0.841607 0.770680
vt 0.848009 0.777164
vt 0.839895 0.777940
vt 0.838832 0.770949
vt 0.610997 0.970729
vt 0.614527 0.987359
vt 0.598234 0.989576
vt 0.898599 0.746440
vt 0.905149 0.735779
vt 0.919739 0.749090
vt 0.919178 0.771092
vt 0.852812 0.773545
vt 0.865026 0.776626
vt 0.922043 0.910528
vt 0.838856 0.755556
vt 0.840943 0.763159
vt 0.836012 0.760605
vt 0.819307 0.771546
vt 0.822151 0.783176
vt 0.843586 0.769459
vt 0.842798 0.765948
vt 0.825318 0.758563
vt 0.880937 0.683545
vt 0.875383 0.690061
vt 0.875384 0.685060
vt 0.862667 0.687345
vt 0.861624 0.693375
vt 0.840752 0.693015
vt 0.839104 0.688544
vt 0.889680 0.626079
vt 0.885574 0.628749
vt 0.880150 0.615278
vt 0.884729 0.615717
vt 0.891111 0.642780
vt 0.894244 0.622920
vt 0.897794 0.643475
vt 0.887028 0.646242
vt 0.889319 0.667865
vt 0.886357 0.666161
vt 0.881329 0.666399
vt 0.885773 0.678893
vt 0.880033 0.676972
vt 0.853118 0.557589
vt 0.882468 0.547166
vt 0.887299 0.559246
vt 0.866655 0.572451
vt 0.787692 0.685341
vt 0.794160 0.673164
vt 0.807255 0.680254
vt 0.800412 0.693495
vt 0.860367 0.713901
vt 0.836104 0.709087
vt 0.771243 0.711423
vt 0.763427 0.703057
vt 0.775001 0.699658
vt 0.780186 0.706360
vt 0.773942 0.684895
vt 0.783172 0.692183
vt 0.774113 0.695952
vt 0.885589 0.755089
vt 0.910182 0.792034
vt 0.879873 0.780365
vt 0.876876 0.764510
vt 0.826840 0.754848
vt 0.842034 0.748781
vt 0.935369 0.899294
vt 0.931395 0.891795
vt 0.930462 0.885095
vt 0.777053 0.678329
vt 0.793839 0.712636
vt 0.790818 0.699949
vt 0.816337 0.701553
vt 0.916749 0.924879
vt 0.894542 0.723808
vt 0.869475 0.733818
vt 0.818002 0.760288
vt 0.888744 0.809500
vt 0.875190 0.793207
vt 0.807849 0.764534
vt 0.807590 0.778099
vt 0.809835 0.793130
vt 0.813548 0.722977
vt 0.797785 0.736167
vt 0.781563 0.721255
vt 0.833140 0.734277
vt 0.807946 0.752778
vt 0.762843 0.697865
vt 0.871929 0.672442
vt 0.876279 0.676756
vt 0.917810 0.566487
vt 0.916041 0.576527
vt 0.837496 0.675787
vt 0.784204 0.663834
vt 0.796221 0.669268
vt 0.784238 0.668046
vt 0.777016 0.662763
vt 0.807879 0.677648
vt 0.826309 0.686489
vt 0.824255 0.688312
vt 0.939252 0.578611
vt 0.938692 0.567168
vt 0.812053 0.668952
vt 0.543368 0.967019
vt 0.530407 0.963050
vt 0.522086 0.955181
vt 0.528267 0.949027
vt 0.928704 0.806833
vt 0.945615 0.820611
vt 0.936190 0.843298
vt 0.910078 0.828728
vt 0.645792 0.932597
vt 0.517475 0.970691
vt 0.582800 0.992286
vt 0.560855 0.995716
vt 0.878043 0.969835
vt 0.908582 0.948758
vt 0.922684 0.957070
vt 0.920109 0.971632
vt 0.529867 0.987292
vt 0.890491 0.859469
vt 0.895873 0.866138
vt 0.883766 0.890303
vt 0.858887 0.895721
vt 0.911541 0.853876
vt 0.915124 0.863461
vt 0.928770 0.862571
vt 0.923725 0.868904
vt 0.964258 0.921308
vt 0.968641 0.939801
vt 0.954382 0.934244
vt 0.626819 0.979968
vt 0.623427 0.969694
vt 0.641711 0.968560
vt 0.976134 0.889561
vt 0.978048 0.914763
vt 0.967893 0.906569
vt 0.953752 0.892582
vt 0.650148 0.959854
vt 0.534959 0.948082
vt 0.850292 0.862596
vt 0.881290 0.845964
vt 0.945118 0.880428
vt 0.967631 0.860654
vt 0.653914 0.935886
vt 0.662001 0.936948
vt 0.665024 0.944174
vt 0.882481 0.647027
vt 0.825728 0.796783
vt 0.819223 0.821536
vt 0.791544 0.659673
vt 0.921574 0.987056
vt 0.885056 0.991486
vt 0.997357 0.923896
vt 0.981078 0.949769
vt 0.999209 0.896807
vt 0.948604 0.728478
vt 0.958353 0.692934
vt 0.978551 0.702510
vt 0.970771 0.733691
vt 0.991670 0.865761
vt 0.929382 0.706184
vt 0.942827 0.667101
vt 0.972987 0.659817
vt 0.987290 0.663521
vt 0.843582 0.788421
vt 0.848170 0.797763
vt 0.828887 0.786927
vt 0.833709 0.776420
vt 0.835946 0.770108
vt 0.909619 0.925347
vt 0.921985 0.719790
vt 0.907956 0.711366
vt 0.914926 0.700756
vt 0.887017 0.704444
vt 0.950190 0.783683
vt 0.950626 0.760762
vt 0.966505 0.763536
vt 0.967585 0.789582
vt 0.863922 0.747803
vt 0.870231 0.743087
vt 0.819349 0.876269
vt 0.830710 0.909311
vt 0.755897 0.705436
vt 0.762749 0.717586
vt 0.872415 0.590796
vt 0.879748 0.586693
vt 0.882546 0.600939
vt 0.877424 0.600190
vt 0.843648 0.838672
vt 0.806857 0.851302
vt 0.798571 0.827848
vt 0.773905 0.726926
vt 0.790302 0.745357
vt 0.796725 0.782348
vt 0.795352 0.801844
vt 0.797476 0.759281
vt 0.778915 0.659862
vt 0.868957 0.934484
vt 0.839412 0.944323
vt 0.862376 0.607555
vt 0.869041 0.612882
vt 0.846287 0.973746
vt 0.852741 0.995025
vt 0.980427 0.632924
vt 0.998908 0.632382
vt 0.799749 0.770092
vt 0.862003 0.785128
vt 0.857490 0.813264
vt 0.903238 0.622924
vt 0.911937 0.635787
vt 0.906342 0.594585
vt 0.900932 0.604409
vt 0.892680 0.602333
vt 0.891862 0.586347
vt 0.923858 0.670387
vt 0.943404 0.628025
vt 0.958814 0.636131
vt 0.881264 0.537546
vt 0.866003 0.538513
vt 0.882490 0.523451
vt 0.900332 0.664579
vt 0.918230 0.653356
vt 0.857453 0.518041
vt 0.876148 0.500381
vt 0.887824 0.508435
vt 0.929688 0.618053
vt 0.869879 0.632923
vt 0.882519 0.631788
vt 0.865282 0.638093
vt 0.910093 0.611750
vt 0.890181 0.616019
vt 0.769742 0.673126
vt 0.887911 0.602937
vt 0.885814 0.586948
vt 0.757062 0.696741
vt 0.876332 0.625544
vt 0.873009 0.826964
vt 0.932649 0.730788
vt 0.841935 0.742611
vt 0.974522 0.832017
vt 0.891694 0.929311
vt 0.567089 0.938623
vt 0.921825 0.901355
vt 0.923496 0.891682
vt 0.760838 0.688614
vt 0.764521 0.690632
vt 0.939718 0.780133
vt 0.937824 0.756871
vt 0.766513 0.679877
vt 0.843036 0.533092
vt 0.819865 0.752042
vt 0.914375 0.600690
vt 0.858847 0.627914
vt 0.857981 0.635980
vt 0.842516 0.555716
vt 0.824962 0.558622
vt 0.847136 0.574757
vt 0.831619 0.576944
vt 0.152660 0.939805
vt 0.155054 0.906672
vt 0.182574 0.938337
vt 0.046775 0.912655
vt 0.050361 0.953979
vt 0.009066 0.958988
vt 0.009669 0.914308
vt 0.221840 0.908107
vt 0.248062 0.940581
vt 0.210488 0.942048
vt 0.192099 0.908307
vt 0.106201 0.945435
vt 0.099451 0.907619
vt 0.352917 0.940328
vt 0.384745 0.969091
vt 0.367968 0.971410
vt 0.326666 0.939800
vt 0.106419 0.969833
vt 0.045445 0.973230
vt 0.287094 0.914202
vt 0.297451 0.946502
vt 0.253688 0.910148
vt 0.186973 0.964026
vt 0.150745 0.968193
vt 0.008695 0.977943
vt 0.226542 0.967559
vt 0.262663 0.971578
vt 0.301491 0.903693
vt 0.317828 0.974256
vt 0.210984 0.966900
vt 0.422052 0.997293
vt 0.394673 0.993835
vt 0.107568 0.992828
vt 0.037721 0.996479
vt 0.194874 0.993142
vt 0.154566 0.992718
vt 0.008321 0.998815
vt 0.270102 0.995637
vt 0.228608 0.993351
vt 0.332574 0.992552
vt 0.211302 0.993244
vt 0.210541 0.884833
vt 0.235858 0.885964
vt 0.261886 0.883001
vt 0.277370 0.883443
vt 0.097487 0.885605
vt 0.150892 0.884069
vt 0.039724 0.885951
vt 0.184824 0.884265
vt 0.010507 0.885342
vt 0.515843 0.559522
vt 0.517187 0.521781
vt 0.539424 0.526270
vt 0.538721 0.560282
vt 0.482232 0.559659
vt 0.486605 0.518528
vt 0.508394 0.425216
vt 0.514514 0.468840
vt 0.485453 0.460933
vt 0.477952 0.425147
vt 0.504845 0.379226
vt 0.477989 0.382908
vt 0.530133 0.427650
vt 0.534606 0.472955
vt 0.527665 0.379958
vt 0.451691 0.512503
vt 0.454315 0.561601
vt 0.453778 0.418103
vt 0.453744 0.379958
vt 0.453805 0.452284
vt 0.966014 0.358700
vt 0.962871 0.398551
vt 0.913968 0.396574
vt 0.918168 0.364297
vt 0.957372 0.450561
vt 0.909469 0.448349
vt 0.951078 0.488500
vt 0.908714 0.477817
vt 0.993367 0.360267
vt 0.988325 0.397851
vt 0.985055 0.452668
vt 0.983645 0.482631
vt 0.944814 0.524801
vt 0.905319 0.502639
vt 0.985884 0.523009
vt 0.953667 0.160323
vt 0.957578 0.160133
vt 0.214666 0.462928
vt 0.232314 0.460676
vt 0.234481 0.473461
vt 0.216861 0.478409
vt 0.214026 0.442167
vt 0.231647 0.442334
vt 0.215055 0.421406
vt 0.232647 0.423990
vt 0.217528 0.406036
vt 0.235037 0.411206
vt 0.191070 0.464846
vt 0.191737 0.482243
vt 0.190847 0.441945
vt 0.191514 0.419072
vt 0.192516 0.401645
vt 0.167419 0.464262
vt 0.166390 0.481132
vt 0.167668 0.441723
vt 0.167863 0.419182
vt 0.167168 0.402257
vt 0.149659 0.462956
vt 0.148324 0.478131
vt 0.150048 0.441556
vt 0.150048 0.420156
vt 0.148993 0.404869
s 1
f 3/1/1 2/2/2 1/3/3
f 1/3/3 4/4/4 3/1/1
f 6/5/5 5/6/6 2/2/2
f 2/2/2 3/1/1 6/5/5
f 6/5/5 8/7/7 7/8/8
f 7/8/8 5/6/6 6/5/5
f 9/9/9 3/1/1 4/4/4
f 4/4/4 10/10/10 9/9/9
f 6/5/5 3/1/1 9/9/9
f 9/9/9 11/11/11 6/5/5
f 11/11/11 8/7/7 6/5/5
f 14/12/12 13/13/13 12/14/14
f 15/15/15 14/12/12 12/14/14
f 12/14/14 16/16/16 15/15/15
f 15/15/15 16/16/16 17/17/17
f 17/17/17 18/18/18 15/15/15
f 20/19/19 19/20/20 17/17/17
f 17/17/17 16/16/16 20/19/19
f 16/16/16 12/14/14 21/21/21
f 21/21/21 20/19/19 16/16/16
f 12/14/14 13/13/13 8/7/7
f 8/7/7 21/21/21 12/14/14
f 9/9/9 10/10/10 19/20/20
f 19/20/20 20/19/19 9/9/9
f 9/9/9 20/19/19 21/21/21
f 21/21/21 11/11/11 9/9/9
f 8/7/7 11/11/11 21/21/21
f 24/22/22 23/23/23 22/24/24
f 22/24/24 25/25/25 24/22/22
f 27/26/26 26/27/27 23/23/23
f 23/23/23 24/22/22 27/26/26
f 27/26/26 29/28/28 28/29/29
f 28/29/29 26/27/27 27/26/26
f 30/30/30 24/22/22 25/25/25
f 25/25/25 31/31/31 30/30/30
f 27/26/26 24/22/22 30/30/30
f 30/30/30 32/32/32 27/26/26
f 32/32/32 29/28/28 27/26/26
f 35/33/33 34/34/34 33/35/35
f 36/36/36 35/33/33 33/35/35
f 33/35/35 37/37/37 36/36/36
f 37/37/37 39/38/38 38/39/39
f 38/39/39 36/36/36 37/37/37
f 41/40/40 40/41/41 39/38/38
f 39/38/38 37/37/37 41/40/40
f 37/37/37 33/35/35 42/42/42
f 42/42/42 41/40/40 37/37/37
f 33/35/35 34/34/34 29/28/28
f 29/28/28 42/42/42 33/35/35
f 31/31/31 40/41/41 41/40/40
f 41/40/40 30/30/30 31/31/31
f 30/30/30 41/40/40 42/42/42
f 42/42/42 32/32/32 30/30/30
f 29/28/28 32/32/32 42/42/42
f 45/43/43 44/44/44 43/45/45
f 43/45/45 46/46/46 45/43/43
f 48/47/47 47/48/48 44/44/44
f 44/44/44 45/43/43 48/47/47
f 48/47/47 50/49/49 49/50/50
f 49/50/50 47/48/48 48/47/47
f 51/51/51 45/43/43 46/46/46
f 46/46/46 52/52/52 51/51/51
f 48/47/47 45/43/43 51/51/51
f 51/51/51 53/53/53 48/47/47
f 53/53/53 50/49/49 48/47/47
f 56/54/54 55/55/55 54/56/56
f 57/57/57 56/54/54 54/56/56
f 54/56/56 58/58/58 57/57/57
f 57/57/57 58/58/58 59/59/59
f 59/59/59 60/60/60 57/57/57
f 62/61/61 61/62/62 59/59/59
f 59/59/59 58/58/58 62/61/61
f 58/58/58 54/56/56 63/63/63
f 63/63/63 62/61/61 58/58/58
f 54/56/56 55/55/55 50/49/49
f 50/49/49 63/63/63 54/56/56
f 51/51/51 52/52/52 61/62/62
f 61/62/62 62/61/61 51/51/51
f 51/51/51 62/61/61 63/63/63
f 63/63/63 53/53/53 51/51/51
f 50/49/49 53/53/53 63/63/63
f 66/64/64 65/65/65 64/66/66
f 64/66/66 67/67/67 66/64/64
f 69/68/68 68/69/69 65/65/65
f 65/65/65 66/64/64 69/68/68
f 69/68/68 71/70/70 70/71/71
f 70/71/71 68/69/69 69/68/68
f 72/72/72 66/64/64 67/67/67
f 67/67/67 73/73/73 72/72/72
f 69/68/68 66/64/64 72/72/72
f 72/72/72 74/74/74 69/68/68
f 74/74/74 71/70/70 69/68/68
f 77/75/75 76/76/76 75/77/77
f 78/78/78 77/75/75 75/77/77
f 75/77/77 79/79/79 78/78/78
f 79/79/79 81/80/80 80/81/81
f 80/81/81 78/78/78 79/79/79
f 83/82/82 82/83/83 81/80/80
f 81/80/80 79/79/79 83/82/82
f 79/79/79 75/77/77 84/84/84
f 84/84/84 83/82/82 79/79/79
f 75/77/77 76/76/76 71/70/70
f 71/70/70 84/84/84 75/77/77
f 72/72/72 73/73/73 82/83/83
f 82/83/83 83/82/82 72/72/72
f 72/72/72 83/82/82 84/84/84
f 84/84/84 74/74/74 72/72/72
f 71/70/70 74/74/74 84/84/84
f 87/85/85 86/86/86 85/87/87
f 85/87/87 88/88/88 87/85/85
f 90/89/89 89/90/90 86/86/86
f 86/86/86 87/85/85 90/89/89
f 90/89/89 92/91/91 91/92/92
f 91/92/92 89/90/90 90/89/89
f 93/93/93 87/85/85 88/88/88
f 88/88/88 94/94/94 93/93/93
f 90/89/89 87/85/85 93/93/93
f 93/93/93 95/95/95 90/89/89
f 95/95/95 92/91/91 90/89/89
f 98/96/96 97/97/97 96/98/98
f 99/99/99 98/96/96 96/98/98
f 96/98/98 100/100/100 99/99/99
f 99/99/99 100/100/100 101/101/101
f 101/101/101 102/102/102 99/99/99
f 104/103/103 103/104/104 101/101/101
f 101/101/101 100/100/100 104/103/103
f 100/100/100 96/98/98 105/105/105
f 105/105/105 104/103/103 100/100/100
f 96/98/98 97/97/97 92/91/91
f 92/91/91 105/105/105 96/98/98
f 93/93/93 94/94/94 103/104/104
f 103/104/104 104/103/103 93/93/93
f 93/93/93 104/103/103 105/105/105
f 105/105/105 95/95/95 93/93/93
f 92/91/91 95/95/95 105/105/105
f 108/106/106 107/107/107 106/108/108
f 106/108/108 109/109/109 108/106/106
f 112/110/110 111/111/111 110/112/112
f 110/112/112 113/113/113 112/110/110
f 116/114/114 115/115/115 114/116/116
f 119/117/117 118/118/118 117/119/119
f 117/119/119 120/120/120 119/117/117
f 123/121/121 122/122/122 121/123/123
f 113/113/113 125/124/124 124/125/125
f 124/125/125 112/110/110 113/113/113
f 128/126/126 127/127/127 126/128/128
f 126/128/128 129/129/129 128/126/126
f 132/130/130 131/131/131 130/132/132
f 130/132/132 133/133/133 132/130/130
f 136/134/134 135/135/135 134/136/136
f 134/136/136 137/137/137 136/134/134
f 140/138/138 139/139/139 138/140/140
f 138/140/140 141/141/141 140/138/138
f 144/142/142 143/143/143 142/144/144
f 142/144/144 145/145/145 144/142/142
f 148/146/146 147/147/147 146/148/148
f 146/148/148 149/149/149 148/146/146
f 152/150/150 151/151/151 150/152/152
f 150/152/152 153/153/153 152/150/150
f 156/154/154 155/155/155 154/156/156
f 154/156/156 157/157/157 156/154/154
f 145/145/145 142/144/144 158/158/158
f 158/158/158 159/159/159 145/145/145
f 162/160/160 161/161/161 160/162/162
f 160/162/162 163/163/163 162/160/160
f 166/164/164 165/165/165 164/166/166
f 164/166/166 167/167/167 166/164/164
f 169/168/168 168/169/169 143/143/143
f 143/143/143 144/142/142 169/168/168
f 172/170/170 171/171/171 170/172/172
f 170/172/172 173/173/173 172/170/170
f 174/174/174 140/138/138 141/141/141
f 175/175/175 174/174/174 141/141/141
f 141/141/141 176/176/176 175/175/175
f 178/177/177 177/178/178 137/137/137
f 137/137/137 179/179/179 178/177/177
f 137/137/137 159/159/159 136/134/134
f 171/171/171 165/165/165 166/164/164
f 166/164/164 180/180/180 171/171/171
f 144/142/142 141/141/141 138/140/140
f 138/140/140 169/168/168 144/142/142
f 165/165/165 171/171/171 172/170/170
f 172/170/170 181/181/181 165/165/165
f 141/141/141 144/142/142 145/145/145
f 145/145/145 176/176/176 141/141/141
f 182/182/182 146/148/148 147/147/147
f 145/145/145 177/178/178 176/176/176
f 184/183/183 150/152/152 183/184/184
f 177/178/178 145/145/145 159/159/159
f 159/159/159 137/137/137 177/178/178
f 186/185/185 185/186/186 166/164/164
f 166/164/164 187/187/187 186/185/185
f 134/136/136 135/135/135 188/188/188
f 188/188/188 189/189/189 134/136/136
f 161/161/161 191/190/190 190/191/191
f 190/191/191 192/192/192 161/161/161
f 170/172/172 194/193/193 193/194/194
f 193/194/194 195/195/195 170/172/172
f 195/195/195 196/196/196 173/173/173
f 173/173/173 170/172/172 195/195/195
f 140/138/138 174/174/174 197/197/197
f 197/197/197 198/198/198 140/138/138
f 198/198/198 199/199/199 139/139/139
f 139/139/139 140/138/138 198/198/198
f 202/200/200 201/201/201 200/202/202
f 200/202/202 203/203/203 202/200/200
f 206/204/204 205/205/205 204/206/206
f 204/206/206 207/207/207 206/204/204
f 209/208/208 208/209/209 174/174/174
f 174/174/174 175/175/175 209/208/208
f 205/205/205 206/204/204 210/210/210
f 210/210/210 211/211/211 205/205/205
f 152/150/150 153/153/153 212/212/212
f 212/212/212 213/213/213 152/150/150
f 216/214/214 215/215/215 214/216/216
f 214/216/216 217/217/217 216/214/214
f 220/218/218 219/219/219 218/220/220
f 218/220/220 221/221/221 220/218/218
f 215/215/215 216/214/214 222/222/222
f 222/222/222 223/223/223 215/215/215
f 225/224/224 224/225/225 156/154/154
f 156/154/154 157/157/157 225/224/224
f 228/226/226 227/227/227 226/228/228
f 226/228/228 229/229/229 228/226/226
f 179/179/179 231/230/230 230/231/231
f 230/231/231 178/177/177 179/179/179
f 227/227/227 228/226/226 232/232/232
f 232/232/232 233/233/233 227/227/227
f 235/234/234 234/235/235 161/161/161
f 161/161/161 162/160/160 235/234/234
f 191/190/190 161/161/161 234/235/235
f 234/235/235 236/236/236 191/190/190
f 237/237/237 189/189/189 188/188/188
f 188/188/188 238/238/238 237/237/237
f 195/195/195 193/194/194 239/239/239
f 239/239/239 240/240/240 195/195/195
f 240/240/240 241/241/241 196/196/196
f 196/196/196 195/195/195 240/240/240
f 243/242/242 242/243/243 198/198/198
f 198/198/198 197/197/197 243/242/242
f 244/244/244 199/199/199 198/198/198
f 198/198/198 242/243/243 244/244/244
f 245/245/245 203/203/203 200/202/202
f 200/202/202 246/246/246 245/245/245
f 248/247/247 247/248/248 207/207/207
f 207/207/207 204/206/206 248/247/247
f 249/249/249 208/209/209 209/208/208
f 209/208/208 250/250/250 249/249/249
f 251/251/251 213/213/213 212/212/212
f 212/212/212 252/252/252 251/251/251
f 253/253/253 217/217/217 214/216/216
f 214/216/216 254/254/254 253/253/253
f 255/255/255 218/220/220 219/219/219
f 219/219/219 256/256/256 255/255/255
f 257/257/257 224/225/225 225/224/224
f 225/224/224 258/258/258 257/257/257
f 259/259/259 229/229/229 226/228/228
f 226/228/228 260/260/260 259/259/259
f 231/230/230 262/261/261 261/262/262
f 261/262/262 230/231/231 231/230/230
f 263/263/263 234/235/235 235/234/234
f 235/234/234 264/264/264 263/263/263
f 265/265/265 236/236/236 234/235/235
f 234/235/235 263/263/263 265/265/265
f 268/266/266 267/267/267 266/268/268
f 266/268/268 269/269/269 268/266/266
f 268/266/266 271/270/270 270/271/271
f 270/271/271 267/267/267 268/266/266
f 270/271/271 271/270/270 186/185/185
f 186/185/185 272/272/272 270/271/271
f 274/273/273 192/192/192 273/274/274
f 273/274/274 275/275/275 274/273/273
f 274/273/273 276/276/276 161/161/161
f 161/161/161 192/192/192 274/273/273
f 160/162/162 161/161/161 276/276/276
f 276/276/276 277/277/277 160/162/162
f 185/186/186 180/180/180 166/164/164
f 225/224/224 279/278/278 278/279/279
f 278/279/279 258/258/258 225/224/224
f 225/224/224 157/157/157 280/280/280
f 280/280/280 279/278/278 225/224/224
f 280/280/280 157/157/157 154/156/156
f 154/156/156 281/281/281 280/280/280
f 183/184/184 154/156/156 184/183/183
f 212/212/212 283/282/282 282/283/283
f 282/283/283 252/252/252 212/212/212
f 212/212/212 153/153/153 284/284/284
f 284/284/284 283/282/282 212/212/212
f 284/284/284 153/153/153 150/152/152
f 150/152/152 285/285/285 284/284/284
f 184/183/183 287/286/286 286/287/287
f 286/287/287 182/182/182 184/183/183
f 288/288/288 246/246/246 200/202/202
f 200/202/202 289/289/289 288/288/288
f 290/290/290 289/289/289 200/202/202
f 200/202/202 201/201/201 290/290/290
f 291/291/291 290/290/290 201/201/201
f 201/201/201 146/148/148 291/291/291
f 291/291/291 146/148/148 182/182/182
f 182/182/182 292/292/292 291/291/291
f 182/182/182 286/287/287 293/293/293
f 293/293/293 292/292/292 182/182/182
f 296/294/294 295/295/295 294/296/296
f 294/296/296 298/297/297 297/298/298
f 296/294/294 294/296/296 297/298/298
f 300/299/299 299/300/300 167/167/167
f 167/167/167 301/301/301 300/299/299
f 169/168/168 292/292/292 293/293/293
f 293/293/293 168/169/169 169/168/168
f 292/292/292 169/168/168 138/140/140
f 138/140/140 291/291/291 292/292/292
f 291/291/291 138/140/140 139/139/139
f 139/139/139 290/290/290 291/291/291
f 290/290/290 139/139/139 199/199/199
f 199/199/199 289/289/289 290/290/290
f 303/302/302 158/158/158 302/303/303
f 302/303/303 304/304/304 303/302/302
f 159/159/159 158/158/158 303/302/302
f 303/302/302 305/305/305 159/159/159
f 159/159/159 305/305/305 306/306/306
f 306/306/306 136/134/134 159/159/159
f 136/134/134 306/306/306 307/307/307
f 307/307/307 135/135/135 136/134/134
f 135/135/135 307/307/307 308/308/308
f 308/308/308 188/188/188 135/135/135
f 188/188/188 308/308/308 309/309/309
f 309/309/309 238/238/238 188/188/188
f 267/267/267 233/233/233 310/310/310
f 310/310/310 266/268/268 267/267/267
f 227/227/227 233/233/233 267/267/267
f 267/267/267 270/271/271 227/227/227
f 270/271/271 272/272/272 311/311/311
f 311/311/311 227/227/227 270/271/271
f 311/311/311 155/155/155 156/154/154
f 156/154/154 227/227/227 311/311/311
f 227/227/227 156/154/154 224/225/225
f 224/225/225 226/228/228 227/227/227
f 224/225/225 257/257/257 260/260/260
f 260/260/260 226/228/228 224/225/225
f 279/278/278 223/223/223 312/312/312
f 312/312/312 278/279/279 279/278/278
f 215/215/215 223/223/223 279/278/278
f 279/278/278 280/280/280 215/215/215
f 280/280/280 281/281/281 313/313/313
f 313/313/313 215/215/215 280/280/280
f 313/313/313 151/151/151 152/150/150
f 152/150/150 215/215/215 313/313/313
f 215/215/215 152/150/150 213/213/213
f 213/213/213 214/216/216 215/215/215
f 213/213/213 251/251/251 254/254/254
f 254/254/254 214/216/216 213/213/213
f 283/282/282 211/211/211 314/314/314
f 314/314/314 282/283/283 283/282/282
f 205/205/205 211/211/211 283/282/282
f 283/282/282 284/284/284 205/205/205
f 284/284/284 285/285/285 148/146/146
f 148/146/146 205/205/205 284/284/284
f 148/146/146 149/149/149 202/200/200
f 202/200/200 205/205/205 148/146/146
f 205/205/205 202/200/200 203/203/203
f 203/203/203 204/206/206 205/205/205
f 203/203/203 245/245/245 248/247/247
f 248/247/247 204/206/206 203/203/203
f 264/264/264 235/234/234 268/266/266
f 268/266/266 269/269/269 264/264/264
f 268/266/266 235/234/234 162/160/160
f 162/160/160 271/270/270 268/266/266
f 271/270/270 162/160/160 163/163/163
f 163/163/163 186/185/185 271/270/270
f 276/276/276 194/193/193 180/180/180
f 180/180/180 277/277/277 276/276/276
f 193/194/194 194/193/193 276/276/276
f 276/276/276 274/273/273 193/194/194
f 193/194/194 274/273/273 275/275/275
f 275/275/275 239/239/239 193/194/194
f 202/200/200 149/149/149 146/148/148
f 146/148/148 201/201/201 202/200/200
f 148/146/146 285/285/285 150/152/152
f 150/152/152 147/147/147 148/146/146
f 313/313/313 183/184/184 150/152/152
f 150/152/152 151/151/151 313/313/313
f 313/313/313 281/281/281 154/156/156
f 154/156/156 183/184/184 313/313/313
f 311/311/311 315/315/315 154/156/156
f 154/156/156 155/155/155 311/311/311
f 311/311/311 272/272/272 186/185/185
f 186/185/185 315/315/315 311/311/311
f 160/162/162 185/186/186 186/185/185
f 186/185/185 163/163/163 160/162/162
f 160/162/162 277/277/277 180/180/180
f 180/180/180 185/186/186 160/162/162
f 316/316/316 250/250/250 209/208/208
f 209/208/208 317/317/317 316/316/316
f 317/317/317 209/208/208 175/175/175
f 175/175/175 221/221/221 317/317/317
f 318/318/318 256/256/256 219/219/219
f 219/219/219 319/319/319 318/318/318
f 178/177/177 319/319/319 219/219/219
f 219/219/219 220/218/218 178/177/177
f 176/176/176 177/178/178 220/218/218
f 220/218/218 221/221/221 176/176/176
f 262/261/261 231/230/230 320/320/320
f 320/320/320 321/321/321 262/261/261
f 134/136/136 320/320/320 231/230/230
f 231/230/230 179/179/179 134/136/136
f 192/192/192 190/191/191 322/322/322
f 322/322/322 273/274/274 192/192/192
f 233/233/233 232/232/232 323/323/323
f 323/323/323 310/310/310 233/233/233
f 223/223/223 222/222/222 324/324/324
f 324/324/324 312/312/312 223/223/223
f 211/211/211 210/210/210 325/325/325
f 325/325/325 314/314/314 211/211/211
f 199/199/199 244/244/244 288/288/288
f 288/288/288 289/289/289 199/199/199
f 327/326/326 238/238/238 326/327/327
f 239/239/239 329/328/328 328/329/329
f 328/329/329 240/240/240 239/239/239
f 240/240/240 328/329/329 330/330/330
f 330/330/330 241/241/241 240/240/240
f 332/331/331 242/243/243 331/332/332
f 248/247/247 334/333/333 333/334/334
f 333/334/334 247/248/248 248/247/247
f 336/335/335 250/250/250 335/336/336
f 252/252/252 338/337/337 337/338/338
f 337/338/338 251/251/251 252/252/252
f 254/254/254 337/338/338 339/339/339
f 339/339/339 253/253/253 254/254/254
f 341/340/340 256/256/256 340/341/341
f 258/258/258 343/342/342 342/343/343
f 342/343/343 257/257/257 258/258/258
f 260/260/260 342/343/343 344/344/344
f 344/344/344 259/259/259 260/260/260
f 346/345/345 262/261/261 345/346/346
f 266/268/268 348/347/347 347/348/348
f 347/348/348 269/269/269 266/268/268
f 273/274/274 349/349/349 329/328/328
f 329/328/328 275/275/275 273/274/274
f 278/279/279 350/350/350 343/342/342
f 343/342/342 258/258/258 278/279/279
f 282/283/283 351/351/351 338/337/337
f 338/337/337 252/252/252 282/283/283
f 288/288/288 353/352/352 352/353/353
f 352/353/353 246/246/246 288/288/288
f 245/245/245 352/353/353 334/333/333
f 334/333/333 248/247/247 245/245/245
f 269/269/269 347/348/348 354/354/354
f 354/354/354 264/264/264 269/269/269
f 322/322/322 355/355/355 349/349/349
f 349/349/349 273/274/274 322/322/322
f 323/323/323 356/356/356 348/347/347
f 348/347/347 310/310/310 323/323/323
f 324/324/324 357/357/357 350/350/350
f 350/350/350 312/312/312 324/324/324
f 325/325/325 358/358/358 351/351/351
f 351/351/351 314/314/314 325/325/325
f 244/244/244 332/331/331 353/352/352
f 353/352/352 288/288/288 244/244/244
f 246/246/246 352/353/353 245/245/245
f 264/264/264 354/354/354 263/263/263
f 310/310/310 348/347/347 266/268/268
f 257/257/257 342/343/343 260/260/260
f 312/312/312 350/350/350 278/279/279
f 251/251/251 337/338/338 254/254/254
f 314/314/314 351/351/351 282/283/283
f 275/275/275 329/328/328 239/239/239
f 194/193/193 170/172/172 180/180/180
f 170/172/172 171/171/171 180/180/180
f 137/137/137 134/136/136 179/179/179
f 361/359/359 360/360/360 359/361/361
f 359/361/361 362/362/362 361/359/359
f 121/123/123 122/122/122 131/131/131
f 131/131/131 363/363/363 121/123/123
f 366/364/364 365/365/365 364/366/366
f 364/366/366 367/367/367 366/364/364
f 370/368/368 369/369/369 368/370/370
f 368/370/370 371/371/371 370/368/368
f 361/359/359 373/372/372 372/373/373
f 372/373/373 374/374/374 361/359/359
f 377/375/375 376/376/376 375/377/377
f 375/377/377 378/378/378 377/375/375
f 381/379/379 380/380/380 379/381/381
f 379/381/381 382/382/382 381/379/379
f 367/367/367 364/366/366 383/383/383
f 383/383/383 384/384/384 367/367/367
f 371/371/371 386/385/385 385/386/386
f 385/386/386 370/368/368 371/371/371
f 360/360/360 361/359/359 374/374/374
f 374/374/374 387/387/387 360/360/360
f 123/121/121 126/128/128 127/127/127
f 127/127/127 388/388/388 123/121/121
f 390/389/389 389/390/390 122/122/122
f 122/122/122 391/391/391 390/389/389
f 392/392/392 302/303/303 158/158/158
f 158/158/158 142/144/144 392/392/392
f 395/393/393 394/394/394 393/395/395
f 393/395/395 396/396/396 395/393/393
f 220/218/218 177/178/178 178/177/177
f 397/397/397 381/379/379 382/382/382
f 382/382/382 398/398/398 397/397/397
f 401/399/399 400/400/400 399/401/401
f 399/401/401 402/402/402 401/399/399
f 405/403/403 404/404/404 403/405/405
f 403/405/405 406/406/406 405/403/403
f 408/407/407 407/408/408 378/378/378
f 378/378/378 409/409/409 408/407/407
f 410/410/410 395/393/393 396/396/396
f 396/396/396 411/411/411 410/410/410
f 404/404/404 413/412/412 412/413/413
f 412/413/413 109/109/109 404/404/404
f 404/404/404 109/109/109 106/108/108
f 106/108/108 403/405/405 404/404/404
f 400/400/400 114/116/116 115/115/115
f 115/115/115 399/401/401 400/400/400
f 416/414/414 415/415/415 414/416/416
f 414/416/416 417/417/417 416/414/414
f 418/418/418 416/414/414 417/417/417
f 417/417/417 419/419/419 418/418/418
f 175/175/175 176/176/176 221/221/221
f 287/286/286 299/300/300 300/299/299
f 300/299/299 420/420/420 287/286/286
f 287/286/286 184/183/183 187/187/187
f 187/187/187 299/300/300 287/286/286
f 315/315/315 187/187/187 184/183/183
f 184/183/183 154/156/156 315/315/315
f 402/402/402 399/401/401 421/421/421
f 421/421/421 422/422/422 402/402/402
f 423/423/423 421/421/421 399/401/401
f 399/401/401 115/115/115 423/423/423
f 424/424/424 423/423/423 115/115/115
f 115/115/115 116/114/114 424/424/424
f 393/395/395 394/394/394 425/425/425
f 425/425/425 426/426/426 393/395/395
f 429/427/427 428/428/428 427/429/429
f 427/429/429 430/430/430 429/427/427
f 433/431/431 432/432/432 431/433/433
f 431/433/433 390/389/389 433/431/431
f 435/434/434 434/435/435 388/388/388
f 388/388/388 127/127/127 435/434/434
f 437/436/436 359/361/361 436/437/437
f 436/437/437 438/438/438 437/436/436
f 359/361/361 360/360/360 439/439/439
f 439/439/439 436/437/437 359/361/361
f 440/440/440 429/427/427 430/430/430
f 430/430/430 441/441/441 440/440/440
f 441/441/441 443/442/442 442/443/443
f 442/443/443 440/440/440 441/441/441
f 360/360/360 387/387/387 444/444/444
f 444/444/444 439/439/439 360/360/360
f 445/445/445 442/443/443 443/442/442
f 443/442/442 446/446/446 445/445/445
f 449/447/447 448/448/448 447/449/449
f 447/449/449 450/450/450 449/447/447
f 451/451/451 447/449/449 448/448/448
f 448/448/448 452/452/452 451/451/451
f 454/453/453 453/454/454 120/120/120
f 120/120/120 117/119/119 454/453/453
f 457/455/455 456/456/456 455/457/457
f 455/457/457 458/458/458 457/455/455
f 461/459/459 460/460/460 459/461/461
f 459/461/461 462/462/462 461/459/459
f 465/463/463 464/464/464 463/465/465
f 463/465/465 466/466/466 465/463/463
f 386/385/385 464/464/464 455/457/457
f 455/457/457 385/386/386 386/385/385
f 464/464/464 386/385/385 467/467/467
f 467/467/467 463/465/465 464/464/464
f 440/440/440 469/468/468 468/469/469
f 468/469/469 429/427/427 440/440/440
f 472/470/470 471/471/471 470/472/472
f 470/472/472 468/469/469 472/470/470
f 469/468/468 473/473/473 472/470/470
f 472/470/470 468/469/469 469/468/468
f 476/474/474 475/475/475 474/476/476
f 474/476/476 477/477/477 476/474/474
f 479/478/478 478/479/479 466/466/466
f 466/466/466 463/465/465 479/478/478
f 482/480/480 481/481/481 480/482/482
f 480/482/482 483/483/483 482/480/480
f 484/484/484 377/375/375 378/378/378
f 378/378/378 407/408/408 484/484/484
f 409/409/409 378/378/378 375/377/377
f 375/377/377 485/485/485 409/409/409
f 488/486/486 487/487/487 486/488/488
f 486/488/488 437/436/436 488/486/486
f 359/361/361 437/436/436 486/488/488
f 486/488/488 362/362/362 359/361/361
f 490/489/489 373/372/372 489/490/490
f 489/490/490 491/491/491 490/489/489
f 489/490/490 373/372/372 361/359/359
f 361/359/359 362/362/362 489/490/490
f 494/492/492 493/493/493 492/494/494
f 492/494/494 495/495/495 494/492/492
f 490/489/489 496/496/496 372/373/373
f 372/373/373 373/372/372 490/489/489
f 497/497/497 488/486/486 437/436/436
f 437/436/436 438/438/438 497/497/497
f 475/475/475 476/474/474 498/498/498
f 498/498/498 494/492/492 475/475/475
f 499/499/499 493/493/493 494/492/492
f 494/492/492 498/498/498 499/499/499
f 187/187/187 315/315/315 186/185/185
f 502/500/500 501/501/501 500/502/502
f 500/502/502 503/503/503 502/500/500
f 499/499/499 498/498/498 504/504/504
f 504/504/504 505/505/505 499/499/499
f 476/474/474 473/473/473 504/504/504
f 504/504/504 498/498/498 476/474/474
f 150/152/152 184/183/183 182/182/182
f 182/182/182 147/147/147 150/152/152
f 507/506/506 506/507/507 502/500/500
f 502/500/500 508/508/508 507/506/506
f 507/506/506 392/392/392 509/509/509
f 509/509/509 510/510/510 507/506/506
f 511/511/511 265/265/265 263/263/263
f 263/263/263 354/354/354 511/511/511
f 495/495/495 492/494/494 496/496/496
f 496/496/496 490/489/489 495/495/495
f 493/493/493 499/499/499 512/512/512
f 512/512/512 513/513/513 493/493/493
f 493/493/493 513/513/513 514/514/514
f 514/514/514 492/494/494 493/493/493
f 516/515/515 512/512/512 515/516/516
f 515/516/516 517/517/517 516/515/515
f 505/505/505 504/504/504 518/518/518
f 518/518/518 519/519/519 505/505/505
f 518/518/518 504/504/504 473/473/473
f 520/520/520 506/507/507 517/517/517
f 517/517/517 515/516/516 520/520/520
f 502/500/500 506/507/507 520/520/520
f 520/520/520 501/501/501 502/500/500
f 492/494/494 514/514/514 521/521/521
f 521/521/521 496/496/496 492/494/494
f 521/521/521 522/522/522 372/373/373
f 372/373/373 496/496/496 521/521/521
f 500/502/502 501/501/501 445/445/445
f 445/445/445 446/446/446 500/502/502
f 524/523/523 523/524/524 444/444/444
f 444/444/444 387/387/387 524/523/523
f 519/519/519 518/518/518 442/443/443
f 442/443/443 445/445/445 519/519/519
f 405/403/403 398/398/398 525/525/525
f 525/525/525 526/526/526 405/403/403
f 382/382/382 527/527/527 525/525/525
f 525/525/525 398/398/398 382/382/382
f 529/528/528 528/529/529 423/423/423
f 423/423/423 424/424/424 529/528/528
f 379/381/381 527/527/527 382/382/382
f 417/417/417 414/416/416 530/530/530
f 530/530/530 119/117/117 417/417/417
f 118/118/118 119/117/117 530/530/530
f 530/530/530 531/531/531 118/118/118
f 528/529/529 532/532/532 421/421/421
f 421/421/421 423/423/423 528/529/529
f 404/404/404 405/403/403 526/526/526
f 526/526/526 413/412/412 404/404/404
f 535/533/533 534/534/534 533/535/535
f 533/535/535 536/536/536 535/533/533
f 539/537/537 538/538/538 537/539/539
f 537/539/539 540/540/540 539/537/537
f 543/541/541 542/542/542 541/543/543
f 541/543/543 544/544/544 543/541/541
f 542/542/542 546/545/545 545/546/546
f 545/546/546 541/543/543 542/542/542
f 549/547/547 548/548/548 547/549/549
f 547/549/549 550/550/550 549/547/547
f 552/551/551 534/534/534 551/552/552
f 551/552/552 553/553/553 552/551/551
f 556/554/554 555/555/555 554/556/556
f 554/556/556 557/557/557 556/554/554
f 560/558/558 559/559/559 558/560/560
f 558/560/560 561/561/561 560/558/558
f 561/561/561 558/560/560 562/562/562
f 562/562/562 563/563/563 561/561/561
f 565/564/564 564/565/565 536/536/536
f 536/536/536 533/535/535 565/564/564
f 568/566/566 567/567/567 566/568/568
f 566/568/568 569/569/569 568/566/566
f 572/570/570 571/571/571 570/572/572
f 570/572/572 573/573/573 572/570/570
f 576/574/574 575/575/575 574/576/576
f 574/576/576 577/577/577 576/574/574
f 575/575/575 579/578/578 578/579/579
f 578/579/579 574/576/576 575/575/575
f 581/580/580 580/581/581 570/572/572
f 570/572/572 571/571/571 581/580/580
f 584/582/582 583/583/583 582/584/584
f 582/584/584 585/585/585 584/582/582
f 588/586/586 587/587/587 586/588/588
f 586/588/588 589/589/589 588/586/586
f 592/590/590 591/591/591 590/592/592
f 590/592/592 593/593/593 592/590/590
f 596/594/594 595/595/595 594/596/596
f 599/597/597 598/598/598 597/599/599
f 597/599/599 600/600/600 599/597/597
f 603/601/601 602/602/602 601/603/603
f 601/603/603 604/604/604 603/601/601
f 607/605/605 606/606/606 605/607/607
f 610/608/608 609/609/609 608/610/610
f 613/611/611 612/612/612 611/613/613
f 611/613/613 614/614/614 613/611/611
f 589/589/589 586/588/588 615/615/615
f 615/615/615 616/616/616 589/589/589
f 582/584/584 618/617/617 617/618/618
f 609/609/609 619/619/619 608/610/610
f 585/585/585 582/584/584 620/620/620
f 620/620/620 621/621/621 585/585/585
f 590/592/592 610/608/608 622/622/622
f 622/622/622 613/611/611 590/592/592
f 586/588/588 587/587/587 623/623/623
f 623/623/623 624/624/624 586/588/588
f 613/611/611 614/614/614 593/593/593
f 593/593/593 590/592/592 613/611/611
f 624/624/624 625/625/625 615/615/615
f 615/615/615 586/588/588 624/624/624
f 626/626/626 594/596/596 595/595/595
f 595/595/595 627/627/627 626/626/626
f 629/628/628 598/598/598 628/629/629
f 628/629/629 630/630/630 629/628/628
f 632/631/631 602/602/602 631/632/632
f 631/632/632 633/633/633 632/631/631
f 619/619/619 635/634/634 634/635/635
f 634/635/635 608/610/610 619/619/619
f 584/582/582 637/636/636 636/637/637
f 636/637/637 583/583/583 584/582/582
f 640/638/638 639/639/639 638/640/640
f 638/640/640 641/641/641 640/638/638
f 644/642/642 643/643/643 642/644/644
f 642/644/644 645/645/645 644/642/642
f 647/646/646 646/647/647 645/645/645
f 645/645/645 642/644/644 647/646/646
f 616/616/616 649/648/648 648/649/649
f 648/649/649 589/589/589 616/616/616
f 650/650/650 588/586/586 589/589/589
f 589/589/589 648/649/649 650/650/650
f 653/651/651 652/652/652 651/653/653
f 651/653/653 654/654/654 653/651/651
f 657/655/655 656/656/656 655/657/657
f 655/657/657 658/658/658 657/655/655
f 660/659/659 616/616/616 659/660/660
f 659/660/660 661/661/661 660/659/659
f 658/658/658 663/662/662 662/663/663
f 662/663/663 657/655/655 658/658/658
f 666/664/664 665/665/665 664/666/666
f 664/666/666 667/667/667 666/664/664
f 670/668/668 669/669/669 668/670/670
f 668/670/670 671/671/671 670/668/668
f 674/672/672 673/673/673 672/674/674
f 672/674/674 675/675/675 674/672/672
f 671/671/671 677/676/676 676/677/677
f 676/677/677 670/668/668 671/671/671
f 680/678/678 679/679/679 678/680/680
f 678/680/680 681/681/681 680/678/678
f 684/682/682 683/683/683 682/684/684
f 682/684/684 685/685/685 684/682/682
f 687/686/686 686/687/687 617/618/618
f 617/618/618 618/617/617 687/686/686
f 685/685/685 689/688/688 688/689/689
f 688/689/689 684/682/682 685/685/685
f 691/690/690 641/641/641 690/691/691
f 690/691/691 692/692/692 691/690/690
f 641/641/641 691/690/690 693/693/693
f 693/693/693 640/638/638 641/641/641
f 636/637/637 637/636/636 694/694/694
f 694/694/694 695/695/695 636/637/637
f 643/643/643 697/696/696 696/697/697
f 696/697/697 642/644/644 643/643/643
f 698/698/698 647/646/646 642/644/644
f 642/644/644 696/697/697 698/698/698
f 699/699/699 648/649/649 649/648/648
f 649/648/648 700/700/700 699/699/699
f 650/650/650 648/649/649 699/699/699
f 699/699/699 701/701/701 650/650/650
f 651/653/653 652/652/652 702/702/702
f 702/702/702 703/703/703 651/653/653
f 704/704/704 655/657/657 656/656/656
f 656/656/656 705/705/705 704/704/704
f 660/659/659 661/661/661 706/706/706
f 706/706/706 707/707/707 660/659/659
f 664/666/666 665/665/665 708/708/708
f 708/708/708 709/709/709 664/666/666
f 668/670/670 669/669/669 710/710/710
f 710/710/710 711/711/711 668/670/670
f 673/673/673 674/672/672 712/712/712
f 712/712/712 713/713/713 673/673/673
f 680/678/678 681/681/681 714/714/714
f 714/714/714 715/715/715 680/678/678
f 682/684/684 683/683/683 716/716/716
f 716/716/716 717/717/717 682/684/684
f 719/718/718 718/719/719 686/687/687
f 686/687/687 687/686/686 719/718/718
f 691/690/690 692/692/692 720/720/720
f 720/720/720 721/721/721 691/690/690
f 693/693/693 691/690/690 721/721/721
f 721/721/721 722/722/722 693/693/693
f 725/723/723 724/724/724 723/725/725
f 723/725/725 726/726/726 725/723/723
f 728/727/727 727/728/728 725/723/723
f 725/723/723 726/726/726 728/727/727
f 729/729/729 635/634/634 603/601/601
f 603/601/601 730/730/730 729/729/729
f 635/634/634 619/619/619 633/633/633
f 633/633/633 631/632/632 635/634/634
f 638/640/640 732/731/731 731/732/732
f 731/732/732 733/733/733 638/640/640
f 734/734/734 641/641/641 638/640/640
f 638/640/640 733/733/733 734/734/734
f 605/607/607 606/606/606 735/735/735
f 622/622/622 610/608/608 608/610/610
f 608/610/610 634/635/635 622/622/622
f 737/736/736 736/737/737 714/714/714
f 714/714/714 681/681/681 737/736/736
f 678/680/680 738/738/738 737/736/736
f 737/736/736 681/681/681 678/680/680
f 601/603/603 602/602/602 599/597/597
f 599/597/597 739/739/739 601/603/603
f 602/602/602 632/631/631 630/630/630
f 630/630/630 628/629/629 602/602/602
f 741/740/740 740/741/741 708/708/708
f 708/708/708 665/665/665 741/740/740
f 666/664/664 742/742/742 741/740/740
f 741/740/740 665/665/665 666/664/664
f 597/599/599 598/598/598 596/594/594
f 596/594/594 743/743/743 597/599/599
f 598/598/598 629/628/628 627/627/627
f 627/627/627 595/595/595 598/598/598
f 627/627/627 629/628/628 744/744/744
f 702/702/702 652/652/652 745/745/745
f 745/745/745 746/746/746 702/702/702
f 745/745/745 652/652/652 653/651/651
f 653/651/651 747/747/747 745/745/745
f 749/748/748 748/749/749 594/596/596
f 594/596/596 750/750/750 749/748/748
f 751/751/751 750/750/750 594/596/596
f 594/596/596 626/626/626 751/751/751
f 744/744/744 752/752/752 626/626/626
f 626/626/626 627/627/627 744/744/744
f 752/752/752 744/744/744 753/753/753
f 753/753/753 754/754/754 752/752/752
f 757/755/755 756/756/756 755/757/757
f 755/757/757 758/758/758 757/755/755
f 758/758/758 760/759/759 759/760/760
f 759/760/760 757/755/755 758/758/758
f 760/759/759 762/761/761 761/762/762
f 761/762/762 759/760/760 760/759/759
f 578/579/579 591/591/591 592/590/590
f 592/590/590 763/763/763 578/579/579
f 591/591/591 578/579/579 764/764/764
f 764/764/764 609/609/609 591/591/591
f 765/765/765 609/609/609 764/764/764
f 764/764/764 766/766/766 765/765/765
f 769/767/767 768/768/768 767/769/769
f 767/769/769 770/770/770 769/767/767
f 768/768/768 771/771/771 751/751/751
f 751/751/751 767/769/769 768/768/768
f 771/771/771 772/772/772 750/750/750
f 750/750/750 751/751/751 771/771/771
f 772/772/772 773/773/773 749/748/748
f 749/748/748 750/750/750 772/772/772
f 775/774/774 774/775/775 745/745/745
f 745/745/745 747/747/747 775/774/774
f 592/590/590 761/762/762 762/761/761
f 762/761/761 763/763/763 592/590/590
f 593/593/593 614/614/614 585/585/585
f 585/585/585 621/621/621 593/593/593
f 614/614/614 611/613/613 584/582/582
f 584/582/582 585/585/585 614/614/614
f 611/613/613 776/776/776 637/636/636
f 637/636/636 584/582/582 611/613/613
f 776/776/776 777/777/777 694/694/694
f 694/694/694 637/636/636 776/776/776
f 688/689/689 778/778/778 724/724/724
f 724/724/724 725/723/723 688/689/689
f 688/689/689 725/723/723 727/728/728
f 727/728/728 684/682/682 688/689/689
f 779/779/779 730/730/730 603/601/601
f 779/779/779 603/601/601 604/604/604
f 679/679/679 680/678/678 683/683/683
f 683/683/683 684/682/682 679/679/679
f 715/715/715 716/716/716 683/683/683
f 683/683/683 680/678/678 715/715/715
f 676/677/677 780/780/780 736/737/737
f 736/737/737 737/736/736 676/677/677
f 676/677/677 737/736/736 738/738/738
f 738/738/738 670/668/668 676/677/677
f 781/781/781 739/739/739 599/597/597
f 781/781/781 599/597/597 600/600/600
f 667/667/667 664/666/666 669/669/669
f 669/669/669 670/668/668 667/667/667
f 709/709/709 710/710/710 669/669/669
f 669/669/669 664/666/666 709/709/709
f 662/663/663 782/782/782 740/741/741
f 740/741/741 741/740/740 662/663/663
f 662/663/663 741/740/740 742/742/742
f 742/742/742 657/655/655 662/663/663
f 783/783/783 743/743/743 596/594/594
f 783/783/783 596/594/594 784/784/784
f 654/654/654 651/653/653 656/656/656
f 656/656/656 657/655/655 654/654/654
f 703/703/703 705/705/705 656/656/656
f 656/656/656 651/653/653 703/703/703
f 692/692/692 726/726/726 723/725/725
f 723/725/725 720/720/720 692/692/692
f 692/692/692 690/691/691 728/727/727
f 728/727/727 726/726/726 692/692/692
f 607/605/605 605/607/607 635/634/634
f 635/634/634 729/729/729 607/605/605
f 785/785/785 622/622/622 605/607/607
f 605/607/607 735/735/735 785/785/785
f 644/642/642 734/734/734 733/733/733
f 733/733/733 643/643/643 644/642/642
f 733/733/733 731/732/732 697/696/696
f 697/696/696 643/643/643 733/733/733
f 596/594/594 594/596/596 748/749/749
f 748/749/749 784/784/784 596/594/594
f 595/595/595 596/594/594 598/598/598
f 599/597/597 628/629/629 598/598/598
f 628/629/629 599/597/597 602/602/602
f 603/601/601 631/632/632 602/602/602
f 631/632/632 603/601/601 635/634/634
f 605/607/607 634/635/635 635/634/634
f 634/635/635 605/607/607 622/622/622
f 706/706/706 661/661/661 786/786/786
f 786/786/786 787/787/787 706/706/706
f 661/661/661 659/660/660 672/674/674
f 672/674/674 786/786/786 661/661/661
f 712/712/712 674/672/672 788/788/788
f 788/788/788 789/789/789 712/712/712
f 788/788/788 674/672/672 675/675/675
f 675/675/675 617/618/618 788/788/788
f 617/618/618 675/675/675 790/790/790
f 790/790/790 582/584/584 617/618/618
f 687/686/686 792/791/791 791/792/792
f 791/792/792 719/718/718 687/686/686
f 792/791/791 687/686/686 618/617/617
f 618/617/617 583/583/583 792/791/791
f 639/639/639 793/793/793 732/731/731
f 732/731/731 638/640/640 639/639/639
f 689/688/688 794/794/794 778/778/778
f 778/778/778 688/689/689 689/688/688
f 677/676/676 795/795/795 780/780/780
f 780/780/780 676/677/677 677/676/676
f 663/662/662 796/796/796 782/782/782
f 782/782/782 662/663/663 663/662/662
f 797/797/797 746/746/746 745/745/745
f 745/745/745 774/775/775 797/797/797
f 695/695/695 694/694/694 798/798/798
f 800/799/799 799/800/800 696/697/697
f 696/697/697 697/696/696 800/799/799
f 799/800/800 801/801/801 698/698/698
f 698/698/698 696/697/697 799/800/800
f 699/699/699 802/802/802 701/701/701
f 804/803/803 803/804/804 704/704/704
f 704/704/704 705/705/705 804/803/803
f 707/707/707 706/706/706 805/805/805
f 807/806/806 806/807/807 709/709/709
f 709/709/709 708/708/708 807/806/806
f 806/807/807 808/808/808 711/711/711
f 711/711/711 710/710/710 806/807/807
f 713/713/713 712/712/712 809/809/809
f 811/810/810 810/811/811 715/715/715
f 715/715/715 714/714/714 811/810/810
f 810/811/811 812/812/812 717/717/717
f 717/717/717 716/716/716 810/811/811
f 718/719/719 719/718/718 813/813/813
f 815/814/814 814/815/815 722/722/722
f 722/722/722 721/721/721 815/814/814
f 817/816/816 816/817/817 723/725/725
f 723/725/725 724/724/724 817/816/816
f 818/818/818 800/799/799 731/732/732
f 731/732/732 732/731/731 818/818/818
f 819/819/819 811/810/810 714/714/714
f 714/714/714 736/737/737 819/819/819
f 820/820/820 807/806/806 708/708/708
f 708/708/708 740/741/741 820/820/820
f 822/821/821 821/822/822 702/702/702
f 702/702/702 746/746/746 822/821/821
f 821/822/822 804/803/803 705/705/705
f 705/705/705 703/703/703 821/822/822
f 816/817/817 815/814/814 720/720/720
f 720/720/720 723/725/725 816/817/817
f 823/823/823 818/818/818 732/731/731
f 732/731/731 793/793/793 823/823/823
f 824/824/824 817/816/816 778/778/778
f 778/778/778 794/794/794 824/824/824
f 825/825/825 819/819/819 780/780/780
f 780/780/780 795/795/795 825/825/825
f 826/826/826 820/820/820 782/782/782
f 782/782/782 796/796/796 826/826/826
f 827/827/827 822/821/821 746/746/746
f 746/746/746 797/797/797 827/827/827
f 829/828/828 828/829/829 579/578/578
f 579/578/578 575/575/575 829/828/828
f 830/830/830 829/828/828 575/575/575
f 575/575/575 576/574/574 830/830/830
f 569/569/569 831/831/831 770/770/770
f 770/770/770 568/566/566 569/569/569
f 833/832/832 832/833/833 573/573/573
f 573/573/573 570/572/572 833/832/832
f 833/832/832 570/572/572 580/581/581
f 580/581/581 834/834/834 833/832/832
f 835/835/835 579/578/578 828/829/829
f 828/829/829 836/836/836 835/835/835
f 766/766/766 764/764/764 835/835/835
f 835/835/835 837/837/837 766/766/766
f 755/757/757 839/838/838 838/839/839
f 838/839/839 758/758/758 755/757/757
f 758/758/758 838/839/839 840/840/840
f 840/840/840 760/759/759 758/758/758
f 841/841/841 763/763/763 762/761/761
f 762/761/761 842/842/842 841/841/841
f 839/838/838 843/843/843 838/839/839
f 833/832/832 834/834/834 844/844/844
f 844/844/844 843/843/843 833/832/832
f 821/822/822 703/703/703 702/702/702
f 815/814/814 721/721/721 720/720/720
f 817/816/816 724/724/724 778/778/778
f 810/811/811 716/716/716 715/715/715
f 819/819/819 736/737/737 780/780/780
f 806/807/807 710/710/710 709/709/709
f 820/820/820 740/741/741 782/782/782
f 800/799/799 697/696/696 731/732/732
f 612/612/612 622/622/622 785/785/785
f 632/631/631 765/765/765 744/744/744
f 744/744/744 630/630/630 632/631/631
f 613/611/611 622/622/622 612/612/612
f 583/583/583 618/617/617 582/584/584
f 578/579/579 763/763/763 841/841/841
f 841/841/841 574/576/576 578/579/579
f 845/845/845 769/767/767 770/770/770
f 770/770/770 831/831/831 845/845/845
f 848/846/846 847/847/847 846/848/848
f 846/848/848 849/849/849 848/846/846
f 571/571/571 851/850/850 850/851/851
f 850/851/851 581/580/580 571/571/571
f 549/547/547 853/852/852 852/853/853
f 852/853/853 548/548/548 549/547/547
f 856/854/854 855/855/855 854/856/856
f 854/856/856 857/857/857 856/854/854
f 856/854/854 857/857/857 542/542/542
f 542/542/542 543/541/541 856/854/854
f 546/545/545 542/542/542 857/857/857
f 857/857/857 858/858/858 546/545/545
f 861/859/859 860/860/860 859/861/861
f 859/861/861 862/862/862 861/859/859
f 537/539/539 864/863/863 863/864/864
f 863/864/864 865/865/865 537/539/539
f 540/540/540 537/539/539 865/865/865
f 865/865/865 866/866/866 540/540/540
f 859/861/861 540/540/540 866/866/866
f 866/866/866 867/867/867 859/861/861
f 862/862/862 859/861/861 867/867/867
f 867/867/867 868/868/868 862/862/862
f 846/848/848 870/869/869 869/870/870
f 869/870/870 849/849/849 846/848/848
f 873/871/871 872/872/872 871/873/873
f 871/873/873 874/874/874 873/871/871
f 875/875/875 547/549/549 851/850/850
f 851/850/850 876/876/876 875/875/875
f 580/581/581 576/574/574 577/577/577
f 577/577/577 834/834/834 580/581/581
f 581/580/580 830/830/830 576/574/574
f 576/574/574 580/581/581 581/580/580
f 844/844/844 834/834/834 577/577/577
f 577/577/577 877/877/877 844/844/844
f 878/878/878 546/545/545 858/858/858
f 858/858/858 879/879/879 878/878/878
f 880/880/880 545/546/546 546/545/545
f 546/545/545 878/878/878 880/880/880
f 840/840/840 842/842/842 762/761/761
f 762/761/761 760/759/759 840/840/840
f 881/881/881 854/856/856 855/855/855
f 855/855/855 882/882/882 881/881/881
f 874/874/874 871/873/873 883/883/883
f 883/883/883 837/837/837 874/874/874
f 884/884/884 754/754/754 753/753/753
f 753/753/753 883/883/883 884/884/884
f 887/885/885 886/886/886 885/887/887
f 885/887/887 848/846/846 887/885/885
f 591/591/591 609/609/609 610/608/608
f 610/608/608 590/592/592 591/591/591
f 538/538/538 539/537/537 888/888/888
f 888/888/888 889/889/889 538/538/538
f 579/578/578 835/835/835 764/764/764
f 764/764/764 578/579/579 579/578/578
f 828/829/829 829/828/828 890/890/890
f 890/890/890 891/891/891 828/829/829
f 829/828/828 830/830/830 892/892/892
f 892/892/892 890/890/890 829/828/828
f 893/893/893 566/568/568 567/567/567
f 567/567/567 894/894/894 893/893/893
f 851/850/850 571/571/571 572/570/570
f 572/570/570 876/876/876 851/850/850
f 830/830/830 581/580/580 850/851/851
f 850/851/851 892/892/892 830/830/830
f 547/549/549 548/548/548 850/851/851
f 850/851/851 851/850/850 547/549/549
f 891/891/891 896/895/895 895/896/896
f 895/896/896 897/897/897 891/891/891
f 548/548/548 852/853/853 892/892/892
f 892/892/892 850/851/851 548/548/548
f 898/898/898 550/550/550 547/549/549
f 547/549/549 875/875/875 898/898/898
f 852/853/853 899/899/899 890/890/890
f 890/890/890 892/892/892 852/853/853
f 899/899/899 896/895/895 891/891/891
f 891/891/891 890/890/890 899/899/899
f 856/854/854 901/900/900 900/901/901
f 900/901/901 855/855/855 856/854/854
f 902/902/902 554/556/556 555/555/555
f 555/555/555 903/903/903 902/902/902
f 854/856/856 904/904/904 858/858/858
f 858/858/858 857/857/857 854/856/856
f 907/905/905 906/906/906 905/907/907
f 905/907/907 908/908/908 907/905/905
f 904/904/904 909/909/909 879/879/879
f 879/879/879 858/858/858 904/904/904
f 910/910/910 884/884/884 883/883/883
f 883/883/883 871/873/873 910/910/910
f 911/911/911 910/910/910 871/873/873
f 871/873/873 872/872/872 911/911/911
f 912/912/912 861/859/859 901/900/900
f 901/900/900 913/913/913 912/912/912
f 914/914/914 885/887/887 886/886/886
f 886/886/886 915/915/915 914/914/914
f 917/916/916 916/917/917 885/887/887
f 885/887/887 914/914/914 917/916/916
f 916/917/917 917/916/916 918/918/918
f 919/919/919 847/847/847 916/917/917
f 916/917/917 918/918/918 919/919/919
f 914/914/914 915/915/915 555/555/555
f 555/555/555 556/554/554 914/914/914
f 555/555/555 915/915/915 920/920/920
f 920/920/920 903/903/903 555/555/555
f 847/847/847 848/846/846 885/887/887
f 885/887/887 916/917/917 847/847/847
f 887/885/885 848/846/846 849/849/849
f 849/849/849 921/921/921 887/885/885
f 846/848/848 847/847/847 919/919/919
f 919/919/919 870/869/869 846/848/848
f 868/868/868 887/885/885 921/921/921
f 921/921/921 862/862/862 868/868/868
f 869/870/870 870/869/869 895/896/896
f 895/896/896 922/922/922 869/870/870
f 918/918/918 872/872/872 919/919/919
f 744/744/744 765/765/765 766/766/766
f 766/766/766 753/753/753 744/744/744
f 753/753/753 766/766/766 837/837/837
f 837/837/837 883/883/883 753/753/753
f 873/871/871 874/874/874 836/836/836
f 836/836/836 897/897/897 873/871/871
f 836/836/836 874/874/874 837/837/837
f 837/837/837 835/835/835 836/836/836
f 919/919/919 872/872/872 873/871/871
f 873/871/871 870/869/869 919/919/919
f 870/869/869 873/871/871 897/897/897
f 897/897/897 895/896/896 870/869/869
f 619/619/619 765/765/765 633/633/633
f 843/843/843 839/838/838 832/833/833
f 832/833/833 833/832/832 843/843/843
f 843/843/843 844/844/844 840/840/840
f 840/840/840 838/839/839 843/843/843
f 844/844/844 877/877/877 842/842/842
f 842/842/842 840/840/840 844/844/844
f 872/872/872 918/918/918 917/916/916
f 917/916/916 911/911/911 872/872/872
f 864/863/863 537/539/539 538/538/538
f 538/538/538 923/923/923 864/863/863
f 889/889/889 924/924/924 923/923/923
f 923/923/923 538/538/538 889/889/889
f 841/841/841 877/877/877 577/577/577
f 577/577/577 574/576/576 841/841/841
f 841/841/841 842/842/842 877/877/877
f 615/615/615 625/625/625 925/925/925
f 925/925/925 790/790/790 615/615/615
f 616/616/616 615/615/615 659/660/660
f 925/925/925 620/620/620 582/584/584
f 582/584/584 790/790/790 925/925/925
f 790/790/790 672/674/674 659/660/660
f 659/660/660 615/615/615 790/790/790
f 790/790/790 675/675/675 672/674/674
f 625/625/625 624/624/624 926/926/926
f 926/926/926 927/927/927 625/625/625
f 625/625/625 927/927/927 928/928/928
f 928/928/928 925/925/925 625/625/625
f 624/624/624 623/623/623 926/926/926
f 927/927/927 757/755/755 759/760/760
f 759/760/760 928/928/928 927/927/927
f 757/755/755 927/927/927 926/926/926
f 926/926/926 756/756/756 757/755/755
f 926/926/926 623/623/623 756/756/756
f 621/621/621 620/620/620 929/929/929
f 929/929/929 930/930/930 621/621/621
f 929/929/929 759/760/760 761/762/762
f 761/762/762 930/930/930 929/929/929
f 593/593/593 621/621/621 930/930/930
f 930/930/930 592/590/590 593/593/593
f 761/762/762 592/590/590 930/930/930
f 929/929/929 928/928/928 759/760/760
f 929/929/929 620/620/620 925/925/925
f 925/925/925 928/928/928 929/929/929
f 904/904/904 854/856/856 881/881/881
f 881/881/881 853/852/852 904/904/904
f 881/881/881 882/882/882 896/895/895
f 896/895/895 899/899/899 881/881/881
f 853/852/852 881/881/881 899/899/899
f 899/899/899 852/853/853 853/852/852
f 860/860/860 539/537/537 540/540/540
f 540/540/540 859/861/861 860/860/860
f 910/910/910 911/911/911 894/894/894
f 894/894/894 567/567/567 910/910/910
f 884/884/884 910/910/910 567/567/567
f 567/567/567 568/566/566 884/884/884
f 754/754/754 884/884/884 568/566/566
f 568/566/566 770/770/770 754/754/754
f 767/769/769 752/752/752 754/754/754
f 754/754/754 770/770/770 767/769/769
f 751/751/751 626/626/626 752/752/752
f 752/752/752 767/769/769 751/751/751
f 886/886/886 887/885/885 868/868/868
f 868/868/868 931/931/931 886/886/886
f 556/554/554 932/932/932 917/916/916
f 917/916/916 914/914/914 556/554/554
f 932/932/932 894/894/894 911/911/911
f 911/911/911 917/916/916 932/932/932
f 849/849/849 869/870/870 933/933/933
f 933/933/933 921/921/921 849/849/849
f 934/934/934 931/931/931 868/868/868
f 868/868/868 867/867/867 934/934/934
f 931/931/931 920/920/920 915/915/915
f 915/915/915 886/886/886 931/931/931
f 936/935/935 935/936/936 560/558/558
f 560/558/558 561/561/561 936/935/935
f 922/922/922 895/896/896 896/895/895
f 896/895/895 882/882/882 922/922/922
f 922/922/922 882/882/882 855/855/855
f 855/855/855 900/901/901 922/922/922
f 828/829/829 891/891/891 897/897/897
f 897/897/897 836/836/836 828/829/829
f 933/933/933 869/870/870 922/922/922
f 922/922/922 900/901/901 933/933/933
f 893/893/893 894/894/894 932/932/932
f 932/932/932 937/937/937 893/893/893
f 938/938/938 449/447/447 450/450/450
f 450/450/450 939/939/939 938/938/938
f 556/554/554 557/557/557 937/937/937
f 937/937/937 932/932/932 556/554/554
f 422/422/422 421/421/421 532/532/532
f 532/532/532 415/415/415 422/422/422
f 865/865/865 863/864/864 935/936/936
f 935/936/936 936/935/935 865/865/865
f 442/443/443 518/518/518 469/468/468
f 469/468/468 440/440/440 442/443/443
f 518/518/518 473/473/473 469/468/468
f 461/459/459 465/463/463 466/466/466
f 466/466/466 460/460/460 461/459/459
f 132/130/130 133/133/133 940/940/940
f 940/940/940 941/941/941 132/130/130
f 941/941/941 940/940/940 942/942/942
f 942/942/942 459/461/461 941/941/941
f 459/461/461 942/942/942 943/943/943
f 943/943/943 462/462/462 459/461/461
f 462/462/462 943/943/943 944/944/944
f 944/944/944 945/945/945 462/462/462
f 474/476/476 475/475/475 946/946/946
f 946/946/946 947/947/947 474/476/476
f 495/495/495 946/946/946 475/475/475
f 475/475/475 494/492/492 495/495/495
f 946/946/946 495/495/495 490/489/489
f 490/489/489 491/491/491 946/946/946
f 946/946/946 491/491/491 948/948/948
f 948/948/948 947/947/947 946/946/946
f 949/949/949 948/948/948 491/491/491
f 491/491/491 489/490/490 949/949/949
f 949/949/949 489/490/490 362/362/362
f 362/362/362 486/488/488 949/949/949
f 390/389/389 391/391/391 433/431/431
f 465/463/463 458/458/458 455/457/457
f 455/457/457 464/464/464 465/463/463
f 950/950/950 458/458/458 465/463/463
f 465/463/463 461/459/459 950/950/950
f 945/945/945 950/950/950 461/459/459
f 461/459/459 462/462/462 945/945/945
f 951/951/951 941/941/941 459/461/461
f 459/461/461 460/460/460 951/951/951
f 460/460/460 466/466/466 478/479/479
f 478/479/479 951/951/951 460/460/460
f 483/483/483 952/952/952 467/467/467
f 467/467/467 482/480/480 483/483/483
f 953/953/953 132/130/130 941/941/941
f 941/941/941 951/951/951 953/953/953
f 955/954/954 954/955/955 478/479/479
f 478/479/479 479/478/478 955/954/954
f 957/956/956 956/957/957 952/952/952
f 952/952/952 483/483/483 957/956/956
f 483/483/483 480/482/482 957/956/956
f 954/955/955 953/953/953 951/951/951
f 951/951/951 478/479/479 954/955/955
f 125/124/124 363/363/363 953/953/953
f 953/953/953 954/955/955 125/124/124
f 113/113/113 958/958/958 363/363/363
f 363/363/363 125/124/124 113/113/113
f 959/959/959 958/958/958 113/113/113
f 113/113/113 110/112/112 959/959/959
f 123/121/121 121/123/123 960/960/960
f 960/960/960 126/128/128 123/121/121
f 124/125/125 125/124/124 954/955/955
f 954/955/955 955/954/954 124/125/125
f 377/375/375 484/484/484 956/957/957
f 956/957/957 957/956/956 377/375/375
f 376/376/376 377/375/375 957/956/956
f 957/956/956 480/482/482 376/376/376
f 952/952/952 479/478/478 463/465/465
f 463/465/465 467/467/467 952/952/952
f 956/957/957 955/954/954 479/478/478
f 479/478/478 952/952/952 956/957/957
f 484/484/484 124/125/125 955/954/954
f 955/954/954 956/957/957 484/484/484
f 112/110/110 124/125/125 484/484/484
f 484/484/484 407/408/408 112/110/110
f 111/111/111 112/110/110 407/408/408
f 407/408/408 408/407/407 111/111/111
f 470/472/472 428/428/428 429/427/427
f 429/427/427 468/469/469 470/472/472
f 948/948/948 949/949/949 961/961/961
f 961/961/961 962/962/962 948/948/948
f 947/947/947 948/948/948 962/962/962
f 962/962/962 963/963/963 947/947/947
f 474/476/476 947/947/947 963/963/963
f 963/963/963 964/964/964 474/476/476
f 477/477/477 474/476/476 964/964/964
f 964/964/964 965/965/965 477/477/477
f 122/122/122 389/390/390 130/132/132
f 130/132/132 131/131/131 122/122/122
f 131/131/131 132/130/130 953/953/953
f 953/953/953 363/363/363 131/131/131
f 391/391/391 122/122/122 123/121/121
f 123/121/121 388/388/388 391/391/391
f 472/470/470 477/477/477 965/965/965
f 965/965/965 471/471/471 472/470/470
f 388/388/388 434/435/435 433/431/431
f 433/431/431 391/391/391 388/388/388
f 434/435/435 967/966/966 966/967/967
f 961/961/961 949/949/949 486/488/488
f 486/488/488 968/968/968 961/961/961
f 457/455/455 458/458/458 950/950/950
f 950/950/950 969/969/969 457/455/455
f 970/970/970 969/969/969 950/950/950
f 950/950/950 945/945/945 970/970/970
f 971/971/971 970/970/970 945/945/945
f 945/945/945 944/944/944 971/971/971
f 974/972/972 973/973/973 972/974/974
f 972/974/974 975/975/975 974/972/972
f 972/974/974 977/976/976 976/977/977
f 976/977/977 975/975/975 972/974/974
f 936/935/935 978/978/978 866/866/866
f 866/866/866 865/865/865 936/935/935
f 978/978/978 936/935/935 561/561/561
f 561/561/561 563/563/563 978/978/978
f 920/920/920 931/931/931 934/934/934
f 978/978/978 934/934/934 867/867/867
f 867/867/867 866/866/866 978/978/978
f 563/563/563 920/920/920 934/934/934
f 934/934/934 978/978/978 563/563/563
f 562/562/562 903/903/903 920/920/920
f 920/920/920 563/563/563 562/562/562
f 981/979/979 980/980/980 979/981/981
f 979/981/981 448/448/448 981/979/979
f 406/406/406 397/397/397 398/398/398
f 398/398/398 405/403/403 406/406/406
f 982/982/982 879/879/879 909/909/909
f 452/452/452 984/983/983 983/984/984
f 983/984/984 451/451/451 452/452/452
f 452/452/452 448/448/448 979/981/981
f 412/413/413 108/106/106 109/109/109
f 981/979/979 448/448/448 449/447/447
f 449/447/447 938/938/938 981/979/979
f 987/985/985 986/986/986 985/987/987
f 985/987/987 988/988/988 987/985/985
f 989/989/989 535/533/533 985/987/987
f 985/987/987 986/986/986 989/989/989
f 535/533/533 536/536/536 990/990/990
f 990/990/990 985/987/987 535/533/533
f 991/991/991 988/988/988 985/987/987
f 985/987/987 990/990/990 991/991/991
f 984/983/983 993/992/992 992/993/993
f 992/993/993 983/984/984 984/983/983
f 564/565/565 994/994/994 990/990/990
f 990/990/990 536/536/536 564/565/565
f 990/990/990 994/994/994 995/995/995
f 995/995/995 991/991/991 990/990/990
f 996/996/996 992/993/993 993/992/992
f 993/992/992 997/997/997 996/996/996
f 550/550/550 898/898/898 906/906/906
f 906/906/906 907/905/905 550/550/550
f 909/909/909 549/547/547 550/550/550
f 550/550/550 907/905/905 909/909/909
f 853/852/852 549/547/547 909/909/909
f 909/909/909 904/904/904 853/852/852
f 903/903/903 562/562/562 998/998/998
f 998/998/998 902/902/902 903/903/903
f 998/998/998 562/562/562 558/560/560
f 558/560/560 999/999/999 998/998/998
f 1000/1000/1000 529/528/528 424/424/424
f 424/424/424 1001/1001/1001 1000/1000/1000
f 1001/1001/1001 424/424/424 116/114/114
f 999/999/999 558/560/560 559/559/559
f 909/909/909 907/905/905 908/908/908
f 908/908/908 982/982/982 909/909/909
f 1002/1002/1002 880/880/880 878/878/878
f 878/878/878 982/982/982 1002/1002/1002
f 994/994/994 1002/1002/1002 1003/1003/1003
f 1003/1003/1003 995/995/995 994/994/994
f 1004/1004/1004 996/996/996 997/997/997
f 997/997/997 1005/1005/1005 1004/1004/1004
f 878/878/878 879/879/879 982/982/982
f 1006/1006/1006 1004/1004/1004 1005/1005/1005
f 1005/1005/1005 1007/1007/1007 1006/1006/1006
f 880/880/880 1002/1002/1002 994/994/994
f 994/994/994 564/565/565 880/880/880
f 1007/1007/1007 1009/1008/1008 1008/1009/1009
f 1008/1009/1009 1006/1006/1006 1007/1007/1007
f 1003/1003/1003 1002/1002/1002 1010/1010/1010
f 1010/1010/1010 1011/1011/1011 1003/1003/1003
f 1013/1012/1012 1012/1013/1013 1011/1011/1011
f 1011/1011/1011 1010/1010/1010 1013/1012/1012
f 982/982/982 908/908/908 1010/1010/1010
f 1010/1010/1010 1002/1002/1002 982/982/982
f 1013/1012/1012 1010/1010/1010 908/908/908
f 908/908/908 905/907/907 1013/1012/1012
f 426/426/426 425/425/425 958/958/958
f 958/958/958 959/959/959 426/426/426
f 363/363/363 958/958/958 425/425/425
f 425/425/425 121/123/123 363/363/363
f 913/913/913 1014/1014/1014 888/888/888
f 888/888/888 912/912/912 913/913/913
f 900/901/901 901/900/900 861/859/859
f 861/859/859 933/933/933 900/901/901
f 551/552/552 924/924/924 889/889/889
f 889/889/889 553/553/553 551/552/552
f 1014/1014/1014 553/553/553 889/889/889
f 889/889/889 888/888/888 1014/1014/1014
f 912/912/912 888/888/888 539/537/537
f 539/537/537 860/860/860 912/912/912
f 912/912/912 860/860/860 861/859/859
f 1014/1014/1014 544/544/544 552/551/551
f 552/551/551 553/553/553 1014/1014/1014
f 543/541/541 544/544/544 1014/1014/1014
f 1014/1014/1014 913/913/913 543/541/541
f 856/854/854 543/541/541 913/913/913
f 913/913/913 901/900/900 856/854/854
f 861/859/859 862/862/862 921/921/921
f 921/921/921 933/933/933 861/859/859
f 533/535/535 552/551/551 544/544/544
f 544/544/544 565/564/564 533/535/535
f 545/546/546 880/880/880 564/565/565
f 564/565/565 565/564/564 545/546/546
f 565/564/564 544/544/544 541/543/543
f 541/543/543 545/546/546 565/564/564
f 477/477/477 472/470/470 473/473/473
f 473/473/473 476/474/474 477/477/477
f 1016/1015/1015 524/523/523 1015/1016/1016
f 1015/1016/1016 1017/1017/1017 1016/1015/1015
f 1020/1018/1018 1019/1019/1019 1018/1020/1020
f 1018/1020/1020 1021/1021/1021 1020/1018/1018
f 1019/1019/1019 1022/1022/1022 294/296/296
f 294/296/296 1018/1020/1020 1019/1019/1019
f 374/374/374 1015/1016/1016 524/523/523
f 524/523/523 387/387/387 374/374/374
f 1015/1016/1016 374/374/374 372/373/373
f 372/373/373 522/522/522 1015/1016/1016
f 522/522/522 1020/1018/1018 1017/1017/1017
f 1017/1017/1017 1015/1016/1016 522/522/522
f 522/522/522 521/521/521 1019/1019/1019
f 1019/1019/1019 1020/1018/1018 522/522/522
f 516/515/515 1023/1023/1023 513/513/513
f 513/513/513 512/512/512 516/515/515
f 1023/1023/1023 1022/1022/1022 514/514/514
f 514/514/514 513/513/513 1023/1023/1023
f 1022/1022/1022 1019/1019/1019 521/521/521
f 521/521/521 514/514/514 1022/1022/1022
f 1016/1015/1015 1024/1024/1024 523/524/524
f 523/524/524 524/523/523 1016/1015/1015
f 121/123/123 425/425/425 394/394/394
f 394/394/394 960/960/960 121/123/123
f 1025/1025/1025 973/973/973 974/972/972
f 974/972/972 1026/1026/1026 1025/1025/1025
f 1027/1027/1027 454/453/453 117/119/119
f 117/119/119 1028/1028/1028 1027/1027/1027
f 1029/1029/1029 1027/1027/1027 1028/1028/1028
f 1028/1028/1028 1030/1030/1030 1029/1029/1029
f 632/631/631 633/633/633 765/765/765
f 619/619/619 609/609/609 765/765/765
f 629/628/628 630/630/630 744/744/744
f 365/365/365 1032/1031/1031 1031/1032/1032
f 1031/1032/1032 364/366/366 365/365/365
f 1035/1033/1033 1034/1034/1034 1033/1035/1035
f 1033/1035/1035 1036/1036/1036 1035/1033/1033
f 1037/1037/1037 1036/1036/1036 1033/1035/1035
f 1033/1035/1035 1038/1038/1038 1037/1037/1037
f 1037/1037/1037 1038/1038/1038 1039/1039/1039
f 1039/1039/1039 1040/1040/1040 1037/1037/1037
f 1033/1035/1035 1034/1034/1034 1041/1041/1041
f 1041/1041/1041 1042/1042/1042 1033/1035/1035
f 1033/1035/1035 1042/1042/1042 1043/1043/1043
f 1043/1043/1043 1038/1038/1038 1033/1035/1035
f 1039/1039/1039 1038/1038/1038 1043/1043/1043
f 1037/1037/1037 1040/1040/1040 1044/1044/1044
f 1036/1036/1036 1037/1037/1037 1045/1045/1045
f 1045/1045/1045 1046/1046/1046 1036/1036/1036
f 1035/1033/1033 1036/1036/1036 1047/1047/1047
f 1047/1047/1047 1048/1048/1048 1035/1033/1033
f 1051/1049/1049 1050/1050/1050 1049/1051/1051
f 1049/1051/1051 1052/1052/1052 1051/1049/1049
f 1054/1053/1053 1053/1054/1054 1051/1049/1049
f 1051/1049/1049 1052/1052/1052 1054/1053/1053
f 1054/1053/1053 1055/1055/1055 1039/1039/1039
f 1039/1039/1039 1053/1054/1054 1054/1053/1053
f 1042/1042/1042 1041/1041/1041 1050/1050/1050
f 1050/1050/1050 1051/1049/1049 1042/1042/1042
f 1051/1049/1049 1053/1054/1054 1043/1043/1043
f 1043/1043/1043 1042/1042/1042 1051/1049/1049
f 1043/1043/1043 1053/1054/1054 1039/1039/1039
f 1058/1056/1056 1057/1057/1057 1056/1058/1058
f 1056/1058/1058 1059/1059/1059 1058/1056/1056
f 1060/1060/1060 1059/1059/1059 1056/1058/1058
f 1056/1058/1058 1061/1061/1061 1060/1060/1060
f 1060/1060/1060 1061/1061/1061 1062/1062/1062
f 1062/1062/1062 1063/1063/1063 1060/1060/1060
f 1057/1057/1057 1065/1064/1064 1064/1065/1065
f 1064/1065/1065 1056/1058/1058 1057/1057/1057
f 1056/1058/1058 1064/1065/1065 1066/1066/1066
f 1066/1066/1066 1061/1061/1061 1056/1058/1058
f 1062/1062/1062 1061/1061/1061 1066/1066/1066
f 1069/1067/1067 1068/1068/1068 1067/1069/1069
f 1071/1070/1070 1070/1071/1071 1067/1069/1069
f 1067/1069/1069 1072/1072/1072 1071/1070/1070
f 1074/1073/1073 1072/1072/1072 1073/1074/1074
f 1073/1074/1074 1075/1075/1075 1074/1073/1073
f 1077/1076/1076 1076/1077/1077 1073/1074/1074
f 1073/1074/1074 1072/1072/1072 1077/1076/1076
f 1067/1069/1069 1078/1078/1078 1077/1076/1076
f 1077/1076/1076 1072/1072/1072 1067/1069/1069
f 1067/1069/1069 1068/1068/1068 1062/1062/1062
f 1062/1062/1062 1078/1078/1078 1067/1069/1069
f 1064/1065/1065 1065/1064/1064 1076/1077/1077
f 1076/1077/1077 1077/1076/1076 1064/1065/1065
f 1077/1076/1076 1078/1078/1078 1066/1066/1066
f 1066/1066/1066 1064/1065/1065 1077/1076/1076
f 1066/1066/1066 1078/1078/1078 1062/1062/1062
f 1081/1079/1079 1080/1080/1080 1079/1081/1081
f 1079/1081/1081 1082/1082/1082 1081/1079/1079
f 1083/1083/1083 1082/1082/1082 1079/1081/1081
f 1079/1081/1081 1084/1084/1084 1083/1083/1083
f 1083/1083/1083 1084/1084/1084 1085/1085/1085
f 1085/1085/1085 1086/1086/1086 1083/1083/1083
f 1080/1080/1080 1088/1087/1087 1087/1088/1088
f 1087/1088/1088 1079/1081/1081 1080/1080/1080
f 1079/1081/1081 1087/1088/1088 1089/1089/1089
f 1089/1089/1089 1084/1084/1084 1079/1081/1081
f 1085/1085/1085 1084/1084/1084 1089/1089/1089
f 1092/1090/1090 1091/1091/1091 1090/1092/1092
f 1090/1092/1092 1093/1093/1093 1092/1090/1090
f 1095/1094/1094 1094/1095/1095 1092/1090/1090
f 1092/1090/1090 1093/1093/1093 1095/1094/1094
f 1095/1094/1094 1096/1096/1096 1085/1085/1085
f 1085/1085/1085 1094/1095/1095 1095/1094/1094
f 1087/1088/1088 1088/1087/1087 1091/1091/1091
f 1091/1091/1091 1092/1090/1090 1087/1088/1088
f 1092/1090/1090 1094/1095/1095 1089/1089/1089
f 1089/1089/1089 1087/1088/1088 1092/1090/1090
f 1089/1089/1089 1094/1095/1095 1085/1085/1085
f 1095/1094/1094 1097/1097/1097 1096/1096/1096
f 1097/1097/1097 1095/1094/1094 1093/1093/1093
f 1093/1093/1093 1098/1098/1098 1097/1097/1097
f 1090/1092/1092 1099/1099/1099 1098/1098/1098
f 1098/1098/1098 1093/1093/1093 1090/1092/1092
f 1102/1100/1100 1101/1101/1101 1100/1102/1102
f 1100/1102/1102 1103/1103/1103 1102/1100/1100
f 1104/1104/1104 1103/1103/1103 1100/1102/1102
f 1100/1102/1102 1105/1105/1105 1104/1104/1104
f 1104/1104/1104 1105/1105/1105 1106/1106/1106
f 1106/1106/1106 1107/1107/1107 1104/1104/1104
f 1101/1101/1101 1109/1108/1108 1108/1109/1109
f 1108/1109/1109 1100/1102/1102 1101/1101/1101
f 1100/1102/1102 1108/1109/1109 1110/1110/1110
f 1110/1110/1110 1105/1105/1105 1100/1102/1102
f 1106/1106/1106 1105/1105/1105 1110/1110/1110
f 1113/1111/1111 1112/1112/1112 1111/1113/1113
f 1111/1113/1113 1114/1114/1114 1113/1111/1111
f 1116/1115/1115 1115/1116/1116 1113/1111/1111
f 1113/1111/1111 1114/1114/1114 1116/1115/1115
f 1116/1115/1115 1117/1117/1117 1106/1106/1106
f 1106/1106/1106 1115/1116/1116 1116/1115/1115
f 1108/1109/1109 1109/1108/1108 1112/1112/1112
f 1112/1112/1112 1113/1111/1111 1108/1109/1109
f 1113/1111/1111 1115/1116/1116 1110/1110/1110
f 1110/1110/1110 1108/1109/1109 1113/1111/1111
f 1110/1110/1110 1115/1116/1116 1106/1106/1106
f 1116/1115/1115 1118/1118/1118 1117/1117/1117
f 1118/1118/1118 1116/1115/1115 1114/1114/1114
f 1114/1114/1114 1119/1119/1119 1118/1118/1118
f 1120/1120/1120 1119/1119/1119 1114/1114/1114
f 1114/1114/1114 1111/1113/1113 1120/1120/1120
f 1123/1121/1121 1122/1122/1122 1121/1123/1123
f 1121/1123/1123 1124/1124/1124 1123/1121/1121
f 1125/1125/1125 1123/1121/1121 1124/1124/1124
f 1124/1124/1124 1126/1126/1126 1125/1125/1125
f 1125/1125/1125 1126/1126/1126 1127/1127/1127
f 1127/1127/1127 1128/1128/1128 1125/1125/1125
f 1121/1123/1123 1130/1129/1129 1129/1130/1130
f 1129/1130/1130 1124/1124/1124 1121/1123/1123
f 1124/1124/1124 1129/1130/1130 1131/1131/1131
f 1131/1131/1131 1126/1126/1126 1124/1124/1124
f 1127/1127/1127 1126/1126/1126 1131/1131/1131
f 1134/1132/1132 1133/1133/1133 1132/1134/1134
f 1132/1134/1134 1135/1135/1135 1134/1132/1132
f 1137/1136/1136 1136/1137/1137 1134/1132/1132
f 1134/1132/1132 1135/1135/1135 1137/1136/1136
f 1137/1136/1136 1138/1138/1138 1127/1127/1127
f 1127/1127/1127 1136/1137/1137 1137/1136/1136
f 1130/1129/1129 1133/1133/1133 1134/1132/1132
f 1134/1132/1132 1129/1130/1130 1130/1129/1129
f 1134/1132/1132 1136/1137/1137 1131/1131/1131
f 1131/1131/1131 1129/1130/1130 1134/1132/1132
f 1131/1131/1131 1136/1137/1137 1127/1127/1127
f 1137/1136/1136 1139/1139/1139 1138/1138/1138
f 1139/1139/1139 1137/1136/1136 1135/1135/1135
f 1135/1135/1135 1140/1140/1140 1139/1139/1139
f 1132/1134/1134 1141/1141/1141 1140/1140/1140
f 1140/1140/1140 1135/1135/1135 1132/1134/1134
f 332/331/331 244/244/244 242/243/243
f 242/243/243 243/242/242 331/332/332
f 336/335/335 249/249/249 250/250/250
f 250/250/250 316/316/316 335/336/336
f 341/340/340 255/255/255 256/256/256
f 256/256/256 318/318/318 340/341/341
f 346/345/345 261/262/262 262/261/261
f 262/261/261 321/321/321 345/346/346
f 327/326/326 237/237/237 238/238/238
f 238/238/238 309/309/309 326/327/327
f 699/699/699 700/700/700 1142/1142/1142
f 699/699/699 1142/1142/1142 802/802/802
f 706/706/706 787/787/787 1143/1143/1143
f 706/706/706 1143/1143/1143 805/805/805
f 712/712/712 789/789/789 1144/1144/1144
f 712/712/712 1144/1144/1144 809/809/809
f 719/718/718 791/792/792 1145/1145/1145
f 719/718/718 1145/1145/1145 813/813/813
f 694/694/694 777/777/777 1146/1146/1146
f 694/694/694 1146/1146/1146 798/798/798
f 164/166/166 165/165/165 181/181/181
f 181/181/181 1147/1147/1147 164/166/166
f 383/383/383 1148/1148/1148 384/384/384
f 118/118/118 1149/1149/1149 1028/1028/1028
f 1028/1028/1028 117/119/119 118/118/118
f 1149/1149/1149 1150/1150/1150 1030/1030/1030
f 1030/1030/1030 1028/1028/1028 1149/1149/1149
f 552/551/551 533/535/535 534/534/534
f 531/531/531 527/527/527 379/381/381
f 118/118/118 531/531/531 379/381/381
f 379/381/381 1149/1149/1149 118/118/118
f 379/381/381 380/380/380 1150/1150/1150
f 1150/1150/1150 1149/1149/1149 379/381/381
f 419/419/419 417/417/417 119/117/117
f 119/117/117 120/120/120 419/419/419
f 368/370/370 481/481/481 482/480/480
f 482/480/480 371/371/371 368/370/370
f 482/480/480 467/467/467 386/385/385
f 386/385/385 371/371/371 482/480/480
f 128/126/126 410/410/410 1151/1151/1151
f 1151/1151/1151 1152/1152/1152 128/126/126
f 1151/1151/1151 410/410/410 411/411/411
f 411/411/411 1153/1153/1153 1151/1151/1151
f 416/414/414 1154/1154/1154 422/422/422
f 422/422/422 415/415/415 416/414/414
f 422/422/422 1154/1154/1154 1155/1155/1155
f 1155/1155/1155 402/402/402 422/422/422
f 402/402/402 1155/1155/1155 1156/1156/1156
f 1156/1156/1156 401/399/399 402/402/402
f 416/414/414 418/418/418 1157/1157/1157
f 1157/1157/1157 1154/1154/1154 416/414/414
f 1154/1154/1154 1157/1157/1157 1158/1158/1158
f 1158/1158/1158 1155/1155/1155 1154/1154/1154
f 1155/1155/1155 1158/1158/1158 1159/1159/1159
f 1159/1159/1159 1156/1156/1156 1155/1155/1155
f 1162/1160/1160 1161/1161/1161 1160/1162/1162
f 1160/1162/1162 1163/1163/1163 1162/1160/1160
f 432/432/432 975/975/975 976/977/977
f 976/977/977 431/433/433 432/432/432
f 432/432/432 433/431/431 434/435/435
f 434/435/435 966/967/967 432/432/432
f 435/434/434 1164/1164/1164 967/966/966
f 967/966/966 434/435/435 435/434/434
f 1165/1165/1165 419/419/419 120/120/120
f 120/120/120 453/454/454 1165/1165/1165
f 966/967/967 974/972/972 975/975/975
f 975/975/975 432/432/432 966/967/967
f 1166/1166/1166 457/455/455 1025/1025/1025
f 457/455/455 969/969/969 973/973/973
f 973/973/973 1025/1025/1025 457/455/455
f 969/969/969 970/970/970 972/974/974
f 972/974/974 973/973/973 969/969/969
f 970/970/970 971/971/971 977/976/976
f 977/976/976 972/974/974 970/970/970
f 487/487/487 968/968/968 486/488/488
f 1166/1166/1166 1025/1025/1025 1026/1026/1026
f 1026/1026/1026 1167/1167/1167 1166/1166/1166
f 385/386/386 1161/1161/1161 1162/1160/1160
f 1162/1160/1160 370/368/368 385/386/386
f 370/368/368 1031/1032/1032 1032/1031/1031
f 1032/1031/1031 369/369/369 370/368/368
f 1162/1160/1160 1031/1032/1032 370/368/368
f 385/386/386 455/457/457 456/456/456
f 456/456/456 1161/1161/1161 385/386/386
f 1166/1166/1166 1160/1162/1162 1161/1161/1161
f 1161/1161/1161 456/456/456 1166/1166/1166
f 419/419/419 1165/1165/1165 1168/1168/1168
f 1168/1168/1168 418/418/418 419/419/419
f 418/418/418 1168/1168/1168 1152/1152/1152
f 1152/1152/1152 1157/1157/1157 418/418/418
f 1152/1152/1152 1151/1151/1151 1158/1158/1158
f 1158/1158/1158 1157/1157/1157 1152/1152/1152
f 1158/1158/1158 1151/1151/1151 1153/1153/1153
f 1153/1153/1153 1159/1159/1159 1158/1158/1158
f 1167/1167/1167 1169/1169/1169 1160/1162/1162
f 1160/1162/1162 1166/1166/1166 1167/1167/1167
f 1169/1169/1169 1170/1170/1170 1163/1163/1163
f 1163/1163/1163 1160/1162/1162 1169/1169/1169
f 1170/1170/1170 1171/1171/1171 1148/1148/1148
f 1148/1148/1148 1163/1163/1163 1170/1170/1170
f 364/366/366 1031/1032/1032 1162/1160/1160
f 1162/1160/1160 383/383/383 364/366/366
f 383/383/383 1162/1160/1160 1163/1163/1163
f 1163/1163/1163 1148/1148/1148 383/383/383
f 453/454/454 1164/1164/1164 435/434/434
f 435/434/434 1165/1165/1165 453/454/454
f 435/434/434 127/127/127 1168/1168/1168
f 1168/1168/1168 1165/1165/1165 435/434/434
f 127/127/127 128/126/126 1152/1152/1152
f 1152/1152/1152 1168/1168/1168 127/127/127
f 453/454/454 454/453/453 1172/1172/1172
f 1172/1172/1172 1164/1164/1164 453/454/454
f 1172/1172/1172 454/453/453 1027/1027/1027
f 1027/1027/1027 1173/1173/1173 1172/1172/1172
f 1027/1027/1027 1029/1029/1029 1174/1174/1174
f 1174/1174/1174 1173/1173/1173 1027/1027/1027
f 974/972/972 966/967/967 967/966/966
f 967/966/966 1026/1026/1026 974/972/972
f 967/966/966 1164/1164/1164 1167/1167/1167
f 1167/1167/1167 1026/1026/1026 967/966/966
f 1164/1164/1164 1172/1172/1172 1169/1169/1169
f 1169/1169/1169 1167/1167/1167 1164/1164/1164
f 1169/1169/1169 1172/1172/1172 1173/1173/1173
f 1173/1173/1173 1170/1170/1170 1169/1169/1169
f 1173/1173/1173 1174/1174/1174 1171/1171/1171
f 1171/1171/1171 1170/1170/1170 1173/1173/1173
f 126/128/128 960/960/960 129/129/129
f 960/960/960 394/394/394 395/393/393
f 395/393/393 129/129/129 960/960/960
f 129/129/129 395/393/393 410/410/410
f 410/410/410 128/126/126 129/129/129
f 1166/1166/1166 456/456/456 457/455/455
f 167/167/167 164/166/166 1175/1175/1175
f 1175/1175/1175 301/301/301 167/167/167
f 1175/1175/1175 1177/1176/1176 1176/1177/1177
f 1176/1177/1177 1178/1178/1178 1175/1175/1175
f 508/508/508 302/303/303 392/392/392
f 392/392/392 507/506/506 508/508/508
f 1022/1022/1022 1023/1023/1023 298/297/297
f 298/297/297 294/296/296 1022/1022/1022
f 1023/1023/1023 516/515/515 1179/1179/1179
f 1179/1179/1179 298/297/297 1023/1023/1023
f 1179/1179/1179 516/515/515 517/517/517
f 517/517/517 510/510/510 1179/1179/1179
f 517/517/517 506/507/507 507/506/506
f 507/506/506 510/510/510 517/517/517
f 297/298/298 298/297/297 1179/1179/1179
f 297/298/298 1179/1179/1179 1180/1180/1180
f 296/294/294 297/298/298 1180/1180/1180
f 296/294/294 1180/1180/1180 168/169/169
f 168/169/169 293/293/293 296/294/294
f 1180/1180/1180 509/509/509 143/143/143
f 143/143/143 168/169/169 1180/1180/1180
f 143/143/143 509/509/509 392/392/392
f 392/392/392 142/144/144 143/143/143
f 299/300/300 187/187/187 166/164/164
f 166/164/164 167/167/167 299/300/300
f 164/166/166 1147/1147/1147 1177/1176/1176
f 1177/1176/1176 1175/1175/1175 164/166/166
f 508/508/508 1181/1181/1181 304/304/304
f 304/304/304 302/303/303 508/508/508
f 1180/1180/1180 1179/1179/1179 510/510/510
f 510/510/510 509/509/509 1180/1180/1180
f 512/512/512 499/499/499 505/505/505
f 505/505/505 515/516/516 512/512/512
f 505/505/505 519/519/519 520/520/520
f 520/520/520 515/516/516 505/505/505
f 519/519/519 445/445/445 501/501/501
f 501/501/501 520/520/520 519/519/519
f 1182/1182/1182 1017/1017/1017 1020/1018/1018
f 1020/1018/1018 1021/1021/1021 1182/1182/1182
f 1017/1017/1017 1182/1182/1182 1178/1178/1178
f 1178/1178/1178 1016/1015/1015 1017/1017/1017
f 1016/1015/1015 1178/1178/1178 1176/1177/1177
f 1176/1177/1177 1024/1024/1024 1016/1015/1015
f 502/500/500 503/503/503 1181/1181/1181
f 1181/1181/1181 508/508/508 502/500/500
f 287/286/286 420/420/420 295/295/295
f 295/295/295 286/287/287 287/286/286
f 286/287/287 295/295/295 296/294/294
f 296/294/294 293/293/293 286/287/287
f 1182/1182/1182 301/301/301 1175/1175/1175
f 1175/1175/1175 1178/1178/1178 1182/1182/1182
f 301/301/301 1182/1182/1182 1021/1021/1021
f 1021/1021/1021 300/299/299 301/301/301
f 300/299/299 1021/1021/1021 1018/1020/1020
f 1018/1020/1020 420/420/420 300/299/299
f 1018/1020/1020 294/296/296 295/295/295
f 295/295/295 420/420/420 1018/1020/1020
f 1185/1/1183 1184/4/1184 1183/3/1185
f 1183/3/1185 1186/2/1186 1185/1/1183
f 1187/5/1187 1185/1/1183 1186/2/1186
f 1186/2/1186 1188/6/1188 1187/5/1187
f 1187/5/1187 1188/6/1188 1189/8/1189
f 1189/8/1189 1190/7/1190 1187/5/1187
f 1192/9/1191 1191/10/1192 1184/4/1184
f 1184/4/1184 1185/1/1183 1192/9/1191
f 1187/5/1187 1193/11/1193 1192/9/1191
f 1192/9/1191 1185/1/1183 1187/5/1187
f 1193/11/1193 1187/5/1187 1190/7/1190
f 1196/12/1194 1195/14/1195 1194/13/1196
f 1198/15/1197 1197/16/1198 1195/14/1195
f 1195/14/1195 1196/12/1194 1198/15/1197
f 1198/15/1197 1200/18/1199 1199/17/1200
f 1199/17/1200 1197/16/1198 1198/15/1197
f 1201/19/1201 1197/16/1198 1199/17/1200
f 1199/17/1200 1202/20/1202 1201/19/1201
f 1197/16/1198 1201/19/1201 1203/21/1203
f 1203/21/1203 1195/14/1195 1197/16/1198
f 1195/14/1195 1203/21/1203 1190/7/1190
f 1190/7/1190 1194/13/1196 1195/14/1195
f 1192/9/1191 1201/19/1201 1202/20/1202
f 1202/20/1202 1191/10/1192 1192/9/1191
f 1192/9/1191 1193/11/1193 1203/21/1203
f 1203/21/1203 1201/19/1201 1192/9/1191
f 1190/7/1190 1203/21/1203 1193/11/1193
f 1206/22/1204 1205/25/1205 1204/24/1206
f 1204/24/1206 1207/23/1207 1206/22/1204
f 1208/26/1208 1206/22/1204 1207/23/1207
f 1207/23/1207 1209/27/1209 1208/26/1208
f 1208/26/1208 1209/27/1209 1210/29/1210
f 1210/29/1210 1211/28/1211 1208/26/1208
f 1213/30/1212 1212/31/1213 1205/25/1205
f 1205/25/1205 1206/22/1204 1213/30/1212
f 1208/26/1208 1214/32/1214 1213/30/1212
f 1213/30/1212 1206/22/1204 1208/26/1208
f 1214/32/1214 1208/26/1208 1211/28/1211
f 1217/33/1215 1216/35/1216 1215/34/1217
f 1219/36/1218 1218/37/1219 1216/35/1216
f 1216/35/1216 1217/33/1215 1219/36/1218
f 1218/37/1219 1219/36/1218 1220/39/1220
f 1220/39/1220 1221/38/1221 1218/37/1219
f 1222/40/1222 1218/37/1219 1221/38/1221
f 1221/38/1221 1223/41/1223 1222/40/1222
f 1218/37/1219 1222/40/1222 1224/42/1224
f 1224/42/1224 1216/35/1216 1218/37/1219
f 1216/35/1216 1224/42/1224 1211/28/1211
f 1211/28/1211 1215/34/1217 1216/35/1216
f 1212/31/1213 1213/30/1212 1222/40/1222
f 1222/40/1222 1223/41/1223 1212/31/1213
f 1213/30/1212 1214/32/1214 1224/42/1224
f 1224/42/1224 1222/40/1222 1213/30/1212
f 1211/28/1211 1224/42/1224 1214/32/1214
f 1227/43/1225 1226/46/1226 1225/45/1227
f 1225/45/1227 1228/44/1228 1227/43/1225
f 1229/47/1229 1227/43/1225 1228/44/1228
f 1228/44/1228 1230/48/1230 1229/47/1229
f 1229/47/1229 1230/48/1230 1231/50/1231
f 1231/50/1231 1232/49/1232 1229/47/1229
f 1234/51/1233 1233/52/1234 1226/46/1226
f 1226/46/1226 1227/43/1225 1234/51/1233
f 1229/47/1229 1235/53/1235 1234/51/1233
f 1234/51/1233 1227/43/1225 1229/47/1229
f 1235/53/1235 1229/47/1229 1232/49/1232
f 1238/54/1236 1237/56/1237 1236/55/1238
f 1240/57/1239 1239/58/1240 1237/56/1237
f 1237/56/1237 1238/54/1236 1240/57/1239
f 1240/57/1239 1242/60/1241 1241/59/1242
f 1241/59/1242 1239/58/1240 1240/57/1239
f 1243/61/1243 1239/58/1240 1241/59/1242
f 1241/59/1242 1244/62/1244 1243/61/1243
f 1239/58/1240 1243/61/1243 1245/63/1245
f 1245/63/1245 1237/56/1237 1239/58/1240
f 1237/56/1237 1245/63/1245 1232/49/1232
f 1232/49/1232 1236/55/1238 1237/56/1237
f 1234/51/1233 1243/61/1243 1244/62/1244
f 1244/62/1244 1233/52/1234 1234/51/1233
f 1234/51/1233 1235/53/1235 1245/63/1245
f 1245/63/1245 1243/61/1243 1234/51/1233
f 1232/49/1232 1245/63/1245 1235/53/1235
f 1248/64/1246 1247/67/1247 1246/66/1248
f 1246/66/1248 1249/65/1249 1248/64/1246
f 1250/68/1250 1248/64/1246 1249/65/1249
f 1249/65/1249 1251/69/1251 1250/68/1250
f 1250/68/1250 1251/69/1251 1252/71/1252
f 1252/71/1252 1253/70/1253 1250/68/1250
f 1255/72/1254 1254/73/1255 1247/67/1247
f 1247/67/1247 1248/64/1246 1255/72/1254
f 1250/68/1250 1256/74/1256 1255/72/1254
f 1255/72/1254 1248/64/1246 1250/68/1250
f 1256/74/1256 1250/68/1250 1253/70/1253
f 1259/75/1257 1258/77/1258 1257/76/1259
f 1261/78/1260 1260/79/1261 1258/77/1258
f 1258/77/1258 1259/75/1257 1261/78/1260
f 1260/79/1261 1261/78/1260 1262/81/1262
f 1262/81/1262 1263/80/1263 1260/79/1261
f 1264/82/1264 1260/79/1261 1263/80/1263
f 1263/80/1263 1265/83/1265 1264/82/1264
f 1260/79/1261 1264/82/1264 1266/84/1266
f 1266/84/1266 1258/77/1258 1260/79/1261
f 1258/77/1258 1266/84/1266 1253/70/1253
f 1253/70/1253 1257/76/1259 1258/77/1258
f 1255/72/1254 1264/82/1264 1265/83/1265
f 1265/83/1265 1254/73/1255 1255/72/1254
f 1255/72/1254 1256/74/1256 1266/84/1266
f 1266/84/1266 1264/82/1264 1255/72/1254
f 1253/70/1253 1266/84/1266 1256/74/1256
f 1269/85/1267 1268/88/1268 1267/87/1269
f 1267/87/1269 1270/86/1270 1269/85/1267
f 1271/89/1271 1269/85/1267 1270/86/1270
f 1270/86/1270 1272/90/1272 1271/89/1271
f 1271/89/1271 1272/90/1272 1273/92/1273
f 1273/92/1273 1274/91/1274 1271/89/1271
f 1276/93/1275 1275/94/1276 1268/88/1268
f 1268/88/1268 1269/85/1267 1276/93/1275
f 1271/89/1271 1277/95/1277 1276/93/1275
f 1276/93/1275 1269/85/1267 1271/89/1271
f 1277/95/1277 1271/89/1271 1274/91/1274
f 1280/96/1278 1279/98/1279 1278/97/1280
f 1282/99/1281 1281/100/1282 1279/98/1279
f 1279/98/1279 1280/96/1278 1282/99/1281
f 1282/99/1281 1284/102/1283 1283/101/1284
f 1283/101/1284 1281/100/1282 1282/99/1281
f 1285/103/1285 1281/100/1282 1283/101/1284
f 1283/101/1284 1286/104/1286 1285/103/1285
f 1281/100/1282 1285/103/1285 1287/105/1287
f 1287/105/1287 1279/98/1279 1281/100/1282
f 1279/98/1279 1287/105/1287 1274/91/1274
f 1274/91/1274 1278/97/1280 1279/98/1279
f 1276/93/1275 1285/103/1285 1286/104/1286
f 1286/104/1286 1275/94/1276 1276/93/1275
f 1276/93/1275 1277/95/1277 1287/105/1287
f 1287/105/1287 1285/103/1285 1276/93/1275
f 1274/91/1274 1287/105/1287 1277/95/1277
f 1289/106/1288 1288/109/1289 106/108/108
f 106/108/108 107/107/107 1289/106/1288
f 1291/110/1290 1290/113/1291 110/112/112
f 110/112/112 111/111/111 1291/110/1290
f 116/114/114 114/116/116 1292/115/1292
f 1295/117/1293 1294/120/1294 1293/119/1295
f 1293/119/1295 1296/118/1296 1295/117/1293
f 1299/121/1297 1298/123/1298 1297/122/1299
f 1290/113/1291 1291/110/1290 1300/125/1300
f 1300/125/1300 1301/124/1301 1290/113/1291
f 1304/126/1302 1303/129/1303 1302/128/1304
f 1302/128/1304 1305/127/1305 1304/126/1302
f 1308/130/1306 1307/133/1307 1306/132/1308
f 1306/132/1308 1309/131/1309 1308/130/1306
f 1312/134/1310 1311/137/1311 1310/136/1312
f 1310/136/1312 1313/135/1313 1312/134/1310
f 1316/138/1314 1315/141/1315 1314/140/1316
f 1314/140/1316 1317/139/1317 1316/138/1314
f 1320/142/1318 1319/145/1319 1318/144/1320
f 1318/144/1320 1321/143/1321 1320/142/1318
f 1324/146/1322 1323/149/1323 1322/148/1324
f 1322/148/1324 1325/147/1325 1324/146/1322
f 1328/150/1326 1327/153/1327 1326/152/1328
f 1326/152/1328 1329/151/1329 1328/150/1326
f 1332/154/1330 1331/157/1331 1330/156/1332
f 1330/156/1332 1333/155/1333 1332/154/1330
f 1319/145/1319 1335/159/1334 1334/158/1335
f 1334/158/1335 1318/144/1320 1319/145/1319
f 1338/160/1336 1337/163/1337 1336/162/1338
f 1336/162/1338 1339/161/1339 1338/160/1336
f 1342/164/1340 1341/167/1341 1340/166/1342
f 1340/166/1342 1343/165/1343 1342/164/1340
f 1344/168/1344 1320/142/1318 1321/143/1321
f 1321/143/1321 1345/169/1345 1344/168/1344
f 1348/170/1346 1347/173/1347 1346/172/1348
f 1346/172/1348 1349/171/1349 1348/170/1346
f 1350/174/1350 1315/141/1315 1316/138/1314
f 1352/175/1351 1351/176/1352 1315/141/1315
f 1315/141/1315 1350/174/1350 1352/175/1351
f 1354/177/1353 1353/179/1354 1311/137/1311
f 1311/137/1311 1355/178/1355 1354/177/1353
f 1311/137/1311 1312/134/1310 1335/159/1334
f 1349/171/1349 1356/180/1356 1342/164/1340
f 1342/164/1340 1343/165/1343 1349/171/1349
f 1320/142/1318 1344/168/1344 1314/140/1316
f 1314/140/1316 1315/141/1315 1320/142/1318
f 1343/165/1343 1357/181/1357 1348/170/1346
f 1348/170/1346 1349/171/1349 1343/165/1343
f 1315/141/1315 1351/176/1352 1319/145/1319
f 1319/145/1319 1320/142/1318 1315/141/1315
f 1358/182/1358 1325/147/1325 1322/148/1324
f 1319/145/1319 1351/176/1352 1355/178/1355
f 1360/183/1359 1359/184/1360 1326/152/1328
f 1355/178/1355 1311/137/1311 1335/159/1334
f 1335/159/1334 1319/145/1319 1355/178/1355
f 1362/185/1361 1361/187/1362 1342/164/1340
f 1342/164/1340 1363/186/1363 1362/185/1361
f 1310/136/1312 1365/189/1364 1364/188/1365
f 1364/188/1365 1313/135/1313 1310/136/1312
f 1339/161/1339 1367/192/1366 1366/191/1367
f 1366/191/1367 1368/190/1368 1339/161/1339
f 1346/172/1348 1370/195/1369 1369/194/1370
f 1369/194/1370 1371/193/1371 1346/172/1348
f 1370/195/1369 1346/172/1348 1347/173/1347
f 1347/173/1347 1372/196/1372 1370/195/1369
f 1316/138/1314 1374/198/1373 1373/197/1374
f 1373/197/1374 1350/174/1350 1316/138/1314
f 1374/198/1373 1316/138/1314 1317/139/1317
f 1317/139/1317 1375/199/1375 1374/198/1373
f 1378/200/1376 1377/203/1377 1376/202/1378
f 1376/202/1378 1379/201/1379 1378/200/1376
f 1382/204/1380 1381/207/1381 1380/206/1382
f 1380/206/1382 1383/205/1383 1382/204/1380
f 1384/208/1384 1352/175/1351 1350/174/1350
f 1350/174/1350 1385/209/1385 1384/208/1384
f 1383/205/1383 1387/211/1386 1386/210/1387
f 1386/210/1387 1382/204/1380 1383/205/1383
f 1328/150/1326 1389/213/1388 1388/212/1389
f 1388/212/1389 1327/153/1327 1328/150/1326
f 1392/214/1390 1391/217/1391 1390/216/1392
f 1390/216/1392 1393/215/1393 1392/214/1390
f 1396/218/1394 1395/221/1395 1394/220/1396
f 1394/220/1396 1397/219/1397 1396/218/1394
f 1393/215/1393 1399/223/1398 1398/222/1399
f 1398/222/1399 1392/214/1390 1393/215/1393
f 1400/224/1400 1331/157/1331 1332/154/1330
f 1332/154/1330 1401/225/1401 1400/224/1400
f 1404/226/1402 1403/229/1403 1402/228/1404
f 1402/228/1404 1405/227/1405 1404/226/1402
f 1353/179/1354 1354/177/1353 1406/231/1406
f 1406/231/1406 1407/230/1407 1353/179/1354
f 1405/227/1405 1409/233/1408 1408/232/1409
f 1408/232/1409 1404/226/1402 1405/227/1405
f 1410/234/1410 1338/160/1336 1339/161/1339
f 1339/161/1339 1411/235/1411 1410/234/1410
f 1368/190/1368 1412/236/1412 1411/235/1411
f 1411/235/1411 1339/161/1339 1368/190/1368
f 1414/237/1413 1413/238/1414 1364/188/1365
f 1364/188/1365 1365/189/1364 1414/237/1413
f 1370/195/1369 1416/240/1415 1415/239/1416
f 1415/239/1416 1369/194/1370 1370/195/1369
f 1416/240/1415 1370/195/1369 1372/196/1372
f 1372/196/1372 1417/241/1417 1416/240/1415
f 1418/242/1418 1373/197/1374 1374/198/1373
f 1374/198/1373 1419/243/1419 1418/242/1418
f 1420/244/1420 1419/243/1419 1374/198/1373
f 1374/198/1373 1375/199/1375 1420/244/1420
f 1422/245/1421 1421/246/1422 1376/202/1378
f 1376/202/1378 1377/203/1377 1422/245/1421
f 1423/247/1423 1380/206/1382 1381/207/1381
f 1381/207/1381 1424/248/1424 1423/247/1423
f 1426/249/1425 1425/250/1426 1384/208/1384
f 1384/208/1384 1385/209/1385 1426/249/1425
f 1428/251/1427 1427/252/1428 1388/212/1389
f 1388/212/1389 1389/213/1388 1428/251/1427
f 1430/253/1429 1429/254/1430 1390/216/1392
f 1390/216/1392 1391/217/1391 1430/253/1429
f 1432/255/1431 1431/256/1432 1397/219/1397
f 1397/219/1397 1394/220/1396 1432/255/1431
f 1434/257/1433 1433/258/1434 1400/224/1400
f 1400/224/1400 1401/225/1401 1434/257/1433
f 1436/259/1435 1435/260/1436 1402/228/1404
f 1402/228/1404 1403/229/1403 1436/259/1435
f 1407/230/1407 1406/231/1406 1437/262/1437
f 1437/262/1437 1438/261/1438 1407/230/1407
f 1440/263/1439 1439/264/1440 1410/234/1410
f 1410/234/1410 1411/235/1411 1440/263/1439
f 1441/265/1441 1440/263/1439 1411/235/1411
f 1411/235/1411 1412/236/1412 1441/265/1441
f 1444/266/1442 1443/269/1443 1442/268/1444
f 1442/268/1444 1445/267/1445 1444/266/1442
f 1444/266/1442 1445/267/1445 1446/271/1446
f 1446/271/1446 1447/270/1447 1444/266/1442
f 1446/271/1446 1448/272/1448 1362/185/1361
f 1362/185/1361 1447/270/1447 1446/271/1446
f 1451/273/1449 1450/275/1450 1449/274/1451
f 1449/274/1451 1367/192/1366 1451/273/1449
f 1451/273/1449 1367/192/1366 1339/161/1339
f 1339/161/1339 1452/276/1452 1451/273/1449
f 1336/162/1338 1453/277/1453 1452/276/1452
f 1452/276/1452 1339/161/1339 1336/162/1338
f 1363/186/1363 1342/164/1340 1356/180/1356
f 1400/224/1400 1433/258/1434 1454/279/1454
f 1454/279/1454 1455/278/1455 1400/224/1400
f 1400/224/1400 1455/278/1455 1456/280/1456
f 1456/280/1456 1331/157/1331 1400/224/1400
f 1456/280/1456 1457/281/1457 1330/156/1332
f 1330/156/1332 1331/157/1331 1456/280/1456
f 1359/184/1360 1360/183/1359 1330/156/1332
f 1388/212/1389 1427/252/1428 1458/283/1458
f 1458/283/1458 1459/282/1459 1388/212/1389
f 1388/212/1389 1459/282/1459 1460/284/1460
f 1460/284/1460 1327/153/1327 1388/212/1389
f 1460/284/1460 1461/285/1461 1326/152/1328
f 1326/152/1328 1327/153/1327 1460/284/1460
f 1360/183/1359 1358/182/1358 1462/287/1462
f 1462/287/1462 1463/286/1463 1360/183/1359
f 1465/288/1464 1464/289/1465 1376/202/1378
f 1376/202/1378 1421/246/1422 1465/288/1464
f 1466/290/1466 1379/201/1379 1376/202/1378
f 1376/202/1378 1464/289/1465 1466/290/1466
f 1467/291/1467 1322/148/1324 1379/201/1379
f 1379/201/1379 1466/290/1466 1467/291/1467
f 1467/291/1467 1468/292/1468 1358/182/1358
f 1358/182/1358 1322/148/1324 1467/291/1467
f 1358/182/1358 1468/292/1468 1469/293/1469
f 1469/293/1469 1462/287/1462 1358/182/1358
f 1472/298/1470 1471/297/1471 1470/296/1472
f 1473/294/1473 1472/298/1470 1470/296/1472
f 1473/294/1473 1470/296/1472 1474/295/1474
f 1476/299/1475 1475/301/1476 1341/167/1341
f 1341/167/1341 1477/300/1477 1476/299/1475
f 1344/168/1344 1345/169/1345 1469/293/1469
f 1469/293/1469 1468/292/1468 1344/168/1344
f 1468/292/1468 1467/291/1467 1314/140/1316
f 1314/140/1316 1344/168/1344 1468/292/1468
f 1467/291/1467 1466/290/1466 1317/139/1317
f 1317/139/1317 1314/140/1316 1467/291/1467
f 1466/290/1466 1464/289/1465 1375/199/1375
f 1375/199/1375 1317/139/1317 1466/290/1466
f 1480/302/1478 1479/304/1479 1478/303/1480
f 1478/303/1480 1334/158/1335 1480/302/1478
f 1335/159/1334 1481/305/1481 1480/302/1478
f 1480/302/1478 1334/158/1335 1335/159/1334
f 1335/159/1334 1312/134/1310 1482/306/1482
f 1482/306/1482 1481/305/1481 1335/159/1334
f 1312/134/1310 1313/135/1313 1483/307/1483
f 1483/307/1483 1482/306/1482 1312/134/1310
f 1313/135/1313 1364/188/1365 1484/308/1484
f 1484/308/1484 1483/307/1483 1313/135/1313
f 1364/188/1365 1413/238/1414 1485/309/1485
f 1485/309/1485 1484/308/1484 1364/188/1365
f 1445/267/1445 1442/268/1444 1486/310/1486
f 1486/310/1486 1409/233/1408 1445/267/1445
f 1405/227/1405 1446/271/1446 1445/267/1445
f 1445/267/1445 1409/233/1408 1405/227/1405
f 1446/271/1446 1405/227/1405 1487/311/1487
f 1487/311/1487 1448/272/1448 1446/271/1446
f 1487/311/1487 1405/227/1405 1332/154/1330
f 1332/154/1330 1333/155/1333 1487/311/1487
f 1405/227/1405 1402/228/1404 1401/225/1401
f 1401/225/1401 1332/154/1330 1405/227/1405
f 1401/225/1401 1402/228/1404 1435/260/1436
f 1435/260/1436 1434/257/1433 1401/225/1401
f 1455/278/1455 1454/279/1454 1488/312/1488
f 1488/312/1488 1399/223/1398 1455/278/1455
f 1393/215/1393 1456/280/1456 1455/278/1455
f 1455/278/1455 1399/223/1398 1393/215/1393
f 1456/280/1456 1393/215/1393 1489/313/1489
f 1489/313/1489 1457/281/1457 1456/280/1456
f 1489/313/1489 1393/215/1393 1328/150/1326
f 1328/150/1326 1329/151/1329 1489/313/1489
f 1393/215/1393 1390/216/1392 1389/213/1388
f 1389/213/1388 1328/150/1326 1393/215/1393
f 1389/213/1388 1390/216/1392 1429/254/1430
f 1429/254/1430 1428/251/1427 1389/213/1388
f 1459/282/1459 1458/283/1458 1490/314/1490
f 1490/314/1490 1387/211/1386 1459/282/1459
f 1383/205/1383 1460/284/1460 1459/282/1459
f 1459/282/1459 1387/211/1386 1383/205/1383
f 1460/284/1460 1383/205/1383 1324/146/1322
f 1324/146/1322 1461/285/1461 1460/284/1460
f 1324/146/1322 1383/205/1383 1378/200/1376
f 1378/200/1376 1323/149/1323 1324/146/1322
f 1383/205/1383 1380/206/1382 1377/203/1377
f 1377/203/1377 1378/200/1376 1383/205/1383
f 1377/203/1377 1380/206/1382 1423/247/1423
f 1423/247/1423 1422/245/1421 1377/203/1377
f 1439/264/1440 1443/269/1443 1444/266/1442
f 1444/266/1442 1410/234/1410 1439/264/1440
f 1444/266/1442 1447/270/1447 1338/160/1336
f 1338/160/1336 1410/234/1410 1444/266/1442
f 1447/270/1447 1362/185/1361 1337/163/1337
f 1337/163/1337 1338/160/1336 1447/270/1447
f 1452/276/1452 1453/277/1453 1356/180/1356
f 1356/180/1356 1371/193/1371 1452/276/1452
f 1369/194/1370 1451/273/1449 1452/276/1452
f 1452/276/1452 1371/193/1371 1369/194/1370
f 1369/194/1370 1415/239/1416 1450/275/1450
f 1450/275/1450 1451/273/1449 1369/194/1370
f 1378/200/1376 1379/201/1379 1322/148/1324
f 1322/148/1324 1323/149/1323 1378/200/1376
f 1324/146/1322 1325/147/1325 1326/152/1328
f 1326/152/1328 1461/285/1461 1324/146/1322
f 1489/313/1489 1329/151/1329 1326/152/1328
f 1326/152/1328 1359/184/1360 1489/313/1489
f 1489/313/1489 1359/184/1360 1330/156/1332
f 1330/156/1332 1457/281/1457 1489/313/1489
f 1487/311/1487 1333/155/1333 1330/156/1332
f 1330/156/1332 1491/315/1491 1487/311/1487
f 1487/311/1487 1491/315/1491 1362/185/1361
f 1362/185/1361 1448/272/1448 1487/311/1487
f 1336/162/1338 1337/163/1337 1362/185/1361
f 1362/185/1361 1363/186/1363 1336/162/1338
f 1336/162/1338 1363/186/1363 1356/180/1356
f 1356/180/1356 1453/277/1453 1336/162/1338
f 1493/316/1492 1492/317/1493 1384/208/1384
f 1384/208/1384 1425/250/1426 1493/316/1492
f 1492/317/1493 1395/221/1395 1352/175/1351
f 1352/175/1351 1384/208/1384 1492/317/1493
f 1495/318/1494 1494/319/1495 1397/219/1397
f 1397/219/1397 1431/256/1432 1495/318/1494
f 1354/177/1353 1396/218/1394 1397/219/1397
f 1397/219/1397 1494/319/1495 1354/177/1353
f 1351/176/1352 1395/221/1395 1396/218/1394
f 1396/218/1394 1355/178/1355 1351/176/1352
f 1438/261/1438 1497/321/1496 1496/320/1497
f 1496/320/1497 1407/230/1407 1438/261/1438
f 1310/136/1312 1353/179/1354 1407/230/1407
f 1407/230/1407 1496/320/1497 1310/136/1312
f 1367/192/1366 1449/274/1451 1498/322/1498
f 1498/322/1498 1366/191/1367 1367/192/1366
f 1409/233/1408 1486/310/1486 1499/323/1499
f 1499/323/1499 1408/232/1409 1409/233/1408
f 1399/223/1398 1488/312/1488 1500/324/1500
f 1500/324/1500 1398/222/1399 1399/223/1398
f 1387/211/1386 1490/314/1490 1501/325/1501
f 1501/325/1501 1386/210/1387 1387/211/1386
f 1375/199/1375 1464/289/1465 1465/288/1464
f 1465/288/1464 1420/244/1420 1375/199/1375
f 1503/326/1502 1502/327/1503 1413/238/1414
f 1415/239/1416 1416/240/1415 1504/329/1504
f 1504/329/1504 1505/328/1505 1415/239/1416
f 1416/240/1415 1417/241/1417 1506/330/1506
f 1506/330/1506 1504/329/1504 1416/240/1415
f 1508/331/1507 1507/332/1508 1419/243/1419
f 1423/247/1423 1424/248/1424 1509/334/1509
f 1509/334/1509 1510/333/1510 1423/247/1423
f 1512/335/1511 1511/336/1512 1425/250/1426
f 1427/252/1428 1428/251/1427 1513/338/1513
f 1513/338/1513 1514/337/1514 1427/252/1428
f 1429/254/1430 1430/253/1429 1515/339/1515
f 1515/339/1515 1513/338/1513 1429/254/1430
f 1517/340/1516 1516/341/1517 1431/256/1432
f 1433/258/1434 1434/257/1433 1518/343/1518
f 1518/343/1518 1519/342/1519 1433/258/1434
f 1435/260/1436 1436/259/1435 1520/344/1520
f 1520/344/1520 1518/343/1518 1435/260/1436
f 1522/345/1521 1521/346/1522 1438/261/1438
f 1442/268/1444 1443/269/1443 1523/348/1523
f 1523/348/1523 1524/347/1524 1442/268/1444
f 1449/274/1451 1450/275/1450 1505/328/1505
f 1505/328/1505 1525/349/1525 1449/274/1451
f 1454/279/1454 1433/258/1434 1519/342/1519
f 1519/342/1519 1526/350/1526 1454/279/1454
f 1458/283/1458 1427/252/1428 1514/337/1514
f 1514/337/1514 1527/351/1527 1458/283/1458
f 1465/288/1464 1421/246/1422 1528/353/1528
f 1528/353/1528 1529/352/1529 1465/288/1464
f 1422/245/1421 1423/247/1423 1510/333/1510
f 1510/333/1510 1528/353/1528 1422/245/1421
f 1443/269/1443 1439/264/1440 1530/354/1530
f 1530/354/1530 1523/348/1523 1443/269/1443
f 1498/322/1498 1449/274/1451 1525/349/1525
f 1525/349/1525 1531/355/1531 1498/322/1498
f 1499/323/1499 1486/310/1486 1524/347/1524
f 1524/347/1524 1532/356/1532 1499/323/1499
f 1500/324/1500 1488/312/1488 1526/350/1526
f 1526/350/1526 1533/357/1533 1500/324/1500
f 1501/325/1501 1490/314/1490 1527/351/1527
f 1527/351/1527 1534/358/1534 1501/325/1501
f 1420/244/1420 1465/288/1464 1529/352/1529
f 1529/352/1529 1508/331/1507 1420/244/1420
f 1421/246/1422 1422/245/1421 1528/353/1528
f 1439/264/1440 1440/263/1439 1530/354/1530
f 1486/310/1486 1442/268/1444 1524/347/1524
f 1434/257/1433 1435/260/1436 1518/343/1518
f 1488/312/1488 1454/279/1454 1526/350/1526
f 1428/251/1427 1429/254/1430 1513/338/1513
f 1490/314/1490 1458/283/1458 1527/351/1527
f 1450/275/1450 1415/239/1416 1505/328/1505
f 1371/193/1371 1356/180/1356 1346/172/1348
f 1346/172/1348 1356/180/1356 1349/171/1349
f 1311/137/1311 1353/179/1354 1310/136/1312
f 1537/359/1535 1536/362/1536 1535/361/1537
f 1535/361/1537 1538/360/1538 1537/359/1535
f 1298/123/1298 1539/363/1539 1309/131/1309
f 1309/131/1309 1297/122/1299 1298/123/1298
f 1541/364/1540 367/367/367 1540/366/1541
f 1540/366/1541 1542/365/1542 1541/364/1540
f 1545/368/1543 1544/371/1544 1543/370/1545
f 1543/370/1545 1546/369/1546 1545/368/1543
f 1537/359/1535 1548/374/1547 1547/373/1548
f 1547/373/1548 1549/372/1549 1537/359/1535
f 1552/375/1550 1551/378/1551 1550/377/1552
f 1550/377/1552 1553/376/1553 1552/375/1550
f 381/379/379 1555/382/1554 1554/381/1555
f 1554/381/1555 380/380/380 381/379/379
f 367/367/367 384/384/384 1556/383/1556
f 1556/383/1556 1540/366/1541 367/367/367
f 1544/371/1544 1545/368/1543 1557/386/1557
f 1557/386/1557 1558/385/1558 1544/371/1544
f 1538/360/1538 1559/387/1559 1548/374/1547
f 1548/374/1547 1537/359/1535 1538/360/1538
f 1299/121/1297 1560/388/1560 1305/127/1305
f 1305/127/1305 1302/128/1304 1299/121/1297
f 1562/389/1561 1561/391/1562 1297/122/1299
f 1297/122/1299 1563/390/1563 1562/389/1561
f 1564/392/1564 1318/144/1320 1334/158/1335
f 1334/158/1335 1478/303/1480 1564/392/1564
f 1565/393/1565 396/396/396 393/395/395
f 393/395/395 1566/394/1566 1565/393/1565
f 1396/218/1394 1354/177/1353 1355/178/1355
f 397/397/397 1567/398/1567 1555/382/1554
f 1555/382/1554 381/379/379 397/397/397
f 401/399/399 1569/402/1568 1568/401/1569
f 1568/401/1569 400/400/400 401/399/399
f 1570/403/1570 406/406/406 403/405/405
f 403/405/405 1571/404/1571 1570/403/1570
f 408/407/407 409/409/409 1551/378/1551
f 1551/378/1551 1572/408/1572 408/407/407
f 1573/410/1573 411/411/411 396/396/396
f 396/396/396 1565/393/1565 1573/410/1573
f 1571/404/1571 1288/109/1289 1574/413/1574
f 1574/413/1574 1575/412/1575 1571/404/1571
f 1571/404/1571 403/405/405 106/108/108
f 106/108/108 1288/109/1289 1571/404/1571
f 400/400/400 1568/401/1569 1292/115/1292
f 1292/115/1292 114/116/116 400/400/400
f 1578/414/1576 1577/417/1577 1576/416/1578
f 1576/416/1578 1579/415/1579 1578/414/1576
f 1581/418/1580 1580/419/1581 1577/417/1577
f 1577/417/1577 1578/414/1576 1581/418/1580
f 1352/175/1351 1395/221/1395 1351/176/1352
f 1463/286/1463 1582/420/1582 1476/299/1475
f 1476/299/1475 1477/300/1477 1463/286/1463
f 1463/286/1463 1477/300/1477 1361/187/1362
f 1361/187/1362 1360/183/1359 1463/286/1463
f 1491/315/1491 1330/156/1332 1360/183/1359
f 1360/183/1359 1361/187/1362 1491/315/1491
f 1569/402/1568 1584/422/1583 1583/421/1584
f 1583/421/1584 1568/401/1569 1569/402/1568
f 1585/423/1585 1292/115/1292 1568/401/1569
f 1568/401/1569 1583/421/1584 1585/423/1585
f 1586/424/1586 116/114/114 1292/115/1292
f 1292/115/1292 1585/423/1585 1586/424/1586
f 393/395/395 426/426/426 1587/425/1587
f 1587/425/1587 1566/394/1566 393/395/395
f 1590/427/1588 1589/430/1589 1588/429/1590
f 1588/429/1590 1591/428/1591 1590/427/1588
f 1593/431/1592 1562/389/1561 1592/433/1593
f 1592/433/1593 1594/432/1594 1593/431/1592
f 1595/434/1595 1305/127/1305 1560/388/1560
f 1560/388/1560 1596/435/1596 1595/434/1595
f 1599/436/1597 1598/438/1598 1597/437/1599
f 1597/437/1599 1535/361/1537 1599/436/1597
f 1535/361/1537 1597/437/1599 1600/439/1600
f 1600/439/1600 1538/360/1538 1535/361/1537
f 1602/440/1601 1601/441/1602 1589/430/1589
f 1589/430/1589 1590/427/1588 1602/440/1601
f 1601/441/1602 1602/440/1601 1603/443/1603
f 1603/443/1603 1604/442/1604 1601/441/1602
f 1538/360/1538 1600/439/1600 1605/444/1605
f 1605/444/1605 1559/387/1559 1538/360/1538
f 1607/445/1606 1606/446/1607 1604/442/1604
f 1604/442/1604 1603/443/1603 1607/445/1606
f 1608/447/1608 450/450/450 447/449/449
f 447/449/449 1609/448/1609 1608/447/1608
f 451/451/451 1610/452/1610 1609/448/1609
f 1609/448/1609 447/449/449 451/451/451
f 1611/453/1611 1293/119/1295 1294/120/1294
f 1294/120/1294 1612/454/1612 1611/453/1611
f 1615/455/1613 1614/458/1614 1613/457/1615
f 1613/457/1615 1616/456/1616 1615/455/1613
f 1619/459/1617 1618/462/1618 1617/461/1619
f 1617/461/1619 1620/460/1620 1619/459/1617
f 1623/463/1621 1622/466/1622 1621/465/1623
f 1621/465/1623 1624/464/1624 1623/463/1621
f 1558/385/1558 1557/386/1557 1613/457/1615
f 1613/457/1615 1624/464/1624 1558/385/1558
f 1624/464/1624 1621/465/1623 1625/467/1625
f 1625/467/1625 1558/385/1558 1624/464/1624
f 1602/440/1601 1590/427/1588 1626/469/1626
f 1626/469/1626 1627/468/1627 1602/440/1601
f 1629/470/1628 1626/469/1626 1628/472/1629
f 1628/472/1629 1630/471/1630 1629/470/1628
f 1627/468/1627 1626/469/1626 1629/470/1628
f 1629/470/1628 1631/473/1631 1627/468/1627
f 1634/474/1632 1633/477/1633 1632/476/1634
f 1632/476/1634 1635/475/1635 1634/474/1632
f 1636/478/1636 1621/465/1623 1622/466/1622
f 1622/466/1622 1637/479/1637 1636/478/1636
f 1640/480/1638 1639/483/1639 1638/482/1640
f 1638/482/1640 1641/481/1641 1640/480/1638
f 1642/484/1642 1572/408/1572 1551/378/1551
f 1551/378/1551 1552/375/1550 1642/484/1642
f 409/409/409 485/485/485 1550/377/1552
f 1550/377/1552 1551/378/1551 409/409/409
f 1644/486/1643 1599/436/1597 1643/488/1644
f 1643/488/1644 1645/487/1645 1644/486/1643
f 1535/361/1537 1536/362/1536 1643/488/1644
f 1643/488/1644 1599/436/1597 1535/361/1537
f 1648/489/1646 1647/491/1647 1646/490/1648
f 1646/490/1648 1549/372/1549 1648/489/1646
f 1646/490/1648 1536/362/1536 1537/359/1535
f 1537/359/1535 1549/372/1549 1646/490/1648
f 1651/492/1649 1650/495/1650 1649/494/1651
f 1649/494/1651 1652/493/1652 1651/492/1649
f 1648/489/1646 1549/372/1549 1547/373/1548
f 1547/373/1548 1653/496/1653 1648/489/1646
f 1654/497/1654 1598/438/1598 1599/436/1597
f 1599/436/1597 1644/486/1643 1654/497/1654
f 1635/475/1635 1651/492/1649 1655/498/1655
f 1655/498/1655 1634/474/1632 1635/475/1635
f 1656/499/1656 1655/498/1655 1651/492/1649
f 1651/492/1649 1652/493/1652 1656/499/1656
f 1361/187/1362 1362/185/1361 1491/315/1491
f 1659/500/1657 1658/503/1658 1657/502/1659
f 1657/502/1659 1660/501/1660 1659/500/1657
f 1656/499/1656 1662/505/1661 1661/504/1662
f 1661/504/1662 1655/498/1655 1656/499/1656
f 1634/474/1632 1655/498/1655 1661/504/1662
f 1661/504/1662 1631/473/1631 1634/474/1632
f 1326/152/1328 1325/147/1325 1358/182/1358
f 1358/182/1358 1360/183/1359 1326/152/1328
f 1664/506/1663 1663/508/1664 1659/500/1657
f 1659/500/1657 1665/507/1665 1664/506/1663
f 1664/506/1663 1667/510/1666 1666/509/1667
f 1666/509/1667 1564/392/1564 1664/506/1663
f 1668/511/1668 1530/354/1530 1440/263/1439
f 1440/263/1439 1441/265/1441 1668/511/1668
f 1650/495/1650 1648/489/1646 1653/496/1653
f 1653/496/1653 1649/494/1651 1650/495/1650
f 1652/493/1652 1670/513/1669 1669/512/1670
f 1669/512/1670 1656/499/1656 1652/493/1652
f 1652/493/1652 1649/494/1651 1671/514/1671
f 1671/514/1671 1670/513/1669 1652/493/1652
f 1674/515/1672 1673/517/1673 1672/516/1674
f 1672/516/1674 1669/512/1670 1674/515/1672
f 1662/505/1661 1676/519/1675 1675/518/1676
f 1675/518/1676 1661/504/1662 1662/505/1661
f 1675/518/1676 1631/473/1631 1661/504/1662
f 1677/520/1677 1672/516/1674 1673/517/1673
f 1673/517/1673 1665/507/1665 1677/520/1677
f 1659/500/1657 1660/501/1660 1677/520/1677
f 1677/520/1677 1665/507/1665 1659/500/1657
f 1649/494/1651 1653/496/1653 1678/521/1678
f 1678/521/1678 1671/514/1671 1649/494/1651
f 1678/521/1678 1653/496/1653 1547/373/1548
f 1547/373/1548 1679/522/1679 1678/521/1678
f 1657/502/1659 1606/446/1607 1607/445/1606
f 1607/445/1606 1660/501/1660 1657/502/1659
f 1680/523/1680 1559/387/1559 1605/444/1605
f 1605/444/1605 1681/524/1681 1680/523/1680
f 1676/519/1675 1607/445/1606 1603/443/1603
f 1603/443/1603 1675/518/1676 1676/519/1675
f 1570/403/1570 1683/526/1682 1682/525/1683
f 1682/525/1683 1567/398/1567 1570/403/1570
f 1555/382/1554 1567/398/1567 1682/525/1683
f 1682/525/1683 1684/527/1684 1555/382/1554
f 1685/528/1685 1586/424/1586 1585/423/1585
f 1585/423/1585 1686/529/1686 1685/528/1685
f 1554/381/1555 1555/382/1554 1684/527/1684
f 1577/417/1577 1295/117/1293 1687/530/1687
f 1687/530/1687 1576/416/1578 1577/417/1577
f 1296/118/1296 1688/531/1688 1687/530/1687
f 1687/530/1687 1295/117/1293 1296/118/1296
f 1686/529/1686 1585/423/1585 1583/421/1584
f 1583/421/1584 1689/532/1689 1686/529/1686
f 1571/404/1571 1575/412/1575 1683/526/1682
f 1683/526/1682 1570/403/1570 1571/404/1571
f 1692/533/1690 1691/536/1691 1690/535/1692
f 1690/535/1692 1693/534/1693 1692/533/1690
f 1696/537/1694 1695/540/1695 1694/539/1696
f 1694/539/1696 1697/538/1697 1696/537/1694
f 1700/541/1698 1699/544/1699 1698/543/1700
f 1698/543/1700 1701/542/1701 1700/541/1698
f 1701/542/1701 1698/543/1700 1702/546/1702
f 1702/546/1702 1703/545/1703 1701/542/1701
f 1706/547/1704 1705/550/1705 1704/549/1706
f 1704/549/1706 1707/548/1707 1706/547/1704
f 1710/551/1708 1709/553/1709 1708/552/1710
f 1708/552/1710 1693/534/1693 1710/551/1708
f 1713/554/1711 1712/557/1712 1711/556/1713
f 1711/556/1713 1714/555/1714 1713/554/1711
f 1717/558/1715 1716/561/1716 1715/560/1717
f 1715/560/1717 1718/559/1718 1717/558/1715
f 1716/561/1716 1720/563/1719 1719/562/1720
f 1719/562/1720 1715/560/1717 1716/561/1716
f 1721/564/1721 1690/535/1692 1691/536/1691
f 1691/536/1691 1722/565/1722 1721/564/1721
f 1725/566/1723 1724/569/1724 1723/568/1725
f 1723/568/1725 1726/567/1726 1725/566/1723
f 1729/570/1727 1728/573/1728 1727/572/1729
f 1727/572/1729 1730/571/1730 1729/570/1727
f 1733/574/1731 1732/577/1732 1731/576/1733
f 1731/576/1733 1734/575/1734 1733/574/1731
f 1734/575/1734 1731/576/1733 1735/579/1735
f 1735/579/1735 1736/578/1736 1734/575/1734
f 1737/580/1737 1730/571/1730 1727/572/1729
f 1727/572/1729 1738/581/1738 1737/580/1737
f 1741/582/1739 1740/585/1740 1739/584/1741
f 1739/584/1741 1742/583/1742 1741/582/1739
f 1745/586/1743 1744/589/1744 1743/588/1745
f 1743/588/1745 1746/587/1746 1745/586/1743
f 1749/590/1747 1748/593/1748 1747/592/1749
f 1747/592/1749 1750/591/1750 1749/590/1747
f 1753/594/1751 1752/596/1752 1751/595/1753
f 1756/597/1754 1755/600/1755 1754/599/1756
f 1754/599/1756 1757/598/1757 1756/597/1754
f 1760/601/1758 1759/604/1759 1758/603/1760
f 1758/603/1760 1761/602/1761 1760/601/1758
f 1764/605/1762 1763/607/1763 1762/606/1764
f 1767/608/1765 1766/610/1766 1765/609/1767
f 1770/611/1768 1769/614/1769 1768/613/1770
f 1768/613/1770 1771/612/1771 1770/611/1768
f 1744/589/1744 1773/616/1772 1772/615/1773
f 1772/615/1773 1743/588/1745 1744/589/1744
f 1739/584/1741 1775/618/1774 1774/617/1775
f 1765/609/1767 1766/610/1766 1776/619/1776
f 1740/585/1740 1778/621/1777 1777/620/1778
f 1777/620/1778 1739/584/1741 1740/585/1740
f 1747/592/1749 1770/611/1768 1779/622/1779
f 1779/622/1779 1767/608/1765 1747/592/1749
f 1743/588/1745 1781/624/1780 1780/623/1781
f 1780/623/1781 1746/587/1746 1743/588/1745
f 1770/611/1768 1747/592/1749 1748/593/1748
f 1748/593/1748 1769/614/1769 1770/611/1768
f 1781/624/1780 1743/588/1745 1772/615/1773
f 1772/615/1773 1782/625/1782 1781/624/1780
f 1784/626/1783 1783/627/1784 1751/595/1753
f 1751/595/1753 1752/596/1752 1784/626/1783
f 1787/628/1785 1786/630/1786 1785/629/1787
f 1785/629/1787 1757/598/1757 1787/628/1785
f 1790/631/1788 1789/633/1789 1788/632/1790
f 1788/632/1790 1761/602/1761 1790/631/1788
f 1776/619/1776 1766/610/1766 1791/635/1791
f 1791/635/1791 1792/634/1792 1776/619/1776
f 1741/582/1739 1742/583/1742 1793/637/1793
f 1793/637/1793 1794/636/1794 1741/582/1739
f 1797/638/1795 1796/641/1796 1795/640/1797
f 1795/640/1797 1798/639/1798 1797/638/1795
f 1801/642/1799 1800/645/1800 1799/644/1801
f 1799/644/1801 1802/643/1802 1801/642/1799
f 1803/646/1803 1799/644/1801 1800/645/1800
f 1800/645/1800 1804/647/1804 1803/646/1803
f 1773/616/1772 1744/589/1744 1805/649/1805
f 1805/649/1805 1806/648/1806 1773/616/1772
f 1807/650/1807 1805/649/1805 1744/589/1744
f 1744/589/1744 1745/586/1743 1807/650/1807
f 1810/651/1808 1809/654/1809 1808/653/1810
f 1808/653/1810 1811/652/1811 1810/651/1808
f 1814/655/1812 1813/658/1813 1812/657/1814
f 1812/657/1814 1815/656/1815 1814/655/1812
f 1818/659/1816 1817/661/1817 1816/660/1818
f 1816/660/1818 1773/616/1772 1818/659/1816
f 1813/658/1813 1814/655/1812 1819/663/1819
f 1819/663/1819 1820/662/1820 1813/658/1813
f 1823/664/1821 1822/667/1822 1821/666/1823
f 1821/666/1823 1824/665/1824 1823/664/1821
f 1827/668/1825 1826/671/1826 1825/670/1827
f 1825/670/1827 1828/669/1828 1827/668/1825
f 1831/672/1829 1830/675/1830 1829/674/1831
f 1829/674/1831 1832/673/1832 1831/672/1829
f 1826/671/1826 1827/668/1825 1833/677/1833
f 1833/677/1833 1834/676/1834 1826/671/1826
f 1837/678/1835 1836/681/1836 1835/680/1837
f 1835/680/1837 1838/679/1838 1837/678/1835
f 1841/682/1839 1840/685/1840 1839/684/1841
f 1839/684/1841 1842/683/1842 1841/682/1839
f 1843/686/1843 1774/617/1775 1775/618/1774
f 1775/618/1774 1844/687/1844 1843/686/1843
f 1840/685/1840 1841/682/1839 1845/689/1845
f 1845/689/1845 1846/688/1846 1840/685/1840
f 1849/690/1847 1848/692/1848 1847/691/1849
f 1847/691/1849 1796/641/1796 1849/690/1847
f 1796/641/1796 1797/638/1795 1850/693/1850
f 1850/693/1850 1849/690/1847 1796/641/1796
f 1793/637/1793 1852/695/1851 1851/694/1852
f 1851/694/1852 1794/636/1794 1793/637/1793
f 1802/643/1802 1799/644/1801 1853/697/1853
f 1853/697/1853 1854/696/1854 1802/643/1802
f 1855/698/1855 1853/697/1853 1799/644/1801
f 1799/644/1801 1803/646/1803 1855/698/1855
f 1857/699/1856 1856/700/1857 1806/648/1806
f 1806/648/1806 1805/649/1805 1857/699/1856
f 1807/650/1807 1858/701/1858 1857/699/1856
f 1857/699/1856 1805/649/1805 1807/650/1807
f 1808/653/1810 1860/703/1859 1859/702/1860
f 1859/702/1860 1811/652/1811 1808/653/1810
f 1862/704/1861 1861/705/1862 1815/656/1815
f 1815/656/1815 1812/657/1814 1862/704/1861
f 1818/659/1816 1864/707/1863 1863/706/1864
f 1863/706/1864 1817/661/1817 1818/659/1816
f 1821/666/1823 1866/709/1865 1865/708/1866
f 1865/708/1866 1824/665/1824 1821/666/1823
f 1825/670/1827 1868/711/1867 1867/710/1868
f 1867/710/1868 1828/669/1828 1825/670/1827
f 1832/673/1832 1870/713/1869 1869/712/1870
f 1869/712/1870 1831/672/1829 1832/673/1832
f 1837/678/1835 1872/715/1871 1871/714/1872
f 1871/714/1872 1836/681/1836 1837/678/1835
f 1839/684/1841 1874/717/1873 1873/716/1874
f 1873/716/1874 1842/683/1842 1839/684/1841
f 1875/718/1875 1843/686/1843 1844/687/1844
f 1844/687/1844 1876/719/1876 1875/718/1875
f 1849/690/1847 1878/721/1877 1877/720/1878
f 1877/720/1878 1848/692/1848 1849/690/1847
f 1850/693/1850 1879/722/1879 1878/721/1877
f 1878/721/1877 1849/690/1847 1850/693/1850
f 1882/723/1880 1881/726/1881 1880/725/1882
f 1880/725/1882 1883/724/1883 1882/723/1880
f 1884/727/1884 1881/726/1881 1882/723/1880
f 1882/723/1880 1885/728/1885 1884/727/1884
f 1887/729/1886 1886/730/1887 1760/601/1758
f 1760/601/1758 1792/634/1792 1887/729/1886
f 1792/634/1792 1788/632/1790 1789/633/1789
f 1789/633/1789 1776/619/1776 1792/634/1792
f 1795/640/1797 1889/733/1888 1888/732/1889
f 1888/732/1889 1890/731/1890 1795/640/1797
f 1891/734/1891 1889/733/1888 1795/640/1797
f 1795/640/1797 1796/641/1796 1891/734/1891
f 1763/607/1763 1892/735/1892 1762/606/1764
f 1779/622/1779 1791/635/1791 1766/610/1766
f 1766/610/1766 1767/608/1765 1779/622/1779
f 1893/736/1893 1836/681/1836 1871/714/1872
f 1871/714/1872 1894/737/1894 1893/736/1893
f 1835/680/1837 1836/681/1836 1893/736/1893
f 1893/736/1893 1895/738/1895 1835/680/1837
f 1758/603/1760 1896/739/1896 1756/597/1754
f 1756/597/1754 1761/602/1761 1758/603/1760
f 1761/602/1761 1785/629/1787 1786/630/1786
f 1786/630/1786 1790/631/1788 1761/602/1761
f 1897/740/1897 1824/665/1824 1865/708/1866
f 1865/708/1866 1898/741/1898 1897/740/1897
f 1823/664/1821 1824/665/1824 1897/740/1897
f 1897/740/1897 1899/742/1899 1823/664/1821
f 1754/599/1756 1900/743/1900 1753/594/1751
f 1753/594/1751 1757/598/1757 1754/599/1756
f 1757/598/1757 1751/595/1753 1783/627/1784
f 1783/627/1784 1787/628/1785 1757/598/1757
f 1783/627/1784 1901/744/1901 1787/628/1785
f 1859/702/1860 1903/746/1902 1902/745/1903
f 1902/745/1903 1811/652/1811 1859/702/1860
f 1902/745/1903 1904/747/1904 1810/651/1808
f 1810/651/1808 1811/652/1811 1902/745/1903
f 1906/748/1905 1905/750/1906 1752/596/1752
f 1752/596/1752 1907/749/1907 1906/748/1905
f 1908/751/1908 1784/626/1783 1752/596/1752
f 1752/596/1752 1905/750/1906 1908/751/1908
f 1901/744/1901 1783/627/1784 1784/626/1783
f 1784/626/1783 1909/752/1909 1901/744/1901
f 1909/752/1909 1911/754/1910 1910/753/1911
f 1910/753/1911 1901/744/1901 1909/752/1909
f 1914/755/1912 1913/758/1913 1912/757/1914
f 1912/757/1914 1915/756/1915 1914/755/1912
f 1913/758/1913 1914/755/1912 1916/760/1916
f 1916/760/1916 1917/759/1917 1913/758/1913
f 1917/759/1917 1916/760/1916 1918/762/1918
f 1918/762/1918 1919/761/1919 1917/759/1917
f 1735/579/1735 1920/763/1920 1749/590/1747
f 1749/590/1747 1750/591/1750 1735/579/1735
f 1750/591/1750 1765/609/1767 1921/764/1921
f 1921/764/1921 1735/579/1735 1750/591/1750
f 1923/765/1922 1922/766/1923 1921/764/1921
f 1921/764/1921 1765/609/1767 1923/765/1922
f 1926/767/1924 1925/770/1925 1924/769/1926
f 1924/769/1926 1927/768/1927 1926/767/1924
f 1927/768/1927 1924/769/1926 1908/751/1908
f 1908/751/1908 1928/771/1928 1927/768/1927
f 1928/771/1928 1908/751/1908 1905/750/1906
f 1905/750/1906 1929/772/1929 1928/771/1928
f 1929/772/1929 1905/750/1906 1906/748/1905
f 1906/748/1905 1930/773/1930 1929/772/1929
f 1931/774/1931 1904/747/1904 1902/745/1903
f 1902/745/1903 1932/775/1932 1931/774/1931
f 1749/590/1747 1920/763/1920 1919/761/1919
f 1919/761/1919 1918/762/1918 1749/590/1747
f 1748/593/1748 1778/621/1777 1740/585/1740
f 1740/585/1740 1769/614/1769 1748/593/1748
f 1769/614/1769 1740/585/1740 1741/582/1739
f 1741/582/1739 1768/613/1770 1769/614/1769
f 1768/613/1770 1741/582/1739 1794/636/1794
f 1794/636/1794 1933/776/1933 1768/613/1770
f 1933/776/1933 1794/636/1794 1851/694/1852
f 1851/694/1852 1934/777/1934 1933/776/1933
f 1845/689/1845 1882/723/1880 1883/724/1883
f 1883/724/1883 1935/778/1935 1845/689/1845
f 1845/689/1845 1841/682/1839 1885/728/1885
f 1885/728/1885 1882/723/1880 1845/689/1845
f 1936/779/1936 1760/601/1758 1886/730/1887
f 1936/779/1936 1759/604/1759 1760/601/1758
f 1838/679/1838 1841/682/1839 1842/683/1842
f 1842/683/1842 1837/678/1835 1838/679/1838
f 1872/715/1871 1837/678/1835 1842/683/1842
f 1842/683/1842 1873/716/1874 1872/715/1871
f 1833/677/1833 1893/736/1893 1894/737/1894
f 1894/737/1894 1937/780/1937 1833/677/1833
f 1833/677/1833 1827/668/1825 1895/738/1895
f 1895/738/1895 1893/736/1893 1833/677/1833
f 1938/781/1938 1756/597/1754 1896/739/1896
f 1938/781/1938 1755/600/1755 1756/597/1754
f 1822/667/1822 1827/668/1825 1828/669/1828
f 1828/669/1828 1821/666/1823 1822/667/1822
f 1866/709/1865 1821/666/1823 1828/669/1828
f 1828/669/1828 1867/710/1868 1866/709/1865
f 1819/663/1819 1897/740/1897 1898/741/1898
f 1898/741/1898 1939/782/1939 1819/663/1819
f 1819/663/1819 1814/655/1812 1899/742/1899
f 1899/742/1899 1897/740/1897 1819/663/1819
f 1940/783/1940 1753/594/1751 1900/743/1900
f 1940/783/1940 1941/784/1941 1753/594/1751
f 1809/654/1809 1814/655/1812 1815/656/1815
f 1815/656/1815 1808/653/1810 1809/654/1809
f 1860/703/1859 1808/653/1810 1815/656/1815
f 1815/656/1815 1861/705/1862 1860/703/1859
f 1848/692/1848 1877/720/1878 1880/725/1882
f 1880/725/1882 1881/726/1881 1848/692/1848
f 1848/692/1848 1881/726/1881 1884/727/1884
f 1884/727/1884 1847/691/1849 1848/692/1848
f 1764/605/1762 1887/729/1886 1792/634/1792
f 1792/634/1792 1763/607/1763 1764/605/1762
f 1942/785/1942 1892/735/1892 1763/607/1763
f 1763/607/1763 1779/622/1779 1942/785/1942
f 1801/642/1799 1802/643/1802 1889/733/1888
f 1889/733/1888 1891/734/1891 1801/642/1799
f 1889/733/1888 1802/643/1802 1854/696/1854
f 1854/696/1854 1888/732/1889 1889/733/1888
f 1753/594/1751 1941/784/1941 1907/749/1907
f 1907/749/1907 1752/596/1752 1753/594/1751
f 1751/595/1753 1757/598/1757 1753/594/1751
f 1756/597/1754 1757/598/1757 1785/629/1787
f 1785/629/1787 1761/602/1761 1756/597/1754
f 1760/601/1758 1761/602/1761 1788/632/1790
f 1788/632/1790 1792/634/1792 1760/601/1758
f 1763/607/1763 1792/634/1792 1791/635/1791
f 1791/635/1791 1779/622/1779 1763/607/1763
f 1863/706/1864 1944/787/1943 1943/786/1944
f 1943/786/1944 1817/661/1817 1863/706/1864
f 1817/661/1817 1943/786/1944 1829/674/1831
f 1829/674/1831 1816/660/1818 1817/661/1817
f 1869/712/1870 1946/789/1945 1945/788/1946
f 1945/788/1946 1831/672/1829 1869/712/1870
f 1945/788/1946 1775/618/1774 1830/675/1830
f 1830/675/1830 1831/672/1829 1945/788/1946
f 1775/618/1774 1739/584/1741 1947/790/1947
f 1947/790/1947 1830/675/1830 1775/618/1774
f 1843/686/1843 1875/718/1875 1948/792/1948
f 1948/792/1948 1949/791/1949 1843/686/1843
f 1949/791/1949 1742/583/1742 1774/617/1775
f 1774/617/1775 1843/686/1843 1949/791/1949
f 1798/639/1798 1795/640/1797 1890/731/1890
f 1890/731/1890 1950/793/1950 1798/639/1798
f 1846/688/1846 1845/689/1845 1935/778/1935
f 1935/778/1935 1951/794/1951 1846/688/1846
f 1834/676/1834 1833/677/1833 1937/780/1937
f 1937/780/1937 1952/795/1952 1834/676/1834
f 1820/662/1820 1819/663/1819 1939/782/1939
f 1939/782/1939 1953/796/1953 1820/662/1820
f 1954/797/1954 1932/775/1932 1902/745/1903
f 1902/745/1903 1903/746/1902 1954/797/1954
f 1852/695/1851 1955/798/1955 1851/694/1852
f 1956/799/1956 1854/696/1854 1853/697/1853
f 1853/697/1853 1957/800/1957 1956/799/1956
f 1957/800/1957 1853/697/1853 1855/698/1855
f 1855/698/1855 1958/801/1958 1957/800/1957
f 1857/699/1856 1858/701/1858 1959/802/1959
f 1960/803/1960 1861/705/1862 1862/704/1861
f 1862/704/1861 1961/804/1961 1960/803/1960
f 1864/707/1863 1962/805/1962 1863/706/1864
f 1963/806/1963 1865/708/1866 1866/709/1865
f 1866/709/1865 1964/807/1964 1963/806/1963
f 1964/807/1964 1867/710/1868 1868/711/1867
f 1868/711/1867 1965/808/1965 1964/807/1964
f 1870/713/1869 1966/809/1966 1869/712/1870
f 1967/810/1967 1871/714/1872 1872/715/1871
f 1872/715/1871 1968/811/1968 1967/810/1967
f 1968/811/1968 1873/716/1874 1874/717/1873
f 1874/717/1873 1969/812/1969 1968/811/1968
f 1876/719/1876 1970/813/1970 1875/718/1875
f 1971/814/1971 1878/721/1877 1879/722/1879
f 1879/722/1879 1972/815/1972 1971/814/1971
f 1973/816/1973 1883/724/1883 1880/725/1882
f 1880/725/1882 1974/817/1974 1973/816/1973
f 1975/818/1975 1890/731/1890 1888/732/1889
f 1888/732/1889 1956/799/1956 1975/818/1975
f 1976/819/1976 1894/737/1894 1871/714/1872
f 1871/714/1872 1967/810/1967 1976/819/1976
f 1977/820/1977 1898/741/1898 1865/708/1866
f 1865/708/1866 1963/806/1963 1977/820/1977
f 1978/821/1978 1903/746/1902 1859/702/1860
f 1859/702/1860 1979/822/1979 1978/821/1978
f 1979/822/1979 1860/703/1859 1861/705/1862
f 1861/705/1862 1960/803/1960 1979/822/1979
f 1974/817/1974 1880/725/1882 1877/720/1878
f 1877/720/1878 1971/814/1971 1974/817/1974
f 1980/823/1980 1950/793/1950 1890/731/1890
f 1890/731/1890 1975/818/1975 1980/823/1980
f 1981/824/1981 1951/794/1951 1935/778/1935
f 1935/778/1935 1973/816/1973 1981/824/1981
f 1982/825/1982 1952/795/1952 1937/780/1937
f 1937/780/1937 1976/819/1976 1982/825/1982
f 1983/826/1983 1953/796/1953 1939/782/1939
f 1939/782/1939 1977/820/1977 1983/826/1983
f 1984/827/1984 1954/797/1954 1903/746/1902
f 1903/746/1902 1978/821/1978 1984/827/1984
f 1985/828/1985 1734/575/1734 1736/578/1736
f 1736/578/1736 1986/829/1986 1985/828/1985
f 1987/830/1987 1733/574/1731 1734/575/1734
f 1734/575/1734 1985/828/1985 1987/830/1987
f 1724/569/1724 1725/566/1723 1925/770/1925
f 1925/770/1925 1988/831/1988 1724/569/1724
f 1989/832/1989 1727/572/1729 1728/573/1728
f 1728/573/1728 1990/833/1990 1989/832/1989
f 1989/832/1989 1991/834/1991 1738/581/1738
f 1738/581/1738 1727/572/1729 1989/832/1989
f 1993/835/1992 1992/836/1993 1986/829/1986
f 1986/829/1986 1736/578/1736 1993/835/1992
f 1922/766/1923 1994/837/1994 1993/835/1992
f 1993/835/1992 1921/764/1921 1922/766/1923
f 1912/757/1914 1913/758/1913 1995/839/1995
f 1995/839/1995 1996/838/1996 1912/757/1914
f 1913/758/1913 1917/759/1917 1997/840/1997
f 1997/840/1997 1995/839/1995 1913/758/1913
f 1999/841/1998 1998/842/1999 1919/761/1919
f 1919/761/1919 1920/763/1920 1999/841/1998
f 1996/838/1996 1995/839/1995 2000/843/2000
f 1989/832/1989 2000/843/2000 2001/844/2001
f 2001/844/2001 1991/834/1991 1989/832/1989
f 1979/822/1979 1859/702/1860 1860/703/1859
f 1971/814/1971 1877/720/1878 1878/721/1877
f 1973/816/1973 1935/778/1935 1883/724/1883
f 1968/811/1968 1872/715/1871 1873/716/1874
f 1976/819/1976 1937/780/1937 1894/737/1894
f 1964/807/1964 1866/709/1865 1867/710/1868
f 1977/820/1977 1939/782/1939 1898/741/1898
f 1956/799/1956 1888/732/1889 1854/696/1854
f 1771/612/1771 1942/785/1942 1779/622/1779
f 1790/631/1788 1786/630/1786 1901/744/1901
f 1901/744/1901 1923/765/1922 1790/631/1788
f 1770/611/1768 1771/612/1771 1779/622/1779
f 1742/583/1742 1739/584/1741 1774/617/1775
f 1735/579/1735 1731/576/1733 1999/841/1998
f 1999/841/1998 1920/763/1920 1735/579/1735
f 2002/845/2002 1988/831/1988 1925/770/1925
f 1925/770/1925 1926/767/1924 2002/845/2002
f 2005/846/2003 2004/849/2004 2003/848/2005
f 2003/848/2005 2006/847/2006 2005/846/2003
f 1730/571/1730 1737/580/1737 2007/851/2007
f 2007/851/2007 2008/850/2008 1730/571/1730
f 1706/547/1704 1707/548/1707 2009/853/2009
f 2009/853/2009 2010/852/2010 1706/547/1704
f 2013/854/2011 2012/857/2012 2011/856/2013
f 2011/856/2013 2014/855/2014 2013/854/2011
f 2013/854/2011 1700/541/1698 1701/542/1701
f 1701/542/1701 2012/857/2012 2013/854/2011
f 1703/545/1703 2015/858/2015 2012/857/2012
f 2012/857/2012 1701/542/1701 1703/545/1703
f 2018/859/2016 2017/862/2017 2016/861/2018
f 2016/861/2018 2019/860/2019 2018/859/2016
f 1694/539/1696 2021/865/2020 2020/864/2021
f 2020/864/2021 2022/863/2022 1694/539/1696
f 1695/540/1695 2023/866/2023 2021/865/2020
f 2021/865/2020 1694/539/1696 1695/540/1695
f 2016/861/2018 2024/867/2024 2023/866/2023
f 2023/866/2023 1695/540/1695 2016/861/2018
f 2017/862/2017 2025/868/2025 2024/867/2024
f 2024/867/2024 2016/861/2018 2017/862/2017
f 2003/848/2005 2004/849/2004 2026/870/2026
f 2026/870/2026 2027/869/2027 2003/848/2005
f 2030/871/2028 2029/874/2029 2028/873/2030
f 2028/873/2030 2031/872/2031 2030/871/2028
f 2033/875/2032 2032/876/2033 2008/850/2008
f 2008/850/2008 1704/549/1706 2033/875/2032
f 1738/581/1738 1991/834/1991 1732/577/1732
f 1732/577/1732 1733/574/1731 1738/581/1738
f 1737/580/1737 1738/581/1738 1733/574/1731
f 1733/574/1731 1987/830/1987 1737/580/1737
f 2001/844/2001 2034/877/2034 1732/577/1732
f 1732/577/1732 1991/834/1991 2001/844/2001
f 2036/878/2035 2035/879/2036 2015/858/2015
f 2015/858/2015 1703/545/1703 2036/878/2035
f 2037/880/2037 2036/878/2035 1703/545/1703
f 1703/545/1703 1702/546/1702 2037/880/2037
f 1997/840/1997 1917/759/1917 1919/761/1919
f 1919/761/1919 1998/842/1999 1997/840/1997
f 2039/881/2038 2038/882/2039 2014/855/2014
f 2014/855/2014 2011/856/2013 2039/881/2038
f 2029/874/2029 1994/837/1994 2040/883/2040
f 2040/883/2040 2028/873/2030 2029/874/2029
f 2041/884/2041 2040/883/2040 1910/753/1911
f 1910/753/1911 1911/754/1910 2041/884/2041
f 2043/885/2042 2005/846/2003 2042/887/2043
f 2042/887/2043 2044/886/2044 2043/885/2042
f 1750/591/1750 1747/592/1749 1767/608/1765
f 1767/608/1765 1765/609/1767 1750/591/1750
f 1697/538/1697 2046/889/2045 2045/888/2046
f 2045/888/2046 1696/537/1694 1697/538/1697
f 1736/578/1736 1735/579/1735 1921/764/1921
f 1921/764/1921 1993/835/1992 1736/578/1736
f 1986/829/1986 2048/891/2047 2047/890/2048
f 2047/890/2048 1985/828/1985 1986/829/1986
f 1985/828/1985 2047/890/2048 2049/892/2049
f 2049/892/2049 1987/830/1987 1985/828/1985
f 2051/893/2050 2050/894/2051 1726/567/1726
f 1726/567/1726 1723/568/1725 2051/893/2050
f 2008/850/2008 2032/876/2033 1729/570/1727
f 1729/570/1727 1730/571/1730 2008/850/2008
f 1987/830/1987 2049/892/2049 2007/851/2007
f 2007/851/2007 1737/580/1737 1987/830/1987
f 1704/549/1706 2008/850/2008 2007/851/2007
f 2007/851/2007 1707/548/1707 1704/549/1706
f 2048/891/2047 2053/897/2052 2052/896/2053
f 2052/896/2053 2054/895/2054 2048/891/2047
f 1707/548/1707 2007/851/2007 2049/892/2049
f 2049/892/2049 2009/853/2009 1707/548/1707
f 2055/898/2055 2033/875/2032 1704/549/1706
f 1704/549/1706 1705/550/1705 2055/898/2055
f 2009/853/2009 2049/892/2049 2047/890/2048
f 2047/890/2048 2056/899/2056 2009/853/2009
f 2056/899/2056 2047/890/2048 2048/891/2047
f 2048/891/2047 2054/895/2054 2056/899/2056
f 2013/854/2011 2014/855/2014 2057/901/2057
f 2057/901/2057 2058/900/2058 2013/854/2011
f 2060/902/2059 2059/903/2060 1714/555/1714
f 1714/555/1714 1711/556/1713 2060/902/2059
f 2011/856/2013 2012/857/2012 2015/858/2015
f 2015/858/2015 2061/904/2061 2011/856/2013
f 2064/905/2062 2063/908/2063 2062/907/2064
f 2062/907/2064 2065/906/2065 2064/905/2062
f 2061/904/2061 2015/858/2015 2035/879/2036
f 2035/879/2036 2066/909/2066 2061/904/2061
f 2067/910/2067 2028/873/2030 2040/883/2040
f 2040/883/2040 2041/884/2041 2067/910/2067
f 2068/911/2068 2031/872/2031 2028/873/2030
f 2028/873/2030 2067/910/2067 2068/911/2068
f 2070/912/2069 2069/913/2070 2058/900/2058
f 2058/900/2058 2018/859/2016 2070/912/2069
f 2072/914/2071 2071/915/2072 2044/886/2044
f 2044/886/2044 2042/887/2043 2072/914/2071
f 2073/916/2073 2072/914/2071 2042/887/2043
f 2042/887/2043 2074/917/2074 2073/916/2073
f 2074/917/2074 2075/918/2075 2073/916/2073
f 2076/919/2076 2075/918/2075 2074/917/2074
f 2074/917/2074 2006/847/2006 2076/919/2076
f 2072/914/2071 1713/554/1711 1714/555/1714
f 1714/555/1714 2071/915/2072 2072/914/2071
f 1714/555/1714 2059/903/2060 2077/920/2077
f 2077/920/2077 2071/915/2072 1714/555/1714
f 2006/847/2006 2074/917/2074 2042/887/2043
f 2042/887/2043 2005/846/2003 2006/847/2006
f 2043/885/2042 2078/921/2078 2004/849/2004
f 2004/849/2004 2005/846/2003 2043/885/2042
f 2003/848/2005 2027/869/2027 2076/919/2076
f 2076/919/2076 2006/847/2006 2003/848/2005
f 2025/868/2025 2017/862/2017 2078/921/2078
f 2078/921/2078 2043/885/2042 2025/868/2025
f 2026/870/2026 2079/922/2079 2052/896/2053
f 2052/896/2053 2027/869/2027 2026/870/2026
f 2075/918/2075 2076/919/2076 2031/872/2031
f 1901/744/1901 1910/753/1911 1922/766/1923
f 1922/766/1923 1923/765/1922 1901/744/1901
f 1910/753/1911 2040/883/2040 1994/837/1994
f 1994/837/1994 1922/766/1923 1910/753/1911
f 2030/871/2028 2053/897/2052 1992/836/1993
f 1992/836/1993 2029/874/2029 2030/871/2028
f 1992/836/1993 1993/835/1992 1994/837/1994
f 1994/837/1994 2029/874/2029 1992/836/1993
f 2076/919/2076 2027/869/2027 2030/871/2028
f 2030/871/2028 2031/872/2031 2076/919/2076
f 2027/869/2027 2052/896/2053 2053/897/2052
f 2053/897/2052 2030/871/2028 2027/869/2027
f 1776/619/1776 1789/633/1789 1923/765/1922
f 2000/843/2000 1989/832/1989 1990/833/1990
f 1990/833/1990 1996/838/1996 2000/843/2000
f 2000/843/2000 1995/839/1995 1997/840/1997
f 1997/840/1997 2001/844/2001 2000/843/2000
f 2001/844/2001 1997/840/1997 1998/842/1999
f 1998/842/1999 2034/877/2034 2001/844/2001
f 2031/872/2031 2068/911/2068 2073/916/2073
f 2073/916/2073 2075/918/2075 2031/872/2031
f 2022/863/2022 2080/923/2080 1697/538/1697
f 1697/538/1697 1694/539/1696 2022/863/2022
f 2046/889/2045 1697/538/1697 2080/923/2080
f 2080/923/2080 2081/924/2081 2046/889/2045
f 1999/841/1998 1731/576/1733 1732/577/1732
f 1732/577/1732 2034/877/2034 1999/841/1998
f 1999/841/1998 2034/877/2034 1998/842/1999
f 1772/615/1773 1947/790/1947 2082/925/2082
f 2082/925/2082 1782/625/1782 1772/615/1773
f 1773/616/1772 1816/660/1818 1772/615/1773
f 2082/925/2082 1947/790/1947 1739/584/1741
f 1739/584/1741 1777/620/1778 2082/925/2082
f 1947/790/1947 1772/615/1773 1816/660/1818
f 1816/660/1818 1829/674/1831 1947/790/1947
f 1947/790/1947 1829/674/1831 1830/675/1830
f 1782/625/1782 2084/927/2083 2083/926/2084
f 2083/926/2084 1781/624/1780 1782/625/1782
f 1782/625/1782 2082/925/2082 2085/928/2085
f 2085/928/2085 2084/927/2083 1782/625/1782
f 1781/624/1780 2083/926/2084 1780/623/1781
f 2084/927/2083 2085/928/2085 1916/760/1916
f 1916/760/1916 1914/755/1912 2084/927/2083
f 1914/755/1912 1915/756/1915 2083/926/2084
f 2083/926/2084 2084/927/2083 1914/755/1912
f 2083/926/2084 1915/756/1915 1780/623/1781
f 1778/621/1777 2087/930/2086 2086/929/2087
f 2086/929/2087 1777/620/1778 1778/621/1777
f 2086/929/2087 2087/930/2086 1918/762/1918
f 1918/762/1918 1916/760/1916 2086/929/2087
f 1748/593/1748 1749/590/1747 2087/930/2086
f 2087/930/2086 1778/621/1777 1748/593/1748
f 1918/762/1918 2087/930/2086 1749/590/1747
f 2086/929/2087 1916/760/1916 2085/928/2085
f 2086/929/2087 2085/928/2085 2082/925/2082
f 2082/925/2082 1777/620/1778 2086/929/2087
f 2061/904/2061 2010/852/2010 2039/881/2038
f 2039/881/2038 2011/856/2013 2061/904/2061
f 2039/881/2038 2056/899/2056 2054/895/2054
f 2054/895/2054 2038/882/2039 2039/881/2038
f 2010/852/2010 2009/853/2009 2056/899/2056
f 2056/899/2056 2039/881/2038 2010/852/2010
f 2019/860/2019 2016/861/2018 1695/540/1695
f 1695/540/1695 1696/537/1694 2019/860/2019
f 2067/910/2067 1726/567/1726 2050/894/2051
f 2050/894/2051 2068/911/2068 2067/910/2067
f 2041/884/2041 1725/566/1723 1726/567/1726
f 1726/567/1726 2067/910/2067 2041/884/2041
f 1911/754/1910 1925/770/1925 1725/566/1723
f 1725/566/1723 2041/884/2041 1911/754/1910
f 1924/769/1926 1925/770/1925 1911/754/1910
f 1911/754/1910 1909/752/1909 1924/769/1926
f 1908/751/1908 1924/769/1926 1909/752/1909
f 1909/752/1909 1784/626/1783 1908/751/1908
f 2044/886/2044 2088/931/2088 2025/868/2025
f 2025/868/2025 2043/885/2042 2044/886/2044
f 1713/554/1711 2072/914/2071 2073/916/2073
f 2073/916/2073 2089/932/2089 1713/554/1711
f 2089/932/2089 2073/916/2073 2068/911/2068
f 2068/911/2068 2050/894/2051 2089/932/2089
f 2004/849/2004 2078/921/2078 2090/933/2090
f 2090/933/2090 2026/870/2026 2004/849/2004
f 2091/934/2091 2024/867/2024 2025/868/2025
f 2025/868/2025 2088/931/2088 2091/934/2091
f 2088/931/2088 2044/886/2044 2071/915/2072
f 2071/915/2072 2077/920/2077 2088/931/2088
f 2092/935/2092 1716/561/1716 1717/558/1715
f 1717/558/1715 2093/936/2093 2092/935/2092
f 2079/922/2079 2038/882/2039 2054/895/2054
f 2054/895/2054 2052/896/2053 2079/922/2079
f 2079/922/2079 2057/901/2057 2014/855/2014
f 2014/855/2014 2038/882/2039 2079/922/2079
f 1986/829/1986 1992/836/1993 2053/897/2052
f 2053/897/2052 2048/891/2047 1986/829/1986
f 2090/933/2090 2057/901/2057 2079/922/2079
f 2079/922/2079 2026/870/2026 2090/933/2090
f 2051/893/2050 2094/937/2094 2089/932/2089
f 2089/932/2089 2050/894/2051 2051/893/2050
f 2095/938/2095 939/939/939 450/450/450
f 450/450/450 1608/447/1608 2095/938/2095
f 1713/554/1711 2089/932/2089 2094/937/2094
f 2094/937/2094 1712/557/1712 1713/554/1711
f 1584/422/1583 1579/415/1579 1689/532/1689
f 1689/532/1689 1583/421/1584 1584/422/1583
f 2021/865/2020 2092/935/2092 2093/936/2093
f 2093/936/2093 2020/864/2021 2021/865/2020
f 1603/443/1603 1602/440/1601 1627/468/1627
f 1627/468/1627 1675/518/1676 1603/443/1603
f 1675/518/1676 1627/468/1627 1631/473/1631
f 1619/459/1617 1620/460/1620 1622/466/1622
f 1622/466/1622 1623/463/1621 1619/459/1617
f 1308/130/1306 2097/941/2096 2096/940/2097
f 2096/940/2097 1307/133/1307 1308/130/1306
f 2097/941/2096 1617/461/1619 2098/942/2098
f 2098/942/2098 2096/940/2097 2097/941/2096
f 1617/461/1619 1618/462/1618 2099/943/2099
f 2099/943/2099 2098/942/2098 1617/461/1619
f 1618/462/1618 2101/945/2100 2100/944/2101
f 2100/944/2101 2099/943/2099 1618/462/1618
f 1632/476/1634 2103/947/2102 2102/946/2103
f 2102/946/2103 1635/475/1635 1632/476/1634
f 1650/495/1650 1651/492/1649 1635/475/1635
f 1635/475/1635 2102/946/2103 1650/495/1650
f 2102/946/2103 1647/491/1647 1648/489/1646
f 1648/489/1646 1650/495/1650 2102/946/2103
f 2102/946/2103 2103/947/2102 2104/948/2104
f 2104/948/2104 1647/491/1647 2102/946/2103
f 2105/949/2105 1646/490/1648 1647/491/1647
f 1647/491/1647 2104/948/2104 2105/949/2105
f 2105/949/2105 1643/488/1644 1536/362/1536
f 1536/362/1536 1646/490/1648 2105/949/2105
f 1562/389/1561 1593/431/1592 1561/391/1562
f 1623/463/1621 1624/464/1624 1613/457/1615
f 1613/457/1615 1614/458/1614 1623/463/1621
f 2106/950/2106 1619/459/1617 1623/463/1621
f 1623/463/1621 1614/458/1614 2106/950/2106
f 2101/945/2100 1618/462/1618 1619/459/1617
f 1619/459/1617 2106/950/2106 2101/945/2100
f 2107/951/2107 1620/460/1620 1617/461/1619
f 1617/461/1619 2097/941/2096 2107/951/2107
f 1620/460/1620 2107/951/2107 1637/479/1637
f 1637/479/1637 1622/466/1622 1620/460/1620
f 1639/483/1639 1640/480/1638 1625/467/1625
f 1625/467/1625 2108/952/2108 1639/483/1639
f 2109/953/2109 2107/951/2107 2097/941/2096
f 2097/941/2096 1308/130/1306 2109/953/2109
f 2110/954/2110 1636/478/1636 1637/479/1637
f 1637/479/1637 2111/955/2111 2110/954/2110
f 2112/956/2112 1639/483/1639 2108/952/2108
f 2108/952/2108 2113/957/2113 2112/956/2112
f 1639/483/1639 2112/956/2112 1638/482/1640
f 2111/955/2111 1637/479/1637 2107/951/2107
f 2107/951/2107 2109/953/2109 2111/955/2111
f 1301/124/1301 2111/955/2111 2109/953/2109
f 2109/953/2109 1539/363/1539 1301/124/1301
f 1290/113/1291 1301/124/1301 1539/363/1539
f 1539/363/1539 2114/958/2114 1290/113/1291
f 959/959/959 110/112/112 1290/113/1291
f 1290/113/1291 2114/958/2114 959/959/959
f 1299/121/1297 1302/128/1304 2115/960/2115
f 2115/960/2115 1298/123/1298 1299/121/1297
f 1300/125/1300 2110/954/2110 2111/955/2111
f 2111/955/2111 1301/124/1301 1300/125/1300
f 1552/375/1550 2112/956/2112 2113/957/2113
f 2113/957/2113 1642/484/1642 1552/375/1550
f 1553/376/1553 1638/482/1640 2112/956/2112
f 2112/956/2112 1552/375/1550 1553/376/1553
f 2108/952/2108 1625/467/1625 1621/465/1623
f 1621/465/1623 1636/478/1636 2108/952/2108
f 2113/957/2113 2108/952/2108 1636/478/1636
f 1636/478/1636 2110/954/2110 2113/957/2113
f 1642/484/1642 2113/957/2113 2110/954/2110
f 2110/954/2110 1300/125/1300 1642/484/1642
f 1291/110/1290 1572/408/1572 1642/484/1642
f 1642/484/1642 1300/125/1300 1291/110/1290
f 111/111/111 408/407/407 1572/408/1572
f 1572/408/1572 1291/110/1290 111/111/111
f 1628/472/1629 1626/469/1626 1590/427/1588
f 1590/427/1588 1591/428/1591 1628/472/1629
f 2104/948/2104 2117/962/2116 2116/961/2117
f 2116/961/2117 2105/949/2105 2104/948/2104
f 2103/947/2102 2118/963/2118 2117/962/2116
f 2117/962/2116 2104/948/2104 2103/947/2102
f 1632/476/1634 2119/964/2119 2118/963/2118
f 2118/963/2118 2103/947/2102 1632/476/1634
f 1633/477/1633 2120/965/2120 2119/964/2119
f 2119/964/2119 1632/476/1634 1633/477/1633
f 1297/122/1299 1309/131/1309 1306/132/1308
f 1306/132/1308 1563/390/1563 1297/122/1299
f 1309/131/1309 1539/363/1539 2109/953/2109
f 2109/953/2109 1308/130/1306 1309/131/1309
f 1561/391/1562 1560/388/1560 1299/121/1297
f 1299/121/1297 1297/122/1299 1561/391/1562
f 1629/470/1628 1630/471/1630 2120/965/2120
f 2120/965/2120 1633/477/1633 1629/470/1628
f 1560/388/1560 1561/391/1562 1593/431/1592
f 1593/431/1592 1596/435/1596 1560/388/1560
f 1596/435/1596 2122/967/2121 2121/966/2122
f 2116/961/2117 2123/968/2123 1643/488/1644
f 1643/488/1644 2105/949/2105 2116/961/2117
f 1615/455/1613 2124/969/2124 2106/950/2106
f 2106/950/2106 1614/458/1614 1615/455/1613
f 2125/970/2125 2101/945/2100 2106/950/2106
f 2106/950/2106 2124/969/2124 2125/970/2125
f 2126/971/2126 2100/944/2101 2101/945/2100
f 2101/945/2100 2125/970/2125 2126/971/2126
f 2129/972/2127 2128/975/2128 2127/974/2129
f 2127/974/2129 2130/973/2130 2129/972/2127
f 2127/974/2129 2128/975/2128 2131/977/2131
f 2131/977/2131 2132/976/2132 2127/974/2129
f 2092/935/2092 2021/865/2020 2023/866/2023
f 2023/866/2023 2133/978/2133 2092/935/2092
f 2133/978/2133 1720/563/1719 1716/561/1716
f 1716/561/1716 2092/935/2092 2133/978/2133
f 2077/920/2077 2091/934/2091 2088/931/2088
f 2133/978/2133 2023/866/2023 2024/867/2024
f 2024/867/2024 2091/934/2091 2133/978/2133
f 1720/563/1719 2133/978/2133 2091/934/2091
f 2091/934/2091 2077/920/2077 1720/563/1719
f 1719/562/1720 1720/563/1719 2077/920/2077
f 2077/920/2077 2059/903/2060 1719/562/1720
f 2135/979/2134 1609/448/1609 2134/981/2135
f 2134/981/2135 2136/980/2136 2135/979/2134
f 406/406/406 1570/403/1570 1567/398/1567
f 1567/398/1567 397/397/397 406/406/406
f 2137/982/2137 2066/909/2066 2035/879/2036
f 1610/452/1610 451/451/451 983/984/984
f 983/984/984 2138/983/2138 1610/452/1610
f 1610/452/1610 2134/981/2135 1609/448/1609
f 1574/413/1574 1288/109/1289 1289/106/1288
f 2135/979/2134 2095/938/2095 1608/447/1608
f 1608/447/1608 1609/448/1609 2135/979/2134
f 2141/985/2139 2140/988/2140 2139/987/2141
f 2139/987/2141 2142/986/2142 2141/985/2139
f 2143/989/2143 2142/986/2142 2139/987/2141
f 2139/987/2141 1692/533/1690 2143/989/2143
f 1692/533/1690 2139/987/2141 2144/990/2144
f 2144/990/2144 1691/536/1691 1692/533/1690
f 2145/991/2145 2144/990/2144 2139/987/2141
f 2139/987/2141 2140/988/2140 2145/991/2145
f 2138/983/2138 983/984/984 992/993/993
f 992/993/993 2146/992/2146 2138/983/2138
f 1722/565/1722 1691/536/1691 2144/990/2144
f 2144/990/2144 2147/994/2147 1722/565/1722
f 2144/990/2144 2145/991/2145 2148/995/2148
f 2148/995/2148 2147/994/2147 2144/990/2144
f 996/996/996 2149/997/2149 2146/992/2146
f 2146/992/2146 992/993/993 996/996/996
f 1705/550/1705 2064/905/2062 2065/906/2065
f 2065/906/2065 2055/898/2055 1705/550/1705
f 2066/909/2066 2064/905/2062 1705/550/1705
f 1705/550/1705 1706/547/1704 2066/909/2066
f 2010/852/2010 2061/904/2061 2066/909/2066
f 2066/909/2066 1706/547/1704 2010/852/2010
f 2059/903/2060 2060/902/2059 2150/998/2150
f 2150/998/2150 1719/562/1720 2059/903/2060
f 2150/998/2150 2151/999/2151 1715/560/1717
f 1715/560/1717 1719/562/1720 2150/998/2150
f 2152/1000/2152 1001/1001/1001 1586/424/1586
f 1586/424/1586 1685/528/1685 2152/1000/2152
f 1001/1001/1001 116/114/114 1586/424/1586
f 2151/999/2151 1718/559/1718 1715/560/1717
f 2066/909/2066 2137/982/2137 2063/908/2063
f 2063/908/2063 2064/905/2062 2066/909/2066
f 2153/1002/2153 2137/982/2137 2036/878/2035
f 2036/878/2035 2037/880/2037 2153/1002/2153
f 2147/994/2147 2148/995/2148 2154/1003/2154
f 2154/1003/2154 2153/1002/2153 2147/994/2147
f 1004/1004/1004 2155/1005/2155 2149/997/2149
f 2149/997/2149 996/996/996 1004/1004/1004
f 2036/878/2035 2137/982/2137 2035/879/2036
f 1006/1006/1006 2156/1007/2156 2155/1005/2155
f 2155/1005/2155 1004/1004/1004 1006/1006/1006
f 2037/880/2037 1722/565/1722 2147/994/2147
f 2147/994/2147 2153/1002/2153 2037/880/2037
f 2156/1007/2156 1006/1006/1006 1008/1009/1009
f 1008/1009/1009 2157/1008/2157 2156/1007/2156
f 2154/1003/2154 2159/1011/2158 2158/1010/2159
f 2158/1010/2159 2153/1002/2153 2154/1003/2154
f 2160/1012/2160 2158/1010/2159 2159/1011/2158
f 2159/1011/2158 2161/1013/2161 2160/1012/2160
f 2137/982/2137 2153/1002/2153 2158/1010/2159
f 2158/1010/2159 2063/908/2063 2137/982/2137
f 2160/1012/2160 2062/907/2064 2063/908/2063
f 2063/908/2063 2158/1010/2159 2160/1012/2160
f 426/426/426 959/959/959 2114/958/2114
f 2114/958/2114 1587/425/1587 426/426/426
f 1539/363/1539 1298/123/1298 1587/425/1587
f 1587/425/1587 2114/958/2114 1539/363/1539
f 2069/913/2070 2070/912/2069 2045/888/2046
f 2045/888/2046 2162/1014/2162 2069/913/2070
f 2057/901/2057 2090/933/2090 2018/859/2016
f 2018/859/2016 2058/900/2058 2057/901/2057
f 1708/552/1710 1709/553/1709 2046/889/2045
f 2046/889/2045 2081/924/2081 1708/552/1710
f 2162/1014/2162 2045/888/2046 2046/889/2045
f 2046/889/2045 1709/553/1709 2162/1014/2162
f 2070/912/2069 2019/860/2019 1696/537/1694
f 1696/537/1694 2045/888/2046 2070/912/2069
f 2070/912/2069 2018/859/2016 2019/860/2019
f 2162/1014/2162 1709/553/1709 1710/551/1708
f 1710/551/1708 1699/544/1699 2162/1014/2162
f 1700/541/1698 2069/913/2070 2162/1014/2162
f 2162/1014/2162 1699/544/1699 1700/541/1698
f 2013/854/2011 2058/900/2058 2069/913/2070
f 2069/913/2070 1700/541/1698 2013/854/2011
f 2018/859/2016 2090/933/2090 2078/921/2078
f 2078/921/2078 2017/862/2017 2018/859/2016
f 1690/535/1692 1721/564/1721 1699/544/1699
f 1699/544/1699 1710/551/1708 1690/535/1692
f 1702/546/1702 1721/564/1721 1722/565/1722
f 1722/565/1722 2037/880/2037 1702/546/1702
f 1721/564/1721 1702/546/1702 1698/543/1700
f 1698/543/1700 1699/544/1699 1721/564/1721
f 1633/477/1633 1634/474/1632 1631/473/1631
f 1631/473/1631 1629/470/1628 1633/477/1633
f 2165/1015/2163 2164/1017/2164 2163/1016/2165
f 2163/1016/2165 1680/523/1680 2165/1015/2163
f 2168/1018/2166 2167/1021/2167 2166/1020/2168
f 2166/1020/2168 2169/1019/2169 2168/1018/2166
f 2169/1019/2169 2166/1020/2168 1470/296/1472
f 1470/296/1472 2170/1022/2170 2169/1019/2169
f 1548/374/1547 1559/387/1559 1680/523/1680
f 1680/523/1680 2163/1016/2165 1548/374/1547
f 2163/1016/2165 1679/522/1679 1547/373/1548
f 1547/373/1548 1548/374/1547 2163/1016/2165
f 1679/522/1679 2163/1016/2165 2164/1017/2164
f 2164/1017/2164 2168/1018/2166 1679/522/1679
f 1679/522/1679 2168/1018/2166 2169/1019/2169
f 2169/1019/2169 1678/521/1678 1679/522/1679
f 1674/515/1672 1669/512/1670 1670/513/1669
f 1670/513/1669 2171/1023/2171 1674/515/1672
f 2171/1023/2171 1670/513/1669 1671/514/1671
f 1671/514/1671 2170/1022/2170 2171/1023/2171
f 2170/1022/2170 1671/514/1671 1678/521/1678
f 1678/521/1678 2169/1019/2169 2170/1022/2170
f 2165/1015/2163 1680/523/1680 1681/524/1681
f 1681/524/1681 2172/1024/2172 2165/1015/2163
f 1298/123/1298 2115/960/2115 1566/394/1566
f 1566/394/1566 1587/425/1587 1298/123/1298
f 2174/1025/2173 2173/1026/2174 2129/972/2127
f 2129/972/2127 2130/973/2130 2174/1025/2173
f 2176/1027/2175 2175/1028/2176 1293/119/1295
f 1293/119/1295 1611/453/1611 2176/1027/2175
f 1029/1029/1029 1030/1030/1030 2175/1028/2176
f 2175/1028/2176 2176/1027/2175 1029/1029/1029
f 1790/631/1788 1923/765/1922 1789/633/1789
f 1776/619/1776 1923/765/1922 1765/609/1767
f 1787/628/1785 1901/744/1901 1786/630/1786
f 1542/365/1542 1540/366/1541 2177/1032/2177
f 2177/1032/2177 2178/1031/2178 1542/365/1542
f 2181/1033/2179 2180/1036/2180 2179/1035/2181
f 2179/1035/2181 2182/1034/2182 2181/1033/2179
f 2184/1037/2183 2183/1038/2184 2179/1035/2181
f 2179/1035/2181 2180/1036/2180 2184/1037/2183
f 2184/1037/2183 2186/1040/2185 2185/1039/2186
f 2185/1039/2186 2183/1038/2184 2184/1037/2183
f 2179/1035/2181 2188/1042/2187 2187/1041/2188
f 2187/1041/2188 2182/1034/2182 2179/1035/2181
f 2179/1035/2181 2183/1038/2184 2189/1043/2189
f 2189/1043/2189 2188/1042/2187 2179/1035/2181
f 2185/1039/2186 2189/1043/2189 2183/1038/2184
f 2184/1037/2183 2190/1044/2190 2186/1040/2185
f 2180/1036/2180 2192/1046/2191 2191/1045/2192
f 2191/1045/2192 2184/1037/2183 2180/1036/2180
f 2181/1033/2179 2194/1048/2193 2193/1047/2194
f 2193/1047/2194 2180/1036/2180 2181/1033/2179
f 2197/1049/2195 2196/1052/2196 2195/1051/2197
f 2195/1051/2197 2198/1050/2198 2197/1049/2195
f 2199/1053/2199 2196/1052/2196 2197/1049/2195
f 2197/1049/2195 2200/1054/2200 2199/1053/2199
f 2199/1053/2199 2200/1054/2200 2185/1039/2186
f 2185/1039/2186 2201/1055/2201 2199/1053/2199
f 2188/1042/2187 2197/1049/2195 2198/1050/2198
f 2198/1050/2198 2187/1041/2188 2188/1042/2187
f 2197/1049/2195 2188/1042/2187 2189/1043/2189
f 2189/1043/2189 2200/1054/2200 2197/1049/2195
f 2189/1043/2189 2185/1039/2186 2200/1054/2200
f 2204/1056/2202 2203/1059/2203 2202/1058/2204
f 2202/1058/2204 2205/1057/2205 2204/1056/2202
f 2207/1060/2206 2206/1061/2207 2202/1058/2204
f 2202/1058/2204 2203/1059/2203 2207/1060/2206
f 2207/1060/2206 2209/1063/2208 2208/1062/2209
f 2208/1062/2209 2206/1061/2207 2207/1060/2206
f 2205/1057/2205 2202/1058/2204 2210/1065/2210
f 2210/1065/2210 2211/1064/2211 2205/1057/2205
f 2202/1058/2204 2206/1061/2207 2212/1066/2212
f 2212/1066/2212 2210/1065/2210 2202/1058/2204
f 2208/1062/2209 2212/1066/2212 2206/1061/2207
f 2215/1067/2213 2214/1069/2214 2213/1068/2215
f 2217/1070/2216 2216/1072/2217 2214/1069/2214
f 2214/1069/2214 2218/1071/2218 2217/1070/2216
f 2221/1073/2219 2220/1075/2220 2219/1074/2221
f 2219/1074/2221 2216/1072/2217 2221/1073/2219
f 2222/1076/2222 2216/1072/2217 2219/1074/2221
f 2219/1074/2221 2223/1077/2223 2222/1076/2222
f 2214/1069/2214 2216/1072/2217 2222/1076/2222
f 2222/1076/2222 2224/1078/2224 2214/1069/2214
f 2214/1069/2214 2224/1078/2224 2208/1062/2209
f 2208/1062/2209 2213/1068/2215 2214/1069/2214
f 2210/1065/2210 2222/1076/2222 2223/1077/2223
f 2223/1077/2223 2211/1064/2211 2210/1065/2210
f 2222/1076/2222 2210/1065/2210 2212/1066/2212
f 2212/1066/2212 2224/1078/2224 2222/1076/2222
f 2212/1066/2212 2208/1062/2209 2224/1078/2224
f 2227/1079/2225 2226/1082/2226 2225/1081/2227
f 2225/1081/2227 2228/1080/2228 2227/1079/2225
f 2230/1083/2229 2229/1084/2230 2225/1081/2227
f 2225/1081/2227 2226/1082/2226 2230/1083/2229
f 2230/1083/2229 2232/1086/2231 2231/1085/2232
f 2231/1085/2232 2229/1084/2230 2230/1083/2229
f 2228/1080/2228 2225/1081/2227 2233/1088/2233
f 2233/1088/2233 2234/1087/2234 2228/1080/2228
f 2225/1081/2227 2229/1084/2230 2235/1089/2235
f 2235/1089/2235 2233/1088/2233 2225/1081/2227
f 2231/1085/2232 2235/1089/2235 2229/1084/2230
f 2238/1090/2236 2237/1093/2237 2236/1092/2238
f 2236/1092/2238 2239/1091/2239 2238/1090/2236
f 2240/1094/2240 2237/1093/2237 2238/1090/2236
f 2238/1090/2236 2241/1095/2241 2240/1094/2240
f 2240/1094/2240 2241/1095/2241 2231/1085/2232
f 2231/1085/2232 2242/1096/2242 2240/1094/2240
f 2233/1088/2233 2238/1090/2236 2239/1091/2239
f 2239/1091/2239 2234/1087/2234 2233/1088/2233
f 2238/1090/2236 2233/1088/2233 2235/1089/2235
f 2235/1089/2235 2241/1095/2241 2238/1090/2236
f 2235/1089/2235 2231/1085/2232 2241/1095/2241
f 2240/1094/2240 2242/1096/2242 2243/1097/2243
f 2243/1097/2243 2244/1098/2244 2237/1093/2237
f 2237/1093/2237 2240/1094/2240 2243/1097/2243
f 2236/1092/2238 2237/1093/2237 2244/1098/2244
f 2244/1098/2244 2245/1099/2245 2236/1092/2238
f 2248/1100/2246 2247/1103/2247 2246/1102/2248
f 2246/1102/2248 2249/1101/2249 2248/1100/2246
f 2251/1104/2250 2250/1105/2251 2246/1102/2248
f 2246/1102/2248 2247/1103/2247 2251/1104/2250
f 2251/1104/2250 2253/1107/2252 2252/1106/2253
f 2252/1106/2253 2250/1105/2251 2251/1104/2250
f 2249/1101/2249 2246/1102/2248 2254/1109/2254
f 2254/1109/2254 2255/1108/2255 2249/1101/2249
f 2246/1102/2248 2250/1105/2251 2256/1110/2256
f 2256/1110/2256 2254/1109/2254 2246/1102/2248
f 2252/1106/2253 2256/1110/2256 2250/1105/2251
f 2259/1111/2257 2258/1114/2258 2257/1113/2259
f 2257/1113/2259 2260/1112/2260 2259/1111/2257
f 2261/1115/2261 2258/1114/2258 2259/1111/2257
f 2259/1111/2257 2262/1116/2262 2261/1115/2261
f 2261/1115/2261 2262/1116/2262 2252/1106/2253
f 2252/1106/2253 2263/1117/2263 2261/1115/2261
f 2254/1109/2254 2259/1111/2257 2260/1112/2260
f 2260/1112/2260 2255/1108/2255 2254/1109/2254
f 2259/1111/2257 2254/1109/2254 2256/1110/2256
f 2256/1110/2256 2262/1116/2262 2259/1111/2257
f 2256/1110/2256 2252/1106/2253 2262/1116/2262
f 2261/1115/2261 2263/1117/2263 2264/1118/2264
f 2264/1118/2264 2265/1119/2265 2258/1114/2258
f 2258/1114/2258 2261/1115/2261 2264/1118/2264
f 2266/1120/2266 2257/1113/2259 2258/1114/2258
f 2258/1114/2258 2265/1119/2265 2266/1120/2266
f 2269/1121/2267 2268/1124/2268 2267/1123/2269
f 2267/1123/2269 2270/1122/2270 2269/1121/2267
f 2272/1125/2271 2271/1126/2272 2268/1124/2268
f 2268/1124/2268 2269/1121/2267 2272/1125/2271
f 2272/1125/2271 2274/1128/2273 2273/1127/2274
f 2273/1127/2274 2271/1126/2272 2272/1125/2271
f 2267/1123/2269 2268/1124/2268 2275/1130/2275
f 2275/1130/2275 2276/1129/2276 2267/1123/2269
f 2268/1124/2268 2271/1126/2272 2277/1131/2277
f 2277/1131/2277 2275/1130/2275 2268/1124/2268
f 2273/1127/2274 2277/1131/2277 2271/1126/2272
f 2280/1132/2278 2279/1135/2279 2278/1134/2280
f 2278/1134/2280 2281/1133/2281 2280/1132/2278
f 2282/1136/2282 2279/1135/2279 2280/1132/2278
f 2280/1132/2278 2283/1137/2283 2282/1136/2282
f 2282/1136/2282 2283/1137/2283 2273/1127/2274
f 2273/1127/2274 2284/1138/2284 2282/1136/2282
f 2276/1129/2276 2275/1130/2275 2280/1132/2278
f 2280/1132/2278 2281/1133/2281 2276/1129/2276
f 2280/1132/2278 2275/1130/2275 2277/1131/2277
f 2277/1131/2277 2283/1137/2283 2280/1132/2278
f 2277/1131/2277 2273/1127/2274 2283/1137/2283
f 2282/1136/2282 2284/1138/2284 2285/1139/2285
f 2285/1139/2285 2286/1140/2286 2279/1135/2279
f 2279/1135/2279 2282/1136/2282 2285/1139/2285
f 2278/1134/2280 2279/1135/2279 2286/1140/2286
f 2286/1140/2286 2287/1141/2287 2278/1134/2280
f 1508/331/1507 1419/243/1419 1420/244/1420
f 1419/243/1419 1507/332/1508 1418/242/1418
f 1512/335/1511 1425/250/1426 1426/249/1425
f 1425/250/1426 1511/336/1512 1493/316/1492
f 1517/340/1516 1431/256/1432 1432/255/1431
f 1431/256/1432 1516/341/1517 1495/318/1494
f 1522/345/1521 1438/261/1438 1437/262/1437
f 1438/261/1438 1521/346/1522 1497/321/1496
f 1503/326/1502 1413/238/1414 1414/237/1413
f 1413/238/1414 1502/327/1503 1485/309/1485
f 1857/699/1856 2288/1142/2288 1856/700/1857
f 1857/699/1856 1959/802/1959 2288/1142/2288
f 1863/706/1864 2289/1143/2289 1944/787/1943
f 1863/706/1864 1962/805/1962 2289/1143/2289
f 1869/712/1870 2290/1144/2290 1946/789/1945
f 1869/712/1870 1966/809/1966 2290/1144/2290
f 1875/718/1875 2291/1145/2291 1948/792/1948
f 1875/718/1875 1970/813/1970 2291/1145/2291
f 1851/694/1852 2292/1146/2292 1934/777/1934
f 1851/694/1852 1955/798/1955 2292/1146/2292
f 1340/166/1342 2293/1147/2293 1357/181/1357
f 1357/181/1357 1343/165/1343 1340/166/1342
f 1556/383/1556 384/384/384 1148/1148/1148
f 1296/118/1296 1293/119/1295 2175/1028/2176
f 2175/1028/2176 2294/1149/2294 1296/118/1296
f 2294/1149/2294 2175/1028/2176 1030/1030/1030
f 1030/1030/1030 1150/1150/1150 2294/1149/2294
f 1710/551/1708 1693/534/1693 1690/535/1692
f 1688/531/1688 1554/381/1555 1684/527/1684
f 1296/118/1296 2294/1149/2294 1554/381/1555
f 1554/381/1555 1688/531/1688 1296/118/1296
f 1554/381/1555 2294/1149/2294 1150/1150/1150
f 1150/1150/1150 380/380/380 1554/381/1555
f 1580/419/1581 1294/120/1294 1295/117/1293
f 1295/117/1293 1577/417/1577 1580/419/1581
f 1543/370/1545 1544/371/1544 1640/480/1638
f 1640/480/1638 1641/481/1641 1543/370/1545
f 1640/480/1638 1544/371/1544 1558/385/1558
f 1558/385/1558 1625/467/1625 1640/480/1638
f 1304/126/1302 2296/1152/2295 2295/1151/2296
f 2295/1151/2296 1573/410/1573 1304/126/1302
f 2295/1151/2296 1153/1153/1153 411/411/411
f 411/411/411 1573/410/1573 2295/1151/2296
f 1578/414/1576 1579/415/1579 1584/422/1583
f 1584/422/1583 2297/1154/2297 1578/414/1576
f 1584/422/1583 1569/402/1568 2298/1155/2298
f 2298/1155/2298 2297/1154/2297 1584/422/1583
f 1569/402/1568 401/399/399 1156/1156/1156
f 1156/1156/1156 2298/1155/2298 1569/402/1568
f 1578/414/1576 2297/1154/2297 2299/1157/2299
f 2299/1157/2299 1581/418/1580 1578/414/1576
f 2297/1154/2297 2298/1155/2298 2300/1158/2300
f 2300/1158/2300 2299/1157/2299 2297/1154/2297
f 2298/1155/2298 1156/1156/1156 1159/1159/1159
f 1159/1159/1159 2300/1158/2300 2298/1155/2298
f 2303/1160/2301 2302/1163/2302 2301/1162/2303
f 2301/1162/2303 2304/1161/2304 2303/1160/2301
f 1594/432/1594 1592/433/1593 2131/977/2131
f 2131/977/2131 2128/975/2128 1594/432/1594
f 1594/432/1594 2122/967/2121 1596/435/1596
f 1596/435/1596 1593/431/1592 1594/432/1594
f 1595/434/1595 1596/435/1596 2121/966/2122
f 2121/966/2122 2305/1164/2305 1595/434/1595
f 2306/1165/2306 1612/454/1612 1294/120/1294
f 1294/120/1294 1580/419/1581 2306/1165/2306
f 2122/967/2121 1594/432/1594 2128/975/2128
f 2128/975/2128 2129/972/2127 2122/967/2121
f 2307/1166/2307 2174/1025/2173 1615/455/1613
f 1615/455/1613 2174/1025/2173 2130/973/2130
f 2130/973/2130 2124/969/2124 1615/455/1613
f 2124/969/2124 2130/973/2130 2127/974/2129
f 2127/974/2129 2125/970/2125 2124/969/2124
f 2125/970/2125 2127/974/2129 2132/976/2132
f 2132/976/2132 2126/971/2126 2125/970/2125
f 1645/487/1645 1643/488/1644 2123/968/2123
f 2307/1166/2307 2308/1167/2308 2173/1026/2174
f 2173/1026/2174 2174/1025/2173 2307/1166/2307
f 1557/386/1557 1545/368/1543 2303/1160/2301
f 2303/1160/2301 2304/1161/2304 1557/386/1557
f 1545/368/1543 1546/369/1546 2178/1031/2178
f 2178/1031/2178 2177/1032/2177 1545/368/1543
f 2303/1160/2301 1545/368/1543 2177/1032/2177
f 1557/386/1557 2304/1161/2304 1616/456/1616
f 1616/456/1616 1613/457/1615 1557/386/1557
f 2307/1166/2307 1616/456/1616 2304/1161/2304
f 2304/1161/2304 2301/1162/2303 2307/1166/2307
f 1580/419/1581 1581/418/1580 2309/1168/2309
f 2309/1168/2309 2306/1165/2306 1580/419/1581
f 1581/418/1580 2299/1157/2299 2296/1152/2295
f 2296/1152/2295 2309/1168/2309 1581/418/1580
f 2296/1152/2295 2299/1157/2299 2300/1158/2300
f 2300/1158/2300 2295/1151/2296 2296/1152/2295
f 2300/1158/2300 1159/1159/1159 1153/1153/1153
f 1153/1153/1153 2295/1151/2296 2300/1158/2300
f 2308/1167/2308 2307/1166/2307 2301/1162/2303
f 2301/1162/2303 2310/1169/2310 2308/1167/2308
f 2310/1169/2310 2301/1162/2303 2302/1163/2302
f 2302/1163/2302 2311/1170/2311 2310/1169/2310
f 2311/1170/2311 2302/1163/2302 1148/1148/1148
f 1148/1148/1148 1171/1171/1171 2311/1170/2311
f 1540/366/1541 1556/383/1556 2303/1160/2301
f 2303/1160/2301 2177/1032/2177 1540/366/1541
f 1556/383/1556 1148/1148/1148 2302/1163/2302
f 2302/1163/2302 2303/1160/2301 1556/383/1556
f 1612/454/1612 2306/1165/2306 1595/434/1595
f 1595/434/1595 2305/1164/2305 1612/454/1612
f 1595/434/1595 2306/1165/2306 2309/1168/2309
f 2309/1168/2309 1305/127/1305 1595/434/1595
f 1305/127/1305 2309/1168/2309 2296/1152/2295
f 2296/1152/2295 1304/126/1302 1305/127/1305
f 1612/454/1612 2305/1164/2305 2312/1172/2312
f 2312/1172/2312 1611/453/1611 1612/454/1612
f 2312/1172/2312 2313/1173/2313 2176/1027/2175
f 2176/1027/2175 1611/453/1611 2312/1172/2312
f 2176/1027/2175 2313/1173/2313 1174/1174/1174
f 1174/1174/1174 1029/1029/1029 2176/1027/2175
f 2129/972/2127 2173/1026/2174 2121/966/2122
f 2121/966/2122 2122/967/2121 2129/972/2127
f 2121/966/2122 2173/1026/2174 2308/1167/2308
f 2308/1167/2308 2305/1164/2305 2121/966/2122
f 2305/1164/2305 2308/1167/2308 2310/1169/2310
f 2310/1169/2310 2312/1172/2312 2305/1164/2305
f 2310/1169/2310 2311/1170/2311 2313/1173/2313
f 2313/1173/2313 2312/1172/2312 2310/1169/2310
f 2313/1173/2313 2311/1170/2311 1171/1171/1171
f 1171/1171/1171 1174/1174/1174 2313/1173/2313
f 1302/128/1304 1303/129/1303 2115/960/2115
f 2115/960/2115 1303/129/1303 1565/393/1565
f 1565/393/1565 1566/394/1566 2115/960/2115
f 1303/129/1303 1304/126/1302 1573/410/1573
f 1573/410/1573 1565/393/1565 1303/129/1303
f 2307/1166/2307 1615/455/1613 1616/456/1616
f 1341/167/1341 1475/301/1476 2314/1175/2314
f 2314/1175/2314 1340/166/1342 1341/167/1341
f 2314/1175/2314 2316/1178/2315 2315/1177/2316
f 2315/1177/2316 2317/1176/2317 2314/1175/2314
f 1663/508/1664 1664/506/1663 1564/392/1564
f 1564/392/1564 1478/303/1480 1663/508/1664
f 2170/1022/2170 1470/296/1472 1471/297/1471
f 1471/297/1471 2171/1023/2171 2170/1022/2170
f 2171/1023/2171 1471/297/1471 2318/1179/2318
f 2318/1179/2318 1674/515/1672 2171/1023/2171
f 2318/1179/2318 1667/510/1666 1673/517/1673
f 1673/517/1673 1674/515/1672 2318/1179/2318
f 1673/517/1673 1667/510/1666 1664/506/1663
f 1664/506/1663 1665/507/1665 1673/517/1673
f 2318/1179/2318 1471/297/1471 1472/298/1470
f 2319/1180/2319 2318/1179/2318 1472/298/1470
f 1473/294/1473 2319/1180/2319 1472/298/1470
f 1473/294/1473 1469/293/1469 1345/169/1345
f 1345/169/1345 2319/1180/2319 1473/294/1473
f 2319/1180/2319 1345/169/1345 1321/143/1321
f 1321/143/1321 1666/509/1667 2319/1180/2319
f 1321/143/1321 1318/144/1320 1564/392/1564
f 1564/392/1564 1666/509/1667 1321/143/1321
f 1477/300/1477 1341/167/1341 1342/164/1340
f 1342/164/1340 1361/187/1362 1477/300/1477
f 1340/166/1342 2314/1175/2314 2317/1176/2317
f 2317/1176/2317 2293/1147/2293 1340/166/1342
f 1663/508/1664 1478/303/1480 1479/304/1479
f 1479/304/1479 2320/1181/2320 1663/508/1664
f 2319/1180/2319 1666/509/1667 1667/510/1666
f 1667/510/1666 2318/1179/2318 2319/1180/2319
f 1669/512/1670 1672/516/1674 1662/505/1661
f 1662/505/1661 1656/499/1656 1669/512/1670
f 1662/505/1661 1672/516/1674 1677/520/1677
f 1677/520/1677 1676/519/1675 1662/505/1661
f 1676/519/1675 1677/520/1677 1660/501/1660
f 1660/501/1660 1607/445/1606 1676/519/1675
f 2321/1182/2321 2167/1021/2167 2168/1018/2166
f 2168/1018/2166 2164/1017/2164 2321/1182/2321
f 2164/1017/2164 2165/1015/2163 2316/1178/2315
f 2316/1178/2315 2321/1182/2321 2164/1017/2164
f 2165/1015/2163 2172/1024/2172 2315/1177/2316
f 2315/1177/2316 2316/1178/2315 2165/1015/2163
f 1659/500/1657 1663/508/1664 2320/1181/2320
f 2320/1181/2320 1658/503/1658 1659/500/1657
f 1463/286/1463 1462/287/1462 1474/295/1474
f 1474/295/1474 1582/420/1582 1463/286/1463
f 1462/287/1462 1469/293/1469 1473/294/1473
f 1473/294/1473 1474/295/1474 1462/287/1462
f 2321/1182/2321 2316/1178/2315 2314/1175/2314
f 2314/1175/2314 1475/301/1476 2321/1182/2321
f 1475/301/1476 1476/299/1475 2167/1021/2167
f 2167/1021/2167 2321/1182/2321 1475/301/1476
f 1476/299/1475 1582/420/1582 2166/1020/2168
f 2166/1020/2168 2167/1021/2167 1476/299/1475
f 2166/1020/2168 1582/420/1582 1474/295/1474
f 1474/295/1474 1470/296/1472 2166/1020/2168
f 2324/1183/2322 2323/1184/2323 2322/1185/2324
f 2322/1185/2324 2325/1186/2325 2324/1183/2322
f 2328/1187/2326 2327/1188/2327 2326/1189/2328
f 2326/1189/2328 2329/1190/2329 2328/1187/2326
f 2332/1191/2330 2331/1192/2331 2330/1193/2332
f 2334/1194/2333 2333/1195/2334 2328/1187/2326
f 2328/1187/2326 2335/1196/2335 2334/1194/2333
f 2338/1197/2336 2337/1198/2337 2336/1199/2338
f 2336/1199/2338 2339/1200/2339 2338/1197/2336
f 2342/1201/2340 2341/1202/2341 2340/1184/2342
f 2340/1184/2342 2343/1183/2343 2342/1201/2340
f 2346/1203/2344 2345/1204/2345 2344/1205/2346
f 2344/1205/2346 2347/1206/2347 2346/1203/2344
f 2326/1189/2328 2348/1207/2348 2329/1190/2329
f 2351/1208/2349 2350/1209/2350 2349/1210/2351
f 2346/1203/2344 2347/1206/2347 2352/1211/2352
f 2352/1211/2352 2333/1195/2334 2346/1203/2344
f 2355/1212/2353 2354/1213/2354 2353/1214/2355
f 2353/1214/2355 2356/1215/2356 2355/1212/2353
f 2357/1216/2357 2356/1215/2356 2353/1214/2355
f 2353/1214/2355 2358/1217/2358 2357/1216/2357
f 2361/1218/2359 2360/1219/2360 2359/1220/2361
f 2359/1220/2361 2362/1221/2362 2361/1218/2359
f 2365/1222/2363 2364/1223/2364 2363/1224/2365
f 2363/1224/2365 2366/1225/2366 2365/1222/2363
f 2369/1226/2367 2368/1227/2368 2367/1228/2369
f 2367/1228/2369 2370/1229/2370 2369/1226/2367
f 2373/1230/2371 2372/1231/2372 2371/1232/2373
f 2373/1230/2371 2371/1232/2373 2374/1233/2374
f 2364/1223/2364 2376/1234/2375 2375/1235/2376
f 2359/1220/2361 2360/1219/2360 2377/1236/2377
f 2377/1236/2377 2360/1219/2360 2378/1237/2378
f 2378/1237/2378 2379/1238/2379 2377/1236/2377
f 2382/1239/2380 2381/1240/2381 2380/1241/2382
f 2380/1241/2382 2383/1242/2383 2382/1239/2380
f 2382/1239/2380 2385/1243/2384 2384/1244/2385
f 2387/1245/2386 2384/1244/2385 2386/1246/2387
f 2388/1247/2388 2376/1234/2375 2364/1223/2364
f 2364/1223/2364 2365/1222/2363 2388/1247/2388
f 2354/1213/2354 2355/1212/2353 2389/1248/2389
f 2391/1249/2390 2390/1250/2391 2382/1239/2380
f 2382/1239/2380 2383/1242/2383 2391/1249/2390
f 2394/1251/2392 2393/1252/2393 2392/1253/2394
f 2392/1253/2394 2395/1254/2395 2394/1251/2392
f 2393/1252/2393 2394/1251/2392 2396/1255/2396
f 2396/1255/2396 2397/1256/2397 2393/1252/2393
f 2337/1198/2337 2398/1257/2398 2332/1191/2330
f 2332/1191/2330 2330/1193/2332 2337/1198/2337
f 2401/1258/2399 2400/1259/2400 2399/1260/2401
f 2404/1261/2402 2403/1258/2403 2402/1260/2404
f 2407/1262/2405 2406/1263/2406 2405/1264/2407
f 2410/1265/2408 2409/1262/2409 2408/1264/2410
f 2411/1266/2411 2357/1216/2357 2358/1217/2358
f 2414/1267/2412 2413/1268/2413 2412/1269/2414
f 2412/1269/2414 2415/1270/2415 2414/1267/2412
f 2418/1263/2416 2417/1271/2417 2416/1264/2418
f 2421/1272/2419 2420/1273/2420 2419/1274/2421
f 2424/1272/2422 2423/1274/2423 2422/1275/2424
f 2427/1276/2425 2426/1277/2426 2425/1278/2427
f 2430/1276/2428 2429/1278/2429 2428/1279/2430
f 2433/1280/2431 2432/1281/2432 2431/1282/2433
f 2436/1276/2434 2435/1283/2435 2434/1277/2436
f 2439/1284/2437 2438/1285/2438 2437/1286/2439
f 2437/1286/2439 2440/1287/2440 2439/1284/2437
f 2437/1286/2439 2438/1285/2438 2441/1288/2441
f 2441/1288/2441 2442/1289/2442 2437/1286/2439
f 2443/1290/2443 2381/1240/2381 2382/1239/2380
f 2382/1239/2380 2384/1244/2385 2443/1290/2443
f 2446/1291/2444 2445/1292/2445 2444/1293/2446
f 2448/1294/2447 2447/1295/2448 2415/1270/2415
f 2415/1270/2415 2412/1269/2414 2448/1294/2447
f 2413/1268/2413 2351/1208/2349 2349/1210/2351
f 2349/1210/2351 2412/1269/2414 2413/1268/2413
f 2449/1296/2449 2448/1294/2447 2412/1269/2414
f 2412/1269/2414 2349/1210/2351 2449/1296/2449
f 2450/1297/2450 2449/1296/2449 2349/1210/2351
f 2349/1210/2351 2451/1298/2451 2450/1297/2450
f 2452/1299/2452 2353/1214/2355 2354/1213/2354
f 2354/1213/2354 2453/1300/2453 2452/1299/2452
f 2394/1251/2392 2395/1254/2395 2453/1300/2453
f 2453/1300/2453 2354/1213/2354 2394/1251/2392
f 2396/1255/2396 2394/1251/2392 2354/1213/2354
f 2354/1213/2354 2389/1248/2389 2396/1255/2396
f 2454/1301/2454 2415/1270/2415 2447/1295/2448
f 2411/1266/2411 2358/1217/2358 2329/1190/2329
f 2329/1190/2329 2348/1207/2348 2411/1266/2411
f 2455/1302/2455 2451/1298/2451 2349/1210/2351
f 2349/1210/2351 2350/1209/2350 2455/1302/2455
f 2458/1303/2456 2457/1304/2457 2456/1205/2458
f 2456/1205/2458 2459/1204/2459 2458/1303/2456
f 2461/1201/2460 2346/1203/2344 2460/1305/2461
f 2337/1198/2337 2330/1193/2332 2462/1306/2462
f 2462/1306/2462 2336/1199/2338 2337/1198/2337
f 2342/1201/2340 2343/1183/2343 2463/1204/2463
f 2463/1204/2463 2464/1203/2464 2342/1201/2340
f 2366/1225/2366 2361/1218/2359 2365/1222/2363
f 2361/1218/2359 2366/1225/2366 2465/1307/2465
f 2465/1307/2465 2360/1219/2360 2361/1218/2359
f 2468/1308/2466 2467/1309/2467 2466/1310/2468
f 2466/1310/2468 2432/1281/2432 2468/1308/2466
f 2469/1311/2469 2446/1291/2444 2468/1308/2466
f 2468/1308/2466 2470/1312/2470 2469/1311/2469
f 2368/1227/2368 2472/1313/2471 2471/1314/2472
f 2471/1314/2472 2466/1310/2468 2368/1227/2368
f 2432/1281/2432 2466/1310/2468 2471/1314/2472
f 2370/1229/2370 2473/1315/2473 2472/1313/2471
f 2472/1313/2471 2369/1226/2367 2370/1229/2370
f 2472/1313/2471 2368/1227/2368 2369/1226/2367
f 2465/1307/2465 2474/1316/2474 2378/1237/2378
f 2378/1237/2378 2360/1219/2360 2465/1307/2465
f 2387/1245/2386 2379/1238/2379 2378/1237/2378
f 2400/1259/2400 2401/1258/2399 2475/1191/2475
f 2475/1191/2475 2476/1317/2476 2400/1259/2400
f 2477/1191/2477 2403/1258/2403 2404/1261/2402
f 2404/1261/2402 2478/1192/2478 2477/1191/2477
f 2406/1263/2406 2407/1262/2405 2479/1187/2479
f 2479/1187/2479 2480/1195/2480 2406/1263/2406
f 2481/1187/2481 2409/1262/2409 2410/1265/2408
f 2410/1265/2408 2482/1188/2482 2481/1187/2481
f 2483/1211/2483 2417/1271/2417 2418/1263/2416
f 2418/1263/2416 2484/1195/2484 2483/1211/2483
f 2387/1245/2386 2378/1237/2378 2384/1244/2385
f 2384/1244/2385 2378/1237/2378 2474/1316/2474
f 2474/1316/2474 2443/1290/2443 2384/1244/2385
f 2444/1293/2446 2467/1309/2467 2468/1308/2466
f 2468/1308/2466 2446/1291/2444 2444/1293/2446
f 2380/1241/2382 2441/1288/2441 2438/1285/2438
f 2438/1285/2438 2383/1242/2383 2380/1241/2382
f 2383/1242/2383 2438/1285/2438 2439/1284/2437
f 2439/1284/2437 2391/1249/2390 2383/1242/2383
f 2486/1318/2485 2485/1319/2486 2363/1224/2365
f 2363/1224/2365 2374/1233/2374 2486/1318/2485
f 2363/1224/2365 2364/1223/2364 2374/1233/2374
f 2371/1232/2373 2372/1231/2372 2487/1320/2487
f 2487/1320/2487 2488/1321/2488 2371/1232/2373
f 2374/1233/2374 2371/1232/2373 2488/1321/2488
f 2488/1321/2488 2486/1318/2485 2374/1233/2374
f 2375/1235/2376 2373/1230/2371 2374/1233/2374
f 2374/1233/2374 2364/1223/2364 2375/1235/2376
f 2451/1298/2451 2489/1317/2489 2450/1297/2450
f 2333/1195/2334 2334/1194/2333 2460/1305/2461
f 2460/1305/2461 2346/1203/2344 2333/1195/2334
f 2490/1322/2490 2454/1301/2454 2447/1295/2448
f 2329/1190/2329 2335/1196/2335 2328/1187/2326
f 2491/1323/2491 2358/1217/2358 2353/1214/2355
f 2353/1214/2355 2452/1299/2452 2491/1323/2491
f 2358/1217/2358 2491/1323/2491 2335/1196/2335
f 2335/1196/2335 2329/1190/2329 2358/1217/2358
f 2460/1305/2461 2493/1324/2492 2492/1202/2493
f 2492/1202/2493 2461/1201/2460 2460/1305/2461
f 2494/1325/2494 2445/1292/2445 2446/1291/2444
f 2446/1291/2444 2495/1326/2495 2494/1325/2494
f 2368/1227/2368 2497/1327/2496 2496/1328/2497
f 2496/1328/2497 2367/1228/2369 2368/1227/2368
f 2499/1329/2498 2498/1330/2499 2445/1292/2445
f 2445/1292/2445 2494/1325/2494 2499/1329/2498
f 2420/1273/2420 2501/1314/2500 2500/1313/2501
f 2500/1313/2501 2419/1274/2421 2420/1273/2420
f 2423/1274/2423 2503/1313/2502 2502/1315/2503
f 2502/1315/2503 2422/1275/2424 2423/1274/2423
f 2505/1222/2504 2504/1218/2505 2425/1278/2427
f 2425/1278/2427 2426/1277/2426 2505/1222/2504
f 2429/1278/2429 2507/1218/2506 2506/1221/2507
f 2506/1221/2507 2428/1279/2430 2429/1278/2429
f 2509/1247/2508 2508/1222/2509 2434/1277/2436
f 2434/1277/2436 2435/1283/2435 2509/1247/2508
f 2512/1183/2510 2511/1186/2511 2510/1304/2510
f 2510/1304/2510 2513/1303/2512 2512/1183/2510
f 2514/1303/2513 2463/1204/2463 2343/1183/2343
f 2517/1331/2514 2516/1332/2515 2515/1333/2516
f 2515/1333/2516 2518/1334/2517 2517/1331/2514
f 2520/1335/2518 2519/1336/2519 2518/1334/2517
f 2518/1334/2517 2515/1333/2516 2520/1335/2518
f 2521/1337/2520 2516/1332/2515 2517/1331/2514
f 2517/1331/2514 2522/1338/2521 2521/1337/2520
f 2447/1295/2448 2448/1294/2447 2516/1332/2515
f 2516/1332/2515 2521/1337/2520 2447/1295/2448
f 2516/1332/2515 2448/1294/2447 2449/1296/2449
f 2449/1296/2449 2515/1333/2516 2516/1332/2515
f 2337/1198/2337 2520/1335/2518 2398/1257/2398
f 2523/1339/2522 2521/1337/2520 2522/1338/2521
f 2522/1338/2521 2524/1340/2523 2523/1339/2522
f 2521/1337/2520 2523/1339/2522 2525/1341/2524
f 2525/1341/2524 2447/1295/2448 2521/1337/2520
f 2528/1342/2525 2527/1343/2526 2526/1344/2527
f 2526/1344/2527 2529/1345/2528 2528/1342/2525
f 2530/1346/2529 2445/1292/2445 2498/1330/2499
f 2498/1330/2499 2526/1344/2527 2530/1346/2529
f 2520/1335/2518 2337/1198/2337 2338/1197/2336
f 2338/1197/2336 2519/1336/2519 2520/1335/2518
f 2531/1347/2530 2444/1293/2446 2445/1292/2445
f 2445/1292/2445 2532/1348/2531 2531/1347/2530
f 2445/1292/2445 2530/1346/2529 2532/1348/2531
f 2467/1309/2467 2534/1349/2532 2533/1350/2533
f 2533/1350/2533 2466/1310/2468 2467/1309/2467
f 2535/1351/2534 2530/1346/2529 2526/1344/2527
f 2526/1344/2527 2527/1343/2526 2535/1351/2534
f 2535/1351/2534 2527/1343/2526 2528/1342/2525
f 2528/1342/2525 2536/1352/2535 2535/1351/2534
f 2515/1333/2516 2449/1296/2449 2450/1297/2450
f 2450/1297/2450 2520/1335/2518 2515/1333/2516
f 2520/1335/2518 2450/1297/2450 2398/1257/2398
f 2398/1257/2398 2450/1297/2450 2489/1317/2489
f 2489/1317/2489 2332/1191/2330 2398/1257/2398
f 2534/1349/2532 2467/1309/2467 2444/1293/2446
f 2444/1293/2446 2531/1347/2530 2534/1349/2532
f 2368/1227/2368 2466/1310/2468 2533/1350/2533
f 2533/1350/2533 2497/1327/2496 2368/1227/2368
f 2447/1295/2448 2525/1341/2524 2537/1353/2536
f 2537/1353/2536 2490/1322/2490 2447/1295/2448
f 2538/1354/2537 2393/1252/2393 2397/1256/2397
f 2397/1256/2397 2539/1355/2538 2538/1354/2537
f 2540/1356/2539 2392/1253/2394 2393/1252/2393
f 2393/1252/2393 2538/1354/2537 2540/1356/2539
f 2372/1231/2372 2373/1230/2371 2375/1235/2376
f 2375/1235/2376 2376/1234/2375 2372/1231/2372
f 2462/1306/2462 2541/1357/2540 2336/1199/2338
f 2542/1358/2541 2470/1312/2470 2468/1308/2466
f 2468/1308/2466 2433/1280/2431 2542/1358/2541
f 2530/1346/2529 2535/1351/2534 2536/1352/2535
f 2536/1352/2535 2532/1348/2531 2530/1346/2529
f 2385/1243/2384 2386/1246/2387 2384/1244/2385
f 2382/1239/2380 2390/1250/2391 2385/1243/2384
f 2433/1280/2431 2468/1308/2466 2432/1281/2432
f 2545/1359/2542 2544/1360/2543 2543/1361/2544
f 2543/1361/2544 2546/1362/2545 2545/1359/2542
f 2549/1363/2546 2548/1364/2547 2547/1365/2548
f 2547/1365/2548 2550/1366/2549 2549/1363/2546
f 2553/1367/2550 2552/1368/2551 2551/1369/2552
f 2551/1369/2552 2554/1370/2553 2553/1367/2550
f 2557/1371/2554 2556/1372/2555 2555/1373/2556
f 2555/1373/2556 2558/1374/2557 2557/1371/2554
f 2559/1375/2558 2543/1361/2544 2544/1360/2543
f 2544/1360/2543 2560/1376/2559 2559/1375/2558
f 2552/1368/2551 2562/1377/2560 2561/1378/2561
f 2561/1378/2561 2551/1369/2552 2552/1368/2551
f 2564/1379/2562 2563/1380/2563 2544/1360/2543
f 2544/1360/2543 2545/1359/2542 2564/1379/2562
f 2565/1381/2564 2549/1363/2546 2550/1366/2549
f 2550/1366/2549 2566/1382/2565 2565/1381/2564
f 2568/1383/2566 2567/1384/2567 2563/1380/2563
f 2563/1380/2563 2564/1379/2562 2568/1383/2566
f 2569/1385/2568 2565/1381/2564 2566/1382/2565
f 2566/1382/2565 2570/1386/2569 2569/1385/2568
f 2554/1370/2553 2551/1369/2552 2567/1384/2567
f 2567/1384/2567 2568/1383/2566 2554/1370/2553
f 2558/1374/2557 2555/1373/2556 2569/1385/2568
f 2569/1385/2568 2570/1386/2569 2558/1374/2557
f 2563/1380/2563 2560/1376/2559 2544/1360/2543
f 2551/1369/2552 2561/1378/2561 2563/1380/2563
f 2563/1380/2563 2567/1384/2567 2551/1369/2552
f 2572/1387/2570 2571/1388/2571 2548/1364/2547
f 2548/1364/2547 2549/1363/2546 2572/1387/2570
f 2556/1372/2555 2574/1389/2572 2573/1390/2573
f 2573/1390/2573 2555/1373/2556 2556/1372/2555
f 2575/1391/2574 2572/1387/2570 2549/1363/2546
f 2549/1363/2546 2565/1381/2564 2575/1391/2574
f 2576/1392/2575 2575/1391/2574 2565/1381/2564
f 2565/1381/2564 2569/1385/2568 2576/1392/2575
f 2555/1373/2556 2573/1390/2573 2576/1392/2575
f 2576/1392/2575 2569/1385/2568 2555/1373/2556
f 2577/1393/2576 2550/1366/2549 2547/1365/2548
f 2547/1365/2548 2578/1394/2577 2577/1393/2576
f 2557/1371/2554 2558/1374/2557 2579/1395/2578
f 2579/1395/2578 2580/1396/2579 2557/1371/2554
f 2581/1397/2580 2566/1382/2565 2550/1366/2549
f 2550/1366/2549 2577/1393/2576 2581/1397/2580
f 2582/1398/2581 2570/1386/2569 2566/1382/2565
f 2566/1382/2565 2581/1397/2580 2582/1398/2581
f 2558/1374/2557 2570/1386/2569 2582/1398/2581
f 2582/1398/2581 2579/1395/2578 2558/1374/2557
f 2572/1387/2570 2545/1359/2542 2546/1362/2545
f 2546/1362/2545 2571/1388/2571 2572/1387/2570
f 2574/1389/2572 2553/1367/2550 2554/1370/2553
f 2554/1370/2553 2573/1390/2573 2574/1389/2572
f 2575/1391/2574 2564/1379/2562 2545/1359/2542
f 2545/1359/2542 2572/1387/2570 2575/1391/2574
f 2576/1392/2575 2568/1383/2566 2564/1379/2562
f 2564/1379/2562 2575/1391/2574 2576/1392/2575
f 2573/1390/2573 2554/1370/2553 2568/1383/2566
f 2568/1383/2566 2576/1392/2575 2573/1390/2573
f 2583/1399/2582 2577/1393/2576 2578/1394/2577
f 2578/1394/2577 2584/1400/2583 2583/1399/2582
f 2580/1396/2579 2579/1395/2578 2585/1401/2584
f 2585/1401/2584 2586/1402/2585 2580/1396/2579
f 2587/1403/2586 2581/1397/2580 2577/1393/2576
f 2577/1393/2576 2583/1399/2582 2587/1403/2586
f 2588/1404/2587 2582/1398/2581 2581/1397/2580
f 2581/1397/2580 2587/1403/2586 2588/1404/2587
f 2579/1395/2578 2582/1398/2581 2588/1404/2587
f 2588/1404/2587 2585/1401/2584 2579/1395/2578
f 2591/1405/2588 2590/1406/2589 2589/1407/2590
f 2589/1407/2590 2592/1408/2591 2591/1405/2588
f 2589/1407/2590 2594/1409/2592 2593/1410/2593
f 2593/1410/2593 2592/1408/2591 2589/1407/2590
f 2596/1411/2594 2595/1412/2595 2592/1408/2591
f 2592/1408/2591 2593/1410/2593 2596/1411/2594
f 2595/1412/2595 2596/1411/2594 2597/1413/2596
f 2597/1413/2596 2598/1414/2597 2595/1412/2595
f 2598/1414/2597 2597/1413/2596 2599/1415/2598
f 2599/1415/2598 2600/1416/2599 2598/1414/2597
f 2601/1417/2600 2591/1405/2588 2592/1408/2591
f 2592/1408/2591 2595/1412/2595 2601/1417/2600
f 2595/1412/2595 2598/1414/2597 2602/1418/2601
f 2602/1418/2601 2601/1417/2600 2595/1412/2595
f 2598/1414/2597 2600/1416/2599 2603/1419/2602
f 2603/1419/2602 2602/1418/2601 2598/1414/2597
f 2606/1420/2603 2605/1421/2604 2604/1422/2605
f 2604/1422/2605 2607/1423/2606 2606/1420/2603
f 2610/1424/2607 2609/1425/2608 2608/1426/2609
f 2608/1426/2609 2611/1427/2610 2610/1424/2607
f 2613/1428/2611 2612/1429/2612 2604/1422/2605
f 2604/1422/2605 2614/1430/2613 2613/1428/2611
f 2606/1420/2603 2616/1431/2614 2615/1432/2615
f 2615/1432/2615 2605/1421/2604 2606/1420/2603
f 2619/1433/2616 2618/1434/2617 2617/1435/2618
f 2617/1435/2618 2620/1436/2619 2619/1433/2616
f 2621/1437/2620 2605/1421/2604 2615/1432/2615
f 2607/1423/2606 2610/1424/2607 2620/1436/2619
f 2620/1436/2619 2606/1420/2603 2607/1423/2606
f 2606/1420/2603 2620/1436/2619 2617/1435/2618
f 2617/1435/2618 2616/1431/2614 2606/1420/2603
f 2607/1423/2606 2604/1422/2605 2612/1429/2612
f 2612/1429/2612 2622/1438/2621 2607/1423/2606
f 2610/1424/2607 2611/1427/2610 2619/1433/2616
f 2619/1433/2616 2620/1436/2619 2610/1424/2607
f 2610/1424/2607 2607/1423/2606 2622/1438/2621
f 2622/1438/2621 2609/1425/2608 2610/1424/2607
f 2625/1439/2622 2624/1440/2623 2623/1441/2624
f 2623/1441/2624 2626/1442/2625 2625/1439/2622
f 2629/1443/2626 2628/1444/2627 2627/1445/2628
f 2627/1445/2628 2630/1446/2629 2629/1443/2626
f 2633/1447/2630 2632/1448/2631 2631/1449/2632
f 2631/1449/2632 2634/1450/2633 2633/1447/2630
f 2635/1451/2634 2633/1447/2630 2634/1450/2633
f 2634/1450/2633 2636/1452/2635 2635/1451/2634
f 2639/1453/2636 2638/1454/2637 2637/1455/2638
f 2637/1455/2638 2640/1456/2639 2639/1453/2636
f 2638/1454/2637 2639/1453/2636 2630/1446/2629
f 2630/1446/2629 2627/1445/2628 2638/1454/2637
f 2628/1444/2627 2629/1443/2626 2631/1449/2632
f 2631/1449/2632 2632/1448/2631 2628/1444/2627
f 2624/1440/2623 2625/1439/2622 2635/1451/2634
f 2635/1451/2634 2636/1452/2635 2624/1440/2623
f 2639/1453/2636 2642/1457/2640 2641/1458/2641
f 2641/1458/2641 2630/1446/2629 2639/1453/2636
f 2643/1459/2642 2623/1441/2624 2624/1440/2623
f 2624/1440/2623 2644/1460/2643 2643/1459/2642
f 2636/1452/2635 2645/1461/2644 2644/1460/2643
f 2644/1460/2643 2624/1440/2623 2636/1452/2635
f 2629/1443/2626 2647/1462/2645 2646/1463/2646
f 2646/1463/2646 2631/1449/2632 2629/1443/2626
f 2630/1446/2629 2641/1458/2641 2647/1462/2645
f 2647/1462/2645 2629/1443/2626 2630/1446/2629
f 2631/1449/2632 2646/1463/2646 2648/1464/2647
f 2648/1464/2647 2634/1450/2633 2631/1449/2632
f 2634/1450/2633 2648/1464/2647 2645/1461/2644
f 2645/1461/2644 2636/1452/2635 2634/1450/2633
f 2640/1456/2639 2649/1465/2648 2642/1457/2640
f 2642/1457/2640 2639/1453/2636 2640/1456/2639
f 2626/1442/2625 2651/1466/2649 2650/1467/2650
f 2650/1467/2650 2625/1439/2622 2626/1442/2625
f 2652/1468/2651 2627/1445/2628 2628/1444/2627
f 2628/1444/2627 2653/1469/2652 2652/1468/2651
f 2654/1470/2653 2632/1448/2631 2633/1447/2630
f 2633/1447/2630 2655/1471/2654 2654/1470/2653
f 2655/1471/2654 2633/1447/2630 2635/1451/2634
f 2635/1451/2634 2656/1472/2655 2655/1471/2654
f 2657/1473/2656 2637/1455/2638 2638/1454/2637
f 2638/1454/2637 2658/1474/2657 2657/1473/2656
f 2658/1474/2657 2638/1454/2637 2627/1445/2628
f 2627/1445/2628 2652/1468/2651 2658/1474/2657
f 2653/1469/2652 2628/1444/2627 2632/1448/2631
f 2632/1448/2631 2654/1470/2653 2653/1469/2652
f 2656/1472/2655 2635/1451/2634 2625/1439/2622
f 2625/1439/2622 2650/1467/2650 2656/1472/2655
f 2661/1475/2658 2660/1476/2659 2659/1477/2660
f 2659/1477/2660 2662/1478/2661 2661/1475/2658
f 2665/1479/2662 2664/1480/2663 2663/1481/2664
f 2663/1481/2664 2666/1482/2665 2665/1479/2662
f 2669/1483/2666 2668/1484/2667 2667/1485/2668
f 2667/1485/2668 2670/1486/2669 2669/1483/2666
f 2663/1481/2664 2668/1484/2667 2669/1483/2666
f 2669/1483/2666 2666/1482/2665 2663/1481/2664
f 2662/1478/2661 2664/1480/2663 2665/1479/2662
f 2665/1479/2662 2661/1475/2658 2662/1478/2661
f 2673/1487/2670 2672/1488/2671 2671/1489/2672
f 2671/1489/2672 2674/1490/2673 2673/1487/2670
f 2671/1489/2672 2672/1488/2671 2675/1491/2674
f 2675/1491/2674 2676/1492/2675 2671/1489/2672
f 2674/1490/2673 2659/1477/2660 2660/1476/2659
f 2660/1476/2659 2673/1487/2670 2674/1490/2673
f 2660/1476/2659 2678/1493/2676 2677/1494/2677
f 2677/1494/2677 2673/1487/2670 2660/1476/2659
f 2669/1483/2666 2680/1495/2678 2679/1496/2679
f 2679/1496/2679 2666/1482/2665 2669/1483/2666
f 2665/1479/2662 2682/1497/2680 2681/1498/2681
f 2681/1498/2681 2661/1475/2658 2665/1479/2662
f 2670/1486/2669 2683/1499/2682 2680/1495/2678
f 2680/1495/2678 2669/1483/2666 2670/1486/2669
f 2666/1482/2665 2679/1496/2679 2682/1497/2680
f 2682/1497/2680 2665/1479/2662 2666/1482/2665
f 2661/1475/2658 2681/1498/2681 2678/1493/2676
f 2678/1493/2676 2660/1476/2659 2661/1475/2658
f 2673/1487/2670 2677/1494/2677 2684/1500/2683
f 2684/1500/2683 2672/1488/2671 2673/1487/2670
f 2672/1488/2671 2684/1500/2683 2685/1501/2684
f 2685/1501/2684 2675/1491/2674 2672/1488/2671
f 2686/1502/2685 2662/1478/2661 2659/1477/2660
f 2659/1477/2660 2687/1503/2686 2686/1502/2685
f 2664/1480/2663 2688/1504/2687 2663/1481/2664
f 2689/1505/2688 2667/1485/2668 2668/1484/2667
f 2668/1484/2667 2690/1506/2689 2689/1505/2688
f 2690/1506/2689 2668/1484/2667 2663/1481/2664
f 2663/1481/2664 2691/1507/2690 2690/1506/2689
f 2692/1508/2691 2664/1480/2663 2662/1478/2661
f 2662/1478/2661 2686/1502/2685 2692/1508/2691
f 2671/1489/2672 2693/1509/2692 2674/1490/2673
f 2676/1492/2675 2694/1510/2693 2671/1489/2672
f 2674/1490/2673 2695/1511/2694 2659/1477/2660
f 2676/1492/2675 2696/1512/2695 2694/1510/2693
f 2694/1510/2693 2697/1513/2696 2671/1489/2672
f 2671/1489/2672 2697/1513/2696 2693/1509/2692
f 2693/1509/2692 2698/1514/2697 2674/1490/2673
f 2674/1490/2673 2698/1514/2697 2695/1511/2694
f 2695/1511/2694 2687/1503/2686 2659/1477/2660
f 2664/1480/2663 2692/1508/2691 2688/1504/2687
f 2688/1504/2687 2691/1507/2690 2663/1481/2664
f 2701/1515/2698 2700/1516/2699 2699/1517/2700
f 2699/1517/2700 2702/1518/2701 2701/1515/2698
f 2705/1519/2702 2704/1520/2703 2703/1521/2704
f 2703/1521/2704 2706/1522/2705 2705/1519/2702
f 2708/1523/2706 2707/1524/2707 2703/1521/2704
f 2703/1521/2704 2704/1520/2703 2708/1523/2706
f 2711/1525/2708 2710/1526/2709 2709/1527/2710
f 2709/1527/2710 2712/1528/2711 2711/1525/2708
f 2715/1529/2712 2714/1530/2713 2713/1531/2714
f 2713/1531/2714 2716/1532/2715 2715/1529/2712
f 2711/1525/2708 2702/1518/2701 2717/1533/2716
f 2717/1533/2716 2710/1526/2709 2711/1525/2708
f 2709/1527/2710 2718/1534/2717 2706/1522/2705
f 2706/1522/2705 2719/1535/2718 2709/1527/2710
f 2703/1521/2704 2707/1524/2707 2720/1536/2719
f 2720/1536/2719 2721/1537/2720 2703/1521/2704
f 2724/1538/2721 2723/1539/2722 2722/1540/2723
f 2722/1540/2723 2725/1541/2724 2724/1538/2721
f 2728/1542/2725 2727/1543/2726 2726/1544/2727
f 2726/1544/2727 2729/1545/2728 2728/1542/2725
f 2732/1546/2729 2731/1547/2730 2730/1548/2731
f 2730/1548/2731 2733/1549/2732 2732/1546/2729
f 2736/1550/2733 2735/1551/2734 2734/1552/2735
f 2738/1553/2736 2736/1550/2733 2737/1554/2737
f 2738/1553/2736 2735/1551/2734 2736/1550/2733
f 2736/1550/2733 2740/1555/2738 2739/1556/2739
f 2743/1557/2740 2742/1558/2741 2741/1559/2742
f 2741/1559/2742 2744/1560/2743 2743/1557/2740
f 2706/1522/2705 2718/1534/2717 2745/1561/2744
f 2745/1561/2744 2705/1519/2702 2706/1522/2705
f 2745/1561/2744 2747/1562/2745 2746/1563/2746
f 2746/1563/2746 2705/1519/2702 2745/1561/2744
f 2750/1564/2747 2749/1565/2748 2748/1566/2749
f 2748/1566/2749 2751/1567/2750 2750/1564/2747
f 2752/1568/2751 2722/1540/2723 2723/1539/2722
f 2723/1539/2722 2753/1569/2752 2752/1568/2751
f 2736/1550/2733 2754/1570/2753 2740/1555/2738
f 2756/1571/2754 2725/1541/2724 2755/1572/2755
f 2755/1572/2755 2757/1573/2756 2756/1571/2754
f 2758/1574/2757 2728/1542/2725 2729/1545/2728
f 2729/1545/2728 2759/1575/2758 2758/1574/2757
f 2761/1576/2759 2760/1577/2760 2722/1540/2723
f 2722/1540/2723 2752/1568/2751 2761/1576/2759
f 2757/1573/2756 2727/1543/2726 2762/1578/2761
f 2762/1578/2761 2756/1571/2754 2757/1573/2756
f 2764/1579/2762 2730/1548/2731 2763/1580/2763
f 2763/1580/2763 2765/1581/2764 2764/1579/2762
f 2768/1582/2765 2767/1583/2766 2766/1584/2767
f 2766/1584/2767 2769/1585/2768 2768/1582/2765
f 2772/1586/2769 2771/1587/2770 2770/1588/2771
f 2770/1588/2771 2773/1589/2772 2772/1586/2769
f 2775/1590/2773 2772/1586/2769 2774/1591/2774
f 2774/1591/2774 2776/1592/2775 2775/1590/2773
f 2778/1593/2776 2775/1590/2773 2777/1594/2777
f 2777/1594/2777 2779/1595/2778 2778/1593/2776
f 2781/1596/2779 2779/1595/2778 2780/1597/2780
f 2780/1597/2780 2782/1598/2781 2781/1596/2779
f 2785/1599/2782 2784/1600/2783 2783/1601/2784
f 2783/1601/2784 2786/1602/2785 2785/1599/2782
f 2789/1603/2786 2788/1604/2787 2787/1605/2788
f 2787/1605/2788 2790/1606/2789 2789/1603/2786
f 2792/1607/2790 2791/1608/2791 2766/1584/2767
f 2766/1584/2767 2767/1583/2766 2792/1607/2790
f 2795/1609/2792 2794/1610/2793 2793/1611/2794
f 2793/1611/2794 2796/1612/2795 2795/1609/2792
f 2798/1613/2796 2797/1614/2797 2793/1611/2794
f 2793/1611/2794 2799/1615/2798 2798/1613/2796
f 2802/1616/2799 2801/1617/2800 2800/1618/2801
f 2800/1618/2801 2803/1619/2802 2802/1616/2799
f 2756/1571/2754 2762/1578/2761 2804/1620/2803
f 2804/1620/2803 2805/1621/2804 2756/1571/2754
f 2808/1622/2805 2807/1623/2806 2806/1624/2807
f 2789/1603/2786 2797/1614/2797 2798/1613/2796
f 2798/1613/2796 2809/1625/2808 2789/1603/2786
f 2811/1626/2809 2810/1627/2810 2790/1606/2789
f 2790/1606/2789 2812/1628/2811 2811/1626/2809
f 2736/1550/2733 2739/1556/2739 2813/1629/2812
f 2805/1621/2804 2724/1538/2721 2725/1541/2724
f 2725/1541/2724 2756/1571/2754 2805/1621/2804
f 2814/1630/2813 2749/1565/2748 2750/1564/2747
f 2750/1564/2747 2815/1631/2814 2814/1630/2813
f 2816/1632/2815 2762/1578/2761 2728/1542/2725
f 2728/1542/2725 2758/1574/2757 2816/1632/2815
f 2818/1633/2816 2817/1634/2817 2800/1618/2801
f 2800/1618/2801 2801/1617/2800 2818/1633/2816
f 2819/1635/2818 2816/1632/2815 2758/1574/2757
f 2758/1574/2757 2820/1636/2819 2819/1635/2818
f 2821/1637/2820 2820/1636/2819 2758/1574/2757
f 2758/1574/2757 2759/1575/2758 2821/1637/2820
f 2824/1638/2821 2823/1639/2822 2822/1640/2823
f 2822/1640/2823 2811/1626/2809 2824/1638/2821
f 2797/1614/2797 2810/1627/2810 2796/1612/2795
f 2796/1612/2795 2793/1611/2794 2797/1614/2797
f 2824/1638/2821 2826/1641/2824 2825/1642/2825
f 2825/1642/2825 2823/1639/2822 2824/1638/2821
f 2827/1643/2826 2799/1615/2798 2793/1611/2794
f 2793/1611/2794 2794/1610/2793 2827/1643/2826
f 2765/1581/2764 2768/1582/2765 2828/1644/2827
f 2828/1644/2827 2829/1645/2828 2765/1581/2764
f 2831/1646/2829 2830/1647/2830 2786/1602/2785
f 2786/1602/2785 2783/1601/2784 2831/1646/2829
f 2832/1648/2831 2828/1644/2827 2768/1582/2765
f 2768/1582/2765 2769/1585/2768 2832/1648/2831
f 2834/1649/2832 2833/1650/2833 2788/1604/2787
f 2788/1604/2787 2835/1651/2834 2834/1649/2832
f 2834/1649/2832 2835/1651/2834 2836/1652/2835
f 2787/1605/2788 2838/1653/2836 2837/1654/2837
f 2837/1654/2837 2839/1655/2838 2787/1605/2788
f 2839/1655/2838 2837/1654/2837 2769/1585/2768
f 2769/1585/2768 2766/1584/2767 2839/1655/2838
f 2832/1648/2831 2769/1585/2768 2837/1654/2837
f 2840/1656/2839 2830/1647/2830 2831/1646/2829
f 2831/1646/2829 2841/1657/2840 2840/1656/2839
f 2837/1654/2837 2838/1653/2836 2842/1658/2841
f 2842/1658/2841 2832/1648/2831 2837/1654/2837
f 2716/1532/2715 2844/1659/2842 2843/1660/2843
f 2843/1660/2843 2715/1529/2712 2716/1532/2715
f 2715/1529/2712 2843/1660/2843 2845/1661/2844
f 2845/1661/2844 2846/1662/2845 2715/1529/2712
f 2849/1663/2846 2848/1664/2847 2847/1665/2848
f 2847/1665/2848 2850/1666/2849 2849/1663/2846
f 2702/1518/2701 2699/1517/2700 2717/1533/2716
f 2851/1667/2850 2701/1515/2698 2702/1518/2701
f 2702/1518/2701 2711/1525/2708 2851/1667/2850
f 2852/1668/2851 2845/1661/2844 2843/1660/2843
f 2705/1519/2702 2746/1563/2746 2853/1669/2852
f 2853/1669/2852 2704/1520/2703 2705/1519/2702
f 2704/1520/2703 2853/1669/2852 2854/1670/2853
f 2854/1670/2853 2708/1523/2706 2704/1520/2703
f 2857/1671/2854 2856/1672/2855 2855/1673/2856
f 2855/1673/2856 2858/1674/2857 2857/1671/2854
f 2854/1670/2853 2859/1675/2858 2844/1659/2842
f 2844/1659/2842 2708/1523/2706 2854/1670/2853
f 2852/1668/2851 2843/1660/2843 2844/1659/2842
f 2844/1659/2842 2859/1675/2858 2852/1668/2851
f 2862/1676/2859 2861/1677/2860 2860/1678/2861
f 2860/1678/2861 2863/1679/2862 2862/1676/2859
f 2861/1677/2860 2862/1676/2859 2864/1680/2863
f 2864/1680/2863 2865/1681/2864 2861/1677/2860
f 2865/1681/2864 2864/1680/2863 2866/1682/2865
f 2866/1682/2865 2867/1683/2866 2865/1681/2864
f 2870/1684/2867 2869/1685/2868 2868/1686/2869
f 2871/1687/2870 2747/1562/2745 2745/1561/2744
f 2745/1561/2744 2872/1688/2871 2871/1687/2870
f 2871/1687/2870 2872/1688/2871 2873/1689/2872
f 2876/1690/2873 2875/1691/2874 2874/1692/2875
f 2874/1692/2875 2877/1693/2876 2876/1690/2873
f 2699/1517/2700 2700/1516/2699 2878/1694/2877
f 2878/1694/2877 2873/1689/2872 2699/1517/2700
f 2714/1530/2713 2715/1529/2712 2846/1662/2845
f 2846/1662/2845 2879/1695/2878 2714/1530/2713
f 2881/1696/2879 2880/1697/2880 2862/1676/2859
f 2862/1676/2859 2863/1679/2862 2881/1696/2879
f 2880/1697/2880 2850/1666/2849 2864/1680/2863
f 2864/1680/2863 2862/1676/2859 2880/1697/2880
f 2864/1680/2863 2850/1666/2849 2847/1665/2848
f 2847/1665/2848 2866/1682/2865 2864/1680/2863
f 2883/1698/2881 2882/1699/2882 2876/1690/2873
f 2876/1690/2873 2877/1693/2876 2883/1698/2881
f 2700/1516/2699 2701/1515/2698 2884/1700/2883
f 2884/1700/2883 2885/1701/2884 2700/1516/2699
f 2701/1515/2698 2851/1667/2850 2884/1700/2883
f 2886/1702/2885 2878/1694/2877 2700/1516/2699
f 2700/1516/2699 2885/1701/2884 2886/1702/2885
f 2875/1691/2874 2869/1685/2868 2870/1684/2867
f 2870/1684/2867 2874/1692/2875 2875/1691/2874
f 2778/1593/2776 2779/1595/2778 2781/1596/2779
f 2781/1596/2779 2887/1703/2886 2778/1593/2776
f 2718/1534/2717 2717/1533/2716 2872/1688/2871
f 2872/1688/2871 2745/1561/2744 2718/1534/2717
f 2718/1534/2717 2709/1527/2710 2710/1526/2709
f 2710/1526/2709 2717/1533/2716 2718/1534/2717
f 2889/1704/2887 2888/1705/2888 2821/1637/2820
f 2890/1706/2889 2833/1650/2833 2834/1649/2832
f 2858/1674/2857 2892/1707/2890 2891/1708/2891
f 2891/1708/2891 2857/1671/2854 2858/1674/2857
f 2894/1709/2892 2893/1710/2893 2869/1685/2868
f 2869/1685/2868 2875/1691/2874 2894/1709/2892
f 2895/1711/2894 2894/1709/2892 2875/1691/2874
f 2875/1691/2874 2876/1690/2873 2895/1711/2894
f 2898/1712/2895 2897/1713/2896 2896/1714/2897
f 2896/1714/2897 2899/1715/2898 2898/1712/2895
f 2900/1716/2899 2895/1711/2894 2876/1690/2873
f 2876/1690/2873 2882/1699/2882 2900/1716/2899
f 2897/1713/2896 2902/1717/2900 2901/1718/2901
f 2901/1718/2901 2903/1719/2902 2897/1713/2896
f 2904/1720/2903 2896/1714/2897 2897/1713/2896
f 2897/1713/2896 2903/1719/2902 2904/1720/2903
f 2906/1721/2904 2905/1722/2905 2889/1704/2887
f 2889/1704/2887 2907/1723/2906 2906/1721/2904
f 2907/1723/2906 2908/1724/2907 2741/1559/2742
f 2741/1559/2742 2906/1721/2904 2907/1723/2906
f 2744/1560/2743 2741/1559/2742 2908/1724/2907
f 2908/1724/2907 2909/1725/2908 2744/1560/2743
f 2910/1726/2909 2736/1550/2733 2813/1629/2812
f 2907/1723/2906 2889/1704/2887 2821/1637/2820
f 2821/1637/2820 2759/1575/2758 2907/1723/2906
f 2909/1725/2908 2908/1724/2907 2729/1545/2728
f 2729/1545/2728 2726/1544/2727 2909/1725/2908
f 2737/1554/2737 2736/1550/2733 2910/1726/2909
f 2759/1575/2758 2729/1545/2728 2908/1724/2907
f 2908/1724/2907 2907/1723/2906 2759/1575/2758
f 2902/1717/2900 2912/1727/2910 2911/1728/2911
f 2911/1728/2911 2913/1729/2912 2902/1717/2900
f 2914/1730/2913 2731/1547/2730 2913/1729/2912
f 2913/1729/2912 2911/1728/2911 2914/1730/2913
f 2768/1582/2765 2765/1581/2764 2763/1580/2763
f 2763/1580/2763 2767/1583/2766 2768/1582/2765
f 2917/1731/2914 2916/1732/2915 2915/1733/2916
f 2915/1733/2916 2918/1734/2917 2917/1731/2914
f 2734/1552/2735 2754/1570/2753 2736/1550/2733
f 2760/1577/2760 2755/1572/2755 2725/1541/2724
f 2725/1541/2724 2722/1540/2723 2760/1577/2760
f 2803/1619/2802 2920/1735/2918 2919/1736/2919
f 2919/1736/2919 2802/1616/2799 2803/1619/2802
f 2802/1616/2799 2919/1736/2919 2815/1631/2814
f 2815/1631/2814 2750/1564/2747 2802/1616/2799
f 2921/1737/2920 2881/1696/2879 2863/1679/2862
f 2863/1679/2862 2922/1738/2921 2921/1737/2920
f 2923/1739/2922 2794/1610/2793 2795/1609/2792
f 2795/1609/2792 2924/1740/2923 2923/1739/2922
f 2927/1741/2924 2926/1742/2925 2925/1743/2926
f 2925/1743/2926 2928/1744/2927 2927/1741/2924
f 2888/1705/2888 2930/1745/2928 2929/1746/2929
f 2929/1746/2929 2931/1747/2930 2888/1705/2888
f 2795/1609/2792 2822/1640/2823 2932/1748/2931
f 2932/1748/2931 2924/1740/2923 2795/1609/2792
f 2822/1640/2823 2823/1639/2822 2933/1749/2932
f 2933/1749/2932 2932/1748/2931 2822/1640/2823
f 2934/1750/2933 2820/1636/2819 2821/1637/2820
f 2821/1637/2820 2935/1751/2934 2934/1750/2933
f 2823/1639/2822 2825/1642/2825 2936/1752/2935
f 2936/1752/2935 2933/1749/2932 2823/1639/2822
f 2937/1753/2936 2890/1706/2889 2834/1649/2832
f 2834/1649/2832 2836/1652/2835 2937/1753/2936
f 2863/1679/2862 2939/1754/2937 2938/1755/2938
f 2938/1755/2938 2922/1738/2921 2863/1679/2862
f 2940/1756/2939 2927/1741/2924 2928/1744/2927
f 2928/1744/2927 2941/1757/2940 2940/1756/2939
f 2939/1754/2937 2857/1671/2854 2942/1758/2941
f 2942/1758/2941 2938/1755/2938 2939/1754/2937
f 2857/1671/2854 2891/1708/2891 2943/1759/2942
f 2943/1759/2942 2942/1758/2941 2857/1671/2854
f 2904/1720/2903 2903/1719/2902 2944/1760/2943
f 2944/1760/2943 2945/1761/2944 2904/1720/2903
f 2946/1762/2945 2819/1635/2818 2820/1636/2819
f 2820/1636/2819 2934/1750/2933 2946/1762/2945
f 2803/1619/2802 2800/1618/2801 2753/1569/2752
f 2753/1569/2752 2723/1539/2722 2803/1619/2802
f 2753/1569/2752 2800/1618/2801 2817/1634/2817
f 2817/1634/2817 2947/1763/2946 2753/1569/2752
f 2905/1722/2905 2948/1764/2947 2888/1705/2888
f 2888/1705/2888 2889/1704/2887 2905/1722/2905
f 2920/1735/2918 2803/1619/2802 2723/1539/2722
f 2723/1539/2722 2724/1538/2721 2920/1735/2918
f 2825/1642/2825 2819/1635/2818 2946/1762/2945
f 2946/1762/2945 2936/1752/2935 2825/1642/2825
f 2888/1705/2888 2931/1747/2930 2935/1751/2934
f 2935/1751/2934 2821/1637/2820 2888/1705/2888
f 2776/1592/2775 2774/1591/2774 2949/1765/2948
f 2949/1765/2948 2950/1766/2949 2776/1592/2775
f 2953/1767/2950 2952/1768/2951 2951/1769/2952
f 2951/1769/2952 2954/1770/2953 2953/1767/2950
f 2764/1579/2762 2780/1597/2780 2733/1549/2732
f 2733/1549/2732 2730/1548/2731 2764/1579/2762
f 2731/1547/2730 2732/1546/2729 2955/1771/2954
f 2955/1771/2954 2913/1729/2912 2731/1547/2730
f 2764/1579/2762 2782/1598/2781 2780/1597/2780
f 2955/1771/2954 2957/1772/2955 2956/1773/2956
f 2956/1773/2956 2901/1718/2901 2955/1771/2954
f 2779/1595/2778 2777/1594/2777 2733/1549/2732
f 2733/1549/2732 2780/1597/2780 2779/1595/2778
f 2960/1774/2957 2959/1775/2958 2958/1776/2959
f 2962/1777/2960 2961/1778/2961 2955/1771/2954
f 2955/1771/2954 2732/1546/2729 2962/1777/2960
f 2958/1776/2959 2964/1779/2962 2963/1780/2963
f 2963/1780/2963 2965/1781/2964 2958/1776/2959
f 2961/1778/2961 2950/1766/2949 2966/1782/2965
f 2966/1782/2965 2957/1772/2955 2961/1778/2961
f 2776/1592/2775 2950/1766/2949 2961/1778/2961
f 2961/1778/2961 2962/1777/2960 2776/1592/2775
f 2775/1590/2773 2778/1593/2776 2771/1587/2770
f 2771/1587/2770 2772/1586/2769 2775/1590/2773
f 2968/1783/2966 2967/1784/2967 2887/1703/2886
f 2887/1703/2886 2969/1785/2968 2968/1783/2966
f 2778/1593/2776 2887/1703/2886 2967/1784/2967
f 2967/1784/2967 2771/1587/2770 2778/1593/2776
f 2949/1765/2948 2952/1768/2951 2970/1786/2969
f 2970/1786/2969 2950/1766/2949 2949/1765/2948
f 2789/1603/2786 2809/1625/2808 2835/1651/2834
f 2835/1651/2834 2788/1604/2787 2789/1603/2786
f 2971/1787/2970 2774/1591/2774 2772/1586/2769
f 2772/1586/2769 2773/1589/2772 2971/1787/2970
f 2812/1628/2811 2790/1606/2789 2787/1605/2788
f 2787/1605/2788 2839/1655/2838 2812/1628/2811
f 2763/1580/2763 2914/1730/2913 2792/1607/2790
f 2792/1607/2790 2767/1583/2766 2763/1580/2763
f 2836/1652/2835 2835/1651/2834 2809/1625/2808
f 2809/1625/2808 2972/1788/2971 2836/1652/2835
f 2766/1584/2767 2791/1608/2791 2812/1628/2811
f 2812/1628/2811 2839/1655/2838 2766/1584/2767
f 2731/1547/2730 2914/1730/2913 2763/1580/2763
f 2763/1580/2763 2730/1548/2731 2731/1547/2730
f 2954/1770/2953 2951/1769/2952 2973/1789/2972
f 2973/1789/2972 2974/1790/2973 2954/1770/2953
f 2777/1594/2777 2962/1777/2960 2732/1546/2729
f 2732/1546/2729 2733/1549/2732 2777/1594/2777
f 2775/1590/2773 2776/1592/2775 2962/1777/2960
f 2962/1777/2960 2777/1594/2777 2775/1590/2773
f 2774/1591/2774 2951/1769/2952 2952/1768/2951
f 2952/1768/2951 2949/1765/2948 2774/1591/2774
f 2971/1787/2970 2973/1789/2972 2951/1769/2952
f 2951/1769/2952 2774/1591/2774 2971/1787/2970
f 2789/1603/2786 2790/1606/2789 2810/1627/2810
f 2810/1627/2810 2797/1614/2797 2789/1603/2786
f 2975/1791/2974 2827/1643/2826 2794/1610/2793
f 2794/1610/2793 2923/1739/2922 2975/1791/2974
f 2833/1650/2833 2838/1653/2836 2787/1605/2788
f 2787/1605/2788 2788/1604/2787 2833/1650/2833
f 2967/1784/2967 2968/1783/2966 2976/1792/2975
f 2976/1792/2975 2770/1588/2771 2771/1587/2770
f 2771/1587/2770 2967/1784/2967 2976/1792/2975
f 2842/1658/2841 2838/1653/2836 2833/1650/2833
f 2833/1650/2833 2890/1706/2889 2842/1658/2841
f 2773/1589/2772 2925/1743/2926 2973/1789/2972
f 2973/1789/2972 2971/1787/2970 2773/1589/2772
f 2930/1745/2928 2888/1705/2888 2948/1764/2947
f 2948/1764/2947 2977/1793/2976 2930/1745/2928
f 2902/1717/2900 2897/1713/2896 2898/1712/2895
f 2898/1712/2895 2978/1794/2977 2902/1717/2900
f 2903/1719/2902 2901/1718/2901 2956/1773/2956
f 2956/1773/2956 2944/1760/2943 2903/1719/2902
f 2915/1733/2916 2916/1732/2915 2898/1712/2895
f 2898/1712/2895 2899/1715/2898 2915/1733/2916
f 2814/1630/2813 2911/1728/2911 2912/1727/2910
f 2912/1727/2910 2749/1565/2748 2814/1630/2813
f 2911/1728/2911 2814/1630/2813 2914/1730/2913
f 2812/1628/2811 2791/1608/2791 2824/1638/2821
f 2824/1638/2821 2811/1626/2809 2812/1628/2811
f 2791/1608/2791 2792/1607/2790 2826/1641/2824
f 2826/1641/2824 2824/1638/2821 2791/1608/2791
f 2792/1607/2790 2815/1631/2814 2979/1795/2978
f 2979/1795/2978 2826/1641/2824 2792/1607/2790
f 2977/1793/2976 2880/1697/2880 2881/1696/2879
f 2881/1696/2879 2930/1745/2928 2977/1793/2976
f 2930/1745/2928 2881/1696/2879 2921/1737/2920
f 2921/1737/2920 2929/1746/2929 2930/1745/2928
f 2761/1576/2759 2752/1568/2751 2742/1558/2741
f 2742/1558/2741 2743/1557/2740 2761/1576/2759
f 2947/1763/2946 2742/1558/2741 2752/1568/2751
f 2752/1568/2751 2753/1569/2752 2947/1763/2946
f 2980/1796/2979 2900/1716/2899 2882/1699/2882
f 2882/1699/2882 2883/1698/2881 2866/1682/2865
f 2866/1682/2865 2847/1665/2848 2882/1699/2882
f 2902/1717/2900 2913/1729/2912 2955/1771/2954
f 2955/1771/2954 2901/1718/2901 2902/1717/2900
f 2863/1679/2862 2860/1678/2861 2981/1797/2980
f 2981/1797/2980 2939/1754/2937 2863/1679/2862
f 2981/1797/2980 2856/1672/2855 2857/1671/2854
f 2857/1671/2854 2939/1754/2937 2981/1797/2980
f 2720/1536/2719 2713/1531/2714 2714/1530/2713
f 2714/1530/2713 2982/1798/2981 2720/1536/2719
f 2713/1531/2714 2720/1536/2719 2707/1524/2707
f 2707/1524/2707 2716/1532/2715 2713/1531/2714
f 2716/1532/2715 2707/1524/2707 2708/1523/2706
f 2708/1523/2706 2844/1659/2842 2716/1532/2715
f 2947/1763/2946 2817/1634/2817 2905/1722/2905
f 2905/1722/2905 2906/1721/2904 2947/1763/2946
f 2818/1633/2816 2977/1793/2976 2948/1764/2947
f 2906/1721/2904 2741/1559/2742 2742/1558/2741
f 2742/1558/2741 2947/1763/2946 2906/1721/2904
f 2880/1697/2880 2977/1793/2976 2818/1633/2816
f 2818/1633/2816 2850/1666/2849 2880/1697/2880
f 2811/1626/2809 2796/1612/2795 2810/1627/2810
f 2807/1623/2806 2984/1799/2982 2983/1800/2983
f 2975/1791/2974 2986/1801/2984 2985/1802/2985
f 2985/1802/2985 2827/1643/2826 2975/1791/2974
f 2987/1803/2986 2849/1663/2846 2801/1617/2800
f 2801/1617/2800 2751/1567/2750 2987/1803/2986
f 2850/1666/2849 2818/1633/2816 2801/1617/2800
f 2801/1617/2800 2849/1663/2846 2850/1666/2849
f 2848/1664/2847 2980/1796/2979 2882/1699/2882
f 2882/1699/2882 2847/1665/2848 2848/1664/2847
f 2987/1803/2986 2988/1804/2987 2916/1732/2915
f 2916/1732/2915 2917/1731/2914 2987/1803/2986
f 2918/1734/2917 2980/1796/2979 2848/1664/2847
f 2848/1664/2847 2917/1731/2914 2918/1734/2917
f 2989/1805/2988 2798/1613/2796 2985/1802/2985
f 2985/1802/2985 2986/1801/2984 2989/1805/2988
f 2806/1624/2807 2807/1623/2806 2983/1800/2983
f 2989/1805/2988 2972/1788/2971 2809/1625/2808
f 2809/1625/2808 2798/1613/2796 2989/1805/2988
f 2959/1775/2958 2960/1774/2957 2784/1600/2783
f 2784/1600/2783 2785/1599/2782 2959/1775/2958
f 2829/1645/2828 2782/1598/2781 2764/1579/2762
f 2764/1579/2762 2765/1581/2764 2829/1645/2828
f 2964/1779/2962 2958/1776/2959 2959/1775/2958
f 2959/1775/2958 2990/1806/2989 2964/1779/2962
f 2805/1621/2804 2804/1620/2803 2991/1807/2990
f 2991/1807/2990 2979/1795/2978 2805/1621/2804
f 2804/1620/2803 2762/1578/2761 2816/1632/2815
f 2816/1632/2815 2991/1807/2990 2804/1620/2803
f 2825/1642/2825 2991/1807/2990 2816/1632/2815
f 2816/1632/2815 2819/1635/2818 2825/1642/2825
f 2991/1807/2990 2825/1642/2825 2826/1641/2824
f 2826/1641/2824 2979/1795/2978 2991/1807/2990
f 2792/1607/2790 2914/1730/2913 2814/1630/2813
f 2814/1630/2813 2815/1631/2814 2792/1607/2790
f 2724/1538/2721 2805/1621/2804 2979/1795/2978
f 2979/1795/2978 2920/1735/2918 2724/1538/2721
f 2815/1631/2814 2919/1736/2919 2920/1735/2918
f 2920/1735/2918 2979/1795/2978 2815/1631/2814
f 2970/1786/2969 2992/1808/2991 2966/1782/2965
f 2966/1782/2965 2950/1766/2949 2970/1786/2969
f 2952/1768/2951 2953/1767/2950 2992/1808/2991
f 2992/1808/2991 2970/1786/2969 2952/1768/2951
f 2925/1743/2926 2926/1742/2925 2974/1790/2973
f 2974/1790/2973 2973/1789/2972 2925/1743/2926
f 2968/1783/2966 2941/1757/2940 2976/1792/2975
f 2770/1588/2771 2976/1792/2975 2941/1757/2940
f 2941/1757/2940 2928/1744/2927 2770/1588/2771
f 2925/1743/2926 2773/1589/2772 2770/1588/2771
f 2770/1588/2771 2928/1744/2927 2925/1743/2926
f 2961/1778/2961 2957/1772/2955 2955/1771/2954
f 2993/1809/2992 2968/1783/2966 2969/1785/2968
f 2969/1785/2968 2994/1810/2993 2993/1809/2992
f 2968/1783/2966 2993/1809/2992 2940/1756/2939
f 2940/1756/2939 2941/1757/2940 2968/1783/2966
f 2959/1775/2958 2785/1599/2782 2995/1811/2994
f 2995/1811/2994 2990/1806/2989 2959/1775/2958
f 2996/1812/2995 2990/1806/2989 2995/1811/2994
f 2785/1599/2782 2786/1602/2785 2997/1813/2996
f 2997/1813/2996 2995/1811/2994 2785/1599/2782
f 2995/1811/2994 2997/1813/2996 2998/1814/2997
f 2998/1814/2997 2996/1812/2995 2995/1811/2994
f 2727/1543/2726 2728/1542/2725 2762/1578/2761
f 2817/1634/2817 2818/1633/2816 2948/1764/2947
f 2948/1764/2947 2905/1722/2905 2817/1634/2817
f 2699/1517/2700 2873/1689/2872 2872/1688/2871
f 2872/1688/2871 2717/1533/2716 2699/1517/2700
f 2748/1566/2749 2988/1804/2987 2987/1803/2986
f 2987/1803/2986 2751/1567/2750 2748/1566/2749
f 2988/1804/2987 2748/1566/2749 2978/1794/2977
f 2748/1566/2749 2749/1565/2748 2912/1727/2910
f 2912/1727/2910 2978/1794/2977 2748/1566/2749
f 2978/1794/2977 2912/1727/2910 2902/1717/2900
f 2848/1664/2847 2987/1803/2986 2917/1731/2914
f 2988/1804/2987 2978/1794/2977 2898/1712/2895
f 2898/1712/2895 2916/1732/2915 2988/1804/2987
f 2848/1664/2847 2849/1663/2846 2987/1803/2986
f 3001/1815/2998 3000/1816/2999 2999/1817/3000
f 3004/1818/3001 3003/1819/3002 3002/1820/3003
f 3002/1820/3003 3005/1821/3004 3004/1818/3001
f 3008/1822/3005 3007/1823/3006 3006/1824/3007
f 3006/1824/3007 3009/1825/3008 3008/1822/3005
f 3000/1816/2999 3001/1815/2998 3010/1826/3009
f 3010/1826/3009 3011/1827/3010 3000/1816/2999
f 3014/1828/3011 3013/1829/3012 3012/1830/3013
f 3012/1830/3013 3015/1831/3014 3014/1828/3011
f 3017/1832/3015 3016/1833/3016 3003/1819/3002
f 3003/1819/3002 3010/1826/3009 3017/1832/3015
f 3019/1834/3017 3015/1831/3014 3018/1835/3018
f 3018/1835/3018 3020/1836/3019 3019/1834/3017
f 3020/1836/3019 3018/1835/3018 3007/1823/3006
f 3007/1823/3006 3008/1822/3005 3020/1836/3019
f 3009/1825/3008 3006/1824/3007 2999/1817/3000
f 2999/1817/3000 3000/1816/2999 3009/1825/3008
f 2999/1817/3000 3022/1837/3020 3021/1838/3021
f 3021/1838/3021 3001/1815/2998 2999/1817/3000
f 3023/1839/3022 3002/1820/3003 3003/1819/3002
f 3003/1819/3002 3016/1833/3016 3023/1839/3022
f 3024/1840/3023 3006/1824/3007 3007/1823/3006
f 3007/1823/3006 3025/1841/3024 3024/1840/3023
f 3021/1838/3021 3017/1832/3015 3010/1826/3009
f 3010/1826/3009 3001/1815/2998 3021/1838/3021
f 3015/1831/3014 3019/1834/3017 3026/1842/3025
f 3026/1842/3025 3014/1828/3011 3015/1831/3014
f 3003/1819/3002 3004/1818/3001 3011/1827/3010
f 3011/1827/3010 3010/1826/3009 3003/1819/3002
f 3027/1843/3026 3018/1835/3018 3015/1831/3014
f 3015/1831/3014 3012/1830/3013 3027/1843/3026
f 3025/1841/3024 3007/1823/3006 3018/1835/3018
f 3018/1835/3018 3027/1843/3026 3025/1841/3024
f 3006/1824/3007 3024/1840/3023 3028/1844/3027
f 3013/1829/3012 3030/1845/3028 3029/1846/3029
f 3029/1846/3029 3012/1830/3013 3013/1829/3012
f 3017/1832/3015 3032/1847/3030 3031/1848/3031
f 3031/1848/3031 3016/1833/3016 3017/1832/3015
f 3022/1837/3020 3034/1849/3032 3033/1850/3033
f 3033/1850/3033 3021/1838/3021 3022/1837/3020
f 3016/1833/3016 3031/1848/3031 3035/1851/3034
f 3035/1851/3034 3023/1839/3022 3016/1833/3016
f 3025/1841/3024 3037/1852/3035 3036/1853/3036
f 3036/1853/3036 3024/1840/3023 3025/1841/3024
f 3021/1838/3021 3033/1850/3033 3032/1847/3030
f 3032/1847/3030 3017/1832/3015 3021/1838/3021
f 3012/1830/3013 3029/1846/3029 3038/1854/3037
f 3038/1854/3037 3027/1843/3026 3012/1830/3013
f 3027/1843/3026 3038/1854/3037 3037/1852/3035
f 3037/1852/3035 3025/1841/3024 3027/1843/3026
f 3036/1853/3036 3039/1855/3038 3028/1844/3027
f 3028/1844/3027 3024/1840/3023 3036/1853/3036
f 3008/1822/3005 3041/1856/3039 3040/1857/3040
f 3040/1857/3040 3020/1836/3019 3008/1822/3005
f 3020/1836/3019 3040/1857/3040 3042/1858/3041
f 3042/1858/3041 3019/1834/3017 3020/1836/3019
f 3019/1834/3017 3042/1858/3041 3043/1859/3042
f 3043/1859/3042 3026/1842/3025 3019/1834/3017
f 3011/1827/3010 3045/1860/3043 3044/1861/3044
f 3044/1861/3044 3000/1816/2999 3011/1827/3010
f 3004/1818/3001 3046/1862/3045 3045/1860/3043
f 3045/1860/3043 3011/1827/3010 3004/1818/3001
f 3009/1825/3008 3047/1863/3046 3041/1856/3039
f 3041/1856/3039 3008/1822/3005 3009/1825/3008
f 3000/1816/2999 3044/1861/3044 3047/1863/3046
f 3047/1863/3046 3009/1825/3008 3000/1816/2999
f 3005/1821/3004 3048/1864/3047 3046/1862/3045
f 3046/1862/3045 3004/1818/3001 3005/1821/3004
f 3051/1865/3048 3050/1866/3049 3049/1867/3050
f 3049/1867/3050 3052/1868/3051 3051/1865/3048
f 3050/1866/3049 3051/1865/3048 3053/1869/3052
f 3053/1869/3052 3054/1870/3053 3050/1866/3049
f 3057/1871/3054 3056/1872/3055 3055/1873/3056
f 3055/1873/3056 3058/1874/3057 3057/1871/3054
f 3059/1875/3058 3057/1871/3054 3058/1874/3057
f 3058/1874/3057 3060/1876/3059 3059/1875/3058
f 3056/1872/3055 3050/1866/3049 3054/1870/3053
f 3054/1870/3053 3055/1873/3056 3056/1872/3055
f 3056/1872/3055 3057/1871/3054 3061/1877/3060
f 3061/1877/3060 3062/1878/3061 3056/1872/3055
f 3057/1871/3054 3059/1875/3058 3063/1879/3062
f 3063/1879/3062 3061/1877/3060 3057/1871/3054
f 3050/1866/3049 3056/1872/3055 3062/1878/3061
f 3062/1878/3061 3049/1867/3050 3050/1866/3049
f 3064/1880/3063 3054/1870/3053 3053/1869/3052
f 3053/1869/3052 3065/1881/3064 3064/1880/3063
f 3058/1874/3057 3067/1882/3065 3066/1883/3066
f 3066/1883/3066 3060/1876/3059 3058/1874/3057
f 3068/1884/3067 3055/1873/3056 3054/1870/3053
f 3054/1870/3053 3064/1880/3063 3068/1884/3067
f 3055/1873/3056 3068/1884/3067 3067/1882/3065
f 3067/1882/3065 3058/1874/3057 3055/1873/3056
f 3039/1855/3038 3034/1849/3032 3022/1837/3020
f 3022/1837/3020 3028/1844/3027 3039/1855/3038
f 2999/1817/3000 3006/1824/3007 3028/1844/3027
f 3028/1844/3027 3022/1837/3020 2999/1817/3000
f 2822/1640/2823 2795/1609/2792 2796/1612/2795
f 2796/1612/2795 2811/1626/2809 2822/1640/2823
f 2807/1623/2806 2808/1622/2805 2984/1799/2982
f 2802/1616/2799 2750/1564/2747 2751/1567/2750
f 2751/1567/2750 2801/1617/2800 2802/1616/2799
f 3071/1885/3068 3070/1886/3069 3069/1887/3070
f 3069/1887/3070 3072/1888/3071 3071/1885/3068
f 3074/1889/3072 3073/1890/3073 3069/1887/3070
f 3069/1887/3070 3070/1886/3069 3074/1889/3072
f 3076/1891/3074 3075/1892/3075 3073/1890/3073
f 3073/1890/3073 3074/1889/3072 3076/1891/3074
f 3071/1885/3068 3078/1893/3076 3077/1894/3077
f 3077/1894/3077 3070/1886/3069 3071/1885/3068
f 3070/1886/3069 3077/1894/3077 3079/1895/3078
f 3079/1895/3078 3074/1889/3072 3070/1886/3069
f 3074/1889/3072 3079/1895/3078 3080/1896/3079
f 3080/1896/3079 3076/1891/3074 3074/1889/3072
f 3076/1891/3074 3082/1897/3080 3081/1898/3081
f 3081/1898/3081 3075/1892/3075 3076/1891/3074
f 3082/1897/3080 3076/1891/3074 3080/1896/3079
f 3080/1896/3079 3083/1899/3082 3082/1897/3080
f 2604/1422/2605 2605/1421/2604 2614/1430/2613
f 2605/1421/2604 2621/1437/2620 3084/1900/3083
f 3084/1900/3083 2614/1430/2613 2605/1421/2604
f 3084/1900/3083 3085/1901/3084 2613/1428/2611
f 2613/1428/2611 2614/1430/2613 3084/1900/3083
f 3087/1183/3085 3086/1186/3086 2322/1185/2324
f 2322/1185/2324 2323/1184/2323 3087/1183/3085
f 3090/1187/3087 3089/1190/3088 3088/1189/3089
f 3088/1189/3089 3091/1188/3090 3090/1187/3087
f 3094/1191/3091 3093/1193/3092 3092/1192/3093
f 3096/1194/3094 3095/1196/3095 3090/1187/3087
f 3090/1187/3087 3097/1195/3096 3096/1194/3094
f 2338/1197/2336 2339/1200/2339 3098/1199/3097
f 3098/1199/3097 3099/1198/3098 2338/1197/2336
f 3101/1201/3099 3100/1183/3100 2340/1184/2342
f 2340/1184/2342 2341/1202/2341 3101/1201/3099
f 3104/1203/3101 3103/1206/3102 3102/1205/3103
f 3102/1205/3103 3105/1204/3104 3104/1203/3101
f 3088/1189/3089 3089/1190/3088 3106/1207/3105
f 3109/1208/3106 3108/1210/3107 3107/1209/3108
f 3104/1203/3101 3097/1195/3096 3110/1211/3109
f 3110/1211/3109 3103/1206/3102 3104/1203/3101
f 3113/1212/3110 3112/1215/3111 3111/1214/3112
f 3111/1214/3112 3114/1213/3113 3113/1212/3110
f 3116/1216/3114 3115/1217/3115 3111/1214/3112
f 3111/1214/3112 3112/1215/3111 3116/1216/3114
f 3119/1218/3116 3118/1221/3117 3117/1220/3118
f 3117/1220/3118 3120/1219/3119 3119/1218/3116
f 3123/1222/3120 3122/1225/3121 3121/1224/3122
f 3121/1224/3122 3124/1223/3123 3123/1222/3120
f 3127/1226/3124 3126/1229/3125 3125/1228/3126
f 3125/1228/3126 3128/1227/3127 3127/1226/3124
f 3131/1230/3128 3130/1232/3129 3129/1231/3130
f 3131/1230/3128 3132/1233/3131 3130/1232/3129
f 3124/1223/3123 3134/1235/3132 3133/1234/3133
f 3117/1220/3118 3135/1236/3134 3120/1219/3119
f 3135/1236/3134 3137/1238/3135 3136/1237/3136
f 3136/1237/3136 3120/1219/3119 3135/1236/3134
f 3140/1239/3137 3139/1242/3138 3138/1241/3139
f 3138/1241/3139 3141/1240/3140 3140/1239/3137
f 3140/1239/3137 3143/1244/3141 3142/1243/3142
f 3145/1245/3143 3144/1246/3144 3143/1244/3141
f 3146/1247/3145 3123/1222/3120 3124/1223/3123
f 3124/1223/3123 3133/1234/3133 3146/1247/3145
f 3114/1213/3113 3147/1248/3146 3113/1212/3110
f 3148/1249/3147 3139/1242/3138 3140/1239/3137
f 3140/1239/3137 3149/1250/3148 3148/1249/3147
f 3152/1251/3149 3151/1254/3150 3150/1253/3151
f 3150/1253/3151 3153/1252/3152 3152/1251/3149
f 3153/1252/3152 3155/1256/3153 3154/1255/3154
f 3154/1255/3154 3152/1251/3149 3153/1252/3152
f 3099/1198/3098 3093/1193/3092 3094/1191/3091
f 3094/1191/3091 3156/1257/3155 3099/1198/3098
f 3159/1258/3156 3158/1260/3157 3157/1259/3158
f 3162/1261/3159 3161/1260/3160 3160/1258/3161
f 3165/1262/3162 3164/1264/3163 3163/1263/3164
f 3168/1265/3165 3167/1264/3166 3166/1262/3167
f 3169/1266/3168 3115/1217/3115 3116/1216/3114
f 3172/1267/3169 3171/1270/3170 3170/1269/3171
f 3170/1269/3171 3173/1268/3172 3172/1267/3169
f 3176/1263/3173 3175/1264/3174 3174/1271/3175
f 3179/1272/3176 3178/1274/3177 3177/1273/3178
f 3182/1272/3179 3181/1275/3180 3180/1274/3181
f 3185/1276/3182 3184/1278/3183 3183/1277/3184
f 3188/1276/3185 3187/1279/3186 3186/1278/3187
f 3191/1280/3188 3190/1282/3189 3189/1281/3190
f 3194/1276/3191 3193/1277/3192 3192/1283/3193
f 3197/1284/3194 3196/1287/3195 3195/1286/3196
f 3195/1286/3196 3198/1285/3197 3197/1284/3194
f 3195/1286/3196 3200/1289/3198 3199/1288/3199
f 3199/1288/3199 3198/1285/3197 3195/1286/3196
f 3201/1290/3200 3143/1244/3141 3140/1239/3137
f 3140/1239/3137 3141/1240/3140 3201/1290/3200
f 3204/1291/3201 3203/1293/3202 3202/1292/3203
f 3205/1294/3204 3170/1269/3171 3171/1270/3170
f 3171/1270/3170 3206/1295/3205 3205/1294/3204
f 3173/1268/3172 3170/1269/3171 3108/1210/3107
f 3108/1210/3107 3109/1208/3106 3173/1268/3172
f 3207/1296/3206 3108/1210/3107 3170/1269/3171
f 3170/1269/3171 3205/1294/3204 3207/1296/3206
f 3209/1297/3207 3208/1298/3208 3108/1210/3107
f 3108/1210/3107 3207/1296/3206 3209/1297/3207
f 3211/1299/3209 3210/1300/3210 3114/1213/3113
f 3114/1213/3113 3111/1214/3112 3211/1299/3209
f 3152/1251/3149 3114/1213/3113 3210/1300/3210
f 3210/1300/3210 3151/1254/3150 3152/1251/3149
f 3154/1255/3154 3147/1248/3146 3114/1213/3113
f 3114/1213/3113 3152/1251/3149 3154/1255/3154
f 3212/1301/3211 3206/1295/3205 3171/1270/3170
f 3169/1266/3168 3106/1207/3105 3089/1190/3088
f 3089/1190/3088 3115/1217/3115 3169/1266/3168
f 3213/1302/3212 3107/1209/3108 3108/1210/3107
f 3108/1210/3107 3208/1298/3208 3213/1302/3212
f 3216/1303/3213 3215/1204/3214 3214/1205/3215
f 3214/1205/3215 3217/1304/3216 3216/1303/3213
f 3219/1201/3217 3218/1305/3218 3104/1203/3101
f 3099/1198/3098 3098/1199/3097 3220/1306/3219
f 3220/1306/3219 3093/1193/3092 3099/1198/3098
f 3101/1201/3099 3222/1203/3220 3221/1204/3221
f 3221/1204/3221 3100/1183/3100 3101/1201/3099
f 3122/1225/3121 3123/1222/3120 3119/1218/3116
f 3119/1218/3116 3120/1219/3119 3223/1307/3222
f 3223/1307/3222 3122/1225/3121 3119/1218/3116
f 3225/1308/3223 3189/1281/3190 3224/1310/3224
f 3224/1310/3224 3226/1309/3225 3225/1308/3223
f 3228/1311/3226 3227/1312/3227 3225/1308/3223
f 3225/1308/3223 3204/1291/3201 3228/1311/3226
f 3128/1227/3127 3224/1310/3224 3229/1314/3228
f 3229/1314/3228 3230/1313/3229 3128/1227/3127
f 3189/1281/3190 3229/1314/3228 3224/1310/3224
f 3126/1229/3125 3127/1226/3124 3230/1313/3229
f 3230/1313/3229 3231/1315/3230 3126/1229/3125
f 3230/1313/3229 3127/1226/3124 3128/1227/3127
f 3223/1307/3222 3120/1219/3119 3136/1237/3136
f 3136/1237/3136 3232/1316/3231 3223/1307/3222
f 3145/1245/3143 3136/1237/3136 3137/1238/3135
f 3157/1259/3158 3234/1317/3232 3233/1191/3233
f 3233/1191/3233 3159/1258/3156 3157/1259/3158
f 3236/1191/3234 3235/1192/3235 3162/1261/3159
f 3162/1261/3159 3160/1258/3161 3236/1191/3234
f 3163/1263/3164 3238/1195/3236 3237/1187/3237
f 3237/1187/3237 3165/1262/3162 3163/1263/3164
f 3240/1187/3238 3239/1188/3239 3168/1265/3165
f 3168/1265/3165 3166/1262/3167 3240/1187/3238
f 3242/1211/3240 3241/1195/3241 3176/1263/3173
f 3176/1263/3173 3174/1271/3175 3242/1211/3240
f 3145/1245/3143 3143/1244/3141 3136/1237/3136
f 3143/1244/3141 3201/1290/3200 3232/1316/3231
f 3232/1316/3231 3136/1237/3136 3143/1244/3141
f 3203/1293/3202 3204/1291/3201 3225/1308/3223
f 3225/1308/3223 3226/1309/3225 3203/1293/3202
f 3138/1241/3139 3139/1242/3138 3198/1285/3197
f 3198/1285/3197 3199/1288/3199 3138/1241/3139
f 3139/1242/3138 3148/1249/3147 3197/1284/3194
f 3197/1284/3194 3198/1285/3197 3139/1242/3138
f 2486/1318/2485 3132/1233/3131 3121/1224/3122
f 3121/1224/3122 2485/1319/2486 2486/1318/2485
f 3121/1224/3122 3132/1233/3131 3124/1223/3123
f 3130/1232/3129 2488/1321/2488 2487/1320/2487
f 2487/1320/2487 3129/1231/3130 3130/1232/3129
f 3132/1233/3131 2486/1318/2485 2488/1321/2488
f 2488/1321/2488 3130/1232/3129 3132/1233/3131
f 3134/1235/3132 3124/1223/3123 3132/1233/3131
f 3132/1233/3131 3131/1230/3128 3134/1235/3132
f 3208/1298/3208 3209/1297/3207 3243/1317/3242
f 3097/1195/3096 3104/1203/3101 3218/1305/3218
f 3218/1305/3218 3096/1194/3094 3097/1195/3096
f 3244/1322/3243 3206/1295/3205 3212/1301/3211
f 3089/1190/3088 3090/1187/3087 3095/1196/3095
f 3245/1323/3244 3211/1299/3209 3111/1214/3112
f 3111/1214/3112 3115/1217/3115 3245/1323/3244
f 3115/1217/3115 3089/1190/3088 3095/1196/3095
f 3095/1196/3095 3245/1323/3244 3115/1217/3115
f 3218/1305/3218 3219/1201/3217 2492/1202/2493
f 2492/1202/2493 2493/1324/2492 3218/1305/3218
f 3247/1325/3245 3246/1326/3246 3204/1291/3201
f 3204/1291/3201 3202/1292/3203 3247/1325/3245
f 3128/1227/3127 3125/1228/3126 2496/1328/2497
f 2496/1328/2497 2497/1327/2496 3128/1227/3127
f 3248/1329/3247 3247/1325/3245 3202/1292/3203
f 3202/1292/3203 3249/1330/3248 3248/1329/3247
f 3177/1273/3178 3178/1274/3177 3250/1313/3249
f 3250/1313/3249 3251/1314/3250 3177/1273/3178
f 3180/1274/3181 3181/1275/3180 3252/1315/3251
f 3252/1315/3251 3253/1313/3252 3180/1274/3181
f 3254/1222/3253 3183/1277/3184 3184/1278/3183
f 3184/1278/3183 3255/1218/3254 3254/1222/3253
f 3186/1278/3187 3187/1279/3186 3256/1221/3255
f 3256/1221/3255 3257/1218/3256 3186/1278/3187
f 3258/1247/3257 3192/1283/3193 3193/1277/3192
f 3193/1277/3192 3259/1222/3258 3258/1247/3257
f 3262/1183/3259 3261/1303/3260 3260/1304/3261
f 3260/1304/3261 3263/1186/3262 3262/1183/3259
f 3264/1303/3263 3100/1183/3100 3221/1204/3221
f 2517/1331/2514 2518/1334/2517 3265/1333/3264
f 3265/1333/3264 3266/1332/3265 2517/1331/2514
f 3267/1335/3266 3265/1333/3264 2518/1334/2517
f 2518/1334/2517 2519/1336/2519 3267/1335/3266
f 3268/1337/3267 2522/1338/2521 2517/1331/2514
f 2517/1331/2514 3266/1332/3265 3268/1337/3267
f 3206/1295/3205 3268/1337/3267 3266/1332/3265
f 3266/1332/3265 3205/1294/3204 3206/1295/3205
f 3266/1332/3265 3265/1333/3264 3207/1296/3206
f 3207/1296/3206 3205/1294/3204 3266/1332/3265
f 3099/1198/3098 3156/1257/3155 3267/1335/3266
f 3269/1339/3268 2524/1340/2523 2522/1338/2521
f 2522/1338/2521 3268/1337/3267 3269/1339/3268
f 3268/1337/3267 3206/1295/3205 3270/1341/3269
f 3270/1341/3269 3269/1339/3268 3268/1337/3267
f 2528/1342/2525 2529/1345/2528 3271/1344/3270
f 3271/1344/3270 3272/1343/3271 2528/1342/2525
f 3273/1346/3272 3271/1344/3270 3249/1330/3248
f 3249/1330/3248 3202/1292/3203 3273/1346/3272
f 3267/1335/3266 2519/1336/2519 2338/1197/2336
f 2338/1197/2336 3099/1198/3098 3267/1335/3266
f 2531/1347/2530 2532/1348/2531 3202/1292/3203
f 3202/1292/3203 3203/1293/3202 2531/1347/2530
f 3202/1292/3203 2532/1348/2531 3273/1346/3272
f 3226/1309/3225 3224/1310/3224 2533/1350/2533
f 2533/1350/2533 2534/1349/2532 3226/1309/3225
f 3274/1351/3273 3272/1343/3271 3271/1344/3270
f 3271/1344/3270 3273/1346/3272 3274/1351/3273
f 3274/1351/3273 2536/1352/2535 2528/1342/2525
f 2528/1342/2525 3272/1343/3271 3274/1351/3273
f 3265/1333/3264 3267/1335/3266 3209/1297/3207
f 3209/1297/3207 3207/1296/3206 3265/1333/3264
f 3267/1335/3266 3156/1257/3155 3209/1297/3207
f 3156/1257/3155 3094/1191/3091 3243/1317/3242
f 3243/1317/3242 3209/1297/3207 3156/1257/3155
f 2534/1349/2532 2531/1347/2530 3203/1293/3202
f 3203/1293/3202 3226/1309/3225 2534/1349/2532
f 3128/1227/3127 2497/1327/2496 2533/1350/2533
f 2533/1350/2533 3224/1310/3224 3128/1227/3127
f 3206/1295/3205 3244/1322/3243 3275/1353/3274
f 3275/1353/3274 3270/1341/3269 3206/1295/3205
f 3277/1354/3275 3276/1355/3276 3155/1256/3153
f 3155/1256/3153 3153/1252/3152 3277/1354/3275
f 3278/1356/3277 3277/1354/3275 3153/1252/3152
f 3153/1252/3152 3150/1253/3151 3278/1356/3277
f 3129/1231/3130 3133/1234/3133 3134/1235/3132
f 3134/1235/3132 3131/1230/3128 3129/1231/3130
f 3220/1306/3219 3098/1199/3097 3279/1357/3278
f 3280/1358/3279 3191/1280/3188 3225/1308/3223
f 3225/1308/3223 3227/1312/3227 3280/1358/3279
f 3273/1346/3272 2532/1348/2531 2536/1352/2535
f 2536/1352/2535 3274/1351/3273 3273/1346/3272
f 3142/1243/3142 3143/1244/3141 3144/1246/3144
f 3140/1239/3137 3142/1243/3142 3149/1250/3148
f 3191/1280/3188 3189/1281/3190 3225/1308/3223
f 3281/1359/3280 2546/1362/2545 2543/1361/2544
f 2543/1361/2544 3282/1360/3281 3281/1359/3280
f 3284/1363/3282 3283/1366/3283 2547/1365/2548
f 2547/1365/2548 2548/1364/2547 3284/1363/3282
f 2553/1367/2550 3286/1370/3284 3285/1369/3285
f 3285/1369/3285 2552/1368/2551 2553/1367/2550
f 2557/1371/2554 3288/1374/3286 3287/1373/3287
f 3287/1373/3287 2556/1372/2555 2557/1371/2554
f 2559/1375/2558 3289/1376/3288 3282/1360/3281
f 3282/1360/3281 2543/1361/2544 2559/1375/2558
f 2552/1368/2551 3285/1369/3285 3290/1378/3289
f 3290/1378/3289 2562/1377/2560 2552/1368/2551
f 3291/1379/3290 3281/1359/3280 3282/1360/3281
f 3282/1360/3281 3292/1380/3291 3291/1379/3290
f 3294/1381/3292 3293/1382/3293 3283/1366/3283
f 3283/1366/3283 3284/1363/3282 3294/1381/3292
f 3295/1383/3294 3291/1379/3290 3292/1380/3291
f 3292/1380/3291 3296/1384/3295 3295/1383/3294
f 3298/1385/3296 3297/1386/3297 3293/1382/3293
f 3293/1382/3293 3294/1381/3292 3298/1385/3296
f 3286/1370/3284 3295/1383/3294 3296/1384/3295
f 3296/1384/3295 3285/1369/3285 3286/1370/3284
f 3288/1374/3286 3297/1386/3297 3298/1385/3296
f 3298/1385/3296 3287/1373/3287 3288/1374/3286
f 3292/1380/3291 3282/1360/3281 3289/1376/3288
f 3285/1369/3285 3296/1384/3295 3292/1380/3291
f 3292/1380/3291 3290/1378/3289 3285/1369/3285
f 3299/1387/3298 3284/1363/3282 2548/1364/2547
f 2548/1364/2547 2571/1388/2571 3299/1387/3298
f 2556/1372/2555 3287/1373/3287 3300/1390/3299
f 3300/1390/3299 2574/1389/2572 2556/1372/2555
f 3301/1391/3300 3294/1381/3292 3284/1363/3282
f 3284/1363/3282 3299/1387/3298 3301/1391/3300
f 3302/1392/3301 3298/1385/3296 3294/1381/3292
f 3294/1381/3292 3301/1391/3300 3302/1392/3301
f 3287/1373/3287 3298/1385/3296 3302/1392/3301
f 3302/1392/3301 3300/1390/3299 3287/1373/3287
f 3303/1393/3302 2578/1394/2577 2547/1365/2548
f 2547/1365/2548 3283/1366/3283 3303/1393/3302
f 2557/1371/2554 2580/1396/2579 3304/1395/3303
f 3304/1395/3303 3288/1374/3286 2557/1371/2554
f 3305/1397/3304 3303/1393/3302 3283/1366/3283
f 3283/1366/3283 3293/1382/3293 3305/1397/3304
f 3306/1398/3305 3305/1397/3304 3293/1382/3293
f 3293/1382/3293 3297/1386/3297 3306/1398/3305
f 3288/1374/3286 3304/1395/3303 3306/1398/3305
f 3306/1398/3305 3297/1386/3297 3288/1374/3286
f 3299/1387/3298 2571/1388/2571 2546/1362/2545
f 2546/1362/2545 3281/1359/3280 3299/1387/3298
f 2574/1389/2572 3300/1390/3299 3286/1370/3284
f 3286/1370/3284 2553/1367/2550 2574/1389/2572
f 3301/1391/3300 3299/1387/3298 3281/1359/3280
f 3281/1359/3280 3291/1379/3290 3301/1391/3300
f 3302/1392/3301 3301/1391/3300 3291/1379/3290
f 3291/1379/3290 3295/1383/3294 3302/1392/3301
f 3300/1390/3299 3302/1392/3301 3295/1383/3294
f 3295/1383/3294 3286/1370/3284 3300/1390/3299
f 3307/1399/3306 2584/1400/2583 2578/1394/2577
f 2578/1394/2577 3303/1393/3302 3307/1399/3306
f 2580/1396/2579 2586/1402/2585 3308/1401/3307
f 3308/1401/3307 3304/1395/3303 2580/1396/2579
f 3309/1403/3308 3307/1399/3306 3303/1393/3302
f 3303/1393/3302 3305/1397/3304 3309/1403/3308
f 3310/1404/3309 3309/1403/3308 3305/1397/3304
f 3305/1397/3304 3306/1398/3305 3310/1404/3309
f 3304/1395/3303 3308/1401/3307 3310/1404/3309
f 3310/1404/3309 3306/1398/3305 3304/1395/3303
f 3312/1405/3310 3311/1408/3311 2589/1407/2590
f 2589/1407/2590 2590/1406/2589 3312/1405/3310
f 2589/1407/2590 3311/1408/3311 3313/1410/3312
f 3313/1410/3312 2594/1409/2592 2589/1407/2590
f 3314/1411/3313 3313/1410/3312 3311/1408/3311
f 3311/1408/3311 3315/1412/3314 3314/1411/3313
f 3315/1412/3314 3317/1414/3315 3316/1413/3316
f 3316/1413/3316 3314/1411/3313 3315/1412/3314
f 3317/1414/3315 3319/1416/3317 3318/1415/3318
f 3318/1415/3318 3316/1413/3316 3317/1414/3315
f 3320/1417/3319 3315/1412/3314 3311/1408/3311
f 3311/1408/3311 3312/1405/3310 3320/1417/3319
f 3315/1412/3314 3320/1417/3319 3321/1418/3320
f 3321/1418/3320 3317/1414/3315 3315/1412/3314
f 3317/1414/3315 3321/1418/3320 3322/1419/3321
f 3322/1419/3321 3319/1416/3317 3317/1414/3315
f 3325/1420/3322 3324/1423/3323 3323/1422/3324
f 3323/1422/3324 3326/1421/3325 3325/1420/3322
f 3327/1424/3326 2611/1427/2610 2608/1426/2609
f 2608/1426/2609 3328/1425/3327 3327/1424/3326
f 3330/1428/3328 3329/1430/3329 3323/1422/3324
f 3323/1422/3324 3331/1429/3330 3330/1428/3328
f 3325/1420/3322 3326/1421/3325 3332/1432/3331
f 3332/1432/3331 3333/1431/3332 3325/1420/3322
f 2619/1433/2616 3335/1436/3333 3334/1435/3334
f 3334/1435/3334 2618/1434/2617 2619/1433/2616
f 3332/1432/3331 3326/1421/3325 3336/1437/3335
f 3324/1423/3323 3325/1420/3322 3335/1436/3333
f 3335/1436/3333 3327/1424/3326 3324/1423/3323
f 3325/1420/3322 3333/1431/3332 3334/1435/3334
f 3334/1435/3334 3335/1436/3333 3325/1420/3322
f 3324/1423/3323 3337/1438/3336 3331/1429/3330
f 3331/1429/3330 3323/1422/3324 3324/1423/3323
f 3327/1424/3326 3335/1436/3333 2619/1433/2616
f 2619/1433/2616 2611/1427/2610 3327/1424/3326
f 3327/1424/3326 3328/1425/3327 3337/1438/3336
f 3337/1438/3336 3324/1423/3323 3327/1424/3326
f 3338/1439/3337 2626/1442/2625 2623/1441/2624
f 2623/1441/2624 3339/1440/3338 3338/1439/3337
f 3342/1443/3339 3341/1446/3340 3340/1445/3341
f 3340/1445/3341 3343/1444/3342 3342/1443/3339
f 3346/1447/3343 3345/1450/3344 3344/1449/3345
f 3344/1449/3345 3347/1448/3346 3346/1447/3343
f 3349/1451/3347 3348/1452/3348 3345/1450/3344
f 3345/1450/3344 3346/1447/3343 3349/1451/3347
f 3350/1453/3349 2640/1456/2639 2637/1455/2638
f 2637/1455/2638 3351/1454/3350 3350/1453/3349
f 3351/1454/3350 3340/1445/3341 3341/1446/3340
f 3341/1446/3340 3350/1453/3349 3351/1454/3350
f 3343/1444/3342 3347/1448/3346 3344/1449/3345
f 3344/1449/3345 3342/1443/3339 3343/1444/3342
f 3339/1440/3338 3348/1452/3348 3349/1451/3347
f 3349/1451/3347 3338/1439/3337 3339/1440/3338
f 3350/1453/3349 3341/1446/3340 3352/1458/3351
f 3352/1458/3351 3353/1457/3352 3350/1453/3349
f 2643/1459/2642 3354/1460/3353 3339/1440/3338
f 3339/1440/3338 2623/1441/2624 2643/1459/2642
f 3348/1452/3348 3339/1440/3338 3354/1460/3353
f 3354/1460/3353 3355/1461/3354 3348/1452/3348
f 3342/1443/3339 3344/1449/3345 3356/1463/3355
f 3356/1463/3355 3357/1462/3356 3342/1443/3339
f 3341/1446/3340 3342/1443/3339 3357/1462/3356
f 3357/1462/3356 3352/1458/3351 3341/1446/3340
f 3344/1449/3345 3345/1450/3344 3358/1464/3357
f 3358/1464/3357 3356/1463/3355 3344/1449/3345
f 3345/1450/3344 3348/1452/3348 3355/1461/3354
f 3355/1461/3354 3358/1464/3357 3345/1450/3344
f 2640/1456/2639 3350/1453/3349 3353/1457/3352
f 3353/1457/3352 2649/1465/2648 2640/1456/2639
f 2626/1442/2625 3338/1439/3337 3359/1467/3358
f 3359/1467/3358 2651/1466/2649 2626/1442/2625
f 3361/1468/3359 3360/1469/3360 3343/1444/3342
f 3343/1444/3342 3340/1445/3341 3361/1468/3359
f 3363/1470/3361 3362/1471/3362 3346/1447/3343
f 3346/1447/3343 3347/1448/3346 3363/1470/3361
f 3362/1471/3362 3364/1472/3363 3349/1451/3347
f 3349/1451/3347 3346/1447/3343 3362/1471/3362
f 2657/1473/2656 3365/1474/3364 3351/1454/3350
f 3351/1454/3350 2637/1455/2638 2657/1473/2656
f 3365/1474/3364 3361/1468/3359 3340/1445/3341
f 3340/1445/3341 3351/1454/3350 3365/1474/3364
f 3360/1469/3360 3363/1470/3361 3347/1448/3346
f 3347/1448/3346 3343/1444/3342 3360/1469/3360
f 3364/1472/3363 3359/1467/3358 3338/1439/3337
f 3338/1439/3337 3349/1451/3347 3364/1472/3363
f 3368/1475/3365 3367/1478/3366 3366/1477/3367
f 3366/1477/3367 3369/1476/3368 3368/1475/3365
f 3372/1479/3369 3371/1482/3370 3370/1481/3371
f 3370/1481/3371 3373/1480/3372 3372/1479/3369
f 3374/1483/3373 2670/1486/2669 2667/1485/2668
f 2667/1485/2668 3375/1484/3374 3374/1483/3373
f 3370/1481/3371 3371/1482/3370 3374/1483/3373
f 3374/1483/3373 3375/1484/3374 3370/1481/3371
f 3367/1478/3366 3368/1475/3365 3372/1479/3369
f 3372/1479/3369 3373/1480/3372 3367/1478/3366
f 3378/1487/3375 3377/1490/3376 3376/1489/3377
f 3376/1489/3377 3379/1488/3378 3378/1487/3375
f 3376/1489/3377 2676/1492/2675 2675/1491/2674
f 2675/1491/2674 3379/1488/3378 3376/1489/3377
f 3377/1490/3376 3378/1487/3375 3369/1476/3368
f 3369/1476/3368 3366/1477/3367 3377/1490/3376
f 3369/1476/3368 3378/1487/3375 3380/1494/3379
f 3380/1494/3379 3381/1493/3380 3369/1476/3368
f 3374/1483/3373 3371/1482/3370 3382/1496/3381
f 3382/1496/3381 3383/1495/3382 3374/1483/3373
f 3372/1479/3369 3368/1475/3365 3384/1498/3383
f 3384/1498/3383 3385/1497/3384 3372/1479/3369
f 2670/1486/2669 3374/1483/3373 3383/1495/3382
f 3383/1495/3382 2683/1499/2682 2670/1486/2669
f 3371/1482/3370 3372/1479/3369 3385/1497/3384
f 3385/1497/3384 3382/1496/3381 3371/1482/3370
f 3368/1475/3365 3369/1476/3368 3381/1493/3380
f 3381/1493/3380 3384/1498/3383 3368/1475/3365
f 3378/1487/3375 3379/1488/3378 3386/1500/3385
f 3386/1500/3385 3380/1494/3379 3378/1487/3375
f 3379/1488/3378 2675/1491/2674 2685/1501/2684
f 2685/1501/2684 3386/1500/3385 3379/1488/3378
f 3388/1502/3386 3387/1503/3387 3366/1477/3367
f 3366/1477/3367 3367/1478/3366 3388/1502/3386
f 3373/1480/3372 3370/1481/3371 3389/1504/3388
f 2689/1505/2688 3390/1506/3389 3375/1484/3374
f 3375/1484/3374 2667/1485/2668 2689/1505/2688
f 3390/1506/3389 3391/1507/3390 3370/1481/3371
f 3370/1481/3371 3375/1484/3374 3390/1506/3389
f 3392/1508/3391 3388/1502/3386 3367/1478/3366
f 3367/1478/3366 3373/1480/3372 3392/1508/3391
f 3376/1489/3377 3377/1490/3376 3393/1509/3392
f 2676/1492/2675 3376/1489/3377 3394/1510/3393
f 3377/1490/3376 3366/1477/3367 3395/1511/3394
f 2676/1492/2675 3394/1510/3393 2696/1512/2695
f 3394/1510/3393 3376/1489/3377 3396/1513/3395
f 3376/1489/3377 3393/1509/3392 3396/1513/3395
f 3393/1509/3392 3377/1490/3376 3397/1514/3396
f 3377/1490/3376 3395/1511/3394 3397/1514/3396
f 3395/1511/3394 3366/1477/3367 3387/1503/3387
f 3373/1480/3372 3389/1504/3388 3392/1508/3391
f 3389/1504/3388 3370/1481/3371 3391/1507/3390
f 3400/1515/3397 3399/1518/3398 3398/1517/3399
f 3398/1517/3399 3401/1516/3400 3400/1515/3397
f 3404/1519/3401 3403/1522/3402 3402/1521/3403
f 3402/1521/3403 3405/1520/3404 3404/1519/3401
f 3406/1523/3405 3405/1520/3404 3402/1521/3403
f 3402/1521/3403 3407/1524/3406 3406/1523/3405
f 3410/1525/3407 3409/1528/3408 3408/1527/3409
f 3408/1527/3409 3411/1526/3410 3410/1525/3407
f 3414/1529/3411 3413/1532/3412 3412/1531/3413
f 3412/1531/3413 3415/1530/3414 3414/1529/3411
f 3410/1525/3407 3411/1526/3410 3416/1533/3415
f 3416/1533/3415 3399/1518/3398 3410/1525/3407
f 3408/1527/3409 3417/1535/3416 3403/1522/3402
f 3403/1522/3402 3418/1534/3417 3408/1527/3409
f 3402/1521/3403 3420/1537/3418 3419/1536/3419
f 3419/1536/3419 3407/1524/3406 3402/1521/3403
f 3423/1538/3420 3422/1541/3421 3421/1540/3422
f 3421/1540/3422 3424/1539/3423 3423/1538/3420
f 3427/1542/3424 3426/1545/3425 3425/1544/3426
f 3425/1544/3426 3428/1543/3427 3427/1542/3424
f 3431/1546/3428 3430/1549/3429 3429/1548/3430
f 3429/1548/3430 3432/1547/3431 3431/1546/3428
f 3435/1550/3432 3434/1552/3433 3433/1551/3434
f 3437/1553/3435 3436/1554/3436 3435/1550/3432
f 3437/1553/3435 3435/1550/3432 3433/1551/3434
f 3435/1550/3432 3439/1556/3437 3438/1555/3438
f 3442/1557/3439 3441/1560/3440 3440/1559/3441
f 3440/1559/3441 3443/1558/3442 3442/1557/3439
f 3403/1522/3402 3404/1519/3401 3444/1561/3443
f 3444/1561/3443 3418/1534/3417 3403/1522/3402
f 3444/1561/3443 3404/1519/3401 3445/1563/3444
f 3445/1563/3444 3446/1562/3445 3444/1561/3443
f 3449/1564/3446 3448/1567/3447 3447/1566/3448
f 3447/1566/3448 3450/1565/3449 3449/1564/3446
f 3452/1568/3450 3451/1569/3451 3424/1539/3423
f 3424/1539/3423 3421/1540/3422 3452/1568/3450
f 3435/1550/3432 3438/1555/3438 3453/1570/3452
f 3456/1571/3453 3455/1573/3454 3454/1572/3455
f 3454/1572/3455 3422/1541/3421 3456/1571/3453
f 3458/1574/3456 3457/1575/3457 3426/1545/3425
f 3426/1545/3425 3427/1542/3424 3458/1574/3456
f 3459/1576/3458 3452/1568/3450 3421/1540/3422
f 3421/1540/3422 3460/1577/3459 3459/1576/3458
f 3455/1573/3454 3456/1571/3453 3461/1578/3460
f 3461/1578/3460 3428/1543/3427 3455/1573/3454
f 3464/1579/3461 3463/1581/3462 3462/1580/3463
f 3462/1580/3463 3429/1548/3430 3464/1579/3461
f 3467/1582/3464 3466/1585/3465 3465/1584/3466
f 3465/1584/3466 3468/1583/3467 3467/1582/3464
f 3471/1586/3468 3470/1589/3469 3469/1588/3470
f 3469/1588/3470 3472/1587/3471 3471/1586/3468
f 3475/1590/3472 3474/1592/3473 3473/1591/3474
f 3473/1591/3474 3471/1586/3468 3475/1590/3472
f 3478/1593/3475 3477/1595/3476 3476/1594/3477
f 3476/1594/3477 3475/1590/3472 3478/1593/3475
f 3481/1596/3478 3480/1598/3479 3479/1597/3480
f 3479/1597/3480 3477/1595/3476 3481/1596/3478
f 3484/1599/3481 3483/1602/3482 3482/1601/3483
f 3482/1601/3483 3485/1600/3484 3484/1599/3481
f 3488/1603/3485 3487/1606/3486 3486/1605/3487
f 3486/1605/3487 3489/1604/3488 3488/1603/3485
f 3490/1607/3489 3468/1583/3467 3465/1584/3466
f 3465/1584/3466 3491/1608/3490 3490/1607/3489
f 3494/1609/3491 3493/1612/3492 3492/1611/3493
f 3492/1611/3493 3495/1610/3494 3494/1609/3491
f 3497/1613/3495 3496/1615/3496 3492/1611/3493
f 3492/1611/3493 3498/1614/3497 3497/1613/3495
f 3501/1616/3498 3500/1619/3499 3499/1618/3500
f 3499/1618/3500 3502/1617/3501 3501/1616/3498
f 3456/1571/3453 3504/1621/3502 3503/1620/3503
f 3503/1620/3503 3461/1578/3460 3456/1571/3453
f 3507/1622/3504 3506/1624/3505 3505/1623/3506
f 3488/1603/3485 3508/1625/3507 3497/1613/3495
f 3497/1613/3495 3498/1614/3497 3488/1603/3485
f 3510/1626/3508 3509/1628/3509 3487/1606/3486
f 3487/1606/3486 3511/1627/3510 3510/1626/3508
f 3435/1550/3432 3512/1629/3511 3439/1556/3437
f 3504/1621/3502 3456/1571/3453 3422/1541/3421
f 3422/1541/3421 3423/1538/3420 3504/1621/3502
f 3514/1630/3512 3513/1631/3513 3449/1564/3446
f 3449/1564/3446 3450/1565/3449 3514/1630/3512
f 3515/1632/3514 3458/1574/3456 3427/1542/3424
f 3427/1542/3424 3461/1578/3460 3515/1632/3514
f 3516/1633/3515 3502/1617/3501 3499/1618/3500
f 3499/1618/3500 3517/1634/3516 3516/1633/3515
f 3519/1635/3517 3518/1636/3518 3458/1574/3456
f 3458/1574/3456 3515/1632/3514 3519/1635/3517
f 3520/1637/3519 3457/1575/3457 3458/1574/3456
f 3458/1574/3456 3518/1636/3518 3520/1637/3519
f 3522/1638/3520 3510/1626/3508 3521/1640/3521
f 3521/1640/3521 3523/1639/3522 3522/1638/3520
f 3498/1614/3497 3492/1611/3493 3493/1612/3492
f 3493/1612/3492 3511/1627/3510 3498/1614/3497
f 3522/1638/3520 3523/1639/3522 3524/1642/3523
f 3524/1642/3523 3525/1641/3524 3522/1638/3520
f 3526/1643/3525 3495/1610/3494 3492/1611/3493
f 3492/1611/3493 3496/1615/3496 3526/1643/3525
f 3463/1581/3462 3528/1645/3526 3527/1644/3527
f 3527/1644/3527 3467/1582/3464 3463/1581/3462
f 3529/1646/3528 3482/1601/3483 3483/1602/3482
f 3483/1602/3482 3530/1647/3529 3529/1646/3528
f 3531/1648/3530 3466/1585/3465 3467/1582/3464
f 3467/1582/3464 3527/1644/3527 3531/1648/3530
f 3533/1649/3531 3532/1651/3532 3489/1604/3488
f 3489/1604/3488 3534/1650/3533 3533/1649/3531
f 3533/1649/3531 3535/1652/3534 3532/1651/3532
f 3486/1605/3487 3537/1655/3535 3536/1654/3536
f 3536/1654/3536 3538/1653/3537 3486/1605/3487
f 3537/1655/3535 3465/1584/3466 3466/1585/3465
f 3466/1585/3465 3536/1654/3536 3537/1655/3535
f 3531/1648/3530 3536/1654/3536 3466/1585/3465
f 3540/1656/3538 3539/1657/3539 3529/1646/3528
f 3529/1646/3528 3530/1647/3529 3540/1656/3538
f 3536/1654/3536 3531/1648/3530 3541/1658/3540
f 3541/1658/3540 3538/1653/3537 3536/1654/3536
f 3413/1532/3412 3414/1529/3411 3542/1660/3541
f 3542/1660/3541 3543/1659/3542 3413/1532/3412
f 3414/1529/3411 3545/1662/3543 3544/1661/3544
f 3544/1661/3544 3542/1660/3541 3414/1529/3411
f 3548/1663/3545 3547/1666/3546 3546/1665/3547
f 3546/1665/3547 3549/1664/3548 3548/1663/3545
f 3399/1518/3398 3416/1533/3415 3398/1517/3399
f 3550/1667/3549 3410/1525/3407 3399/1518/3398
f 3399/1518/3398 3400/1515/3397 3550/1667/3549
f 3551/1668/3550 3542/1660/3541 3544/1661/3544
f 3404/1519/3401 3405/1520/3404 3552/1669/3551
f 3552/1669/3551 3445/1563/3444 3404/1519/3401
f 3405/1520/3404 3406/1523/3405 3553/1670/3552
f 3553/1670/3552 3552/1669/3551 3405/1520/3404
f 3556/1671/3553 3555/1674/3554 3554/1673/3555
f 3554/1673/3555 3557/1672/3556 3556/1671/3553
f 3553/1670/3552 3406/1523/3405 3543/1659/3542
f 3543/1659/3542 3558/1675/3557 3553/1670/3552
f 3551/1668/3550 3558/1675/3557 3543/1659/3542
f 3543/1659/3542 3542/1660/3541 3551/1668/3550
f 3561/1676/3558 3560/1679/3559 3559/1678/3560
f 3559/1678/3560 3562/1677/3561 3561/1676/3558
f 3562/1677/3561 3564/1681/3562 3563/1680/3563
f 3563/1680/3563 3561/1676/3558 3562/1677/3561
f 3564/1681/3562 3566/1683/3564 3565/1682/3565
f 3565/1682/3565 3563/1680/3563 3564/1681/3562
f 3569/1684/3566 3568/1686/3567 3567/1685/3568
f 3571/1687/3569 3570/1688/3570 3444/1561/3443
f 3444/1561/3443 3446/1562/3445 3571/1687/3569
f 3571/1687/3569 3572/1689/3571 3570/1688/3570
f 3575/1690/3572 3574/1693/3573 3573/1692/3574
f 3573/1692/3574 3576/1691/3575 3575/1690/3572
f 3398/1517/3399 3572/1689/3571 3577/1694/3576
f 3577/1694/3576 3401/1516/3400 3398/1517/3399
f 3415/1530/3414 3578/1695/3577 3545/1662/3543
f 3545/1662/3543 3414/1529/3411 3415/1530/3414
f 3579/1696/3578 3560/1679/3559 3561/1676/3558
f 3561/1676/3558 3580/1697/3579 3579/1696/3578
f 3580/1697/3579 3561/1676/3558 3563/1680/3563
f 3563/1680/3563 3547/1666/3546 3580/1697/3579
f 3563/1680/3563 3565/1682/3565 3546/1665/3547
f 3546/1665/3547 3547/1666/3546 3563/1680/3563
f 3581/1698/3580 3574/1693/3573 3575/1690/3572
f 3575/1690/3572 3582/1699/3581 3581/1698/3580
f 3401/1516/3400 3584/1701/3582 3583/1700/3583
f 3583/1700/3583 3400/1515/3397 3401/1516/3400
f 3400/1515/3397 3583/1700/3583 3550/1667/3549
f 3585/1702/3584 3584/1701/3582 3401/1516/3400
f 3401/1516/3400 3577/1694/3576 3585/1702/3584
f 3576/1691/3575 3573/1692/3574 3569/1684/3566
f 3569/1684/3566 3567/1685/3568 3576/1691/3575
f 3478/1593/3475 3586/1703/3585 3481/1596/3478
f 3481/1596/3478 3477/1595/3476 3478/1593/3475
f 3418/1534/3417 3444/1561/3443 3570/1688/3570
f 3570/1688/3570 3416/1533/3415 3418/1534/3417
f 3418/1534/3417 3416/1533/3415 3411/1526/3410
f 3411/1526/3410 3408/1527/3409 3418/1534/3417
f 3588/1704/3586 3520/1637/3519 3587/1705/3587
f 3589/1706/3588 3533/1649/3531 3534/1650/3533
f 3555/1674/3554 3556/1671/3553 3590/1708/3589
f 3590/1708/3589 3591/1707/3590 3555/1674/3554
f 3592/1709/3591 3576/1691/3575 3567/1685/3568
f 3567/1685/3568 3593/1710/3592 3592/1709/3591
f 3594/1711/3593 3575/1690/3572 3576/1691/3575
f 3576/1691/3575 3592/1709/3591 3594/1711/3593
f 3597/1712/3594 3596/1715/3595 3595/1714/3596
f 3595/1714/3596 3598/1713/3597 3597/1712/3594
f 3599/1716/3598 3582/1699/3581 3575/1690/3572
f 3575/1690/3572 3594/1711/3593 3599/1716/3598
f 3598/1713/3597 3601/1719/3599 3600/1718/3600
f 3600/1718/3600 3602/1717/3601 3598/1713/3597
f 3603/1720/3602 3601/1719/3599 3598/1713/3597
f 3598/1713/3597 3595/1714/3596 3603/1720/3602
f 3605/1721/3603 3604/1723/3604 3588/1704/3586
f 3588/1704/3586 3606/1722/3605 3605/1721/3603
f 3604/1723/3604 3605/1721/3603 3440/1559/3441
f 3440/1559/3441 3607/1724/3606 3604/1723/3604
f 3441/1560/3440 3608/1725/3607 3607/1724/3606
f 3607/1724/3606 3440/1559/3441 3441/1560/3440
f 3609/1726/3608 3512/1629/3511 3435/1550/3432
f 3604/1723/3604 3457/1575/3457 3520/1637/3519
f 3520/1637/3519 3588/1704/3586 3604/1723/3604
f 3608/1725/3607 3425/1544/3426 3426/1545/3425
f 3426/1545/3425 3607/1724/3606 3608/1725/3607
f 3436/1554/3436 3609/1726/3608 3435/1550/3432
f 3457/1575/3457 3604/1723/3604 3607/1724/3606
f 3607/1724/3606 3426/1545/3425 3457/1575/3457
f 3602/1717/3601 3611/1729/3609 3610/1728/3610
f 3610/1728/3610 3612/1727/3611 3602/1717/3601
f 3613/1730/3612 3610/1728/3610 3611/1729/3609
f 3611/1729/3609 3432/1547/3431 3613/1730/3612
f 3467/1582/3464 3468/1583/3467 3462/1580/3463
f 3462/1580/3463 3463/1581/3462 3467/1582/3464
f 3616/1731/3613 3615/1734/3614 3614/1733/3615
f 3614/1733/3615 3617/1732/3616 3616/1731/3613
f 3434/1552/3433 3435/1550/3432 3453/1570/3452
f 3460/1577/3459 3421/1540/3422 3422/1541/3421
f 3422/1541/3421 3454/1572/3455 3460/1577/3459
f 3500/1619/3499 3501/1616/3498 3618/1736/3617
f 3618/1736/3617 3619/1735/3618 3500/1619/3499
f 3501/1616/3498 3449/1564/3446 3513/1631/3513
f 3513/1631/3513 3618/1736/3617 3501/1616/3498
f 2921/1737/2920 2922/1738/2921 3560/1679/3559
f 3560/1679/3559 3579/1696/3578 2921/1737/2920
f 2923/1739/2922 2924/1740/2923 3494/1609/3491
f 3494/1609/3491 3495/1610/3494 2923/1739/2922
f 2927/1741/2924 3621/1744/3619 3620/1743/3620
f 3620/1743/3620 2926/1742/2925 2927/1741/2924
f 3587/1705/3587 2931/1747/2930 2929/1746/2929
f 2929/1746/2929 3622/1745/3621 3587/1705/3587
f 3494/1609/3491 2924/1740/2923 2932/1748/2931
f 2932/1748/2931 3521/1640/3521 3494/1609/3491
f 3521/1640/3521 2932/1748/2931 2933/1749/2932
f 2933/1749/2932 3523/1639/3522 3521/1640/3521
f 2934/1750/2933 2935/1751/2934 3520/1637/3519
f 3520/1637/3519 3518/1636/3518 2934/1750/2933
f 3523/1639/3522 2933/1749/2932 2936/1752/2935
f 2936/1752/2935 3524/1642/3523 3523/1639/3522
f 2937/1753/3622 3535/1652/3534 3533/1649/3531
f 3533/1649/3531 3589/1706/3588 2937/1753/3622
f 3560/1679/3559 2922/1738/2921 2938/1755/2938
f 2938/1755/2938 3623/1754/3623 3560/1679/3559
f 2940/1756/2939 3624/1757/3624 3621/1744/3619
f 3621/1744/3619 2927/1741/2924 2940/1756/2939
f 3623/1754/3623 2938/1755/2938 2942/1758/2941
f 2942/1758/2941 3556/1671/3553 3623/1754/3623
f 3556/1671/3553 2942/1758/2941 2943/1759/2942
f 2943/1759/2942 3590/1708/3589 3556/1671/3553
f 3603/1720/3602 2945/1761/2944 2944/1760/2943
f 2944/1760/2943 3601/1719/3599 3603/1720/3602
f 2946/1762/2945 2934/1750/2933 3518/1636/3518
f 3518/1636/3518 3519/1635/3517 2946/1762/2945
f 3500/1619/3499 3424/1539/3423 3451/1569/3451
f 3451/1569/3451 3499/1618/3500 3500/1619/3499
f 3451/1569/3451 3625/1763/3625 3517/1634/3516
f 3517/1634/3516 3499/1618/3500 3451/1569/3451
f 3606/1722/3605 3588/1704/3586 3587/1705/3587
f 3587/1705/3587 3626/1764/3626 3606/1722/3605
f 3619/1735/3618 3423/1538/3420 3424/1539/3423
f 3424/1539/3423 3500/1619/3499 3619/1735/3618
f 3524/1642/3523 2936/1752/2935 2946/1762/2945
f 2946/1762/2945 3519/1635/3517 3524/1642/3523
f 3587/1705/3587 3520/1637/3519 2935/1751/2934
f 2935/1751/2934 2931/1747/2930 3587/1705/3587
f 3474/1592/3473 3628/1766/3627 3627/1765/3628
f 3627/1765/3628 3473/1591/3474 3474/1592/3473
f 2953/1767/2950 2954/1770/2953 3629/1769/3629
f 3629/1769/3629 3630/1768/3630 2953/1767/2950
f 3464/1579/3461 3429/1548/3430 3430/1549/3429
f 3430/1549/3429 3479/1597/3480 3464/1579/3461
f 3432/1547/3431 3611/1729/3609 3631/1771/3631
f 3631/1771/3631 3431/1546/3428 3432/1547/3431
f 3464/1579/3461 3479/1597/3480 3480/1598/3479
f 3631/1771/3631 3600/1718/3600 2956/1773/2956
f 2956/1773/2956 2957/1772/2955 3631/1771/3631
f 3477/1595/3476 3479/1597/3480 3430/1549/3429
f 3430/1549/3429 3476/1594/3477 3477/1595/3476
f 3634/1774/3632 3633/1776/3633 3632/1775/3634
f 3635/1777/3635 3431/1546/3428 3631/1771/3631
f 3631/1771/3631 3636/1778/3636 3635/1777/3635
f 3633/1776/3633 3638/1781/3637 3637/1780/3638
f 3637/1780/3638 3639/1779/3639 3633/1776/3633
f 3636/1778/3636 2957/1772/2955 2966/1782/2965
f 2966/1782/2965 3628/1766/3627 3636/1778/3636
f 3474/1592/3473 3635/1777/3635 3636/1778/3636
f 3636/1778/3636 3628/1766/3627 3474/1592/3473
f 3475/1590/3472 3471/1586/3468 3472/1587/3471
f 3472/1587/3471 3478/1593/3475 3475/1590/3472
f 3641/1783/3640 3640/1785/3641 3586/1703/3585
f 3586/1703/3585 3642/1784/3642 3641/1783/3640
f 3478/1593/3475 3472/1587/3471 3642/1784/3642
f 3642/1784/3642 3586/1703/3585 3478/1593/3475
f 3627/1765/3628 3628/1766/3627 3643/1786/3643
f 3643/1786/3643 3630/1768/3630 3627/1765/3628
f 3488/1603/3485 3489/1604/3488 3532/1651/3532
f 3532/1651/3532 3508/1625/3507 3488/1603/3485
f 3644/1787/3644 3470/1589/3469 3471/1586/3468
f 3471/1586/3468 3473/1591/3474 3644/1787/3644
f 3509/1628/3509 3537/1655/3535 3486/1605/3487
f 3486/1605/3487 3487/1606/3486 3509/1628/3509
f 3462/1580/3463 3468/1583/3467 3490/1607/3489
f 3490/1607/3489 3613/1730/3612 3462/1580/3463
f 3535/1652/3534 3645/1788/3645 3508/1625/3507
f 3508/1625/3507 3532/1651/3532 3535/1652/3534
f 3465/1584/3466 3537/1655/3535 3509/1628/3509
f 3509/1628/3509 3491/1608/3490 3465/1584/3466
f 3432/1547/3431 3429/1548/3430 3462/1580/3463
f 3462/1580/3463 3613/1730/3612 3432/1547/3431
f 2954/1770/2953 2974/1790/2973 3646/1789/3646
f 3646/1789/3646 3629/1769/3629 2954/1770/2953
f 3476/1594/3477 3430/1549/3429 3431/1546/3428
f 3431/1546/3428 3635/1777/3635 3476/1594/3477
f 3475/1590/3472 3476/1594/3477 3635/1777/3635
f 3635/1777/3635 3474/1592/3473 3475/1590/3472
f 3473/1591/3474 3627/1765/3628 3630/1768/3630
f 3630/1768/3630 3629/1769/3629 3473/1591/3474
f 3644/1787/3644 3473/1591/3474 3629/1769/3629
f 3629/1769/3629 3646/1789/3646 3644/1787/3644
f 3488/1603/3485 3498/1614/3497 3511/1627/3510
f 3511/1627/3510 3487/1606/3486 3488/1603/3485
f 2975/1791/2974 2923/1739/2922 3495/1610/3494
f 3495/1610/3494 3526/1643/3525 2975/1791/2974
f 3534/1650/3533 3489/1604/3488 3486/1605/3487
f 3486/1605/3487 3538/1653/3537 3534/1650/3533
f 3642/1784/3642 3647/1792/3647 3641/1783/3640
f 3647/1792/3647 3642/1784/3642 3472/1587/3471
f 3472/1587/3471 3469/1588/3470 3647/1792/3647
f 3541/1658/3540 3589/1706/3588 3534/1650/3533
f 3534/1650/3533 3538/1653/3537 3541/1658/3540
f 3470/1589/3469 3644/1787/3644 3646/1789/3646
f 3646/1789/3646 3620/1743/3620 3470/1589/3469
f 3622/1745/3621 3648/1793/3648 3626/1764/3626
f 3626/1764/3626 3587/1705/3587 3622/1745/3621
f 3602/1717/3601 3649/1794/3649 3597/1712/3594
f 3597/1712/3594 3598/1713/3597 3602/1717/3601
f 3601/1719/3599 2944/1760/2943 2956/1773/2956
f 2956/1773/2956 3600/1718/3600 3601/1719/3599
f 3614/1733/3615 3596/1715/3595 3597/1712/3594
f 3597/1712/3594 3617/1732/3616 3614/1733/3615
f 3514/1630/3512 3450/1565/3449 3612/1727/3611
f 3612/1727/3611 3610/1728/3610 3514/1630/3512
f 3610/1728/3610 3613/1730/3612 3514/1630/3512
f 3509/1628/3509 3510/1626/3508 3522/1638/3520
f 3522/1638/3520 3491/1608/3490 3509/1628/3509
f 3491/1608/3490 3522/1638/3520 3525/1641/3524
f 3525/1641/3524 3490/1607/3489 3491/1608/3490
f 3490/1607/3489 3525/1641/3524 3650/1795/3650
f 3650/1795/3650 3513/1631/3513 3490/1607/3489
f 3648/1793/3648 3622/1745/3621 3579/1696/3578
f 3579/1696/3578 3580/1697/3579 3648/1793/3648
f 3622/1745/3621 2929/1746/2929 2921/1737/2920
f 2921/1737/2920 3579/1696/3578 3622/1745/3621
f 3459/1576/3458 3442/1557/3439 3443/1558/3442
f 3443/1558/3442 3452/1568/3450 3459/1576/3458
f 3625/1763/3625 3451/1569/3451 3452/1568/3450
f 3452/1568/3450 3443/1558/3442 3625/1763/3625
f 3651/1796/3651 3582/1699/3581 3599/1716/3598
f 3582/1699/3581 3546/1665/3547 3565/1682/3565
f 3565/1682/3565 3581/1698/3580 3582/1699/3581
f 3602/1717/3601 3600/1718/3600 3631/1771/3631
f 3631/1771/3631 3611/1729/3609 3602/1717/3601
f 3560/1679/3559 3623/1754/3623 3652/1797/3652
f 3652/1797/3652 3559/1678/3560 3560/1679/3559
f 3652/1797/3652 3623/1754/3623 3556/1671/3553
f 3556/1671/3553 3557/1672/3556 3652/1797/3652
f 3419/1536/3419 3653/1798/3653 3415/1530/3414
f 3415/1530/3414 3412/1531/3413 3419/1536/3419
f 3412/1531/3413 3413/1532/3412 3407/1524/3406
f 3407/1524/3406 3419/1536/3419 3412/1531/3413
f 3413/1532/3412 3543/1659/3542 3406/1523/3405
f 3406/1523/3405 3407/1524/3406 3413/1532/3412
f 3625/1763/3625 3605/1721/3603 3606/1722/3605
f 3606/1722/3605 3517/1634/3516 3625/1763/3625
f 3516/1633/3515 3626/1764/3626 3648/1793/3648
f 3605/1721/3603 3625/1763/3625 3443/1558/3442
f 3443/1558/3442 3440/1559/3441 3605/1721/3603
f 3580/1697/3579 3547/1666/3546 3516/1633/3515
f 3516/1633/3515 3648/1793/3648 3580/1697/3579
f 3510/1626/3508 3511/1627/3510 3493/1612/3492
f 3505/1623/3506 3655/1800/3654 3654/1799/3655
f 2975/1791/2974 3526/1643/3525 3656/1802/3656
f 3656/1802/3656 2986/1801/2984 2975/1791/2974
f 3657/1803/3657 3448/1567/3447 3502/1617/3501
f 3502/1617/3501 3548/1663/3545 3657/1803/3657
f 3547/1666/3546 3548/1663/3545 3502/1617/3501
f 3502/1617/3501 3516/1633/3515 3547/1666/3546
f 3549/1664/3548 3546/1665/3547 3582/1699/3581
f 3582/1699/3581 3651/1796/3651 3549/1664/3548
f 3657/1803/3657 3616/1731/3613 3617/1732/3616
f 3617/1732/3616 3658/1804/3658 3657/1803/3657
f 3615/1734/3614 3616/1731/3613 3549/1664/3548
f 3549/1664/3548 3651/1796/3651 3615/1734/3614
f 2989/1805/2988 2986/1801/2984 3656/1802/3656
f 3656/1802/3656 3497/1613/3495 2989/1805/2988
f 3506/1624/3505 3655/1800/3654 3505/1623/3506
f 2989/1805/2988 3497/1613/3495 3508/1625/3507
f 3508/1625/3507 3645/1788/3645 2989/1805/2988
f 3632/1775/3634 3484/1599/3481 3485/1600/3484
f 3485/1600/3484 3634/1774/3632 3632/1775/3634
f 3528/1645/3526 3463/1581/3462 3464/1579/3461
f 3464/1579/3461 3480/1598/3479 3528/1645/3526
f 3639/1779/3639 3659/1806/3659 3632/1775/3634
f 3632/1775/3634 3633/1776/3633 3639/1779/3639
f 3504/1621/3502 3650/1795/3650 3660/1807/3660
f 3660/1807/3660 3503/1620/3503 3504/1621/3502
f 3503/1620/3503 3660/1807/3660 3515/1632/3514
f 3515/1632/3514 3461/1578/3460 3503/1620/3503
f 3524/1642/3523 3519/1635/3517 3515/1632/3514
f 3515/1632/3514 3660/1807/3660 3524/1642/3523
f 3660/1807/3660 3650/1795/3650 3525/1641/3524
f 3525/1641/3524 3524/1642/3523 3660/1807/3660
f 3490/1607/3489 3513/1631/3513 3514/1630/3512
f 3514/1630/3512 3613/1730/3612 3490/1607/3489
f 3423/1538/3420 3619/1735/3618 3650/1795/3650
f 3650/1795/3650 3504/1621/3502 3423/1538/3420
f 3513/1631/3513 3650/1795/3650 3619/1735/3618
f 3619/1735/3618 3618/1736/3617 3513/1631/3513
f 3643/1786/3643 3628/1766/3627 2966/1782/2965
f 2966/1782/2965 2992/1808/2991 3643/1786/3643
f 3630/1768/3630 3643/1786/3643 2992/1808/2991
f 2992/1808/2991 2953/1767/2950 3630/1768/3630
f 3620/1743/3620 3646/1789/3646 2974/1790/2973
f 2974/1790/2973 2926/1742/2925 3620/1743/3620
f 3641/1783/3640 3647/1792/3647 3624/1757/3624
f 3469/1588/3470 3621/1744/3619 3624/1757/3624
f 3624/1757/3624 3647/1792/3647 3469/1588/3470
f 3620/1743/3620 3621/1744/3619 3469/1588/3470
f 3469/1588/3470 3470/1589/3469 3620/1743/3620
f 3636/1778/3636 3631/1771/3631 2957/1772/2955
f 2993/1809/2992 2994/1810/2993 3640/1785/3641
f 3640/1785/3641 3641/1783/3640 2993/1809/2992
f 3641/1783/3640 3624/1757/3624 2940/1756/2939
f 2940/1756/2939 2993/1809/2992 3641/1783/3640
f 3632/1775/3634 3659/1806/3659 3661/1811/3661
f 3661/1811/3661 3484/1599/3481 3632/1775/3634
f 3662/1812/3662 3661/1811/3661 3659/1806/3659
f 3484/1599/3481 3661/1811/3661 3663/1813/3663
f 3663/1813/3663 3483/1602/3482 3484/1599/3481
f 3661/1811/3661 3662/1812/3662 3664/1814/3664
f 3664/1814/3664 3663/1813/3663 3661/1811/3661
f 3428/1543/3427 3461/1578/3460 3427/1542/3424
f 3517/1634/3516 3606/1722/3605 3626/1764/3626
f 3626/1764/3626 3516/1633/3515 3517/1634/3516
f 3398/1517/3399 3416/1533/3415 3570/1688/3570
f 3570/1688/3570 3572/1689/3571 3398/1517/3399
f 3447/1566/3448 3448/1567/3447 3657/1803/3657
f 3657/1803/3657 3658/1804/3658 3447/1566/3448
f 3658/1804/3658 3649/1794/3649 3447/1566/3448
f 3447/1566/3448 3649/1794/3649 3612/1727/3611
f 3612/1727/3611 3450/1565/3449 3447/1566/3448
f 3649/1794/3649 3602/1717/3601 3612/1727/3611
f 3549/1664/3548 3616/1731/3613 3657/1803/3657
f 3658/1804/3658 3617/1732/3616 3597/1712/3594
f 3597/1712/3594 3649/1794/3649 3658/1804/3658
f 3549/1664/3548 3657/1803/3657 3548/1663/3545
f 3667/1815/3665 3666/1817/3666 3665/1816/3667
f 3668/1818/3668 3005/1821/3004 3002/1820/3003
f 3002/1820/3003 3669/1819/3669 3668/1818/3668
f 3672/1822/3670 3671/1825/3671 3670/1824/3672
f 3670/1824/3672 3673/1823/3673 3672/1822/3670
f 3665/1816/3667 3675/1827/3674 3674/1826/3675
f 3674/1826/3675 3667/1815/3665 3665/1816/3667
f 3014/1828/3011 3677/1831/3676 3676/1830/3677
f 3676/1830/3677 3013/1829/3012 3014/1828/3011
f 3678/1832/3678 3674/1826/3675 3669/1819/3669
f 3669/1819/3669 3679/1833/3679 3678/1832/3678
f 3682/1834/3680 3681/1836/3681 3680/1835/3682
f 3680/1835/3682 3677/1831/3676 3682/1834/3680
f 3681/1836/3681 3672/1822/3670 3673/1823/3673
f 3673/1823/3673 3680/1835/3682 3681/1836/3681
f 3671/1825/3671 3665/1816/3667 3666/1817/3666
f 3666/1817/3666 3670/1824/3672 3671/1825/3671
f 3666/1817/3666 3667/1815/3665 3683/1838/3683
f 3683/1838/3683 3684/1837/3684 3666/1817/3666
f 3023/1839/3022 3679/1833/3679 3669/1819/3669
f 3669/1819/3669 3002/1820/3003 3023/1839/3022
f 3686/1840/3685 3685/1841/3686 3673/1823/3673
f 3673/1823/3673 3670/1824/3672 3686/1840/3685
f 3683/1838/3683 3667/1815/3665 3674/1826/3675
f 3674/1826/3675 3678/1832/3678 3683/1838/3683
f 3677/1831/3676 3014/1828/3011 3026/1842/3025
f 3026/1842/3025 3682/1834/3680 3677/1831/3676
f 3669/1819/3669 3674/1826/3675 3675/1827/3674
f 3675/1827/3674 3668/1818/3668 3669/1819/3669
f 3687/1843/3687 3676/1830/3677 3677/1831/3676
f 3677/1831/3676 3680/1835/3682 3687/1843/3687
f 3685/1841/3686 3687/1843/3687 3680/1835/3682
f 3680/1835/3682 3673/1823/3673 3685/1841/3686
f 3670/1824/3672 3688/1844/3688 3686/1840/3685
f 3013/1829/3012 3676/1830/3677 3689/1846/3689
f 3689/1846/3689 3030/1845/3028 3013/1829/3012
f 3678/1832/3678 3679/1833/3679 3690/1848/3690
f 3690/1848/3690 3691/1847/3691 3678/1832/3678
f 3684/1837/3684 3683/1838/3683 3692/1850/3692
f 3692/1850/3692 3693/1849/3693 3684/1837/3684
f 3679/1833/3679 3023/1839/3022 3035/1851/3034
f 3035/1851/3034 3690/1848/3690 3679/1833/3679
f 3685/1841/3686 3686/1840/3685 3694/1853/3694
f 3694/1853/3694 3695/1852/3695 3685/1841/3686
f 3683/1838/3683 3678/1832/3678 3691/1847/3691
f 3691/1847/3691 3692/1850/3692 3683/1838/3683
f 3676/1830/3677 3687/1843/3687 3696/1854/3696
f 3696/1854/3696 3689/1846/3689 3676/1830/3677
f 3687/1843/3687 3685/1841/3686 3695/1852/3695
f 3695/1852/3695 3696/1854/3696 3687/1843/3687
f 3694/1853/3694 3686/1840/3685 3688/1844/3688
f 3688/1844/3688 3697/1855/3697 3694/1853/3694
f 3672/1822/3670 3681/1836/3681 3698/1857/3698
f 3698/1857/3698 3699/1856/3699 3672/1822/3670
f 3681/1836/3681 3682/1834/3680 3700/1858/3700
f 3700/1858/3700 3698/1857/3698 3681/1836/3681
f 3682/1834/3680 3026/1842/3025 3043/1859/3042
f 3043/1859/3042 3700/1858/3700 3682/1834/3680
f 3675/1827/3674 3665/1816/3667 3701/1861/3701
f 3701/1861/3701 3702/1860/3702 3675/1827/3674
f 3668/1818/3668 3675/1827/3674 3702/1860/3702
f 3702/1860/3702 3703/1862/3703 3668/1818/3668
f 3671/1825/3671 3672/1822/3670 3699/1856/3699
f 3699/1856/3699 3704/1863/3704 3671/1825/3671
f 3665/1816/3667 3671/1825/3671 3704/1863/3704
f 3704/1863/3704 3701/1861/3701 3665/1816/3667
f 3005/1821/3004 3668/1818/3668 3703/1862/3703
f 3703/1862/3703 3048/1864/3047 3005/1821/3004
f 3051/1865/3048 3052/1868/3051 3705/1867/3705
f 3705/1867/3705 3706/1866/3706 3051/1865/3048
f 3706/1866/3706 3707/1870/3707 3053/1869/3052
f 3053/1869/3052 3051/1865/3048 3706/1866/3706
f 3710/1871/3708 3709/1874/3709 3708/1873/3710
f 3708/1873/3710 3711/1872/3711 3710/1871/3708
f 3713/1875/3712 3712/1876/3713 3709/1874/3709
f 3709/1874/3709 3710/1871/3708 3713/1875/3712
f 3711/1872/3711 3708/1873/3710 3707/1870/3707
f 3707/1870/3707 3706/1866/3706 3711/1872/3711
f 3711/1872/3711 3715/1878/3714 3714/1877/3715
f 3714/1877/3715 3710/1871/3708 3711/1872/3711
f 3710/1871/3708 3714/1877/3715 3716/1879/3716
f 3716/1879/3716 3713/1875/3712 3710/1871/3708
f 3706/1866/3706 3705/1867/3705 3715/1878/3714
f 3715/1878/3714 3711/1872/3711 3706/1866/3706
f 3717/1880/3717 3065/1881/3064 3053/1869/3052
f 3053/1869/3052 3707/1870/3707 3717/1880/3717
f 3709/1874/3709 3712/1876/3713 3718/1883/3718
f 3718/1883/3718 3719/1882/3719 3709/1874/3709
f 3720/1884/3720 3717/1880/3717 3707/1870/3707
f 3707/1870/3707 3708/1873/3710 3720/1884/3720
f 3708/1873/3710 3709/1874/3709 3719/1882/3719
f 3719/1882/3719 3720/1884/3720 3708/1873/3710
f 3697/1855/3697 3688/1844/3688 3684/1837/3684
f 3684/1837/3684 3693/1849/3693 3697/1855/3697
f 3666/1817/3666 3684/1837/3684 3688/1844/3688
f 3688/1844/3688 3670/1824/3672 3666/1817/3666
f 3521/1640/3521 3510/1626/3508 3493/1612/3492
f 3493/1612/3492 3494/1609/3491 3521/1640/3521
f 3505/1623/3506 3654/1799/3655 3507/1622/3504
f 3501/1616/3498 3502/1617/3501 3448/1567/3447
f 3448/1567/3447 3449/1564/3446 3501/1616/3498
f 3071/1885/3068 3072/1888/3071 3721/1887/3721
f 3721/1887/3721 3722/1886/3722 3071/1885/3068
f 3723/1889/3723 3722/1886/3722 3721/1887/3721
f 3721/1887/3721 3724/1890/3724 3723/1889/3723
f 3725/1891/3725 3723/1889/3723 3724/1890/3724
f 3724/1890/3724 3726/1892/3726 3725/1891/3725
f 3071/1885/3068 3722/1886/3722 3727/1894/3727
f 3727/1894/3727 3078/1893/3076 3071/1885/3068
f 3722/1886/3722 3723/1889/3723 3728/1895/3728
f 3728/1895/3728 3727/1894/3727 3722/1886/3722
f 3723/1889/3723 3725/1891/3725 3729/1896/3729
f 3729/1896/3729 3728/1895/3728 3723/1889/3723
f 3725/1891/3725 3726/1892/3726 3730/1898/3730
f 3730/1898/3730 3731/1897/3731 3725/1891/3725
f 3731/1897/3731 3732/1899/3732 3729/1896/3729
f 3729/1896/3729 3725/1891/3725 3731/1897/3731
f 3323/1422/3324 3329/1430/3329 3326/1421/3325
f 3326/1421/3325 3329/1430/3329 3733/1900/3733
f 3733/1900/3733 3336/1437/3335 3326/1421/3325
f 3733/1900/3733 3329/1430/3329 3330/1428/3328
f 3330/1428/3328 3734/1901/3734 3733/1900/3733
f 3737/1902/3735 3736/1903/3736 3735/1904/3737
f 3735/1904/3737 3738/1905/3738 3737/1902/3735
f 3740/1906/3739 3739/1907/3740 3736/1903/3736
f 3736/1903/3736 3737/1902/3735 3740/1906/3739
f 3742/1908/3741 3741/1909/3742 3739/1907/3740
f 3739/1907/3740 3740/1906/3739 3742/1908/3741
f 3744/1910/3743 3743/1911/3744 3741/1909/3742
f 3741/1909/3742 3742/1908/3741 3744/1910/3743
f 3745/1912/3745 3737/1902/3735 3738/1905/3738
f 3738/1905/3738 3746/1913/3746 3745/1912/3745
f 3747/1914/3747 3740/1906/3739 3737/1902/3735
f 3737/1902/3735 3745/1912/3745 3747/1914/3747
f 3748/1915/3748 3742/1908/3741 3740/1906/3739
f 3740/1906/3739 3747/1914/3747 3748/1915/3748
f 3749/1916/3749 3744/1910/3743 3742/1908/3741
f 3742/1908/3741 3748/1915/3748 3749/1916/3749
f 3750/1917/3750 3745/1912/3745 3746/1913/3746
f 3746/1913/3746 3751/1918/3751 3750/1917/3750
f 3752/1919/3752 3747/1914/3747 3745/1912/3745
f 3745/1912/3745 3750/1917/3750 3752/1919/3752
f 3753/1920/3753 3748/1915/3748 3747/1914/3747
f 3747/1914/3747 3752/1919/3752 3753/1920/3753
f 3754/1921/3754 3749/1916/3749 3748/1915/3748
f 3748/1915/3748 3753/1920/3753 3754/1921/3754
f 3755/1922/3755 3750/1917/3750 3751/1918/3751
f 3751/1918/3751 3756/1923/3756 3755/1922/3755
f 3757/1924/3757 3752/1919/3752 3750/1917/3750
f 3750/1917/3750 3755/1922/3755 3757/1924/3757
f 3758/1925/3758 3753/1920/3753 3752/1919/3752
f 3752/1919/3752 3757/1924/3757 3758/1925/3758
f 3759/1926/3759 3754/1921/3754 3753/1920/3753
f 3753/1920/3753 3758/1925/3758 3759/1926/3759
f 3762/1902/3760 3761/1905/3761 3760/1904/3762
f 3760/1904/3762 3763/1903/3763 3762/1902/3760
f 3764/1906/3764 3762/1902/3760 3763/1903/3763
f 3763/1903/3763 3765/1907/3765 3764/1906/3764
f 3766/1908/3766 3764/1906/3764 3765/1907/3765
f 3765/1907/3765 3767/1909/3767 3766/1908/3766
f 3768/1910/3768 3766/1908/3766 3767/1909/3767
f 3767/1909/3767 3769/1911/3769 3768/1910/3768
f 3771/1912/3770 3770/1913/3771 3761/1905/3761
f 3761/1905/3761 3762/1902/3760 3771/1912/3770
f 3772/1914/3772 3771/1912/3770 3762/1902/3760
f 3762/1902/3760 3764/1906/3764 3772/1914/3772
f 3773/1915/3773 3772/1914/3772 3764/1906/3764
f 3764/1906/3764 3766/1908/3766 3773/1915/3773
f 3774/1916/3774 3773/1915/3773 3766/1908/3766
f 3766/1908/3766 3768/1910/3768 3774/1916/3774
f 3776/1917/3775 3775/1918/3776 3770/1913/3771
f 3770/1913/3771 3771/1912/3770 3776/1917/3775
f 3777/1919/3777 3776/1917/3775 3771/1912/3770
f 3771/1912/3770 3772/1914/3772 3777/1919/3777
f 3778/1920/3778 3777/1919/3777 3772/1914/3772
f 3772/1914/3772 3773/1915/3773 3778/1920/3778
f 3779/1921/3779 3778/1920/3778 3773/1915/3773
f 3773/1915/3773 3774/1916/3774 3779/1921/3779
f 3781/1922/3780 3780/1923/3781 3775/1918/3776
f 3775/1918/3776 3776/1917/3775 3781/1922/3780
f 3782/1924/3782 3781/1922/3780 3776/1917/3775
f 3776/1917/3775 3777/1919/3777 3782/1924/3782
f 3783/1925/3783 3782/1924/3782 3777/1919/3777
f 3777/1919/3777 3778/1920/3778 3783/1925/3783
f 3784/1926/3784 3783/1925/3783 3778/1920/3778
f 3778/1920/3778 3779/1921/3779 3784/1926/3784
