# Blender 5.1.2
# www.blender.org
o U3DMesh
v -0.182822 0.018496 -0.608675
v -0.181224 0.018984 -0.633959
v -0.181736 0.038452 -0.641833
v -0.183748 0.039332 -0.602247
v -0.170943 0.008513 -0.662417
v -0.169658 0.019508 -0.670465
v -0.158261 -0.018074 -0.676817
v -0.157530 -0.016759 -0.679032
v -0.161757 0.048454 -0.641128
v -0.171830 0.046861 -0.598457
v -0.156228 0.025023 -0.670963
v -0.153032 0.012750 -0.658855
v -0.158261 -0.018074 -0.676817
v -0.170943 0.008513 -0.662417
v -0.181224 0.018984 -0.633959
v -0.157296 0.024480 -0.628687
v -0.163224 0.019993 -0.604885
v -0.182822 0.018496 -0.608675
v -0.161054 0.038422 -0.598392
v -0.150433 0.039291 -0.633674
v -0.148331 0.020787 -0.664409
v -0.143223 0.017789 -0.561813
v -0.134757 0.015383 -0.583923
v -0.134635 0.032332 -0.591676
v -0.143927 0.036205 -0.560366
v -0.120703 0.006220 -0.606017
v -0.119327 0.014558 -0.612324
v -0.110334 -0.014863 -0.619639
v -0.109444 -0.013615 -0.621870
v -0.120532 0.041784 -0.589852
v -0.134257 0.043429 -0.553585
v -0.112495 0.018677 -0.611953
v -0.108915 0.009706 -0.602350
v -0.110334 -0.014863 -0.619639
v -0.120703 0.006220 -0.606017
v -0.134757 0.015383 -0.583923
v -0.115647 0.019507 -0.577032
v -0.143223 0.017789 -0.561813
v -0.125699 0.020776 -0.551869
v -0.125357 0.035072 -0.548703
v -0.111283 0.035195 -0.582232
v -0.107476 0.016293 -0.607138
v -0.234048 0.018140 -0.616818
v -0.235698 0.015063 -0.642788
v -0.237314 0.034601 -0.650795
v -0.235275 0.037670 -0.613267
v -0.231570 0.004875 -0.672187
v -0.230879 0.015093 -0.678189
v -0.224258 -0.020279 -0.690945
v -0.224030 -0.018489 -0.693552
v -0.219893 0.042719 -0.653644
v -0.222818 0.045024 -0.611527
v -0.221691 0.019131 -0.681271
v -0.217131 0.004837 -0.671600
v -0.224258 -0.020279 -0.690945
v -0.231570 0.004875 -0.672187
v -0.235698 0.015063 -0.642788
v -0.213069 0.015323 -0.642441
v -0.215099 0.018893 -0.617249
v -0.234048 0.018140 -0.616818
v -0.212468 0.036487 -0.613225
v -0.210467 0.031328 -0.648701
v -0.215778 0.013668 -0.677174
v -0.293932 0.009180 -0.592279
v -0.299728 0.007113 -0.618934
v -0.302775 0.022871 -0.625363
v -0.295241 0.026356 -0.590630
v -0.301676 -0.004451 -0.646998
v -0.302859 0.004436 -0.652431
v -0.297668 -0.030415 -0.665842
v -0.298119 -0.028726 -0.668223
v -0.291138 0.029845 -0.630068
v -0.287021 0.037237 -0.594270
v -0.295591 0.007843 -0.655485
v -0.289149 -0.003959 -0.648712
v -0.297668 -0.030415 -0.665842
v -0.301676 -0.004451 -0.646998
v -0.299728 0.007113 -0.618934
v -0.282511 0.007816 -0.621646
v -0.293932 0.009180 -0.592279
v -0.276091 0.010496 -0.596374
v -0.274019 0.027813 -0.594947
v -0.281812 0.021582 -0.627687
v -0.289437 0.003474 -0.653285
v -0.326387 0.001624 -0.545753
v -0.335287 -0.001296 -0.570990
v -0.340697 0.012829 -0.576410
v -0.329398 0.015910 -0.546392
v -0.337577 -0.010571 -0.594324
v -0.340043 -0.003164 -0.599085
v -0.333321 -0.031269 -0.611696
v -0.334020 -0.030189 -0.613720
v -0.330023 0.020474 -0.582276
v -0.319444 0.022737 -0.551096
v -0.334207 0.000155 -0.602562
v -0.326714 -0.008875 -0.597651
v -0.333321 -0.031269 -0.611696
v -0.337577 -0.010571 -0.594324
v -0.335287 -0.001296 -0.570990
v -0.319944 0.001222 -0.576100
v -0.311667 0.001934 -0.554470
v -0.326387 0.001624 -0.545753
v -0.310788 0.015814 -0.554009
v -0.320261 0.012829 -0.581299
v -0.328189 -0.002842 -0.601573
v -0.029298 0.866776 0.709267
v -0.028852 0.811919 0.736087
v -0.047114 0.813204 0.726889
v -0.068677 0.861287 0.699455
v 0.000805 0.361367 -0.379410
v 0.000930 0.356983 -0.414036
v -0.049332 0.364495 -0.428476
v -0.047872 0.349046 -0.374511
v -0.019259 0.434630 0.520962
v -0.050187 0.436236 0.529483
v -0.020045 0.465612 0.588771
v -0.228405 0.849437 0.188814
v -0.240052 0.871116 0.303459
v -0.287405 0.740778 0.275268
v -0.260286 0.722489 0.142126
v -0.121327 0.389096 -0.240188
v -0.156934 0.467055 -0.236052
v -0.196441 0.448805 -0.148081
v -0.099219 0.379896 -0.431854
v -0.104285 0.370101 -0.355503
v -0.173438 0.453466 -0.120425
v -0.230778 0.483089 -0.053353
v -0.124670 0.391599 -0.019012
v -0.115411 0.395200 -0.101763
v -0.123999 0.510666 -0.319281
v -0.127077 0.457242 -0.309176
v -0.154206 0.454100 -0.376236
v -0.105474 0.486433 -0.385618
v -0.286126 0.005545 -0.515046
v -0.300148 0.002295 -0.495992
v -0.303335 -0.020736 -0.480206
v -0.269995 -0.028410 -0.497235
v -0.143180 0.000748 -0.465708
v -0.143270 -0.000145 -0.496169
v -0.157357 -0.005682 -0.510690
v -0.163773 -0.027617 -0.492955
v -0.240012 0.004646 -0.397650
v -0.195746 0.010103 -0.392884
v -0.181494 -0.020687 -0.438340
v -0.209316 -0.034187 -0.462981
v -0.133866 0.058026 -0.484080
v -0.162430 0.064255 -0.504406
v -0.162610 0.060461 -0.517284
v -0.153480 0.063878 -0.514133
v -0.187697 0.073024 -0.522483
v -0.200344 0.072534 -0.538956
v -0.201958 0.068086 -0.550417
v -0.182891 0.073342 -0.547212
v -0.233329 0.077128 -0.528850
v -0.243922 0.061075 -0.531466
v -0.241708 0.058530 -0.545449
v -0.230235 0.072404 -0.552542
v -0.288604 0.031631 -0.372630
v -0.291542 -0.015122 -0.417063
v -0.292463 0.052389 -0.509995
v -0.289396 0.035364 -0.519246
v -0.293350 0.055223 -0.532667
v -0.291351 0.054869 -0.519441
v -0.353006 0.088817 -0.390850
v -0.336362 0.047218 -0.444068
v -0.304540 0.068894 -0.459274
v -0.308345 0.075009 -0.439832
v -0.172823 0.012392 -0.396415
v -0.154085 -0.003106 -0.411464
v -0.330240 0.030868 -0.500421
v -0.329197 0.029113 -0.478481
v -0.319986 0.005355 -0.474175
v -0.313135 0.009631 -0.495500
v -0.174271 0.011562 -0.528927
v -0.192492 0.001377 -0.534869
v -0.200301 -0.028634 -0.506514
v -0.232422 -0.021866 -0.509962
v -0.247601 0.006475 -0.538545
v -0.269089 0.001027 -0.526294
v -0.314081 0.054091 -0.496276
v -0.334173 0.021269 -0.426476
v -0.149813 0.061012 -0.445960
v -0.208569 0.069302 -0.521008
v -0.209611 0.088825 -0.489230
v -0.291367 0.054303 -0.497943
v -0.274754 0.070017 -0.518138
v -0.262121 0.082668 -0.478138
v -0.308906 -0.034452 -0.522029
v -0.291413 -0.001177 -0.531071
v -0.291413 -0.001177 -0.531071
v -0.286126 0.005545 -0.515046
v -0.297136 0.028020 -0.536408
v -0.327662 0.045778 -0.534010
v -0.320919 0.049057 -0.515801
v -0.340443 0.025759 -0.519919
v -0.330184 -0.028268 -0.523773
v -0.164875 0.005885 -0.547802
v -0.142520 -0.018127 -0.526666
v -0.117955 0.003704 -0.518244
v -0.125605 0.062654 -0.528099
v -0.129647 0.060133 -0.508615
v -0.150781 0.062631 -0.522643
v -0.145691 0.064394 -0.539315
v -0.158727 0.043177 -0.548652
v -0.168131 0.048097 -0.528120
v -0.174271 0.011562 -0.528927
v -0.164875 0.005885 -0.547802
v -0.157530 -0.001921 -0.568487
v -0.185061 -0.024514 -0.572009
v -0.157530 -0.001921 -0.568487
v -0.145436 0.044949 -0.571249
v -0.178740 0.072260 -0.576944
v -0.195300 0.064389 -0.583648
v -0.197610 0.057460 -0.596496
v -0.208385 0.052185 -0.547159
v -0.207295 0.019065 -0.541303
v -0.205475 -0.011432 -0.594337
v -0.205589 0.006823 -0.586964
v -0.227015 -0.020671 -0.584323
v -0.228102 -0.002882 -0.541830
v -0.207295 0.019065 -0.541303
v -0.205589 0.006823 -0.586964
v -0.201712 0.042982 -0.584106
v -0.246318 0.063889 -0.591892
v -0.229614 0.071516 -0.591315
v -0.257064 0.044927 -0.596204
v -0.250995 0.021885 -0.536539
v -0.247601 0.006475 -0.538545
v -0.251867 0.006155 -0.586849
v -0.250289 -0.011089 -0.571591
v -0.273964 -0.029720 -0.563728
v -0.250289 -0.011089 -0.571591
v -0.257834 0.039542 -0.574567
v -0.313268 0.033233 -0.568411
v -0.305294 0.051237 -0.565320
v -0.298868 -0.021811 -0.558089
v -0.298639 -0.006059 -0.548105
v -0.315439 -0.031370 -0.545288
v -0.330696 0.036638 -0.548648
v -0.344228 0.020609 -0.537502
v -0.333350 -0.026481 -0.538759
v -0.133323 -0.014863 -0.549605
v -0.154692 0.007151 -0.560988
v -0.111320 0.009708 -0.545485
v -0.138626 0.057744 -0.554776
v -0.123028 0.055943 -0.546270
v -0.154692 0.007151 -0.560988
v -0.150356 0.038369 -0.561338
v -0.154492 -0.000558 -0.602027
v -0.175933 -0.008035 -0.607896
v -0.189830 0.056481 -0.602094
v -0.175553 0.062037 -0.598228
v -0.193545 0.014055 -0.612863
v -0.194305 0.043129 -0.609438
v -0.208392 0.010619 -0.611502
v -0.226448 -0.000490 -0.611321
v -0.241457 0.056621 -0.610957
v -0.226280 0.061916 -0.611173
v -0.243725 0.010835 -0.611250
v -0.248537 0.039698 -0.615858
v -0.259531 0.000704 -0.597230
v -0.280035 -0.022020 -0.593100
v -0.310348 0.026672 -0.587268
v -0.304628 0.042143 -0.586496
v -0.300854 -0.015817 -0.585916
v -0.271298 0.048034 -0.594390
v -0.264126 0.057020 -0.576749
v -0.287777 0.061542 -0.570058
v -0.289908 0.053401 -0.588059
v -0.260444 0.061788 -0.545937
v -0.281783 0.063880 -0.541904
v -0.257777 0.062554 -0.535204
v -0.301828 0.020585 -0.551077
v -0.313243 0.047349 -0.543739
v -0.316858 0.037762 -0.555184
v -0.307592 0.051962 -0.523827
v -0.300303 0.052304 -0.514072
v -0.210248 0.053208 -0.611204
v -0.206750 0.066172 -0.588860
v -0.211582 0.068326 -0.553027
v -0.214048 0.071968 -0.538590
v -0.153433 0.054658 -0.593609
v -0.157263 0.066066 -0.574605
v -0.167504 0.065149 -0.536560
v -0.170425 0.056773 -0.520865
v -0.160079 0.063304 -0.441030
v -0.218066 0.077017 -0.475126
v -0.109263 0.047807 -0.540719
v -0.112931 0.044978 -0.519316
v -0.126039 0.039542 -0.497463
v -0.126165 0.031435 -0.467686
v -0.133774 0.029916 -0.419772
v -0.142769 0.033815 -0.417573
v -0.164912 0.088353 -0.423780
v -0.160715 0.074723 -0.433285
v -0.151846 0.052619 -0.410756
v -0.157513 0.068221 -0.400404
v -0.156721 0.072222 -0.400844
v -0.265245 0.080461 -0.466238
v -0.263970 0.104489 -0.457595
v -0.308901 0.092027 -0.429310
v -0.281993 0.047136 -0.346297
v -0.346296 0.074186 -0.369243
v -0.355493 0.112630 -0.325662
v -0.334173 0.021269 -0.426476
v -0.319986 0.005355 -0.474175
v -0.313135 0.009631 -0.495500
v -0.330184 -0.028268 -0.523773
v -0.333350 -0.026481 -0.538759
v -0.264617 0.031462 -0.592337
v -0.250297 0.055719 -0.526699
v -0.199191 0.041461 -0.614042
v -0.207660 0.066953 -0.535822
v -0.146028 0.040659 -0.593047
v -0.253341 0.062602 -0.519662
v -0.193545 0.014055 -0.612863
v -0.205475 -0.011432 -0.594337
v -0.243725 0.010835 -0.611250
v -0.251867 0.006155 -0.586849
v -0.298868 -0.021811 -0.558089
v -0.300854 -0.015817 -0.585916
v -0.298639 -0.006059 -0.548105
v -0.259531 0.000704 -0.597230
v -0.208392 0.010619 -0.611502
v -0.154492 -0.000558 -0.602027
v -0.326387 0.001624 -0.545753
v -0.311667 0.001934 -0.554470
v -0.329398 0.015910 -0.546392
v -0.319444 0.022737 -0.551096
v -0.326387 0.001624 -0.545753
v -0.143223 0.017789 -0.561813
v -0.125699 0.020776 -0.551869
v -0.143223 0.017789 -0.561813
v -0.143927 0.036205 -0.560366
v -0.182822 0.018496 -0.608675
v -0.163224 0.019993 -0.604885
v -0.183748 0.039332 -0.602247
v -0.171830 0.046861 -0.598457
v -0.182822 0.018496 -0.608675
v -0.234048 0.018140 -0.616818
v -0.215099 0.018893 -0.617249
v -0.235275 0.037670 -0.613267
v -0.222818 0.045024 -0.611527
v -0.234048 0.018140 -0.616818
v -0.293932 0.009180 -0.592279
v -0.276091 0.010496 -0.596374
v -0.287021 0.037237 -0.594270
v -0.274019 0.027813 -0.594947
v -0.310788 0.015814 -0.554009
v -0.212468 0.036487 -0.613225
v -0.161054 0.038422 -0.598392
v -0.134257 0.043429 -0.553585
v -0.125357 0.035072 -0.548703
v -0.295241 0.026356 -0.590630
v -0.311667 0.001934 -0.554470
v -0.276091 0.010496 -0.596374
v -0.215099 0.018893 -0.617249
v -0.163224 0.019993 -0.604885
v -0.342813 0.419710 -0.163728
v -0.355020 0.395510 -0.166961
v -0.367733 0.370016 -0.273594
v -0.375273 0.414594 -0.250898
v -0.118172 0.387030 -0.284425
v -0.089213 0.971127 -0.383258
v -0.076400 0.990122 -0.532433
v -0.007205 1.015719 -0.523890
v -0.009508 0.995546 -0.401977
v -0.211771 0.721909 -0.598926
v -0.199369 0.816196 -0.583346
v -0.210598 0.823138 -0.470892
v -0.222069 0.722643 -0.534754
v -0.331937 0.279815 -0.386876
v -0.364566 0.361978 -0.361514
v -0.352397 0.282597 -0.314660
v -0.049033 0.379766 -0.536982
v -0.101440 0.420683 -0.554649
v -0.093055 0.426071 -0.498403
v -0.037798 0.394356 -0.462916
v -0.145732 0.986375 0.442543
v -0.027907 1.026945 0.495377
v -0.028988 0.989261 0.580892
v -0.139406 0.965492 0.538401
v -0.064760 1.011996 -0.266608
v -0.013354 1.024785 -0.246765
v -0.260339 0.800708 -0.458681
v -0.243578 0.683743 -0.529920
v -0.365023 0.319025 -0.220609
v -0.253889 0.497914 -0.105781
v -0.159986 0.534822 -0.251529
v -0.217408 0.536218 -0.210030
v -0.215183 0.521150 -0.162918
v -0.236165 0.030891 -0.376014
v -0.001687 0.350264 -0.198582
v -0.036732 0.345998 -0.229050
v -0.049627 0.350633 -0.094141
v -0.003761 0.333838 -0.078456
v -0.029322 0.955902 0.627684
v -0.115280 0.940095 0.607993
v -0.076701 0.396265 0.424705
v -0.015856 0.374000 0.469180
v -0.013342 0.303040 0.384759
v -0.089781 0.305289 0.361155
v -0.029382 0.918752 0.665755
v -0.089946 0.905279 0.651069
v -0.105454 0.923605 0.631866
v -0.029259 0.938518 0.640051
v -0.035286 0.382247 -0.444205
v 0.002041 0.359057 -0.432093
v 0.002083 0.385981 -0.455389
v -0.063651 0.347706 -0.016817
v -0.005225 0.330871 -0.010492
v -0.088277 0.838250 0.665299
v -0.107704 0.828806 0.644711
v -0.277891 0.645233 0.290581
v -0.220944 0.567050 0.308951
v -0.219169 0.510938 0.266582
v -0.265198 0.595266 0.215324
v -0.229101 0.525460 0.144153
v -0.257136 0.592202 0.126406
v -0.212245 0.099339 -0.461621
v -0.125864 0.437365 0.413429
v -0.163855 0.384551 0.333772
v -0.074953 0.446821 0.516761
v -0.049387 0.465631 0.574535
v -0.043718 0.361875 -0.298710
v -0.000889 0.375410 -0.301338
v -0.273349 0.588340 -0.186296
v -0.217408 0.536218 -0.210030
v -0.213323 0.442473 -0.215784
v -0.289542 0.476177 -0.155827
v -0.273349 0.588340 -0.186296
v -0.250382 0.618034 -0.167623
v -0.242117 0.587473 -0.155583
v -0.273129 0.594153 -0.072414
v -0.262932 0.594175 -0.013839
v -0.309713 0.410715 -0.139487
v -0.328145 0.489213 -0.172655
v -0.289542 0.476177 -0.155827
v -0.331912 0.384936 -0.136446
v -0.242489 0.377605 -0.232796
v -0.309713 0.410715 -0.139487
v -0.248737 0.343084 -0.236322
v -0.331912 0.384936 -0.136446
v -0.349558 0.314258 -0.193524
v -0.259326 0.267565 -0.247871
v -0.349558 0.314258 -0.193524
v -0.025288 0.768636 0.698990
v -0.066060 0.789588 0.686232
v -0.047363 0.801079 0.725951
v -0.028519 0.798504 0.730675
v -0.026162 0.781901 0.694018
v -0.062174 0.791664 0.681046
v -0.242670 0.723225 0.060649
v -0.215342 0.830310 0.094788
v -0.299279 0.747151 -0.443707
v -0.303086 0.814858 -0.280376
v -0.343935 0.771295 -0.286436
v -0.355144 0.671186 -0.428751
v -0.208511 0.434443 -0.534678
v -0.197824 0.489559 -0.547934
v -0.293155 0.535177 -0.496130
v -0.299754 0.463907 -0.478712
v -0.207749 0.591984 -0.557108
v -0.249464 0.665837 -0.518432
v -0.268908 0.606642 -0.507030
v -0.208512 0.551406 -0.560693
v -0.212688 0.593859 -0.566296
v -0.141633 0.414652 -0.309818
v -0.192553 0.354734 -0.349769
v -0.159986 0.534822 -0.251529
v -0.123999 0.510666 -0.319281
v -0.133121 0.407470 -0.354611
v -0.184461 0.347943 -0.396626
v -0.163908 0.382108 -0.475946
v -0.187020 0.355926 -0.453990
v -0.171977 0.347013 -0.431133
v -0.128167 0.399298 -0.413339
v -0.172196 0.511006 -0.529908
v -0.188022 0.520969 -0.553012
v -0.163306 0.511131 -0.597979
v -0.205670 0.582786 -0.606121
v -0.220509 0.592510 -0.587496
v -0.172798 0.537412 -0.557263
v -0.095354 0.405198 -0.475621
v 0.003956 0.357532 -0.519161
v -0.381448 0.472391 -0.260035
v -0.342954 0.558106 -0.241068
v -0.303974 0.592007 -0.210784
v -0.365400 0.398463 -0.353500
v -0.292726 0.330916 -0.453942
v -0.304302 0.380887 -0.438041
v -0.221170 0.279864 -0.439889
v -0.185106 0.278847 -0.408988
v -0.194101 0.334732 -0.426318
v -0.239068 0.340644 -0.445538
v -0.261726 0.266920 -0.452667
v -0.273349 0.588340 -0.186296
v -0.177431 0.316091 -0.400205
v -0.170647 0.275393 -0.384283
v -0.371059 0.242818 -0.243008
v -0.272615 0.181781 -0.290119
v -0.277589 0.127645 -0.321238
v -0.384307 0.172763 -0.295455
v -0.183462 0.303797 -0.364860
v -0.179965 0.270314 -0.343032
v -0.222200 0.098753 -0.337736
v -0.229636 0.056647 -0.353875
v -0.273851 0.084039 -0.337970
v -0.201670 0.039262 -0.386865
v -0.197633 0.066863 -0.367653
v -0.293932 0.009180 -0.592279
v -0.179695 0.184385 -0.359711
v -0.179734 0.192786 -0.378071
v -0.198626 0.213753 -0.408912
v -0.200666 0.179911 -0.339610
v -0.171288 0.121635 -0.365069
v -0.196225 0.114171 -0.352368
v -0.200707 0.302459 -0.336567
v -0.199060 0.269962 -0.309437
v -0.224925 0.175560 -0.316097
v -0.228269 0.198629 -0.429487
v -0.291047 0.185253 -0.420369
v -0.371059 0.242818 -0.243008
v -0.382364 0.242673 -0.261366
v -0.185700 0.857105 0.608771
v -0.137728 0.838055 0.630803
v -0.219361 0.914572 0.487509
v -0.094770 0.496507 0.437670
v -0.064999 0.469324 0.512863
v -0.315566 0.743396 0.318329
v -0.242918 0.893113 0.421916
v -0.160372 0.540056 0.379640
v -0.213650 0.759265 0.657426
v -0.185700 0.857105 0.608771
v -0.137728 0.838055 0.630803
v -0.168932 0.717261 0.695399
v -0.283141 0.671390 0.312847
v -0.340356 0.743149 0.370216
v -0.357452 0.704590 0.398553
v -0.296393 0.653073 0.325286
v -0.265107 0.623525 0.664856
v -0.280519 0.532184 0.640162
v -0.317377 0.556211 0.603864
v -0.270295 0.670860 0.648926
v -0.245935 0.600505 0.686536
v -0.243470 0.504594 0.667079
v -0.155053 0.367575 0.614029
v -0.212462 0.371813 0.634747
v -0.212245 0.389774 0.633557
v -0.165930 0.383144 0.599533
v -0.219361 0.914572 0.487509
v -0.248388 0.786281 0.617432
v -0.271908 0.800154 0.585577
v -0.139347 0.385152 0.511714
v -0.124798 0.378208 0.412198
v -0.136660 0.369707 0.420732
v -0.144266 0.380227 0.504276
v -0.074479 0.470955 0.439935
v -0.064999 0.469324 0.512863
v -0.094770 0.496507 0.437670
v -0.099529 0.496675 0.391924
v -0.085003 0.454962 0.444232
v -0.109463 0.474231 0.373302
v -0.191591 0.655400 0.703763
v -0.238312 0.666705 0.679279
v -0.115198 0.211717 0.522894
v -0.144273 0.212736 0.471749
v -0.136516 0.147891 0.486418
v -0.108288 0.150781 0.513255
v -0.143897 0.095793 0.617398
v -0.145779 0.208424 0.615102
v -0.115198 0.211717 0.522894
v -0.108288 0.150781 0.513255
v -0.253221 0.075298 0.585184
v -0.257986 0.108968 0.584022
v -0.222853 0.095776 0.616113
v -0.222731 0.054815 0.621078
v -0.268882 0.090819 0.547986
v -0.265021 0.122003 0.554875
v -0.183123 0.090322 0.635495
v -0.189333 0.208144 0.633023
v -0.272435 -0.005599 0.400602
v -0.293333 0.009320 0.393036
v -0.301216 0.003964 0.407215
v -0.301211 0.007217 0.428215
v -0.153042 -0.004790 0.380678
v -0.132810 0.015012 0.381494
v -0.152893 0.019761 0.358607
v -0.167863 0.004189 0.356031
v -0.305280 0.060537 0.472192
v -0.285113 0.070893 0.502564
v -0.273305 0.043198 0.502841
v -0.292707 0.023978 0.473046
v -0.150782 0.092339 0.369082
v -0.180998 0.092059 0.367900
v -0.185042 0.086236 0.357650
v -0.206384 0.107928 0.346418
v -0.200798 0.113147 0.364120
v -0.226324 0.096048 0.362855
v -0.221160 0.099216 0.348713
v -0.248651 0.100988 0.355845
v -0.242169 0.108133 0.374110
v -0.260642 0.081566 0.378459
v -0.259944 0.086000 0.362178
v -0.290591 0.069668 0.404481
v -0.293221 0.058571 0.394731
v -0.295649 0.075977 0.391300
v -0.275283 0.089231 0.439417
v -0.281568 0.098703 0.471350
v -0.300469 0.084970 0.452642
v -0.313003 0.025959 0.419930
v -0.320143 0.056555 0.421981
v -0.316947 0.055407 0.444634
v -0.311474 0.019329 0.444053
v -0.201732 -0.009215 0.377822
v -0.193082 0.015712 0.348051
v -0.266774 0.025506 0.366033
v -0.279284 0.011889 0.380160
v -0.272344 0.101787 0.423762
v -0.250880 -0.001796 0.466002
v -0.280299 0.008446 0.474537
v -0.304756 0.077174 0.425191
v -0.131551 0.024349 0.414795
v -0.148758 0.003043 0.432620
v -0.177932 -0.002223 0.445824
v -0.148080 0.100654 0.392253
v -0.178723 0.108595 0.389217
v -0.224021 0.103411 0.373934
v -0.197408 0.115606 0.390313
v -0.216406 0.108160 0.395552
v -0.258187 0.086269 0.393510
v -0.232577 0.116205 0.394929
v -0.251174 0.104211 0.416915
v -0.284005 0.074118 0.418136
v -0.282979 0.093649 0.396368
v -0.300314 0.011925 0.380761
v -0.309566 0.003648 0.395933
v -0.304029 0.055999 0.382985
v -0.300314 0.011925 0.380761
v -0.293333 0.009320 0.393036
v -0.293221 0.058571 0.394731
v -0.330264 0.059289 0.407543
v -0.323017 0.077072 0.396870
v -0.312111 0.076323 0.411771
v -0.320143 0.056555 0.421981
v -0.313003 0.025959 0.419930
v -0.324743 0.022442 0.404646
v -0.167555 0.001038 0.333355
v -0.189043 0.015584 0.330432
v -0.148909 0.020754 0.334224
v -0.174329 0.092181 0.335043
v -0.154489 0.089249 0.336939
v -0.157091 0.086956 0.352857
v -0.177259 0.084967 0.350232
v -0.189043 0.015584 0.330432
v -0.184271 0.073254 0.329817
v -0.187068 0.075977 0.350146
v -0.193082 0.015712 0.348051
v -0.212683 0.011429 0.350602
v -0.191049 0.013305 0.314749
v -0.209733 0.001201 0.320141
v -0.185944 0.074368 0.313577
v -0.191049 0.013305 0.314749
v -0.221612 0.097282 0.321349
v -0.207906 0.107507 0.320207
v -0.206384 0.107928 0.346418
v -0.221160 0.099216 0.348713
v -0.228341 0.014883 0.320995
v -0.228470 0.073253 0.321302
v -0.227550 0.081754 0.352422
v -0.230655 0.026178 0.351283
v -0.230655 0.026178 0.351283
v -0.234771 0.015073 0.319236
v -0.254447 0.001926 0.328076
v -0.246143 0.015728 0.357500
v -0.230618 0.064559 0.319466
v -0.234771 0.015073 0.319236
v -0.248651 0.100988 0.355845
v -0.259944 0.086000 0.362178
v -0.270012 0.078581 0.333047
v -0.255083 0.091648 0.329006
v -0.275612 0.013416 0.333449
v -0.277243 0.054034 0.335434
v -0.263227 0.068199 0.368230
v -0.266774 0.025506 0.366033
v -0.278069 0.015392 0.344783
v -0.291784 0.002793 0.355023
v -0.280163 0.057178 0.345776
v -0.278069 0.015392 0.344783
v -0.295649 0.075977 0.391300
v -0.312617 0.056835 0.368770
v -0.312435 0.079816 0.365418
v -0.308429 0.010345 0.365045
v -0.321645 0.007034 0.381140
v -0.311756 0.016188 0.371565
v -0.338971 0.059024 0.393276
v -0.330209 0.072576 0.385206
v -0.332609 0.027066 0.391406
v -0.166141 0.007567 0.316922
v -0.183067 0.020024 0.317754
v -0.154106 0.030896 0.321926
v -0.156865 0.087100 0.321971
v -0.172699 0.089364 0.321030
v -0.183067 0.020024 0.317754
v -0.180900 0.070848 0.316463
v -0.210316 0.007807 0.297236
v -0.196385 0.020280 0.292525
v -0.211066 0.097575 0.301193
v -0.225325 0.087665 0.300371
v -0.232907 0.060829 0.297462
v -0.224340 0.020555 0.299468
v -0.259168 0.003994 0.309445
v -0.244137 0.016682 0.304506
v -0.259395 0.076746 0.307390
v -0.271788 0.063791 0.314031
v -0.277571 0.043378 0.314840
v -0.274456 0.016012 0.313870
v -0.289693 0.013846 0.333130
v -0.302165 0.005253 0.338685
v -0.320147 0.068347 0.345759
v -0.321685 0.051065 0.350516
v -0.316373 0.018884 0.346834
v -0.308684 0.074286 0.342045
v -0.293983 0.063612 0.337022
v -0.285366 0.076582 0.351074
v -0.300397 0.086644 0.359181
v -0.271264 0.079131 0.373066
v -0.288502 0.088229 0.381657
v -0.288502 0.088229 0.381657
v -0.271264 0.079131 0.373066
v -0.320130 0.068215 0.377394
v -0.312031 0.052750 0.372737
v -0.311574 0.071168 0.387077
v -0.301938 0.069312 0.401165
v -0.301938 0.069312 0.401165
v -0.244573 0.072870 0.305949
v -0.241464 0.086007 0.325051
v -0.236747 0.093407 0.352379
v -0.236747 0.093407 0.352379
v -0.196416 0.092094 0.297269
v -0.193474 0.099370 0.315560
v -0.192901 0.095125 0.346344
v -0.192901 0.095125 0.346344
v -0.190595 0.122333 0.418618
v -0.147160 0.063006 0.336821
v -0.148089 0.067465 0.323354
v -0.148646 0.053575 0.353877
v -0.157091 0.086956 0.352857
v -0.148646 0.053575 0.353877
v -0.135121 0.048527 0.375367
v -0.128907 0.059957 0.407881
v -0.145460 0.111490 0.417295
v -0.188176 0.141611 0.431060
v -0.143772 0.130471 0.443789
v -0.119308 0.047424 0.517845
v -0.133212 0.054967 0.454748
v -0.165992 0.028948 0.477964
v -0.161527 0.001630 0.535998
v -0.215242 0.023791 0.489423
v -0.200300 -0.002612 0.540020
v -0.254935 0.025758 0.505663
v -0.244436 0.011403 0.546620
v -0.258651 0.035308 0.544395
v -0.267017 0.117549 0.496611
v -0.244869 0.119256 0.436836
v -0.242539 0.137004 0.448839
v -0.123208 0.080326 0.443519
v -0.133212 0.054967 0.454748
v -0.119308 0.047424 0.517845
v -0.123448 0.093421 0.492233
v -0.131551 0.024349 0.414795
v -0.132810 0.015012 0.381494
v -0.152893 0.019761 0.358607
v -0.148909 0.020754 0.334224
v -0.152893 0.019761 0.358607
v -0.324743 0.022442 0.404646
v -0.332609 0.027066 0.391406
v -0.288755 0.045721 0.332615
v -0.263227 0.068199 0.368230
v -0.238425 0.051960 0.303683
v -0.227550 0.081754 0.352422
v -0.188532 0.068696 0.290845
v -0.187068 0.075977 0.350146
v -0.177259 0.084967 0.350232
v -0.312111 0.076323 0.411771
v -0.228341 0.014883 0.320995
v -0.224340 0.020555 0.299468
v -0.275612 0.013416 0.333449
v -0.274456 0.016012 0.313870
v -0.238175 0.002752 0.383373
v -0.316373 0.018884 0.346834
v -0.308429 0.010345 0.365045
v -0.311756 0.016188 0.371565
v -0.289693 0.013846 0.333130
v -0.244137 0.016682 0.304506
v -0.196385 0.020280 0.292525
v -0.154106 0.030896 0.321926
v -0.321312 0.032792 0.367553
v -0.337043 0.053742 0.378753
v -0.328383 0.061527 0.372461
v -0.333662 0.032875 0.378442
v -0.156947 0.039548 0.310883
v -0.174550 0.036402 0.310735
v -0.176324 0.068079 0.311799
v -0.201550 0.033791 0.287650
v -0.225867 0.070321 0.294782
v -0.211248 0.084311 0.291556
v -0.223718 0.038564 0.291870
v -0.250558 0.020191 0.298469
v -0.268532 0.051663 0.310545
v -0.258108 0.063667 0.307922
v -0.269008 0.023668 0.304995
v -0.301108 0.028360 0.327999
v -0.318685 0.031381 0.335748
v -0.320218 0.055498 0.339272
v -0.310598 0.065038 0.333775
v -0.300551 0.050899 0.331093
v -0.322726 0.050027 0.370057
v -0.248697 0.056273 0.303402
v -0.199370 0.070445 0.289679
v -0.165628 0.082960 0.311085
v -0.155172 0.069372 0.312076
v -0.321312 0.032792 0.367553
v -0.301108 0.028360 0.327999
v -0.250558 0.020191 0.298469
v -0.201550 0.033791 0.287650
v -0.156947 0.039548 0.310883
v -0.283149 0.203900 0.543701
v -0.267331 0.212366 0.590528
v -0.226487 0.213032 0.626531
v -0.107772 0.077084 0.544904
v -0.107772 0.077084 0.544904
v -0.142768 0.049173 0.621762
v -0.180135 0.043671 0.636744
v -0.260102 0.141327 0.513772
v -0.271155 0.201296 0.504534
v -0.242458 0.155698 0.455128
v -0.144308 0.005813 0.569589
v -0.114112 0.035588 0.570476
v -0.193738 -0.002726 0.574769
v -0.250018 0.031688 0.581195
v -0.239296 0.006930 0.581902
v -0.143343 0.023195 0.606985
v -0.186120 0.013156 0.615313
v -0.114112 0.035588 0.570476
v -0.239854 0.327348 0.320908
v -0.223511 0.323582 0.322711
v -0.226472 0.350892 0.300078
v -0.260381 0.354318 0.312121
v -0.200411 0.314532 0.650180
v -0.148401 0.312517 0.627020
v -0.254878 0.377322 0.647548
v -0.253584 0.400750 0.621524
v -0.299092 0.423011 0.575076
v -0.313772 0.434455 0.512262
v -0.329860 0.477651 0.540984
v -0.301454 0.458185 0.599581
v -0.264659 0.445549 0.637383
v -0.303520 0.576508 0.309203
v -0.361791 0.604457 0.374244
v -0.350094 0.495156 0.369597
v -0.291873 0.488260 0.306073
v -0.220944 0.567050 0.308951
v -0.277891 0.645233 0.290581
v -0.237568 0.605259 0.329944
v -0.244847 0.594090 0.317603
v -0.230393 0.523109 0.289976
v -0.223484 0.462101 0.285481
v -0.272655 0.355001 0.352237
v -0.250215 0.313633 0.365875
v -0.195766 0.204888 0.425285
v -0.203112 0.265327 0.386640
v -0.250595 0.265304 0.412005
v -0.251125 0.209498 0.453879
v -0.117309 0.353559 0.524843
v -0.111014 0.305451 0.522068
v -0.226600 0.019068 0.609269
v -0.199840 0.465155 0.672887
v -0.209179 0.433449 0.643361
v -0.201200 0.578477 0.699955
v -0.293946 0.407228 0.572104
v -0.301537 0.404856 0.502131
v -0.188746 0.159630 0.435232
v -0.150885 0.156129 0.444952
v -0.179709 0.361643 0.312770
v -0.182283 0.401888 0.296928
v -0.224351 0.400117 0.280661
v -0.341930 0.717013 0.533778
v -0.307384 0.783444 0.530010
v -0.305035 0.315076 0.583042
v -0.315378 0.302885 0.525241
v -0.261857 0.319957 0.645859
v -0.111014 0.305451 0.522068
v -0.138529 0.303881 0.462244
v -0.297750 0.315923 0.448010
v -0.319250 0.359984 0.514686
v -0.285431 0.273824 0.472874
v -0.144266 0.380227 0.504276
v -0.306919 0.377220 0.587107
v -0.318483 0.427305 0.425996
v -0.340380 0.475725 0.468450
v -0.116077 0.415230 0.513353
v -0.103815 0.405933 0.409755
v -0.258402 0.418296 0.621380
v -0.116077 0.415230 0.513353
v -0.139347 0.385152 0.511714
v -0.157589 0.386601 0.591161
v -0.130247 0.417841 0.590253
v -0.212474 0.399157 0.638509
v -0.153977 0.211702 0.436932
v -0.146348 0.282547 0.403281
v -0.356832 0.600620 0.488698
v -0.332328 0.567318 0.569821
v -0.157382 0.372719 0.357107
v -0.140193 0.393288 0.343708
v -0.187889 0.335681 0.328048
v -0.168180 0.344713 0.360659
v -0.189699 0.304786 0.357162
v -0.221401 0.293897 0.349414
v -0.122565 0.435459 0.340766
v -0.278635 0.409044 0.310481
v -0.311398 0.373962 0.429774
v -0.315566 0.743396 0.318329
v -0.242918 0.893113 0.421916
v -0.220276 -0.002836 0.444453
v -0.146959 0.028227 0.443714
v -0.170913 0.023704 0.465091
v -0.212412 0.019377 0.464549
v -0.244430 0.015957 0.489959
v -0.263779 0.026472 0.494719
v -0.171128 0.450448 0.313857
v -0.123874 0.342534 0.444325
v -0.301057 0.414200 0.354627
v -0.165410 0.493501 0.318940
v -0.160372 0.540056 0.379640
v -0.174755 0.547222 0.384815
v -0.117309 0.353559 0.524843
v -0.047114 0.813204 0.726889
v -0.028852 0.811919 0.736087
v -0.138688 0.433263 -0.505296
v -0.155986 0.439980 -0.514380
v -0.206230 0.415128 -0.522679
v -0.295289 0.434103 -0.467178
v -0.370484 0.471064 -0.387228
v -0.372035 0.498005 -0.402087
v -0.230764 0.372034 -0.470455
v -0.215079 0.386358 -0.494223
v -0.298729 0.406553 -0.455716
v -0.367361 0.426241 -0.369380
v -0.368853 0.586046 -0.429291
v -0.155471 0.460231 -0.522188
v -0.194231 0.535912 -0.575229
v -0.154209 0.442604 -0.396468
v -0.162221 0.425378 -0.415452
v -0.162979 0.426934 -0.485779
v -0.144963 0.455143 -0.511064
v -0.147755 0.484171 -0.538810
v -0.051116 0.346611 -0.338224
v 0.000322 0.368389 -0.362362
v -0.117545 0.393197 -0.177831
v -0.370484 0.471064 -0.387228
v -0.295289 0.434103 -0.467178
v -0.206230 0.415128 -0.522679
v -0.138688 0.433263 -0.505296
v -0.105474 0.486433 -0.385618
v -0.260257 0.670492 -0.102569
v -0.257730 0.691489 -0.059238
v -0.385445 0.527067 -0.283579
v -0.373733 0.665785 -0.295353
v -0.385732 0.571472 -0.289622
v -0.385445 0.527067 -0.283579
v -0.346315 0.610582 -0.227614
v -0.318711 0.691107 -0.209652
v -0.269118 0.696685 -0.149989
v -0.308683 0.655054 -0.176107
v -0.303974 0.592007 -0.210784
v -0.342954 0.558106 -0.241068
v -0.162957 0.526197 0.347834
v -0.100396 0.801764 0.669650
v -0.107704 0.828806 0.644711
v -0.088277 0.838250 0.665299
v -0.165216 0.425418 0.639237
v -0.025218 0.761692 0.698234
v -0.067905 0.764046 0.699037
v -0.123280 0.771879 0.690246
v -0.100396 0.801764 0.669650
v -0.062174 0.791664 0.681046
v -0.067905 0.764046 0.699037
v -0.107704 0.828806 0.644711
v -0.127283 0.671073 0.714232
v -0.070620 0.646861 0.719242
v -0.022275 0.655284 0.713121
v -0.070620 0.646861 0.719242
v -0.139271 0.624206 0.714109
v -0.070908 0.605808 0.716497
v -0.020513 0.604090 0.713546
v -0.070908 0.605808 0.716497
v -0.085418 0.480867 0.579213
v -0.057943 0.485913 0.624996
v -0.057943 0.485913 0.624996
v -0.017472 0.486964 0.642292
v -0.133488 0.541484 0.693400
v -0.059588 0.558227 0.703709
v -0.019846 0.564078 0.703027
v -0.059588 0.558227 0.703709
v -0.017744 0.509966 0.679530
v -0.054953 0.509411 0.674464
v -0.017472 0.486964 0.642292
v -0.057943 0.485913 0.624996
v -0.097277 0.490805 0.644365
v -0.054953 0.509411 0.674464
v -0.057943 0.485913 0.624996
v -0.085418 0.480867 0.579213
v -0.308773 0.706703 0.606349
v -0.333972 0.194014 -0.382348
v -0.393019 0.179385 -0.316597
v -0.319270 0.144515 -0.417112
v -0.207835 0.111375 -0.453786
v -0.217095 0.143858 -0.441430
v -0.276660 0.141202 -0.437717
v -0.267993 0.118352 -0.450866
v -0.183999 0.141731 -0.407785
v -0.167284 0.134634 -0.387490
v -0.384307 0.172763 -0.295455
v -0.277632 0.767029 -0.180724
v -0.251283 0.751183 -0.113996
v -0.114673 0.943595 0.133356
v -0.136614 0.960488 0.229901
v -0.020640 1.007022 0.154258
v -0.022979 1.029054 0.254737
v -0.203077 0.903897 -0.394655
v -0.170629 0.917938 -0.544443
v -0.224235 0.080874 0.271340
v -0.225867 0.070321 0.294782
v -0.223718 0.038564 0.291870
v -0.227571 0.050177 0.277416
v -0.228660 0.038742 0.253234
v -0.228099 0.055737 0.243614
v -0.220378 0.005657 0.234121
v -0.220039 0.004583 0.236910
v -0.211248 0.084311 0.291556
v -0.213944 0.089407 0.264357
v -0.219839 0.059896 0.235615
v -0.209843 0.029520 0.250407
v -0.209843 0.029520 0.250407
v -0.201311 0.040853 0.271592
v -0.201311 0.040853 0.271592
v -0.201550 0.033791 0.287650
v -0.201550 0.033791 0.287650
v -0.199370 0.070445 0.289679
v -0.205354 0.075483 0.264104
v -0.201311 0.040853 0.271592
v -0.211431 0.047733 0.239031
v -0.209843 0.029520 0.250407
v -0.220039 0.004583 0.236910
v -0.175162 0.060827 0.288975
v -0.176324 0.068079 0.311799
v -0.174550 0.036402 0.310735
v -0.174298 0.035282 0.296580
v -0.173262 0.024330 0.273929
v -0.173395 0.035231 0.264689
v -0.164136 0.005335 0.261308
v -0.164736 0.004651 0.263456
v -0.167115 0.074904 0.283972
v -0.165628 0.082960 0.311085
v -0.167460 0.041080 0.260014
v -0.159636 0.025197 0.271384
v -0.164736 0.004651 0.263456
v -0.173262 0.024330 0.273929
v -0.173262 0.024330 0.273929
v -0.174298 0.035282 0.296580
v -0.154498 0.036859 0.294237
v -0.156947 0.039548 0.310883
v -0.174298 0.035282 0.296580
v -0.174550 0.036402 0.310735
v -0.155172 0.069372 0.312076
v -0.157648 0.069342 0.284258
v -0.161265 0.036482 0.262272
v -0.275642 0.064540 0.291378
v -0.268532 0.051663 0.310545
v -0.269008 0.023668 0.304995
v -0.275229 0.031849 0.290633
v -0.277428 0.030241 0.270526
v -0.280451 0.048970 0.264446
v -0.278037 0.006790 0.253096
v -0.277558 0.005411 0.256669
v -0.265635 0.076688 0.286477
v -0.258108 0.063667 0.307922
v -0.276324 0.058931 0.257955
v -0.250558 0.020191 0.298469
v -0.248697 0.056273 0.303402
v -0.256564 0.064976 0.284937
v -0.256943 0.042060 0.282747
v -0.268997 0.052288 0.260526
v -0.265847 0.037791 0.265253
v -0.277558 0.005411 0.256669
v -0.277428 0.030241 0.270526
v -0.275229 0.031849 0.290633
v -0.269008 0.023668 0.304995
v -0.331239 0.059078 0.320928
v -0.320218 0.055498 0.339272
v -0.318685 0.031381 0.335748
v -0.329864 0.035174 0.323537
v -0.333686 0.027733 0.310205
v -0.339812 0.044367 0.300853
v -0.336498 0.006019 0.294161
v -0.335776 0.004272 0.297053
v -0.323238 0.068467 0.314281
v -0.310598 0.065038 0.333775
v -0.333897 0.049295 0.296882
v -0.301108 0.028360 0.327999
v -0.300551 0.050899 0.331093
v -0.313367 0.060237 0.312149
v -0.309998 0.039945 0.312507
v -0.325321 0.043656 0.296919
v -0.323074 0.031045 0.300248
v -0.335776 0.004272 0.297053
v -0.333686 0.027733 0.310205
v -0.329864 0.035174 0.323537
v -0.318685 0.031381 0.335748
v -0.337043 0.053742 0.378753
v -0.333662 0.032875 0.378442
v -0.343956 0.028929 0.363644
v -0.347996 0.050865 0.358380
v -0.351462 0.022865 0.350227
v -0.355652 0.034842 0.342651
v -0.353357 0.007528 0.337480
v -0.351991 0.006149 0.339616
v -0.341005 0.058558 0.352615
v -0.328383 0.061527 0.372461
v -0.352922 0.040162 0.336623
v -0.321312 0.032792 0.367553
v -0.322726 0.050027 0.370057
v -0.335038 0.048727 0.352435
v -0.330434 0.034204 0.353547
v -0.346059 0.034309 0.339189
v -0.343194 0.025867 0.343124
v -0.351991 0.006149 0.339616
v -0.351462 0.022865 0.350227
v -0.343956 0.028929 0.363644
v -0.333662 0.032875 0.378442
v -0.174550 0.036402 0.310735
v -0.223718 0.038564 0.291870
v -0.269008 0.023668 0.304995
v -0.318685 0.031381 0.335748
v -0.333662 0.032875 0.378442
v -0.346296 0.074186 -0.369243
v -0.014312 0.950035 -0.135065
v -0.150611 0.980828 0.342624
v -0.025516 1.040462 0.370847
v -0.074406 0.321208 0.079742
v -0.144938 0.377683 0.072218
v -0.007217 0.304692 0.084012
v -0.169869 0.346266 0.267074
v -0.092305 0.280874 0.290210
v -0.010901 0.265692 0.297263
v -0.159638 0.354420 0.165489
v -0.080748 0.294457 0.183559
v -0.009023 0.279977 0.192973
v -0.208570 0.865994 -0.152965
v -0.285433 0.867545 -0.279311
v -0.247115 0.908108 -0.284229
v -0.135567 0.907375 -0.148888
v -0.240368 0.757792 0.001753
v -0.248516 0.581998 0.035020
v -0.241370 0.819113 -0.168245
v -0.226136 0.800182 -0.100185
v -0.226433 0.487728 0.052777
v -0.195461 0.858651 -0.078963
v -0.119091 0.935819 -0.051745
v -0.016870 0.984653 -0.028352
v -0.205833 0.835912 0.025530
v -0.115713 0.941978 0.055394
v -0.018955 0.997536 0.073403
v -0.375021 0.126898 -0.367152
v -0.372849 0.149915 -0.313339
v -0.355493 0.112630 -0.325662
v -0.381779 0.150731 -0.337810
v -0.177964 0.065515 -0.374580
v -0.179025 0.042040 -0.388072
v -0.372849 0.149915 -0.313339
v -0.304813 0.109523 -0.422436
v 0.170675 0.025497 -0.463578
v 0.172303 0.046429 -0.457585
v 0.166472 0.044979 -0.496771
v 0.166644 0.025623 -0.488594
v 0.151605 0.025677 -0.523814
v 0.153610 0.014803 -0.515761
v 0.139486 -0.011928 -0.528467
v 0.138550 -0.010643 -0.530619
v 0.160840 0.054081 -0.452774
v 0.146697 0.055105 -0.494294
v 0.138210 0.031269 -0.523094
v 0.139486 -0.011928 -0.528467
v 0.136147 0.019194 -0.510550
v 0.153610 0.014803 -0.515761
v 0.143361 0.031333 -0.481119
v 0.166644 0.025623 -0.488594
v 0.151538 0.027171 -0.457935
v 0.170675 0.025497 -0.463578
v 0.136108 0.046117 -0.485642
v 0.150089 0.045697 -0.451545
v 0.130969 0.027167 -0.515748
v 0.135790 0.025703 -0.413105
v 0.136705 0.044144 -0.412011
v 0.124418 0.039856 -0.442216
v 0.125212 0.023030 -0.434251
v 0.107111 0.021868 -0.461016
v 0.109054 0.013616 -0.454746
v 0.097326 -0.007606 -0.466981
v 0.096226 -0.006376 -0.469132
v 0.127771 0.051513 -0.404439
v 0.110593 0.049422 -0.439180
v 0.100363 0.026031 -0.460051
v 0.097326 -0.007606 -0.466981
v 0.097687 0.017232 -0.450008
v 0.109054 0.013616 -0.454746
v 0.106880 0.027357 -0.425613
v 0.125212 0.023030 -0.434251
v 0.135790 0.025703 -0.413105
v 0.119318 0.028946 -0.401559
v 0.102097 0.043000 -0.430603
v 0.119345 0.043289 -0.398591
v 0.095819 0.023756 -0.454736
v 0.221027 0.024535 -0.475735
v 0.222421 0.044240 -0.474080
v 0.220911 0.035024 -0.511206
v 0.220479 0.017043 -0.500013
v 0.212381 0.011242 -0.534324
v 0.213850 0.002151 -0.526835
v 0.205367 -0.025773 -0.540469
v 0.204856 -0.024436 -0.543299
v 0.210122 0.051696 -0.471817
v 0.203129 0.042458 -0.513659
v 0.202860 0.014664 -0.537131
v 0.205367 -0.025773 -0.540469
v 0.199529 0.002128 -0.524873
v 0.213850 0.002151 -0.526835
v 0.197976 0.017226 -0.497552
v 0.220479 0.017043 -0.500013
v 0.202119 0.025240 -0.474408
v 0.221027 0.024535 -0.475735
v 0.194454 0.031972 -0.506052
v 0.199733 0.043064 -0.471742
v 0.197474 0.009909 -0.531653
v 0.282782 0.015987 -0.457176
v 0.284374 0.033169 -0.457223
v 0.288354 0.024043 -0.492100
v 0.285809 0.009633 -0.482890
v 0.285511 0.001439 -0.515628
v 0.284794 -0.006406 -0.508712
v 0.278638 -0.034991 -0.522527
v 0.278863 -0.033726 -0.525186
v 0.275914 0.043784 -0.461001
v 0.276374 0.030464 -0.496730
v 0.278008 0.004495 -0.518477
v 0.278638 -0.034991 -0.522527
v 0.272161 -0.005865 -0.509249
v 0.284794 -0.006406 -0.508712
v 0.268420 0.010337 -0.483981
v 0.285809 0.009633 -0.482890
v 0.282782 0.015987 -0.457176
v 0.264633 0.017220 -0.459606
v 0.267251 0.022954 -0.492116
v 0.262844 0.034568 -0.459557
v 0.272063 0.000711 -0.514992
v 0.319578 0.008724 -0.414568
v 0.322569 0.022990 -0.415707
v 0.330900 0.019415 -0.446628
v 0.325979 0.005400 -0.440501
v 0.327990 0.003101 -0.468892
v 0.325964 -0.004222 -0.463807
v 0.319966 -0.025152 -0.480379
v 0.320467 -0.024096 -0.482474
v 0.312235 0.029805 -0.419530
v 0.319741 0.027035 -0.451547
v 0.321858 0.006403 -0.471838
v 0.319966 -0.025152 -0.480379
v 0.314841 -0.002521 -0.466096
v 0.325964 -0.004222 -0.463807
v 0.310225 0.007931 -0.444142
v 0.325979 0.005400 -0.440501
v 0.304081 0.009000 -0.421824
v 0.319578 0.008724 -0.414568
v 0.310087 0.019460 -0.449518
v 0.303315 0.022881 -0.421492
v 0.315956 0.003446 -0.470231
v 0.010586 0.862657 0.700940
v -0.010315 0.813841 0.727578
v 0.049615 0.350713 -0.372459
v 0.052988 0.366246 -0.426244
v 0.012127 0.441790 0.539702
v 0.190831 0.856574 0.197036
v 0.227814 0.725712 0.152842
v 0.244459 0.733594 0.286783
v 0.196984 0.874431 0.310750
v 0.150370 0.475819 -0.213873
v 0.115977 0.393163 -0.235436
v 0.185139 0.455091 -0.140955
v 0.108007 0.382382 -0.422700
v 0.108196 0.373409 -0.346791
v 0.161080 0.459008 -0.114104
v 0.104549 0.398953 -0.097496
v 0.110788 0.395618 -0.014478
v 0.214893 0.490524 -0.044827
v 0.138053 0.524941 -0.275755
v 0.136658 0.496685 -0.340492
v 0.169892 0.460421 -0.343662
v 0.131723 0.464105 -0.283770
v 0.282491 0.013267 -0.380127
v 0.268007 -0.020258 -0.360378
v 0.302867 -0.012528 -0.346770
v 0.298269 0.010285 -0.362519
v 0.145077 0.009202 -0.316504
v 0.162715 -0.018820 -0.345821
v 0.154693 0.002914 -0.363234
v 0.142224 0.007560 -0.346932
v 0.247420 0.012700 -0.255558
v 0.210920 -0.025182 -0.320251
v 0.185869 -0.012423 -0.291424
v 0.204519 0.018583 -0.245723
v 0.134161 0.067096 -0.335436
v 0.150796 0.072443 -0.367331
v 0.159563 0.068928 -0.371298
v 0.160644 0.072805 -0.358516
v 0.184071 0.081148 -0.379089
v 0.176916 0.081247 -0.403246
v 0.195561 0.075834 -0.408196
v 0.195076 0.080457 -0.396700
v 0.228906 0.084957 -0.389905
v 0.223524 0.079950 -0.413110
v 0.235564 0.066125 -0.406946
v 0.239135 0.068854 -0.393286
v 0.298178 0.042687 -0.234884
v 0.297536 -0.007091 -0.278861
v 0.289486 0.060204 -0.376475
v 0.287464 0.062558 -0.385809
v 0.288186 0.062710 -0.399163
v 0.285463 0.043073 -0.385123
v 0.360245 0.099192 -0.263608
v 0.311885 0.081279 -0.307680
v 0.306422 0.076635 -0.327468
v 0.339390 0.054863 -0.314337
v 0.161711 0.005268 -0.260296
v 0.181655 0.020749 -0.247269
v 0.327915 0.038617 -0.370266
v 0.311278 0.017543 -0.363397
v 0.320134 0.013552 -0.342771
v 0.328992 0.037183 -0.348309
v 0.169839 0.019792 -0.383278
v 0.197746 -0.020227 -0.362881
v 0.187361 0.009408 -0.390801
v 0.264422 0.008754 -0.389657
v 0.241878 0.014136 -0.399859
v 0.229412 -0.013695 -0.369517
v 0.312337 0.061983 -0.364934
v 0.338892 0.029292 -0.294853
v 0.154082 0.068798 -0.298369
v 0.204966 0.077314 -0.379583
v 0.209161 0.097350 -0.348387
v 0.262489 0.090383 -0.342555
v 0.271149 0.077813 -0.383134
v 0.289558 0.062284 -0.364405
v 0.304313 -0.026890 -0.388719
v 0.286170 0.006349 -0.396533
v 0.286170 0.006349 -0.396533
v 0.291476 0.035431 -0.402839
v 0.282491 0.013267 -0.380127
v 0.322171 0.053038 -0.403673
v 0.336164 0.033163 -0.390578
v 0.317229 0.056631 -0.384947
v 0.325352 -0.020864 -0.392607
v 0.158639 0.013892 -0.401070
v 0.138328 -0.009679 -0.377511
v 0.114791 0.012405 -0.367090
v 0.121705 0.071159 -0.378531
v 0.140616 0.072629 -0.391658
v 0.147286 0.071080 -0.375530
v 0.127601 0.068901 -0.359492
v 0.152602 0.051193 -0.401889
v 0.158639 0.013892 -0.401070
v 0.169839 0.019792 -0.383278
v 0.163968 0.056360 -0.382438
v 0.176263 -0.016982 -0.426653
v 0.149298 0.005817 -0.420830
v 0.149298 0.005817 -0.420830
v 0.137191 0.052719 -0.423120
v 0.169907 0.079752 -0.432417
v 0.185706 0.071689 -0.440570
v 0.186735 0.064559 -0.453474
v 0.194475 -0.004337 -0.451040
v 0.201544 0.026924 -0.398899
v 0.202210 0.059938 -0.405336
v 0.195381 0.014023 -0.443990
v 0.201544 0.026924 -0.398899
v 0.222114 0.004843 -0.401102
v 0.216847 -0.013562 -0.443016
v 0.195381 0.014023 -0.443990
v 0.191952 0.050241 -0.441320
v 0.219154 0.078497 -0.451624
v 0.235691 0.070767 -0.453697
v 0.245885 0.051692 -0.458736
v 0.241449 0.013090 -0.448335
v 0.241878 0.014136 -0.399859
v 0.245462 0.029127 -0.398302
v 0.241280 -0.003918 -0.432736
v 0.265524 -0.022567 -0.426915
v 0.241280 -0.003918 -0.432736
v 0.248719 0.046619 -0.437194
v 0.296901 0.058177 -0.432752
v 0.304461 0.040084 -0.436326
v 0.290890 -0.014720 -0.423828
v 0.308584 -0.024196 -0.412547
v 0.291695 0.001176 -0.414109
v 0.323736 0.043667 -0.418395
v 0.338209 0.027734 -0.408364
v 0.327059 -0.019305 -0.407850
v 0.147234 0.015022 -0.413228
v 0.126976 -0.006708 -0.399504
v 0.105576 0.018055 -0.393648
v 0.117351 0.064207 -0.396262
v 0.132065 0.065784 -0.406265
v 0.143019 0.046257 -0.413630
v 0.147234 0.015022 -0.413228
v 0.163779 -0.000980 -0.461736
v 0.143039 0.006706 -0.453936
v 0.164638 0.069228 -0.453138
v 0.178450 0.063534 -0.458282
v 0.182132 0.050058 -0.465818
v 0.180925 0.020934 -0.468715
v 0.213756 0.006234 -0.470135
v 0.195814 0.017441 -0.468739
v 0.213875 0.068626 -0.470919
v 0.228978 0.063248 -0.472090
v 0.235479 0.046214 -0.477394
v 0.231011 0.017450 -0.471907
v 0.248050 0.007445 -0.459324
v 0.268761 -0.015333 -0.456851
v 0.294152 0.048777 -0.453625
v 0.299708 0.033255 -0.454714
v 0.290206 -0.009155 -0.451807
v 0.260244 0.054734 -0.458354
v 0.279398 0.060095 -0.453929
v 0.279052 0.068512 -0.435932
v 0.254849 0.064019 -0.440241
v 0.254183 0.069259 -0.409293
v 0.275817 0.071297 -0.407371
v 0.252558 0.070204 -0.398367
v 0.294700 0.027746 -0.417782
v 0.309336 0.044774 -0.423581
v 0.306886 0.054549 -0.411986
v 0.303202 0.059494 -0.391691
v 0.296891 0.060021 -0.381285
v 0.197875 0.060019 -0.469267
v 0.196607 0.073329 -0.446889
v 0.204890 0.075982 -0.411728
v 0.208756 0.079821 -0.397653
v 0.143036 0.062044 -0.446293
v 0.148733 0.073708 -0.427924
v 0.162600 0.073290 -0.391037
v 0.166972 0.065077 -0.375541
v 0.165534 0.069469 -0.294259
v 0.219811 0.080687 -0.334913
v 0.109863 0.053687 -0.368298
v 0.104152 0.056231 -0.389285
v 0.125000 0.048498 -0.347733
v 0.127973 0.040801 -0.317954
v 0.140857 0.038041 -0.268157
v 0.150436 0.041433 -0.266821
v 0.171959 0.094605 -0.280359
v 0.165501 0.079154 -0.253494
v 0.166065 0.076301 -0.255469
v 0.159751 0.060556 -0.263305
v 0.166562 0.081385 -0.288307
v 0.313315 0.098487 -0.298258
v 0.266769 0.110147 -0.323787
v 0.267109 0.084813 -0.330636
v 0.292066 0.060459 -0.208086
v 0.364117 0.129052 -0.199677
v 0.355438 0.085945 -0.240171
v 0.338892 0.029292 -0.294853
v 0.320134 0.013552 -0.342771
v 0.311278 0.017543 -0.363397
v 0.325352 -0.020864 -0.392607
v 0.327059 -0.019305 -0.407850
v 0.253719 0.038241 -0.455412
v 0.245918 0.063531 -0.389076
v 0.186544 0.048296 -0.470846
v 0.202632 0.074837 -0.394196
v 0.135660 0.048098 -0.444807
v 0.249630 0.070406 -0.382475
v 0.194475 -0.004337 -0.451040
v 0.180925 0.020934 -0.468715
v 0.241449 0.013090 -0.448335
v 0.231011 0.017450 -0.471907
v 0.290890 -0.014720 -0.423828
v 0.290206 -0.009155 -0.451807
v 0.291695 0.001176 -0.414109
v 0.248050 0.007445 -0.459324
v 0.195814 0.017441 -0.468739
v 0.143039 0.006706 -0.453936
v 0.319578 0.008724 -0.414568
v 0.304081 0.009000 -0.421824
v 0.322569 0.022990 -0.415707
v 0.312235 0.029805 -0.419530
v 0.319578 0.008724 -0.414568
v 0.135790 0.025703 -0.413105
v 0.119318 0.028946 -0.401559
v 0.135790 0.025703 -0.413105
v 0.136705 0.044144 -0.412011
v 0.170675 0.025497 -0.463578
v 0.151538 0.027171 -0.457935
v 0.172303 0.046429 -0.457585
v 0.160840 0.054081 -0.452774
v 0.170675 0.025497 -0.463578
v 0.221027 0.024535 -0.475735
v 0.202119 0.025240 -0.474408
v 0.222421 0.044240 -0.474080
v 0.210122 0.051696 -0.471817
v 0.221027 0.024535 -0.475735
v 0.282782 0.015987 -0.457176
v 0.264633 0.017220 -0.459606
v 0.275914 0.043784 -0.461001
v 0.262844 0.034568 -0.459557
v 0.303315 0.022881 -0.421492
v 0.199733 0.043064 -0.471742
v 0.150089 0.045697 -0.451545
v 0.127771 0.051513 -0.404439
v 0.119345 0.043289 -0.398591
v 0.284374 0.033169 -0.457223
v 0.304081 0.009000 -0.421824
v 0.264633 0.017220 -0.459606
v 0.202119 0.025240 -0.474408
v 0.151538 0.027171 -0.457935
v 0.342287 0.452940 -0.078754
v 0.380295 0.436432 -0.161271
v 0.372020 0.391755 -0.180034
v 0.353467 0.432524 -0.080967
v 0.116660 0.391302 -0.276150
v 0.070103 0.973853 -0.379792
v -0.007225 1.015684 -0.522996
v 0.063628 0.992457 -0.529453
v 0.213904 0.728204 -0.587605
v 0.217833 0.730169 -0.525045
v 0.202135 0.829726 -0.460635
v 0.194786 0.822544 -0.575116
v 0.338809 0.286553 -0.279733
v 0.357193 0.300467 -0.209142
v 0.374532 0.370956 -0.264389
v 0.056884 0.381578 -0.534613
v 0.041942 0.395720 -0.461172
v 0.097566 0.429333 -0.494208
v 0.108599 0.424276 -0.549950
v 0.093281 0.990442 0.447325
v 0.083772 0.969300 0.542823
v 0.039270 1.013776 -0.264355
v 0.258930 0.808686 -0.437831
v 0.275045 0.686652 -0.488414
v 0.368334 0.351381 -0.123881
v 0.239335 0.505715 -0.096509
v 0.200611 0.535811 -0.130949
v 0.214703 0.558050 -0.158817
v 0.162479 0.554678 -0.206937
v 0.245291 0.040582 -0.234272
v 0.040044 0.352162 -0.092394
v 0.032493 0.347126 -0.227649
v 0.057818 0.943076 0.611292
v 0.043301 0.399599 0.437452
v 0.063929 0.307891 0.364287
v 0.047693 0.926253 0.634735
v 0.032119 0.907391 0.653356
v 0.039040 0.383519 -0.442583
v 0.051261 0.349667 -0.014604
v 0.032236 0.840333 0.667557
v 0.054321 0.830788 0.640422
v 0.231619 0.639594 0.306449
v 0.230997 0.593494 0.233128
v 0.188245 0.514305 0.280459
v 0.181496 0.565333 0.328692
v 0.229433 0.595969 0.138840
v 0.202992 0.528927 0.156379
v 0.215456 0.104038 -0.323118
v 0.090847 0.441939 0.429166
v 0.134597 0.388988 0.347884
v 0.036753 0.453533 0.528923
v 0.009620 0.474735 0.585263
v 0.041744 0.363257 -0.296958
v 0.268933 0.613083 -0.127932
v 0.285619 0.508999 -0.078053
v 0.214526 0.471888 -0.143480
v 0.214703 0.558050 -0.158817
v 0.268933 0.613083 -0.127932
v 0.221500 0.608896 -0.111855
v 0.228525 0.643348 -0.115838
v 0.241871 0.602188 -0.004108
v 0.254374 0.602299 -0.062263
v 0.306885 0.448627 -0.056444
v 0.285619 0.508999 -0.078053
v 0.327851 0.518593 -0.091974
v 0.328302 0.427104 -0.051439
v 0.306885 0.448627 -0.056444
v 0.245398 0.407221 -0.149842
v 0.251470 0.372951 -0.148229
v 0.328302 0.427104 -0.051439
v 0.352525 0.350893 -0.097263
v 0.352525 0.350893 -0.097263
v 0.262887 0.296905 -0.144870
v -0.009611 0.801732 0.726659
v 0.012214 0.791698 0.682598
v 0.008435 0.793471 0.677335
v 0.182116 0.837077 0.102577
v 0.214253 0.731024 0.069448
v 0.317251 0.759646 -0.387214
v 0.378420 0.689894 -0.352129
v 0.327676 0.792806 -0.241790
v 0.281662 0.834413 -0.243310
v 0.270964 0.435869 -0.457421
v 0.345772 0.472224 -0.388389
v 0.342240 0.544043 -0.415591
v 0.256465 0.490079 -0.484043
v 0.265789 0.588530 -0.502602
v 0.272170 0.550411 -0.499976
v 0.313343 0.613379 -0.443447
v 0.285921 0.669317 -0.469153
v 0.258874 0.592589 -0.521966
v 0.153800 0.437028 -0.243397
v 0.204967 0.369697 -0.268243
v 0.162479 0.554678 -0.206937
v 0.151957 0.423866 -0.291425
v 0.138053 0.524941 -0.275755
v 0.202415 0.357247 -0.315049
v 0.205915 0.386745 -0.405526
v 0.156614 0.410222 -0.349789
v 0.196011 0.352391 -0.351805
v 0.213195 0.358350 -0.372993
v 0.247165 0.518467 -0.499123
v 0.214299 0.512078 -0.490095
v 0.169225 0.516668 -0.590729
v 0.175974 0.543378 -0.549372
v 0.223290 0.599669 -0.578101
v 0.209518 0.589641 -0.597132
v 0.099589 0.408533 -0.471351
v 0.388865 0.491663 -0.170491
v 0.307658 0.618651 -0.139326
v 0.350571 0.580857 -0.161045
v 0.378970 0.409608 -0.258449
v 0.327471 0.383692 -0.346378
v 0.308745 0.328067 -0.356191
v 0.231435 0.278735 -0.334925
v 0.256330 0.338950 -0.351620
v 0.210658 0.336507 -0.335233
v 0.194940 0.282846 -0.305899
v 0.271133 0.263795 -0.343863
v 0.268933 0.613083 -0.127932
v 0.191903 0.322501 -0.308374
v 0.180333 0.283522 -0.282837
v 0.379672 0.272134 -0.134951
v 0.392499 0.194590 -0.178945
v 0.286670 0.144963 -0.192359
v 0.279645 0.203735 -0.169639
v 0.194947 0.315710 -0.271961
v 0.187638 0.284777 -0.240080
v 0.283703 0.099390 -0.203416
v 0.239550 0.068326 -0.213452
v 0.232393 0.112971 -0.202491
v 0.210567 0.048637 -0.242835
v 0.207746 0.077975 -0.225402
v 0.282782 0.015987 -0.457176
v 0.189584 0.195620 -0.235763
v 0.189617 0.201464 -0.254615
v 0.208042 0.217786 -0.287892
v 0.210214 0.194124 -0.216188
v 0.206377 0.126711 -0.217571
v 0.180796 0.132571 -0.230210
v 0.209894 0.318436 -0.243140
v 0.205559 0.289692 -0.206906
v 0.234172 0.193018 -0.193062
v 0.236294 0.201011 -0.305200
v 0.296827 0.188950 -0.296342
v 0.390432 0.269423 -0.153168
v 0.379672 0.272134 -0.134951
v 0.132676 0.860388 0.605394
v 0.084076 0.841071 0.628923
v 0.168174 0.914836 0.486792
v 0.027668 0.476220 0.531473
v 0.055230 0.497899 0.458329
v 0.267382 0.737232 0.326536
v 0.194413 0.890411 0.422102
v 0.119004 0.539961 0.398996
v 0.164929 0.768410 0.649040
v 0.121737 0.728565 0.686496
v 0.084076 0.841071 0.628923
v 0.132676 0.860388 0.605394
v 0.230948 0.664816 0.321347
v 0.242024 0.644232 0.325939
v 0.303297 0.709331 0.393580
v 0.286185 0.742267 0.369317
v 0.227148 0.653558 0.662408
v 0.228030 0.694024 0.641867
v 0.283378 0.588196 0.609744
v 0.250592 0.566653 0.651149
v 0.209189 0.628289 0.684974
v 0.217563 0.540186 0.683812
v 0.141662 0.383933 0.656962
v 0.149963 0.399494 0.639979
v 0.196880 0.414844 0.670133
v 0.199211 0.396404 0.673563
v 0.168174 0.914836 0.486792
v 0.222911 0.806136 0.575895
v 0.199818 0.793663 0.607538
v 0.119074 0.389000 0.553916
v 0.124199 0.382724 0.547316
v 0.113756 0.361333 0.466296
v 0.100806 0.367286 0.457270
v 0.039740 0.464692 0.468062
v 0.060622 0.487379 0.417355
v 0.055230 0.497899 0.458329
v 0.027668 0.476220 0.531473
v 0.051561 0.450561 0.473529
v 0.072756 0.460144 0.402857
v 0.195469 0.685963 0.672235
v 0.148637 0.673325 0.696850
v 0.118925 0.213776 0.581166
v 0.116854 0.153059 0.578757
v 0.143443 0.145830 0.551227
v 0.144921 0.210206 0.528598
v 0.159441 0.116819 0.688512
v 0.116854 0.153059 0.578757
v 0.118925 0.213776 0.581166
v 0.154718 0.224292 0.671039
v 0.265495 0.090108 0.655269
v 0.235282 0.077202 0.697419
v 0.238062 0.117048 0.682747
v 0.270954 0.124791 0.646932
v 0.278555 0.096341 0.615868
v 0.276020 0.132717 0.615641
v 0.199054 0.229192 0.686159
v 0.199702 0.114735 0.705008
v 0.268536 -0.025584 0.484497
v 0.299394 -0.010601 0.508497
v 0.298041 -0.016330 0.486658
v 0.289171 -0.011875 0.472783
v 0.148025 -0.024628 0.473170
v 0.161569 -0.017831 0.443723
v 0.146816 -0.002200 0.446939
v 0.128123 -0.004519 0.473405
v 0.307312 0.048116 0.546219
v 0.293953 0.012622 0.553579
v 0.278094 0.038853 0.580959
v 0.290901 0.066566 0.574642
v 0.175770 0.069936 0.450204
v 0.145717 0.070616 0.453575
v 0.178754 0.064081 0.441811
v 0.199200 0.085394 0.428481
v 0.214111 0.076744 0.429936
v 0.220615 0.073100 0.441723
v 0.195346 0.090469 0.443646
v 0.242046 0.078678 0.434994
v 0.253785 0.063881 0.440896
v 0.255901 0.059383 0.455738
v 0.237307 0.085723 0.450936
v 0.289454 0.037258 0.471120
v 0.287607 0.048987 0.480233
v 0.291528 0.054643 0.467577
v 0.285870 0.089744 0.539195
v 0.275672 0.072387 0.511779
v 0.301710 0.069461 0.523462
v 0.310847 0.006296 0.496938
v 0.310918 0.002835 0.522223
v 0.316749 0.037230 0.519175
v 0.318286 0.036810 0.496378
v 0.196323 -0.030190 0.467329
v 0.186127 -0.006583 0.433631
v 0.274444 -0.009611 0.459454
v 0.260926 0.003602 0.445919
v 0.271756 0.082813 0.495145
v 0.251132 -0.012440 0.553384
v 0.281313 -0.002043 0.558279
v 0.303289 0.057709 0.499266
v 0.129207 0.009237 0.506468
v 0.147091 -0.009262 0.526373
v 0.176977 -0.013442 0.538317
v 0.175865 0.087838 0.467065
v 0.145651 0.080950 0.472336
v 0.219182 0.081187 0.452313
v 0.213870 0.087282 0.470849
v 0.194675 0.094474 0.466040
v 0.254614 0.065118 0.470319
v 0.250219 0.084874 0.489436
v 0.230065 0.094806 0.468174
v 0.282221 0.055143 0.492911
v 0.279554 0.072386 0.471093
v 0.295426 -0.009683 0.458759
v 0.305760 -0.017445 0.473471
v 0.299305 0.034351 0.459183
v 0.289454 0.037258 0.471120
v 0.289171 -0.011875 0.472783
v 0.295426 -0.009683 0.458759
v 0.327263 0.038405 0.481607
v 0.318286 0.036810 0.496378
v 0.309637 0.055878 0.485473
v 0.319261 0.055798 0.470897
v 0.321537 0.001562 0.480393
v 0.310847 0.006296 0.496938
v 0.159795 -0.020786 0.420015
v 0.180940 -0.006138 0.415520
v 0.141164 -0.001160 0.422226
v 0.166218 0.070392 0.421124
v 0.170452 0.062618 0.435026
v 0.150528 0.064701 0.439046
v 0.146583 0.067364 0.424465
v 0.180940 -0.006138 0.415520
v 0.186127 -0.006583 0.433631
v 0.180235 0.053631 0.434479
v 0.175847 0.051507 0.415203
v 0.205866 -0.010811 0.434869
v 0.200894 -0.020432 0.403759
v 0.181807 -0.008427 0.399734
v 0.176325 0.052610 0.398883
v 0.181807 -0.008427 0.399734
v 0.212350 0.075707 0.404011
v 0.214111 0.076744 0.429936
v 0.199200 0.085394 0.428481
v 0.198546 0.085865 0.403863
v 0.219447 -0.006657 0.403240
v 0.223826 0.003907 0.433835
v 0.220768 0.059411 0.433650
v 0.219306 0.051713 0.403485
v 0.223826 0.003907 0.433835
v 0.239735 -0.006368 0.439191
v 0.246064 -0.019477 0.408409
v 0.225729 -0.006437 0.401016
v 0.221358 0.043027 0.401505
v 0.225729 -0.006437 0.401016
v 0.242046 0.078678 0.434994
v 0.246318 0.070248 0.409210
v 0.261567 0.057260 0.412162
v 0.253785 0.063881 0.440896
v 0.267507 -0.007876 0.412213
v 0.260926 0.003602 0.445919
v 0.257418 0.046890 0.447756
v 0.269076 0.032752 0.414038
v 0.285263 -0.018391 0.432559
v 0.270775 -0.005874 0.423335
v 0.272726 0.035924 0.424136
v 0.270775 -0.005874 0.423335
v 0.291528 0.054643 0.467577
v 0.306233 0.058745 0.441350
v 0.306774 0.035769 0.444700
v 0.302557 -0.010745 0.441332
v 0.316929 -0.013971 0.456423
v 0.306322 -0.004878 0.447587
v 0.334833 0.038119 0.467216
v 0.325439 0.051618 0.459794
v 0.328513 0.006128 0.465844
v 0.174032 -0.001743 0.403306
v 0.157153 -0.014284 0.403724
v 0.145399 0.008992 0.409571
v 0.147871 0.065208 0.409365
v 0.163584 0.067549 0.407270
v 0.171522 0.049068 0.402133
v 0.174032 -0.001743 0.403306
v 0.199772 -0.013851 0.380866
v 0.185472 -0.001453 0.377174
v 0.200360 0.075924 0.384678
v 0.214570 0.066084 0.382825
v 0.222054 0.039281 0.379396
v 0.213857 -0.001032 0.382058
v 0.249403 -0.017409 0.389481
v 0.233988 -0.004801 0.385642
v 0.249115 0.055341 0.387350
v 0.262024 0.042456 0.393080
v 0.267953 0.022072 0.393484
v 0.264913 -0.005310 0.392768
v 0.294413 -0.015901 0.415504
v 0.281525 -0.007377 0.410867
v 0.312546 0.047290 0.421191
v 0.314514 0.030021 0.425839
v 0.309109 -0.002190 0.422582
v 0.300814 0.053167 0.418316
v 0.293737 0.065506 0.436001
v 0.278206 0.055359 0.429023
v 0.285839 0.042415 0.414391
v 0.283686 0.066612 0.458156
v 0.265873 0.057314 0.451105
v 0.265873 0.057314 0.451105
v 0.283686 0.066612 0.458156
v 0.314839 0.047198 0.452742
v 0.307132 0.049603 0.462185
v 0.306498 0.031686 0.448703
v 0.298677 0.048291 0.476151
v 0.298677 0.048291 0.476151
v 0.232475 0.064536 0.406265
v 0.234248 0.051391 0.386999
v 0.229928 0.071030 0.432617
v 0.229928 0.071030 0.432617
v 0.183854 0.077650 0.400288
v 0.185490 0.070366 0.381839
v 0.185759 0.072630 0.429739
v 0.185759 0.072630 0.429739
v 0.192288 0.109079 0.488286
v 0.139398 0.041086 0.424906
v 0.139320 0.045532 0.411403
v 0.142207 0.031423 0.441600
v 0.130318 0.027600 0.463922
v 0.142207 0.031423 0.441600
v 0.150528 0.064701 0.439046
v 0.126870 0.043831 0.494558
v 0.146967 0.097276 0.491932
v 0.191201 0.128095 0.496525
v 0.147771 0.119947 0.513348
v 0.129245 0.052343 0.600579
v 0.170200 0.010444 0.626170
v 0.170006 0.024417 0.564609
v 0.135866 0.046813 0.539679
v 0.219192 0.019461 0.574222
v 0.208930 0.006159 0.628910
v 0.259768 0.023116 0.587765
v 0.252959 0.019796 0.630763
v 0.268592 0.043624 0.622066
v 0.273768 0.113878 0.560671
v 0.246505 0.125731 0.511637
v 0.247292 0.107562 0.503860
v 0.125858 0.070376 0.524621
v 0.133220 0.092581 0.566398
v 0.129245 0.052343 0.600579
v 0.135866 0.046813 0.539679
v 0.129207 0.009237 0.506468
v 0.128123 -0.004519 0.473405
v 0.146816 -0.002200 0.446939
v 0.146816 -0.002200 0.446939
v 0.141164 -0.001160 0.422226
v 0.321537 0.001562 0.480393
v 0.328513 0.006128 0.465844
v 0.280392 0.024492 0.410393
v 0.257418 0.046890 0.447756
v 0.228055 0.030447 0.385206
v 0.220768 0.059411 0.433650
v 0.177275 0.046921 0.376027
v 0.180235 0.053631 0.434479
v 0.170452 0.062618 0.435026
v 0.309637 0.055878 0.485473
v 0.219447 -0.006657 0.403240
v 0.213857 -0.001032 0.382058
v 0.267507 -0.007876 0.412213
v 0.264913 -0.005310 0.392768
v 0.233199 -0.018407 0.469018
v 0.309109 -0.002190 0.422582
v 0.302557 -0.010745 0.441332
v 0.306322 -0.004878 0.447587
v 0.281525 -0.007377 0.410867
v 0.233988 -0.004801 0.385642
v 0.185472 -0.001453 0.377174
v 0.145399 0.008992 0.409571
v 0.315477 0.011768 0.442874
v 0.322743 0.040544 0.447226
v 0.331878 0.032809 0.452877
v 0.328588 0.011925 0.452832
v 0.147383 0.017644 0.398344
v 0.166632 0.046271 0.397818
v 0.164943 0.014584 0.396914
v 0.190200 0.012077 0.371923
v 0.199905 0.062649 0.375066
v 0.214790 0.048735 0.377229
v 0.212592 0.016964 0.374510
v 0.239934 -0.001268 0.379147
v 0.247936 0.042256 0.387986
v 0.258583 0.030307 0.389853
v 0.258794 0.002308 0.384308
v 0.292463 0.007186 0.404904
v 0.312208 0.034433 0.414728
v 0.310543 0.010304 0.411347
v 0.292020 0.029727 0.408010
v 0.302165 0.043918 0.409939
v 0.316984 0.029013 0.445253
v 0.238258 0.034811 0.384172
v 0.187990 0.048723 0.374072
v 0.145550 0.047460 0.399637
v 0.155838 0.061098 0.397873
v 0.315477 0.011768 0.442874
v 0.292463 0.007186 0.404904
v 0.239934 -0.001268 0.379147
v 0.190200 0.012077 0.371923
v 0.147383 0.017644 0.398344
v 0.273952 0.233143 0.638770
v 0.287709 0.219864 0.592461
v 0.235283 0.235669 0.676851
v 0.122811 0.082974 0.620007
v 0.155416 0.075475 0.703439
v 0.122811 0.082974 0.620007
v 0.193417 0.071477 0.717264
v 0.273794 0.211507 0.554718
v 0.268357 0.144733 0.572206
v 0.247049 0.148824 0.513073
v 0.152260 0.022311 0.661418
v 0.129369 0.048452 0.653194
v 0.201579 0.012779 0.665671
v 0.247754 0.021601 0.668259
v 0.259217 0.045148 0.661865
v 0.154203 0.047028 0.694379
v 0.197033 0.036983 0.702368
v 0.129369 0.048452 0.653194
v 0.215932 0.317596 0.366321
v 0.233038 0.345153 0.353242
v 0.199153 0.336908 0.343735
v 0.200188 0.312472 0.369517
v 0.194992 0.337372 0.695685
v 0.142424 0.327400 0.676126
v 0.241350 0.407669 0.683080
v 0.236189 0.428312 0.654480
v 0.276851 0.450706 0.601879
v 0.276843 0.489600 0.620577
v 0.300720 0.502568 0.558277
v 0.287584 0.454260 0.537373
v 0.243082 0.479506 0.661818
v 0.255120 0.562989 0.316494
v 0.251941 0.474577 0.326812
v 0.311867 0.496049 0.385297
v 0.313123 0.605424 0.373431
v 0.181496 0.565333 0.328692
v 0.190833 0.601413 0.345873
v 0.231619 0.639594 0.306449
v 0.195285 0.581445 0.327856
v 0.186750 0.500997 0.309332
v 0.185589 0.439630 0.314098
v 0.247074 0.351987 0.392145
v 0.229815 0.311191 0.411476
v 0.194134 0.199957 0.480388
v 0.250442 0.211835 0.504755
v 0.238055 0.269802 0.460778
v 0.189634 0.262103 0.438551
v 0.100704 0.305663 0.574928
v 0.101343 0.355755 0.572454
v 0.237213 0.039670 0.693118
v 0.189384 0.462978 0.672838
v 0.178237 0.498313 0.697704
v 0.164343 0.603263 0.699399
v 0.277653 0.422461 0.532965
v 0.273215 0.432649 0.602404
v 0.192267 0.149004 0.495892
v 0.155165 0.146986 0.508209
v 0.152187 0.344399 0.357811
v 0.191949 0.378981 0.318410
v 0.150654 0.379244 0.336638
v 0.294348 0.730201 0.528800
v 0.257153 0.790055 0.521260
v 0.295256 0.342356 0.622445
v 0.303912 0.325519 0.565577
v 0.255113 0.348932 0.687043
v 0.125090 0.300960 0.513960
v 0.100704 0.305663 0.574928
v 0.280773 0.327971 0.489725
v 0.274792 0.288208 0.518238
v 0.300629 0.381476 0.549550
v 0.124199 0.382724 0.547316
v 0.290069 0.405751 0.620097
v 0.289211 0.435209 0.452870
v 0.308287 0.490792 0.486307
v 0.077145 0.392223 0.452151
v 0.092984 0.417044 0.552647
v 0.238888 0.448945 0.650634
v 0.092984 0.417044 0.552647
v 0.110173 0.432345 0.627193
v 0.140627 0.403149 0.631162
v 0.119074 0.389000 0.553916
v 0.195980 0.427561 0.673046
v 0.152711 0.205397 0.493643
v 0.132222 0.274691 0.456968
v 0.295725 0.595391 0.573667
v 0.313425 0.618276 0.487332
v 0.111619 0.373874 0.386543
v 0.130966 0.358546 0.401727
v 0.144770 0.332872 0.407757
v 0.163791 0.321500 0.375495
v 0.170290 0.295962 0.406911
v 0.202566 0.287687 0.398420
v 0.090014 0.412888 0.378497
v 0.246294 0.397163 0.343577
v 0.287251 0.384086 0.464376
v 0.267382 0.737232 0.326536
v 0.194413 0.890411 0.422102
v 0.219248 -0.016243 0.533542
v 0.146576 0.017348 0.533814
v 0.172816 0.016153 0.553360
v 0.213029 0.009502 0.551638
v 0.247419 0.010169 0.574913
v 0.267238 0.020623 0.576717
v 0.135859 0.427706 0.346760
v 0.105111 0.336064 0.493536
v 0.269987 0.410673 0.385232
v 0.126225 0.470349 0.345880
v 0.132048 0.546858 0.403467
v 0.119004 0.539961 0.398996
v 0.101343 0.355755 0.572454
v -0.010315 0.813841 0.727578
v 0.195738 0.436833 -0.446732
v 0.205126 0.441865 -0.461905
v 0.263388 0.418380 -0.446561
v 0.333233 0.440849 -0.378227
v 0.394841 0.483829 -0.289916
v 0.401080 0.513454 -0.303186
v 0.259728 0.372285 -0.386013
v 0.253759 0.388887 -0.414481
v 0.329417 0.411039 -0.365907
v 0.385435 0.437380 -0.273086
v 0.398791 0.604168 -0.341943
v 0.206480 0.460452 -0.472806
v 0.224457 0.536823 -0.547846
v 0.169804 0.447841 -0.368300
v 0.180206 0.430561 -0.466527
v 0.176331 0.430268 -0.392573
v 0.151948 0.489298 -0.531915
v 0.154267 0.459112 -0.500596
v 0.051358 0.348363 -0.336106
v 0.109644 0.397079 -0.173379
v 0.394841 0.483829 -0.289916
v 0.333233 0.440849 -0.378227
v 0.263388 0.418380 -0.446561
v 0.195738 0.436833 -0.446732
v 0.136658 0.496685 -0.340492
v 0.226144 0.706230 -0.040404
v 0.238023 0.689298 -0.075884
v 0.396769 0.545147 -0.194556
v 0.376341 0.689866 -0.221734
v 0.394685 0.594181 -0.199562
v 0.396769 0.545147 -0.194556
v 0.342885 0.638387 -0.148511
v 0.287544 0.681591 -0.116052
v 0.249787 0.720992 -0.112588
v 0.302475 0.718411 -0.151196
v 0.307658 0.618651 -0.139326
v 0.350571 0.580857 -0.161045
v 0.120646 0.512128 0.369286
v 0.046669 0.804702 0.666958
v 0.032236 0.840333 0.667557
v 0.054321 0.830788 0.640422
v 0.146292 0.450381 0.672427
v 0.015214 0.767341 0.693681
v 0.071381 0.777356 0.683915
v 0.015214 0.767341 0.693681
v 0.008435 0.793471 0.677335
v 0.046669 0.804702 0.666958
v 0.054321 0.830788 0.640422
v 0.083121 0.684433 0.706229
v 0.027312 0.658534 0.712783
v 0.027312 0.658534 0.712783
v 0.097554 0.641399 0.709136
v 0.029926 0.619978 0.713145
v 0.029926 0.619978 0.713145
v 0.053113 0.491679 0.598116
v 0.022245 0.499658 0.636854
v 0.022245 0.499658 0.636854
v 0.098419 0.562951 0.697485
v 0.020162 0.573539 0.704429
v 0.020162 0.573539 0.704429
v 0.019630 0.525462 0.682155
v 0.022245 0.499658 0.636854
v 0.066553 0.508303 0.659357
v 0.019630 0.525462 0.682155
v 0.053113 0.491679 0.598116
v 0.022245 0.499658 0.636854
v 0.263225 0.723876 0.598797
v 0.339443 0.203075 -0.262248
v 0.324192 0.149963 -0.291132
v 0.400135 0.198762 -0.201293
v 0.211861 0.115519 -0.316001
v 0.271786 0.123015 -0.318419
v 0.281390 0.143592 -0.308046
v 0.222895 0.145758 -0.308986
v 0.192410 0.147285 -0.273405
v 0.176425 0.142809 -0.253292
v 0.392499 0.194590 -0.178945
v 0.214923 0.769678 -0.090545
v 0.246659 0.787783 -0.148831
v 0.093818 0.964402 0.234497
v 0.076224 0.946844 0.137101
v 0.186614 0.910565 -0.386212
v 0.160221 0.923598 -0.537034
v 0.211398 0.059250 0.353958
v 0.215323 0.028578 0.359802
v 0.212592 0.016964 0.374510
v 0.214790 0.048735 0.377229
v 0.213355 0.034098 0.326047
v 0.214701 0.017118 0.335616
v 0.205211 -0.016031 0.317188
v 0.205083 -0.017103 0.319995
v 0.199905 0.062649 0.375066
v 0.200582 0.067724 0.347738
v 0.204513 0.038206 0.318668
v 0.195774 0.007800 0.334178
v 0.195774 0.007800 0.334178
v 0.188755 0.019118 0.355919
v 0.188755 0.019118 0.355919
v 0.190200 0.012077 0.371923
v 0.190200 0.012077 0.371923
v 0.188755 0.019118 0.355919
v 0.192067 0.053757 0.348124
v 0.187990 0.048723 0.374072
v 0.195774 0.007800 0.334178
v 0.196436 0.026006 0.322700
v 0.205083 -0.017103 0.319995
v 0.163844 0.038985 0.375145
v 0.163665 0.013445 0.382816
v 0.164943 0.014584 0.396914
v 0.166632 0.046271 0.397818
v 0.160437 0.013349 0.351076
v 0.161033 0.002459 0.360311
v 0.151106 -0.016596 0.348406
v 0.151865 -0.017274 0.350506
v 0.155383 0.053015 0.370730
v 0.155838 0.061098 0.397873
v 0.154148 0.019163 0.346842
v 0.151865 -0.017274 0.350506
v 0.147254 0.003256 0.358767
v 0.161033 0.002459 0.360311
v 0.143740 0.014922 0.381924
v 0.163665 0.013445 0.382816
v 0.161033 0.002459 0.360311
v 0.147383 0.017644 0.398344
v 0.164943 0.014584 0.396914
v 0.163665 0.013445 0.382816
v 0.145990 0.047407 0.371712
v 0.145550 0.047460 0.399637
v 0.148157 0.014538 0.349550
v 0.264211 0.043195 0.370206
v 0.263909 0.010501 0.369523
v 0.258794 0.002308 0.384308
v 0.258583 0.030307 0.389853
v 0.267119 0.027615 0.343008
v 0.264643 0.008879 0.349310
v 0.264096 -0.014591 0.331903
v 0.263885 -0.015967 0.335503
v 0.253813 0.055287 0.366038
v 0.247936 0.042256 0.387986
v 0.262480 0.037548 0.336828
v 0.239934 -0.001268 0.379147
v 0.245045 0.020612 0.362983
v 0.244712 0.043529 0.365174
v 0.238258 0.034811 0.384172
v 0.252670 0.016366 0.344889
v 0.255394 0.030872 0.339932
v 0.263885 -0.015967 0.335503
v 0.264643 0.008879 0.349310
v 0.263909 0.010501 0.369523
v 0.258794 0.002308 0.384308
v 0.321843 0.038044 0.395625
v 0.320782 0.014137 0.398349
v 0.310543 0.010304 0.411347
v 0.312208 0.034433 0.414728
v 0.329001 0.023350 0.374990
v 0.323658 0.006698 0.384780
v 0.325401 -0.015022 0.368593
v 0.324899 -0.016769 0.371532
v 0.313332 0.047385 0.389571
v 0.302165 0.043918 0.409939
v 0.322789 0.028243 0.371458
v 0.292463 0.007186 0.404904
v 0.300140 0.018796 0.388794
v 0.303373 0.039104 0.388173
v 0.292020 0.029727 0.408010
v 0.312332 0.009945 0.375621
v 0.314267 0.022563 0.372125
v 0.324899 -0.016769 0.371532
v 0.323658 0.006698 0.384780
v 0.320782 0.014137 0.398349
v 0.310543 0.010304 0.411347
v 0.331878 0.032809 0.452877
v 0.341330 0.029961 0.431762
v 0.337795 0.008012 0.437324
v 0.328588 0.011925 0.452832
v 0.347897 0.013956 0.415530
v 0.344331 0.001967 0.423402
v 0.345368 -0.013376 0.410565
v 0.344169 -0.014758 0.412795
v 0.333898 0.037612 0.426516
v 0.322743 0.040544 0.447226
v 0.344709 0.019255 0.409713
v 0.315477 0.011768 0.442874
v 0.323545 0.013207 0.428238
v 0.327983 0.027751 0.426779
v 0.316984 0.029013 0.445253
v 0.335553 0.004921 0.416919
v 0.338081 0.013371 0.412778
v 0.344169 -0.014758 0.412795
v 0.344331 0.001967 0.423402
v 0.337795 0.008012 0.437324
v 0.328588 0.011925 0.452832
v 0.164943 0.014584 0.396914
v 0.212592 0.016964 0.374510
v 0.258794 0.002308 0.384308
v 0.310543 0.010304 0.411347
v 0.328588 0.011925 0.452832
v 0.355438 0.085945 -0.240171
v 0.102572 0.985114 0.347785
v 0.059264 0.323485 0.082352
v 0.127993 0.382342 0.077474
v 0.146363 0.351624 0.273478
v 0.070161 0.283624 0.293524
v 0.139944 0.359509 0.171447
v 0.062488 0.296887 0.186427
v 0.174485 0.877850 -0.141094
v 0.105051 0.913016 -0.144518
v 0.224990 0.917087 -0.272303
v 0.262329 0.882108 -0.255845
v 0.213202 0.765327 0.010561
v 0.225895 0.590095 0.044156
v 0.206884 0.835699 -0.147792
v 0.191059 0.813958 -0.085496
v 0.206374 0.495115 0.061112
v 0.159874 0.868953 -0.070035
v 0.084077 0.940718 -0.048650
v 0.175058 0.842398 0.032935
v 0.080266 0.945319 0.059193
v 0.381965 0.140771 -0.246521
v 0.382014 0.170506 -0.193988
v 0.389430 0.166846 -0.217796
v 0.364117 0.129052 -0.199677
v 0.187858 0.075991 -0.230714
v 0.188347 0.051624 -0.241489
v 0.382014 0.170506 -0.193988
v 0.309362 0.115462 -0.291818
v 0.008199 0.514466 -1.078262
v 0.008280 0.513631 -1.084819
v -0.005751 0.516972 -1.083993
v -0.004785 0.520693 -1.075085
v -0.023079 0.548746 -1.050296
v -0.019010 0.544960 -1.051115
v -0.032357 0.543888 -1.062239
v -0.038609 0.548449 -1.055682
v -0.013955 0.534460 -1.073279
v -0.020953 0.531000 -1.074796
v -0.012713 0.542441 -1.062171
v -0.029343 0.539214 -1.077919
v -0.027671 0.561586 -1.079729
v -0.036992 0.572181 -1.059777
v -0.004785 0.520693 -1.075085
v -0.008446 0.544340 -1.072099
v 0.007917 0.538770 -1.075245
v 0.008199 0.514466 -1.078262
v 0.008280 0.513631 -1.084819
v 0.008175 0.531516 -1.091833
v -0.006451 0.529241 -1.091797
v -0.005751 0.516972 -1.083993
v -0.010924 0.513714 -1.075065
v -0.012507 0.511460 -1.079455
v -0.019705 0.532001 -1.088420
v -0.013955 0.534460 -1.073279
v -0.030858 0.543437 -1.046728
v -0.032770 0.567117 -1.024609
v -0.034990 0.560490 -1.033426
v -0.036885 0.556700 -1.017338
v -0.020953 0.531000 -1.074796
v -0.051365 0.577090 -1.009361
v -0.056451 0.594150 -0.965064
v -0.038486 0.581017 -0.969433
v -0.038548 0.569406 -1.004126
v -0.036885 0.556700 -1.017338
v -0.047260 0.566135 -1.030796
v -0.016131 0.504991 -1.028304
v -0.027895 0.502535 -1.029969
v -0.026251 0.494709 -1.036150
v -0.013829 0.500079 -1.035144
v -0.005151 0.464339 -1.036978
v -0.014930 0.477728 -1.056474
v -0.020799 0.480524 -1.046888
v -0.021714 0.479697 -1.024575
v 0.001896 0.485535 -1.060445
v -0.001387 0.483506 -1.043002
v -0.007491 0.485195 -1.050678
v -0.011324 0.482109 -1.052612
v 0.003123 0.483336 -1.066244
v 0.001896 0.485535 -1.060445
v -0.002313 0.481532 -1.065870
v -0.000661 0.472982 -1.059217
v -0.007845 0.483625 -1.065980
v -0.011324 0.482109 -1.052612
v -0.025163 0.514030 -1.031140
v -0.034120 0.522736 -1.010229
v -0.026222 0.524245 -1.018799
v -0.040642 0.560668 -0.936494
v -0.038543 0.548793 -0.958233
v -0.035834 0.564621 -0.957429
v -0.035413 0.576911 -0.947653
v -0.035526 0.543890 -0.989012
v -0.031066 0.560455 -0.985305
v -0.027134 0.545832 -0.994354
v -0.027955 0.531781 -1.017897
v -0.013226 0.482977 -1.050530
v -0.036487 0.589470 -0.971198
v -0.021629 0.561275 -0.954752
v -0.028681 0.577150 -0.952603
v -0.057532 0.632474 -0.901201
v -0.059022 0.611576 -0.918817
v -0.058385 0.608283 -0.938585
v -0.058562 0.629623 -0.935605
v -0.042613 0.606114 -0.942093
v -0.042367 0.609301 -0.918530
v -0.008831 0.550156 -1.062917
v -0.031027 0.502524 -1.043674
v -0.026187 0.526543 -1.051028
v -0.022931 0.523486 -1.055426
v -0.031027 0.502524 -1.043674
v -0.022931 0.523486 -1.055426
v -0.026169 0.520014 -1.064231
v -0.031027 0.502524 -1.043674
v -0.033720 0.521915 -1.064011
v -0.033900 0.526185 -1.057603
v -0.031027 0.502524 -1.043674
v -0.033900 0.526185 -1.057603
v -0.026187 0.526543 -1.051028
v -0.034990 0.560490 -1.033426
v -0.035669 0.577533 -0.996109
v -0.038548 0.569406 -1.004126
v -0.038486 0.581017 -0.969433
v -0.036487 0.589470 -0.971198
v -0.031027 0.502524 -1.043674
v -0.026169 0.520014 -1.064231
v -0.033720 0.521915 -1.064011
v -0.012397 0.497634 -1.059478
v -0.015149 0.505024 -1.051981
v -0.018424 0.512509 -1.071526
v -0.015763 0.494539 -1.062170
v -0.012397 0.497634 -1.059478
v -0.018424 0.512509 -1.071526
v -0.022587 0.502611 -1.053890
v -0.020348 0.495237 -1.060972
v -0.018424 0.512509 -1.071526
v -0.015149 0.505024 -1.051981
v -0.022587 0.502611 -1.053890
v -0.018424 0.512509 -1.071526
v -0.025163 0.514030 -1.031140
v -0.016131 0.504991 -1.028304
v -0.026222 0.524245 -1.018799
v -0.020348 0.495237 -1.060972
v -0.015763 0.494539 -1.062170
v -0.018424 0.512509 -1.071526
v -0.051014 0.608855 -0.907399
v -0.049235 0.595121 -0.912657
v -0.038793 0.602066 -0.908669
v -0.035237 0.613177 -0.902043
v -0.045619 0.579363 -0.902309
v -0.050416 0.609543 -0.886865
v -0.036686 0.535290 -0.974441
v -0.022403 0.557128 -0.939276
v -0.026866 0.583038 -0.905972
v -0.021629 0.561275 -0.954752
v -0.034954 0.615199 -0.944575
v -0.035685 0.594476 -0.994373
v -0.031674 0.580925 -1.036509
v -0.019507 0.562139 -1.054548
v -0.023079 0.548746 -1.050296
v -0.049881 0.595286 -1.010560
v -0.058152 0.616850 -0.970868
v -0.042613 0.606114 -0.942093
v -0.030858 0.543437 -1.046728
v -0.010924 0.513714 -1.075065
v -0.004949 0.513726 -1.076323
v -0.005582 0.511299 -1.080979
v -0.012507 0.511460 -1.079455
v -0.011481 0.555253 -1.090703
v -0.006451 0.529241 -1.091797
v -0.010924 0.513714 -1.075065
v -0.012507 0.511460 -1.079455
v -0.019705 0.532001 -1.088420
v -0.026900 0.493482 -1.014612
v -0.011619 0.501982 -1.024318
v -0.018968 0.528515 -0.983618
v -0.020397 0.536160 -0.989727
v -0.031066 0.560455 -0.985305
v -0.027134 0.545832 -0.994354
v -0.013829 0.500079 -1.035144
v -0.007084 0.488032 -1.047267
v -0.013226 0.482977 -1.050530
v -0.032517 0.515415 -0.995968
v -0.012713 0.542441 -1.062171
v -0.019010 0.544960 -1.051115
v -0.012713 0.542441 -1.062171
v -0.020953 0.531000 -1.074796
v -0.032357 0.543888 -1.062239
v -0.029343 0.539214 -1.077919
v -0.032357 0.543888 -1.062239
v -0.019010 0.544960 -1.051115
v -0.020953 0.531000 -1.074796
v -0.029343 0.539214 -1.077919
v 0.008334 0.460801 -1.041236
v 0.008407 0.471799 -1.057969
v 0.008306 0.484519 -1.060557
v 0.008396 0.480783 -1.065253
v -0.019010 0.544960 -1.051115
v -0.042367 0.609301 -0.918530
v -0.045200 0.584338 -1.034552
v 0.008175 0.531516 -1.091833
v 0.007984 0.553552 -1.094901
v -0.038793 0.602066 -0.908669
v -0.028681 0.577150 -0.952603
v 0.008306 0.484519 -1.060557
v 0.008192 0.479672 -1.045871
v -0.032776 0.618046 -0.884800
v -0.035237 0.613177 -0.902043
v -0.007084 0.488032 -1.047267
v -0.013829 0.500079 -1.035144
v -0.013226 0.482977 -1.050530
v -0.007084 0.488032 -1.047267
v -0.026251 0.494709 -1.036150
v -0.020799 0.480524 -1.046888
v -0.013829 0.500079 -1.035144
v -0.026251 0.494709 -1.036150
v -0.020799 0.480524 -1.046888
v -0.013226 0.482977 -1.050530
v -0.004949 0.513726 -1.076323
v -0.004785 0.520693 -1.075085
v -0.005751 0.516972 -1.083993
v -0.005582 0.511299 -1.080979
v -0.005582 0.511299 -1.080979
v -0.015415 0.599351 -1.040076
v -0.020090 0.621148 -0.999245
v 0.006140 0.627339 -0.996663
v 0.006931 0.597440 -1.040408
v 0.007524 0.569547 -1.068188
v -0.006824 0.569302 -1.067802
v -0.017967 0.639325 -0.931151
v 0.005212 0.644879 -0.929316
v -0.015891 0.638304 -0.866041
v 0.004443 0.645200 -0.860313
v -0.032776 0.618046 -0.884800
v -0.015891 0.638304 -0.866041
v -0.016052 0.647127 -0.823255
v 0.004001 0.650223 -0.825172
v 0.004443 0.645200 -0.860313
v -0.022801 0.618056 -0.860188
v 0.006003 0.552802 -0.915828
v 0.005136 0.587809 -0.869990
v 0.007831 0.493363 -1.025945
v 0.006883 0.518676 -0.963786
v -0.013766 0.638833 -0.811102
v 0.003821 0.639433 -0.798950
v -0.035237 0.613177 -0.902043
v -0.051014 0.608855 -0.907399
v -0.035237 0.613177 -0.902043
v -0.050416 0.609543 -0.886865
v -0.004949 0.513726 -1.076323
v -0.027955 0.531781 -1.017897
v 0.008179 0.492025 -1.056018
v -0.004594 0.498468 -1.047330
v -0.005317 0.511748 -1.029440
v 0.007785 0.503464 -1.031039
v 0.006036 0.559824 -0.925273
v 0.006720 0.535871 -0.964925
v -0.011106 0.545700 -0.963753
v -0.012016 0.570958 -0.925912
v -0.000652 0.499749 -1.057785
v 0.008191 0.495311 -1.060098
v 0.007738 0.516187 -1.038525
v -0.000937 0.521415 -1.039639
v 0.000113 0.565418 -0.975726
v 0.006585 0.559641 -0.974579
v 0.005889 0.585273 -0.935438
v -0.004192 0.592321 -0.938361
v 0.008275 0.490738 -1.063537
v -0.001510 0.493497 -1.061435
v -0.001510 0.493497 -1.061435
v 0.008275 0.490738 -1.063537
v -0.008385 0.502717 -1.050769
v -0.014429 0.521449 -1.034032
v -0.024742 0.558060 -0.968139
v -0.025914 0.583774 -0.931116
v -0.006457 0.505288 -1.050353
v -0.011719 0.521201 -1.033799
v -0.018125 0.566868 -0.973798
v -0.019138 0.593048 -0.936887
v 0.007287 0.523136 -1.004293
v -0.007520 0.530391 -1.002416
v -0.000664 0.545766 -1.011615
v 0.007186 0.540143 -1.010869
v -0.019866 0.539889 -1.007217
v -0.013309 0.546389 -1.009333
v -0.012473 0.585110 -0.878824
v 0.005389 0.570268 -0.876570
v -0.005838 0.607084 -0.888871
v 0.005202 0.602604 -0.889536
v -0.026518 0.597753 -0.882069
v -0.019744 0.607521 -0.887057
v -0.012353 0.593800 -0.844183
v 0.004807 0.585597 -0.838249
v -0.007836 0.613325 -0.846379
v 0.004681 0.608837 -0.848342
v -0.023215 0.604824 -0.842423
v -0.018793 0.613699 -0.848987
v -0.015589 1.058499 -0.165775
v -0.017340 1.067405 -0.085793
v -0.100204 1.018647 -0.062743
v -0.102825 1.021008 -0.177284
v -0.064760 1.011996 -0.266608
v -0.013354 1.024785 -0.246765
v -0.199822 0.944582 -0.156601
v -0.247115 0.908108 -0.284229
v -0.285548 0.868842 -0.279642
v -0.260056 0.882966 -0.176529
v -0.304743 0.822221 -0.281722
v -0.295315 0.829563 -0.211895
v -0.170142 0.956930 -0.084339
v -0.223714 0.905555 -0.109026
v -0.248262 0.844687 -0.122020
v -0.307389 0.865753 -0.426747
v -0.233900 0.843295 -0.517803
v -0.194913 0.941994 -0.449995
v -0.260761 0.956098 -0.375025
v -0.014726 1.110249 -0.250907
v -0.141614 1.053587 -0.263244
v -0.137681 1.023214 -0.358563
v -0.012280 1.071827 -0.333511
v -0.327027 0.890105 -0.369271
v -0.303157 0.753347 -0.443550
v -0.307593 0.779929 -0.472566
v -0.199369 0.816211 -0.583338
v -0.170629 0.917937 -0.544477
v -0.076401 0.990152 -0.532472
v -0.007206 1.015717 -0.523827
v -0.009585 1.017380 -0.415999
v -0.096352 0.981556 -0.426421
v -0.211771 0.721909 -0.598926
v -0.290703 0.977474 -0.282481
v -0.003327 0.971156 -0.644034
v -0.112805 0.951388 -0.650084
v -0.097114 0.887617 -0.725756
v -0.000642 0.920355 -0.718836
v -0.086481 0.530480 -0.712850
v -0.146701 0.567430 -0.730918
v -0.169612 0.530239 -0.670867
v -0.103138 0.475277 -0.672429
v -0.234867 0.634148 -0.646954
v -0.172298 0.638051 -0.709839
v -0.186323 0.727151 -0.698422
v -0.186769 0.765447 -0.642123
v -0.145847 0.815171 -0.714529
v -0.163367 0.881095 -0.637493
v 0.006124 0.467731 -0.765505
v -0.039189 0.488901 -0.729270
v -0.051951 0.436926 -0.673407
v 0.005624 0.428226 -0.680288
v -0.113382 0.407166 -0.589045
v -0.061105 0.373640 -0.578355
v -0.007740 1.044678 -0.522194
v -0.120394 1.006408 -0.540988
v -0.190448 0.945934 -0.531827
v -0.270739 0.626450 -0.595210
v -0.185211 0.473237 -0.596703
v -0.240822 0.828842 -0.566182
v 0.004861 0.365093 -0.565802
v -0.100544 0.845782 -0.781421
v 0.001799 0.851828 -0.807939
v -0.081939 0.516609 -0.809040
v -0.141027 0.598319 -0.805769
v -0.149925 0.644885 -0.819012
v -0.179523 0.694730 -0.827228
v -0.154556 0.749583 -0.806382
v 0.006493 0.452898 -0.806949
v -0.038727 0.489832 -0.804013
v -0.179986 0.706835 -0.828046
v -0.201021 0.713060 -0.772840
v -0.172867 0.630844 -0.773167
v -0.150375 0.656252 -0.825477
v -0.081969 0.519193 -0.818783
v -0.141110 0.600571 -0.809252
v -0.149660 0.577593 -0.782517
v -0.099929 0.508925 -0.793442
v 0.006493 0.452898 -0.806949
v -0.038637 0.488779 -0.801695
v -0.043587 0.470868 -0.785687
v 0.006663 0.431254 -0.804719
v -0.100544 0.845784 -0.781418
v -0.096196 0.872532 -0.753948
v -0.193072 0.787363 -0.745990
v -0.154884 0.758475 -0.802456
v 0.000768 0.897454 -0.772505
v 0.001799 0.851828 -0.807939
v -0.227922 0.815039 -0.699172
v -0.260358 0.712780 -0.722108
v -0.118048 0.468447 -0.731061
v -0.049396 0.417810 -0.761023
v -0.246687 0.634908 -0.725309
v -0.185854 0.528327 -0.727114
v 0.007065 0.400764 -0.786822
v -0.139654 0.959848 -0.645992
v -0.001673 0.970752 -0.700065
v -0.137556 0.658680 -0.869537
v -0.164973 0.716116 -0.861457
v -0.111760 0.585004 -0.893290
v 0.007060 0.468218 -0.883701
v -0.040989 0.515305 -0.921449
v -0.084595 0.557385 -0.919879
v -0.126786 0.622818 -0.876981
v -0.126492 0.812876 -0.849910
v -0.052612 0.858456 -0.847198
v -0.160135 0.754327 -0.869946
v 0.002179 0.843732 -0.839042
v -0.089513 0.851320 -0.841358
v -0.142126 0.781483 -0.865748
v -0.159550 0.817935 -0.821456
v -0.154007 0.803729 -0.844083
v -0.142428 0.810767 -0.849190
v -0.150997 0.823000 -0.825186
v -0.158115 0.877080 -0.832183
v -0.143554 0.885159 -0.826727
v -0.162496 0.885930 -0.805659
v -0.169668 0.879970 -0.823237
v -0.146926 0.856210 -0.844719
v -0.133749 0.859024 -0.850949
v -0.146146 0.869181 -0.815400
v -0.151636 0.845862 -0.803328
v -0.133755 0.835811 -0.813936
v -0.128547 0.853208 -0.833342
v -0.130423 0.827648 -0.853505
v -0.126492 0.812876 -0.849910
v -0.138255 0.805726 -0.868832
v -0.141213 0.827233 -0.856837
v -0.170882 0.844858 -0.809667
v -0.177454 0.867937 -0.812871
v -0.158115 0.877080 -0.832183
v -0.128547 0.853208 -0.833342
v -0.146146 0.869181 -0.815400
v -0.073552 0.664177 -1.002491
v -0.086352 0.660568 -0.985547
v -0.069622 0.641741 -0.994138
v -0.066426 0.652583 -1.007826
v -0.046680 0.670008 -1.021512
v -0.041185 0.663164 -1.017246
v -0.039405 0.661944 -1.030132
v -0.048386 0.672201 -1.031431
v -0.056917 0.548457 -0.986120
v -0.069157 0.553123 -0.974948
v -0.060946 0.541745 -0.984331
v -0.052220 0.547002 -0.997728
v -0.056185 0.659120 -1.013430
v -0.046185 0.657619 -1.014308
v -0.047074 0.671419 -1.002215
v -0.046680 0.670008 -1.021512
v -0.041185 0.663164 -1.017246
v -0.061744 0.669351 -1.015925
v -0.062729 0.667925 -1.012767
v -0.065796 0.677983 -1.023448
v -0.074503 0.675962 -1.011969
v -0.061744 0.669351 -1.015925
v -0.057685 0.670959 -1.018824
v -0.174537 0.864584 -0.785098
v -0.132057 0.879528 -0.777591
v -0.148644 0.861406 -0.767123
v -0.121753 0.615578 -0.910198
v -0.102049 0.603587 -0.933041
v -0.109106 0.617906 -0.942484
v -0.146291 0.644823 -0.910056
v -0.074611 0.672551 -1.001990
v -0.089719 0.673366 -0.986984
v -0.059999 0.662648 -1.012532
v -0.056185 0.659120 -1.013430
v -0.048906 0.648177 -1.011783
v -0.046185 0.657619 -1.014308
v -0.033023 0.668865 -1.040854
v -0.040140 0.687925 -1.039526
v -0.059999 0.662648 -1.012532
v -0.062729 0.667925 -1.012767
v -0.031925 0.651848 -1.026024
v -0.058983 0.548002 -0.990305
v -0.050290 0.552624 -0.985519
v -0.052731 0.551215 -0.985961
v -0.057087 0.537034 -1.018774
v -0.060577 0.543630 -0.996012
v -0.052629 0.546637 -0.993654
v -0.050784 0.533759 -1.019726
v -0.016208 0.484218 -1.059795
v -0.031871 0.493939 -1.043071
v -0.035828 0.487670 -1.045605
v -0.020681 0.480493 -1.062726
v -0.032823 0.480472 -1.039381
v -0.042101 0.504728 -1.034860
v -0.040932 0.499122 -1.022798
v -0.046724 0.536418 -1.013988
v -0.037538 0.513092 -1.035672
v -0.040351 0.536512 -1.014009
v -0.045584 0.548728 -0.997108
v -0.037110 0.533644 -1.000121
v -0.044777 0.554490 -0.979641
v -0.050300 0.584102 -0.978825
v -0.049082 0.568205 -0.973607
v -0.056507 0.596406 -0.914474
v -0.044916 0.619589 -0.944024
v -0.039943 0.516308 -1.059639
v -0.024412 0.507386 -1.086221
v -0.026138 0.525058 -1.097506
v -0.043000 0.536837 -1.076050
v -0.058967 0.564042 -1.025299
v -0.070720 0.578245 -0.998877
v -0.019581 0.566565 -1.117021
v -0.006730 0.573361 -1.131658
v -0.011419 0.586637 -1.118063
v -0.022966 0.577782 -1.108344
v -0.020046 0.553652 -1.101602
v -0.006235 0.546790 -1.110195
v -0.014536 0.564128 -1.113646
v -0.105589 0.675071 -0.966520
v -0.137986 0.682265 -0.922902
v -0.102477 0.634883 -0.960160
v -0.096906 0.652800 -0.969950
v -0.033432 0.645744 -1.024913
v -0.051358 0.637253 -1.008795
v -0.006235 0.546790 -1.110195
v -0.003629 0.561976 -1.106635
v -0.014536 0.564128 -1.113646
v -0.008307 0.522874 -1.106660
v -0.026135 0.565317 -1.090744
v -0.028892 0.585857 -1.086973
v -0.051201 0.549826 -1.052189
v -0.057685 0.670959 -1.018824
v -0.082230 0.595121 -0.947809
v -0.072486 0.611787 -0.977349
v -0.027377 0.653011 -1.037060
v -0.107260 0.694492 -0.975518
v -0.119183 0.716227 -0.950946
v -0.011512 0.658352 -1.041728
v -0.013044 0.678641 -1.038785
v -0.018505 0.701356 -1.032640
v -0.009288 0.594202 -1.096117
v -0.013715 0.617100 -1.068786
v -0.041112 0.601814 -1.058048
v -0.015745 0.643024 -1.050030
v -0.053372 0.618218 -1.028146
v -0.003864 0.564944 -1.128760
v -0.050300 0.584102 -0.978825
v -0.049082 0.568205 -0.973607
v -0.032331 0.586705 -1.034526
v -0.042711 0.566902 -1.031247
v -0.042711 0.566902 -1.031247
v -0.021755 0.502626 -1.082096
v -0.003054 0.506365 -1.088804
v -0.007736 0.509803 -1.094057
v 0.008445 0.509043 -1.095516
v -0.047946 0.525222 -1.037236
v -0.036396 0.513266 -1.055316
v -0.052134 0.526236 -1.042127
v -0.007809 0.560426 -1.068233
v -0.030223 0.550707 -1.070379
v -0.030223 0.550707 -1.070379
v -0.130982 0.807240 -0.887477
v -0.131122 0.829366 -0.875749
v -0.130359 0.786380 -0.885232
v -0.132356 0.790036 -0.867759
v -0.160135 0.754327 -0.869946
v -0.164973 0.716116 -0.861457
v -0.142277 0.702767 -0.887441
v -0.138246 0.739491 -0.914425
v -0.126492 0.812876 -0.849910
v -0.118189 0.798824 -0.912405
v -0.111521 0.871793 -0.801721
v -0.089513 0.851320 -0.841358
v -0.132057 0.879528 -0.777591
v -0.111521 0.871793 -0.801721
v -0.055955 0.891060 -0.789505
v -0.132426 0.889325 -0.746739
v -0.092599 0.824928 -0.899407
v -0.092599 0.824928 -0.899407
v -0.118189 0.798824 -0.912405
v -0.112703 0.789573 -0.923671
v -0.051716 0.836444 -0.908578
v -0.133118 0.774595 -0.897853
v -0.130359 0.786380 -0.885232
v -0.142126 0.781483 -0.865748
v -0.132356 0.790036 -0.867759
v -0.132057 0.879528 -0.777591
v -0.132426 0.889325 -0.746739
v -0.148644 0.861406 -0.767123
v -0.162483 0.839626 -0.771156
v -0.173423 0.840853 -0.787756
v -0.152187 0.812426 -0.799504
v -0.162483 0.839626 -0.771156
v -0.167662 0.855934 -0.747453
v -0.188456 0.817387 -0.776577
v -0.152187 0.812426 -0.799504
v -0.149879 0.798883 -0.824920
v -0.132222 0.801478 -0.860261
v -0.105590 0.772790 -0.942252
v -0.053415 0.799643 -0.948756
v -0.199829 0.764672 -0.815382
v -0.149879 0.798883 -0.824920
v -0.132222 0.801478 -0.860261
v -0.132356 0.790036 -0.867759
v -0.142126 0.781483 -0.865748
v -0.031355 0.505084 -1.023942
v -0.026168 0.744074 -1.007065
v -0.045655 0.710565 -1.031258
v -0.005534 0.538237 -1.090426
v -0.057192 0.930121 -0.757379
v -0.129781 0.913154 -0.730383
v -0.129781 0.913154 -0.730383
v -0.185626 0.863575 -0.725135
v -0.210918 0.825426 -0.741837
v -0.112060 0.496692 -0.839944
v -0.087703 0.514784 -0.874953
v -0.119790 0.570607 -0.875476
v -0.179585 0.570398 -0.825403
v -0.241148 0.785720 -0.765255
v -0.040989 0.515305 -0.921449
v -0.084595 0.557375 -0.919878
v -0.044576 0.483787 -0.882708
v -0.054801 0.445410 -0.827402
v -0.079487 0.708397 -1.011693
v -0.074424 0.693620 -1.020905
v -0.052462 0.693924 -1.035813
v -0.056511 0.676270 -1.030283
v -0.052325 0.671618 -1.020857
v -0.052325 0.671618 -1.020857
v -0.081613 0.573547 -0.941310
v -0.094349 0.577857 -0.916174
v -0.073309 0.559580 -0.943196
v -0.076090 0.565437 -0.976176
v -0.187810 0.620963 -0.826443
v -0.156970 0.623749 -0.854265
v -0.146271 0.659650 -0.853870
v -0.162040 0.661715 -0.827539
v -0.077606 0.625139 -0.976095
v -0.070038 0.633910 -0.980155
v 0.003787 0.799657 -0.943301
v 0.003017 0.821226 -0.893789
v 0.008187 0.575770 -1.133607
v 0.007903 0.588665 -1.119899
v -0.010459 0.473828 -1.065153
v 0.008589 0.465838 -1.068853
v 0.008475 0.473938 -1.066008
v -0.006280 0.479628 -1.063286
v 0.004446 0.761215 -0.967293
v -0.042282 0.763623 -0.974045
v 0.004980 0.734565 -0.990805
v 0.007612 0.593851 -1.098509
v 0.006952 0.621501 -1.064479
v 0.005945 0.682801 -1.030154
v 0.005564 0.708102 -1.019114
v 0.006538 0.646120 -1.049807
v 0.008030 0.540919 -1.087385
v 0.002179 0.843732 -0.839042
v -0.052612 0.858456 -0.847198
v 0.008449 0.459152 -1.050058
v -0.005351 0.460367 -1.045709
v 0.001348 0.885899 -0.802961
v 0.000580 0.928044 -0.772558
v 0.007212 0.440773 -0.862186
v 0.007276 0.419078 -0.855476
v 0.006217 0.663565 -1.036960
v -0.094354 0.684082 -0.996065
v -0.088090 0.733567 -0.990346
v -0.028260 0.467213 -1.015254
v -0.029503 0.476739 -0.999771
v -0.011935 0.457541 -1.045336
v -0.010262 0.448778 -1.025486
v 0.008339 0.442988 -1.025284
v 0.008548 0.450579 -1.051055
v -0.047335 0.521135 -0.957001
v 0.007060 0.468218 -0.883701
v 0.007443 0.464007 -0.923208
v -0.037110 0.533644 -1.000121
v -0.041541 0.557200 -0.949839
v -0.044777 0.554490 -0.979641
v -0.037818 0.500014 -0.981194
v -0.048034 0.526357 -1.004512
v -0.004934 0.500329 -1.013771
v -0.007856 0.526418 -0.956299
v -0.031355 0.505084 -1.023942
v 0.007718 0.462073 -0.986893
v -0.027775 0.483892 -1.036757
v -0.010678 0.483535 -1.028434
v -0.004934 0.500329 -1.013771
v -0.008075 0.455696 -1.001988
v -0.021473 0.474783 -1.054550
v 0.008413 0.522546 -1.105083
v -0.010414 0.469588 -1.059447
v 0.008534 0.463194 -1.061475
v 0.008260 0.564780 -1.130057
v -0.017719 0.474528 -1.038008
v -0.095237 0.748653 -0.964809
v -0.111760 0.585004 -0.893290
v -0.052733 0.628908 -1.011305
v -0.208187 0.723833 -0.819128
v -0.089513 0.851320 -0.841358
v -0.133755 0.835811 -0.813936
v -0.000574 0.556608 -1.120213
v -0.003864 0.564944 -1.128760
v -0.000574 0.556608 -1.120213
v 0.008228 0.556745 -1.119799
v -0.137556 0.658680 -0.869537
v -0.126786 0.622818 -0.876981
v 0.008255 0.544539 -1.111061
v -0.013141 0.555110 -0.914206
v -0.031613 0.643126 -1.037642
v 0.008077 0.445174 -1.003709
v 0.008051 0.479070 -1.032529
v 0.007867 0.491508 -1.027451
v -0.046619 0.597511 -0.887390
v -0.022260 0.607239 -0.862270
v -0.037446 0.630992 -0.909497
v -0.027511 0.641254 -0.877889
v -0.211771 0.721909 -0.598926
v -0.166559 0.731458 -0.641383
v -0.199367 0.816160 -0.583363
v -0.007206 1.015717 -0.523827
v -0.076404 0.990278 -0.532636
v -0.081767 0.937949 -0.652061
v -0.001998 0.938480 -0.683109
v -0.205670 0.582786 -0.606121
v -0.163306 0.511131 -0.597979
v -0.156406 0.579066 -0.631437
v -0.184217 0.637917 -0.639077
v -0.170637 0.917946 -0.544082
v -0.138703 0.885453 -0.650436
v -0.042612 0.352425 -0.464817
v 0.002975 0.347049 -0.466192
v 0.003956 0.357532 -0.519161
v -0.049033 0.379766 -0.536982
v -0.095801 1.004546 -0.444643
v -0.195730 0.953760 -0.467071
v -0.096522 0.421692 -0.555190
v -0.041331 0.467549 -0.658660
v -0.102495 0.514286 -0.655023
v -0.251693 0.833508 -0.529950
v -0.243585 0.692907 -0.571749
v -0.009795 1.051322 -0.433167
v -0.208348 0.535692 -0.578573
v -0.144643 0.437152 -0.528723
v 0.005002 0.459800 -0.665864
v -0.084998 0.378631 -0.481989
v -0.221013 0.615655 -0.590777
v -0.049332 0.364495 -0.428476
v 0.000930 0.356983 -0.414036
v -0.193088 1.040672 -0.376930
v -0.245127 0.994583 -0.386791
v -0.293531 0.841871 -0.493249
v -0.253129 0.667772 -0.517882
v -0.012207 1.112909 -0.369376
v -0.185706 0.523858 -0.553014
v -0.160035 0.426950 -0.486479
v -0.093413 0.382344 -0.437731
v -0.210631 0.592685 -0.557093
v -0.086469 0.530001 -0.708768
v -0.146625 0.565646 -0.724207
v -0.039162 0.488345 -0.725464
v 0.006124 0.467731 -0.765505
v -0.174708 0.717044 -0.710324
v -0.134968 0.814751 -0.721894
v -0.097064 0.888129 -0.730449
v -0.172254 0.637031 -0.705685
v -0.000642 0.920355 -0.718836
v -0.119229 1.028090 -0.185774
v -0.146451 1.009682 -0.285909
v -0.013835 1.075707 -0.264762
v -0.015419 1.088308 -0.201572
v -0.012167 1.046768 -0.319603
v -0.135215 1.000539 -0.319019
v -0.244449 0.943245 -0.349050
v -0.254331 0.939017 -0.314752
v -0.298429 0.866346 -0.335364
v -0.271178 0.869837 -0.407364
v -0.344213 0.792812 -0.335787
v -0.303157 0.753347 -0.443550
v -0.321757 0.876808 -0.252682
v -0.235293 0.952775 -0.206742
v -0.304743 0.822221 -0.281722
v -0.096350 0.981602 -0.426523
v -0.009585 1.017380 -0.415999
v -0.211771 0.721909 -0.598926
v -0.233873 0.843339 -0.518199
v -0.194913 0.941994 -0.449994
v -0.071545 0.994542 0.000906
v -0.075242 0.991467 -0.121801
v -0.016059 1.023014 -0.108763
v -0.018100 1.014382 0.006813
v -0.139364 0.940636 -0.021739
v -0.161263 0.927161 -0.121670
v -0.174898 0.901994 -0.037961
v -0.201829 0.879132 -0.143401
v -0.064760 1.011996 -0.266608
v -0.013354 1.024785 -0.246765
v -0.247115 0.908108 -0.284229
v -0.285442 0.867837 -0.279383
v -0.195121 0.856111 -0.077319
v -0.242088 0.822437 -0.170180
v -0.304743 0.822221 -0.281722
v -0.242523 0.683281 -0.530083
v -0.253129 0.667772 -0.517882
v 0.020979 0.520956 -1.074799
v 0.022218 0.517257 -1.083683
v 0.038140 0.549371 -1.049616
v 0.053790 0.549393 -1.054656
v 0.047779 0.544707 -1.061349
v 0.034169 0.545503 -1.050525
v 0.036922 0.531591 -1.074153
v 0.029823 0.534907 -1.072793
v 0.028172 0.542858 -1.061717
v 0.051779 0.573088 -1.058791
v 0.043122 0.562309 -1.078943
v 0.045210 0.539975 -1.077091
v 0.020979 0.520956 -1.074799
v 0.024088 0.544673 -1.071738
v 0.022218 0.517257 -1.083683
v 0.022840 0.529540 -1.091472
v 0.027257 0.514104 -1.074641
v 0.029823 0.534907 -1.072793
v 0.035957 0.532569 -1.087802
v 0.028983 0.511884 -1.078995
v 0.045945 0.544222 -1.045876
v 0.049432 0.561352 -1.032489
v 0.046882 0.567930 -1.023725
v 0.051046 0.557598 -1.016361
v 0.036922 0.531591 -1.074153
v 0.064926 0.578278 -1.008069
v 0.052156 0.570332 -1.003119
v 0.051086 0.581932 -0.968439
v 0.068677 0.595428 -0.963674
v 0.061523 0.567246 -1.029588
v 0.051046 0.557598 -1.016361
v 0.031597 0.505479 -1.027774
v 0.029549 0.500522 -1.034663
v 0.042097 0.495407 -1.035392
v 0.043443 0.503264 -1.029177
v 0.021646 0.464613 -1.036681
v 0.037612 0.480303 -1.023916
v 0.037176 0.481116 -1.046245
v 0.031580 0.478203 -1.055958
v 0.014689 0.485665 -1.060303
v 0.027800 0.482508 -1.052178
v 0.023863 0.485516 -1.050330
v 0.017626 0.483700 -1.042791
v 0.014689 0.485665 -1.060303
v 0.013636 0.483443 -1.066128
v 0.019098 0.481750 -1.065633
v 0.017474 0.473168 -1.059015
v 0.027800 0.482508 -1.052178
v 0.024588 0.483956 -1.065620
v 0.040504 0.514700 -1.030411
v 0.048815 0.523584 -1.009309
v 0.041081 0.524933 -1.018052
v 0.052924 0.561624 -0.935455
v 0.047614 0.577759 -0.946732
v 0.048502 0.565482 -0.956493
v 0.051550 0.549713 -0.957233
v 0.044439 0.561226 -0.984467
v 0.049318 0.544757 -0.988070
v 0.041009 0.546528 -0.993598
v 0.042638 0.532502 -1.017113
v 0.029637 0.483415 -1.050054
v 0.048955 0.590343 -0.970249
v 0.040989 0.577861 -0.951830
v 0.034313 0.561847 -0.954131
v 0.067557 0.633751 -0.899812
v 0.069409 0.630930 -0.934184
v 0.069734 0.609591 -0.937162
v 0.069864 0.612893 -0.917386
v 0.054091 0.607102 -0.941019
v 0.053257 0.610277 -0.917469
v 0.024151 0.550493 -1.062550
v 0.041717 0.527236 -1.050273
v 0.046882 0.503319 -1.042809
v 0.038623 0.524114 -1.054742
v 0.038623 0.524114 -1.054742
v 0.046882 0.503319 -1.042809
v 0.042126 0.520711 -1.063473
v 0.049630 0.522766 -1.063086
v 0.046882 0.503319 -1.042809
v 0.049579 0.527037 -1.056676
v 0.049579 0.527037 -1.056676
v 0.046882 0.503319 -1.042809
v 0.041717 0.527236 -1.050273
v 0.049432 0.561352 -1.032489
v 0.048934 0.578397 -0.995170
v 0.048955 0.590343 -0.970249
v 0.051086 0.581932 -0.968439
v 0.052156 0.570332 -1.003119
v 0.042126 0.520711 -1.063473
v 0.046882 0.503319 -1.042809
v 0.049630 0.522766 -1.063086
v 0.031141 0.505497 -1.051467
v 0.028708 0.498053 -1.059022
v 0.034695 0.513051 -1.070937
v 0.028708 0.498053 -1.059022
v 0.032195 0.495029 -1.061637
v 0.034695 0.513051 -1.070937
v 0.036737 0.495820 -1.060338
v 0.038667 0.503236 -1.053210
v 0.034695 0.513051 -1.070937
v 0.038667 0.503236 -1.053210
v 0.031141 0.505497 -1.051467
v 0.034695 0.513051 -1.070937
v 0.031597 0.505479 -1.027774
v 0.040504 0.514700 -1.030411
v 0.041081 0.524933 -1.018052
v 0.032195 0.495029 -1.061637
v 0.036737 0.495820 -1.060338
v 0.034695 0.513051 -1.070937
v 0.061662 0.610005 -0.906148
v 0.045685 0.614004 -0.901145
v 0.049613 0.602969 -0.907687
v 0.060280 0.596240 -0.911442
v 0.056758 0.580408 -0.901173
v 0.060594 0.610677 -0.885633
v 0.050329 0.536179 -0.973476
v 0.038020 0.583701 -0.905252
v 0.034827 0.557712 -0.938641
v 0.034313 0.561847 -0.954131
v 0.048566 0.595336 -0.993438
v 0.046305 0.616029 -0.943673
v 0.045769 0.581715 -1.035649
v 0.038140 0.549371 -1.049616
v 0.034392 0.562690 -1.053949
v 0.070043 0.618159 -0.969445
v 0.063098 0.596440 -1.009305
v 0.054091 0.607102 -0.941019
v 0.045945 0.544222 -1.045876
v 0.027257 0.514104 -1.074641
v 0.028983 0.511884 -1.078995
v 0.022098 0.511582 -1.080671
v 0.021312 0.513994 -1.076031
v 0.027312 0.555650 -1.090272
v 0.022840 0.529540 -1.091472
v 0.027257 0.514104 -1.074641
v 0.028983 0.511884 -1.078995
v 0.035957 0.532569 -1.087802
v 0.042293 0.494189 -1.013844
v 0.027061 0.502377 -1.023889
v 0.034370 0.536719 -0.989120
v 0.032962 0.529046 -0.983042
v 0.041009 0.546528 -0.993598
v 0.044439 0.561226 -0.984467
v 0.029549 0.500522 -1.034663
v 0.023322 0.488343 -1.046930
v 0.029637 0.483415 -1.050054
v 0.047046 0.516228 -0.995086
v 0.028172 0.542858 -1.061717
v 0.034169 0.545503 -1.050525
v 0.036922 0.531591 -1.074153
v 0.028172 0.542858 -1.061717
v 0.047779 0.544707 -1.061349
v 0.045210 0.539975 -1.077091
v 0.034169 0.545503 -1.050525
v 0.047779 0.544707 -1.061349
v 0.045210 0.539975 -1.077091
v 0.036922 0.531591 -1.074153
v 0.034169 0.545503 -1.050525
v 0.053257 0.610277 -0.917469
v 0.059175 0.585404 -1.033392
v 0.040989 0.577861 -0.951830
v 0.049613 0.602969 -0.907687
v 0.045685 0.614004 -0.901145
v 0.042743 0.618817 -0.883961
v 0.023322 0.488343 -1.046930
v 0.029549 0.500522 -1.034663
v 0.029637 0.483415 -1.050054
v 0.023322 0.488343 -1.046930
v 0.037176 0.481116 -1.046245
v 0.042097 0.495407 -1.035392
v 0.029549 0.500522 -1.034663
v 0.042097 0.495407 -1.035392
v 0.029637 0.483415 -1.050054
v 0.037176 0.481116 -1.046245
v 0.021312 0.513994 -1.076031
v 0.022098 0.511582 -1.080671
v 0.022218 0.517257 -1.083683
v 0.020979 0.520956 -1.074799
v 0.022098 0.511582 -1.080671
v 0.029220 0.599807 -1.039581
v 0.032541 0.621685 -0.998661
v 0.021862 0.569595 -1.067483
v 0.028535 0.639800 -0.930635
v 0.025036 0.638722 -0.865587
v 0.042743 0.618817 -0.883961
v 0.025036 0.638722 -0.865587
v 0.024066 0.647537 -0.822810
v 0.032226 0.618618 -0.859577
v 0.021681 0.639195 -0.810708
v 0.045685 0.614004 -0.901145
v 0.045685 0.614004 -0.901145
v 0.061662 0.610005 -0.906148
v 0.060594 0.610677 -0.885633
v 0.021312 0.513994 -1.076031
v 0.042638 0.532502 -1.017113
v 0.020676 0.512013 -1.029151
v 0.020622 0.498725 -1.047050
v 0.023866 0.571324 -0.925514
v 0.024312 0.546062 -0.963359
v 0.016887 0.499929 -1.057590
v 0.016327 0.521591 -1.039448
v 0.012961 0.565549 -0.975583
v 0.015886 0.592526 -0.938138
v 0.017953 0.493696 -1.061219
v 0.017953 0.493696 -1.061219
v 0.029688 0.521899 -1.033543
v 0.024400 0.503052 -1.050405
v 0.037653 0.579967 -0.930093
v 0.037787 0.558699 -0.967445
v 0.026978 0.521596 -1.033369
v 0.022411 0.505583 -1.050032
v 0.030777 0.593558 -0.936333
v 0.031119 0.567371 -0.973252
v 0.021898 0.530691 -1.002090
v 0.014935 0.545926 -1.011442
v 0.034150 0.540441 -1.006618
v 0.027511 0.546806 -1.008879
v 0.022989 0.585472 -0.878430
v 0.016131 0.607308 -0.888627
v 0.036841 0.598400 -0.881366
v 0.029982 0.608029 -0.886505
v 0.021923 0.594150 -0.843802
v 0.017058 0.613579 -0.846102
v 0.032516 0.605393 -0.841804
v 0.028060 0.614177 -0.848467
v 0.073283 1.024019 -0.173626
v 0.066073 1.021489 -0.059321
v 0.039270 1.013776 -0.264355
v 0.224990 0.917087 -0.272303
v 0.168366 0.952634 -0.148503
v 0.262329 0.882108 -0.255845
v 0.227675 0.896702 -0.160714
v 0.281662 0.834413 -0.243310
v 0.266045 0.847255 -0.185933
v 0.139054 0.962212 -0.078088
v 0.188414 0.916510 -0.098867
v 0.210889 0.860200 -0.105330
v 0.298028 0.876622 -0.405759
v 0.241575 0.964693 -0.364142
v 0.179558 0.948402 -0.441882
v 0.229928 0.849917 -0.504365
v 0.115652 1.027549 -0.353059
v 0.114444 1.057967 -0.257733
v 0.323716 0.790710 -0.424263
v 0.317251 0.759646 -0.387214
v 0.311123 0.902418 -0.349377
v 0.194785 0.822559 -0.575106
v 0.160221 0.923598 -0.537034
v 0.063628 0.992457 -0.529453
v 0.078749 0.984552 -0.422610
v 0.213904 0.728204 -0.587605
v 0.265981 0.987739 -0.269324
v 0.096533 0.890674 -0.721744
v 0.106853 0.954909 -0.645488
v 0.095759 0.532945 -0.709784
v 0.112589 0.478235 -0.668746
v 0.177599 0.535231 -0.664542
v 0.155278 0.571314 -0.726183
v 0.238845 0.641402 -0.637609
v 0.186430 0.771349 -0.634434
v 0.189674 0.732395 -0.691823
v 0.178385 0.642583 -0.704303
v 0.158960 0.886339 -0.630582
v 0.147276 0.819371 -0.709191
v 0.062711 0.438541 -0.671376
v 0.050029 0.490080 -0.727817
v 0.122808 0.402295 -0.593989
v 0.070885 0.375833 -0.575500
v 0.106885 1.010297 -0.535875
v 0.178485 0.952245 -0.523553
v 0.272455 0.635742 -0.582750
v 0.192323 0.479526 -0.588388
v 0.234340 0.836970 -0.555250
v 0.103543 0.848125 -0.778709
v 0.150909 0.601954 -0.801399
v 0.093621 0.518706 -0.806565
v 0.187712 0.699382 -0.821594
v 0.159040 0.648734 -0.814384
v 0.160682 0.753519 -0.801644
v 0.050727 0.490876 -0.802794
v 0.187712 0.699382 -0.821594
v 0.158609 0.659647 -0.821633
v 0.180382 0.634756 -0.768720
v 0.206684 0.717564 -0.767727
v 0.093621 0.518706 -0.806565
v 0.110334 0.511150 -0.790975
v 0.158496 0.580945 -0.778741
v 0.150832 0.604102 -0.805061
v 0.055581 0.472033 -0.784325
v 0.050727 0.490876 -0.802794
v 0.103543 0.848125 -0.778709
v 0.160682 0.753519 -0.801644
v 0.196419 0.791872 -0.740748
v 0.097641 0.875054 -0.750862
v 0.228978 0.821053 -0.691774
v 0.264783 0.719187 -0.714476
v 0.128616 0.471378 -0.727612
v 0.062312 0.419171 -0.759403
v 0.252990 0.640713 -0.718549
v 0.194832 0.532840 -0.721807
v 0.134326 0.963820 -0.640927
v 0.172359 0.719562 -0.857711
v 0.146306 0.661579 -0.866385
v 0.122555 0.587397 -0.890688
v 0.053864 0.516274 -0.920396
v 0.096556 0.559235 -0.917868
v 0.136440 0.625506 -0.874058
v 0.131663 0.815512 -0.847043
v 0.056827 0.859574 -0.845983
v 0.166932 0.757667 -0.866314
v 0.093727 0.853192 -0.839323
v 0.148283 0.784448 -0.862523
v 0.163971 0.821238 -0.817863
v 0.155402 0.826130 -0.821783
v 0.147619 0.813729 -0.845969
v 0.159223 0.806928 -0.840604
v 0.161567 0.880344 -0.828632
v 0.172857 0.883468 -0.819433
v 0.165177 0.889277 -0.802020
v 0.146727 0.888123 -0.823503
v 0.137998 0.861799 -0.847931
v 0.151088 0.859253 -0.841409
v 0.149392 0.872199 -0.812118
v 0.132526 0.855874 -0.830442
v 0.137656 0.838583 -0.810922
v 0.155089 0.848994 -0.799921
v 0.135371 0.830362 -0.850553
v 0.146238 0.830168 -0.853645
v 0.143987 0.808608 -0.865697
v 0.131663 0.815512 -0.847043
v 0.174487 0.848385 -0.805831
v 0.161567 0.880344 -0.828632
v 0.180655 0.871594 -0.808894
v 0.132526 0.855874 -0.830442
v 0.149392 0.872199 -0.812118
v 0.085172 0.665798 -1.000729
v 0.078404 0.654062 -1.006218
v 0.081517 0.643285 -0.992459
v 0.097664 0.662447 -0.983504
v 0.058615 0.671083 -1.020343
v 0.060497 0.673313 -1.030222
v 0.051700 0.662874 -1.029120
v 0.053168 0.664127 -1.016198
v 0.070543 0.549758 -0.984705
v 0.066135 0.548211 -0.996414
v 0.074667 0.543130 -0.982826
v 0.082434 0.554671 -0.973265
v 0.058214 0.658685 -1.013149
v 0.068159 0.660390 -1.012049
v 0.058552 0.672498 -1.001042
v 0.058615 0.671083 -1.020343
v 0.053168 0.664127 -1.016198
v 0.074506 0.669327 -1.011243
v 0.073562 0.670733 -1.014422
v 0.077603 0.679448 -1.021855
v 0.069537 0.672259 -1.017412
v 0.073562 0.670733 -1.014422
v 0.086092 0.677602 -1.010186
v 0.177191 0.868176 -0.781192
v 0.134259 0.882247 -0.774634
v 0.150976 0.864466 -0.763795
v 0.132294 0.618172 -0.907377
v 0.156221 0.647912 -0.906696
v 0.120322 0.620248 -0.939936
v 0.113351 0.605787 -0.930649
v 0.100800 0.675312 -0.984869
v 0.086049 0.674192 -1.000206
v 0.071879 0.663995 -1.011068
v 0.068159 0.660390 -1.012049
v 0.058214 0.658685 -1.013149
v 0.061071 0.649301 -1.010562
v 0.052112 0.688867 -1.038501
v 0.045418 0.669666 -1.039983
v 0.074506 0.669327 -1.011243
v 0.071879 0.663995 -1.011068
v 0.044338 0.652627 -1.025178
v 0.072710 0.549347 -0.988843
v 0.066299 0.552430 -0.984639
v 0.063821 0.553789 -0.984252
v 0.071672 0.538349 -1.017344
v 0.065460 0.534946 -1.018435
v 0.066462 0.547853 -0.992332
v 0.074474 0.550595 -0.995534
v 0.032799 0.484719 -1.059251
v 0.037411 0.481086 -1.062081
v 0.052024 0.488567 -1.044630
v 0.047885 0.494753 -1.042186
v 0.049029 0.481308 -1.038472
v 0.056386 0.500116 -1.021718
v 0.057708 0.505747 -1.033753
v 0.061219 0.537520 -1.012790
v 0.054847 0.537484 -1.012953
v 0.052995 0.514016 -1.034667
v 0.059453 0.549800 -0.995943
v 0.058141 0.555541 -0.978498
v 0.051358 0.534548 -0.999139
v 0.063039 0.585259 -0.977567
v 0.056161 0.620621 -0.942902
v 0.067563 0.597674 -0.913097
v 0.062030 0.569339 -0.972373
v 0.055866 0.517287 -1.058576
v 0.058867 0.537877 -1.074919
v 0.042730 0.525761 -1.096741
v 0.041115 0.508055 -1.085493
v 0.084015 0.579825 -0.997159
v 0.073145 0.565392 -1.023832
v 0.035762 0.567131 -1.116406
v 0.038723 0.578412 -1.107659
v 0.027216 0.587032 -1.117634
v 0.023102 0.573666 -1.131327
v 0.030694 0.564590 -1.113144
v 0.022674 0.547085 -1.109874
v 0.036148 0.554226 -1.100978
v 0.116174 0.677335 -0.964057
v 0.108025 0.654892 -0.967674
v 0.113742 0.637091 -0.957759
v 0.147440 0.685180 -0.919732
v 0.045945 0.646555 -1.024031
v 0.063678 0.638427 -1.007517
v 0.019680 0.562214 -1.106376
v 0.022674 0.547085 -1.109874
v 0.030694 0.564590 -1.113144
v 0.025155 0.523216 -1.106289
v 0.066269 0.551026 -1.050885
v 0.044008 0.586601 -1.086163
v 0.041755 0.566010 -1.089990
v 0.069537 0.672259 -1.017412
v 0.084618 0.613391 -0.975604
v 0.094042 0.596921 -0.945851
v 0.040014 0.653700 -1.036312
v 0.128575 0.718757 -0.948194
v 0.117647 0.696789 -0.973020
v 0.025202 0.679031 -1.038360
v 0.024151 0.658716 -1.041332
v 0.030060 0.701852 -1.032101
v 0.024445 0.594546 -1.095743
v 0.055254 0.602798 -1.056978
v 0.027795 0.617524 -1.068325
v 0.028879 0.643479 -1.049534
v 0.066510 0.619442 -1.026815
v 0.020346 0.565191 -1.128492
v 0.063039 0.585259 -0.977567
v 0.062030 0.569339 -0.972373
v 0.056970 0.567920 -1.030140
v 0.046263 0.587508 -1.033653
v 0.056970 0.567920 -1.030140
v 0.024571 0.510133 -1.093698
v 0.019845 0.506598 -1.088549
v 0.038464 0.503241 -1.081427
v 0.008445 0.509043 -1.095516
v 0.063186 0.526358 -1.036002
v 0.067460 0.527457 -1.040799
v 0.052288 0.514172 -1.054331
v 0.045687 0.551482 -1.069536
v 0.023038 0.560741 -1.067891
v 0.045687 0.551482 -1.069536
v 0.137101 0.809977 -0.884500
v 0.136529 0.832099 -0.872777
v 0.136854 0.789109 -0.882264
v 0.138386 0.792801 -0.864753
v 0.166932 0.757667 -0.866314
v 0.146343 0.742397 -0.911265
v 0.150523 0.705758 -0.884190
v 0.172359 0.719562 -0.857711
v 0.131663 0.815512 -0.847043
v 0.125038 0.801308 -0.909704
v 0.114426 0.874101 -0.799212
v 0.093727 0.853192 -0.839323
v 0.134259 0.882247 -0.774634
v 0.133742 0.892044 -0.743784
v 0.058220 0.892226 -0.788237
v 0.114426 0.874101 -0.799212
v 0.098639 0.826880 -0.897283
v 0.098639 0.826880 -0.897283
v 0.057743 0.837562 -0.907362
v 0.119995 0.791950 -0.921087
v 0.125038 0.801308 -0.909704
v 0.140133 0.777385 -0.894818
v 0.136854 0.789109 -0.882264
v 0.148283 0.784448 -0.862523
v 0.138386 0.792801 -0.864753
v 0.133742 0.892044 -0.743784
v 0.134259 0.882247 -0.774634
v 0.150976 0.864466 -0.763795
v 0.176621 0.844428 -0.783869
v 0.165343 0.842974 -0.767515
v 0.156236 0.815576 -0.796079
v 0.165343 0.842974 -0.767515
v 0.156236 0.815576 -0.796079
v 0.191879 0.821271 -0.772353
v 0.169659 0.859379 -0.743707
v 0.154771 0.801994 -0.821537
v 0.137853 0.804235 -0.857261
v 0.061085 0.800813 -0.947484
v 0.113641 0.775029 -0.939818
v 0.154771 0.801994 -0.821537
v 0.205185 0.768808 -0.810884
v 0.137853 0.804235 -0.857261
v 0.138386 0.792801 -0.864753
v 0.148283 0.784448 -0.862523
v 0.046717 0.505881 -1.023076
v 0.036280 0.744712 -1.006372
v 0.056979 0.711613 -1.030118
v 0.021710 0.538515 -1.090123
v 0.057946 0.931297 -0.756100
v 0.130053 0.915969 -0.727220
v 0.186640 0.867885 -0.720129
v 0.130053 0.915969 -0.727220
v 0.213309 0.830107 -0.736528
v 0.123474 0.499097 -0.837329
v 0.189139 0.574164 -0.821308
v 0.130479 0.573163 -0.872697
v 0.099955 0.516778 -0.872737
v 0.244942 0.790684 -0.759857
v 0.053864 0.516274 -0.920396
v 0.057706 0.484875 -0.881498
v 0.096556 0.559225 -0.917867
v 0.068270 0.446822 -0.825768
v 0.064224 0.695116 -1.034517
v 0.085851 0.695257 -1.019126
v 0.090406 0.710132 -1.009807
v 0.068509 0.677547 -1.028895
v 0.064211 0.672808 -1.019563
v 0.064211 0.672808 -1.019563
v 0.093721 0.575338 -0.939364
v 0.085747 0.561205 -0.941431
v 0.105805 0.579901 -0.913952
v 0.089140 0.567125 -0.974342
v 0.196352 0.624887 -0.822177
v 0.169786 0.665104 -0.823854
v 0.154651 0.662723 -0.850529
v 0.166086 0.627048 -0.850677
v 0.089435 0.626845 -0.974240
v 0.081782 0.635461 -0.978469
v 0.027384 0.474214 -1.064733
v 0.023046 0.479927 -1.062960
v 0.051255 0.764578 -0.973006
v 0.056827 0.859574 -0.845983
v 0.022121 0.460647 -1.045404
v 0.105415 0.686123 -0.993847
v 0.098017 0.735468 -0.988279
v 0.044204 0.467953 -1.014450
v 0.044908 0.477499 -0.998945
v 0.028752 0.457957 -1.044885
v 0.026818 0.449157 -1.025074
v 0.060876 0.522241 -0.955800
v 0.054190 0.558178 -0.948777
v 0.051358 0.534548 -0.999139
v 0.058141 0.555541 -0.978498
v 0.062523 0.527485 -1.003285
v 0.052331 0.500935 -0.980194
v 0.020179 0.500585 -1.013493
v 0.046717 0.505881 -1.023076
v 0.021291 0.526716 -0.955976
v 0.020179 0.500585 -1.013493
v 0.026588 0.483916 -1.028020
v 0.043855 0.484623 -1.035962
v 0.023968 0.456023 -1.001633
v 0.038138 0.475392 -1.053889
v 0.008413 0.522546 -1.105083
v 0.027298 0.469973 -1.059028
v 0.034023 0.475056 -1.037434
v 0.104286 0.750690 -0.962594
v 0.122555 0.587397 -0.890688
v 0.065279 0.630114 -1.009995
v 0.214455 0.728149 -0.814435
v 0.093727 0.853192 -0.839323
v 0.137656 0.838583 -0.810922
v 0.020346 0.565191 -1.128492
v 0.017038 0.556788 -1.120017
v 0.017038 0.556788 -1.120017
v 0.146306 0.661579 -0.866385
v 0.136440 0.625506 -0.874058
v 0.025054 0.555500 -0.913782
v 0.044463 0.643903 -1.036797
v 0.057056 0.598570 -0.886239
v 0.031952 0.607793 -0.861668
v 0.047695 0.631862 -0.908552
v 0.036853 0.641912 -0.877174
v 0.167024 0.736989 -0.634194
v 0.213904 0.728204 -0.587605
v 0.194786 0.822544 -0.575116
v 0.076132 0.940544 -0.648647
v 0.063628 0.992457 -0.529453
v 0.209518 0.589641 -0.597132
v 0.187696 0.644007 -0.631151
v 0.161535 0.584217 -0.624740
v 0.169225 0.516668 -0.590729
v 0.160213 0.923607 -0.536663
v 0.134232 0.890122 -0.644282
v 0.048273 0.353980 -0.462833
v 0.056884 0.381578 -0.534613
v 0.180710 0.960201 -0.458916
v 0.078176 1.007523 -0.440830
v 0.108599 0.424276 -0.549950
v 0.110471 0.517384 -0.651087
v 0.050951 0.468913 -0.656918
v 0.243406 0.841978 -0.518967
v 0.254850 0.698606 -0.551423
v 0.164668 0.439208 -0.511295
v 0.237531 0.537999 -0.549838
v 0.099672 0.379594 -0.471703
v 0.250907 0.617168 -0.560916
v 0.052988 0.366246 -0.426244
v 0.171197 1.046905 -0.369041
v 0.225159 1.002630 -0.376604
v 0.292434 0.850878 -0.470819
v 0.285921 0.669317 -0.469153
v 0.247165 0.518467 -0.499123
v 0.180206 0.430561 -0.466527
v 0.108007 0.382382 -0.422700
v 0.265789 0.588530 -0.502602
v 0.095768 0.532534 -0.705584
v 0.155278 0.571314 -0.726183
v 0.050029 0.490080 -0.727817
v 0.178777 0.722370 -0.703435
v 0.136547 0.818920 -0.716469
v 0.096533 0.890674 -0.721744
v 0.178412 0.641956 -0.699472
v 0.089664 1.031664 -0.181312
v 0.121751 1.014271 -0.280101
v 0.112249 1.004773 -0.313643
v 0.224604 0.951270 -0.338889
v 0.261238 0.879303 -0.387878
v 0.282078 0.880590 -0.307757
v 0.232930 0.947791 -0.303194
v 0.317251 0.759646 -0.387214
v 0.332407 0.811923 -0.293814
v 0.294691 0.894307 -0.225931
v 0.207066 0.961535 -0.196479
v 0.281662 0.834413 -0.243310
v 0.078749 0.984552 -0.422610
v 0.213904 0.728204 -0.587605
v 0.229928 0.849917 -0.504365
v 0.179558 0.948402 -0.441882
v 0.036235 0.996382 0.003013
v 0.044748 0.993516 -0.119425
v 0.129656 0.933514 -0.116018
v 0.103383 0.946087 -0.017432
v 0.168003 0.889922 -0.133444
v 0.139941 0.909226 -0.031498
v 0.039270 1.013776 -0.264355
v 0.224990 0.917087 -0.272303
v 0.262329 0.882108 -0.255845
v 0.159874 0.868953 -0.070035
v 0.206884 0.835699 -0.147792
v 0.281662 0.834413 -0.243310
v 0.275045 0.686652 -0.488414
v 0.285921 0.669317 -0.469153
v -0.066487 0.681101 -1.007419
v -0.066416 0.675519 -1.008632
v -0.059802 0.675974 -1.013226
v -0.059889 0.682903 -1.011721
v -0.066349 0.667992 -1.007774
v -0.059718 0.666631 -1.012162
v -0.066322 0.661365 -1.004101
v -0.059685 0.658406 -1.007603
v -0.066329 0.657524 -0.999873
v -0.059694 0.653638 -1.002354
v -0.049518 0.676336 -1.016197
v -0.049617 0.684154 -1.014499
v -0.049424 0.665793 -1.014996
v -0.049386 0.656511 -1.009852
v -0.049397 0.651131 -1.003928
v -0.038867 0.676358 -1.015037
v -0.038962 0.683876 -1.013404
v -0.038777 0.666220 -1.013882
v -0.038740 0.657295 -1.008936
v -0.038751 0.652121 -1.003240
v -0.031543 0.676158 -1.011648
v -0.031626 0.682722 -1.010222
v -0.031464 0.667307 -1.010640
v -0.031432 0.659515 -1.006321
v -0.031442 0.654998 -1.001348
v 0.077873 0.682576 -1.005816
v 0.071337 0.684243 -1.010264
v 0.071425 0.677315 -1.011769
v 0.077943 0.676993 -1.007029
v 0.071508 0.667972 -1.010705
v 0.078011 0.669466 -1.006171
v 0.071542 0.659747 -1.006146
v 0.078037 0.662840 -1.002499
v 0.071532 0.654978 -1.000897
v 0.078030 0.658998 -0.998270
v 0.061106 0.685285 -1.013269
v 0.061205 0.677467 -1.014967
v 0.061299 0.666924 -1.013767
v 0.061337 0.657642 -1.008622
v 0.061326 0.652262 -1.002699
v 0.050437 0.684789 -1.012411
v 0.050532 0.677271 -1.014044
v 0.050623 0.667134 -1.012890
v 0.050659 0.658208 -1.007943
v 0.050649 0.653035 -1.002247
v 0.043057 0.683484 -1.009393
v 0.043140 0.676921 -1.010819
v 0.043219 0.668069 -1.009811
v 0.043251 0.660277 -1.005492
v 0.043242 0.655761 -1.000519
vn -0.9050 0.3361 -0.2608
vn -0.9691 -0.1036 -0.2238
vn -0.9976 -0.0405 -0.0570
vn -0.7492 0.6587 -0.0695
vn -0.7622 0.1662 -0.6256
vn -0.9204 -0.1552 -0.3590
vn 0.6584 -0.2056 -0.7241
vn -0.8887 -0.1997 -0.4127
vn 0.1444 0.9517 -0.2708
vn 0.0581 0.9970 0.0509
vn 0.2725 0.5052 -0.8188
vn 0.0445 -0.7464 0.6640
vn 0.5758 -0.4824 0.6601
vn 0.5947 -0.6535 0.4683
vn 0.1527 -0.9750 0.1614
vn 0.7098 -0.6709 0.2147
vn 0.6489 -0.7555 0.0897
vn 0.0789 -0.9968 -0.0143
vn 0.9822 0.1294 0.1360
vn 0.8075 0.5367 0.2449
vn 0.9883 0.0779 -0.1313
vn -0.8375 0.2459 -0.4879
vn -0.8867 -0.1876 -0.4225
vn -0.9465 -0.0817 -0.3120
vn -0.7322 0.6192 -0.2837
vn -0.7039 0.1216 -0.6998
vn -0.8780 -0.1881 -0.4402
vn 0.7074 0.0129 -0.7067
vn -0.8878 -0.1645 -0.4299
vn 0.0477 0.8873 -0.4588
vn 0.2337 0.9699 0.0687
vn 0.2870 0.5196 -0.8048
vn 0.0196 -0.7553 0.6551
vn 0.5409 -0.5047 0.6728
vn 0.6424 -0.5911 0.4878
vn 0.1140 -0.9366 0.3312
vn 0.6632 -0.6742 0.3248
vn 0.7935 -0.4997 0.3474
vn 0.1329 -0.9826 0.1299
vn 0.9075 0.3614 0.2143
vn 0.8537 0.3766 0.3597
vn 0.9647 0.2245 -0.1379
vn -0.9326 0.3246 -0.1574
vn -0.9955 -0.0678 -0.0667
vn -0.9959 -0.0637 0.0649
vn -0.7505 0.6603 -0.0282
vn -0.8678 0.2188 -0.4461
vn -0.9791 -0.0497 -0.1973
vn 0.5414 -0.0238 -0.8404
vn -0.9712 -0.1046 -0.2142
vn 0.1867 0.9113 -0.3670
vn 0.0842 0.9953 -0.0486
vn 0.1681 0.5326 -0.8295
vn -0.0260 -0.8097 0.5863
vn 0.6483 -0.5715 0.5031
vn 0.6524 -0.7043 0.2797
vn 0.0104 -0.9729 0.2311
vn 0.7678 -0.6305 0.1143
vn 0.6585 -0.7393 0.1408
vn 0.0421 -0.9925 0.1149
vn 0.9878 0.1335 -0.0805
vn 0.8897 0.4564 0.0128
vn 0.9379 0.0988 -0.3325
vn -0.9581 0.2850 0.0283
vn -0.9843 -0.1063 0.1406
vn -0.9708 -0.0968 0.2194
vn -0.8557 0.5112 0.0799
vn -0.9463 0.1942 -0.2583
vn -0.9934 -0.1068 0.0414
vn 0.3945 0.0615 -0.9169
vn -0.9874 -0.1564 0.0244
vn 0.0057 0.8983 -0.4393
vn -0.1667 0.9693 -0.1810
vn 0.0185 0.5525 -0.8333
vn 0.1152 -0.7775 0.6182
vn 0.7761 -0.4995 0.3848
vn 0.7435 -0.6412 0.1896
vn 0.0795 -0.9580 0.2756
vn 0.6924 -0.7211 -0.0219
vn 0.8432 -0.5164 -0.1496
vn 0.0716 -0.9947 0.0740
vn 0.9263 0.1841 -0.3289
vn 0.8178 0.5080 -0.2705
vn 0.8515 0.1843 -0.4908
vn -0.9733 0.1837 0.1378
vn -0.9421 -0.2392 0.2350
vn -0.9140 -0.1966 0.3548
vn -0.7737 0.5891 0.2331
vn -0.9804 0.0713 -0.1836
vn -0.9628 -0.2371 0.1298
vn 0.2706 0.0965 -0.9579
vn -0.9511 -0.2831 0.1239
vn -0.0449 0.9088 -0.4149
vn 0.0182 0.9967 -0.0785
vn -0.1514 0.5358 -0.8306
vn 0.2940 -0.7683 0.5686
vn 0.8602 -0.4279 0.2776
vn 0.8278 -0.5540 0.0877
vn 0.1866 -0.9642 0.1883
vn 0.8284 -0.5359 -0.1632
vn 0.6828 -0.7031 -0.1985
vn 0.0736 -0.9933 0.0890
vn 0.8773 0.2281 -0.4223
vn 0.7754 0.5465 -0.3165
vn 0.7571 0.2614 -0.5987
vn -0.5385 0.2540 0.8034
vn -0.0244 0.4389 0.8982
vn -0.0251 0.5453 0.8379
vn -0.6319 0.2880 0.7195
vn -0.0479 -0.9087 -0.4146
vn 0.0237 -0.9651 -0.2610
vn 0.0140 -0.9969 0.0768
vn -0.1056 -0.9935 -0.0419
vn 0.0404 -0.8865 0.4610
vn -0.2880 -0.7943 0.5350
vn -0.0347 -0.7972 0.6028
vn -0.9346 0.1883 -0.3017
vn -0.7901 0.5788 -0.2020
vn -0.8292 0.5134 -0.2211
vn -0.9676 0.1661 -0.1902
vn -0.6773 -0.7294 -0.0955
vn -0.8487 -0.3012 -0.4346
vn -0.7013 -0.7018 -0.1251
vn -0.6374 -0.7656 0.0870
vn -0.3918 -0.8801 -0.2682
vn -0.6028 -0.7739 -0.1941
vn -0.7147 -0.6977 0.0491
vn -0.5413 -0.8342 0.1053
vn -0.6220 -0.7813 -0.0528
vn -0.8751 0.4839 -0.0043
vn -0.9803 -0.1911 0.0490
vn -0.9500 0.2163 -0.2252
vn -0.5682 0.7662 -0.3002
vn -0.6409 -0.6540 -0.4020
vn -0.3087 -0.9110 0.2734
vn -0.0229 -0.9964 -0.0816
vn -0.2430 -0.8659 -0.4372
vn -0.0338 -0.9905 -0.1334
vn 0.6267 -0.7141 0.3119
vn 0.7384 -0.6713 0.0644
vn 0.4604 -0.8273 -0.3219
vn 0.2457 -0.8892 0.3860
vn 0.1134 -0.5224 0.8452
vn -0.0400 -0.7821 0.6219
vn -0.0302 -0.9743 0.2232
vn 0.0892 0.9384 -0.3337
vn 0.3560 0.9247 -0.1349
vn 0.3944 0.9106 0.1236
vn -0.1431 0.9873 0.0688
vn -0.4846 0.8423 -0.2361
vn -0.2689 0.9585 -0.0946
vn 0.2117 0.9636 -0.1633
vn 0.0953 0.9954 0.0040
vn -0.8171 0.5626 -0.1259
vn -0.7567 0.5909 -0.2797
vn -0.2535 0.9351 -0.2476
vn -0.3455 0.9298 -0.1269
vn -0.1586 -0.7722 0.6152
vn -0.3745 -0.8762 0.3035
vn -0.7938 0.5934 0.1338
vn 0.0772 0.8531 -0.5160
vn -0.4031 0.9069 -0.1228
vn -0.6384 0.7648 0.0863
vn -0.4981 0.8124 -0.3033
vn -0.9387 0.0923 -0.3321
vn -0.9676 0.0425 -0.2489
vn -0.5617 0.4423 -0.6992
vn 0.5173 -0.5654 0.6425
vn 0.4593 -0.1758 0.8707
vn -0.9020 -0.4077 -0.1422
vn -0.9725 0.2208 -0.0743
vn -0.9782 0.1494 0.1443
vn -0.8116 -0.4910 0.3166
vn 0.2185 -0.9656 -0.1410
vn -0.2209 -0.9474 -0.2317
vn 0.0276 -0.8418 -0.5391
vn -0.2943 -0.9306 -0.2176
vn -0.1635 -0.9341 -0.3173
vn 0.1407 -0.9893 0.0395
vn -0.3960 0.9144 -0.0840
vn -0.9656 -0.2415 -0.0966
vn 0.5314 0.8141 0.2343
vn 0.0089 0.9999 -0.0109
vn 0.0965 0.9354 -0.3402
vn -0.2349 0.9478 -0.2159
vn -0.4570 0.8441 -0.2805
vn -0.0623 0.9980 -0.0113
vn 0.4776 -0.8713 0.1129
vn 0.8578 -0.4917 -0.1497
vn -0.8656 -0.1480 0.4784
vn 0.9139 0.0841 -0.3971
vn 0.8643 0.2340 -0.4452
vn -0.5823 0.8123 0.0322
vn -0.5627 0.8144 -0.1418
vn -0.9376 0.1755 0.3002
vn -0.8998 -0.2090 0.3829
vn -0.6094 -0.7657 -0.2058
vn -0.0081 -0.9986 0.0526
vn 0.8503 -0.3745 0.3698
vn -0.1326 0.9865 -0.0961
vn 0.7016 0.6916 0.1713
vn 0.4753 0.8781 0.0545
vn -0.4139 0.8410 -0.3485
vn -0.8644 0.1320 -0.4852
vn 0.6280 0.7700 -0.1133
vn -0.7828 0.3341 -0.5250
vn -0.8251 0.1189 -0.5523
vn 0.1466 -0.9891 -0.0123
vn 0.5944 -0.7636 0.2520
vn 0.9216 -0.2030 0.3309
vn 0.9811 0.0715 0.1797
vn 0.0414 0.9685 -0.2454
vn -0.5049 0.7729 -0.3843
vn -0.9548 0.0760 -0.2874
vn 0.5891 0.7476 -0.3066
vn -0.8936 0.2720 -0.3569
vn -0.9550 0.1003 -0.2793
vn 0.2419 -0.9469 -0.2118
vn -0.0500 -0.9812 -0.1866
vn 0.7654 -0.6362 0.0975
vn 0.0189 -0.9215 -0.3878
vn 0.9976 -0.0602 0.0354
vn 0.9972 -0.0071 0.0738
vn -0.1019 0.9672 -0.2327
vn -0.7657 0.6294 -0.1325
vn -0.9912 -0.0905 -0.0966
vn 0.4836 0.7653 -0.4248
vn -0.9889 0.0378 -0.1434
vn -0.9778 -0.1629 -0.1318
vn 0.3046 -0.9440 0.1267
vn 0.5596 -0.8195 0.1234
vn 0.9652 0.1675 -0.2006
vn 0.9401 0.2181 -0.2620
vn -0.8577 0.5141 0.0019
vn -0.9873 0.0119 0.1583
vn -0.9565 -0.2129 0.1993
vn 0.6966 -0.4906 -0.5235
vn -0.0255 -0.5715 -0.8202
vn -0.6683 0.3162 -0.6733
vn -0.8957 -0.0326 -0.4435
vn -0.8870 -0.1937 -0.4191
vn -0.3163 -0.6934 -0.6474
vn 0.3154 -0.5411 -0.7796
vn 0.8005 -0.3053 -0.5157
vn 0.2276 0.5737 -0.7868
vn 0.5062 0.5558 -0.6594
vn -0.4093 0.2759 -0.8697
vn -0.4740 0.0560 -0.8787
vn 0.5276 -0.6815 -0.5071
vn 0.1367 -0.3621 -0.9220
vn -0.0938 0.6350 -0.7668
vn 0.2000 0.4584 -0.8659
vn -0.6800 0.0932 -0.7273
vn 0.1315 0.4146 -0.9005
vn 0.5228 -0.6306 -0.5737
vn -0.0072 -0.5480 -0.8365
vn -0.3111 0.5726 -0.7585
vn 0.0535 0.4386 -0.8971
vn -0.7892 -0.2223 -0.5725
vn -0.5033 0.1949 -0.8419
vn -0.1471 -0.6142 -0.7753
vn 0.3910 -0.5898 -0.7066
vn -0.7208 0.1293 -0.6809
vn -0.5831 0.4988 -0.6412
vn -0.9006 -0.2263 -0.3711
vn -0.2489 0.9427 -0.2223
vn 0.7445 0.5759 -0.3378
vn 0.2019 0.4811 -0.8531
vn -0.3487 0.5280 -0.7744
vn -0.3569 0.9332 -0.0418
vn 0.5397 0.8035 -0.2511
vn 0.5660 0.8217 -0.0676
vn 0.4421 0.7371 -0.5111
vn 0.5334 0.2143 -0.8183
vn -0.1245 0.4236 -0.8973
vn 0.0906 0.9661 -0.2417
vn 0.0280 0.9976 -0.0628
vn 0.7752 0.6161 -0.1398
vn 0.2182 0.5054 -0.8348
vn 0.5568 0.8245 -0.1007
vn 0.4343 0.8995 0.0476
vn 0.7730 0.6343 0.0126
vn 0.4405 0.5048 -0.7424
vn 0.5902 0.7852 0.1875
vn 0.2140 0.9739 -0.0761
vn 0.2490 0.8604 -0.4447
vn 0.6213 0.7805 0.0695
vn 0.8560 0.2716 -0.4399
vn 0.8755 0.3010 0.3781
vn 0.9321 0.0734 0.3547
vn 0.9922 0.0304 0.1210
vn 0.8525 0.0776 0.5170
vn 0.5933 0.3951 0.7014
vn 0.9312 0.1618 0.3268
vn 0.7637 0.3759 -0.5248
vn 0.8653 0.3396 -0.3687
vn 0.9987 0.0498 -0.0056
vn 0.9332 -0.1081 0.3426
vn -0.2723 0.4176 -0.8669
vn -0.2843 0.8536 -0.4365
vn -0.5547 0.3826 -0.7388
vn -0.5096 -0.6765 0.5317
vn -0.1038 -0.6335 0.7667
vn -0.1541 -0.4830 0.8620
vn -0.6569 -0.7078 0.2600
vn -0.7893 -0.6130 -0.0334
vn -0.6829 -0.7125 -0.1614
vn -0.2816 -0.7499 0.5986
vn -0.3740 -0.8302 -0.4135
vn 0.6652 0.2015 -0.7189
vn -0.1120 0.8134 -0.5708
vn 0.7035 0.1998 -0.6820
vn 0.0318 0.9976 -0.0619
vn 0.8243 0.2448 -0.5104
vn -0.2028 0.8593 -0.4696
vn 0.0100 -0.5037 -0.8638
vn -0.5401 -0.8403 -0.0465
vn -0.4853 -0.6072 -0.6290
vn -0.7193 -0.6798 -0.1432
vn -0.2871 -0.9549 0.0753
vn -0.4143 -0.6322 -0.6547
vn 0.7118 0.0311 -0.7017
vn 0.5928 0.1780 -0.7855
vn 0.8237 -0.1216 -0.5539
vn 0.8791 -0.0390 -0.4750
vn -0.1219 -0.2509 -0.9603
vn -0.4366 -0.1573 -0.8858
vn -0.1964 -0.0290 -0.9801
vn -0.4811 -0.1336 -0.8664
vn -0.5204 -0.1217 -0.8452
vn 0.4525 -0.0392 -0.8909
vn 0.3596 -0.2291 -0.9045
vn 0.3092 0.1255 -0.9427
vn 0.0534 0.0416 -0.9977
vn 0.2295 0.0005 -0.9733
vn 0.2656 0.0407 -0.9632
vn 0.2174 0.1182 -0.9689
vn 0.4341 0.1658 -0.8855
vn 0.4699 0.1924 -0.8615
vn 0.1183 -0.3531 -0.9281
vn -0.1274 -0.3281 -0.9360
vn 0.0221 0.0650 -0.9976
vn 0.1245 0.1319 -0.9834
vn -0.0806 -0.0098 -0.9967
vn -0.1607 -0.0795 -0.9838
vn -0.2895 -0.1039 -0.9515
vn 0.1098 0.0732 -0.9913
vn -0.2953 0.1867 -0.9370
vn 0.2902 0.1331 -0.9477
vn 0.1310 0.0671 -0.9891
vn 0.3720 0.1672 -0.9131
vn 0.4528 0.0811 -0.8879
vn 0.4779 0.0672 -0.8759
vn -0.3135 0.1347 -0.9400
vn 0.4399 0.0020 -0.8980
vn -0.0027 0.0825 -0.9966
vn 0.6918 0.0611 -0.7195
vn 0.6604 0.1792 -0.7293
vn -0.9955 -0.0932 0.0187
vn -0.9487 0.0472 0.3126
vn -0.8230 0.2032 0.5304
vn -0.9834 -0.1511 0.1004
vn -0.6854 -0.7196 0.1119
vn -0.3060 0.9443 0.1211
vn -0.4938 0.8690 0.0323
vn -0.4090 0.9104 -0.0619
vn -0.0151 0.9954 -0.0945
vn -0.8558 0.4057 -0.3210
vn -0.9670 0.2295 -0.1108
vn -0.9561 0.1054 -0.2736
vn -0.8028 0.2934 -0.5190
vn -0.9387 -0.1142 -0.3252
vn -0.8127 -0.1624 -0.5596
vn -0.9709 0.0885 -0.2225
vn -0.4812 -0.8314 -0.2781
vn -0.7511 -0.6531 0.0969
vn -0.4918 -0.8341 0.2497
vn -0.2297 -0.8994 -0.3719
vn -0.0238 0.9120 0.4096
vn -0.0216 0.9665 0.2557
vn -0.5512 0.8296 0.0895
vn -0.4944 0.7755 0.3927
vn -0.3911 0.9097 0.1400
vn -0.0211 0.9819 0.1881
vn -0.8275 0.0790 -0.5558
vn -0.7040 0.5105 -0.4937
vn -0.9870 0.0890 0.1336
vn -0.9070 -0.3662 -0.2082
vn -0.8022 -0.5783 -0.1485
vn -0.7641 -0.1763 -0.6205
vn -0.8435 -0.3727 -0.3868
vn 0.1625 -0.5738 0.8027
vn -0.3700 -0.9276 -0.0510
vn -0.2148 -0.9746 -0.0630
vn 0.0175 -0.9890 -0.1469
vn 0.0246 -0.9956 -0.0902
vn -0.0254 0.7837 0.6206
vn -0.4228 0.6853 0.5929
vn -0.0067 -0.7722 0.6354
vn -0.0097 -0.7609 0.6488
vn -0.5339 -0.6316 0.5622
vn -0.4619 -0.6914 0.5556
vn -0.4152 0.5226 0.7446
vn -0.5502 0.3448 0.7605
vn -0.0255 0.6775 0.7350
vn -0.0256 0.7234 0.6899
vn 0.0277 -0.8683 -0.4953
vn -0.1443 -0.8286 -0.5409
vn 0.0187 -0.9972 -0.0729
vn -0.4244 -0.8916 -0.1579
vn 0.0231 -0.9794 -0.2006
vn -0.5989 0.0744 0.7974
vn -0.8272 0.0429 0.5602
vn -0.9173 -0.3645 0.1602
vn -0.8232 -0.2831 0.4922
vn -0.8696 -0.4280 0.2461
vn -0.9541 -0.2871 -0.0856
vn -0.9021 -0.4313 0.0127
vn -0.9792 -0.1919 -0.0666
vn 0.2957 0.4389 -0.8485
vn -0.7656 -0.2328 0.5997
vn -0.8277 -0.3656 0.4258
vn -0.8612 -0.1888 0.4719
vn -0.5630 -0.7118 0.4199
vn -0.0132 -0.9998 0.0133
vn 0.0150 -0.9982 0.0583
vn 0.5998 -0.1662 0.7827
vn 0.4675 -0.0343 0.8833
vn 0.5125 0.0363 0.8579
vn 0.6511 -0.1374 0.7464
vn -0.9504 -0.3097 -0.0282
vn -0.8287 -0.2780 0.4858
vn -0.6687 -0.2568 0.6978
vn -0.9803 -0.0918 0.1746
vn -0.9929 -0.0474 -0.1090
vn -0.5798 0.3174 0.7504
vn -0.4257 0.3384 0.8392
vn -0.2926 0.3039 0.9067
vn -0.7150 0.1582 0.6810
vn 0.7119 -0.3657 0.5995
vn 0.7357 -0.2268 0.6382
vn 0.5123 -0.4311 0.7428
vn 0.8066 -0.1548 0.5705
vn -0.8522 -0.1456 0.5026
vn 0.4375 -0.4495 0.7788
vn 0.1497 -0.6132 0.7756
vn -0.6138 -0.3930 0.6847
vn -0.5362 -0.8441 0.0037
vn 0.0256 -0.9927 0.1176
vn -0.0085 -0.3987 0.9170
vn 0.1497 -0.9131 -0.3793
vn -0.2921 -0.7346 0.6124
vn -0.8725 0.4617 -0.1597
vn -0.9808 0.1949 -0.0056
vn -0.8947 0.4203 0.1512
vn -0.8518 0.5238 0.0020
vn -0.7684 0.3567 -0.5313
vn -0.8054 0.2839 -0.5204
vn -0.6266 -0.0873 -0.7745
vn 0.1025 -0.1516 -0.9831
vn -0.1825 -0.3636 -0.9135
vn -0.6870 -0.2673 -0.6757
vn -0.6311 0.1178 -0.7667
vn -0.8484 -0.0973 -0.5203
vn -0.8680 -0.2704 -0.4164
vn -0.3618 -0.1389 -0.9219
vn -0.9017 -0.4265 0.0711
vn 0.8265 -0.4500 0.3382
vn 0.7757 -0.4468 0.4458
vn 0.8640 -0.4272 0.2663
vn 0.8764 -0.2246 0.4260
vn 0.8196 -0.1053 0.5632
vn 0.9004 -0.2991 0.3161
vn 0.8646 -0.4842 -0.1340
vn 0.1881 -0.7382 -0.6478
vn 0.4072 -0.7127 -0.5712
vn 0.8543 -0.5183 -0.0393
vn -0.8520 -0.4715 -0.2276
vn 0.3898 0.8534 -0.3461
vn -0.9503 -0.2818 -0.1326
vn -0.8165 -0.2637 -0.5137
vn -0.8453 -0.5322 -0.0466
vn -0.4839 -0.5785 -0.6567
vn -0.0975 -0.7695 -0.6311
vn 0.0064 -0.9132 0.4076
vn -0.7091 0.3076 0.6345
vn -0.7244 0.1782 0.6660
vn -0.9460 0.0791 0.3144
vn -0.5174 -0.1085 -0.8488
vn -0.9397 -0.0809 -0.3322
vn -0.6799 -0.1651 -0.7145
vn 0.5225 -0.3834 -0.7616
vn 0.8333 -0.1086 -0.5421
vn 0.4958 -0.0941 -0.8633
vn 0.2362 -0.3674 -0.8996
vn -0.1301 -0.2236 -0.9660
vn -0.4412 0.3564 0.8236
vn 0.8697 -0.3429 -0.3550
vn 0.9862 0.0290 -0.1628
vn 0.0869 -0.4560 0.8857
vn 0.3593 -0.4166 0.8351
vn 0.0819 -0.5426 0.8360
vn -0.0770 -0.6257 0.7762
vn 0.9007 0.2762 0.3353
vn 0.8631 0.0805 0.4986
vn 0.3093 -0.4690 0.8273
vn 0.3697 -0.3109 0.8756
vn 0.0930 -0.3645 0.9265
vn 0.2917 -0.4436 0.8474
vn 0.3185 -0.4582 0.8298
vn -0.3125 -0.0212 -0.9497
vn 0.9749 -0.0307 0.2204
vn 0.9863 0.0920 -0.1368
vn 0.7385 0.0129 -0.6742
vn 0.8503 -0.0289 0.5255
vn 0.6599 -0.0964 0.7452
vn 0.5206 -0.2328 0.8214
vn 0.8839 0.2330 0.4056
vn 0.7821 -0.0595 0.6203
vn 0.5654 -0.2466 0.7871
vn 0.2061 -0.0034 -0.9785
vn -0.3634 0.2332 -0.9020
vn -0.9920 0.1062 0.0681
vn -0.8694 -0.1707 0.4637
vn -0.6015 0.4709 0.6454
vn -0.4787 0.1278 0.8686
vn -0.6726 0.7006 0.2383
vn -0.9290 0.1095 0.3536
vn -0.7951 0.2257 0.5630
vn -0.9356 0.1800 -0.3038
vn -0.7518 0.6541 -0.0835
vn -0.7735 -0.0900 0.6274
vn -0.3153 0.4875 0.8142
vn -0.4521 0.5515 0.7010
vn -0.4305 0.4153 0.8014
vn -0.2341 0.3598 0.9032
vn -0.9375 0.1352 -0.3207
vn -0.9678 0.2133 -0.1336
vn -0.7925 -0.5910 -0.1507
vn -0.3939 0.1352 -0.9092
vn -0.8240 -0.0627 0.5631
vn -0.7564 -0.1349 0.6401
vn -0.7320 0.0663 0.6781
vn -0.6754 0.2103 0.7069
vn -0.5320 -0.1997 0.8229
vn -0.5444 -0.0192 0.8386
vn 0.2540 0.1210 0.9596
vn 0.2466 0.1254 0.9610
vn 0.6194 0.4857 0.6168
vn 0.8236 -0.0315 0.5663
vn -0.5592 0.4817 0.6747
vn -0.6768 0.6374 0.3683
vn -0.6698 0.5468 0.5023
vn 0.9400 -0.3079 -0.1468
vn 0.7328 -0.6711 -0.1126
vn 0.6738 -0.7235 0.1497
vn 0.9883 -0.1081 0.1081
vn 0.8153 0.5362 -0.2186
vn -0.3683 0.9291 0.0333
vn 0.8181 -0.5204 -0.2446
vn 0.8262 0.3705 -0.4243
vn 0.9117 -0.3278 -0.2477
vn 0.8192 0.1859 -0.5425
vn -0.5383 0.2350 0.8093
vn -0.2872 0.1074 0.9518
vn 0.8678 0.1372 -0.4777
vn 0.9250 -0.0310 -0.3787
vn 0.8152 0.0519 -0.5769
vn 0.7923 0.0515 -0.6080
vn 0.9443 0.0058 0.3290
vn 0.6742 -0.0325 0.7378
vn 0.7365 0.0496 0.6746
vn 0.9141 0.1092 0.3906
vn -0.5432 -0.0085 0.8396
vn -0.8528 -0.0730 0.5170
vn -0.8317 -0.0680 0.5510
vn -0.5556 -0.1194 0.8229
vn -0.9947 -0.0074 0.1028
vn -0.9618 -0.0512 0.2690
vn 0.0668 -0.0596 0.9960
vn 0.0010 0.0477 0.9989
vn -0.4003 -0.9143 -0.0621
vn -0.1288 -0.9192 -0.3721
vn -0.1658 -0.9408 -0.2956
vn -0.4608 -0.8586 0.2245
vn 0.6770 -0.6256 -0.3877
vn 0.6840 -0.6889 -0.2399
vn 0.5398 -0.8089 -0.2332
vn 0.3264 -0.9063 -0.2683
vn -0.7759 -0.4606 0.4310
vn -0.8961 0.1960 0.3983
vn -0.8992 0.0918 0.4278
vn -0.6862 -0.4522 0.5697
vn 0.3552 0.8148 -0.4582
vn 0.3423 0.7741 -0.5325
vn 0.6066 0.6643 -0.4367
vn -0.1615 0.8713 -0.4635
vn 0.1762 0.9097 -0.3761
vn 0.1252 0.9846 -0.1223
vn -0.7728 0.6182 -0.1434
vn -0.4267 0.8460 -0.3198
vn -0.2225 0.9271 -0.3015
vn -0.2982 0.9207 -0.2518
vn -0.9029 0.4230 0.0767
vn -0.8907 0.3178 0.3249
vn -0.7256 0.5434 -0.4222
vn -0.4351 0.8903 -0.1344
vn -0.7143 0.6968 0.0653
vn -0.7697 0.6377 -0.0288
vn -0.6201 0.7314 -0.2839
vn -0.9600 0.0709 0.2708
vn -0.9203 0.3108 0.2377
vn -0.8586 -0.4536 0.2387
vn -0.8339 -0.5049 0.2229
vn -0.0407 -0.9664 -0.2539
vn -0.1816 -0.9457 -0.2698
vn 0.0803 -0.9707 -0.2267
vn 0.1057 -0.9580 -0.2667
vn -0.7470 0.6541 -0.1194
vn -0.0705 -0.9474 0.3121
vn -0.4025 -0.7193 0.5661
vn -0.5142 0.8546 -0.0720
vn 0.7790 -0.5540 0.2938
vn 0.5472 -0.7600 0.3506
vn 0.2382 -0.7879 0.5679
vn 0.4852 0.7785 -0.3982
vn 0.3867 0.8369 -0.3874
vn -0.1106 0.9831 -0.1461
vn -0.1803 0.9378 -0.2966
vn 0.0403 0.9230 -0.3826
vn -0.3185 0.8779 -0.3575
vn -0.4592 0.8433 -0.2791
vn -0.3771 0.8274 -0.4163
vn -0.4966 0.8652 -0.0696
vn -0.6932 0.7188 -0.0527
vn -0.2970 -0.9358 0.1898
vn 0.2259 -0.8979 -0.3779
vn 0.7259 0.1029 -0.6801
vn 0.7687 0.0757 -0.6352
vn 0.7092 0.3547 -0.6093
vn -0.8705 0.3977 0.2900
vn -0.1766 0.9580 0.2261
vn -0.4240 0.8950 0.1389
vn -0.8166 0.2034 0.5402
vn -0.7877 0.0568 0.6134
vn -0.8177 -0.1839 0.5454
vn -0.7495 -0.2168 0.6255
vn -0.5296 -0.7824 -0.3277
vn -0.0108 -0.9930 -0.1176
vn 0.7729 -0.6163 -0.1511
vn 0.5881 0.7490 0.3053
vn 0.6602 0.7511 0.0004
vn -0.2877 0.9576 0.0134
vn -0.6280 0.7723 0.0958
vn -0.4821 0.7959 -0.3662
vn -0.9134 0.3457 -0.2151
vn -0.9619 0.0857 -0.2596
vn 0.9898 -0.0816 -0.1167
vn 0.4803 -0.8750 -0.0605
vn -0.1230 -0.9667 -0.2246
vn -0.1793 -0.9811 0.0722
vn 0.9885 -0.1111 -0.1024
vn 0.9879 0.1428 -0.0605
vn 0.0173 0.9998 0.0045
vn -0.1170 0.9646 -0.2362
vn -0.7382 0.6674 -0.0987
vn -0.8549 0.5171 -0.0417
vn -0.7492 0.5628 -0.3492
vn -0.9805 0.1927 0.0393
vn -0.9987 -0.0411 -0.0293
vn 0.9644 -0.0759 -0.2533
vn 0.2075 -0.9655 0.1571
vn 0.5469 -0.8239 -0.1484
vn -0.0386 -0.9977 -0.0549
vn -0.0341 -0.9967 0.0736
vn 0.9304 -0.1035 -0.3517
vn 0.9057 0.2483 -0.3437
vn -0.8305 0.5488 -0.0950
vn -0.8895 0.4035 0.2144
vn -0.2260 0.9523 -0.2049
vn -0.2623 0.8817 -0.3923
vn -0.8612 0.4788 -0.1703
vn -0.9770 0.1721 0.1261
vn -0.9870 -0.0359 0.1569
vn 0.6412 0.0790 -0.7633
vn 0.1159 -0.9933 -0.0015
vn 0.5277 -0.8122 -0.2487
vn 0.8036 0.0260 -0.5946
vn 0.7320 0.2598 -0.6299
vn -0.8675 0.0170 0.4971
vn -0.7735 0.2766 0.5702
vn -0.7443 0.6413 0.1865
vn -0.8761 -0.1108 0.4691
vn -0.5403 -0.7614 -0.3583
vn -0.1200 -0.6528 -0.7479
vn -0.3821 0.8378 -0.3899
vn -0.9430 0.3239 0.0760
vn -0.9532 -0.1854 0.2390
vn 0.2085 -0.6149 -0.7605
vn -0.4123 -0.5098 -0.7550
vn 0.8021 -0.3035 -0.5144
vn 0.6226 0.7063 -0.3371
vn -0.4700 0.7689 -0.4335
vn -0.8322 0.0284 -0.5538
vn -0.7749 0.2717 -0.5707
vn -0.1627 -0.7116 -0.6834
vn 0.3009 -0.6122 -0.7312
vn -0.0937 0.7693 -0.6320
vn -0.7427 0.4653 -0.4815
vn -0.9088 0.0507 -0.4141
vn -0.8326 -0.1385 -0.5363
vn -0.1309 -0.8360 -0.5329
vn 0.4165 -0.7129 -0.5642
vn -0.3566 0.4875 -0.7970
vn -0.7514 0.2385 -0.6152
vn -0.8946 0.0481 -0.4442
vn -0.8479 -0.0077 -0.5301
vn -0.2151 -0.7969 -0.5645
vn 0.1780 -0.7033 -0.6883
vn -0.8962 0.4082 -0.1736
vn -0.9815 -0.0419 0.1866
vn -0.9865 -0.1396 0.0856
vn 0.4476 0.6899 -0.5689
vn 0.3534 0.4341 -0.8287
vn -0.1125 0.7390 -0.6642
vn -0.1182 0.9476 -0.2967
vn -0.0708 0.9974 0.0093
vn 0.5418 0.6568 -0.5245
vn -0.2139 0.9086 -0.3587
vn 0.2007 0.6822 -0.7031
vn 0.4883 0.2057 -0.8481
vn 0.2745 0.5982 -0.7528
vn 0.4090 0.8189 -0.4026
vn 0.5611 0.7190 -0.4101
vn 0.1596 0.7618 -0.6279
vn 0.4581 0.7636 -0.4550
vn 0.3801 0.4268 -0.8206
vn 0.6855 0.6519 -0.3243
vn 0.4670 0.6276 -0.6228
vn 0.6631 0.7217 -0.1985
vn 0.5123 0.5401 -0.6678
vn 0.8931 0.4477 0.0430
vn 0.8482 0.4879 -0.2061
vn 0.0237 0.8495 -0.5271
vn 0.9939 0.1099 -0.0057
vn 0.9514 0.0895 -0.2946
vn 0.9906 0.0631 0.1211
vn 0.8416 0.0564 -0.5371
vn 0.3048 0.8721 -0.3828
vn 0.9466 0.0903 -0.3096
vn 0.9799 0.1178 -0.1610
vn 0.6169 0.5967 -0.5132
vn 0.0070 0.4156 -0.9095
vn 0.8032 0.3892 -0.4510
vn 0.4450 -0.8954 -0.0108
vn 0.6900 -0.6883 0.2239
vn 0.6199 -0.7379 -0.2669
vn 0.2863 -0.9192 -0.2705
vn -0.1373 -0.9640 -0.2276
vn 0.0892 -0.9960 -0.0016
vn -0.6374 -0.7705 0.0114
vn -0.3921 -0.9115 0.1242
vn -0.9121 -0.3467 0.2189
vn -0.9152 0.3994 -0.0533
vn -0.5313 0.7735 -0.3455
vn -0.6700 0.4194 -0.6125
vn 0.9857 -0.1177 -0.1202
vn 0.9568 -0.2884 -0.0372
vn 0.9820 0.0664 -0.1767
vn 0.9564 0.0450 -0.2886
vn 0.9985 -0.0339 -0.0422
vn 0.8952 -0.0581 -0.4419
vn 0.7196 -0.1840 -0.6696
vn 0.9922 -0.0866 0.0892
vn 0.9916 -0.0334 -0.1248
vn -0.6515 -0.6461 0.3975
vn -0.8579 -0.5083 0.0755
vn 0.5181 0.1367 -0.8443
vn -0.5511 0.5718 -0.6077
vn 0.6116 0.0377 -0.7903
vn -0.2769 0.5819 -0.7647
vn 0.7329 0.0722 -0.6765
vn 0.2544 0.5377 -0.8038
vn -0.3121 0.8263 -0.4688
vn -0.1773 0.9776 -0.1135
vn -0.6261 -0.7744 -0.0911
vn -0.5868 -0.5399 -0.6034
vn -0.4419 -0.8750 0.1978
vn -0.6286 -0.6334 -0.4513
vn -0.2088 -0.8882 -0.4093
vn -0.1998 -0.9787 0.0481
vn -0.6449 -0.7540 -0.1247
vn 0.5373 0.0311 -0.8428
vn 0.5568 -0.0298 -0.8301
vn 0.7430 -0.1356 -0.6554
vn 0.7814 -0.1478 -0.6063
vn 0.9509 -0.1040 -0.2914
vn -0.5113 -0.3958 -0.7629
vn -0.4544 0.5805 -0.6757
vn -0.9876 0.0842 -0.1322
vn -0.9871 -0.1600 0.0085
vn 0.4912 -0.2959 -0.8193
vn -0.6396 0.1231 -0.7587
vn -0.6258 -0.0088 -0.7800
vn -0.1238 -0.3065 -0.9438
vn -0.1178 0.5012 -0.8573
vn -0.6392 0.1100 -0.7612
vn -0.9796 -0.0484 -0.1950
vn -0.0329 -0.5486 -0.8354
vn -0.4339 -0.0029 -0.9010
vn -0.5759 0.0914 -0.8124
vn -0.8853 0.1049 -0.4530
vn -0.2765 -0.3929 -0.8770
vn -0.9750 0.0448 -0.2177
vn -0.9900 -0.0799 0.1163
vn 0.2478 0.3513 -0.9029
vn -0.2723 0.5842 -0.7646
vn 0.2082 0.2799 -0.9372
vn -0.0963 0.0888 -0.9914
vn 0.1640 0.3163 -0.9344
vn 0.7838 0.2517 -0.5677
vn -0.1090 0.6290 -0.7697
vn 0.3210 0.0955 -0.9423
vn 0.2846 0.0520 -0.9572
vn 0.3844 0.0047 -0.9232
vn 0.3208 -0.0330 -0.9466
vn 0.8919 -0.0845 -0.4443
vn -0.8371 -0.2167 0.5023
vn -0.9623 -0.2708 -0.0245
vn -0.4214 -0.1762 0.8896
vn 0.9041 -0.2500 -0.3465
vn 0.6651 -0.1450 0.7325
vn 0.8497 0.1179 0.5140
vn -0.0056 -0.2851 0.9585
vn -0.9719 0.0225 -0.2344
vn -0.9027 -0.2553 -0.3464
vn -0.7100 0.0305 -0.7036
vn 0.8445 -0.4441 0.2995
vn 0.5126 -0.8561 0.0658
vn 0.0133 -0.9871 0.1598
vn -0.8923 -0.2559 0.3718
vn -0.5212 -0.7939 0.3132
vn 0.5974 -0.5718 0.5623
vn 0.0001 -0.7125 0.7017
vn 0.9599 -0.1580 -0.2314
vn -0.0195 -0.5096 -0.8602
vn 0.1673 -0.6238 -0.7635
vn -0.4770 -0.6607 -0.5797
vn -0.6601 -0.4353 -0.6122
vn 0.8207 0.0722 0.5667
vn 0.1810 0.0361 0.9828
vn -0.5333 0.2389 0.8115
vn -0.3363 0.2896 0.8961
vn -0.9185 -0.2769 0.2823
vn -0.9231 -0.3567 0.1435
vn -0.8256 -0.3984 0.3995
vn -0.8026 -0.2056 0.5599
vn -0.5147 -0.4297 0.7419
vn -0.9142 -0.2534 -0.3161
vn -0.9001 0.0615 -0.4312
vn -0.4255 0.1181 -0.8972
vn -0.4841 -0.0620 -0.8728
vn -0.7795 -0.5616 0.2775
vn -0.7834 -0.5030 0.3651
vn -0.3638 -0.5427 -0.7570
vn 0.4606 0.4444 -0.7683
vn 0.1967 0.2649 -0.9440
vn 0.1137 0.0646 -0.9914
vn -0.7434 -0.5212 -0.4192
vn -0.8197 -0.4726 -0.3237
vn -0.6443 -0.5153 -0.5652
vn 0.2535 -0.6398 -0.7256
vn -0.0547 -0.4367 -0.8979
vn -0.6454 -0.2853 -0.7086
vn 0.8802 0.3712 0.2958
vn 0.9422 0.0325 0.3335
vn -0.5480 -0.4458 0.7078
vn -0.1231 -0.4433 0.8879
vn -0.1662 -0.4343 0.8853
vn -0.2135 -0.1553 0.9645
vn -0.9387 0.0105 0.3445
vn -0.9905 -0.0328 0.1334
vn -0.0643 -0.0411 -0.9971
vn 0.6970 0.1074 -0.7090
vn -0.0530 -0.1982 -0.9787
vn 0.6025 -0.1572 -0.7825
vn 0.5926 -0.4252 -0.6841
vn -0.9383 0.2524 0.2363
vn -0.7989 0.5771 0.1696
vn -0.8893 -0.1435 0.4342
vn -0.9765 -0.2116 -0.0405
vn -0.4023 -0.0983 0.9102
vn 0.9271 -0.1234 -0.3540
vn 0.9433 -0.2409 -0.2282
vn -0.9913 0.1306 -0.0150
vn -0.8774 -0.3633 -0.3132
vn -0.8536 -0.3818 -0.3544
vn 0.9259 0.2978 0.2325
vn -0.8826 0.2612 0.3909
vn -0.9571 -0.2644 0.1186
vn -0.9349 -0.3549 -0.0063
vn 0.8011 -0.5794 0.1498
vn 0.8823 -0.4630 -0.0847
vn -0.5527 -0.3077 0.7745
vn 0.6874 -0.5955 0.4157
vn 0.6528 -0.7387 0.1681
vn 0.7796 -0.6018 0.1734
vn 0.6802 -0.6245 0.3839
vn 0.1527 -0.3489 0.9246
vn 0.7308 -0.1818 -0.6579
vn 0.7386 -0.3530 -0.5743
vn -0.9901 -0.0473 0.1320
vn -0.9486 -0.0475 0.3130
vn 0.7447 -0.5536 -0.3728
vn 0.6844 -0.4382 -0.5827
vn 0.8362 -0.3292 -0.4386
vn 0.5545 -0.5682 -0.6080
vn 0.6488 -0.5650 -0.5097
vn -0.0940 -0.7345 -0.6720
vn 0.7932 -0.1591 -0.5878
vn -0.6581 -0.1958 -0.7270
vn -0.9730 -0.2052 -0.1060
vn -0.8633 0.4355 -0.2550
vn -0.8520 0.5231 0.0225
vn 0.1082 -0.9525 0.2846
vn 0.6450 -0.5666 0.5128
vn 0.2759 -0.8523 0.4443
vn 0.1920 -0.8279 0.5270
vn 0.0966 -0.8410 0.5324
vn -0.4637 -0.6412 0.6114
vn 0.5376 0.0160 -0.8431
vn 0.9611 -0.0649 -0.2686
vn -0.8848 -0.3666 -0.2874
vn 0.5820 0.2558 -0.7719
vn 0.6457 0.2128 -0.7333
vn -0.6110 -0.7914 0.0213
vn 0.9100 0.4058 -0.0850
vn -0.5401 -0.1553 0.8272
vn -0.0109 -0.3743 0.9272
vn -0.0614 0.8476 -0.5270
vn 0.5028 -0.1819 -0.8450
vn 0.0906 -0.5245 -0.8466
vn -0.6290 -0.3811 -0.6776
vn -0.8657 -0.2744 -0.4187
vn -0.9132 -0.1273 -0.3871
vn -0.1272 -0.5906 -0.7969
vn -0.2519 -0.6509 -0.7161
vn -0.6226 -0.3474 -0.7011
vn -0.9223 -0.2068 -0.3264
vn -0.9058 0.0936 -0.4133
vn 0.6683 -0.0176 -0.7437
vn -0.5115 -0.4657 -0.7222
vn -0.9419 -0.2259 0.2485
vn -0.6771 -0.6570 -0.3315
vn -0.8949 -0.4159 0.1619
vn -0.5425 -0.6884 -0.4815
vn -0.2265 -0.6705 -0.7065
vn 0.0698 -0.9866 0.1476
vn 0.0131 -0.9874 0.1579
vn -0.5428 -0.8317 0.1171
vn -0.9193 -0.1719 -0.3541
vn -0.5936 -0.3288 -0.7345
vn 0.0157 -0.6565 -0.7542
vn 0.7686 -0.4766 -0.4268
vn 0.9678 -0.2303 0.1015
vn -0.9767 0.1713 0.1291
vn -0.9847 -0.0162 0.1735
vn -0.9575 0.0526 0.2837
vn -0.9482 0.1945 0.2512
vn -0.9659 0.0201 0.2580
vn -0.9841 -0.0165 0.1770
vn -0.9053 0.2598 0.3361
vn -0.8112 0.1822 0.5557
vn -0.8013 0.0391 0.5970
vn -0.7741 -0.1137 0.6228
vn -0.6637 -0.1244 0.7375
vn -0.5053 -0.2887 0.8132
vn 0.6402 0.5567 -0.5293
vn -0.7408 0.0846 0.6664
vn -0.7580 0.3196 0.5686
vn -0.7402 -0.2062 0.6400
vn 0.3053 -0.5741 0.7598
vn 0.0591 0.2901 0.9552
vn 0.0490 0.2915 0.9553
vn -0.0653 0.5801 0.8119
vn -0.1229 0.6250 0.7709
vn -0.2461 0.4727 0.8462
vn -0.0939 0.3716 0.9236
vn -0.1630 0.6433 0.7481
vn -0.2086 0.1577 0.9652
vn -0.0808 0.1053 0.9912
vn 0.0899 0.0222 0.9957
vn 0.0455 0.1148 0.9923
vn -0.1079 -0.1247 0.9863
vn -0.0867 -0.1155 0.9895
vn 0.0694 -0.0895 0.9936
vn 0.0471 -0.2126 0.9760
vn 0.7485 -0.6499 0.1315
vn -0.4601 -0.8820 0.1014
vn -0.4055 -0.8759 0.2616
vn 0.1647 -0.9167 0.3640
vn 0.0940 -0.4019 0.9109
vn -0.1194 -0.4381 0.8910
vn 0.0591 -0.2883 0.9557
vn 0.0026 -0.4158 0.9094
vn 0.1112 -0.5855 0.8030
vn -0.1605 -0.8159 0.5554
vn -0.1613 -0.8876 0.4314
vn 0.0508 -0.8698 0.4907
vn 0.3367 -0.7129 0.6151
vn -0.2342 -0.8188 0.5242
vn 0.4325 -0.8560 0.2831
vn -0.5149 -0.7618 0.3930
vn -0.7912 0.2496 0.5583
vn -0.9923 -0.0996 -0.0734
vn -0.7905 0.2117 -0.5748
vn -0.6464 0.1062 -0.7555
vn -0.2785 0.2741 -0.9205
vn 0.3109 0.3650 -0.8775
vn 0.2726 0.4847 -0.8311
vn -0.3784 0.3828 -0.8427
vn 0.7633 0.2723 -0.5858
vn 0.9858 0.1267 -0.1098
vn -0.9051 -0.3277 0.2710
vn -0.8266 0.2717 0.4930
vn -0.9012 0.2970 0.3156
vn -0.6400 0.7562 -0.1361
vn -0.6020 0.7654 -0.2275
vn -0.0125 0.9782 -0.2071
vn -0.0130 0.9836 -0.1801
vn -0.8705 0.4769 -0.1217
vn -0.7197 0.6757 -0.1597
vn -0.8393 -0.5041 -0.2034
vn -0.9203 0.3768 0.1055
vn -0.9099 0.4148 0.0010
vn -0.7745 -0.5936 0.2187
vn -0.9195 -0.3091 0.2428
vn -0.9210 0.1566 -0.3568
vn -0.1468 -0.2834 -0.9477
vn -0.6756 -0.4497 0.5842
vn -0.1775 0.9561 0.2333
vn 0.3153 0.9132 -0.2582
vn -0.0736 0.4741 -0.8774
vn -0.0853 -0.4471 0.8904
vn -0.2669 -0.8420 0.4688
vn -0.1812 -0.8349 0.5197
vn -0.3269 -0.8285 -0.4547
vn -0.2643 -0.8814 -0.3916
vn 0.9298 0.2098 -0.3024
vn 0.9119 0.3979 -0.1009
vn 0.9956 0.0439 -0.0831
vn 0.9837 0.0801 -0.1607
vn 0.9492 -0.1089 -0.2951
vn 0.8278 0.0504 -0.5588
vn 0.9391 -0.2667 -0.2167
vn -0.9986 -0.0464 -0.0240
vn -0.9351 0.3335 -0.1197
vn -0.9721 0.1483 -0.1817
vn -0.9990 -0.0397 -0.0201
vn -0.9751 -0.1416 -0.1704
vn -0.8957 0.0079 -0.4445
vn -0.0630 -0.3540 -0.9331
vn -0.9180 -0.2233 -0.3277
vn -0.0224 0.9587 -0.2836
vn -0.2313 0.8571 -0.4604
vn -0.2044 0.3502 -0.9141
vn 0.1929 -0.3946 0.8984
vn 0.6653 -0.4067 0.6261
vn 0.8364 -0.4905 0.2446
vn 0.1300 -0.8921 0.4327
vn 0.1381 -0.8892 0.4362
vn 0.7728 -0.6099 0.1756
vn 0.1369 -0.9824 0.1270
vn 0.7633 -0.6387 0.0978
vn 0.1747 -0.9813 0.0808
vn 0.8929 0.3208 -0.3159
vn 0.8468 0.5157 -0.1303
vn 0.8027 0.0948 -0.5889
vn -0.9347 -0.0338 0.3537
vn -0.7198 0.4350 0.5410
vn -0.9447 0.2260 0.2376
vn -0.9677 -0.0179 0.2513
vn -0.9859 -0.0648 0.1541
vn -0.9976 0.0646 -0.0269
vn -0.3627 -0.1569 -0.9186
vn -0.9922 -0.0569 0.1112
vn 0.0687 0.8633 0.5001
vn 0.0632 0.9823 0.1762
vn -0.2699 0.6064 -0.7480
vn 0.8603 0.2647 -0.4356
vn 0.8674 0.4904 -0.0844
vn 0.5386 -0.5054 -0.6742
vn 0.7088 -0.5675 -0.4189
vn 0.9237 -0.3032 -0.2342
vn 0.7074 0.1464 -0.6915
vn 0.8780 -0.3908 0.2763
vn 0.5851 -0.7738 0.2427
vn 0.0668 -0.8929 -0.4452
vn -0.2973 -0.8793 -0.3721
vn -0.8044 -0.0478 0.5922
vn -0.6890 0.5085 0.5165
vn -0.8964 0.2969 0.3290
vn -0.8677 0.0044 0.4971
vn -0.9422 -0.0712 0.3275
vn -0.9832 0.1718 -0.0622
vn -0.3866 -0.1818 -0.9042
vn -0.9746 -0.0371 0.2210
vn 0.1745 0.9828 0.0598
vn -0.0357 0.9930 -0.1128
vn -0.3082 0.5239 -0.7940
vn 0.7046 0.3324 -0.6270
vn 0.7903 0.5071 -0.3440
vn 0.6773 -0.3089 -0.6677
vn 0.5070 -0.7920 -0.3400
vn 0.8505 -0.3554 -0.3877
vn 0.4740 0.1164 -0.8728
vn 0.8933 -0.4366 0.1071
vn 0.5359 -0.7451 0.3970
vn 0.2406 -0.9705 0.0135
vn -0.1494 -0.9084 -0.3906
vn -0.8481 -0.0747 0.5246
vn -0.7955 -0.1377 0.5901
vn -0.8122 0.3875 0.4362
vn -0.9078 0.3114 0.2810
vn -0.9003 -0.1088 0.4214
vn -0.9928 0.0777 0.0912
vn -0.4249 -0.3167 -0.8481
vn -0.8807 -0.2337 0.4121
vn 0.4210 0.8168 -0.3945
vn -0.2225 0.9260 -0.3049
vn -0.3217 0.4526 -0.8317
vn 0.7062 0.2582 -0.6593
vn 0.7687 0.3093 -0.5599
vn 0.7134 -0.5632 -0.4170
vn 0.6837 -0.6450 -0.3412
vn 0.8353 -0.3325 -0.4379
vn 0.5969 0.0300 -0.8018
vn 0.9137 -0.4064 -0.0068
vn 0.5568 -0.7660 0.3213
vn 0.2711 -0.9621 0.0281
vn 0.1382 -0.9767 0.1642
vn -0.1021 -0.2371 -0.9661
vn -0.3392 -0.3032 -0.8905
vn -0.4633 -0.4095 -0.7860
vn -0.6061 -0.4565 -0.6513
vn -0.7997 -0.4170 -0.4321
vn -0.9462 -0.3130 0.0819
vn -0.0211 0.9883 0.1513
vn -0.5729 0.8119 -0.1124
vn -0.0167 0.9999 -0.0037
vn -0.4084 -0.8732 -0.2661
vn -0.7116 -0.6870 -0.1474
vn 0.0217 -0.9684 -0.2483
vn -0.7988 -0.5986 0.0598
vn -0.4612 -0.8823 0.0940
vn 0.0124 -0.9788 0.2042
vn -0.8170 -0.5553 -0.1552
vn -0.4216 -0.8823 -0.2092
vn 0.0201 -0.9859 -0.1660
vn -0.6180 0.7850 -0.0434
vn -0.8529 0.4944 0.1677
vn -0.7113 0.6162 0.3381
vn -0.4861 0.8504 0.2012
vn -0.9541 0.2929 0.0632
vn -0.9965 -0.0780 0.0308
vn -0.8043 0.4301 0.4100
vn -0.8996 0.3912 0.1940
vn -0.9201 -0.3774 0.1045
vn -0.7886 0.6125 0.0553
vn -0.5090 0.8499 -0.1360
vn -0.0140 0.9872 -0.1590
vn -0.8603 0.5096 0.0143
vn -0.6167 0.7869 -0.0228
vn -0.0154 0.9965 -0.0817
vn -0.9058 -0.0018 -0.4237
vn -0.8704 -0.4628 0.1681
vn -0.8146 -0.5299 0.2360
vn -0.9267 -0.1015 -0.3618
vn 0.6768 -0.2480 0.6931
vn 0.4134 -0.3202 0.8524
vn -0.0040 -0.4146 0.9100
vn -0.5858 0.2460 -0.7722
vn 0.8769 0.3272 -0.3520
vn 0.7418 0.6533 -0.1515
vn 0.9872 -0.0468 -0.1525
vn 0.9425 -0.1124 -0.3147
vn 0.6990 0.1525 -0.6987
vn 0.8808 -0.1660 -0.4434
vn 0.8439 -0.2109 -0.4934
vn -0.7262 -0.2124 -0.6539
vn -0.1660 0.9484 -0.2700
vn -0.0490 0.9979 0.0413
vn -0.3484 0.4946 -0.7962
vn 0.0167 -0.7363 0.6764
vn -0.5495 -0.6431 0.5333
vn -0.5114 -0.4693 0.7199
vn -0.1407 -0.9716 0.1901
vn -0.6885 -0.6637 0.2924
vn -0.0846 -0.9964 0.0086
vn -0.6405 -0.7503 0.1635
vn -0.9639 0.1370 0.2283
vn -0.7778 0.5447 0.3137
vn -0.9960 0.0816 -0.0363
vn 0.7875 0.2337 -0.5702
vn 0.7039 0.6109 -0.3624
vn 0.9116 -0.0918 -0.4007
vn 0.8409 -0.1991 -0.5032
vn 0.6333 0.1074 -0.7664
vn 0.8303 -0.1998 -0.5203
vn 0.8408 -0.1755 -0.5121
vn -0.7720 0.0067 -0.6355
vn -0.0879 0.8807 -0.4655
vn -0.2217 0.9721 0.0763
vn -0.3608 0.5094 -0.7812
vn 0.0403 -0.7453 0.6655
vn -0.5946 -0.5801 0.5567
vn -0.4752 -0.4917 0.7297
vn -0.0854 -0.9310 0.3548
vn -0.6316 -0.6657 0.3975
vn -0.1239 -0.9798 0.1570
vn -0.7583 -0.4901 0.4300
vn -0.8809 0.3698 0.2954
vn -0.8132 0.3871 0.4346
vn -0.9725 0.2281 -0.0476
vn 0.9069 0.3000 -0.2960
vn 0.7154 0.6683 -0.2037
vn 0.9984 -0.0535 -0.0188
vn 0.9866 -0.0700 -0.1473
vn 0.8174 0.1481 -0.5567
vn 0.9573 -0.0753 -0.2792
vn 0.9489 -0.1323 -0.2864
vn -0.6168 -0.1646 -0.7697
vn -0.2396 0.8381 -0.4901
vn -0.1033 0.9745 -0.1993
vn -0.2562 0.3884 -0.8852
vn 0.0977 -0.7025 0.7049
vn -0.6082 -0.6529 0.4515
vn -0.5860 -0.4853 0.6489
vn 0.0315 -0.9177 0.3961
vn -0.7373 -0.6072 0.2962
vn -0.0149 -0.9553 0.2951
vn -0.6413 -0.6919 0.3316
vn -0.9937 0.1122 -0.0059
vn -0.8799 0.4748 0.0191
vn -0.9667 0.0371 -0.2531
vn 0.9588 0.2600 -0.1143
vn 0.8574 0.5082 -0.0813
vn 0.9865 -0.0904 0.1365
vn 0.9924 -0.1076 0.0600
vn 0.9174 0.1241 -0.3782
vn 0.9914 -0.1251 -0.0390
vn 0.9832 -0.1766 -0.0469
vn -0.4844 -0.0785 -0.8713
vn -0.0410 0.8170 -0.5751
vn 0.1550 0.9258 -0.3448
vn -0.0969 0.4093 -0.9072
vn -0.0601 -0.6628 0.7464
vn -0.7271 -0.5816 0.3648
vn -0.7384 -0.4087 0.5364
vn -0.0609 -0.8978 0.4361
vn -0.6980 -0.6968 0.1652
vn -0.0773 -0.9664 0.2452
vn -0.8729 -0.4868 0.0317
vn -0.9528 0.1552 -0.2608
vn -0.8226 0.5039 -0.2635
vn -0.8948 0.1244 -0.4287
vn 0.9828 0.1802 0.0404
vn 0.7950 0.5881 0.1485
vn 0.9433 -0.1965 0.2676
vn 0.9594 -0.2412 0.1464
vn 0.9583 0.0633 -0.2788
vn 0.9698 -0.2407 0.0398
vn 0.9576 -0.2861 0.0347
vn -0.3613 0.0843 -0.9286
vn 0.0083 0.9024 -0.4307
vn -0.0219 0.9956 -0.0913
vn 0.0724 0.5230 -0.8493
vn -0.2407 -0.7584 0.6058
vn -0.8177 -0.5482 0.1757
vn -0.8309 -0.4192 0.3660
vn -0.1715 -0.9604 0.2197
vn -0.8425 -0.5335 -0.0745
vn -0.0692 -0.9915 0.1100
vn -0.7019 -0.7019 -0.1213
vn -0.9130 0.2270 -0.3389
vn -0.8001 0.5461 -0.2481
vn -0.8104 0.2569 -0.5266
vn 0.4990 0.2719 0.8228
vn 0.5942 0.3092 0.7425
vn 0.0885 -0.9046 -0.4169
vn 0.1273 -0.9912 -0.0356
vn 0.2936 -0.7821 0.5497
vn 0.9555 0.1708 -0.2407
vn 0.9747 0.1871 -0.1226
vn 0.8340 0.5249 -0.1698
vn 0.8122 0.5656 -0.1428
vn 0.7500 -0.6511 -0.1163
vn 0.7351 -0.6750 -0.0631
vn 0.9089 -0.1973 -0.3675
vn 0.4066 -0.8807 -0.2430
vn 0.6019 -0.7856 0.1436
vn 0.6356 -0.7529 -0.1705
vn 0.6497 -0.7597 -0.0287
vn 0.5649 -0.8155 0.1262
vn 0.7345 -0.6742 0.0767
vn 0.8961 0.2375 0.3749
vn 0.7115 0.6763 -0.1907
vn 0.9914 0.0379 -0.1250
vn 0.9261 -0.3262 0.1895
vn 0.5972 -0.6558 -0.4618
vn 0.1995 -0.8662 -0.4582
vn 0.0099 -0.9976 -0.0688
vn 0.3298 -0.9086 0.2564
vn 0.0473 -0.9893 -0.1383
vn -0.4882 -0.8287 -0.2739
vn -0.7324 -0.6670 0.1368
vn -0.5762 -0.7279 0.3716
vn -0.2056 -0.8980 0.3891
vn 0.0603 -0.9771 0.2040
vn 0.1277 -0.7862 0.6046
vn -0.0320 -0.4846 0.8741
vn -0.1139 0.9349 -0.3361
vn 0.1527 0.9875 0.0401
vn -0.3621 0.9188 0.1569
vn -0.3486 0.9324 -0.0953
vn 0.4634 0.8362 -0.2934
vn -0.0895 0.9960 0.0002
vn -0.2219 0.9636 -0.1491
vn 0.2626 0.9559 -0.1317
vn 0.8040 0.5553 -0.2129
vn 0.3359 0.9259 -0.1730
vn 0.2330 0.9304 -0.2829
vn 0.7282 0.5833 -0.3598
vn 0.3856 -0.8715 0.3030
vn 0.2305 -0.7411 0.6306
vn 0.8051 0.5912 0.0476
vn 0.6465 0.7628 0.0129
vn 0.3924 0.9031 -0.1744
vn -0.1232 0.8461 -0.5186
vn 0.4309 0.8505 -0.3018
vn 0.3924 0.5822 -0.7121
vn 0.9515 0.0237 -0.3067
vn 0.9119 0.0682 -0.4048
vn -0.4348 -0.5463 0.7159
vn -0.3902 -0.1394 0.9101
vn 0.8834 -0.4144 -0.2188
vn 0.8364 -0.4907 0.2443
vn 0.9882 0.1459 0.0469
vn 0.9593 0.2233 -0.1729
vn -0.2350 -0.9664 -0.1043
vn 0.1933 -0.9520 -0.2375
vn -0.0831 -0.8495 -0.5210
vn 0.2681 -0.9353 -0.2309
vn -0.1417 -0.9876 0.0677
vn 0.1249 -0.9397 -0.3185
vn 0.3859 0.9139 -0.1261
vn 0.9558 -0.2445 -0.1635
vn -0.4530 0.8404 0.2976
vn 0.0179 0.9990 0.0419
vn -0.1254 0.9314 -0.3416
vn 0.2148 0.9461 -0.2423
vn 0.0501 0.9925 0.1113
vn 0.4318 0.8402 -0.3280
vn -0.8703 -0.4890 -0.0595
vn -0.4678 -0.8670 0.1717
vn -0.9022 0.2324 -0.3632
vn -0.9478 0.0834 -0.3078
vn 0.9069 -0.1456 0.3954
vn 0.9630 0.1746 0.2055
vn 0.5498 0.8090 -0.2080
vn 0.5862 0.8094 -0.0366
vn 0.9318 -0.2085 0.2972
vn 0.0105 -0.9984 0.0553
vn 0.5834 -0.7721 -0.2521
vn -0.8174 -0.3621 0.4480
vn 0.1266 0.9843 -0.1232
vn 0.3818 0.8334 -0.3996
vn -0.4640 0.8815 0.0870
vn -0.6787 0.6981 0.2281
vn 0.8140 0.1199 -0.5684
vn 0.7684 0.1060 -0.6312
vn 0.7298 0.3218 -0.6032
vn -0.6325 0.7719 -0.0638
vn -0.1513 -0.9883 0.0170
vn -0.5705 -0.7564 0.3198
vn -0.9588 0.0798 0.2725
vn -0.8861 -0.1928 0.4214
vn 0.4687 0.7643 -0.4430
vn -0.0610 0.9650 -0.2550
vn 0.9228 0.0662 -0.3796
vn 0.9240 0.0907 -0.3715
vn 0.8561 0.2616 -0.4457
vn -0.6128 0.7467 -0.2589
vn -0.2654 -0.9485 -0.1731
vn -0.0601 -0.9270 -0.3703
vn -0.7551 -0.6302 0.1806
vn 0.0274 -0.9841 -0.1757
vn -0.9855 -0.0003 0.1699
vn -0.9897 -0.0543 0.1326
vn 0.0833 0.9630 -0.2562
vn 0.7526 0.6224 -0.2150
vn 0.9764 -0.0953 -0.1939
vn 0.9598 -0.1704 -0.2231
vn 0.9707 0.0296 -0.2385
vn -0.5200 0.7607 -0.3885
vn -0.5486 -0.8144 0.1892
vn -0.2958 -0.9401 0.1694
vn -0.9601 0.2199 -0.1726
vn -0.9791 0.1715 -0.1096
vn 0.8561 0.5091 -0.0888
vn 0.9980 0.0086 0.0620
vn 0.9704 -0.2155 0.1090
vn -0.7461 -0.4942 -0.4462
vn -0.0563 -0.5836 -0.8101
vn 0.8485 -0.0442 -0.5274
vn 0.6014 0.3023 -0.7395
vn 0.8415 -0.2049 -0.4998
vn 0.2495 -0.7046 -0.6643
vn -0.3915 -0.5508 -0.7372
vn -0.8479 -0.3082 -0.4313
vn -0.3002 0.5634 -0.7697
vn -0.5651 0.5491 -0.6157
vn 0.3245 0.2607 -0.9092
vn 0.3872 0.0404 -0.9211
vn -0.5771 -0.6858 -0.4434
vn -0.2268 -0.3748 -0.8989
vn 0.0219 0.6231 -0.7818
vn -0.2808 0.4467 -0.8494
vn 0.6069 0.0787 -0.7909
vn -0.2160 0.4021 -0.8897
vn -0.5758 -0.6245 -0.5277
vn -0.0770 -0.5461 -0.8342
vn 0.2453 0.5664 -0.7868
vn -0.1336 0.4448 -0.8856
vn 0.7132 -0.2361 -0.6600
vn 0.4298 0.1709 -0.8866
vn -0.4507 -0.5924 -0.6678
vn 0.0712 -0.6196 -0.7817
vn 0.6598 0.1069 -0.7438
vn 0.5286 0.4928 -0.6912
vn 0.8580 -0.2345 -0.4571
vn 0.2301 0.9379 -0.2595
vn 0.2783 0.5327 -0.7992
vn -0.2993 0.4878 -0.8200
vn -0.7713 0.5752 -0.2726
vn -0.5585 0.8024 -0.2103
vn 0.3550 0.9305 -0.0900
vn -0.5668 0.8235 -0.0254
vn -0.4858 0.7302 -0.4804
vn 0.0391 0.4095 -0.9115
vn -0.6090 0.2053 -0.7662
vn -0.1095 0.9629 -0.2466
vn -0.0303 0.9967 -0.0749
vn -0.3149 0.5095 -0.8007
vn -0.7823 0.6185 -0.0736
vn -0.5604 0.8261 -0.0587
vn -0.4240 0.9023 0.0779
vn -0.5080 0.4963 -0.7040
vn -0.7654 0.6389 0.0776
vn -0.5650 0.7916 0.2326
vn -0.2120 0.9747 -0.0708
vn -0.6039 0.7813 0.1574
vn -0.2626 0.8933 -0.3647
vn -0.8934 0.2701 -0.3590
vn -0.8335 0.3115 0.4564
vn -0.8922 0.0881 0.4430
vn -0.9753 0.0461 0.2160
vn -0.7946 0.1211 0.5950
vn -0.5236 0.4141 0.7445
vn -0.9041 -0.1398 0.4039
vn -0.9943 0.0208 0.1047
vn -0.8920 0.3559 -0.2787
vn -0.8992 0.2032 0.3875
vn -0.8025 0.3506 -0.4828
vn 0.1966 0.3601 -0.9120
vn 0.4739 0.3576 -0.8047
vn 0.2197 0.9055 -0.3630
vn 0.5669 -0.6196 0.5428
vn 0.1963 -0.3228 0.9259
vn 0.1581 -0.5554 0.8164
vn 0.6904 -0.6940 0.2043
vn 0.7832 -0.6113 -0.1135
vn 0.6608 -0.7189 -0.2157
vn 0.3346 -0.7429 0.5798
vn 0.3287 -0.8383 -0.4350
vn -0.7473 0.2005 -0.6335
vn 0.0593 0.8054 -0.5898
vn -0.7728 0.1982 -0.6029
vn -0.0329 0.9971 -0.0690
vn -0.8687 0.2420 -0.4322
vn 0.1593 0.8546 -0.4943
vn -0.0955 -0.5163 -0.8510
vn 0.5297 -0.8438 -0.0859
vn 0.4118 -0.6074 -0.6793
vn 0.6993 -0.6858 -0.2016
vn 0.3458 -0.6349 -0.6909
vn 0.2889 -0.9554 0.0612
vn -0.7761 0.0249 -0.6301
vn -0.6630 0.1626 -0.7307
vn -0.8615 -0.1369 -0.4889
vn -0.9211 -0.0409 -0.3871
vn 0.0272 -0.2656 -0.9637
vn 0.3482 -0.1729 -0.9213
vn 0.3943 -0.1491 -0.9068
vn 0.1006 -0.0448 -0.9939
vn 0.4358 -0.1368 -0.8896
vn -0.5367 -0.0497 -0.8423
vn -0.4463 -0.2404 -0.8620
vn -0.1491 0.0272 -0.9884
vn -0.3983 0.1134 -0.9102
vn -0.3225 -0.0125 -0.9465
vn -0.3573 0.0281 -0.9336
vn -0.5170 0.1553 -0.8418
vn -0.3095 0.1052 -0.9450
vn -0.5502 0.1823 -0.8149
vn -0.1963 -0.3280 -0.9240
vn 0.0245 -0.3014 -0.9532
vn -0.1733 0.1027 -0.9795
vn -0.1179 0.0995 -0.9880
vn -0.0526 -0.0434 -0.9977
vn 0.0787 -0.0742 -0.9941
vn 0.1967 -0.0982 -0.9755
vn 0.2186 0.2191 -0.9509
vn -0.2464 0.0641 -0.9671
vn -0.3799 0.1208 -0.9171
vn -0.2586 0.0532 -0.9645
vn -0.4579 0.1559 -0.8752
vn -0.5601 0.0570 -0.8265
vn -0.5362 0.0706 -0.8411
vn 0.2722 0.1017 -0.9568
vn -0.5248 -0.0086 -0.8512
vn -0.0176 0.0010 -0.9998
vn -0.6810 0.0183 -0.7321
vn -0.7273 0.1722 -0.6644
vn 0.9837 -0.1415 0.1110
vn 0.9594 -0.1969 0.2019
vn 0.7884 0.2371 0.5676
vn 0.9414 0.1241 0.3136
vn 0.6431 -0.7487 0.1606
vn 0.2673 0.9542 0.1345
vn 0.3797 0.9241 -0.0445
vn 0.4621 0.8852 0.0537
vn 0.8574 0.4303 -0.2823
vn 0.8279 0.3100 -0.4674
vn 0.9718 0.1248 -0.1999
vn 0.9561 0.2822 -0.0793
vn 0.9706 0.0687 -0.2305
vn 0.8199 -0.2811 -0.4987
vn 0.9473 -0.2087 -0.2429
vn 0.5236 -0.8129 -0.2550
vn 0.2761 -0.8908 -0.3609
vn 0.5084 -0.8171 0.2717
vn 0.7678 -0.6272 0.1308
vn 0.4780 0.7757 0.4121
vn 0.5373 0.8350 0.1188
vn 0.3530 0.9225 0.1563
vn 0.7127 0.5328 -0.4563
vn 0.8513 0.1809 -0.4924
vn 0.9785 0.1789 0.1030
vn 0.9181 -0.2689 -0.2912
vn 0.8517 -0.5161 0.0909
vn 0.8742 -0.2449 -0.4193
vn 0.8135 -0.0707 -0.5772
vn -0.0908 -0.5256 0.8459
vn 0.4067 -0.9128 -0.0364
vn 0.2451 -0.9680 -0.0539
vn 0.3934 0.6859 0.6122
vn 0.4542 -0.6926 0.5604
vn 0.5247 -0.6326 0.5697
vn 0.3913 0.5173 0.7611
vn 0.5244 0.3493 0.7765
vn 0.1997 -0.8260 -0.5271
vn 0.4644 -0.8744 -0.1409
vn 0.8384 0.0610 0.5416
vn 0.5988 0.0366 0.8001
vn 0.9223 -0.3277 0.2051
vn 0.9607 -0.2777 0.0006
vn 0.8816 -0.3478 0.3191
vn 0.8388 -0.2386 0.4893
vn 0.9144 -0.4025 0.0435
vn 0.9869 -0.1606 -0.0139
vn -0.3712 0.3823 -0.8462
vn 0.8157 -0.3488 0.4616
vn 0.7444 -0.2329 0.6258
vn 0.8361 -0.2142 0.5050
vn 0.5451 -0.7051 0.4535
vn 0.0348 -0.9993 0.0165
vn -0.6947 -0.0667 0.7162
vn -0.7132 -0.0798 0.6964
vn -0.6438 0.1664 0.7469
vn -0.6457 0.1379 0.7510
vn 0.9571 -0.2861 0.0453
vn 0.3407 -0.2081 0.9169
vn 0.8170 -0.2071 0.5381
vn 0.9775 -0.0478 0.2054
vn 0.9817 0.0139 -0.1902
vn 0.4909 0.4013 0.7732
vn 0.1970 0.4191 0.8863
vn 0.3699 0.4111 0.8332
vn 0.6433 0.2781 0.7133
vn -0.7684 -0.2934 0.5687
vn -0.7393 -0.2269 0.6340
vn -0.8495 -0.0522 0.5251
vn -0.5066 -0.3826 0.7726
vn 0.8399 -0.0384 0.5414
vn -0.4661 -0.3103 0.8285
vn -0.1460 -0.5072 0.8494
vn 0.6086 -0.3607 0.7068
vn 0.5428 -0.8397 0.0154
vn 0.3164 -0.7215 0.6159
vn 0.8655 0.4860 -0.1214
vn 0.9732 0.2257 0.0439
vn 0.7966 0.5556 0.2383
vn 0.8796 0.3246 -0.3479
vn 0.8022 0.4352 -0.4088
vn 0.7880 0.6043 0.1178
vn 0.7765 -0.1313 -0.6163
vn 0.8114 -0.3396 -0.4757
vn 0.4878 -0.4401 -0.7539
vn 0.2711 -0.3192 -0.9081
vn 0.7662 0.1222 -0.6308
vn 0.6699 -0.1991 -0.7153
vn 0.6852 -0.0472 -0.7268
vn 0.9163 0.0053 -0.4005
vn 0.7100 -0.0764 -0.7001
vn -0.8419 -0.3771 0.3860
vn -0.8873 -0.3609 0.2871
vn -0.9229 -0.3543 0.1506
vn -0.9023 -0.0223 0.4305
vn -0.9529 -0.1685 0.2521
vn -0.9588 -0.2065 0.1953
vn -0.8801 -0.4151 -0.2306
vn -0.8743 -0.4505 -0.1807
vn -0.3131 -0.7328 -0.6041
vn -0.1832 -0.7836 -0.5937
vn 0.8676 -0.4914 -0.0757
vn 0.5040 -0.8228 -0.2626
vn 0.8683 -0.2329 -0.4380
vn 0.7781 -0.5355 -0.3284
vn 0.8635 -0.5043 -0.0073
vn 0.8427 -0.2403 -0.4818
vn 0.1625 -0.7623 -0.6265
vn 0.4852 0.3605 0.7966
vn 0.9068 0.0742 0.4151
vn 0.6020 0.1749 0.7791
vn 0.5584 -0.3234 -0.7639
vn 0.7420 -0.3313 -0.5829
vn 0.9543 -0.2002 -0.2220
vn -0.5349 -0.4190 -0.7337
vn -0.1806 -0.4794 -0.8588
vn -0.4760 -0.2531 -0.8422
vn -0.8148 -0.2043 -0.5425
vn 0.1378 -0.4142 -0.8997
vn 0.1343 0.4259 0.8947
vn -0.8871 -0.2635 -0.3789
vn -0.9749 0.0256 -0.2212
vn -0.0352 -0.3350 0.9416
vn 0.1407 -0.5261 0.8387
vn -0.0698 -0.4043 0.9120
vn -0.3524 -0.2778 0.8937
vn -0.8737 0.1958 0.4454
vn -0.8964 0.3875 0.2151
vn -0.2436 -0.3881 0.8888
vn -0.0301 -0.2567 0.9660
vn -0.3327 -0.1893 0.9238
vn -0.2604 -0.3526 0.8988
vn -0.2052 -0.3704 0.9059
vn 0.1928 -0.0504 -0.9799
vn -0.9879 0.0722 -0.1370
vn -0.9730 0.0073 0.2308
vn -0.7307 -0.1294 -0.6703
vn -0.8324 0.0614 0.5508
vn -0.4859 -0.1040 0.8678
vn -0.6444 0.0474 0.7632
vn -0.8049 0.0621 0.5901
vn -0.8925 0.3449 0.2905
vn -0.5551 -0.1067 0.8249
vn -0.2268 -0.1740 -0.9583
vn 0.3266 0.1073 -0.9391
vn 0.9868 0.1596 0.0280
vn 0.8892 -0.0644 0.4530
vn 0.4790 0.0958 0.8726
vn 0.6203 0.4618 0.6340
vn 0.6844 0.6906 0.2340
vn 0.9342 -0.1073 0.3402
vn 0.8039 0.2656 0.5321
vn 0.9661 0.1363 -0.2192
vn 0.7711 0.6356 -0.0377
vn 0.7696 -0.0583 0.6359
vn 0.2910 0.4948 0.8188
vn 0.2362 0.3859 0.8918
vn 0.4181 0.4542 0.7867
vn 0.4432 0.5519 0.7064
vn 0.8971 0.1704 -0.4075
vn 0.1676 0.2163 -0.9618
vn 0.9260 -0.3185 -0.2028
vn 0.9680 0.2359 -0.0853
vn 0.8455 0.0920 0.5260
vn 0.6330 0.3422 0.6944
vn 0.6877 0.2302 0.6885
vn 0.7792 0.0416 0.6254
vn 0.4971 0.1473 0.8551
vn 0.5524 0.0052 0.8336
vn -0.2325 0.3452 0.9093
vn -0.7576 -0.1827 0.6266
vn -0.6403 0.4677 0.6093
vn -0.2150 0.2032 0.9552
vn 0.5488 0.5280 0.6482
vn 0.6650 0.5762 0.4751
vn 0.6511 0.6557 0.3823
vn -0.9012 -0.4308 -0.0477
vn -0.9881 -0.0695 0.1370
vn -0.6104 -0.7387 0.2859
vn -0.6606 -0.7506 0.0162
vn -0.8970 0.3391 -0.2836
vn -0.8449 0.1963 -0.4975
vn -0.7650 -0.6433 -0.0321
vn -0.9800 -0.1810 -0.0828
vn -0.8309 0.0068 -0.5563
vn -0.8897 -0.4155 -0.1890
vn 0.4783 0.3470 0.8067
vn 0.2588 0.1952 0.9460
vn -0.9004 0.0210 -0.4345
vn -0.8222 -0.0723 -0.5646
vn -0.8469 -0.1008 -0.5221
vn -0.9369 -0.1672 -0.3072
vn -0.9229 -0.0591 0.3804
vn -0.9155 0.1009 0.3896
vn -0.6773 0.2014 0.7076
vn -0.6220 -0.0237 0.7826
vn 0.5949 0.1314 0.7930
vn 0.5961 0.0261 0.8025
vn 0.8648 0.0031 0.5021
vn 0.8859 0.0220 0.4634
vn 0.9752 -0.0338 0.2189
vn 0.9992 0.0191 0.0358
vn 0.0014 0.0446 0.9990
vn 0.0753 0.2453 0.9665
vn 0.3870 -0.9218 -0.0219
vn 0.4519 -0.8425 0.2933
vn 0.1186 -0.9735 -0.1954
vn 0.0985 -0.9416 -0.3222
vn -0.7056 -0.6439 -0.2958
vn -0.3395 -0.9209 -0.1914
vn -0.5594 -0.8235 -0.0944
vn -0.7085 -0.6976 -0.1064
vn 0.7930 -0.4060 0.4543
vn 0.7164 -0.3895 0.5788
vn 0.9350 0.1104 0.3369
vn 0.9311 0.2183 0.2923
vn -0.3863 0.7843 -0.4853
vn -0.6407 0.6134 -0.4617
vn -0.3645 0.7097 -0.6029
vn 0.1464 0.8230 -0.5488
vn 0.7455 0.6376 -0.1940
vn -0.1256 0.9813 -0.1456
vn -0.1985 0.8821 -0.4271
vn 0.4271 0.8063 -0.4093
vn 0.8987 0.4383 0.0148
vn 0.2891 0.9071 -0.3060
vn 0.2095 0.8985 -0.3858
vn 0.9047 0.3290 0.2708
vn 0.4385 0.8672 -0.2359
vn 0.6508 0.5390 -0.5348
vn 0.7578 0.6380 -0.1369
vn 0.6164 0.6239 -0.4804
vn 0.8155 0.5333 -0.2247
vn 0.9804 0.0545 0.1891
vn 0.8319 -0.5081 0.2232
vn 0.8633 -0.4565 0.2151
vn 0.9367 0.3169 0.1487
vn 0.1699 -0.9533 -0.2497
vn 0.0141 -0.9887 -0.1495
vn -0.1293 -0.9654 -0.2263
vn -0.1282 -0.9807 -0.1475
vn 0.7741 0.5525 -0.3092
vn 0.4226 -0.6432 0.6385
vn 0.0643 -0.8915 0.4484
vn 0.5458 0.8136 -0.2003
vn -0.5339 -0.6910 0.4873
vn -0.7768 -0.4771 0.4112
vn -0.2203 -0.6860 0.6935
vn -0.5078 0.7069 -0.4924
vn -0.3974 0.7454 -0.5353
vn 0.1172 0.9266 -0.3573
vn -0.0332 0.8307 -0.5557
vn 0.1596 0.9081 -0.3872
vn 0.3222 0.7565 -0.5691
vn 0.3834 0.6696 -0.6361
vn 0.4446 0.8017 -0.3995
vn 0.7204 0.6729 -0.1679
vn 0.5064 0.8431 -0.1810
vn -0.2565 -0.9090 -0.3284
vn 0.3102 -0.9310 0.1923
vn -0.7814 -0.0573 -0.6214
vn 0.8924 0.3817 0.2405
vn -0.7528 0.3308 -0.5692
vn -0.8292 0.0646 -0.5553
vn 0.1827 0.9693 0.1648
vn 0.8274 0.0862 0.5550
vn 0.8504 0.2153 0.4801
vn 0.4284 0.8990 0.0905
vn 0.8597 -0.1629 0.4841
vn 0.8005 -0.1847 0.5701
vn 0.0052 -0.9922 -0.1242
vn 0.5051 -0.7778 -0.3741
vn -0.7800 -0.6179 -0.0991
vn -0.5570 0.7348 0.3870
vn 0.6517 0.7553 0.0694
vn 0.2812 0.9596 0.0099
vn -0.6594 0.7486 0.0692
vn 0.4521 0.7826 -0.4280
vn -0.9356 -0.3516 0.0333
vn 0.9436 0.0840 -0.3203
vn 0.8922 0.3530 -0.2817
vn -0.4789 -0.8771 -0.0355
vn 0.1897 -0.9807 0.0472
vn 0.0978 -0.9757 -0.1962
vn -0.9899 0.1410 0.0150
vn -0.9927 -0.1159 -0.0336
vn -0.0139 0.9992 0.0385
vn 0.8550 0.5106 -0.0911
vn 0.7233 0.6744 -0.1484
vn 0.0897 0.9697 -0.2273
vn 0.7143 0.5633 -0.4154
vn -0.9766 -0.0059 -0.2150
vn 0.9942 -0.0386 -0.1000
vn 0.9795 0.1984 -0.0341
vn -0.1875 -0.9691 0.1604
vn 0.0416 -0.9945 0.0963
vn 0.0357 -0.9989 -0.0297
vn -0.5485 -0.8276 -0.1191
vn -0.9294 0.2453 -0.2756
vn -0.9532 -0.1082 -0.2824
vn 0.8184 0.5546 -0.1504
vn 0.2272 0.8859 -0.4044
vn 0.2013 0.9579 -0.2046
vn 0.8977 0.4097 0.1618
vn 0.8380 0.4787 -0.2619
vn -0.6797 0.0871 -0.7283
vn 0.9958 -0.0307 0.0858
vn 0.9825 0.1781 0.0550
vn -0.1068 -0.9943 -0.0005
vn -0.5346 -0.8161 -0.2195
vn -0.7780 0.2540 -0.5746
vn -0.8476 0.0216 -0.5302
vn 0.8989 0.0222 0.4375
vn 0.7490 0.6479 0.1384
vn 0.8032 0.2857 0.5226
vn 0.9113 -0.0993 0.3997
vn 0.0693 -0.6544 -0.7529
vn 0.5092 -0.7597 -0.4044
vn 0.9445 0.3285 0.0080
vn 0.3497 0.8391 -0.4167
vn 0.9703 -0.1765 0.1653
vn -0.2604 -0.6169 -0.7427
vn 0.3586 -0.5088 -0.7826
vn -0.8359 -0.3081 -0.4542
vn 0.4332 0.7707 -0.4673
vn -0.6490 0.7027 -0.2914
vn 0.7894 0.0318 -0.6131
vn 0.7298 0.2748 -0.6259
vn -0.3504 -0.6146 -0.7067
vn 0.1160 -0.7117 -0.6929
vn 0.7032 0.4684 -0.5349
vn 0.0435 0.7689 -0.6378
vn 0.7919 -0.1351 -0.5955
vn 0.8759 0.0546 -0.4794
vn -0.4530 -0.7157 -0.5316
vn 0.0959 -0.8360 -0.5403
vn 0.7033 0.2414 -0.6687
vn 0.2950 0.4882 -0.8214
vn 0.8070 -0.0041 -0.5906
vn 0.8596 0.0520 -0.5083
vn 0.1774 -0.7965 -0.5780
vn -0.2242 -0.7050 -0.6728
vn 0.9927 -0.0368 0.1145
vn 0.8791 0.4124 -0.2390
vn 0.9908 -0.1347 0.0135
vn -0.4905 0.6888 -0.5338
vn 0.0906 0.9503 -0.2979
vn 0.0600 0.7387 -0.6713
vn -0.4151 0.4313 -0.8010
vn 0.0459 0.9989 0.0121
vn -0.5964 0.6440 -0.4791
vn 0.2090 0.8808 -0.4249
vn -0.2126 0.6438 -0.7351
vn -0.4454 0.8035 -0.3950
vn -0.3288 0.5974 -0.7314
vn -0.5502 0.2021 -0.8102
vn -0.5949 0.6930 -0.4072
vn -0.2001 0.7195 -0.6651
vn -0.4967 0.7630 -0.4136
vn -0.4411 0.4239 -0.7910
vn -0.7194 0.6459 -0.2556
vn -0.4876 0.6033 -0.6311
vn -0.6796 0.7208 -0.1363
vn -0.5623 0.5367 -0.6291
vn -0.8871 0.4430 0.1298
vn -0.8611 0.4836 -0.1571
vn -0.0250 0.6825 -0.7304
vn -0.9708 0.0845 -0.2245
vn -0.9912 0.1098 0.0742
vn -0.9783 0.0632 0.1976
vn -0.8771 0.0275 -0.4796
vn -0.9649 0.0713 -0.2529
vn -0.3284 0.8447 -0.4227
vn -0.9870 0.1308 -0.0935
vn -0.6385 0.5160 -0.5710
vn -0.8366 0.3049 -0.4551
vn -0.0616 0.2103 -0.9757
vn -0.4753 -0.8462 0.2409
vn -0.3152 -0.9467 -0.0666
vn -0.6581 -0.7496 -0.0708
vn -0.7009 -0.5660 0.4341
vn -0.1310 -0.9601 0.2471
vn 0.1139 -0.9931 -0.0264
vn 0.3734 -0.8746 0.3092
vn 0.6298 -0.7619 0.1509
vn 0.9202 -0.3099 0.2390
vn 0.9284 0.3221 -0.1855
vn 0.5589 0.5987 -0.5738
vn 0.6470 0.2484 -0.7209
vn -0.9986 -0.0523 0.0065
vn -0.9809 0.0263 -0.1928
vn -0.9927 0.0907 -0.0790
vn -0.9665 -0.2287 0.1167
vn -0.9989 -0.0055 0.0458
vn -0.9263 -0.0765 -0.3689
vn -0.7919 -0.2002 -0.5769
vn -0.9838 -0.0889 0.1555
vn -0.9976 -0.0380 -0.0582
vn 0.6796 -0.6372 0.3635
vn 0.8635 -0.5042 0.0142
vn -0.5790 0.1331 -0.8044
vn 0.4971 0.5124 -0.7002
vn -0.6678 0.0338 -0.7436
vn 0.2212 0.4986 -0.8381
vn -0.7806 0.0677 -0.6213
vn -0.3124 0.5155 -0.7979
vn 0.2762 0.8128 -0.5129
vn 0.1742 0.9658 -0.1918
vn 0.5440 -0.5378 -0.6441
vn 0.6205 -0.7700 -0.1485
vn 0.5971 -0.6309 -0.4954
vn 0.4646 -0.8724 0.1521
vn 0.1689 -0.9274 -0.3338
vn 0.6378 -0.7510 -0.1707
vn 0.2134 -0.9764 0.0333
vn -0.6259 0.0272 -0.7794
vn -0.6158 -0.0336 -0.7872
vn -0.7882 -0.1401 -0.5993
vn -0.8227 -0.1524 -0.5476
vn -0.9691 -0.1091 -0.2212
vn 0.4562 -0.3942 -0.7978
vn 0.4010 0.5819 -0.7075
vn 0.9749 0.0889 -0.2039
vn 0.9858 -0.1552 -0.0634
vn -0.5481 -0.2993 -0.7810
vn 0.5819 0.1253 -0.8035
vn 0.5671 -0.0067 -0.8236
vn 0.0561 -0.3070 -0.9501
vn 0.0525 0.5007 -0.8640
vn 0.5813 0.1121 -0.8059
vn 0.9630 -0.0438 -0.2659
vn -0.0254 -0.5495 -0.8351
vn 0.3669 -0.0019 -0.9302
vn 0.5146 0.0932 -0.8524
vn 0.8494 0.1087 -0.5165
vn 0.2137 -0.3927 -0.8945
vn 0.9563 0.0493 -0.2883
vn 0.9962 -0.0749 0.0439
vn -0.3148 0.3489 -0.8827
vn 0.2129 0.5845 -0.7830
vn -0.2774 0.2777 -0.9197
vn 0.0232 0.0881 -0.9958
vn -0.2333 0.3144 -0.9202
vn -0.8244 0.2471 -0.5092
vn 0.0494 0.6286 -0.7761
vn -0.3893 0.0927 -0.9164
vn -0.3540 0.0494 -0.9339
vn -0.4508 0.0017 -0.8926
vn -0.3888 -0.0358 -0.9206
vn -0.9215 -0.0894 -0.3780
vn 0.8839 -0.0726 0.4620
vn 0.9851 -0.1584 -0.0676
vn 0.4907 -0.0404 0.8704
vn -0.9237 -0.3032 -0.2345
vn -0.6396 0.0568 0.7666
vn -0.9018 0.0885 0.4229
vn 0.0512 -0.0657 0.9965
vn 0.9543 0.0042 -0.2990
vn 0.9090 -0.1634 -0.3833
vn 0.6697 -0.0700 -0.7393
vn -0.5586 -0.7911 0.2492
vn -0.8748 -0.3791 0.3016
vn -0.0359 -0.9370 0.3475
vn 0.8999 -0.2130 0.3805
vn 0.5023 -0.7450 0.4389
vn -0.6219 -0.4103 0.6670
vn 0.0184 -0.5521 0.8335
vn -0.9835 -0.1396 -0.1150
vn 0.0317 -0.6288 -0.7769
vn 0.6708 -0.4508 -0.5888
vn 0.5171 -0.6778 -0.5227
vn -0.1350 -0.7313 -0.6686
vn -0.1324 0.0952 0.9866
vn -0.7922 0.0142 0.6101
vn 0.3455 0.4093 0.8444
vn 0.5377 0.3963 0.7442
vn 0.9524 -0.1478 0.2665
vn 0.8423 -0.0430 0.5373
vn 0.8856 -0.2331 0.4018
vn 0.9578 -0.2520 0.1380
vn 0.5879 -0.2596 0.7662
vn 0.9198 -0.2175 -0.3268
vn 0.4512 -0.1516 -0.8794
vn 0.3671 0.0381 -0.9294
vn 0.8672 0.0875 -0.4902
vn -0.6493 -0.7520 0.1138
vn 0.7833 -0.4026 0.4736
vn 0.6892 -0.5067 0.5179
vn -0.5476 0.3534 -0.7584
vn -0.2578 0.1036 -0.9606
vn -0.1586 -0.0966 -0.9826
vn 0.8418 -0.4435 -0.3075
vn 0.7712 -0.4922 -0.4038
vn 0.6782 -0.4594 -0.5736
vn 0.6370 -0.2298 -0.7358
vn 0.0558 -0.4723 -0.8797
vn -0.2179 -0.7164 -0.6628
vn -0.9015 0.3041 0.3081
vn -0.9180 -0.0621 0.3918
vn 0.5752 -0.3152 0.7549
vn 0.1743 -0.2522 0.9519
vn 0.2464 -0.2717 0.9303
vn 0.1842 0.0067 0.9829
vn 0.9374 0.1667 0.3056
vn 0.9943 0.0809 0.0697
vn 0.0284 -0.1955 -0.9803
vn -0.7232 -0.0499 -0.6888
vn 0.0293 -0.3447 -0.9383
vn -0.5871 -0.5756 -0.5692
vn -0.6167 -0.3292 -0.7150
vn 0.7655 0.6336 0.1118
vn 0.9261 0.3310 0.1813
vn 0.9921 -0.0879 -0.0896
vn 0.9208 0.0123 0.3898
vn 0.4533 0.0380 0.8905
vn -0.9213 -0.2694 -0.2806
vn -0.9188 -0.3687 -0.1408
vn 0.8764 -0.2882 -0.3859
vn 0.8978 -0.2945 -0.3274
vn 0.9682 0.2338 -0.0895
vn -0.9531 0.2077 0.2203
vn 0.8667 0.3922 0.3084
vn 0.9622 -0.2724 -0.0080
vn 0.9818 -0.1605 0.1019
vn -0.7391 -0.6165 0.2715
vn -0.8247 -0.5642 0.0383
vn 0.6117 -0.1101 0.7834
vn -0.7229 -0.4139 0.5532
vn -0.6066 -0.6066 0.5138
vn -0.7136 -0.6331 0.3000
vn -0.5641 -0.7696 0.2991
vn -0.1104 -0.1520 0.9822
vn -0.7394 -0.3166 -0.5941
vn -0.7294 -0.4796 -0.4878
vn 0.9963 0.0394 0.0770
vn 0.9615 0.0657 0.2667
vn -0.6795 -0.6920 -0.2438
vn -0.6501 -0.5949 -0.4727
vn -0.8152 -0.4637 -0.3470
vn -0.5201 -0.6924 -0.5001
vn -0.6077 -0.6874 -0.3977
vn 0.1363 -0.7974 -0.5879
vn -0.7860 -0.3384 -0.5174
vn 0.6449 -0.2536 -0.7210
vn 0.9834 -0.1247 -0.1317
vn 0.8088 0.5156 -0.2827
vn 0.8430 0.5378 0.0111
vn -0.1010 -0.9055 0.4123
vn -0.2723 -0.7140 0.6451
vn -0.6229 -0.4169 0.6620
vn -0.1730 -0.7042 0.6886
vn 0.4828 -0.5392 0.6901
vn -0.0890 -0.7107 0.6978
vn -0.5740 -0.1579 -0.8035
vn -0.9610 -0.1910 -0.2002
vn 0.9001 -0.3375 -0.2756
vn -0.6181 0.0526 -0.7843
vn -0.7788 0.3909 -0.4905
vn 0.6263 -0.7790 0.0296
vn -0.9541 0.2905 -0.0723
vn 0.5138 -0.1370 0.8469
vn -0.3135 -0.6347 -0.7063
vn -0.4553 0.3539 -0.8170
vn 0.1054 -0.6552 -0.7481
vn 0.7312 -0.4722 -0.4922
vn 0.9741 -0.1276 -0.1867
vn 0.9056 -0.3299 -0.2666
vn 0.3252 -0.7183 -0.6151
vn 0.2057 -0.6611 -0.7216
vn 0.7090 -0.4408 -0.5504
vn 0.9443 -0.2705 -0.1873
vn 0.9610 0.1340 -0.2421
vn -0.2660 -0.3158 -0.9108
vn 0.4856 -0.4871 -0.7259
vn 0.7082 -0.5994 0.3731
vn 0.5993 -0.7459 -0.2906
vn 0.7448 -0.6269 0.2284
vn 0.6051 -0.6560 -0.4512
vn 0.3448 -0.6655 -0.6619
vn -0.0490 -0.9886 0.1423
vn 0.5661 -0.8127 0.1383
vn 0.7104 -0.4346 -0.5535
vn 0.9554 -0.2282 -0.1873
vn 0.1889 -0.7417 -0.6436
vn -0.6459 -0.4942 -0.5819
vn -0.9731 -0.1872 -0.1341
vn 0.9120 0.0483 0.4074
vn 0.9570 0.2331 0.1725
vn 0.9054 0.0545 0.4211
vn 0.8622 0.3557 0.3607
vn 0.9061 0.1005 0.4109
vn 0.9630 0.0198 0.2689
vn 0.7365 0.3865 0.5551
vn 0.5467 -0.0102 0.8372
vn 0.6599 0.1749 0.7307
vn 0.6356 0.4025 0.6589
vn 0.3221 -0.1262 0.9382
vn 0.5765 -0.0079 0.8170
vn -0.6852 0.3620 -0.6320
vn 0.7560 0.0591 0.6519
vn 0.7606 -0.2702 0.5902
vn 0.7878 0.3102 0.5321
vn -0.2404 -0.4421 0.8642
vn 0.0506 0.3073 0.9503
vn 0.0543 0.5513 0.8325
vn 0.0955 0.3672 0.9252
vn 0.2013 0.4612 0.8642
vn 0.1480 0.6148 0.7746
vn 0.1434 0.6510 0.7454
vn 0.2035 0.2075 0.9568
vn 0.0792 0.1597 0.9840
vn 0.0012 0.0732 0.9973
vn 0.1063 -0.0403 0.9935
vn 0.0895 -0.0368 0.9953
vn 0.0269 -0.1225 0.9921
vn -0.6504 -0.7322 0.2023
vn 0.3965 -0.8860 0.2404
vn 0.5316 -0.8022 0.2719
vn -0.0999 -0.2754 0.9561
vn 0.1236 -0.3439 0.9308
vn 0.0628 -0.3152 0.9469
vn 0.2081 -0.6683 0.7142
vn 0.3259 -0.8133 0.4821
vn 0.1481 -0.7939 0.5898
vn -0.2990 -0.6388 0.7089
vn -0.3674 -0.8271 0.4253
vn 0.3890 -0.7906 0.4728
vn 0.7781 0.3483 0.5227
vn 0.9913 -0.0774 -0.1069
vn 0.6016 0.0368 -0.7979
vn 0.7687 0.1467 -0.6226
vn 0.2258 0.1838 -0.9567
vn 0.3173 0.3400 -0.8853
vn -0.3539 0.4379 -0.8265
vn -0.3648 0.2717 -0.8905
vn -0.7885 0.1887 -0.5854
vn -0.9887 0.1136 -0.0982
vn 0.9266 -0.2653 0.2665
vn 0.6768 0.4433 0.5877
vn 0.8034 0.4201 0.4220
vn 0.6187 0.7776 -0.1118
vn 0.5881 0.7835 -0.2005
vn 0.7007 0.7023 -0.1257
vn 0.8550 0.5113 -0.0867
vn 0.8248 -0.5002 -0.2637
vn 0.7913 -0.5895 0.1621
vn 0.9054 0.4193 -0.0658
vn 0.9236 0.3814 0.0377
vn 0.9363 -0.3042 0.1753
vn 0.8917 0.1607 -0.4232
vn 0.7188 -0.4456 0.5337
vn 0.0787 -0.2839 -0.9556
vn -0.3379 0.9113 -0.2353
vn 0.1893 0.9572 0.2190
vn 0.0070 0.4734 -0.8808
vn 0.1523 -0.4455 0.8822
vn 0.2228 -0.8334 0.5058
vn 0.3046 -0.8401 0.4488
vn 0.2395 -0.8805 -0.4090
vn 0.2970 -0.8274 -0.4767
vn -0.9504 0.2048 -0.2339
vn -0.9932 0.0750 -0.0886
vn -0.9992 0.0389 -0.0102
vn -0.9188 0.3933 -0.0344
vn -0.9677 -0.1139 -0.2249
vn -0.8666 0.0456 -0.4969
vn -0.9511 -0.2717 -0.1471
vn 0.9944 -0.0415 -0.0967
vn 0.9951 -0.0349 -0.0929
vn 0.9555 0.1528 -0.2523
vn 0.9222 0.3379 -0.1879
vn 0.9608 -0.1370 -0.2410
vn 0.8609 0.0117 -0.5087
vn 0.8928 -0.2192 -0.3936
vn -0.0034 -0.3548 -0.9349
vn 0.1928 0.8576 -0.4768
vn -0.0032 0.9584 -0.2853
vn 0.1353 0.3500 -0.9269
vn -0.1248 -0.3944 0.9104
vn -0.8138 -0.4944 0.3054
vn -0.6158 -0.4092 0.6733
vn -0.0937 -0.8922 0.4419
vn -0.7548 -0.6135 0.2320
vn -0.1014 -0.8893 0.4459
vn -0.1223 -0.9829 0.1375
vn -0.1634 -0.9820 0.0942
vn -0.7509 -0.6423 0.1538
vn -0.9152 0.3160 -0.2502
vn -0.8567 0.5113 -0.0686
vn -0.8439 0.0901 -0.5288
vn 0.9582 -0.0288 0.2846
vn 0.9836 -0.0129 0.1801
vn 0.9584 0.2310 0.1679
vn 0.7552 0.4393 0.4866
vn 0.9949 -0.0597 0.0818
vn 0.9926 0.0695 -0.0998
vn 0.9979 -0.0518 0.0385
vn 0.2955 -0.1563 -0.9425
vn -0.0551 0.9822 0.1795
vn -0.0363 0.8635 0.5030
vn 0.2115 0.6068 -0.7662
vn -0.8912 0.2599 -0.3719
vn -0.7346 -0.5715 -0.3656
vn -0.5838 -0.5089 -0.6326
vn -0.8737 0.4860 -0.0214
vn -0.9368 -0.3081 -0.1659
vn -0.7567 0.1421 -0.6381
vn -0.8536 -0.3948 0.3399
vn -0.5620 -0.7764 0.2854
vn -0.0946 -0.8938 -0.4384
vn 0.2738 -0.8783 -0.3920
vn 0.8457 -0.0430 0.5320
vn 0.9016 0.0093 0.4325
vn 0.9165 0.3018 0.2624
vn 0.7223 0.5125 0.4643
vn 0.9639 -0.0662 0.2580
vn 0.9751 0.1765 -0.1340
vn 0.9882 -0.0322 0.1496
vn 0.3205 -0.1810 -0.9298
vn 0.0224 0.9930 -0.1160
vn -0.1745 0.9821 0.0715
vn 0.2468 0.5244 -0.8149
vn -0.7501 0.3282 -0.5742
vn -0.5265 -0.7950 -0.3014
vn -0.7226 -0.3131 -0.6163
vn -0.8158 0.5028 -0.2858
vn -0.8747 -0.3600 -0.3244
vn -0.5370 0.1130 -0.8360
vn -0.8809 -0.4408 0.1722
vn -0.5018 -0.7472 0.4357
vn -0.2341 -0.9717 0.0319
vn 0.1250 -0.9081 -0.3996
vn 0.8844 -0.0699 0.4614
vn 0.9243 0.3162 0.2137
vn 0.8399 0.3920 0.3754
vn 0.8372 -0.1330 0.5306
vn 0.9292 -0.1038 0.3547
vn 0.9964 0.0827 0.0185
vn 0.9095 -0.2289 0.3470
vn 0.3634 -0.3156 -0.8765
vn 0.1950 0.9267 -0.3212
vn -0.4527 0.8142 -0.3635
vn 0.2579 0.4531 -0.8533
vn -0.7537 0.2539 -0.6062
vn -0.7036 -0.6488 -0.2898
vn -0.7391 -0.5672 -0.3634
vn -0.8090 0.3048 -0.5025
vn -0.8633 -0.3371 -0.3756
vn -0.6540 0.0261 -0.7561
vn -0.9097 -0.4109 0.0601
vn -0.5280 -0.7683 0.3617
vn -0.2636 -0.9634 0.0487
vn -0.1210 -0.9772 0.1747
vn 0.0325 -0.2378 -0.9708
vn 0.2749 -0.3026 -0.9126
vn 0.4068 -0.4082 -0.8173
vn 0.5593 -0.4543 -0.6935
vn 0.7681 -0.4136 -0.4889
vn 0.9604 -0.2754 0.0413
vn 0.5575 0.8256 -0.0871
vn 0.7389 -0.6632 -0.1190
vn 0.4494 -0.8579 -0.2489
vn 0.8193 -0.5683 0.0762
vn 0.4842 -0.8675 0.1145
vn 0.8422 -0.5260 -0.1184
vn 0.4596 -0.8672 -0.1916
vn 0.5792 0.8145 -0.0336
vn 0.4377 0.8702 0.2262
vn 0.6393 0.6675 0.3818
vn 0.7817 0.5771 0.2363
vn 0.9454 0.3212 0.0545
vn 0.9962 -0.0407 0.0773
vn 0.7124 0.5056 0.4866
vn 0.8742 0.4353 0.2149
vn 0.9285 -0.3456 0.1357
vn 0.7636 0.6422 0.0677
vn 0.4846 0.8660 -0.1233
vn 0.8413 0.5400 0.0270
vn 0.5919 0.8060 -0.0044
vn 0.8694 -0.0022 -0.4941
vn 0.9180 -0.1451 -0.3692
vn 0.8317 -0.4846 0.2709
vn 0.9022 -0.3994 0.1628
vn -0.6205 -0.2253 0.7512
vn -0.3393 -0.2499 0.9069
vn 0.0859 -0.3274 0.9410
vn 0.5209 0.2171 -0.8255
vn -0.2734 -0.9259 0.2607
vn 0.0087 -0.9919 0.1264
vn 0.0068 -0.9615 0.2747
vn -0.3171 -0.8624 0.3946
vn -0.8931 -0.4479 -0.0415
vn -0.4647 -0.6335 0.6187
vn -0.1633 -0.9661 0.2002
vn -0.6609 -0.7476 -0.0657
vn 0.7265 -0.5380 0.4275
vn 0.2759 -0.7950 0.5403
vn 0.4229 -0.5522 0.7185
vn -0.8700 -0.0306 -0.4921
vn -0.8293 -0.1535 -0.5373
vn -0.9024 -0.0347 -0.4295
vn -0.0094 -0.1578 0.9874
vn 0.5346 -0.2555 0.8056
vn 0.1659 -0.1253 0.9782
vn -0.0098 -0.1233 0.9923
vn -0.1397 -0.4824 -0.8647
vn 0.0141 -0.3650 -0.9309
vn 0.0145 -0.4557 -0.8900
vn -0.1663 -0.5131 -0.8420
vn -0.8196 -0.4917 -0.2940
vn -0.9054 -0.1428 0.3998
vn -0.9092 -0.1542 0.3868
vn -0.3851 -0.8766 0.2886
vn -0.3957 -0.9037 -0.1633
vn 0.9511 -0.2651 0.1585
vn 0.3201 -0.7943 0.5163
vn 0.8552 -0.3160 0.4108
vn -0.1369 -0.9869 -0.0850
vn -0.3565 -0.6581 0.6632
vn -0.7162 -0.5692 0.4038
vn -0.8954 -0.4335 0.1013
vn -0.5857 -0.7071 0.3961
vn -0.6460 -0.7474 0.1550
vn -0.8897 -0.4462 -0.0972
vn -0.8884 0.1497 -0.4339
vn -0.7551 0.0670 -0.6522
vn -0.0444 0.4540 -0.8899
vn -0.2686 0.7373 -0.6199
vn -0.9033 -0.3432 -0.2575
vn -0.7579 -0.0200 -0.6520
vn -0.4479 -0.8355 -0.3184
vn -0.8847 -0.4633 -0.0521
vn 0.0271 0.9140 -0.4049
vn 0.4589 0.8607 -0.2204
vn -0.0659 0.9969 -0.0438
vn -0.3539 0.7717 -0.5285
vn -0.0483 0.1179 -0.9918
vn -0.0342 0.9291 -0.3682
vn 0.0974 0.4269 -0.8990
vn -0.1385 -0.7155 -0.6848
vn -0.4422 0.8670 -0.2296
vn -0.4587 0.3850 -0.8009
vn -0.5629 0.2354 -0.7923
vn -0.9478 0.0499 -0.3149
vn -0.7339 0.2462 -0.6330
vn -0.7939 0.4291 -0.4307
vn -0.9592 0.1756 -0.2214
vn -0.9800 0.0432 -0.1940
vn -0.6864 0.5136 -0.5148
vn -0.5495 0.6933 -0.4663
vn -0.9207 0.2500 -0.2997
vn -0.7567 0.3668 -0.5411
vn -0.5337 0.5629 -0.6311
vn -0.3866 0.7435 -0.5457
vn 0.1642 -0.4521 0.8767
vn -0.2621 0.5643 -0.7829
vn 0.2884 0.7194 -0.6319
vn -0.9107 -0.3944 0.1231
vn -0.5436 -0.8339 0.0951
vn -0.9973 -0.0061 0.0738
vn -0.9999 -0.0096 0.0106
vn -0.0801 -0.9445 0.3184
vn -0.0171 -0.9991 0.0382
vn 0.8617 -0.1198 0.4931
vn 0.7765 -0.0733 0.6258
vn 0.7885 -0.1527 0.5957
vn 0.8092 0.0168 0.5873
vn 0.8682 -0.4801 -0.1252
vn 0.8733 -0.4675 -0.1368
vn 0.8886 -0.4311 -0.1568
vn -0.9997 -0.0155 -0.0176
vn -0.9965 0.0157 -0.0825
vn -0.9944 -0.0985 0.0378
vn -0.6293 0.2796 0.7251
vn -0.6279 0.2945 0.7205
vn -0.6189 0.3413 0.7074
vn -0.5512 -0.8014 0.2321
vn 0.9279 -0.3437 0.1446
vn 0.8797 -0.4058 0.2479
vn 0.9696 -0.2048 0.1343
vn 0.9630 -0.2106 0.1681
vn -0.2153 -0.6431 -0.7349
vn -0.1918 -0.6801 -0.7076
vn -0.2010 -0.7221 -0.6619
vn 0.9313 0.3638 -0.0167
vn 0.9137 0.4064 -0.0098
vn 0.9207 0.3878 -0.0443
vn 0.7276 -0.2290 -0.6467
vn 0.7235 -0.3388 -0.6014
vn 0.7485 -0.2996 -0.5916
vn -0.9657 -0.0483 -0.2550
vn -0.9728 -0.0908 -0.2130
vn -0.9660 -0.1146 -0.2317
vn -0.3728 0.8440 0.3857
vn -0.3782 0.8663 0.3262
vn -0.3678 0.8665 0.3376
vn 0.7977 0.4750 -0.3716
vn 0.7140 0.6010 -0.3592
vn 0.7053 0.5746 -0.4151
vn -0.2894 -0.4754 -0.8308
vn -0.2864 -0.6001 -0.7469
vn -0.2328 -0.6308 -0.7402
vn -0.1253 0.6364 -0.7611
vn -0.8469 0.2189 -0.4845
vn -0.6921 0.2075 -0.6913
vn 0.1678 0.4647 -0.8694
vn -0.9811 -0.1899 0.0382
vn -0.9841 -0.1741 0.0345
vn -0.9879 0.0523 -0.1457
vn 0.9519 0.2983 -0.0705
vn 0.7827 0.4784 -0.3981
vn 0.8634 0.4413 -0.2446
vn 0.9702 -0.2121 0.1173
vn 0.8334 -0.5430 0.1025
vn 0.9142 -0.2074 0.3481
vn 0.7433 -0.0100 0.6689
vn 0.6910 -0.1551 0.7060
vn -0.9856 0.0083 -0.1689
vn -0.9958 -0.0671 -0.0618
vn 0.7719 -0.5788 0.2630
vn 0.0395 -0.6804 0.7318
vn 0.0855 -0.8930 0.4419
vn 0.0964 -0.8880 0.4497
vn 0.0856 -0.8929 0.4420
vn 0.0747 -0.8978 0.4341
vn -0.1295 0.0167 -0.9914
vn -0.3568 0.0078 -0.9341
vn 0.0937 -0.1254 0.9877
vn -0.2110 -0.4922 -0.8445
vn -0.3085 -0.4692 -0.8274
vn -0.9695 -0.2413 -0.0429
vn 0.9113 0.3500 -0.2169
vn 0.7583 0.5963 -0.2634
vn 0.6622 0.6635 -0.3482
vn 0.8509 0.4288 -0.3034
vn 0.8431 0.4384 -0.3115
vn 0.2498 0.7828 -0.5700
vn 0.7016 0.6642 -0.2582
vn -0.3032 0.7488 -0.5894
vn -0.9891 -0.1445 -0.0285
vn 0.7695 -0.2362 0.5934
vn 0.7951 -0.3073 0.5229
vn 0.8568 -0.5040 -0.1091
vn 0.8571 -0.5049 -0.1019
vn -0.9872 0.0727 -0.1420
vn -0.9745 0.0774 -0.2104
vn -0.6334 0.2483 0.7329
vn -0.6317 0.2497 0.7339
vn -0.2215 -0.6006 -0.7682
vn -0.2605 -0.5640 -0.7836
vn 0.0148 -0.8144 -0.5801
vn 0.0146 -0.8356 -0.5491
vn -0.0037 0.8797 -0.4756
vn 0.0130 -0.2077 -0.9781
vn 0.6591 0.0027 0.7521
vn 0.6802 -0.7327 0.0239
vn -0.9651 0.0565 -0.2555
vn 0.0124 -0.1378 -0.9904
vn 0.0116 -0.0475 -0.9988
vn 0.8388 0.4320 -0.3314
vn 0.9126 0.4083 -0.0215
vn -0.0083 0.9864 -0.1643
vn -0.0124 0.9742 0.2253
vn 0.8065 0.2910 -0.5147
vn 0.9423 0.0881 -0.3230
vn 0.8953 0.4414 0.0594
vn 0.9041 0.4274 -0.0063
vn 0.6689 -0.4145 -0.6170
vn 0.7176 -0.3920 -0.5756
vn -0.9644 -0.1477 -0.2196
vn -0.9496 -0.1619 -0.2683
vn -0.3987 0.8655 0.3032
vn -0.3803 0.8762 0.2960
vn -0.2012 -0.7003 -0.6849
vn -0.1239 -0.6842 -0.7187
vn 0.9935 -0.0188 -0.1119
vn 0.9944 -0.0045 -0.1059
vn 0.9925 -0.0331 -0.1178
vn -0.2005 -0.4644 -0.8626
vn 0.0051 -0.9202 0.3915
vn 0.6394 -0.7082 0.2994
vn 0.3878 -0.6635 0.6398
vn 0.0001 -0.7421 0.6703
vn 0.4458 -0.3557 0.8214
vn -0.0048 -0.4834 0.8754
vn 0.5393 -0.8355 0.1055
vn 0.0093 -0.9971 0.0749
vn 0.4673 -0.8839 -0.0173
vn 0.0102 -0.9999 0.0048
vn 0.8386 -0.5445 -0.0156
vn 0.0119 -0.9864 -0.1641
vn 0.5989 -0.7748 -0.2025
vn 0.7984 -0.6018 -0.0190
vn 0.0085 -0.9899 0.1416
vn 0.8145 0.3730 -0.4445
vn -0.0018 0.8099 -0.5866
vn -0.0012 0.7893 -0.6140
vn -0.0034 0.8711 -0.4910
vn -0.0029 0.8515 -0.5244
vn 0.8284 -0.3138 -0.4640
vn 0.0063 0.4599 -0.8879
vn 0.7480 -0.6634 -0.0197
vn -0.1095 -0.9939 0.0145
vn 0.2199 -0.9665 0.1321
vn -0.7544 -0.6350 0.1663
vn 0.2031 -0.1758 0.9632
vn 0.8872 0.3559 -0.2937
vn -0.5301 -0.7276 0.4354
vn -0.5276 -0.7890 0.3149
vn 0.0048 -0.9139 0.4060
vn 0.0033 -0.8574 0.5146
vn -0.5670 -0.7436 0.3542
vn 0.0051 -0.9212 0.3890
vn 0.0048 -0.9140 0.4058
vn -0.6352 -0.7025 0.3211
vn 0.0007 0.7032 -0.7110
vn 0.0026 0.6103 -0.7921
vn -0.1191 0.6012 -0.7902
vn 0.0685 0.6992 -0.7117
vn -0.0045 0.9039 -0.4276
vn -0.0028 0.8622 -0.5065
vn 0.3331 0.8052 -0.4906
vn 0.2110 0.8846 -0.4158
vn 0.0073 -0.9723 0.2337
vn -0.5156 -0.8372 0.1824
vn 0.0027 0.6011 -0.7992
vn -0.1549 0.5474 -0.8224
vn -0.9733 0.0426 -0.2254
vn -0.7201 0.2683 -0.6399
vn -0.9953 -0.0971 -0.0038
vn -0.9888 0.1246 -0.0822
vn -0.2508 0.6575 -0.7105
vn -0.4498 0.5485 -0.7048
vn -0.4818 0.7142 -0.5077
vn -0.4866 0.7837 -0.3860
vn -0.4910 -0.7846 0.3785
vn 0.0040 -0.8874 0.4610
vn -0.0019 0.7979 -0.6028
vn 0.2224 0.7905 -0.5706
vn -0.9361 -0.3497 0.0372
vn -0.3237 0.7504 -0.5763
vn -0.6426 -0.7416 0.1924
vn 0.0070 -0.9568 0.2906
vn 0.2363 0.9478 -0.2143
vn -0.0075 0.9757 -0.2192
vn -0.9899 -0.1233 0.0699
vn -0.4740 0.8557 -0.2074
vn -0.6115 -0.7574 0.2289
vn 0.0054 -0.9284 0.3715
vn 0.2519 0.9584 -0.1341
vn -0.0084 0.9887 -0.1497
vn -0.9109 -0.3871 0.1428
vn -0.4834 0.8685 -0.1095
vn -0.5357 0.8442 -0.0158
vn -0.0143 0.9937 -0.1110
vn -0.0130 0.9827 -0.1848
vn -0.5263 0.8482 -0.0589
vn -0.0075 0.9231 -0.3845
vn -0.3017 0.9027 -0.3066
vn -0.6064 0.7921 -0.0703
vn -0.6884 0.7177 0.1049
vn -0.7988 0.5908 0.1134
vn -0.8495 0.4799 0.2192
vn -0.8869 0.4462 0.1194
vn -0.8748 0.4247 0.2331
vn -0.6662 0.7379 0.1085
vn -0.7980 0.5476 0.2517
vn -0.8724 0.2907 0.3930
vn -0.5551 0.7189 -0.4184
vn -0.7155 0.3404 -0.6100
vn -0.8032 0.3913 -0.4491
vn -0.4844 0.7356 -0.4736
vn -0.3183 0.8337 -0.4512
vn -0.3849 0.8747 -0.2946
vn -0.0080 0.9301 -0.3672
vn -0.0043 0.8724 -0.4887
vn -0.9517 -0.0991 -0.2908
vn -0.7913 0.4492 -0.4149
vn -0.8823 -0.0129 -0.4705
vn -0.7352 0.5875 -0.3383
vn -0.7857 0.3971 -0.4743
vn -0.0096 0.9495 -0.3136
vn -0.0173 0.9997 -0.0158
vn -0.4183 0.9038 -0.0902
vn -0.3273 0.8816 -0.3401
vn -0.8871 0.1337 -0.4417
vn -0.5041 0.7963 -0.3344
vn -0.5175 0.6783 -0.5216
vn -0.4873 0.6890 -0.5366
vn -0.0007 0.8160 -0.5781
vn 0.0001 0.8089 -0.5879
vn -0.6044 -0.5121 -0.6102
vn -0.7481 -0.5246 -0.4064
vn -0.5598 -0.7474 -0.3578
vn -0.5002 -0.5575 -0.6625
vn -0.9601 0.0830 -0.2672
vn -0.8925 -0.1507 -0.4250
vn -0.8001 0.0079 -0.5998
vn -0.8315 0.3121 -0.4596
vn -0.8465 0.4058 -0.3447
vn -0.8080 0.4003 -0.4323
vn -0.4098 -0.7109 -0.5716
vn -0.6008 -0.7338 -0.3172
vn 0.0230 -0.9654 -0.2596
vn 0.0218 -0.8708 -0.4911
vn -0.1974 -0.8229 -0.5328
vn -0.4636 -0.6788 -0.5696
vn -0.0042 0.8733 -0.4871
vn -0.5614 0.6942 -0.4505
vn -0.7062 0.4325 -0.5605
vn -0.6098 -0.5639 -0.5569
vn -0.8094 -0.1981 -0.5528
vn -0.6758 0.3102 -0.6687
vn 0.0251 -0.8755 -0.4826
vn -0.0006 0.7927 -0.6096
vn -0.4217 0.7302 -0.5376
vn -0.6395 -0.7680 -0.0360
vn -0.9020 -0.3644 -0.2317
vn -0.9486 -0.2948 -0.1149
vn -0.9814 0.1428 -0.1280
vn -0.8096 0.5038 -0.3014
vn 0.0077 -0.9824 0.1865
vn -0.6124 -0.7902 0.0236
vn -0.7232 -0.2407 -0.6473
vn -0.7668 0.1803 -0.6160
vn -0.9281 -0.0918 -0.3609
vn -0.8560 -0.3324 -0.3960
vn -0.6975 -0.3150 -0.6436
vn -0.8544 -0.3592 -0.3755
vn -0.6222 -0.6413 -0.4491
vn -0.5396 -0.5607 -0.6280
vn -0.4405 -0.4830 -0.7567
vn -0.5118 -0.7456 -0.4268
vn 0.0197 -0.6239 -0.7813
vn 0.0151 -0.3247 -0.9457
vn -0.5970 0.4775 -0.6446
vn -0.4133 0.6492 -0.6385
vn -0.4937 0.8051 -0.3286
vn -0.8372 0.4984 -0.2253
vn 0.0028 0.6877 -0.7260
vn -0.0061 0.9519 -0.3063
vn -0.6158 0.0246 -0.7875
vn -0.5883 0.4108 -0.6965
vn -0.5266 -0.3527 -0.7735
vn -0.5253 -0.5496 -0.6496
vn -0.6092 -0.4327 -0.6646
vn -0.5753 -0.1679 -0.8005
vn 0.0212 -0.5059 -0.8623
vn -0.4472 0.5905 -0.6718
vn 0.0025 0.7084 -0.7058
vn -0.8709 -0.3535 -0.3415
vn -0.8848 -0.1531 -0.4400
vn -0.8554 -0.4687 -0.2204
vn 0.0189 -0.9815 -0.1908
vn -0.6076 -0.7703 -0.1938
vn -0.7372 -0.6380 -0.2222
vn -0.9311 -0.2353 -0.2789
vn -0.8278 0.5611 -0.0023
vn 0.0319 0.9995 -0.0027
vn -0.9302 0.3491 -0.1131
vn -0.0068 0.9677 -0.2520
vn -0.4694 0.8829 -0.0051
vn -0.8652 0.5013 0.0078
vn -0.4176 0.6527 -0.6321
vn -0.8150 0.1839 -0.5496
vn -0.9439 -0.0898 -0.3178
vn -0.2966 0.6587 -0.6915
vn -0.1969 0.9801 0.0253
vn 0.1270 0.9113 -0.3918
vn -0.6971 0.4660 -0.5449
vn -0.8629 0.2639 -0.4310
vn -0.2510 0.5335 -0.8077
vn -0.8857 -0.4186 0.2009
vn -0.3726 0.4314 -0.8216
vn -0.0631 0.0276 -0.9976
vn -0.4166 -0.5800 -0.7001
vn -0.8030 -0.3202 -0.5026
vn -0.9394 -0.2409 0.2441
vn -0.9903 0.0109 0.1386
vn -0.6022 -0.3664 0.7093
vn -0.9943 -0.0182 -0.1050
vn -0.4553 0.2351 -0.8588
vn -0.6839 -0.2329 -0.6914
vn -0.3626 -0.9158 -0.1724
vn -0.8145 -0.4717 0.3378
vn -0.6243 -0.7771 0.0795
vn -0.7565 -0.3561 -0.5486
vn -0.7301 -0.3351 -0.5956
vn -0.7164 -0.1878 -0.6719
vn -0.5225 -0.2761 -0.8067
vn -0.7298 -0.6099 -0.3089
vn -0.8326 -0.4353 -0.3425
vn -0.6243 -0.7774 -0.0764
vn -0.5394 -0.6559 -0.5281
vn -0.9189 -0.1052 -0.3801
vn -0.8099 -0.5623 -0.1667
vn -0.6421 0.1338 -0.7549
vn -0.4654 0.7495 -0.4708
vn -0.0512 -0.6197 -0.7832
vn -0.3988 0.5897 -0.7023
vn 0.1635 0.5958 -0.7863
vn -0.9453 -0.1285 -0.2998
vn -0.5555 -0.8301 0.0493
vn 0.5701 -0.4176 -0.7075
vn 0.3291 -0.9198 -0.2134
vn -0.4208 -0.7079 -0.5673
vn -0.6107 -0.6244 -0.4871
vn -0.5446 -0.4910 -0.6799
vn -0.2438 -0.8183 -0.5205
vn -0.7601 0.4385 0.4795
vn -0.4677 0.4591 0.7553
vn -0.1673 0.8912 0.4216
vn -0.6939 -0.5288 -0.4888
vn -0.6964 -0.5654 -0.4419
vn -0.8394 -0.5081 -0.1928
vn -0.9152 -0.3123 -0.2545
vn -0.6855 -0.4702 -0.5559
vn -0.7397 -0.3898 -0.5485
vn 0.4065 0.3789 -0.8314
vn -0.4501 -0.1402 -0.8819
vn -0.2638 -0.2457 -0.9328
vn -0.4732 -0.0430 -0.8799
vn -0.2675 -0.1295 -0.9548
vn -0.2191 -0.0049 -0.9757
vn -0.6263 -0.5018 -0.5967
vn -0.5293 -0.1737 -0.8305
vn -0.7976 -0.1812 -0.5753
vn -0.0134 0.8651 -0.5014
vn -0.4825 -0.8547 0.1915
vn 0.5220 0.8471 0.0996
vn 0.6034 -0.7011 0.3799
vn -0.5228 -0.6987 0.4883
vn -0.8126 -0.5818 0.0327
vn 0.2051 -0.8805 0.4274
vn -0.7510 0.0750 -0.6560
vn 0.3437 0.7996 -0.4925
vn 0.2877 0.8725 -0.3950
vn -0.5605 -0.1608 -0.8124
vn -0.8961 -0.0010 -0.4439
vn -0.8422 -0.5125 -0.1672
vn -0.9426 -0.3328 0.0283
vn 0.5458 0.5307 -0.6484
vn -0.7133 0.3483 -0.6081
vn 0.4007 0.7619 -0.5088
vn 0.8918 0.4167 -0.1765
vn 0.3230 0.8684 -0.3763
vn 0.5176 0.7348 -0.4383
vn 0.9954 -0.0145 -0.0952
vn 0.9546 0.2941 -0.0482
vn 0.9707 -0.1842 0.1542
vn 0.9004 -0.3997 0.1720
vn -0.6693 -0.2494 -0.6999
vn -0.4680 -0.6710 -0.5752
vn -0.7994 -0.5673 -0.1979
vn -0.8653 -0.0839 -0.4942
vn -0.9788 -0.0413 -0.2007
vn -0.9356 0.0050 -0.3531
vn -0.4314 0.7294 -0.5309
vn -0.4096 -0.0335 -0.9116
vn -0.6541 -0.2804 -0.7025
vn -0.9009 0.2371 -0.3635
vn -0.2440 -0.2682 -0.9320
vn -0.8347 -0.1878 -0.5176
vn 0.2302 -0.5924 -0.7721
vn -0.6990 -0.2131 -0.6826
vn -0.9337 -0.0057 -0.3579
vn -0.8101 -0.1872 -0.5556
vn -0.6457 -0.2467 -0.7226
vn -0.8108 0.2832 -0.5122
vn -0.6693 0.1101 -0.7348
vn 0.3204 -0.6428 -0.6958
vn -0.6392 -0.4861 -0.5959
vn -0.3040 0.2666 -0.9146
vn -0.1602 -0.4270 -0.8900
vn -0.8124 0.2918 -0.5048
vn -0.8595 -0.0088 -0.5111
vn -0.9437 -0.0267 -0.3298
vn 0.1901 -0.9772 -0.0944
vn -0.8737 -0.2760 -0.4006
vn -0.7664 -0.1319 -0.6287
vn -0.7322 0.0082 -0.6810
vn -0.8397 0.1388 -0.5251
vn -0.8694 -0.1013 -0.4836
vn -0.0487 0.2116 -0.9761
vn 0.1800 0.2429 -0.9532
vn 0.1713 0.3700 -0.9131
vn -0.7509 0.3793 -0.5406
vn -0.2362 0.6113 -0.7553
vn -0.3666 0.7796 -0.5077
vn -0.8341 0.3024 -0.4612
vn -0.3711 0.4803 -0.7947
vn -0.2809 -0.6633 -0.6936
vn 0.9949 -0.0943 0.0369
vn 0.4446 0.5255 -0.7254
vn 0.7356 -0.5093 0.4466
vn 0.8005 -0.3381 0.4949
vn 0.9586 -0.1594 0.2361
vn 0.1175 -0.9165 0.3824
vn 0.1289 -0.8524 0.5068
vn -0.2025 -0.7401 -0.6413
vn 0.1549 -0.8797 -0.4496
vn 0.2450 -0.7930 0.5577
vn 0.3269 -0.8044 0.4960
vn -0.7595 -0.6499 0.0288
vn 0.5391 -0.5805 0.6103
vn 0.3194 -0.8353 0.4476
vn 0.8365 -0.0386 0.5465
vn -0.5359 0.5771 -0.6162
vn -0.9002 0.0855 -0.4270
vn -0.9433 -0.1691 -0.2856
vn -0.9827 -0.0760 -0.1686
vn -0.9228 -0.1334 -0.3614
vn -0.7877 -0.1849 -0.5877
vn -0.8222 0.2057 -0.5307
vn -0.8813 0.1520 -0.4475
vn -0.1651 0.7930 -0.5864
vn -0.7469 0.3104 -0.5880
vn 0.3429 0.9392 -0.0184
vn 0.2350 0.8222 -0.5184
vn -0.2015 0.7867 -0.5835
vn -0.1880 0.8519 -0.4887
vn -0.1963 0.9053 -0.3766
vn -0.3489 0.7152 -0.6056
vn -0.2445 0.7998 -0.5482
vn -0.5391 0.5271 -0.6569
vn -0.7266 0.4518 -0.5176
vn -0.3320 0.7362 -0.5897
vn -0.0319 0.8676 -0.4963
vn -0.8194 0.3819 -0.4274
vn -0.7851 0.5639 -0.2564
vn -0.6922 0.6144 -0.3786
vn -0.6676 0.7097 -0.2248
vn -0.7017 0.6033 -0.3791
vn -0.6312 0.6051 -0.4852
vn -0.7774 0.5967 -0.1988
vn -0.7430 -0.2021 0.6381
vn -0.9201 -0.3646 0.1428
vn -0.7760 -0.5895 0.2245
vn -0.4472 0.6768 -0.5848
vn -0.5615 0.6265 -0.5405
vn -0.5105 0.6110 -0.6050
vn -0.2803 0.7453 -0.6050
vn -0.8702 -0.4823 0.1005
vn 0.3963 0.5000 -0.7700
vn -0.2208 0.6255 -0.7483
vn -0.6687 0.3908 -0.6326
vn -0.4330 0.7359 -0.5205
vn -0.6571 0.4133 -0.6304
vn -0.3979 0.5169 -0.7579
vn -0.5091 0.4566 -0.7296
vn -0.8976 -0.0541 -0.4376
vn 0.6973 0.4646 -0.5458
vn -0.2611 0.4681 -0.8442
vn 0.0765 0.6935 -0.7164
vn 0.2499 0.0062 0.9683
vn -0.4011 0.5483 -0.7339
vn -0.3299 0.5789 -0.7457
vn -0.5225 0.5646 -0.6389
vn -0.5253 0.5204 -0.6732
vn -0.5230 0.6575 -0.5424
vn -0.7079 -0.2522 -0.6598
vn -0.5926 -0.5544 -0.5843
vn -0.5663 -0.4779 -0.6715
vn -0.6192 -0.2596 -0.7411
vn -0.5918 0.5092 -0.6249
vn -0.7855 -0.4381 -0.4371
vn -0.5839 -0.7243 -0.3666
vn -0.3902 -0.6809 -0.6198
vn -0.4736 -0.5888 -0.6550
vn -0.6620 0.0074 -0.7494
vn -0.6346 0.3491 -0.6896
vn -0.3666 0.1218 -0.9224
vn -0.4164 -0.5964 -0.6863
vn -0.2722 -0.9226 -0.2734
vn -0.0815 -0.9966 0.0123
vn -0.8001 -0.3924 -0.4538
vn -0.9078 -0.3112 -0.2811
vn -0.8516 -0.4927 -0.1792
vn -0.9127 -0.3530 -0.2061
vn -0.8325 0.0532 -0.5515
vn -0.6879 0.0371 -0.7249
vn -0.7025 0.1021 -0.7043
vn -0.8155 -0.1069 -0.5688
vn -0.6897 -0.3080 -0.6553
vn -0.4964 -0.1337 -0.8577
vn 0.0006 0.7082 -0.7060
vn -0.0051 0.9209 -0.3897
vn 0.0058 0.4193 -0.9078
vn -0.0037 0.8795 -0.4759
vn 0.0001 0.7296 -0.6838
vn 0.0142 -0.3842 -0.9232
vn -0.2642 -0.1369 -0.9547
vn 0.3430 0.9385 0.0389
vn -0.0953 0.6995 -0.7082
vn 0.0006 0.7106 -0.7036
vn 0.0008 0.6970 -0.7171
vn -0.0049 0.9147 -0.4041
vn 0.0009 0.6932 -0.7208
vn 0.0067 0.3562 -0.9344
vn 0.0034 0.5639 -0.8258
vn 0.0034 0.5633 -0.8262
vn -0.0101 -0.0968 0.9953
vn 0.0124 0.8686 -0.4953
vn -0.0037 0.8626 -0.5059
vn -0.0092 0.9959 -0.0901
vn 0.4760 0.8792 0.0193
vn 0.0004 0.7143 -0.6999
vn 0.0026 0.6094 -0.7928
vn 0.0161 -0.5746 -0.8183
vn 0.0141 -0.2954 -0.9553
vn 0.0062 0.3917 -0.9201
vn -0.7614 -0.3852 -0.5214
vn -0.5945 0.5106 -0.6212
vn -0.8068 -0.5796 0.1145
vn -0.7271 -0.5552 0.4038
vn 0.0121 -0.9814 -0.1916
vn -0.5642 -0.8253 -0.0227
vn -0.5330 -0.7394 -0.4114
vn 0.0149 -0.8019 -0.5973
vn -0.8039 -0.5942 -0.0258
vn 0.0124 -0.9895 0.1442
vn 0.0217 -0.8919 -0.4517
vn 0.9113 0.3904 -0.1306
vn 0.7687 0.5846 -0.2594
vn 0.6480 0.6706 -0.3612
vn -0.9441 -0.3160 -0.0942
vn -0.8206 -0.5430 0.1782
vn 0.6040 0.7235 -0.3341
vn 0.5127 0.6993 -0.4981
vn 0.3741 0.6373 -0.6737
vn 0.0009 -0.7870 0.6169
vn 0.1715 0.5956 -0.7848
vn 0.7746 0.5414 -0.3269
vn -0.0795 0.5478 -0.8328
vn -0.5256 -0.7080 0.4717
vn -0.6659 -0.6005 -0.4427
vn 0.0767 -0.4253 -0.9018
vn -0.4451 -0.6724 -0.5914
vn 0.0148 -0.8107 -0.5853
vn 0.0149 -0.5657 -0.8245
vn 0.6898 0.7180 -0.0931
vn -0.5251 0.5203 -0.6735
vn -0.8530 -0.3041 -0.4242
vn -0.8685 0.1785 -0.4624
vn -0.7154 -0.0030 -0.6987
vn -0.2438 0.8681 -0.4323
vn -0.9738 0.0422 -0.2235
vn -0.5893 -0.8015 -0.1012
vn -0.9786 -0.0943 -0.1829
vn 0.0151 -0.6915 -0.7222
vn -0.0356 -0.6965 -0.7167
vn -0.9488 -0.1609 -0.2717
vn -0.8561 -0.1869 -0.4819
vn 0.0144 -0.4256 -0.9048
vn 0.5085 0.7099 -0.4874
vn -0.7481 0.4454 -0.4919
vn 0.0050 -0.9171 0.3985
vn 0.0030 0.5860 -0.8103
vn 0.0064 0.3781 -0.9258
vn 0.8488 0.1972 -0.4905
vn 0.6281 0.2927 -0.7209
vn 0.8889 -0.4271 -0.1655
vn 0.8607 -0.2841 -0.4225
vn -0.5820 0.3225 -0.7465
vn -0.8950 0.1941 -0.4017
vn -0.7088 0.0983 -0.6986
vn -0.4864 0.7717 -0.4096
vn -0.4468 0.8262 -0.3432
vn -0.0068 0.9198 -0.3923
vn 0.0015 0.8836 -0.4682
vn -0.6967 -0.5124 -0.5021
vn -0.5512 -0.5072 -0.6626
vn -0.6866 -0.2250 -0.6914
vn -0.8800 -0.1401 -0.4538
vn -0.6285 0.5362 -0.5634
vn -0.8115 0.4796 -0.3339
vn 0.0242 -0.9282 -0.3713
vn 0.0126 -0.9947 0.1022
vn -0.3182 -0.9465 -0.0546
vn -0.3445 -0.8233 -0.4511
vn -0.4712 0.7021 -0.5338
vn -0.3239 0.7894 -0.5216
vn -0.4383 -0.8068 -0.3962
vn -0.4982 -0.7069 -0.5020
vn -0.6389 -0.5925 -0.4908
vn -0.8669 -0.0849 -0.4911
vn -0.6226 0.3967 -0.6745
vn -0.0052 0.8936 -0.4489
vn -0.9060 -0.3978 -0.1447
vn -0.6620 -0.6647 -0.3463
vn 0.0224 -0.9041 -0.4268
vn -0.5033 -0.8278 -0.2479
vn -0.9551 -0.1616 -0.2483
vn 0.0103 -0.9822 0.1875
vn -0.2393 -0.9427 0.2325
vn -0.4845 0.6070 -0.6299
vn -0.3036 0.6800 -0.6674
vn -0.9214 -0.2630 -0.2860
vn -0.7354 0.2388 -0.6342
vn 0.0033 0.7078 -0.7064
vn -0.6194 -0.7345 -0.2773
vn -0.9054 -0.2202 0.3629
vn -0.4907 -0.8695 0.0561
vn -0.9494 -0.3131 -0.0264
vn -0.8316 -0.5535 -0.0459
vn -0.6860 -0.6858 -0.2430
vn -0.6228 -0.7208 -0.3041
vn 0.0101 -0.9829 -0.1837
vn -0.8037 0.4651 -0.3710
vn -0.9847 0.1645 -0.0574
vn -0.4805 0.7859 -0.3892
vn -0.9961 -0.0454 -0.0760
vn 0.0101 0.8919 -0.4521
vn -0.0114 0.9702 -0.2419
vn -0.4493 0.8682 -0.2106
vn -0.5009 0.8620 -0.0778
vn -0.0128 0.9805 -0.1959
vn -0.0082 0.9348 -0.3551
vn -0.3825 0.8886 -0.2530
vn -0.8834 0.4369 -0.1694
vn -0.6376 0.7565 -0.1455
vn -0.6844 0.6850 -0.2496
vn -0.8315 0.4043 -0.3811
vn -0.8625 0.4844 -0.1467
vn -0.7930 0.3688 -0.4850
vn -0.8872 0.4197 -0.1915
vn -0.5864 0.8100 0.0017
vn -0.9824 0.1835 0.0354
vn -0.3259 0.9035 -0.2784
vn -0.0098 0.9564 -0.2918
vn -0.8356 0.4042 -0.3720
vn -0.8744 0.2136 -0.4357
vn -0.5033 0.8120 -0.2955
vn -0.0185 0.9986 0.0490
vn -0.5300 0.8445 0.0770
vn -0.5170 0.8557 0.0219
vn -0.0185 0.9971 0.0742
vn -0.6880 0.7032 0.1792
vn -0.7219 0.6897 0.0554
vn -0.8390 0.4840 0.2486
vn -0.8740 0.4706 0.1207
vn -0.0177 0.9998 0.0125
vn -0.4132 0.9086 0.0613
vn -0.5961 0.7779 0.1987
vn -0.7866 0.4519 0.4208
vn -0.8304 0.3901 0.3978
vn -0.8994 0.3764 0.2223
vn -0.8247 0.3252 0.4626
vn -0.8451 -0.0523 -0.5321
vn -0.7921 0.0642 -0.6070
vn 0.2864 -0.9202 0.2669
vn 0.3257 -0.8558 0.4018
vn 0.9028 -0.4296 -0.0215
vn 0.6773 -0.7339 -0.0508
vn 0.1785 -0.9626 0.2040
vn 0.4637 -0.6240 0.6290
vn -0.7246 -0.5528 0.4114
vn -0.4274 -0.5609 0.7090
vn -0.2715 -0.8005 0.5342
vn 0.8811 -0.0128 -0.4727
vn 0.9122 -0.0162 -0.4093
vn 0.8440 -0.1364 -0.5187
vn -0.1850 -0.1288 0.9743
vn -0.5470 -0.2665 0.7936
vn 0.1687 -0.4793 -0.8613
vn 0.1955 -0.5094 -0.8380
vn 0.8358 -0.4748 -0.2756
vn 0.3965 -0.8686 0.2973
vn 0.9034 -0.1357 0.4069
vn 0.8990 -0.1244 0.4199
vn 0.4176 -0.8954 -0.1543
vn -0.9488 -0.2845 0.1374
vn -0.8575 -0.3335 0.3918
vn -0.3153 -0.8007 0.5093
vn 0.1588 -0.9839 -0.0817
vn 0.3550 -0.6509 0.6711
vn 0.5911 -0.6951 0.4091
vn 0.9016 -0.4152 0.1212
vn 0.7194 -0.5534 0.4198
vn 0.6575 -0.7341 0.1695
vn 0.9005 -0.4279 -0.0773
vn 0.8946 0.1680 -0.4141
vn 0.2671 0.7428 -0.6139
vn 0.0549 0.4550 -0.8888
vn 0.7678 0.0825 -0.6353
vn 0.9156 -0.3246 -0.2373
vn 0.8947 -0.4454 -0.0324
vn 0.4718 -0.8261 -0.3082
vn 0.7725 -0.0044 -0.6350
vn -0.0368 0.9133 -0.4056
vn 0.3498 0.7789 -0.5206
vn 0.0465 0.9980 -0.0426
vn -0.4714 0.8512 -0.2308
vn 0.0678 0.1191 -0.9906
vn -0.0861 0.4251 -0.9010
vn 0.0234 0.9297 -0.3676
vn 0.1682 -0.7124 -0.6814
vn 0.4684 0.3945 -0.7906
vn 0.4294 0.8759 -0.2199
vn 0.5754 0.2471 -0.7797
vn 0.7426 0.2613 -0.6166
vn 0.9533 0.0693 -0.2938
vn 0.7952 0.4485 -0.4080
vn 0.6874 0.5296 -0.4970
vn 0.9830 0.0632 -0.1722
vn 0.9601 0.1952 -0.2001
vn 0.9219 0.2685 -0.2792
vn 0.5454 0.7045 -0.4541
vn 0.7609 0.3823 -0.5243
vn 0.5360 0.5738 -0.6193
vn 0.3833 0.7513 -0.5372
vn -0.1744 -0.4556 0.8729
vn 0.2678 0.5697 -0.7770
vn -0.2889 0.7135 -0.6383
vn 0.9160 -0.3809 0.1257
vn 0.9994 0.0108 0.0328
vn 0.9953 0.0142 0.0959
vn 0.5583 -0.8252 0.0859
vn 0.0366 -0.9986 0.0388
vn 0.0923 -0.9428 0.3204
vn -0.8698 -0.1374 0.4739
vn -0.7886 -0.0893 0.6084
vn -0.8222 0.0001 0.5692
vn -0.7983 -0.1689 0.5781
vn -0.8552 -0.4978 -0.1443
vn -0.8759 -0.4491 -0.1764
vn -0.8603 -0.4852 -0.1561
vn 1.0000 0.0049 0.0046
vn 0.9951 -0.0782 0.0599
vn 0.9975 0.0360 -0.0604
vn 0.6072 0.2922 0.7389
vn 0.5960 0.3537 0.7209
vn 0.6056 0.3071 0.7342
vn 0.5622 -0.7901 0.2445
vn -0.9236 -0.3626 0.1241
vn -0.9620 -0.2302 0.1467
vn -0.9679 -0.2245 0.1128
vn -0.8765 -0.4237 0.2284
vn 0.2446 -0.6384 -0.7298
vn 0.2304 -0.7177 -0.6571
vn 0.2213 -0.6759 -0.7030
vn -0.9380 0.3447 -0.0375
vn -0.9272 0.3690 -0.0648
vn -0.9213 0.3876 -0.0301
vn -0.7082 -0.2437 -0.6626
vn -0.7289 -0.3147 -0.6080
vn -0.7029 -0.3534 -0.6173
vn 0.9719 -0.0285 -0.2335
vn 0.9731 -0.0948 -0.2102
vn 0.9790 -0.0709 -0.1913
vn 0.3468 0.8513 0.3936
vn 0.3424 0.8737 0.3455
vn 0.3531 0.8738 0.3344
vn -0.7988 0.4587 -0.3893
vn -0.7076 0.5602 -0.4308
vn -0.7180 0.5863 -0.3751
vn 0.3174 -0.4693 -0.8241
vn 0.2620 -0.6257 -0.7348
vn 0.3151 -0.5940 -0.7402
vn 0.1291 0.6390 -0.7583
vn -0.1579 0.4614 -0.8730
vn 0.7029 0.2217 -0.6758
vn 0.8532 0.2354 -0.4655
vn 0.9865 -0.1540 0.0564
vn 0.9836 -0.1698 0.0600
vn 0.9897 0.0725 -0.1237
vn -0.9560 0.2788 -0.0917
vn -0.8667 0.4236 -0.2635
vn -0.7830 0.4623 -0.4162
vn -0.9680 -0.2323 0.0950
vn -0.8247 -0.5591 0.0848
vn -0.9173 -0.2261 0.3278
vn -0.7576 -0.0253 0.6522
vn -0.7032 -0.1693 0.6905
vn 0.9887 0.0284 -0.1470
vn 0.9981 -0.0468 -0.0396
vn -0.7655 -0.5946 0.2459
vn -0.0418 -0.6812 0.7309
vn -0.0771 -0.8946 0.4401
vn -0.0660 -0.8992 0.4325
vn -0.0882 -0.8898 0.4477
vn 0.1511 0.0195 -0.9883
vn 0.3772 0.0153 -0.9260
vn -0.1130 -0.1275 0.9854
vn 0.3363 -0.4626 -0.8203
vn 0.2398 -0.4876 -0.8395
vn 0.9749 -0.2215 -0.0213
vn -0.9135 0.3301 -0.2378
vn -0.6677 0.6499 -0.3629
vn -0.7640 0.5822 -0.2780
vn -0.8526 0.4114 -0.3223
vn -0.8448 0.4212 -0.3302
vn -0.7091 0.6497 -0.2739
vn -0.2530 0.7776 -0.5756
vn 0.3009 0.7550 -0.5826
vn 0.9922 -0.1243 -0.0066
vn -0.8000 -0.3236 0.5052
vn -0.7775 -0.2520 0.5762
vn -0.8437 -0.5214 -0.1281
vn -0.8442 -0.5223 -0.1208
vn 0.9772 0.0974 -0.1888
vn 0.9884 0.0929 -0.1201
vn 0.6118 0.2610 0.7467
vn 0.6100 0.2623 0.7477
vn 0.2507 -0.5958 -0.7630
vn 0.2893 -0.5584 -0.7775
vn -0.6755 -0.0109 0.7373
vn -0.6654 -0.7464 0.0090
vn 0.9692 0.0763 -0.2341
vn -0.8399 0.4148 -0.3501
vn -0.9200 0.3896 -0.0418
vn -0.8006 0.2746 -0.5326
vn -0.9365 0.0689 -0.3439
vn -0.9122 0.4088 -0.0264
vn -0.9052 0.4230 0.0394
vn -0.6965 -0.4064 -0.5913
vn -0.6465 -0.4280 -0.6316
vn 0.9718 -0.1279 -0.1980
vn 0.9585 -0.1424 -0.2471
vn 0.3557 0.8837 0.3042
vn 0.3741 0.8734 0.3118
vn 0.2306 -0.6959 -0.6802
vn 0.1538 -0.6813 -0.7156
vn -0.9902 -0.0389 -0.1338
vn -0.9887 -0.0534 -0.1398
vn -0.9902 -0.0390 -0.1339
vn -0.9915 -0.0248 -0.1279
vn 0.2291 -0.4600 -0.8579
vn -0.3883 -0.6714 0.6312
vn -0.6314 -0.7210 0.2856
vn -0.4566 -0.3649 0.8114
vn -0.5245 -0.8463 0.0935
vn -0.4487 -0.8933 -0.0275
vn -0.8268 -0.5615 -0.0341
vn -0.7853 -0.6180 -0.0366
vn -0.5782 -0.7868 -0.2159
vn -0.8132 0.3574 -0.4593
vn -0.8104 -0.3314 -0.4830
vn -0.7337 -0.6785 -0.0361
vn 0.1294 -0.9914 0.0172
vn -0.2030 -0.9708 0.1274
vn 0.7633 -0.6195 0.1831
vn -0.2208 -0.1802 0.9585
vn -0.8875 0.3377 -0.3134
vn 0.5350 -0.7166 0.4474
vn 0.5365 -0.7781 0.3267
vn 0.5741 -0.7320 0.3669
vn 0.5964 -0.7227 0.3493
vn -0.0670 0.6979 -0.7130
vn 0.1243 0.6036 -0.7875
vn -0.2197 0.8797 -0.4218
vn -0.3385 0.7983 -0.4981
vn 0.5284 -0.8265 0.1939
vn 0.1618 0.5507 -0.8189
vn 0.9730 0.1475 -0.1772
vn 0.7285 0.2831 -0.6238
vn 0.9943 -0.1028 0.0266
vn 0.9978 0.0644 -0.0179
vn 0.2507 0.6551 -0.7127
vn 0.4540 0.5578 -0.6949
vn 0.4962 0.7210 -0.4836
vn 0.5376 0.7620 -0.3611
vn 0.4984 -0.7745 0.3895
vn -0.2258 0.7859 -0.5756
vn 0.9429 -0.3268 0.0650
vn 0.3213 0.7560 -0.5703
vn 0.6532 -0.7285 0.2065
vn -0.2508 0.9428 -0.2197
vn 0.9859 -0.1309 0.1043
vn 0.4835 0.8519 -0.2013
vn 0.6216 -0.7448 0.2426
vn -0.2684 0.9531 -0.1399
vn 0.9152 -0.3685 0.1631
vn 0.4679 0.8782 -0.0989
vn 0.5064 0.8623 0.0054
vn 0.4998 0.8653 -0.0379
vn 0.2829 0.9127 -0.2949
vn 0.5630 0.8246 -0.0557
vn 0.6602 0.7383 0.1378
vn 0.8071 0.5210 0.2779
vn 0.7405 0.6564 0.1439
vn 0.8241 0.4754 0.3079
vn 0.8450 0.5111 0.1576
vn 0.6447 0.7531 0.1312
vn 0.7719 0.5601 0.3009
vn 0.8252 0.3234 0.4631
vn 0.5508 0.7368 -0.3920
vn 0.4826 0.7477 -0.4562
vn 0.7909 0.4610 -0.4025
vn 0.7410 0.3646 -0.5639
vn 0.3088 0.8444 -0.4377
vn 0.3671 0.8875 -0.2785
vn 0.9888 0.0085 -0.1489
vn 0.9529 0.0771 -0.2934
vn 0.8129 0.4672 -0.3478
vn 0.7755 0.4394 -0.4533
vn 0.7265 0.6145 -0.3076
vn 0.3114 0.8927 -0.3258
vn 0.3910 0.9176 -0.0725
vn 0.8369 0.2273 -0.4979
vn 0.4930 0.8122 -0.3119
vn 0.5170 0.6947 -0.5000
vn 0.4886 0.7058 -0.5130
vn 0.6465 -0.4956 -0.5800
vn 0.5423 -0.5160 -0.6631
vn 0.5908 -0.7318 -0.3398
vn 0.7748 -0.5061 -0.3789
vn 0.9660 0.1106 -0.2337
vn 0.8419 0.3399 -0.4192
vn 0.8307 0.0293 -0.5559
vn 0.9127 -0.1274 -0.3884
vn 0.8460 0.4324 -0.3119
vn 0.8142 0.4281 -0.3921
vn 0.4095 -0.7054 -0.5785
vn 0.6278 -0.7168 -0.3036
vn 0.4551 -0.6446 -0.6143
vn 0.1761 -0.8311 -0.5275
vn 0.5568 0.7146 -0.4236
vn 0.7169 0.4582 -0.5254
vn 0.8463 -0.1708 -0.5046
vn 0.6705 -0.5095 -0.5393
vn 0.6996 0.3342 -0.6315
vn 0.4251 0.7435 -0.5161
vn 0.6575 -0.7532 -0.0184
vn 0.9169 -0.3424 -0.2051
vn 0.9589 -0.2706 -0.0855
vn 0.9812 0.1670 -0.0967
vn 0.8053 0.5251 -0.2750
vn 0.6306 -0.7753 0.0360
vn 0.7435 -0.2402 -0.6241
vn 0.8596 -0.3425 -0.3792
vn 0.9318 -0.1024 -0.3483
vn 0.7773 0.1896 -0.5998
vn 0.7015 -0.2883 -0.6517
vn 0.5345 -0.5172 -0.6684
vn 0.6396 -0.6101 -0.4676
vn 0.8677 -0.3441 -0.3587
vn 0.4800 -0.4595 -0.7473
vn 0.5623 -0.7280 -0.3922
vn 0.6061 0.4894 -0.6270
vn 0.8422 0.5007 -0.1998
vn 0.4897 0.8126 -0.3160
vn 0.4169 0.6620 -0.6229
vn 0.6010 0.4299 -0.6737
vn 0.6394 0.0446 -0.7676
vn 0.5564 -0.5356 -0.6352
vn 0.5556 -0.3370 -0.7601
vn 0.6020 -0.1516 -0.7840
vn 0.6368 -0.4191 -0.6472
vn 0.4534 0.6055 -0.6541
vn 0.8650 -0.3625 -0.3469
vn 0.8856 -0.1245 -0.4475
vn 0.8695 -0.4487 -0.2068
vn 0.6282 -0.7565 -0.1819
vn 0.7549 -0.6223 -0.2071
vn 0.9405 -0.2121 -0.2656
vn 0.8271 0.5608 0.0376
vn -0.0531 0.9986 -0.0070
vn 0.9332 0.3558 -0.0499
vn 0.4521 0.8920 0.0010
vn 0.8585 0.5062 0.0825
vn 0.4180 0.6614 -0.6228
vn 0.2983 0.6647 -0.6849
vn 0.9524 -0.0704 -0.2967
vn 0.8232 0.2012 -0.5310
vn 0.1752 0.9840 0.0308
vn 0.8667 0.2815 -0.4118
vn 0.6993 0.4803 -0.5294
vn -0.1365 0.9085 -0.3949
vn 0.2579 0.5387 -0.8021
vn 0.8890 -0.4015 0.2202
vn 0.3818 0.4391 -0.8133
vn 0.8204 -0.3036 -0.4846
vn 0.4438 -0.5712 -0.6905
vn 0.0848 0.0291 -0.9960
vn 0.9384 -0.2215 0.2651
vn 0.9965 -0.0007 -0.0841
vn 0.5936 -0.3542 0.7226
vn 0.9865 0.0310 0.1605
vn 0.4693 0.2446 -0.8485
vn 0.3850 -0.9082 -0.1641
vn 0.7031 -0.2178 -0.6769
vn 0.6381 -0.7642 0.0935
vn 0.8162 -0.4550 0.3559
vn 0.7756 -0.3404 -0.5316
vn 0.5458 -0.2652 -0.7948
vn 0.7349 -0.1730 -0.6558
vn 0.7498 -0.3200 -0.5792
vn 0.7488 -0.5948 -0.2924
vn 0.5642 -0.6446 -0.5158
vn 0.6416 -0.7645 -0.0623
vn 0.8487 -0.4181 -0.3238
vn 0.9335 -0.0840 -0.3487
vn 0.4535 0.7555 -0.4728
vn 0.6559 0.1471 -0.7404
vn 0.8264 -0.5449 -0.1422
vn 0.0812 -0.6183 -0.7817
vn -0.1582 0.5925 -0.7899
vn 0.4022 0.5979 -0.6934
vn 0.9542 -0.1091 -0.2787
vn 0.5711 -0.8185 0.0619
vn -0.3055 -0.9263 -0.2205
vn -0.5456 -0.4291 -0.7199
vn 0.4477 -0.6990 -0.5576
vn 0.2720 -0.8130 -0.5148
vn 0.5695 -0.4796 -0.6676
vn 0.6340 -0.6116 -0.4733
vn 0.7402 0.4538 0.4962
vn 0.1396 0.8944 0.4250
vn 0.4413 0.4684 0.7654
vn 0.7152 -0.5145 -0.4731
vn 0.9268 -0.2935 -0.2341
vn 0.8537 -0.4908 -0.1740
vn 0.7175 -0.5510 -0.4261
vn 0.7072 -0.4560 -0.5404
vn 0.7595 -0.3745 -0.5319
vn -0.3956 0.3707 -0.8403
vn 0.4723 -0.1308 -0.8717
vn 0.4934 -0.0331 -0.8692
vn 0.2894 -0.2400 -0.9266
vn 0.2912 -0.1239 -0.9486
vn 0.2408 -0.0003 -0.9706
vn 0.6495 -0.4887 -0.5825
vn 0.5510 -0.1627 -0.8185
vn 0.8137 -0.1647 -0.5575
vn 0.0163 0.8695 -0.4937
vn -0.5460 0.8332 0.0876
vn 0.5173 -0.8556 0.0196
vn -0.4309 -0.8385 0.3335
vn -0.1963 -0.8834 0.4255
vn 0.8599 -0.5040 0.0809
vn 0.7592 -0.6174 0.2058
vn 0.7637 0.0905 -0.6392
vn 0.5815 -0.1492 -0.7998
vn -0.2967 0.8665 -0.4015
vn -0.3489 0.7925 -0.5002
vn 0.9055 0.0174 -0.4239
vn 0.9483 -0.3135 0.0493
vn 0.8560 -0.4952 -0.1483
vn -0.5420 0.5196 -0.6605
vn -0.4035 0.7511 -0.5225
vn 0.7194 0.3629 -0.5922
vn -0.8959 0.3984 -0.1963
vn -0.5226 0.7242 -0.4498
vn -0.3322 0.8617 -0.3836
vn -0.9923 -0.0369 -0.1184
vn -0.8956 -0.4180 0.1520
vn -0.9700 -0.2040 0.1326
vn -0.9591 0.2745 -0.0695
vn 0.6896 -0.2355 -0.6848
vn 0.8776 -0.0661 -0.4749
vn 0.8150 -0.5507 -0.1800
vn 0.4942 -0.6611 -0.5645
vn 0.9810 -0.0321 -0.1914
vn 0.9432 0.0246 -0.3313
vn 0.4281 0.7382 -0.5214
vn 0.9037 0.2555 -0.3435
vn 0.6752 -0.2668 -0.6877
vn 0.4303 -0.0249 -0.9023
vn 0.2700 -0.2629 -0.9263
vn -0.2009 -0.5968 -0.7769
vn 0.8497 -0.1706 -0.4989
vn 0.7182 -0.1986 -0.6669
vn 0.6665 -0.2333 -0.7081
vn 0.8259 -0.1705 -0.5375
vn 0.9414 0.0134 -0.3371
vn 0.6831 0.1239 -0.7198
vn 0.8160 0.2998 -0.4942
vn -0.2917 -0.6491 -0.7026
vn 0.3187 0.2730 -0.9077
vn 0.6620 -0.4729 -0.5815
vn 0.1886 -0.4234 -0.8861
vn 0.8173 0.3085 -0.4868
vn 0.9511 -0.0074 -0.3087
vn 0.8706 0.0089 -0.4919
vn -0.1680 -0.9809 -0.0984
vn 0.8887 -0.2597 -0.3779
vn 0.7841 -0.1197 -0.6090
vn 0.7468 0.0233 -0.6646
vn 0.8481 0.1561 -0.5063
vn 0.8818 -0.0834 -0.4642
vn 0.0660 0.2127 -0.9749
vn -0.1637 0.2393 -0.9570
vn -0.1585 0.3666 -0.9168
vn 0.7548 0.3947 -0.5239
vn 0.3618 0.7870 -0.4997
vn 0.2404 0.6161 -0.7501
vn 0.3788 0.4880 -0.7864
vn 0.8379 0.3194 -0.4427
vn 0.3097 -0.6573 -0.6871
vn -0.4390 0.5164 -0.7353
vn -0.9933 -0.1146 0.0147
vn -0.7348 -0.5243 0.4303
vn -0.8042 -0.3545 0.4770
vn -0.9601 -0.1790 0.2148
vn -0.1072 -0.9188 0.3799
vn 0.2318 -0.7356 -0.6365
vn -0.1226 -0.8549 0.5040
vn -0.1269 -0.8826 -0.4527
vn 0.7718 -0.6342 0.0458
vn -0.3213 -0.8110 0.4888
vn -0.2411 -0.7980 0.5523
vn -0.5405 -0.5915 0.5983
vn -0.3121 -0.8417 0.4406
vn -0.8475 -0.0558 0.5278
vn 0.9075 0.1040 -0.4070
vn 0.5375 0.5881 -0.6044
vn 0.9876 -0.0558 -0.1467
vn 0.9527 -0.1497 -0.2646
vn 0.9331 -0.1144 -0.3408
vn 0.8877 0.1701 -0.4278
vn 0.8294 0.2225 -0.5124
vn 0.8041 -0.1687 -0.5700
vn 0.1618 0.7964 -0.5828
vn 0.7533 0.3258 -0.5714
vn -0.3615 0.9320 -0.0262
vn -0.2401 0.8174 -0.5237
vn 0.1980 0.7908 -0.5791
vn 0.3480 0.7242 -0.5953
vn 0.1861 0.9092 -0.3724
vn 0.1814 0.8557 -0.4846
vn 0.2402 0.8048 -0.5428
vn 0.5428 0.5385 -0.6446
vn 0.0252 0.8682 -0.4956
vn 0.3299 0.7430 -0.5823
vn 0.7286 0.4667 -0.5014
vn 0.7789 0.5799 -0.2390
vn 0.8208 0.3986 -0.4092
vn 0.6578 0.7233 -0.2101
vn 0.6877 0.6285 -0.3633
vn 0.6975 0.6176 -0.3635
vn 0.7693 0.6125 -0.1816
vn 0.6325 0.6199 -0.4644
vn 0.7326 -0.1870 0.6544
vn 0.9238 -0.3463 0.1633
vn 0.7827 -0.5736 0.2418
vn 0.4465 0.6861 -0.5743
vn 0.2784 0.7510 -0.5988
vn 0.5112 0.6215 -0.5936
vn 0.5631 0.6405 -0.5222
vn 0.8775 -0.4644 0.1199
vn -0.3891 0.4921 -0.7788
vn 0.2246 0.6300 -0.7434
vn 0.6744 0.4045 -0.6177
vn 0.4293 0.7447 -0.5109
vn 0.6622 0.4268 -0.6158
vn 0.5157 0.4671 -0.7182
vn 0.4040 0.5251 -0.7490
vn 0.9080 -0.0356 -0.4175
vn -0.6943 0.4504 -0.5613
vn 0.2702 0.4735 -0.8383
vn -0.0747 0.6920 -0.7180
vn -0.2714 0.0009 0.9625
vn 0.3348 0.5863 -0.7377
vn 0.4078 0.5614 -0.7201
vn 0.5312 0.5801 -0.6175
vn 0.5363 0.5348 -0.6530
vn 0.5231 0.6691 -0.5278
vn 0.7280 -0.2366 -0.6434
vn 0.6407 -0.2468 -0.7271
vn 0.5924 -0.4656 -0.6575
vn 0.6188 -0.5394 -0.5711
vn 0.5951 0.5223 -0.6108
vn 0.4202 -0.6695 -0.6126
vn 0.6115 -0.7086 -0.3520
vn 0.8038 -0.4214 -0.4199
vn 0.5029 -0.5758 -0.6446
vn 0.6782 0.0211 -0.7345
vn 0.3844 0.1294 -0.9140
vn 0.6425 0.3621 -0.6754
vn 0.4436 -0.5876 -0.6767
vn 0.2970 -0.9168 -0.2671
vn 0.1016 -0.9947 0.0144
vn 0.8672 -0.4718 -0.1591
vn 0.9200 -0.2925 -0.2608
vn 0.8185 -0.3753 -0.4351
vn 0.9229 -0.3351 -0.1895
vn 0.8432 0.0704 -0.5329
vn 0.8300 -0.0901 -0.5505
vn 0.7157 0.1166 -0.6886
vn 0.7028 0.0514 -0.7095
vn 0.5180 -0.1233 -0.8465
vn 0.7102 -0.2937 -0.6398
vn -0.3629 0.9313 0.0311
vn 0.2881 -0.1312 -0.9486
vn 0.0967 0.7015 -0.7061
vn -0.0100 -0.0968 0.9953
vn -0.0190 0.8683 -0.4958
vn -0.4942 0.8693 0.0085
vn 0.7805 -0.3694 -0.5043
vn 0.5976 0.5228 -0.6079
vn 0.7292 -0.5403 0.4200
vn 0.8157 -0.5630 0.1325
vn 0.5570 -0.7282 -0.3993
vn 0.5813 -0.8136 -0.0100
vn 0.8179 -0.5752 -0.0087
vn -0.9160 0.3718 -0.1509
vn -0.6533 0.6573 -0.3756
vn -0.7743 0.5686 -0.2775
vn 0.9540 -0.2917 -0.0698
vn 0.8278 -0.5269 0.1926
vn -0.3719 0.6297 -0.6820
vn -0.5157 0.6888 -0.5095
vn -0.6111 0.7112 -0.3475
vn -0.1661 0.5921 -0.7885
vn 0.0868 0.5495 -0.8310
vn -0.7780 0.5256 -0.3442
vn 0.5293 -0.6972 0.4834
vn 0.6877 -0.5867 -0.4277
vn -0.0480 -0.4266 -0.9032
vn 0.4718 -0.6630 -0.5812
vn -0.7020 0.7038 -0.1085
vn 0.5292 0.5311 -0.6618
vn 0.8675 -0.2884 -0.4054
vn 0.8747 0.1963 -0.4431
vn 0.7307 0.0118 -0.6826
vn 0.2356 0.8730 -0.4270
vn 0.9774 0.0621 -0.2019
vn 0.9841 -0.0743 -0.1611
vn 0.6077 -0.7893 -0.0880
vn 0.0656 -0.6954 -0.7156
vn 0.9578 -0.1411 -0.2504
vn 0.8702 -0.1693 -0.4627
vn -0.5119 0.6994 -0.4987
vn 0.7496 0.4607 -0.4753
vn -0.8416 0.1799 -0.5093
vn -0.6178 0.2800 -0.7348
vn -0.8761 -0.4451 -0.1851
vn -0.8451 -0.3015 -0.4414
vn 0.6013 0.3473 -0.7195
vn 0.7236 0.1289 -0.6781
vn 0.9023 0.2256 -0.3674
vn 0.4803 0.7846 -0.3921
vn 0.4333 0.8408 -0.3244
vn 0.7356 -0.4839 -0.4741
vn 0.8991 -0.1122 -0.4232
vn 0.6203 -0.1985 -0.7588
vn 0.5761 -0.4725 -0.6670
vn 0.8102 0.5067 -0.2949
vn 0.6338 0.5580 -0.5356
vn 0.3630 -0.8177 -0.4468
vn 0.2963 -0.9537 -0.0508
vn 0.4700 0.7178 -0.5137
vn 0.3193 0.8002 -0.5077
vn 0.4681 -0.7965 -0.3826
vn 0.6801 -0.5649 -0.4673
vn 0.5201 -0.6886 -0.5053
vn 0.6456 0.4223 -0.6363
vn 0.8486 0.0554 -0.5262
vn 0.6845 -0.4294 -0.5892
vn 0.5974 -0.6912 -0.4066
vn 0.4906 -0.8393 -0.2345
vn 0.8873 -0.0860 -0.4531
vn 0.1870 -0.9473 0.2600
vn 0.3086 0.6904 -0.6543
vn 0.4957 0.6213 -0.6069
vn 0.8046 0.2533 -0.5371
vn 0.9279 -0.0522 -0.3692
vn 0.8639 -0.3939 -0.3138
vn 0.5933 -0.7606 -0.2637
vn 0.4267 -0.9020 0.0665
vn 0.8957 -0.1835 -0.4051
vn 0.7214 -0.6560 -0.2220
vn 0.8517 -0.5236 -0.0195
vn 0.6506 -0.7057 -0.2806
vn 0.9809 0.1942 -0.0126
vn 0.8033 0.4932 -0.3338
vn 0.4816 0.7921 -0.3750
vn 0.9993 -0.0191 -0.0318
vn 0.4741 0.8786 -0.0568
vn 0.4278 0.8832 -0.1921
vn 0.3623 0.9014 -0.2372
vn 0.8667 0.4919 -0.0828
vn 0.8418 0.4310 -0.3249
vn 0.6726 0.7101 -0.2083
vn 0.6169 0.7779 -0.1194
vn 0.8343 0.5491 -0.0496
vn 0.8246 0.3829 -0.4165
vn 0.5511 0.8340 0.0269
vn 0.8963 0.4305 -0.1061
vn 0.9579 0.2305 0.1713
vn 0.3065 0.9142 -0.2650
vn 0.8962 0.2249 -0.3825
vn 0.8414 0.4259 -0.3327
vn 0.4787 0.8351 -0.2710
vn 0.4892 0.8712 0.0420
vn 0.4986 0.8612 0.0988
vn 0.6624 0.7160 0.2203
vn 0.7034 0.7056 0.0859
vn 0.8076 0.4977 0.3164
vn 0.8553 0.4979 0.1432
vn 0.3767 0.9231 0.0770
vn 0.5200 0.8304 0.1999
vn 0.6846 0.5563 0.4710
vn 0.8926 0.3812 0.2408
vn 0.7754 0.4355 0.4572
vn 0.7123 0.4338 0.5518
vn 0.8827 0.0185 -0.4695
vn 0.8976 0.0817 -0.4333
vn -0.4313 0.0366 -0.9015
vn -0.5700 -0.0099 -0.8216
vn -0.5702 0.1676 -0.8042
vn -0.3801 0.1918 -0.9048
vn -0.4287 -0.2824 -0.8582
vn -0.5683 -0.3050 -0.7642
vn -0.4270 -0.5646 -0.7063
vn -0.5682 -0.5455 -0.6161
vn -0.4730 -0.6517 -0.5929
vn -0.5651 -0.6102 -0.5553
vn -0.0874 0.0480 -0.9950
vn -0.0230 0.2119 -0.9770
vn -0.0840 -0.3054 -0.9485
vn -0.0823 -0.6195 -0.7807
vn -0.1468 -0.7321 -0.6652
vn 0.2677 0.0535 -0.9620
vn 0.3162 0.2052 -0.9262
vn 0.2712 -0.2892 -0.9181
vn 0.2725 -0.5952 -0.7559
vn 0.2176 -0.7227 -0.6560
vn 0.4201 0.0999 -0.9020
vn 0.4161 0.1981 -0.8875
vn 0.4224 -0.2156 -0.8804
vn 0.4234 -0.5217 -0.7406
vn 0.4219 -0.6715 -0.6092
vn 0.4504 0.0456 -0.8917
vn 0.3961 0.1997 -0.8962
vn 0.5844 0.1793 -0.7914
vn 0.5882 0.0020 -0.8087
vn 0.4533 -0.2734 -0.8484
vn 0.5912 -0.2931 -0.7513
vn 0.4541 -0.5556 -0.6965
vn 0.5928 -0.5336 -0.6032
vn 0.4992 -0.6418 -0.5821
vn 0.5896 -0.5984 -0.5425
vn 0.1085 0.0500 -0.9928
vn 0.0403 0.2126 -0.9763
vn 0.1113 -0.3034 -0.9463
vn 0.1122 -0.6175 -0.7785
vn 0.1764 -0.7288 -0.6617
vn -0.2472 0.0482 -0.9678
vn -0.2997 0.1989 -0.9331
vn -0.2447 -0.2945 -0.9238
vn -0.2435 -0.6005 -0.7617
vn -0.1882 -0.7268 -0.6605
vn -0.4019 0.0915 -0.9111
vn -0.4002 0.1897 -0.8966
vn -0.3982 -0.2240 -0.8895
vn -0.3961 -0.5301 -0.7497
vn -0.3945 -0.6798 -0.6182
vt 0.547537 0.148371
vt 0.553876 0.156575
vt 0.537968 0.167262
vt 0.527840 0.160053
vt 0.561955 0.134701
vt 0.567548 0.138429
vt 0.572436 0.115065
vt 0.575253 0.115934
vt 0.541076 0.140044
vt 0.521005 0.152224
vt 0.556735 0.129606
vt 0.549526 0.110840
vt 0.571027 0.111771
vt 0.551143 0.120534
vt 0.530512 0.113324
vt 0.532997 0.127245
vt 0.518456 0.131593
vt 0.515597 0.118980
vt 0.536726 0.134452
vt 0.517774 0.142717
vt 0.553131 0.125379
vt 0.666761 0.140255
vt 0.671001 0.148597
vt 0.654261 0.155094
vt 0.648089 0.145868
vt 0.682018 0.131877
vt 0.685478 0.136371
vt 0.695361 0.120028
vt 0.697266 0.121588
vt 0.663801 0.133184
vt 0.643237 0.138366
vt 0.679692 0.128113
vt 0.678032 0.112376
vt 0.695107 0.117123
vt 0.677240 0.119738
vt 0.661528 0.108789
vt 0.660535 0.119808
vt 0.643718 0.121449
vt 0.645558 0.108684
vt 0.661883 0.127969
vt 0.641448 0.129864
vt 0.678025 0.124224
vt 0.076043 0.713978
vt 0.081327 0.723072
vt 0.064184 0.731305
vt 0.056321 0.722703
vt 0.091648 0.704149
vt 0.096318 0.708203
vt 0.105411 0.688215
vt 0.107622 0.689403
vt 0.072111 0.705991
vt 0.051160 0.714163
vt 0.088822 0.699479
vt 0.085503 0.681171
vt 0.105011 0.685195
vt 0.086118 0.689403
vt 0.067072 0.679819
vt 0.067932 0.691739
vt 0.052634 0.694994
vt 0.050852 0.683444
vt 0.069775 0.699726
vt 0.050238 0.704947
vt 0.087102 0.694933
vt 0.192082 0.706331
vt 0.193664 0.715058
vt 0.174930 0.717939
vt 0.171768 0.708816
vt 0.209400 0.702205
vt 0.212067 0.707076
vt 0.227785 0.692604
vt 0.229524 0.694271
vt 0.191041 0.699550
vt 0.169869 0.700479
vt 0.208193 0.697802
vt 0.210341 0.681903
vt 0.228262 0.690017
vt 0.208700 0.688769
vt 0.193447 0.676655
vt 0.191023 0.685954
vt 0.175038 0.684413
vt 0.177244 0.674174
vt 0.190647 0.693608
vt 0.171120 0.692712
vt 0.207987 0.693438
vt 0.139446 0.666901
vt 0.141736 0.658524
vt 0.161489 0.665030
vt 0.158660 0.673690
vt 0.123452 0.664053
vt 0.123215 0.658687
vt 0.104338 0.665598
vt 0.103825 0.663277
vt 0.137366 0.673947
vt 0.155136 0.682185
vt 0.122464 0.668540
vt 0.114437 0.682233
vt 0.102971 0.667655
vt 0.118716 0.676465
vt 0.125845 0.693446
vt 0.131832 0.685713
vt 0.144776 0.694058
vt 0.140482 0.703263
vt 0.135016 0.679610
vt 0.150839 0.688495
vt 0.120923 0.672556
vt 0.338906 0.017489
vt 0.341886 0.008863
vt 0.357561 0.036912
vt 0.343669 0.046558
vt 0.040725 0.521471
vt 0.021361 0.532138
vt 0.021664 0.501439
vt 0.046477 0.490795
vt 0.036262 0.091395
vt 0.027596 0.157610
vt 0.013755 0.158766
vt 0.246660 0.259445
vt 0.299594 0.226507
vt 0.322435 0.303739
vt 0.272176 0.309679
vt 0.114142 0.396411
vt 0.106736 0.416651
vt 0.073088 0.425966
vt 0.070532 0.474809
vt 0.066573 0.514222
vt 0.078762 0.376354
vt 0.149252 0.357356
vt 0.108009 0.392286
vt 0.075989 0.392030
vt 0.114415 0.479002
vt 0.095097 0.447894
vt 0.114806 0.453885
vt 0.128012 0.473266
vt 0.487350 0.667651
vt 0.476632 0.661648
vt 0.477653 0.649063
vt 0.497115 0.654767
vt 0.547362 0.636964
vt 0.559510 0.643270
vt 0.562863 0.654191
vt 0.543564 0.644529
vt 0.544762 0.662948
vt 0.551975 0.683560
vt 0.530639 0.684211
vt 0.528827 0.657391
vt 0.607623 0.628749
vt 0.611893 0.637986
vt 0.596089 0.648918
vt 0.603445 0.632744
vt 0.636712 0.619798
vt 0.637745 0.625615
vt 0.628905 0.631514
vt 0.625755 0.619136
vt 0.684145 0.635493
vt 0.682923 0.640120
vt 0.667339 0.638992
vt 0.670680 0.631513
vt 0.507483 0.695680
vt 0.503445 0.675850
vt 0.719317 0.662596
vt 0.733815 0.672391
vt 0.715748 0.669362
vt 0.714327 0.665273
vt 0.682299 0.671648
vt 0.691568 0.681564
vt 0.691690 0.697424
vt 0.680500 0.682913
vt 0.561365 0.670317
vt 0.562806 0.682441
vt 0.712817 0.696116
vt 0.708689 0.687137
vt 0.720081 0.691928
vt 0.725092 0.703108
vt 0.537814 0.622746
vt 0.526632 0.620614
vt 0.525469 0.640841
vt 0.491282 0.631769
vt 0.509551 0.642002
vt 0.483964 0.641786
vt 0.709692 0.677252
vt 0.706572 0.697134
vt 0.604090 0.665503
vt 0.645684 0.644671
vt 0.646588 0.634001
vt 0.698897 0.656833
vt 0.704363 0.668685
vt 0.670415 0.662172
vt 0.456278 0.658284
vt 0.467316 0.645116
vt 0.758729 0.681720
vt 0.755266 0.685486
vt 0.741933 0.679163
vt 0.720727 0.682157
vt 0.728564 0.686141
vt 0.729490 0.696471
vt 0.750055 0.717535
vt 0.543869 0.616372
vt 0.551657 0.631814
vt 0.564794 0.635807
vt 0.600035 0.629924
vt 0.592602 0.640339
vt 0.590268 0.634907
vt 0.593483 0.626741
vt 0.581378 0.603346
vt 0.600298 0.618094
vt 0.587238 0.618344
vt 0.575959 0.606009
vt 0.530338 0.599819
vt 0.545320 0.603044
vt 0.590408 0.585490
vt 0.608404 0.597806
vt 0.624720 0.605420
vt 0.629913 0.602042
vt 0.656016 0.600458
vt 0.644404 0.624283
vt 0.633691 0.597935
vt 0.654002 0.591653
vt 0.502036 0.625987
vt 0.489118 0.610693
vt 0.497908 0.599694
vt 0.514224 0.616721
vt 0.660097 0.602822
vt 0.663276 0.616614
vt 0.678088 0.618167
vt 0.685218 0.617079
vt 0.714584 0.622599
vt 0.697731 0.636043
vt 0.692257 0.611418
vt 0.708368 0.605445
vt 0.465156 0.629670
vt 0.473600 0.620625
vt 0.728991 0.617652
vt 0.718215 0.637064
vt 0.731216 0.654329
vt 0.741147 0.653289
vt 0.767481 0.659561
vt 0.455693 0.641125
vt 0.449443 0.653073
vt 0.734930 0.689595
vt 0.735587 0.698224
vt 0.753136 0.711712
vt 0.550362 0.611853
vt 0.555184 0.624820
vt 0.567910 0.626098
vt 0.586428 0.624928
vt 0.585004 0.630255
vt 0.578163 0.620172
vt 0.570010 0.609385
vt 0.546819 0.585403
vt 0.536307 0.584328
vt 0.631383 0.593915
vt 0.625881 0.594607
vt 0.645714 0.583968
vt 0.634974 0.590079
vt 0.486234 0.592117
vt 0.480562 0.600551
vt 0.685488 0.609365
vt 0.680244 0.609912
vt 0.700827 0.595918
vt 0.690341 0.603401
vt 0.456898 0.620368
vt 0.463947 0.608652
vt 0.744543 0.647122
vt 0.737941 0.648254
vt 0.764246 0.645970
vt 0.723080 0.650258
vt 0.718336 0.642292
vt 0.727452 0.641450
vt 0.730744 0.646943
vt 0.711473 0.654497
vt 0.703959 0.644868
vt 0.697658 0.645329
vt 0.732798 0.682704
vt 0.745094 0.686240
vt 0.737635 0.686585
vt 0.724392 0.677691
vt 0.719057 0.672910
vt 0.669517 0.617866
vt 0.675074 0.609076
vt 0.657184 0.627633
vt 0.654721 0.631686
vt 0.616868 0.602620
vt 0.616942 0.592577
vt 0.613381 0.620017
vt 0.612239 0.627371
vt 0.641363 0.664613
vt 0.605836 0.677751
vt 0.581154 0.634235
vt 0.582202 0.640380
vt 0.581419 0.646864
vt 0.580517 0.656777
vt 0.581707 0.671837
vt 0.583499 0.678375
vt 0.586988 0.691105
vt 0.607211 0.687395
vt 0.603324 0.704676
vt 0.584597 0.708724
vt 0.584762 0.707131
vt 0.658537 0.689535
vt 0.662217 0.674236
vt 0.678603 0.698239
vt 0.493235 0.702135
vt 0.506654 0.707461
vt 0.495529 0.707442
vt 0.481140 0.690756
vt 0.476578 0.676133
vt 0.473578 0.668129
vt 0.450380 0.665246
vt 0.442921 0.658448
vt 0.729061 0.636611
vt 0.689763 0.642302
vt 0.672311 0.604385
vt 0.646125 0.629215
vt 0.612375 0.588883
vt 0.683997 0.646921
vt 0.527823 0.574312
vt 0.520954 0.589545
vt 0.471555 0.604778
vt 0.476017 0.618615
vt 0.457769 0.638043
vt 0.448633 0.625784
vt 0.754481 0.693484
vt 0.737992 0.626624
vt 0.665013 0.594386
vt 0.601286 0.573249
vt 0.447782 0.638527
vt 0.438015 0.644268
vt 0.741555 0.692148
vt 0.742277 0.696037
vt 0.747670 0.699860
vt 0.569363 0.620672
vt 0.557035 0.610850
vt 0.575604 0.621924
vt 0.568856 0.616412
vt 0.545009 0.575142
vt 0.534054 0.572966
vt 0.625479 0.587349
vt 0.632097 0.585031
vt 0.641907 0.579517
vt 0.480279 0.590620
vt 0.471852 0.597722
vt 0.683198 0.603402
vt 0.687620 0.599695
vt 0.695145 0.593094
vt 0.454949 0.606822
vt 0.444653 0.613277
vt 0.734341 0.639319
vt 0.737164 0.643052
vt 0.744770 0.691125
vt 0.676547 0.600192
vt 0.618314 0.583664
vt 0.576240 0.626112
vt 0.579669 0.625474
vt 0.744011 0.641449
vt 0.747976 0.696918
vt 0.739777 0.635471
vt 0.670001 0.592466
vt 0.611171 0.575009
vt 0.732526 0.862817
vt 0.776006 0.868175
vt 0.780909 0.891771
vt 0.737155 0.888497
vt 0.072440 0.441994
vt 0.375755 0.736859
vt 0.347094 0.721289
vt 0.352093 0.706387
vt 0.377928 0.726797
vt 0.262505 0.661222
vt 0.287552 0.693748
vt 0.249920 0.679162
vt 0.231856 0.650322
vt 0.688892 0.855356
vt 0.681642 0.807927
vt 0.718013 0.810159
vt 0.058556 0.601476
vt 0.059076 0.625087
vt 0.039113 0.617555
vt 0.036322 0.592027
vt 0.380949 0.130447
vt 0.393090 0.168890
vt 0.351346 0.186390
vt 0.351118 0.147923
vt 0.382273 0.679190
vt 0.402099 0.688370
vt 0.219658 0.616311
vt 0.263596 0.612765
vt 0.746652 0.804650
vt 0.151518 0.373128
vt 0.160415 0.395897
vt 0.116521 0.424264
vt 0.152359 0.384553
vt 0.532605 0.700825
vt 0.041117 0.402531
vt 0.036792 0.437441
vt 0.018549 0.440040
vt 0.018549 0.413009
vt 0.375397 0.093935
vt 0.345172 0.110989
vt 0.010716 0.235301
vt 0.011988 0.199281
vt 0.034397 0.199916
vt 0.035890 0.236085
vt 0.344819 0.087660
vt 0.342613 0.076407
vt 0.367555 0.063059
vt 0.371045 0.077299
vt 0.020901 0.557048
vt 0.034522 0.559281
vt 0.019724 0.588780
vt 0.046935 0.378418
vt 0.018035 0.377238
vt 0.326076 0.079576
vt 0.330475 0.049833
vt 0.138508 0.270621
vt 0.119009 0.237899
vt 0.148348 0.247277
vt 0.167868 0.270769
vt 0.150208 0.318348
vt 0.205217 0.315369
vt 0.636195 0.686301
vt 0.064690 0.201581
vt 0.075463 0.237079
vt 0.047471 0.151009
vt 0.047649 0.095959
vt 0.041051 0.454113
vt 0.019468 0.462666
vt 0.436219 0.899641
vt 0.436490 0.949556
vt 0.399200 0.968595
vt 0.387172 0.908050
vt 0.205424 0.382985
vt 0.231067 0.390315
vt 0.220113 0.393027
vt 0.213177 0.341893
vt 0.210154 0.363385
vt 0.770837 0.938657
vt 0.799549 0.886415
vt 0.788269 0.936743
vt 0.795102 0.861978
vt 0.440328 0.854720
vt 0.382073 0.863673
vt 0.390578 0.844257
vt 0.444281 0.838622
vt 0.756944 0.801981
vt 0.462625 0.795333
vt 0.430573 0.789093
vt 0.290020 0.014682
vt 0.275101 0.032360
vt 0.265191 0.014784
vt 0.288896 0.005180
vt 0.250272 0.021529
vt 0.256199 0.038798
vt 0.340824 0.339823
vt 0.284103 0.336603
vt 0.314627 0.529046
vt 0.323842 0.564485
vt 0.262765 0.580904
vt 0.260135 0.560890
vt 0.200028 0.524204
vt 0.171642 0.528876
vt 0.171396 0.511059
vt 0.201117 0.506352
vt 0.208363 0.568500
vt 0.209952 0.582706
vt 0.176989 0.576116
vt 0.180192 0.560214
vt 0.180192 0.614072
vt 0.504960 0.851063
vt 0.492911 0.897111
vt 0.515011 0.893455
vt 0.499155 0.956318
vt 0.467078 0.958350
vt 0.530192 0.849877
vt 0.551788 0.852300
vt 0.571184 0.855604
vt 0.568726 0.882222
vt 0.542488 0.891614
vt 0.148801 0.562701
vt 0.152990 0.545436
vt 0.181020 0.638101
vt 0.173395 0.658172
vt 0.121492 0.645921
vt 0.147157 0.627858
vt 0.058206 0.566041
vt 0.023251 0.618160
vt 0.735689 0.995972
vt 0.718929 0.984138
vt 0.726110 0.923524
vt 0.626715 0.839753
vt 0.687169 0.877912
vt 0.629911 0.868160
vt 0.571667 0.831717
vt 0.572545 0.810975
vt 0.595722 0.807899
vt 0.594496 0.832869
vt 0.626400 0.805464
vt 0.758195 0.993353
vt 0.550964 0.833339
vt 0.552579 0.807398
vt 0.494875 0.730311
vt 0.479477 0.758458
vt 0.457545 0.746849
vt 0.479689 0.720286
vt 0.528096 0.829687
vt 0.533667 0.804665
vt 0.530777 0.720720
vt 0.528204 0.741985
vt 0.502463 0.717390
vt 0.551110 0.699104
vt 0.551427 0.714727
vt 0.753269 0.640866
vt 0.556122 0.772487
vt 0.575624 0.766329
vt 0.595636 0.770645
vt 0.564805 0.732128
vt 0.542363 0.774420
vt 0.552082 0.735570
vt 0.510283 0.828786
vt 0.514028 0.801834
vt 0.521420 0.772019
vt 0.624916 0.770731
vt 0.670515 0.764577
vt 0.722143 0.758535
vt 0.731977 0.755195
vt 0.312756 0.112994
vt 0.318419 0.090814
vt 0.315230 0.167641
vt 0.053545 0.101075
vt 0.060258 0.145707
vt 0.234539 0.243339
vt 0.291353 0.206969
vt 0.080260 0.190900
vt 0.846262 0.501354
vt 0.829951 0.517355
vt 0.813743 0.484837
vt 0.836557 0.465325
vt 0.671690 0.494902
vt 0.676283 0.534131
vt 0.613361 0.487107
vt 0.617491 0.449014
vt 0.746536 0.427334
vt 0.770693 0.420830
vt 0.778126 0.458718
vt 0.775338 0.475235
vt 0.793507 0.412983
vt 0.797637 0.435385
vt 0.799701 0.349183
vt 0.796296 0.339790
vt 0.821898 0.336073
vt 0.826543 0.344538
vt 0.793094 0.511678
vt 0.802695 0.565669
vt 0.781017 0.527680
vt 0.558180 0.293642
vt 0.555083 0.299734
vt 0.523854 0.271551
vt 0.528810 0.273615
vt 0.537172 0.383148
vt 0.520809 0.343816
vt 0.525920 0.340305
vt 0.541922 0.371380
vt 0.530617 0.332821
vt 0.549457 0.357132
vt 0.802385 0.452007
vt 0.826130 0.438895
vt 0.579293 0.222203
vt 0.589100 0.238980
vt 0.558748 0.238617
vt 0.550800 0.225198
vt 0.863140 0.276609
vt 0.820814 0.270569
vt 0.825924 0.229636
vt 0.873826 0.259471
vt 0.787004 0.218281
vt 0.763878 0.212395
vt 0.772344 0.203207
vt 0.795056 0.207853
vt 0.746639 0.208576
vt 0.753246 0.195981
vt 0.797792 0.266647
vt 0.807032 0.223338
vt 0.794024 0.128361
vt 0.808683 0.124439
vt 0.817769 0.126503
vt 0.788863 0.133213
vt 0.901699 0.148906
vt 0.888484 0.156648
vt 0.883529 0.145085
vt 0.893131 0.138478
vt 0.774306 0.167797
vt 0.749943 0.176676
vt 0.749633 0.163152
vt 0.774100 0.154273
vt 0.611984 0.171652
vt 0.614910 0.176367
vt 0.600870 0.182147
vt 0.641235 0.167247
vt 0.629053 0.174715
vt 0.625646 0.167179
vt 0.630808 0.165630
vt 0.671586 0.161741
vt 0.655584 0.169863
vt 0.652177 0.161397
vt 0.660333 0.160056
vt 0.697085 0.156442
vt 0.706376 0.150661
vt 0.707994 0.156614
vt 0.728675 0.167488
vt 0.718352 0.181425
vt 0.710815 0.170999
vt 0.748807 0.153344
vt 0.744058 0.150764
vt 0.772448 0.132801
vt 0.772138 0.142298
vt 0.868353 0.127845
vt 0.888589 0.127227
vt 0.821278 0.117213
vt 0.835318 0.110501
vt 0.695639 0.173580
vt 0.809096 0.150764
vt 0.789276 0.152312
vt 0.726713 0.156442
vt 0.875271 0.158506
vt 0.863089 0.151900
vt 0.851527 0.143021
vt 0.603243 0.188651
vt 0.621825 0.186070
vt 0.634525 0.184728
vt 0.644331 0.172237
vt 0.646810 0.181425
vt 0.658682 0.178948
vt 0.675199 0.166765
vt 0.679019 0.178534
vt 0.690787 0.163152
vt 0.709679 0.160882
vt 0.794334 0.124439
vt 0.803316 0.118968
vt 0.968080 0.105237
vt 0.969113 0.110088
vt 0.949498 0.115560
vt 0.944335 0.108746
vt 0.932257 0.122890
vt 0.939586 0.126090
vt 0.935664 0.134968
vt 0.927612 0.134556
vt 0.934219 0.152003
vt 0.925237 0.149525
vt 0.896331 0.122168
vt 0.900874 0.132905
vt 0.910370 0.140440
vt 0.811781 0.070756
vt 0.804864 0.069619
vt 0.805276 0.061051
vt 0.812194 0.058780
vt 0.811471 0.049695
vt 0.801353 0.052689
vt 0.785146 0.031836
vt 0.791134 0.028223
vt 0.899840 0.119070
vt 0.877129 0.119689
vt 0.891170 0.113289
vt 0.799289 0.016660
vt 0.820763 0.034830
vt 0.839137 0.055064
vt 0.838209 0.043708
vt 0.845952 0.041024
vt 0.851732 0.052172
vt 0.864844 0.046392
vt 0.854521 0.033280
vt 0.868251 0.010156
vt 0.875064 0.020995
vt 0.859373 0.100591
vt 0.870419 0.103275
vt 0.865567 0.115354
vt 0.850804 0.112567
vt 0.888692 0.018312
vt 0.881671 0.039785
vt 0.896848 0.057129
vt 0.895917 0.071169
vt 0.881156 0.067451
vt 0.887143 0.056302
vt 0.911507 0.071169
vt 0.907584 0.052895
vt 0.921521 0.040714
vt 0.924618 0.054753
vt 0.821485 0.105443
vt 0.831292 0.103275
vt 0.934529 0.052793
vt 0.926991 0.070240
vt 0.946091 0.093260
vt 0.932361 0.103482
vt 0.936077 0.090473
vt 0.967460 0.091918
vt 0.794128 0.117831
vt 0.799495 0.112876
vt 0.944956 0.128982
vt 0.943097 0.136001
vt 0.942065 0.150661
vt 0.906241 0.129084
vt 0.904590 0.120207
vt 0.916565 0.134350
vt 0.798359 0.068072
vt 0.799082 0.061773
vt 0.781017 0.036274
vt 0.794643 0.054651
vt 0.898705 0.106888
vt 0.906964 0.109159
vt 0.837589 0.034313
vt 0.843268 0.030804
vt 0.849771 0.021098
vt 0.860405 0.006130
vt 0.862366 0.093055
vt 0.871245 0.094397
vt 0.892615 0.046702
vt 0.899840 0.046702
vt 0.907377 0.042160
vt 0.916565 0.034107
vt 0.824684 0.098010
vt 0.830776 0.096772
vt 0.942375 0.082421
vt 0.949498 0.083763
vt 0.964157 0.082937
vt 0.926166 0.079325
vt 0.934219 0.073956
vt 0.937626 0.080666
vt 0.930398 0.087273
vt 0.922862 0.095119
vt 0.914810 0.082834
vt 0.687588 0.158713
vt 0.676851 0.156854
vt 0.954039 0.120515
vt 0.948465 0.125265
vt 0.944026 0.120826
vt 0.938245 0.115560
vt 0.715151 0.154067
vt 0.882084 0.050728
vt 0.888898 0.043192
vt 0.871968 0.058367
vt 0.643919 0.163152
vt 0.830776 0.041024
vt 0.831601 0.032559
vt 0.825615 0.053722
vt 0.616251 0.169037
vt 0.637982 0.196394
vt 0.800322 0.080873
vt 0.795160 0.076744
vt 0.806412 0.087376
vt 0.585591 0.168934
vt 0.598908 0.176676
vt 0.579706 0.173683
vt 0.578158 0.183800
vt 0.604069 0.197221
vt 0.639014 0.205427
vt 0.602933 0.208886
vt 0.845848 0.163463
vt 0.867321 0.170585
vt 0.862469 0.189891
vt 0.834390 0.184419
vt 0.817871 0.177811
vt 0.817459 0.161294
vt 0.794953 0.178019
vt 0.792372 0.164392
vt 0.779158 0.180392
vt 0.718352 0.194433
vt 0.680773 0.189477
vt 0.681394 0.198665
vt 0.542232 0.204654
vt 0.556685 0.191027
vt 0.576403 0.195878
vt 0.566802 0.209505
vt 0.562259 0.175438
vt 0.564943 0.167901
vt 0.571794 0.166096
vt 0.802283 0.103069
vt 0.791753 0.098319
vt 0.781325 0.122065
vt 0.783493 0.114734
vt 0.935560 0.066214
vt 0.669005 0.156442
vt 0.890239 0.034519
vt 0.638241 0.159952
vt 0.824479 0.024609
vt 0.607372 0.167591
vt 0.603656 0.170999
vt 0.725785 0.150145
vt 0.884768 0.105443
vt 0.894782 0.099352
vt 0.848223 0.095635
vt 0.855036 0.088100
vt 0.845022 0.121444
vt 0.812194 0.105443
vt 0.815910 0.094913
vt 0.969938 0.116386
vt 0.941445 0.053206
vt 0.896022 0.019653
vt 0.807755 0.010259
vt 0.787417 0.091815
vt 0.793507 0.105753
vt 0.951149 0.129808
vt 0.950117 0.136930
vt 0.948155 0.146325
vt 0.921004 0.128878
vt 0.790618 0.055477
vt 0.781120 0.044431
vt 0.910680 0.101829
vt 0.836144 0.025641
vt 0.845642 0.019448
vt 0.853591 0.006646
vt 0.871037 0.089544
vt 0.897570 0.038132
vt 0.904177 0.037719
vt 0.912538 0.031112
vt 0.827678 0.091197
vt 0.949910 0.078086
vt 0.960854 0.078291
vt 0.940104 0.066627
vt 0.942375 0.075091
vt 0.955692 0.124336
vt 0.895299 0.032868
vt 0.828196 0.021616
vt 0.789378 0.074575
vt 0.792681 0.064872
vt 0.963951 0.122581
vt 0.945058 0.057644
vt 0.899531 0.021719
vt 0.815290 0.010363
vt 0.784114 0.086138
vt 0.752523 0.254464
vt 0.730327 0.239702
vt 0.778280 0.263756
vt 0.539030 0.215699
vt 0.828505 0.216423
vt 0.866290 0.226023
vt 0.813535 0.211157
vt 0.719075 0.205583
vt 0.709679 0.224784
vt 0.680568 0.208061
vt 0.852353 0.208369
vt 0.837487 0.197633
vt 0.817356 0.186793
vt 0.786384 0.191646
vt 0.796914 0.188136
vt 0.832325 0.208576
vt 0.815703 0.200008
vt 0.521583 0.209402
vt 0.621310 0.315942
vt 0.626987 0.302108
vt 0.632357 0.304895
vt 0.635866 0.318935
vt 0.816839 0.311192
vt 0.793920 0.310677
vt 0.776681 0.350939
vt 0.776783 0.336280
vt 0.727953 0.382839
vt 0.720726 0.355998
vt 0.748187 0.357855
vt 0.756032 0.379948
vt 0.780499 0.379536
vt 0.659920 0.381290
vt 0.653003 0.426714
vt 0.621000 0.410610
vt 0.628227 0.373857
vt 0.610161 0.508270
vt 0.585899 0.484010
vt 0.591784 0.458305
vt 0.595397 0.420726
vt 0.598391 0.384800
vt 0.603346 0.357959
vt 0.649494 0.292198
vt 0.652075 0.314186
vt 0.663121 0.265460
vt 0.631324 0.268556
vt 0.639092 0.236347
vt 0.678399 0.234386
vt 0.858960 0.323065
vt 0.861851 0.307890
vt 0.800114 0.196910
vt 0.815084 0.399046
vt 0.807238 0.376335
vt 0.820040 0.411539
vt 0.745606 0.346087
vt 0.716700 0.336693
vt 0.639634 0.213790
vt 0.608095 0.217352
vt 0.612483 0.334111
vt 0.594908 0.330730
vt 0.600766 0.315374
vt 0.721861 0.503108
vt 0.736212 0.540067
vt 0.738895 0.298082
vt 0.715358 0.281357
vt 0.768627 0.309850
vt 0.550697 0.252865
vt 0.573099 0.266802
vt 0.716494 0.310367
vt 0.690220 0.287551
vt 0.696362 0.255033
vt 0.864740 0.331736
vt 0.744265 0.327608
vt 0.700285 0.376799
vt 0.685419 0.348668
vt 0.509866 0.281409
vt 0.543806 0.311503
vt 0.777403 0.362191
vt 0.833976 0.346809
vt 0.866806 0.335659
vt 0.876613 0.344641
vt 0.849565 0.361469
vt 0.803211 0.357443
vt 0.609438 0.239753
vt 0.599836 0.270828
vt 0.698428 0.438895
vt 0.732598 0.429811
vt 0.582492 0.308819
vt 0.575060 0.320277
vt 0.595500 0.300249
vt 0.609954 0.304431
vt 0.615838 0.287655
vt 0.633079 0.287139
vt 0.561690 0.337725
vt 0.637311 0.340769
vt 0.687640 0.321516
vt 0.683613 0.565927
vt 0.755207 0.580743
vt 0.830569 0.143950
vt 0.861541 0.160675
vt 0.846570 0.158713
vt 0.826543 0.154481
vt 0.804553 0.159746
vt 0.790204 0.162119
vt 0.580893 0.348977
vt 0.561278 0.279655
vt 0.656617 0.342370
vt 0.572893 0.367612
vt 0.559885 0.418094
vt 0.553793 0.430276
vt 0.535417 0.259678
vt 0.295742 0.016215
vt 0.296662 0.004873
vt 0.148899 0.488830
vt 0.145040 0.509625
vt 0.171290 0.498458
vt 0.201642 0.497651
vt 0.234161 0.486085
vt 0.237850 0.494694
vt 0.594122 0.859385
vt 0.592985 0.877455
vt 0.628832 0.881322
vt 0.677132 0.899648
vt 0.250871 0.530660
vt 0.145412 0.528227
vt 0.146973 0.597581
vt 0.110241 0.490991
vt 0.101560 0.537582
vt 0.106673 0.503610
vt 0.096217 0.610524
vt 0.093234 0.582525
vt 0.046271 0.474229
vt 0.021377 0.485598
vt 0.072950 0.414880
vt 0.659799 0.927941
vt 0.618305 0.905513
vt 0.588286 0.906407
vt 0.569540 0.917033
vt 0.528709 0.941980
vt 0.279441 0.369044
vt 0.270181 0.378704
vt 0.696648 0.968405
vt 0.280108 0.489421
vt 0.258511 0.465178
vt 0.249091 0.446906
vt 0.288560 0.406169
vt 0.289965 0.439647
vt 0.265704 0.429900
vt 0.271424 0.401850
vt 0.250613 0.425349
vt 0.251757 0.409135
vt 0.566957 0.386916
vt 0.281642 0.046462
vt 0.266417 0.079057
vt 0.270709 0.050549
vt 0.829124 0.375561
vt 0.235352 0.044623
vt 0.233923 0.022347
vt 0.887659 0.472242
vt 0.871142 0.472654
vt 0.857204 0.465531
vt 0.883942 0.453659
vt 0.860405 0.497740
vt 0.854418 0.447775
vt 0.878780 0.430638
vt 0.208581 0.050958
vt 0.204495 0.026331
vt 0.848533 0.422378
vt 0.877439 0.413912
vt 0.182117 0.025207
vt 0.186714 0.050549
vt 0.489891 0.289927
vt 0.473992 0.297668
vt 0.087607 0.042917
vt 0.075854 0.023239
vt 0.848223 0.395020
vt 0.882704 0.391613
vt 0.155651 0.022755
vt 0.155548 0.042681
vt 0.135623 0.019996
vt 0.137564 0.038899
vt 0.103539 0.040023
vt 0.109566 0.016215
vt 0.865257 0.378916
vt 0.887040 0.384387
vt 0.883737 0.352281
vt 0.898705 0.358991
vt 0.762743 0.487726
vt 0.700863 0.734034
vt 0.698921 0.762140
vt 0.683844 0.733960
vt 0.662319 0.734340
vt 0.628341 0.731741
vt 0.632102 0.701696
vt 0.657671 0.704609
vt 0.603788 0.726020
vt 0.582439 0.729514
vt 0.708607 0.729695
vt 0.313843 0.461251
vt 0.314686 0.418540
vt 0.390053 0.337102
vt 0.374884 0.296901
vt 0.430796 0.337396
vt 0.425209 0.292964
vt 0.318434 0.705719
vt 0.303111 0.676704
vt 0.432541 0.020643
vt 0.435619 0.040979
vt 0.420501 0.037232
vt 0.421170 0.020643
vt 0.403645 0.015293
vt 0.403108 0.024791
vt 0.375594 0.014668
vt 0.378529 0.010274
vt 0.429465 0.049408
vt 0.417557 0.041113
vt 0.399763 0.029206
vt 0.402445 0.004853
vt 0.400168 0.004997
vt 0.419423 0.007100
vt 0.411422 0.004353
vt 0.426616 0.005649
vt 0.411939 0.043118
vt 0.420234 0.057166
vt 0.397624 0.062652
vt 0.394280 0.051279
vt 0.383174 0.037232
vt 0.393209 0.032016
vt 0.373207 0.018770
vt 0.625228 0.119654
vt 0.628775 0.138020
vt 0.616234 0.131308
vt 0.616362 0.117500
vt 0.600657 0.114335
vt 0.599263 0.121301
vt 0.583389 0.114208
vt 0.585647 0.111864
vt 0.625100 0.147139
vt 0.615094 0.137640
vt 0.597742 0.125227
vt 0.582022 0.133743
vt 0.580686 0.116874
vt 0.587611 0.129660
vt 0.586671 0.148261
vt 0.581209 0.131487
vt 0.594957 0.144099
vt 0.585653 0.146479
vt 0.599263 0.153218
vt 0.590306 0.156053
vt 0.611803 0.139034
vt 0.618769 0.152206
vt 0.594322 0.126748
vt 0.268011 0.206691
vt 0.247236 0.195922
vt 0.255090 0.186928
vt 0.273459 0.197316
vt 0.281059 0.186295
vt 0.270417 0.179074
vt 0.291489 0.167799
vt 0.293030 0.172234
vt 0.241280 0.187182
vt 0.250783 0.181987
vt 0.266110 0.174640
vt 0.250021 0.176287
vt 0.239127 0.179580
vt 0.242674 0.165265
vt 0.253063 0.164632
vt 0.267505 0.164380
vt 0.265603 0.171094
vt 0.289736 0.163366
vt 0.270925 0.157411
vt 0.256735 0.152851
vt 0.244574 0.150445
vt 0.256186 0.727392
vt 0.242414 0.714981
vt 0.252639 0.711060
vt 0.263659 0.722134
vt 0.273561 0.716365
vt 0.266319 0.707561
vt 0.283104 0.702395
vt 0.284290 0.706897
vt 0.240649 0.707815
vt 0.250116 0.706459
vt 0.262560 0.703563
vt 0.250014 0.701924
vt 0.238972 0.699651
vt 0.246430 0.688859
vt 0.254456 0.692790
vt 0.266579 0.694540
vt 0.262952 0.699455
vt 0.282810 0.698350
vt 0.270477 0.689587
vt 0.259480 0.686814
vt 0.250183 0.683214
vt 0.043462 0.668655
vt 0.036388 0.677587
vt 0.020096 0.668798
vt 0.030242 0.658079
vt 0.050967 0.658221
vt 0.042390 0.650646
vt 0.055920 0.641594
vt 0.058469 0.645502
vt 0.015664 0.660794
vt 0.026241 0.654933
vt 0.038533 0.647215
vt 0.025097 0.650074
vt 0.013379 0.653077
vt 0.014806 0.641643
vt 0.024954 0.641356
vt 0.037961 0.638354
vt 0.037532 0.643215
vt 0.054182 0.637570
vt 0.038533 0.633638
vt 0.025241 0.634640
vt 0.014522 0.634926
vt 0.914087 0.119276
vt 0.901596 0.095223
vt 0.862366 0.087015
vt 0.819679 0.090629
vt 0.787881 0.109263
vt 0.701567 0.700240
vt 0.416339 0.632174
vt 0.356945 0.221122
vt 0.405762 0.208265
vt 0.047373 0.353715
vt 0.083419 0.353317
vt 0.017112 0.359246
vt 0.085343 0.271125
vt 0.038246 0.270954
vt 0.010983 0.271268
vt 0.089387 0.318985
vt 0.045957 0.319429
vt 0.014825 0.321032
vt 0.339619 0.646882
vt 0.329991 0.613280
vt 0.368598 0.581453
vt 0.377234 0.608978
vt 0.293053 0.356809
vt 0.210452 0.332812
vt 0.357924 0.518839
vt 0.358640 0.440663
vt 0.149767 0.336340
vt 0.370881 0.483123
vt 0.389927 0.507047
vt 0.424879 0.515050
vt 0.358076 0.387730
vt 0.392744 0.419956
vt 0.428764 0.428737
vt 0.690929 0.703590
vt 0.699594 0.713452
vt 0.702038 0.721337
vt 0.691863 0.717667
vt 0.563369 0.712339
vt 0.563332 0.698120
vt 0.490990 0.712610
vt 0.678560 0.712130
vt 0.091979 0.118902
vt 0.085203 0.120071
vt 0.084853 0.116917
vt 0.090460 0.113996
vt 0.115111 0.129065
vt 0.120718 0.122524
vt 0.120718 0.123576
vt 0.120134 0.131051
vt 0.203632 0.080912
vt 0.211984 0.077933
vt 0.209939 0.081029
vt 0.107516 0.139989
vt 0.105998 0.129649
vt 0.121360 0.142033
vt 0.213444 0.090607
vt 0.207018 0.085467
vt 0.217533 0.080912
vt 0.221973 0.085467
vt 0.092211 0.126145
vt 0.085436 0.127431
vt 0.098638 0.127197
vt 0.096068 0.117034
vt 0.097236 0.115515
vt 0.104246 0.122291
vt 0.123697 0.125854
vt 0.178280 0.070865
vt 0.185057 0.075421
vt 0.179303 0.076385
vt 0.103544 0.124918
vt 0.168790 0.121531
vt 0.175274 0.130468
vt 0.150040 0.134557
vt 0.149836 0.125911
vt 0.140286 0.125503
vt 0.136722 0.134556
vt 0.138474 0.215750
vt 0.144082 0.215633
vt 0.143382 0.221356
vt 0.141044 0.221590
vt 0.129245 0.214580
vt 0.124222 0.216566
vt 0.121593 0.205469
vt 0.135788 0.206403
vt 0.219084 0.159907
vt 0.215461 0.156754
vt 0.224048 0.155352
vt 0.220835 0.161427
vt 0.118556 0.221707
vt 0.118498 0.225796
vt 0.116571 0.223460
vt 0.117213 0.216100
vt 0.125975 0.218904
vt 0.120834 0.221298
vt 0.148989 0.219195
vt 0.158744 0.213996
vt 0.156290 0.218027
vt 0.189702 0.217093
vt 0.185321 0.209032
vt 0.195835 0.209558
vt 0.198054 0.220655
vt 0.178311 0.222058
vt 0.172354 0.216041
vt 0.159386 0.219663
vt 0.170836 0.220655
vt 0.126443 0.217501
vt 0.173756 0.121006
vt 0.197120 0.224044
vt 0.189818 0.223752
vt 0.192097 0.129358
vt 0.204948 0.126263
vt 0.215578 0.132688
vt 0.197354 0.138177
vt 0.190053 0.122057
vt 0.204012 0.118669
vt 0.201995 0.084534
vt 0.205617 0.070164
vt 0.202755 0.069551
vt 0.206084 0.058130
vt 0.210349 0.070309
vt 0.111693 0.120334
vt 0.108481 0.120070
vt 0.110905 0.107337
vt 0.115635 0.118171
vt 0.133218 0.129299
vt 0.150827 0.069462
vt 0.169343 0.072121
vt 0.163794 0.074311
vt 0.149893 0.073317
vt 0.105063 0.119107
vt 0.222587 0.177782
vt 0.215170 0.170538
vt 0.219842 0.168670
vt 0.222237 0.168319
vt 0.129245 0.233273
vt 0.128690 0.223926
vt 0.133276 0.224307
vt 0.136285 0.226410
vt 0.196068 0.174393
vt 0.204481 0.165748
vt 0.203078 0.172173
vt 0.126530 0.224131
vt 0.217215 0.219370
vt 0.214410 0.213647
vt 0.221187 0.215049
vt 0.221887 0.222641
vt 0.210789 0.204535
vt 0.226034 0.207162
vt 0.174691 0.207806
vt 0.163767 0.175971
vt 0.142447 0.174978
vt 0.158802 0.170304
vt 0.159588 0.081029
vt 0.132193 0.079510
vt 0.180383 0.084534
vt 0.193584 0.084299
vt 0.195803 0.077875
vt 0.152961 0.142735
vt 0.177728 0.141449
vt 0.131376 0.073201
vt 0.195803 0.073668
vt 0.093615 0.116566
vt 0.093847 0.114463
vt 0.095950 0.138236
vt 0.218584 0.076588
vt 0.145133 0.206987
vt 0.181671 0.171502
vt 0.180824 0.166624
vt 0.203429 0.162711
vt 0.175742 0.183272
vt 0.181934 0.177899
vt 0.216746 0.161075
vt 0.208687 0.164698
vt 0.220835 0.161659
vt 0.160262 0.206578
vt 0.198491 0.077757
vt 0.113008 0.215515
vt 0.114059 0.205820
vt 0.114759 0.226381
vt 0.113826 0.223050
vt 0.117181 0.070397
vt 0.137891 0.143260
vt 0.086137 0.137945
vt 0.139176 0.185491
vt 0.160438 0.184673
vt 0.217098 0.151846
vt 0.224224 0.152314
vt 0.133801 0.187011
vt 0.126675 0.183505
vt 0.154681 0.107665
vt 0.156784 0.095280
vt 0.178513 0.095515
vt 0.181434 0.105212
vt 0.197557 0.092710
vt 0.200244 0.098785
vt 0.122030 0.091016
vt 0.119284 0.101882
vt 0.090662 0.083832
vt 0.085522 0.092945
vt 0.100709 0.073319
vt 0.091512 0.174628
vt 0.099338 0.171239
vt 0.112657 0.183505
vt 0.102260 0.187828
vt 0.118615 0.175211
vt 0.160087 0.153366
vt 0.129304 0.157278
vt 0.175391 0.151788
vt 0.205883 0.152664
vt 0.097936 0.166098
vt 0.091277 0.159673
vt 0.108654 0.072032
vt 0.210673 0.121822
vt 0.211256 0.113879
vt 0.218850 0.124626
vt 0.220221 0.078926
vt 0.194551 0.177547
vt 0.755747 0.596915
vt 0.745633 0.597222
vt 0.739879 0.591861
vt 0.752750 0.589941
vt 0.788406 0.597009
vt 0.786550 0.587548
vt 0.806594 0.588924
vt 0.807481 0.599293
vt 0.749754 0.612752
vt 0.737272 0.606577
vt 0.741011 0.603648
vt 0.752814 0.609095
vt 0.803644 0.627949
vt 0.783560 0.624222
vt 0.785333 0.620405
vt 0.805510 0.621314
vt 0.736326 0.592681
vt 0.738525 0.597220
vt 0.734835 0.605672
vt 0.738128 0.602023
vt 0.756644 0.603465
vt 0.745338 0.600737
vt 0.788868 0.606072
vt 0.807577 0.608694
vt 0.756240 0.604980
vt 0.745871 0.602399
vt 0.787958 0.612150
vt 0.806791 0.614661
vt 0.770231 0.597693
vt 0.767792 0.589858
vt 0.765518 0.619154
vt 0.768104 0.615599
vt 0.770665 0.605815
vt 0.770749 0.610281
vt 0.826363 0.598574
vt 0.825086 0.587546
vt 0.826707 0.619909
vt 0.826287 0.625418
vt 0.827236 0.607590
vt 0.827040 0.613458
vt 0.840506 0.597226
vt 0.841184 0.587497
vt 0.844095 0.616380
vt 0.843875 0.622951
vt 0.843185 0.604953
vt 0.842398 0.610918
vt 0.509874 0.231491
vt 0.511308 0.267884
vt 0.467872 0.270851
vt 0.465189 0.230243
vt 0.436533 0.268589
vt 0.434386 0.222368
vt 0.431411 0.145335
vt 0.462920 0.160473
vt 0.431300 0.113039
vt 0.465602 0.123665
vt 0.430194 0.091119
vt 0.465812 0.095872
vt 0.510545 0.169326
vt 0.507116 0.134155
vt 0.505737 0.098525
vt 0.924856 0.242006
vt 0.938026 0.183112
vt 0.964031 0.196283
vt 0.957190 0.244738
vt 0.958942 0.297893
vt 0.991851 0.298833
vt 0.994989 0.340663
vt 0.954021 0.340293
vt 0.986513 0.160133
vt 0.987029 0.183098
vt 0.958620 0.174695
vt 0.908148 0.236320
vt 0.907461 0.184647
vt 0.923153 0.341495
vt 0.910060 0.338902
vt 0.908886 0.293085
vt 0.923411 0.295699
vt 0.921669 0.162199
vt 0.988838 0.235798
vt 0.328859 0.820763
vt 0.332090 0.785389
vt 0.379771 0.782417
vt 0.378066 0.818533
vt 0.159638 0.774422
vt 0.174459 0.806521
vt 0.151195 0.811950
vt 0.126120 0.776911
vt 0.243429 0.813511
vt 0.200612 0.809447
vt 0.196430 0.773669
vt 0.251633 0.779276
vt 0.284492 0.815055
vt 0.291365 0.781968
vt 0.094204 0.782069
vt 0.128239 0.815726
vt 0.111457 0.816358
vt 0.069137 0.782648
vt 0.049698 0.739443
vt 0.085805 0.734993
vt 0.381302 0.741940
vt 0.330632 0.740370
vt 0.289167 0.737539
vt 0.130345 0.735370
vt 0.186244 0.732168
vt 0.252279 0.736663
vt 0.010676 0.751250
vt 0.377414 0.845059
vt 0.327599 0.842527
vt 0.159648 0.840873
vt 0.180438 0.837939
vt 0.201203 0.837684
vt 0.248650 0.839569
vt 0.285659 0.841512
vt 0.130473 0.846074
vt 0.142538 0.846427
vt 0.574908 0.039560
vt 0.604606 0.045050
vt 0.588379 0.077061
vt 0.565358 0.073268
vt 0.548363 0.028949
vt 0.546077 0.060282
vt 0.521459 0.057293
vt 0.517114 0.029944
vt 0.483705 0.030949
vt 0.489944 0.051663
vt 0.468636 0.052349
vt 0.462550 0.035788
vt 0.650191 0.047782
vt 0.715108 0.049923
vt 0.709315 0.078231
vt 0.642039 0.076111
vt 0.758923 0.048760
vt 0.757925 0.078095
vt 0.616249 0.009210
vt 0.654634 0.009405
vt 0.475551 0.006513
vt 0.511516 0.004981
vt 0.552925 0.008266
vt 0.590391 0.008204
vt 0.448700 0.012626
vt 0.717268 0.007202
vt 0.761869 0.007715
vt 0.565929 0.097605
vt 0.580223 0.103749
vt 0.533633 0.090212
vt 0.466502 0.078930
vt 0.492587 0.079058
vt 0.519697 0.084764
vt 0.550182 0.096682
vt 0.664880 0.105508
vt 0.733709 0.106609
vt 0.605395 0.103603
vt 0.757072 0.106144
vt 0.701495 0.107614
vt 0.629366 0.103464
vt 0.646950 0.942022
vt 0.649117 0.949655
vt 0.637727 0.955589
vt 0.635016 0.948627
vt 0.595075 0.967576
vt 0.582667 0.969574
vt 0.583298 0.958995
vt 0.592886 0.957046
vt 0.564312 0.969815
vt 0.566708 0.958931
vt 0.625157 0.937586
vt 0.619103 0.946024
vt 0.605923 0.945283
vt 0.614664 0.932308
vt 0.535821 0.953962
vt 0.544373 0.945068
vt 0.550031 0.950142
vt 0.548961 0.956094
vt 0.619884 0.956482
vt 0.604676 0.958645
vt 0.592571 0.952147
vt 0.565875 0.947561
vt 0.579715 0.948170
vt 0.856436 0.753654
vt 0.865486 0.767384
vt 0.852847 0.768031
vt 0.848519 0.760550
vt 0.826283 0.766120
vt 0.833761 0.763560
vt 0.833734 0.768253
vt 0.829979 0.773036
vt 0.901359 0.682378
vt 0.896300 0.693545
vt 0.882805 0.686214
vt 0.887189 0.680287
vt 0.912264 0.914696
vt 0.909162 0.905170
vt 0.918683 0.906093
vt 0.902486 0.913378
vt 0.904490 0.922403
vt 0.923138 0.916515
vt 0.922114 0.920902
vt 0.841607 0.770680
vt 0.848009 0.777164
vt 0.839895 0.777940
vt 0.838832 0.770949
vt 0.610997 0.970729
vt 0.614527 0.987359
vt 0.598234 0.989576
vt 0.898599 0.746440
vt 0.905149 0.735779
vt 0.919739 0.749090
vt 0.919178 0.771092
vt 0.852812 0.773545
vt 0.865026 0.776626
vt 0.922043 0.910528
vt 0.838856 0.755556
vt 0.840943 0.763159
vt 0.836012 0.760605
vt 0.819307 0.771546
vt 0.822151 0.783176
vt 0.843586 0.769459
vt 0.842798 0.765948
vt 0.825318 0.758563
vt 0.880937 0.683545
vt 0.875383 0.690061
vt 0.875384 0.685060
vt 0.862667 0.687345
vt 0.861624 0.693375
vt 0.840752 0.693015
vt 0.839104 0.688544
vt 0.889680 0.626079
vt 0.885574 0.628749
vt 0.880150 0.615278
vt 0.884729 0.615717
vt 0.891111 0.642780
vt 0.894244 0.622920
vt 0.897794 0.643475
vt 0.887028 0.646242
vt 0.889319 0.667865
vt 0.886357 0.666161
vt 0.881329 0.666399
vt 0.885773 0.678893
vt 0.880033 0.676972
vt 0.853118 0.557589
vt 0.882468 0.547166
vt 0.887299 0.559246
vt 0.866655 0.572451
vt 0.787692 0.685341
vt 0.794160 0.673164
vt 0.807255 0.680254
vt 0.800412 0.693495
vt 0.860367 0.713901
vt 0.836104 0.709087
vt 0.771243 0.711423
vt 0.763427 0.703057
vt 0.775001 0.699658
vt 0.780186 0.706360
vt 0.773942 0.684895
vt 0.783172 0.692183
vt 0.774113 0.695952
vt 0.885589 0.755089
vt 0.910182 0.792034
vt 0.879873 0.780365
vt 0.876876 0.764510
vt 0.826840 0.754848
vt 0.842034 0.748781
vt 0.935369 0.899294
vt 0.931395 0.891795
vt 0.930462 0.885095
vt 0.777053 0.678329
vt 0.793839 0.712636
vt 0.790818 0.699949
vt 0.816337 0.701553
vt 0.916749 0.924879
vt 0.894542 0.723808
vt 0.869475 0.733818
vt 0.818002 0.760288
vt 0.888744 0.809500
vt 0.875190 0.793207
vt 0.807849 0.764534
vt 0.807590 0.778099
vt 0.809835 0.793130
vt 0.813548 0.722977
vt 0.797785 0.736167
vt 0.781563 0.721255
vt 0.833140 0.734277
vt 0.807946 0.752778
vt 0.762843 0.697865
vt 0.871929 0.672442
vt 0.876279 0.676756
vt 0.917810 0.566487
vt 0.916041 0.576527
vt 0.837496 0.675787
vt 0.784204 0.663834
vt 0.796221 0.669268
vt 0.784238 0.668046
vt 0.777016 0.662763
vt 0.807879 0.677648
vt 0.826309 0.686489
vt 0.824255 0.688312
vt 0.939252 0.578611
vt 0.938692 0.567168
vt 0.812053 0.668952
vt 0.543368 0.967019
vt 0.530407 0.963050
vt 0.522086 0.955181
vt 0.528267 0.949027
vt 0.928704 0.806833
vt 0.945615 0.820611
vt 0.936190 0.843298
vt 0.910078 0.828728
vt 0.645792 0.932597
vt 0.517475 0.970691
vt 0.582800 0.992286
vt 0.560855 0.995716
vt 0.878043 0.969835
vt 0.908582 0.948758
vt 0.922684 0.957070
vt 0.920109 0.971632
vt 0.529867 0.987292
vt 0.890491 0.859469
vt 0.895873 0.866138
vt 0.883766 0.890303
vt 0.858887 0.895721
vt 0.911541 0.853876
vt 0.915124 0.863461
vt 0.928770 0.862571
vt 0.923725 0.868904
vt 0.964258 0.921308
vt 0.968641 0.939801
vt 0.954382 0.934244
vt 0.626819 0.979968
vt 0.623427 0.969694
vt 0.641711 0.968560
vt 0.976134 0.889561
vt 0.978048 0.914763
vt 0.967893 0.906569
vt 0.953752 0.892582
vt 0.650148 0.959854
vt 0.534959 0.948082
vt 0.850292 0.862596
vt 0.881290 0.845964
vt 0.945118 0.880428
vt 0.967631 0.860654
vt 0.653914 0.935886
vt 0.662001 0.936948
vt 0.665024 0.944174
vt 0.882481 0.647027
vt 0.825728 0.796783
vt 0.819223 0.821536
vt 0.791544 0.659673
vt 0.921574 0.987056
vt 0.885056 0.991486
vt 0.997357 0.923896
vt 0.981078 0.949769
vt 0.999209 0.896807
vt 0.948604 0.728478
vt 0.958353 0.692934
vt 0.978551 0.702510
vt 0.970771 0.733691
vt 0.991670 0.865761
vt 0.929382 0.706184
vt 0.942827 0.667101
vt 0.972987 0.659817
vt 0.987290 0.663521
vt 0.843582 0.788421
vt 0.848170 0.797763
vt 0.828887 0.786927
vt 0.833709 0.776420
vt 0.835946 0.770108
vt 0.909619 0.925347
vt 0.921985 0.719790
vt 0.907956 0.711366
vt 0.914926 0.700756
vt 0.887017 0.704444
vt 0.950190 0.783683
vt 0.950626 0.760762
vt 0.966505 0.763536
vt 0.967585 0.789582
vt 0.863922 0.747803
vt 0.870231 0.743087
vt 0.819349 0.876269
vt 0.830710 0.909311
vt 0.755897 0.705436
vt 0.762749 0.717586
vt 0.872415 0.590796
vt 0.879748 0.586693
vt 0.882546 0.600939
vt 0.877424 0.600190
vt 0.843648 0.838672
vt 0.806857 0.851302
vt 0.798571 0.827848
vt 0.773905 0.726926
vt 0.790302 0.745357
vt 0.796725 0.782348
vt 0.795352 0.801844
vt 0.797476 0.759281
vt 0.778915 0.659862
vt 0.868957 0.934484
vt 0.839412 0.944323
vt 0.862376 0.607555
vt 0.869041 0.612882
vt 0.846287 0.973746
vt 0.852741 0.995025
vt 0.980427 0.632924
vt 0.998908 0.632382
vt 0.799749 0.770092
vt 0.862003 0.785128
vt 0.857490 0.813264
vt 0.903238 0.622924
vt 0.911937 0.635787
vt 0.906342 0.594585
vt 0.900932 0.604409
vt 0.892680 0.602333
vt 0.891862 0.586347
vt 0.923858 0.670387
vt 0.943404 0.628025
vt 0.958814 0.636131
vt 0.881264 0.537546
vt 0.866003 0.538513
vt 0.882490 0.523451
vt 0.900332 0.664579
vt 0.918230 0.653356
vt 0.857453 0.518041
vt 0.876148 0.500381
vt 0.887824 0.508435
vt 0.929688 0.618053
vt 0.869879 0.632923
vt 0.882519 0.631788
vt 0.865282 0.638093
vt 0.910093 0.611750
vt 0.890181 0.616019
vt 0.769742 0.673126
vt 0.887911 0.602937
vt 0.885814 0.586948
vt 0.757062 0.696741
vt 0.876332 0.625544
vt 0.873009 0.826964
vt 0.932649 0.730788
vt 0.841935 0.742611
vt 0.974522 0.832017
vt 0.891694 0.929311
vt 0.567089 0.938623
vt 0.921825 0.901355
vt 0.923496 0.891682
vt 0.760838 0.688614
vt 0.764521 0.690632
vt 0.939718 0.780133
vt 0.937824 0.756871
vt 0.766513 0.679877
vt 0.843036 0.533092
vt 0.819865 0.752042
vt 0.914375 0.600690
vt 0.858847 0.627914
vt 0.857981 0.635980
vt 0.842516 0.555716
vt 0.824962 0.558622
vt 0.847136 0.574757
vt 0.831619 0.576944
vt 0.152660 0.939805
vt 0.155054 0.906672
vt 0.182574 0.938337
vt 0.046775 0.912655
vt 0.050361 0.953979
vt 0.009066 0.958988
vt 0.009669 0.914308
vt 0.221840 0.908107
vt 0.248062 0.940581
vt 0.210488 0.942048
vt 0.192099 0.908307
vt 0.106201 0.945435
vt 0.099451 0.907619
vt 0.352917 0.940328
vt 0.384745 0.969091
vt 0.367968 0.971410
vt 0.326666 0.939800
vt 0.106419 0.969833
vt 0.045445 0.973230
vt 0.287094 0.914202
vt 0.297451 0.946502
vt 0.253688 0.910148
vt 0.186973 0.964026
vt 0.150745 0.968193
vt 0.008695 0.977943
vt 0.226542 0.967559
vt 0.262663 0.971578
vt 0.301491 0.903693
vt 0.317828 0.974256
vt 0.210984 0.966900
vt 0.422052 0.997293
vt 0.394673 0.993835
vt 0.107568 0.992828
vt 0.037721 0.996479
vt 0.194874 0.993142
vt 0.154566 0.992718
vt 0.008321 0.998815
vt 0.270102 0.995637
vt 0.228608 0.993351
vt 0.332574 0.992552
vt 0.211302 0.993244
vt 0.210541 0.884833
vt 0.235858 0.885964
vt 0.261886 0.883001
vt 0.277370 0.883443
vt 0.097487 0.885605
vt 0.150892 0.884069
vt 0.039724 0.885951
vt 0.184824 0.884265
vt 0.010507 0.885342
vt 0.515843 0.559522
vt 0.517187 0.521781
vt 0.539424 0.526270
vt 0.538721 0.560282
vt 0.482232 0.559659
vt 0.486605 0.518528
vt 0.508394 0.425216
vt 0.514514 0.468840
vt 0.485453 0.460933
vt 0.477952 0.425147
vt 0.504845 0.379226
vt 0.477989 0.382908
vt 0.530133 0.427650
vt 0.534606 0.472955
vt 0.527665 0.379958
vt 0.451691 0.512503
vt 0.454315 0.561601
vt 0.453778 0.418103
vt 0.453744 0.379958
vt 0.453805 0.452284
vt 0.966014 0.358700
vt 0.962871 0.398551
vt 0.913968 0.396574
vt 0.918168 0.364297
vt 0.957372 0.450561
vt 0.909469 0.448349
vt 0.951078 0.488500
vt 0.908714 0.477817
vt 0.993367 0.360267
vt 0.988325 0.397851
vt 0.985055 0.452668
vt 0.983645 0.482631
vt 0.944814 0.524801
vt 0.905319 0.502639
vt 0.985884 0.523009
vt 0.953667 0.160323
vt 0.957578 0.160133
vt 0.214666 0.462928
vt 0.232314 0.460676
vt 0.234481 0.473461
vt 0.216861 0.478409
vt 0.214026 0.442167
vt 0.231647 0.442334
vt 0.215055 0.421406
vt 0.232647 0.423990
vt 0.217528 0.406036
vt 0.235037 0.411206
vt 0.191070 0.464846
vt 0.191737 0.482243
vt 0.190847 0.441945
vt 0.191514 0.419072
vt 0.192516 0.401645
vt 0.167419 0.464262
vt 0.166390 0.481132
vt 0.167668 0.441723
vt 0.167863 0.419182
vt 0.167168 0.402257
vt 0.149659 0.462956
vt 0.148324 0.478131
vt 0.150048 0.441556
vt 0.150048 0.420156
vt 0.148993 0.404869
s 1
f 3/1/1 2/2/2 1/3/3
f 1/3/3 4/4/4 3/1/1
f 6/5/5 5/6/6 2/2/2
f 2/2/2 3/1/1 6/5/5
f 6/5/5 8/7/7 7/8/8
f 7/8/8 5/6/6 6/5/5
f 9/9/9 3/1/1 4/4/4
f 4/4/4 10/10/10 9/9/9
f 6/5/5 3/1/1 9/9/9
f 9/9/9 11/11/11 6/5/5
f 11/11/11 8/7/7 6/5/5
f 14/12/12 13/13/13 12/14/14
f 15/15/15 14/12/12 12/14/14
f 12/14/14 16/16/16 15/15/15
f 15/15/15 16/16/16 17/17/17
f 17/17/17 18/18/18 15/15/15
f 20/19/19 19/20/20 17/17/17
f 17/17/17 16/16/16 20/19/19
f 16/16/16 12/14/14 21/21/21
f 21/21/21 20/19/19 16/16/16
f 12/14/14 13/13/13 8/7/7
f 8/7/7 21/21/21 12/14/14
f 9/9/9 10/10/10 19/20/20
f 19/20/20 20/19/19 9/9/9
f 9/9/9 20/19/19 21/21/21
f 21/21/21 11/11/11 9/9/9
f 8/7/7 11/11/11 21/21/21
f 24/22/22 23/23/23 22/24/24
f 22/24/24 25/25/25 24/22/22
f 27/26/26 26/27/27 23/23/23
f 23/23/23 24/22/22 27/26/26
f 27/26/26 29/28/28 28/29/29
f 28/29/29 26/27/27 27/26/26
f 30/30/30 24/22/22 25/25/25
f 25/25/25 31/31/31 30/30/30
f 27/26/26 24/22/22 30/30/30
f 30/30/30 32/32/32 27/26/26
f 32/32/32 29/28/28 27/26/26
f 35/33/33 34/34/34 33/35/35
f 36/36/36 35/33/33 33/35/35
f 33/35/35 37/37/37 36/36/36
f 37/37/37 39/38/38 38/39/39
f 38/39/39 36/36/36 37/37/37
f 41/40/40 40/41/41 39/38/38
f 39/38/38 37/37/37 41/40/40
f 37/37/37 33/35/35 42/42/42
f 42/42/42 41/40/40 37/37/37
f 33/35/35 34/34/34 29/28/28
f 29/28/28 42/42/42 33/35/35
f 31/31/31 40/41/41 41/40/40
f 41/40/40 30/30/30 31/31/31
f 30/30/30 41/40/40 42/42/42
f 42/42/42 32/32/32 30/30/30
f 29/28/28 32/32/32 42/42/42
f 45/43/43 44/44/44 43/45/45
f 43/45/45 46/46/46 45/43/43
f 48/47/47 47/48/48 44/44/44
f 44/44/44 45/43/43 48/47/47
f 48/47/47 50/49/49 49/50/50
f 49/50/50 47/48/48 48/47/47
f 51/51/51 45/43/43 46/46/46
f 46/46/46 52/52/52 51/51/51
f 48/47/47 45/43/43 51/51/51
f 51/51/51 53/53/53 48/47/47
f 53/53/53 50/49/49 48/47/47
f 56/54/54 55/55/55 54/56/56
f 57/57/57 56/54/54 54/56/56
f 54/56/56 58/58/58 57/57/57
f 57/57/57 58/58/58 59/59/59
f 59/59/59 60/60/60 57/57/57
f 62/61/61 61/62/62 59/59/59
f 59/59/59 58/58/58 62/61/61
f 58/58/58 54/56/56 63/63/63
f 63/63/63 62/61/61 58/58/58
f 54/56/56 55/55/55 50/49/49
f 50/49/49 63/63/63 54/56/56
f 51/51/51 52/52/52 61/62/62
f 61/62/62 62/61/61 51/51/51
f 51/51/51 62/61/61 63/63/63
f 63/63/63 53/53/53 51/51/51
f 50/49/49 53/53/53 63/63/63
f 66/64/64 65/65/65 64/66/66
f 64/66/66 67/67/67 66/64/64
f 69/68/68 68/69/69 65/65/65
f 65/65/65 66/64/64 69/68/68
f 69/68/68 71/70/70 70/71/71
f 70/71/71 68/69/69 69/68/68
f 72/72/72 66/64/64 67/67/67
f 67/67/67 73/73/73 72/72/72
f 69/68/68 66/64/64 72/72/72
f 72/72/72 74/74/74 69/68/68
f 74/74/74 71/70/70 69/68/68
f 77/75/75 76/76/76 75/77/77
f 78/78/78 77/75/75 75/77/77
f 75/77/77 79/79/79 78/78/78
f 79/79/79 81/80/80 80/81/81
f 80/81/81 78/78/78 79/79/79
f 83/82/82 82/83/83 81/80/80
f 81/80/80 79/79/79 83/82/82
f 79/79/79 75/77/77 84/84/84
f 84/84/84 83/82/82 79/79/79
f 75/77/77 76/76/76 71/70/70
f 71/70/70 84/84/84 75/77/77
f 72/72/72 73/73/73 82/83/83
f 82/83/83 83/82/82 72/72/72
f 72/72/72 83/82/82 84/84/84
f 84/84/84 74/74/74 72/72/72
f 71/70/70 74/74/74 84/84/84
f 87/85/85 86/86/86 85/87/87
f 85/87/87 88/88/88 87/85/85
f 90/89/89 89/90/90 86/86/86
f 86/86/86 87/85/85 90/89/89
f 90/89/89 92/91/91 91/92/92
f 91/92/92 89/90/90 90/89/89
f 93/93/93 87/85/85 88/88/88
f 88/88/88 94/94/94 93/93/93
f 90/89/89 87/85/85 93/93/93
f 93/93/93 95/95/95 90/89/89
f 95/95/95 92/91/91 90/89/89
f 98/96/96 97/97/97 96/98/98
f 99/99/99 98/96/96 96/98/98
f 96/98/98 100/100/100 99/99/99
f 99/99/99 100/100/100 101/101/101
f 101/101/101 102/102/102 99/99/99
f 104/103/103 103/104/104 101/101/101
f 101/101/101 100/100/100 104/103/103
f 100/100/100 96/98/98 105/105/105
f 105/105/105 104/103/103 100/100/100
f 96/98/98 97/97/97 92/91/91
f 92/91/91 105/105/105 96/98/98
f 93/93/93 94/94/94 103/104/104
f 103/104/104 104/103/103 93/93/93
f 93/93/93 104/103/103 105/105/105
f 105/105/105 95/95/95 93/93/93
f 92/91/91 95/95/95 105/105/105
f 108/106/106 107/107/107 106/108/108
f 106/108/108 109/109/109 108/106/106
f 112/110/110 111/111/111 110/112/112
f 110/112/112 113/113/113 112/110/110
f 116/114/114 115/115/115 114/116/116
f 119/117/117 118/118/118 117/119/119
f 117/119/119 120/120/120 119/117/117
f 123/121/121 122/122/122 121/123/123
f 113/113/113 125/124/124 124/125/125
f 124/125/125 112/110/110 113/113/113
f 128/126/126 127/127/127 126/128/128
f 126/128/128 129/129/129 128/126/126
f 132/130/130 131/131/131 130/132/132
f 130/132/132 133/133/133 132/130/130
f 136/134/134 135/135/135 134/136/136
f 134/136/136 137/137/137 136/134/134
f 140/138/138 139/139/139 138/140/140
f 138/140/140 141/141/141 140/138/138
f 144/142/142 143/143/143 142/144/144
f 142/144/144 145/145/145 144/142/142
f 148/146/146 147/147/147 146/148/148
f 146/148/148 149/149/149 148/146/146
f 152/150/150 151/151/151 150/152/152
f 150/152/152 153/153/153 152/150/150
f 156/154/154 155/155/155 154/156/156
f 154/156/156 157/157/157 156/154/154
f 145/145/145 142/144/144 158/158/158
f 158/158/158 159/159/159 145/145/145
f 162/160/160 161/161/161 160/162/162
f 160/162/162 163/163/163 162/160/160
f 166/164/164 165/165/165 164/166/166
f 164/166/166 167/167/167 166/164/164
f 169/168/168 168/169/169 143/143/143
f 143/143/143 144/142/142 169/168/168
f 172/170/170 171/171/171 170/172/172
f 170/172/172 173/173/173 172/170/170
f 174/174/174 140/138/138 141/141/141
f 175/175/175 174/174/174 141/141/141
f 141/141/141 176/176/176 175/175/175
f 178/177/177 177/178/178 137/137/137
f 137/137/137 179/179/179 178/177/177
f 137/137/137 159/159/159 136/134/134
f 171/171/171 165/165/165 166/164/164
f 166/164/164 180/180/180 171/171/171
f 144/142/142 141/141/141 138/140/140
f 138/140/140 169/168/168 144/142/142
f 165/165/165 171/171/171 172/170/170
f 172/170/170 181/181/181 165/165/165
f 141/141/141 144/142/142 145/145/145
f 145/145/145 176/176/176 141/141/141
f 182/182/182 146/148/148 147/147/147
f 145/145/145 177/178/178 176/176/176
f 184/183/183 150/152/152 183/184/184
f 177/178/178 145/145/145 159/159/159
f 159/159/159 137/137/137 177/178/178
f 186/185/185 185/186/186 166/164/164
f 166/164/164 187/187/187 186/185/185
f 134/136/136 135/135/135 188/188/188
f 188/188/188 189/189/189 134/136/136
f 161/161/161 191/190/190 190/191/191
f 190/191/191 192/192/192 161/161/161
f 170/172/172 194/193/193 193/194/194
f 193/194/194 195/195/195 170/172/172
f 195/195/195 196/196/196 173/173/173
f 173/173/173 170/172/172 195/195/195
f 140/138/138 174/174/174 197/197/197
f 197/197/197 198/198/198 140/138/138
f 198/198/198 199/199/199 139/139/139
f 139/139/139 140/138/138 198/198/198
f 202/200/200 201/201/201 200/202/202
f 200/202/202 203/203/203 202/200/200
f 206/204/204 205/205/205 204/206/206
f 204/206/206 207/207/207 206/204/204
f 209/208/208 208/209/209 174/174/174
f 174/174/174 175/175/175 209/208/208
f 205/205/205 206/204/204 210/210/210
f 210/210/210 211/211/211 205/205/205
f 152/150/150 153/153/153 212/212/212
f 212/212/212 213/213/213 152/150/150
f 216/214/214 215/215/215 214/216/216
f 214/216/216 217/217/217 216/214/214
f 220/218/218 219/219/219 218/220/220
f 218/220/220 221/221/221 220/218/218
f 215/215/215 216/214/214 222/222/222
f 222/222/222 223/223/223 215/215/215
f 225/224/224 224/225/225 156/154/154
f 156/154/154 157/157/157 225/224/224
f 228/226/226 227/227/227 226/228/228
f 226/228/228 229/229/229 228/226/226
f 179/179/179 231/230/230 230/231/231
f 230/231/231 178/177/177 179/179/179
f 227/227/227 228/226/226 232/232/232
f 232/232/232 233/233/233 227/227/227
f 235/234/234 234/235/235 161/161/161
f 161/161/161 162/160/160 235/234/234
f 191/190/190 161/161/161 234/235/235
f 234/235/235 236/236/236 191/190/190
f 237/237/237 189/189/189 188/188/188
f 188/188/188 238/238/238 237/237/237
f 195/195/195 193/194/194 239/239/239
f 239/239/239 240/240/240 195/195/195
f 240/240/240 241/241/241 196/196/196
f 196/196/196 195/195/195 240/240/240
f 243/242/242 242/243/243 198/198/198
f 198/198/198 197/197/197 243/242/242
f 244/244/244 199/199/199 198/198/198
f 198/198/198 242/243/243 244/244/244
f 245/245/245 203/203/203 200/202/202
f 200/202/202 246/246/246 245/245/245
f 248/247/247 247/248/248 207/207/207
f 207/207/207 204/206/206 248/247/247
f 249/249/249 208/209/209 209/208/208
f 209/208/208 250/250/250 249/249/249
f 251/251/251 213/213/213 212/212/212
f 212/212/212 252/252/252 251/251/251
f 253/253/253 217/217/217 214/216/216
f 214/216/216 254/254/254 253/253/253
f 255/255/255 218/220/220 219/219/219
f 219/219/219 256/256/256 255/255/255
f 257/257/257 224/225/225 225/224/224
f 225/224/224 258/258/258 257/257/257
f 259/259/259 229/229/229 226/228/228
f 226/228/228 260/260/260 259/259/259
f 231/230/230 262/261/261 261/262/262
f 261/262/262 230/231/231 231/230/230
f 263/263/263 234/235/235 235/234/234
f 235/234/234 264/264/264 263/263/263
f 265/265/265 236/236/236 234/235/235
f 234/235/235 263/263/263 265/265/265
f 268/266/266 267/267/267 266/268/268
f 266/268/268 269/269/269 268/266/266
f 268/266/266 271/270/270 270/271/271
f 270/271/271 267/267/267 268/266/266
f 270/271/271 271/270/270 186/185/185
f 186/185/185 272/272/272 270/271/271
f 274/273/273 192/192/192 273/274/274
f 273/274/274 275/275/275 274/273/273
f 274/273/273 276/276/276 161/161/161
f 161/161/161 192/192/192 274/273/273
f 160/162/162 161/161/161 276/276/276
f 276/276/276 277/277/277 160/162/162
f 185/186/186 180/180/180 166/164/164
f 225/224/224 279/278/278 278/279/279
f 278/279/279 258/258/258 225/224/224
f 225/224/224 157/157/157 280/280/280
f 280/280/280 279/278/278 225/224/224
f 280/280/280 157/157/157 154/156/156
f 154/156/156 281/281/281 280/280/280
f 183/184/184 154/156/156 184/183/183
f 212/212/212 283/282/282 282/283/283
f 282/283/283 252/252/252 212/212/212
f 212/212/212 153/153/153 284/284/284
f 284/284/284 283/282/282 212/212/212
f 284/284/284 153/153/153 150/152/152
f 150/152/152 285/285/285 284/284/284
f 184/183/183 287/286/286 286/287/287
f 286/287/287 182/182/182 184/183/183
f 288/288/288 246/246/246 200/202/202
f 200/202/202 289/289/289 288/288/288
f 290/290/290 289/289/289 200/202/202
f 200/202/202 201/201/201 290/290/290
f 291/291/291 290/290/290 201/201/201
f 201/201/201 146/148/148 291/291/291
f 291/291/291 146/148/148 182/182/182
f 182/182/182 292/292/292 291/291/291
f 182/182/182 286/287/287 293/293/293
f 293/293/293 292/292/292 182/182/182
f 296/294/294 295/295/295 294/296/296
f 294/296/296 298/297/297 297/298/298
f 296/294/294 294/296/296 297/298/298
f 300/299/299 299/300/300 167/167/167
f 167/167/167 301/301/301 300/299/299
f 169/168/168 292/292/292 293/293/293
f 293/293/293 168/169/169 169/168/168
f 292/292/292 169/168/168 138/140/140
f 138/140/140 291/291/291 292/292/292
f 291/291/291 138/140/140 139/139/139
f 139/139/139 290/290/290 291/291/291
f 290/290/290 139/139/139 199/199/199
f 199/199/199 289/289/289 290/290/290
f 303/302/302 158/158/158 302/303/303
f 302/303/303 304/304/304 303/302/302
f 159/159/159 158/158/158 303/302/302
f 303/302/302 305/305/305 159/159/159
f 159/159/159 305/305/305 306/306/306
f 306/306/306 136/134/134 159/159/159
f 136/134/134 306/306/306 307/307/307
f 307/307/307 135/135/135 136/134/134
f 135/135/135 307/307/307 308/308/308
f 308/308/308 188/188/188 135/135/135
f 188/188/188 308/308/308 309/309/309
f 309/309/309 238/238/238 188/188/188
f 267/267/267 233/233/233 310/310/310
f 310/310/310 266/268/268 267/267/267
f 227/227/227 233/233/233 267/267/267
f 267/267/267 270/271/271 227/227/227
f 270/271/271 272/272/272 311/311/311
f 311/311/311 227/227/227 270/271/271
f 311/311/311 155/155/155 156/154/154
f 156/154/154 227/227/227 311/311/311
f 227/227/227 156/154/154 224/225/225
f 224/225/225 226/228/228 227/227/227
f 224/225/225 257/257/257 260/260/260
f 260/260/260 226/228/228 224/225/225
f 279/278/278 223/223/223 312/312/312
f 312/312/312 278/279/279 279/278/278
f 215/215/215 223/223/223 279/278/278
f 279/278/278 280/280/280 215/215/215
f 280/280/280 281/281/281 313/313/313
f 313/313/313 215/215/215 280/280/280
f 313/313/313 151/151/151 152/150/150
f 152/150/150 215/215/215 313/313/313
f 215/215/215 152/150/150 213/213/213
f 213/213/213 214/216/216 215/215/215
f 213/213/213 251/251/251 254/254/254
f 254/254/254 214/216/216 213/213/213
f 283/282/282 211/211/211 314/314/314
f 314/314/314 282/283/283 283/282/282
f 205/205/205 211/211/211 283/282/282
f 283/282/282 284/284/284 205/205/205
f 284/284/284 285/285/285 148/146/146
f 148/146/146 205/205/205 284/284/284
f 148/146/146 149/149/149 202/200/200
f 202/200/200 205/205/205 148/146/146
f 205/205/205 202/200/200 203/203/203
f 203/203/203 204/206/206 205/205/205
f 203/203/203 245/245/245 248/247/247
f 248/247/247 204/206/206 203/203/203
f 264/264/264 235/234/234 268/266/266
f 268/266/266 269/269/269 264/264/264
f 268/266/266 235/234/234 162/160/160
f 162/160/160 271/270/270 268/266/266
f 271/270/270 162/160/160 163/163/163
f 163/163/163 186/185/185 271/270/270
f 276/276/276 194/193/193 180/180/180
f 180/180/180 277/277/277 276/276/276
f 193/194/194 194/193/193 276/276/276
f 276/276/276 274/273/273 193/194/194
f 193/194/194 274/273/273 275/275/275
f 275/275/275 239/239/239 193/194/194
f 202/200/200 149/149/149 146/148/148
f 146/148/148 201/201/201 202/200/200
f 148/146/146 285/285/285 150/152/152
f 150/152/152 147/147/147 148/146/146
f 313/313/313 183/184/184 150/152/152
f 150/152/152 151/151/151 313/313/313
f 313/313/313 281/281/281 154/156/156
f 154/156/156 183/184/184 313/313/313
f 311/311/311 315/315/315 154/156/156
f 154/156/156 155/155/155 311/311/311
f 311/311/311 272/272/272 186/185/185
f 186/185/185 315/315/315 311/311/311
f 160/162/162 185/186/186 186/185/185
f 186/185/185 163/163/163 160/162/162
f 160/162/162 277/277/277 180/180/180
f 180/180/180 185/186/186 160/162/162
f 316/316/316 250/250/250 209/208/208
f 209/208/208 317/317/317 316/316/316
f 317/317/317 209/208/208 175/175/175
f 175/175/175 221/221/221 317/317/317
f 318/318/318 256/256/256 219/219/219
f 219/219/219 319/319/319 318/318/318
f 178/177/177 319/319/319 219/219/219
f 219/219/219 220/218/218 178/177/177
f 176/176/176 177/178/178 220/218/218
f 220/218/218 221/221/221 176/176/176
f 262/261/261 231/230/230 320/320/320
f 320/320/320 321/321/321 262/261/261
f 134/136/136 320/320/320 231/230/230
f 231/230/230 179/179/179 134/136/136
f 192/192/192 190/191/191 322/322/322
f 322/322/322 273/274/274 192/192/192
f 233/233/233 232/232/232 323/323/323
f 323/323/323 310/310/310 233/233/233
f 223/223/223 222/222/222 324/324/324
f 324/324/324 312/312/312 223/223/223
f 211/211/211 210/210/210 325/325/325
f 325/325/325 314/314/314 211/211/211
f 199/199/199 244/244/244 288/288/288
f 288/288/288 289/289/289 199/199/199
f 327/326/326 238/238/238 326/327/327
f 239/239/239 329/328/328 328/329/329
f 328/329/329 240/240/240 239/239/239
f 240/240/240 328/329/329 330/330/330
f 330/330/330 241/241/241 240/240/240
f 332/331/331 242/243/243 331/332/332
f 248/247/247 334/333/333 333/334/334
f 333/334/334 247/248/248 248/247/247
f 336/335/335 250/250/250 335/336/336
f 252/252/252 338/337/337 337/338/338
f 337/338/338 251/251/251 252/252/252
f 254/254/254 337/338/338 339/339/339
f 339/339/339 253/253/253 254/254/254
f 341/340/340 256/256/256 340/341/341
f 258/258/258 343/342/342 342/343/343
f 342/343/343 257/257/257 258/258/258
f 260/260/260 342/343/343 344/344/344
f 344/344/344 259/259/259 260/260/260
f 346/345/345 262/261/261 345/346/346
f 266/268/268 348/347/347 347/348/348
f 347/348/348 269/269/269 266/268/268
f 273/274/274 349/349/349 329/328/328
f 329/328/328 275/275/275 273/274/274
f 278/279/279 350/350/350 343/342/342
f 343/342/342 258/258/258 278/279/279
f 282/283/283 351/351/351 338/337/337
f 338/337/337 252/252/252 282/283/283
f 288/288/288 353/352/352 352/353/353
f 352/353/353 246/246/246 288/288/288
f 245/245/245 352/353/353 334/333/333
f 334/333/333 248/247/247 245/245/245
f 269/269/269 347/348/348 354/354/354
f 354/354/354 264/264/264 269/269/269
f 322/322/322 355/355/355 349/349/349
f 349/349/349 273/274/274 322/322/322
f 323/323/323 356/356/356 348/347/347
f 348/347/347 310/310/310 323/323/323
f 324/324/324 357/357/357 350/350/350
f 350/350/350 312/312/312 324/324/324
f 325/325/325 358/358/358 351/351/351
f 351/351/351 314/314/314 325/325/325
f 244/244/244 332/331/331 353/352/352
f 353/352/352 288/288/288 244/244/244
f 246/246/246 352/353/353 245/245/245
f 264/264/264 354/354/354 263/263/263
f 310/310/310 348/347/347 266/268/268
f 257/257/257 342/343/343 260/260/260
f 312/312/312 350/350/350 278/279/279
f 251/251/251 337/338/338 254/254/254
f 314/314/314 351/351/351 282/283/283
f 275/275/275 329/328/328 239/239/239
f 194/193/193 170/172/172 180/180/180
f 170/172/172 171/171/171 180/180/180
f 137/137/137 134/136/136 179/179/179
f 361/359/359 360/360/360 359/361/361
f 359/361/361 362/362/362 361/359/359
f 121/123/123 122/122/122 131/131/131
f 131/131/131 363/363/363 121/123/123
f 366/364/364 365/365/365 364/366/366
f 364/366/366 367/367/367 366/364/364
f 370/368/368 369/369/369 368/370/370
f 368/370/370 371/371/371 370/368/368
f 361/359/359 373/372/372 372/373/373
f 372/373/373 374/374/374 361/359/359
f 377/375/375 376/376/376 375/377/377
f 375/377/377 378/378/378 377/375/375
f 381/379/379 380/380/380 379/381/381
f 379/381/381 382/382/382 381/379/379
f 367/367/367 364/366/366 383/383/383
f 383/383/383 384/384/384 367/367/367
f 371/371/371 386/385/385 385/386/386
f 385/386/386 370/368/368 371/371/371
f 360/360/360 361/359/359 374/374/374
f 374/374/374 387/387/387 360/360/360
f 123/121/121 126/128/128 127/127/127
f 127/127/127 388/388/388 123/121/121
f 390/389/389 389/390/390 122/122/122
f 122/122/122 391/391/391 390/389/389
f 392/392/392 302/303/303 158/158/158
f 158/158/158 142/144/144 392/392/392
f 395/393/393 394/394/394 393/395/395
f 393/395/395 396/396/396 395/393/393
f 220/218/218 177/178/178 178/177/177
f 397/397/397 381/379/379 382/382/382
f 382/382/382 398/398/398 397/397/397
f 401/399/399 400/400/400 399/401/401
f 399/401/401 402/402/402 401/399/399
f 405/403/403 404/404/404 403/405/405
f 403/405/405 406/406/406 405/403/403
f 408/407/407 407/408/408 378/378/378
f 378/378/378 409/409/409 408/407/407
f 410/410/410 395/393/393 396/396/396
f 396/396/396 411/411/411 410/410/410
f 404/404/404 413/412/412 412/413/413
f 412/413/413 109/109/109 404/404/404
f 404/404/404 109/109/109 106/108/108
f 106/108/108 403/405/405 404/404/404
f 400/400/400 114/116/116 115/115/115
f 115/115/115 399/401/401 400/400/400
f 416/414/414 415/415/415 414/416/416
f 414/416/416 417/417/417 416/414/414
f 418/418/418 416/414/414 417/417/417
f 417/417/417 419/419/419 418/418/418
f 175/175/175 176/176/176 221/221/221
f 287/286/286 299/300/300 300/299/299
f 300/299/299 420/420/420 287/286/286
f 287/286/286 184/183/183 187/187/187
f 187/187/187 299/300/300 287/286/286
f 315/315/315 187/187/187 184/183/183
f 184/183/183 154/156/156 315/315/315
f 402/402/402 399/401/401 421/421/421
f 421/421/421 422/422/422 402/402/402
f 423/423/423 421/421/421 399/401/401
f 399/401/401 115/115/115 423/423/423
f 424/424/424 423/423/423 115/115/115
f 115/115/115 116/114/114 424/424/424
f 393/395/395 394/394/394 425/425/425
f 425/425/425 426/426/426 393/395/395
f 429/427/427 428/428/428 427/429/429
f 427/429/429 430/430/430 429/427/427
f 433/431/431 432/432/432 431/433/433
f 431/433/433 390/389/389 433/431/431
f 435/434/434 434/435/435 388/388/388
f 388/388/388 127/127/127 435/434/434
f 437/436/436 359/361/361 436/437/437
f 436/437/437 438/438/438 437/436/436
f 359/361/361 360/360/360 439/439/439
f 439/439/439 436/437/437 359/361/361
f 440/440/440 429/427/427 430/430/430
f 430/430/430 441/441/441 440/440/440
f 441/441/441 443/442/442 442/443/443
f 442/443/443 440/440/440 441/441/441
f 360/360/360 387/387/387 444/444/444
f 444/444/444 439/439/439 360/360/360
f 445/445/445 442/443/443 443/442/442
f 443/442/442 446/446/446 445/445/445
f 449/447/447 448/448/448 447/449/449
f 447/449/449 450/450/450 449/447/447
f 451/451/451 447/449/449 448/448/448
f 448/448/448 452/452/452 451/451/451
f 454/453/453 453/454/454 120/120/120
f 120/120/120 117/119/119 454/453/453
f 457/455/455 456/456/456 455/457/457
f 455/457/457 458/458/458 457/455/455
f 461/459/459 460/460/460 459/461/461
f 459/461/461 462/462/462 461/459/459
f 465/463/463 464/464/464 463/465/465
f 463/465/465 466/466/466 465/463/463
f 386/385/385 464/464/464 455/457/457
f 455/457/457 385/386/386 386/385/385
f 464/464/464 386/385/385 467/467/467
f 467/467/467 463/465/465 464/464/464
f 440/440/440 469/468/468 468/469/469
f 468/469/469 429/427/427 440/440/440
f 472/470/470 471/471/471 470/472/472
f 470/472/472 468/469/469 472/470/470
f 469/468/468 473/473/473 472/470/470
f 472/470/470 468/469/469 469/468/468
f 476/474/474 475/475/475 474/476/476
f 474/476/476 477/477/477 476/474/474
f 479/478/478 478/479/479 466/466/466
f 466/466/466 463/465/465 479/478/478
f 482/480/480 481/481/481 480/482/482
f 480/482/482 483/483/483 482/480/480
f 484/484/484 377/375/375 378/378/378
f 378/378/378 407/408/408 484/484/484
f 409/409/409 378/378/378 375/377/377
f 375/377/377 485/485/485 409/409/409
f 488/486/486 487/487/487 486/488/488
f 486/488/488 437/436/436 488/486/486
f 359/361/361 437/436/436 486/488/488
f 486/488/488 362/362/362 359/361/361
f 490/489/489 373/372/372 489/490/490
f 489/490/490 491/491/491 490/489/489
f 489/490/490 373/372/372 361/359/359
f 361/359/359 362/362/362 489/490/490
f 494/492/492 493/493/493 492/494/494
f 492/494/494 495/495/495 494/492/492
f 490/489/489 496/496/496 372/373/373
f 372/373/373 373/372/372 490/489/489
f 497/497/497 488/486/486 437/436/436
f 437/436/436 438/438/438 497/497/497
f 475/475/475 476/474/474 498/498/498
f 498/498/498 494/492/492 475/475/475
f 499/499/499 493/493/493 494/492/492
f 494/492/492 498/498/498 499/499/499
f 187/187/187 315/315/315 186/185/185
f 502/500/500 501/501/501 500/502/502
f 500/502/502 503/503/503 502/500/500
f 499/499/499 498/498/498 504/504/504
f 504/504/504 505/505/505 499/499/499
f 476/474/474 473/473/473 504/504/504
f 504/504/504 498/498/498 476/474/474
f 150/152/152 184/183/183 182/182/182
f 182/182/182 147/147/147 150/152/152
f 507/506/506 506/507/507 502/500/500
f 502/500/500 508/508/508 507/506/506
f 507/506/506 392/392/392 509/509/509
f 509/509/509 510/510/510 507/506/506
f 511/511/511 265/265/265 263/263/263
f 263/263/263 354/354/354 511/511/511
f 495/495/495 492/494/494 496/496/496
f 496/496/496 490/489/489 495/495/495
f 493/493/493 499/499/499 512/512/512
f 512/512/512 513/513/513 493/493/493
f 493/493/493 513/513/513 514/514/514
f 514/514/514 492/494/494 493/493/493
f 516/515/515 512/512/512 515/516/516
f 515/516/516 517/517/517 516/515/515
f 505/505/505 504/504/504 518/518/518
f 518/518/518 519/519/519 505/505/505
f 518/518/518 504/504/504 473/473/473
f 520/520/520 506/507/507 517/517/517
f 517/517/517 515/516/516 520/520/520
f 502/500/500 506/507/507 520/520/520
f 520/520/520 501/501/501 502/500/500
f 492/494/494 514/514/514 521/521/521
f 521/521/521 496/496/496 492/494/494
f 521/521/521 522/522/522 372/373/373
f 372/373/373 496/496/496 521/521/521
f 500/502/502 501/501/501 445/445/445
f 445/445/445 446/446/446 500/502/502
f 524/523/523 523/524/524 444/444/444
f 444/444/444 387/387/387 524/523/523
f 519/519/519 518/518/518 442/443/443
f 442/443/443 445/445/445 519/519/519
f 405/403/403 398/398/398 525/525/525
f 525/525/525 526/526/526 405/403/403
f 382/382/382 527/527/527 525/525/525
f 525/525/525 398/398/398 382/382/382
f 529/528/528 528/529/529 423/423/423
f 423/423/423 424/424/424 529/528/528
f 379/381/381 527/527/527 382/382/382
f 417/417/417 414/416/416 530/530/530
f 530/530/530 119/117/117 417/417/417
f 118/118/118 119/117/117 530/530/530
f 530/530/530 531/531/531 118/118/118
f 528/529/529 532/532/532 421/421/421
f 421/421/421 423/423/423 528/529/529
f 404/404/404 405/403/403 526/526/526
f 526/526/526 413/412/412 404/404/404
f 535/533/533 534/534/534 533/535/535
f 533/535/535 536/536/536 535/533/533
f 539/537/537 538/538/538 537/539/539
f 537/539/539 540/540/540 539/537/537
f 543/541/541 542/542/542 541/543/543
f 541/543/543 544/544/544 543/541/541
f 542/542/542 546/545/545 545/546/546
f 545/546/546 541/543/543 542/542/542
f 549/547/547 548/548/548 547/549/549
f 547/549/549 550/550/550 549/547/547
f 552/551/551 534/534/534 551/552/552
f 551/552/552 553/553/553 552/551/551
f 556/554/554 555/555/555 554/556/556
f 554/556/556 557/557/557 556/554/554
f 560/558/558 559/559/559 558/560/560
f 558/560/560 561/561/561 560/558/558
f 561/561/561 558/560/560 562/562/562
f 562/562/562 563/563/563 561/561/561
f 565/564/564 564/565/565 536/536/536
f 536/536/536 533/535/535 565/564/564
f 568/566/566 567/567/567 566/568/568
f 566/568/568 569/569/569 568/566/566
f 572/570/570 571/571/571 570/572/572
f 570/572/572 573/573/573 572/570/570
f 576/574/574 575/575/575 574/576/576
f 574/576/576 577/577/577 576/574/574
f 575/575/575 579/578/578 578/579/579
f 578/579/579 574/576/576 575/575/575
f 581/580/580 580/581/581 570/572/572
f 570/572/572 571/571/571 581/580/580
f 584/582/582 583/583/583 582/584/584
f 582/584/584 585/585/585 584/582/582
f 588/586/586 587/587/587 586/588/588
f 586/588/588 589/589/589 588/586/586
f 592/590/590 591/591/591 590/592/592
f 590/592/592 593/593/593 592/590/590
f 596/594/594 595/595/595 594/596/596
f 599/597/597 598/598/598 597/599/599
f 597/599/599 600/600/600 599/597/597
f 603/601/601 602/602/602 601/603/603
f 601/603/603 604/604/604 603/601/601
f 607/605/605 606/606/606 605/607/607
f 610/608/608 609/609/609 608/610/610
f 613/611/611 612/612/612 611/613/613
f 611/613/613 614/614/614 613/611/611
f 589/589/589 586/588/588 615/615/615
f 615/615/615 616/616/616 589/589/589
f 582/584/584 618/617/617 617/618/618
f 609/609/609 619/619/619 608/610/610
f 585/585/585 582/584/584 620/620/620
f 620/620/620 621/621/621 585/585/585
f 590/592/592 610/608/608 622/622/622
f 622/622/622 613/611/611 590/592/592
f 586/588/588 587/587/587 623/623/623
f 623/623/623 624/624/624 586/588/588
f 613/611/611 614/614/614 593/593/593
f 593/593/593 590/592/592 613/611/611
f 624/624/624 625/625/625 615/615/615
f 615/615/615 586/588/588 624/624/624
f 626/626/626 594/596/596 595/595/595
f 595/595/595 627/627/627 626/626/626
f 629/628/628 598/598/598 628/629/629
f 628/629/629 630/630/630 629/628/628
f 632/631/631 602/602/602 631/632/632
f 631/632/632 633/633/633 632/631/631
f 619/619/619 635/634/634 634/635/635
f 634/635/635 608/610/610 619/619/619
f 584/582/582 637/636/636 636/637/637
f 636/637/637 583/583/583 584/582/582
f 640/638/638 639/639/639 638/640/640
f 638/640/640 641/641/641 640/638/638
f 644/642/642 643/643/643 642/644/644
f 642/644/644 645/645/645 644/642/642
f 647/646/646 646/647/647 645/645/645
f 645/645/645 642/644/644 647/646/646
f 616/616/616 649/648/648 648/649/649
f 648/649/649 589/589/589 616/616/616
f 650/650/650 588/586/586 589/589/589
f 589/589/589 648/649/649 650/650/650
f 653/651/651 652/652/652 651/653/653
f 651/653/653 654/654/654 653/651/651
f 657/655/655 656/656/656 655/657/657
f 655/657/657 658/658/658 657/655/655
f 660/659/659 616/616/616 659/660/660
f 659/660/660 661/661/661 660/659/659
f 658/658/658 663/662/662 662/663/663
f 662/663/663 657/655/655 658/658/658
f 666/664/664 665/665/665 664/666/666
f 664/666/666 667/667/667 666/664/664
f 670/668/668 669/669/669 668/670/670
f 668/670/670 671/671/671 670/668/668
f 674/672/672 673/673/673 672/674/674
f 672/674/674 675/675/675 674/672/672
f 671/671/671 677/676/676 676/677/677
f 676/677/677 670/668/668 671/671/671
f 680/678/678 679/679/679 678/680/680
f 678/680/680 681/681/681 680/678/678
f 684/682/682 683/683/683 682/684/684
f 682/684/684 685/685/685 684/682/682
f 687/686/686 686/687/687 617/618/618
f 617/618/618 618/617/617 687/686/686
f 685/685/685 689/688/688 688/689/689
f 688/689/689 684/682/682 685/685/685
f 691/690/690 641/641/641 690/691/691
f 690/691/691 692/692/692 691/690/690
f 641/641/641 691/690/690 693/693/693
f 693/693/693 640/638/638 641/641/641
f 636/637/637 637/636/636 694/694/694
f 694/694/694 695/695/695 636/637/637
f 643/643/643 697/696/696 696/697/697
f 696/697/697 642/644/644 643/643/643
f 698/698/698 647/646/646 642/644/644
f 642/644/644 696/697/697 698/698/698
f 699/699/699 648/649/649 649/648/648
f 649/648/648 700/700/700 699/699/699
f 650/650/650 648/649/649 699/699/699
f 699/699/699 701/701/701 650/650/650
f 651/653/653 652/652/652 702/702/702
f 702/702/702 703/703/703 651/653/653
f 704/704/704 655/657/657 656/656/656
f 656/656/656 705/705/705 704/704/704
f 660/659/659 661/661/661 706/706/706
f 706/706/706 707/707/707 660/659/659
f 664/666/666 665/665/665 708/708/708
f 708/708/708 709/709/709 664/666/666
f 668/670/670 669/669/669 710/710/710
f 710/710/710 711/711/711 668/670/670
f 673/673/673 674/672/672 712/712/712
f 712/712/712 713/713/713 673/673/673
f 680/678/678 681/681/681 714/714/714
f 714/714/714 715/715/715 680/678/678
f 682/684/684 683/683/683 716/716/716
f 716/716/716 717/717/717 682/684/684
f 719/718/718 718/719/719 686/687/687
f 686/687/687 687/686/686 719/718/718
f 691/690/690 692/692/692 720/720/720
f 720/720/720 721/721/721 691/690/690
f 693/693/693 691/690/690 721/721/721
f 721/721/721 722/722/722 693/693/693
f 725/723/723 724/724/724 723/725/725
f 723/725/725 726/726/726 725/723/723
f 728/727/727 727/728/728 725/723/723
f 725/723/723 726/726/726 728/727/727
f 729/729/729 635/634/634 603/601/601
f 603/601/601 730/730/730 729/729/729
f 635/634/634 619/619/619 633/633/633
f 633/633/633 631/632/632 635/634/634
f 638/640/640 732/731/731 731/732/732
f 731/732/732 733/733/733 638/640/640
f 734/734/734 641/641/641 638/640/640
f 638/640/640 733/733/733 734/734/734
f 605/607/607 606/606/606 735/735/735
f 622/622/622 610/608/608 608/610/610
f 608/610/610 634/635/635 622/622/622
f 737/736/736 736/737/737 714/714/714
f 714/714/714 681/681/681 737/736/736
f 678/680/680 738/738/738 737/736/736
f 737/736/736 681/681/681 678/680/680
f 601/603/603 602/602/602 599/597/597
f 599/597/597 739/739/739 601/603/603
f 602/602/602 632/631/631 630/630/630
f 630/630/630 628/629/629 602/602/602
f 741/740/740 740/741/741 708/708/708
f 708/708/708 665/665/665 741/740/740
f 666/664/664 742/742/742 741/740/740
f 741/740/740 665/665/665 666/664/664
f 597/599/599 598/598/598 596/594/594
f 596/594/594 743/743/743 597/599/599
f 598/598/598 629/628/628 627/627/627
f 627/627/627 595/595/595 598/598/598
f 627/627/627 629/628/628 744/744/744
f 702/702/702 652/652/652 745/745/745
f 745/745/745 746/746/746 702/702/702
f 745/745/745 652/652/652 653/651/651
f 653/651/651 747/747/747 745/745/745
f 749/748/748 748/749/749 594/596/596
f 594/596/596 750/750/750 749/748/748
f 751/751/751 750/750/750 594/596/596
f 594/596/596 626/626/626 751/751/751
f 744/744/744 752/752/752 626/626/626
f 626/626/626 627/627/627 744/744/744
f 752/752/752 744/744/744 753/753/753
f 753/753/753 754/754/754 752/752/752
f 757/755/755 756/756/756 755/757/757
f 755/757/757 758/758/758 757/755/755
f 758/758/758 760/759/759 759/760/760
f 759/760/760 757/755/755 758/758/758
f 760/759/759 762/761/761 761/762/762
f 761/762/762 759/760/760 760/759/759
f 578/579/579 591/591/591 592/590/590
f 592/590/590 763/763/763 578/579/579
f 591/591/591 578/579/579 764/764/764
f 764/764/764 609/609/609 591/591/591
f 765/765/765 609/609/609 764/764/764
f 764/764/764 766/766/766 765/765/765
f 769/767/767 768/768/768 767/769/769
f 767/769/769 770/770/770 769/767/767
f 768/768/768 771/771/771 751/751/751
f 751/751/751 767/769/769 768/768/768
f 771/771/771 772/772/772 750/750/750
f 750/750/750 751/751/751 771/771/771
f 772/772/772 773/773/773 749/748/748
f 749/748/748 750/750/750 772/772/772
f 775/774/774 774/775/775 745/745/745
f 745/745/745 747/747/747 775/774/774
f 592/590/590 761/762/762 762/761/761
f 762/761/761 763/763/763 592/590/590
f 593/593/593 614/614/614 585/585/585
f 585/585/585 621/621/621 593/593/593
f 614/614/614 611/613/613 584/582/582
f 584/582/582 585/585/585 614/614/614
f 611/613/613 776/776/776 637/636/636
f 637/636/636 584/582/582 611/613/613
f 776/776/776 777/777/777 694/694/694
f 694/694/694 637/636/636 776/776/776
f 688/689/689 778/778/778 724/724/724
f 724/724/724 725/723/723 688/689/689
f 688/689/689 725/723/723 727/728/728
f 727/728/728 684/682/682 688/689/689
f 779/779/779 730/730/730 603/601/601
f 779/779/779 603/601/601 604/604/604
f 679/679/679 680/678/678 683/683/683
f 683/683/683 684/682/682 679/679/679
f 715/715/715 716/716/716 683/683/683
f 683/683/683 680/678/678 715/715/715
f 676/677/677 780/780/780 736/737/737
f 736/737/737 737/736/736 676/677/677
f 676/677/677 737/736/736 738/738/738
f 738/738/738 670/668/668 676/677/677
f 781/781/781 739/739/739 599/597/597
f 781/781/781 599/597/597 600/600/600
f 667/667/667 664/666/666 669/669/669
f 669/669/669 670/668/668 667/667/667
f 709/709/709 710/710/710 669/669/669
f 669/669/669 664/666/666 709/709/709
f 662/663/663 782/782/782 740/741/741
f 740/741/741 741/740/740 662/663/663
f 662/663/663 741/740/740 742/742/742
f 742/742/742 657/655/655 662/663/663
f 783/783/783 743/743/743 596/594/594
f 783/783/783 596/594/594 784/784/784
f 654/654/654 651/653/653 656/656/656
f 656/656/656 657/655/655 654/654/654
f 703/703/703 705/705/705 656/656/656
f 656/656/656 651/653/653 703/703/703
f 692/692/692 726/726/726 723/725/725
f 723/725/725 720/720/720 692/692/692
f 692/692/692 690/691/691 728/727/727
f 728/727/727 726/726/726 692/692/692
f 607/605/605 605/607/607 635/634/634
f 635/634/634 729/729/729 607/605/605
f 785/785/785 622/622/622 605/607/607
f 605/607/607 735/735/735 785/785/785
f 644/642/642 734/734/734 733/733/733
f 733/733/733 643/643/643 644/642/642
f 733/733/733 731/732/732 697/696/696
f 697/696/696 643/643/643 733/733/733
f 596/594/594 594/596/596 748/749/749
f 748/749/749 784/784/784 596/594/594
f 595/595/595 596/594/594 598/598/598
f 599/597/597 628/629/629 598/598/598
f 628/629/629 599/597/597 602/602/602
f 603/601/601 631/632/632 602/602/602
f 631/632/632 603/601/601 635/634/634
f 605/607/607 634/635/635 635/634/634
f 634/635/635 605/607/607 622/622/622
f 706/706/706 661/661/661 786/786/786
f 786/786/786 787/787/787 706/706/706
f 661/661/661 659/660/660 672/674/674
f 672/674/674 786/786/786 661/661/661
f 712/712/712 674/672/672 788/788/788
f 788/788/788 789/789/789 712/712/712
f 788/788/788 674/672/672 675/675/675
f 675/675/675 617/618/618 788/788/788
f 617/618/618 675/675/675 790/790/790
f 790/790/790 582/584/584 617/618/618
f 687/686/686 792/791/791 791/792/792
f 791/792/792 719/718/718 687/686/686
f 792/791/791 687/686/686 618/617/617
f 618/617/617 583/583/583 792/791/791
f 639/639/639 793/793/793 732/731/731
f 732/731/731 638/640/640 639/639/639
f 689/688/688 794/794/794 778/778/778
f 778/778/778 688/689/689 689/688/688
f 677/676/676 795/795/795 780/780/780
f 780/780/780 676/677/677 677/676/676
f 663/662/662 796/796/796 782/782/782
f 782/782/782 662/663/663 663/662/662
f 797/797/797 746/746/746 745/745/745
f 745/745/745 774/775/775 797/797/797
f 695/695/695 694/694/694 798/798/798
f 800/799/799 799/800/800 696/697/697
f 696/697/697 697/696/696 800/799/799
f 799/800/800 801/801/801 698/698/698
f 698/698/698 696/697/697 799/800/800
f 699/699/699 802/802/802 701/701/701
f 804/803/803 803/804/804 704/704/704
f 704/704/704 705/705/705 804/803/803
f 707/707/707 706/706/706 805/805/805
f 807/806/806 806/807/807 709/709/709
f 709/709/709 708/708/708 807/806/806
f 806/807/807 808/808/808 711/711/711
f 711/711/711 710/710/710 806/807/807
f 713/713/713 712/712/712 809/809/809
f 811/810/810 810/811/811 715/715/715
f 715/715/715 714/714/714 811/810/810
f 810/811/811 812/812/812 717/717/717
f 717/717/717 716/716/716 810/811/811
f 718/719/719 719/718/718 813/813/813
f 815/814/814 814/815/815 722/722/722
f 722/722/722 721/721/721 815/814/814
f 817/816/816 816/817/817 723/725/725
f 723/725/725 724/724/724 817/816/816
f 818/818/818 800/799/799 731/732/732
f 731/732/732 732/731/731 818/818/818
f 819/819/819 811/810/810 714/714/714
f 714/714/714 736/737/737 819/819/819
f 820/820/820 807/806/806 708/708/708
f 708/708/708 740/741/741 820/820/820
f 822/821/821 821/822/822 702/702/702
f 702/702/702 746/746/746 822/821/821
f 821/822/822 804/803/803 705/705/705
f 705/705/705 703/703/703 821/822/822
f 816/817/817 815/814/814 720/720/720
f 720/720/720 723/725/725 816/817/817
f 823/823/823 818/818/818 732/731/731
f 732/731/731 793/793/793 823/823/823
f 824/824/824 817/816/816 778/778/778
f 778/778/778 794/794/794 824/824/824
f 825/825/825 819/819/819 780/780/780
f 780/780/780 795/795/795 825/825/825
f 826/826/826 820/820/820 782/782/782
f 782/782/782 796/796/796 826/826/826
f 827/827/827 822/821/821 746/746/746
f 746/746/746 797/797/797 827/827/827
f 829/828/828 828/829/829 579/578/578
f 579/578/578 575/575/575 829/828/828
f 830/830/830 829/828/828 575/575/575
f 575/575/575 576/574/574 830/830/830
f 569/569/569 831/831/831 770/770/770
f 770/770/770 568/566/566 569/569/569
f 833/832/832 832/833/833 573/573/573
f 573/573/573 570/572/572 833/832/832
f 833/832/832 570/572/572 580/581/581
f 580/581/581 834/834/834 833/832/832
f 835/835/835 579/578/578 828/829/829
f 828/829/829 836/836/836 835/835/835
f 766/766/766 764/764/764 835/835/835
f 835/835/835 837/837/837 766/766/766
f 755/757/757 839/838/838 838/839/839
f 838/839/839 758/758/758 755/757/757
f 758/758/758 838/839/839 840/840/840
f 840/840/840 760/759/759 758/758/758
f 841/841/841 763/763/763 762/761/761
f 762/761/761 842/842/842 841/841/841
f 839/838/838 843/843/843 838/839/839
f 833/832/832 834/834/834 844/844/844
f 844/844/844 843/843/843 833/832/832
f 821/822/822 703/703/703 702/702/702
f 815/814/814 721/721/721 720/720/720
f 817/816/816 724/724/724 778/778/778
f 810/811/811 716/716/716 715/715/715
f 819/819/819 736/737/737 780/780/780
f 806/807/807 710/710/710 709/709/709
f 820/820/820 740/741/741 782/782/782
f 800/799/799 697/696/696 731/732/732
f 612/612/612 622/622/622 785/785/785
f 632/631/631 765/765/765 744/744/744
f 744/744/744 630/630/630 632/631/631
f 613/611/611 622/622/622 612/612/612
f 583/583/583 618/617/617 582/584/584
f 578/579/579 763/763/763 841/841/841
f 841/841/841 574/576/576 578/579/579
f 845/845/845 769/767/767 770/770/770
f 770/770/770 831/831/831 845/845/845
f 848/846/846 847/847/847 846/848/848
f 846/848/848 849/849/849 848/846/846
f 571/571/571 851/850/850 850/851/851
f 850/851/851 581/580/580 571/571/571
f 549/547/547 853/852/852 852/853/853
f 852/853/853 548/548/548 549/547/547
f 856/854/854 855/855/855 854/856/856
f 854/856/856 857/857/857 856/854/854
f 856/854/854 857/857/857 542/542/542
f 542/542/542 543/541/541 856/854/854
f 546/545/545 542/542/542 857/857/857
f 857/857/857 858/858/858 546/545/545
f 861/859/859 860/860/860 859/861/861
f 859/861/861 862/862/862 861/859/859
f 537/539/539 864/863/863 863/864/864
f 863/864/864 865/865/865 537/539/539
f 540/540/540 537/539/539 865/865/865
f 865/865/865 866/866/866 540/540/540
f 859/861/861 540/540/540 866/866/866
f 866/866/866 867/867/867 859/861/861
f 862/862/862 859/861/861 867/867/867
f 867/867/867 868/868/868 862/862/862
f 846/848/848 870/869/869 869/870/870
f 869/870/870 849/849/849 846/848/848
f 873/871/871 872/872/872 871/873/873
f 871/873/873 874/874/874 873/871/871
f 875/875/875 547/549/549 851/850/850
f 851/850/850 876/876/876 875/875/875
f 580/581/581 576/574/574 577/577/577
f 577/577/577 834/834/834 580/581/581
f 581/580/580 830/830/830 576/574/574
f 576/574/574 580/581/581 581/580/580
f 844/844/844 834/834/834 577/577/577
f 577/577/577 877/877/877 844/844/844
f 878/878/878 546/545/545 858/858/858
f 858/858/858 879/879/879 878/878/878
f 880/880/880 545/546/546 546/545/545
f 546/545/545 878/878/878 880/880/880
f 840/840/840 842/842/842 762/761/761
f 762/761/761 760/759/759 840/840/840
f 881/881/881 854/856/856 855/855/855
f 855/855/855 882/882/882 881/881/881
f 874/874/874 871/873/873 883/883/883
f 883/883/883 837/837/837 874/874/874
f 884/884/884 754/754/754 753/753/753
f 753/753/753 883/883/883 884/884/884
f 887/885/885 886/886/886 885/887/887
f 885/887/887 848/846/846 887/885/885
f 591/591/591 609/609/609 610/608/608
f 610/608/608 590/592/592 591/591/591
f 538/538/538 539/537/537 888/888/888
f 888/888/888 889/889/889 538/538/538
f 579/578/578 835/835/835 764/764/764
f 764/764/764 578/579/579 579/578/578
f 828/829/829 829/828/828 890/890/890
f 890/890/890 891/891/891 828/829/829
f 829/828/828 830/830/830 892/892/892
f 892/892/892 890/890/890 829/828/828
f 893/893/893 566/568/568 567/567/567
f 567/567/567 894/894/894 893/893/893
f 851/850/850 571/571/571 572/570/570
f 572/570/570 876/876/876 851/850/850
f 830/830/830 581/580/580 850/851/851
f 850/851/851 892/892/892 830/830/830
f 547/549/549 548/548/548 850/851/851
f 850/851/851 851/850/850 547/549/549
f 891/891/891 896/895/895 895/896/896
f 895/896/896 897/897/897 891/891/891
f 548/548/548 852/853/853 892/892/892
f 892/892/892 850/851/851 548/548/548
f 898/898/898 550/550/550 547/549/549
f 547/549/549 875/875/875 898/898/898
f 852/853/853 899/899/899 890/890/890
f 890/890/890 892/892/892 852/853/853
f 899/899/899 896/895/895 891/891/891
f 891/891/891 890/890/890 899/899/899
f 856/854/854 901/900/900 900/901/901
f 900/901/901 855/855/855 856/854/854
f 902/902/902 554/556/556 555/555/555
f 555/555/555 903/903/903 902/902/902
f 854/856/856 904/904/904 858/858/858
f 858/858/858 857/857/857 854/856/856
f 907/905/905 906/906/906 905/907/907
f 905/907/907 908/908/908 907/905/905
f 904/904/904 909/909/909 879/879/879
f 879/879/879 858/858/858 904/904/904
f 910/910/910 884/884/884 883/883/883
f 883/883/883 871/873/873 910/910/910
f 911/911/911 910/910/910 871/873/873
f 871/873/873 872/872/872 911/911/911
f 912/912/912 861/859/859 901/900/900
f 901/900/900 913/913/913 912/912/912
f 914/914/914 885/887/887 886/886/886
f 886/886/886 915/915/915 914/914/914
f 917/916/916 916/917/917 885/887/887
f 885/887/887 914/914/914 917/916/916
f 916/917/917 917/916/916 918/918/918
f 919/919/919 847/847/847 916/917/917
f 916/917/917 918/918/918 919/919/919
f 914/914/914 915/915/915 555/555/555
f 555/555/555 556/554/554 914/914/914
f 555/555/555 915/915/915 920/920/920
f 920/920/920 903/903/903 555/555/555
f 847/847/847 848/846/846 885/887/887
f 885/887/887 916/917/917 847/847/847
f 887/885/885 848/846/846 849/849/849
f 849/849/849 921/921/921 887/885/885
f 846/848/848 847/847/847 919/919/919
f 919/919/919 870/869/869 846/848/848
f 868/868/868 887/885/885 921/921/921
f 921/921/921 862/862/862 868/868/868
f 869/870/870 870/869/869 895/896/896
f 895/896/896 922/922/922 869/870/870
f 918/918/918 872/872/872 919/919/919
f 744/744/744 765/765/765 766/766/766
f 766/766/766 753/753/753 744/744/744
f 753/753/753 766/766/766 837/837/837
f 837/837/837 883/883/883 753/753/753
f 873/871/871 874/874/874 836/836/836
f 836/836/836 897/897/897 873/871/871
f 836/836/836 874/874/874 837/837/837
f 837/837/837 835/835/835 836/836/836
f 919/919/919 872/872/872 873/871/871
f 873/871/871 870/869/869 919/919/919
f 870/869/869 873/871/871 897/897/897
f 897/897/897 895/896/896 870/869/869
f 619/619/619 765/765/765 633/633/633
f 843/843/843 839/838/838 832/833/833
f 832/833/833 833/832/832 843/843/843
f 843/843/843 844/844/844 840/840/840
f 840/840/840 838/839/839 843/843/843
f 844/844/844 877/877/877 842/842/842
f 842/842/842 840/840/840 844/844/844
f 872/872/872 918/918/918 917/916/916
f 917/916/916 911/911/911 872/872/872
f 864/863/863 537/539/539 538/538/538
f 538/538/538 923/923/923 864/863/863
f 889/889/889 924/924/924 923/923/923
f 923/923/923 538/538/538 889/889/889
f 841/841/841 877/877/877 577/577/577
f 577/577/577 574/576/576 841/841/841
f 841/841/841 842/842/842 877/877/877
f 615/615/615 625/625/625 925/925/925
f 925/925/925 790/790/790 615/615/615
f 616/616/616 615/615/615 659/660/660
f 925/925/925 620/620/620 582/584/584
f 582/584/584 790/790/790 925/925/925
f 790/790/790 672/674/674 659/660/660
f 659/660/660 615/615/615 790/790/790
f 790/790/790 675/675/675 672/674/674
f 625/625/625 624/624/624 926/926/926
f 926/926/926 927/927/927 625/625/625
f 625/625/625 927/927/927 928/928/928
f 928/928/928 925/925/925 625/625/625
f 624/624/624 623/623/623 926/926/926
f 927/927/927 757/755/755 759/760/760
f 759/760/760 928/928/928 927/927/927
f 757/755/755 927/927/927 926/926/926
f 926/926/926 756/756/756 757/755/755
f 926/926/926 623/623/623 756/756/756
f 621/621/621 620/620/620 929/929/929
f 929/929/929 930/930/930 621/621/621
f 929/929/929 759/760/760 761/762/762
f 761/762/762 930/930/930 929/929/929
f 593/593/593 621/621/621 930/930/930
f 930/930/930 592/590/590 593/593/593
f 761/762/762 592/590/590 930/930/930
f 929/929/929 928/928/928 759/760/760
f 929/929/929 620/620/620 925/925/925
f 925/925/925 928/928/928 929/929/929
f 904/904/904 854/856/856 881/881/881
f 881/881/881 853/852/852 904/904/904
f 881/881/881 882/882/882 896/895/895
f 896/895/895 899/899/899 881/881/881
f 853/852/852 881/881/881 899/899/899
f 899/899/899 852/853/853 853/852/852
f 860/860/860 539/537/537 540/540/540
f 540/540/540 859/861/861 860/860/860
f 910/910/910 911/911/911 894/894/894
f 894/894/894 567/567/567 910/910/910
f 884/884/884 910/910/910 567/567/567
f 567/567/567 568/566/566 884/884/884
f 754/754/754 884/884/884 568/566/566
f 568/566/566 770/770/770 754/754/754
f 767/769/769 752/752/752 754/754/754
f 754/754/754 770/770/770 767/769/769
f 751/751/751 626/626/626 752/752/752
f 752/752/752 767/769/769 751/751/751
f 886/886/886 887/885/885 868/868/868
f 868/868/868 931/931/931 886/886/886
f 556/554/554 932/932/932 917/916/916
f 917/916/916 914/914/914 556/554/554
f 932/932/932 894/894/894 911/911/911
f 911/911/911 917/916/916 932/932/932
f 849/849/849 869/870/870 933/933/933
f 933/933/933 921/921/921 849/849/849
f 934/934/934 931/931/931 868/868/868
f 868/868/868 867/867/867 934/934/934
f 931/931/931 920/920/920 915/915/915
f 915/915/915 886/886/886 931/931/931
f 936/935/935 935/936/936 560/558/558
f 560/558/558 561/561/561 936/935/935
f 922/922/922 895/896/896 896/895/895
f 896/895/895 882/882/882 922/922/922
f 922/922/922 882/882/882 855/855/855
f 855/855/855 900/901/901 922/922/922
f 828/829/829 891/891/891 897/897/897
f 897/897/897 836/836/836 828/829/829
f 933/933/933 869/870/870 922/922/922
f 922/922/922 900/901/901 933/933/933
f 893/893/893 894/894/894 932/932/932
f 932/932/932 937/937/937 893/893/893
f 938/938/938 449/447/447 450/450/450
f 450/450/450 939/939/939 938/938/938
f 556/554/554 557/557/557 937/937/937
f 937/937/937 932/932/932 556/554/554
f 422/422/422 421/421/421 532/532/532
f 532/532/532 415/415/415 422/422/422
f 865/865/865 863/864/864 935/936/936
f 935/936/936 936/935/935 865/865/865
f 442/443/443 518/518/518 469/468/468
f 469/468/468 440/440/440 442/443/443
f 518/518/518 473/473/473 469/468/468
f 461/459/459 465/463/463 466/466/466
f 466/466/466 460/460/460 461/459/459
f 132/130/130 133/133/133 940/940/940
f 940/940/940 941/941/941 132/130/130
f 941/941/941 940/940/940 942/942/942
f 942/942/942 459/461/461 941/941/941
f 459/461/461 942/942/942 943/943/943
f 943/943/943 462/462/462 459/461/461
f 462/462/462 943/943/943 944/944/944
f 944/944/944 945/945/945 462/462/462
f 474/476/476 475/475/475 946/946/946
f 946/946/946 947/947/947 474/476/476
f 495/495/495 946/946/946 475/475/475
f 475/475/475 494/492/492 495/495/495
f 946/946/946 495/495/495 490/489/489
f 490/489/489 491/491/491 946/946/946
f 946/946/946 491/491/491 948/948/948
f 948/948/948 947/947/947 946/946/946
f 949/949/949 948/948/948 491/491/491
f 491/491/491 489/490/490 949/949/949
f 949/949/949 489/490/490 362/362/362
f 362/362/362 486/488/488 949/949/949
f 390/389/389 391/391/391 433/431/431
f 465/463/463 458/458/458 455/457/457
f 455/457/457 464/464/464 465/463/463
f 950/950/950 458/458/458 465/463/463
f 465/463/463 461/459/459 950/950/950
f 945/945/945 950/950/950 461/459/459
f 461/459/459 462/462/462 945/945/945
f 951/951/951 941/941/941 459/461/461
f 459/461/461 460/460/460 951/951/951
f 460/460/460 466/466/466 478/479/479
f 478/479/479 951/951/951 460/460/460
f 483/483/483 952/952/952 467/467/467
f 467/467/467 482/480/480 483/483/483
f 953/953/953 132/130/130 941/941/941
f 941/941/941 951/951/951 953/953/953
f 955/954/954 954/955/955 478/479/479
f 478/479/479 479/478/478 955/954/954
f 957/956/956 956/957/957 952/952/952
f 952/952/952 483/483/483 957/956/956
f 483/483/483 480/482/482 957/956/956
f 954/955/955 953/953/953 951/951/951
f 951/951/951 478/479/479 954/955/955
f 125/124/124 363/363/363 953/953/953
f 953/953/953 954/955/955 125/124/124
f 113/113/113 958/958/958 363/363/363
f 363/363/363 125/124/124 113/113/113
f 959/959/959 958/958/958 113/113/113
f 113/113/113 110/112/112 959/959/959
f 123/121/121 121/123/123 960/960/960
f 960/960/960 126/128/128 123/121/121
f 124/125/125 125/124/124 954/955/955
f 954/955/955 955/954/954 124/125/125
f 377/375/375 484/484/484 956/957/957
f 956/957/957 957/956/956 377/375/375
f 376/376/376 377/375/375 957/956/956
f 957/956/956 480/482/482 376/376/376
f 952/952/952 479/478/478 463/465/465
f 463/465/465 467/467/467 952/952/952
f 956/957/957 955/954/954 479/478/478
f 479/478/478 952/952/952 956/957/957
f 484/484/484 124/125/125 955/954/954
f 955/954/954 956/957/957 484/484/484
f 112/110/110 124/125/125 484/484/484
f 484/484/484 407/408/408 112/110/110
f 111/111/111 112/110/110 407/408/408
f 407/408/408 408/407/407 111/111/111
f 470/472/472 428/428/428 429/427/427
f 429/427/427 468/469/469 470/472/472
f 948/948/948 949/949/949 961/961/961
f 961/961/961 962/962/962 948/948/948
f 947/947/947 948/948/948 962/962/962
f 962/962/962 963/963/963 947/947/947
f 474/476/476 947/947/947 963/963/963
f 963/963/963 964/964/964 474/476/476
f 477/477/477 474/476/476 964/964/964
f 964/964/964 965/965/965 477/477/477
f 122/122/122 389/390/390 130/132/132
f 130/132/132 131/131/131 122/122/122
f 131/131/131 132/130/130 953/953/953
f 953/953/953 363/363/363 131/131/131
f 391/391/391 122/122/122 123/121/121
f 123/121/121 388/388/388 391/391/391
f 472/470/470 477/477/477 965/965/965
f 965/965/965 471/471/471 472/470/470
f 388/388/388 434/435/435 433/431/431
f 433/431/431 391/391/391 388/388/388
f 434/435/435 967/966/966 966/967/967
f 961/961/961 949/949/949 486/488/488
f 486/488/488 968/968/968 961/961/961
f 457/455/455 458/458/458 950/950/950
f 950/950/950 969/969/969 457/455/455
f 970/970/970 969/969/969 950/950/950
f 950/950/950 945/945/945 970/970/970
f 971/971/971 970/970/970 945/945/945
f 945/945/945 944/944/944 971/971/971
f 974/972/972 973/973/973 972/974/974
f 972/974/974 975/975/975 974/972/972
f 972/974/974 977/976/976 976/977/977
f 976/977/977 975/975/975 972/974/974
f 936/935/935 978/978/978 866/866/866
f 866/866/866 865/865/865 936/935/935
f 978/978/978 936/935/935 561/561/561
f 561/561/561 563/563/563 978/978/978
f 920/920/920 931/931/931 934/934/934
f 978/978/978 934/934/934 867/867/867
f 867/867/867 866/866/866 978/978/978
f 563/563/563 920/920/920 934/934/934
f 934/934/934 978/978/978 563/563/563
f 562/562/562 903/903/903 920/920/920
f 920/920/920 563/563/563 562/562/562
f 981/979/979 980/980/980 979/981/981
f 979/981/981 448/448/448 981/979/979
f 406/406/406 397/397/397 398/398/398
f 398/398/398 405/403/403 406/406/406
f 982/982/982 879/879/879 909/909/909
f 452/452/452 984/983/983 983/984/984
f 983/984/984 451/451/451 452/452/452
f 452/452/452 448/448/448 979/981/981
f 412/413/413 108/106/106 109/109/109
f 981/979/979 448/448/448 449/447/447
f 449/447/447 938/938/938 981/979/979
f 987/985/985 986/986/986 985/987/987
f 985/987/987 988/988/988 987/985/985
f 989/989/989 535/533/533 985/987/987
f 985/987/987 986/986/986 989/989/989
f 535/533/533 536/536/536 990/990/990
f 990/990/990 985/987/987 535/533/533
f 991/991/991 988/988/988 985/987/987
f 985/987/987 990/990/990 991/991/991
f 984/983/983 993/992/992 992/993/993
f 992/993/993 983/984/984 984/983/983
f 564/565/565 994/994/994 990/990/990
f 990/990/990 536/536/536 564/565/565
f 990/990/990 994/994/994 995/995/995
f 995/995/995 991/991/991 990/990/990
f 996/996/996 992/993/993 993/992/992
f 993/992/992 997/997/997 996/996/996
f 550/550/550 898/898/898 906/906/906
f 906/906/906 907/905/905 550/550/550
f 909/909/909 549/547/547 550/550/550
f 550/550/550 907/905/905 909/909/909
f 853/852/852 549/547/547 909/909/909
f 909/909/909 904/904/904 853/852/852
f 903/903/903 562/562/562 998/998/998
f 998/998/998 902/902/902 903/903/903
f 998/998/998 562/562/562 558/560/560
f 558/560/560 999/999/999 998/998/998
f 1000/1000/1000 529/528/528 424/424/424
f 424/424/424 1001/1001/1001 1000/1000/1000
f 1001/1001/1001 424/424/424 116/114/114
f 999/999/999 558/560/560 559/559/559
f 909/909/909 907/905/905 908/908/908
f 908/908/908 982/982/982 909/909/909
f 1002/1002/1002 880/880/880 878/878/878
f 878/878/878 982/982/982 1002/1002/1002
f 994/994/994 1002/1002/1002 1003/1003/1003
f 1003/1003/1003 995/995/995 994/994/994
f 1004/1004/1004 996/996/996 997/997/997
f 997/997/997 1005/1005/1005 1004/1004/1004
f 878/878/878 879/879/879 982/982/982
f 1006/1006/1006 1004/1004/1004 1005/1005/1005
f 1005/1005/1005 1007/1007/1007 1006/1006/1006
f 880/880/880 1002/1002/1002 994/994/994
f 994/994/994 564/565/565 880/880/880
f 1007/1007/1007 1009/1008/1008 1008/1009/1009
f 1008/1009/1009 1006/1006/1006 1007/1007/1007
f 1003/1003/1003 1002/1002/1002 1010/1010/1010
f 1010/1010/1010 1011/1011/1011 1003/1003/1003
f 1013/1012/1012 1012/1013/1013 1011/1011/1011
f 1011/1011/1011 1010/1010/1010 1013/1012/1012
f 982/982/982 908/908/908 1010/1010/1010
f 1010/1010/1010 1002/1002/1002 982/982/982
f 1013/1012/1012 1010/1010/1010 908/908/908
f 908/908/908 905/907/907 1013/1012/1012
f 426/426/426 425/425/425 958/958/958
f 958/958/958 959/959/959 426/426/426
f 363/363/363 958/958/958 425/425/425
f 425/425/425 121/123/123 363/363/363
f 913/913/913 1014/1014/1014 888/888/888
f 888/888/888 912/912/912 913/913/913
f 900/901/901 901/900/900 861/859/859
f 861/859/859 933/933/933 900/901/901
f 551/552/552 924/924/924 889/889/889
f 889/889/889 553/553/553 551/552/552
f 1014/1014/1014 553/553/553 889/889/889
f 889/889/889 888/888/888 1014/1014/1014
f 912/912/912 888/888/888 539/537/537
f 539/537/537 860/860/860 912/912/912
f 912/912/912 860/860/860 861/859/859
f 1014/1014/1014 544/544/544 552/551/551
f 552/551/551 553/553/553 1014/1014/1014
f 543/541/541 544/544/544 1014/1014/1014
f 1014/1014/1014 913/913/913 543/541/541
f 856/854/854 543/541/541 913/913/913
f 913/913/913 901/900/900 856/854/854
f 861/859/859 862/862/862 921/921/921
f 921/921/921 933/933/933 861/859/859
f 533/535/535 552/551/551 544/544/544
f 544/544/544 565/564/564 533/535/535
f 545/546/546 880/880/880 564/565/565
f 564/565/565 565/564/564 545/546/546
f 565/564/564 544/544/544 541/543/543
f 541/543/543 545/546/546 565/564/564
f 477/477/477 472/470/470 473/473/473
f 473/473/473 476/474/474 477/477/477
f 1016/1015/1015 524/523/523 1015/1016/1016
f 1015/1016/1016 1017/1017/1017 1016/1015/1015
f 1020/1018/1018 1019/1019/1019 1018/1020/1020
f 1018/1020/1020 1021/1021/1021 1020/1018/1018
f 1019/1019/1019 1022/1022/1022 294/296/296
f 294/296/296 1018/1020/1020 1019/1019/1019
f 374/374/374 1015/1016/1016 524/523/523
f 524/523/523 387/387/387 374/374/374
f 1015/1016/1016 374/374/374 372/373/373
f 372/373/373 522/522/522 1015/1016/1016
f 522/522/522 1020/1018/1018 1017/1017/1017
f 1017/1017/1017 1015/1016/1016 522/522/522
f 522/522/522 521/521/521 1019/1019/1019
f 1019/1019/1019 1020/1018/1018 522/522/522
f 516/515/515 1023/1023/1023 513/513/513
f 513/513/513 512/512/512 516/515/515
f 1023/1023/1023 1022/1022/1022 514/514/514
f 514/514/514 513/513/513 1023/1023/1023
f 1022/1022/1022 1019/1019/1019 521/521/521
f 521/521/521 514/514/514 1022/1022/1022
f 1016/1015/1015 1024/1024/1024 523/524/524
f 523/524/524 524/523/523 1016/1015/1015
f 121/123/123 425/425/425 394/394/394
f 394/394/394 960/960/960 121/123/123
f 1025/1025/1025 973/973/973 974/972/972
f 974/972/972 1026/1026/1026 1025/1025/1025
f 1027/1027/1027 454/453/453 117/119/119
f 117/119/119 1028/1028/1028 1027/1027/1027
f 1029/1029/1029 1027/1027/1027 1028/1028/1028
f 1028/1028/1028 1030/1030/1030 1029/1029/1029
f 632/631/631 633/633/633 765/765/765
f 619/619/619 609/609/609 765/765/765
f 629/628/628 630/630/630 744/744/744
f 365/365/365 1032/1031/1031 1031/1032/1032
f 1031/1032/1032 364/366/366 365/365/365
f 1035/1033/1033 1034/1034/1034 1033/1035/1035
f 1033/1035/1035 1036/1036/1036 1035/1033/1033
f 1037/1037/1037 1036/1036/1036 1033/1035/1035
f 1033/1035/1035 1038/1038/1038 1037/1037/1037
f 1037/1037/1037 1038/1038/1038 1039/1039/1039
f 1039/1039/1039 1040/1040/1040 1037/1037/1037
f 1033/1035/1035 1034/1034/1034 1041/1041/1041
f 1041/1041/1041 1042/1042/1042 1033/1035/1035
f 1033/1035/1035 1042/1042/1042 1043/1043/1043
f 1043/1043/1043 1038/1038/1038 1033/1035/1035
f 1039/1039/1039 1038/1038/1038 1043/1043/1043
f 1037/1037/1037 1040/1040/1040 1044/1044/1044
f 1036/1036/1036 1037/1037/1037 1045/1045/1045
f 1045/1045/1045 1046/1046/1046 1036/1036/1036
f 1035/1033/1033 1036/1036/1036 1047/1047/1047
f 1047/1047/1047 1048/1048/1048 1035/1033/1033
f 1051/1049/1049 1050/1050/1050 1049/1051/1051
f 1049/1051/1051 1052/1052/1052 1051/1049/1049
f 1054/1053/1053 1053/1054/1054 1051/1049/1049
f 1051/1049/1049 1052/1052/1052 1054/1053/1053
f 1054/1053/1053 1055/1055/1055 1039/1039/1039
f 1039/1039/1039 1053/1054/1054 1054/1053/1053
f 1042/1042/1042 1041/1041/1041 1050/1050/1050
f 1050/1050/1050 1051/1049/1049 1042/1042/1042
f 1051/1049/1049 1053/1054/1054 1043/1043/1043
f 1043/1043/1043 1042/1042/1042 1051/1049/1049
f 1043/1043/1043 1053/1054/1054 1039/1039/1039
f 1058/1056/1056 1057/1057/1057 1056/1058/1058
f 1056/1058/1058 1059/1059/1059 1058/1056/1056
f 1060/1060/1060 1059/1059/1059 1056/1058/1058
f 1056/1058/1058 1061/1061/1061 1060/1060/1060
f 1060/1060/1060 1061/1061/1061 1062/1062/1062
f 1062/1062/1062 1063/1063/1063 1060/1060/1060
f 1057/1057/1057 1065/1064/1064 1064/1065/1065
f 1064/1065/1065 1056/1058/1058 1057/1057/1057
f 1056/1058/1058 1064/1065/1065 1066/1066/1066
f 1066/1066/1066 1061/1061/1061 1056/1058/1058
f 1062/1062/1062 1061/1061/1061 1066/1066/1066
f 1069/1067/1067 1068/1068/1068 1067/1069/1069
f 1071/1070/1070 1070/1071/1071 1067/1069/1069
f 1067/1069/1069 1072/1072/1072 1071/1070/1070
f 1074/1073/1073 1072/1072/1072 1073/1074/1074
f 1073/1074/1074 1075/1075/1075 1074/1073/1073
f 1077/1076/1076 1076/1077/1077 1073/1074/1074
f 1073/1074/1074 1072/1072/1072 1077/1076/1076
f 1067/1069/1069 1078/1078/1078 1077/1076/1076
f 1077/1076/1076 1072/1072/1072 1067/1069/1069
f 1067/1069/1069 1068/1068/1068 1062/1062/1062
f 1062/1062/1062 1078/1078/1078 1067/1069/1069
f 1064/1065/1065 1065/1064/1064 1076/1077/1077
f 1076/1077/1077 1077/1076/1076 1064/1065/1065
f 1077/1076/1076 1078/1078/1078 1066/1066/1066
f 1066/1066/1066 1064/1065/1065 1077/1076/1076
f 1066/1066/1066 1078/1078/1078 1062/1062/1062
f 1081/1079/1079 1080/1080/1080 1079/1081/1081
f 1079/1081/1081 1082/1082/1082 1081/1079/1079
f 1083/1083/1083 1082/1082/1082 1079/1081/1081
f 1079/1081/1081 1084/1084/1084 1083/1083/1083
f 1083/1083/1083 1084/1084/1084 1085/1085/1085
f 1085/1085/1085 1086/1086/1086 1083/1083/1083
f 1080/1080/1080 1088/1087/1087 1087/1088/1088
f 1087/1088/1088 1079/1081/1081 1080/1080/1080
f 1079/1081/1081 1087/1088/1088 1089/1089/1089
f 1089/1089/1089 1084/1084/1084 1079/1081/1081
f 1085/1085/1085 1084/1084/1084 1089/1089/1089
f 1092/1090/1090 1091/1091/1091 1090/1092/1092
f 1090/1092/1092 1093/1093/1093 1092/1090/1090
f 1095/1094/1094 1094/1095/1095 1092/1090/1090
f 1092/1090/1090 1093/1093/1093 1095/1094/1094
f 1095/1094/1094 1096/1096/1096 1085/1085/1085
f 1085/1085/1085 1094/1095/1095 1095/1094/1094
f 1087/1088/1088 1088/1087/1087 1091/1091/1091
f 1091/1091/1091 1092/1090/1090 1087/1088/1088
f 1092/1090/1090 1094/1095/1095 1089/1089/1089
f 1089/1089/1089 1087/1088/1088 1092/1090/1090
f 1089/1089/1089 1094/1095/1095 1085/1085/1085
f 1095/1094/1094 1097/1097/1097 1096/1096/1096
f 1097/1097/1097 1095/1094/1094 1093/1093/1093
f 1093/1093/1093 1098/1098/1098 1097/1097/1097
f 1090/1092/1092 1099/1099/1099 1098/1098/1098
f 1098/1098/1098 1093/1093/1093 1090/1092/1092
f 1102/1100/1100 1101/1101/1101 1100/1102/1102
f 1100/1102/1102 1103/1103/1103 1102/1100/1100
f 1104/1104/1104 1103/1103/1103 1100/1102/1102
f 1100/1102/1102 1105/1105/1105 1104/1104/1104
f 1104/1104/1104 1105/1105/1105 1106/1106/1106
f 1106/1106/1106 1107/1107/1107 1104/1104/1104
f 1101/1101/1101 1109/1108/1108 1108/1109/1109
f 1108/1109/1109 1100/1102/1102 1101/1101/1101
f 1100/1102/1102 1108/1109/1109 1110/1110/1110
f 1110/1110/1110 1105/1105/1105 1100/1102/1102
f 1106/1106/1106 1105/1105/1105 1110/1110/1110
f 1113/1111/1111 1112/1112/1112 1111/1113/1113
f 1111/1113/1113 1114/1114/1114 1113/1111/1111
f 1116/1115/1115 1115/1116/1116 1113/1111/1111
f 1113/1111/1111 1114/1114/1114 1116/1115/1115
f 1116/1115/1115 1117/1117/1117 1106/1106/1106
f 1106/1106/1106 1115/1116/1116 1116/1115/1115
f 1108/1109/1109 1109/1108/1108 1112/1112/1112
f 1112/1112/1112 1113/1111/1111 1108/1109/1109
f 1113/1111/1111 1115/1116/1116 1110/1110/1110
f 1110/1110/1110 1108/1109/1109 1113/1111/1111
f 1110/1110/1110 1115/1116/1116 1106/1106/1106
f 1116/1115/1115 1118/1118/1118 1117/1117/1117
f 1118/1118/1118 1116/1115/1115 1114/1114/1114
f 1114/1114/1114 1119/1119/1119 1118/1118/1118
f 1120/1120/1120 1119/1119/1119 1114/1114/1114
f 1114/1114/1114 1111/1113/1113 1120/1120/1120
f 1123/1121/1121 1122/1122/1122 1121/1123/1123
f 1121/1123/1123 1124/1124/1124 1123/1121/1121
f 1125/1125/1125 1123/1121/1121 1124/1124/1124
f 1124/1124/1124 1126/1126/1126 1125/1125/1125
f 1125/1125/1125 1126/1126/1126 1127/1127/1127
f 1127/1127/1127 1128/1128/1128 1125/1125/1125
f 1121/1123/1123 1130/1129/1129 1129/1130/1130
f 1129/1130/1130 1124/1124/1124 1121/1123/1123
f 1124/1124/1124 1129/1130/1130 1131/1131/1131
f 1131/1131/1131 1126/1126/1126 1124/1124/1124
f 1127/1127/1127 1126/1126/1126 1131/1131/1131
f 1134/1132/1132 1133/1133/1133 1132/1134/1134
f 1132/1134/1134 1135/1135/1135 1134/1132/1132
f 1137/1136/1136 1136/1137/1137 1134/1132/1132
f 1134/1132/1132 1135/1135/1135 1137/1136/1136
f 1137/1136/1136 1138/1138/1138 1127/1127/1127
f 1127/1127/1127 1136/1137/1137 1137/1136/1136
f 1130/1129/1129 1133/1133/1133 1134/1132/1132
f 1134/1132/1132 1129/1130/1130 1130/1129/1129
f 1134/1132/1132 1136/1137/1137 1131/1131/1131
f 1131/1131/1131 1129/1130/1130 1134/1132/1132
f 1131/1131/1131 1136/1137/1137 1127/1127/1127
f 1137/1136/1136 1139/1139/1139 1138/1138/1138
f 1139/1139/1139 1137/1136/1136 1135/1135/1135
f 1135/1135/1135 1140/1140/1140 1139/1139/1139
f 1132/1134/1134 1141/1141/1141 1140/1140/1140
f 1140/1140/1140 1135/1135/1135 1132/1134/1134
f 332/331/331 244/244/244 242/243/243
f 242/243/243 243/242/242 331/332/332
f 336/335/335 249/249/249 250/250/250
f 250/250/250 316/316/316 335/336/336
f 341/340/340 255/255/255 256/256/256
f 256/256/256 318/318/318 340/341/341
f 346/345/345 261/262/262 262/261/261
f 262/261/261 321/321/321 345/346/346
f 327/326/326 237/237/237 238/238/238
f 238/238/238 309/309/309 326/327/327
f 699/699/699 700/700/700 1142/1142/1142
f 699/699/699 1142/1142/1142 802/802/802
f 706/706/706 787/787/787 1143/1143/1143
f 706/706/706 1143/1143/1143 805/805/805
f 712/712/712 789/789/789 1144/1144/1144
f 712/712/712 1144/1144/1144 809/809/809
f 719/718/718 791/792/792 1145/1145/1145
f 719/718/718 1145/1145/1145 813/813/813
f 694/694/694 777/777/777 1146/1146/1146
f 694/694/694 1146/1146/1146 798/798/798
f 164/166/166 165/165/165 181/181/181
f 181/181/181 1147/1147/1147 164/166/166
f 383/383/383 1148/1148/1148 384/384/384
f 118/118/118 1149/1149/1149 1028/1028/1028
f 1028/1028/1028 117/119/119 118/118/118
f 1149/1149/1149 1150/1150/1150 1030/1030/1030
f 1030/1030/1030 1028/1028/1028 1149/1149/1149
f 552/551/551 533/535/535 534/534/534
f 531/531/531 527/527/527 379/381/381
f 118/118/118 531/531/531 379/381/381
f 379/381/381 1149/1149/1149 118/118/118
f 379/381/381 380/380/380 1150/1150/1150
f 1150/1150/1150 1149/1149/1149 379/381/381
f 419/419/419 417/417/417 119/117/117
f 119/117/117 120/120/120 419/419/419
f 368/370/370 481/481/481 482/480/480
f 482/480/480 371/371/371 368/370/370
f 482/480/480 467/467/467 386/385/385
f 386/385/385 371/371/371 482/480/480
f 128/126/126 410/410/410 1151/1151/1151
f 1151/1151/1151 1152/1152/1152 128/126/126
f 1151/1151/1151 410/410/410 411/411/411
f 411/411/411 1153/1153/1153 1151/1151/1151
f 416/414/414 1154/1154/1154 422/422/422
f 422/422/422 415/415/415 416/414/414
f 422/422/422 1154/1154/1154 1155/1155/1155
f 1155/1155/1155 402/402/402 422/422/422
f 402/402/402 1155/1155/1155 1156/1156/1156
f 1156/1156/1156 401/399/399 402/402/402
f 416/414/414 418/418/418 1157/1157/1157
f 1157/1157/1157 1154/1154/1154 416/414/414
f 1154/1154/1154 1157/1157/1157 1158/1158/1158
f 1158/1158/1158 1155/1155/1155 1154/1154/1154
f 1155/1155/1155 1158/1158/1158 1159/1159/1159
f 1159/1159/1159 1156/1156/1156 1155/1155/1155
f 1162/1160/1160 1161/1161/1161 1160/1162/1162
f 1160/1162/1162 1163/1163/1163 1162/1160/1160
f 432/432/432 975/975/975 976/977/977
f 976/977/977 431/433/433 432/432/432
f 432/432/432 433/431/431 434/435/435
f 434/435/435 966/967/967 432/432/432
f 435/434/434 1164/1164/1164 967/966/966
f 967/966/966 434/435/435 435/434/434
f 1165/1165/1165 419/419/419 120/120/120
f 120/120/120 453/454/454 1165/1165/1165
f 966/967/967 974/972/972 975/975/975
f 975/975/975 432/432/432 966/967/967
f 1166/1166/1166 457/455/455 1025/1025/1025
f 457/455/455 969/969/969 973/973/973
f 973/973/973 1025/1025/1025 457/455/455
f 969/969/969 970/970/970 972/974/974
f 972/974/974 973/973/973 969/969/969
f 970/970/970 971/971/971 977/976/976
f 977/976/976 972/974/974 970/970/970
f 487/487/487 968/968/968 486/488/488
f 1166/1166/1166 1025/1025/1025 1026/1026/1026
f 1026/1026/1026 1167/1167/1167 1166/1166/1166
f 385/386/386 1161/1161/1161 1162/1160/1160
f 1162/1160/1160 370/368/368 385/386/386
f 370/368/368 1031/1032/1032 1032/1031/1031
f 1032/1031/1031 369/369/369 370/368/368
f 1162/1160/1160 1031/1032/1032 370/368/368
f 385/386/386 455/457/457 456/456/456
f 456/456/456 1161/1161/1161 385/386/386
f 1166/1166/1166 1160/1162/1162 1161/1161/1161
f 1161/1161/1161 456/456/456 1166/1166/1166
f 419/419/419 1165/1165/1165 1168/1168/1168
f 1168/1168/1168 418/418/418 419/419/419
f 418/418/418 1168/1168/1168 1152/1152/1152
f 1152/1152/1152 1157/1157/1157 418/418/418
f 1152/1152/1152 1151/1151/1151 1158/1158/1158
f 1158/1158/1158 1157/1157/1157 1152/1152/1152
f 1158/1158/1158 1151/1151/1151 1153/1153/1153
f 1153/1153/1153 1159/1159/1159 1158/1158/1158
f 1167/1167/1167 1169/1169/1169 1160/1162/1162
f 1160/1162/1162 1166/1166/1166 1167/1167/1167
f 1169/1169/1169 1170/1170/1170 1163/1163/1163
f 1163/1163/1163 1160/1162/1162 1169/1169/1169
f 1170/1170/1170 1171/1171/1171 1148/1148/1148
f 1148/1148/1148 1163/1163/1163 1170/1170/1170
f 364/366/366 1031/1032/1032 1162/1160/1160
f 1162/1160/1160 383/383/383 364/366/366
f 383/383/383 1162/1160/1160 1163/1163/1163
f 1163/1163/1163 1148/1148/1148 383/383/383
f 453/454/454 1164/1164/1164 435/434/434
f 435/434/434 1165/1165/1165 453/454/454
f 435/434/434 127/127/127 1168/1168/1168
f 1168/1168/1168 1165/1165/1165 435/434/434
f 127/127/127 128/126/126 1152/1152/1152
f 1152/1152/1152 1168/1168/1168 127/127/127
f 453/454/454 454/453/453 1172/1172/1172
f 1172/1172/1172 1164/1164/1164 453/454/454
f 1172/1172/1172 454/453/453 1027/1027/1027
f 1027/1027/1027 1173/1173/1173 1172/1172/1172
f 1027/1027/1027 1029/1029/1029 1174/1174/1174
f 1174/1174/1174 1173/1173/1173 1027/1027/1027
f 974/972/972 966/967/967 967/966/966
f 967/966/966 1026/1026/1026 974/972/972
f 967/966/966 1164/1164/1164 1167/1167/1167
f 1167/1167/1167 1026/1026/1026 967/966/966
f 1164/1164/1164 1172/1172/1172 1169/1169/1169
f 1169/1169/1169 1167/1167/1167 1164/1164/1164
f 1169/1169/1169 1172/1172/1172 1173/1173/1173
f 1173/1173/1173 1170/1170/1170 1169/1169/1169
f 1173/1173/1173 1174/1174/1174 1171/1171/1171
f 1171/1171/1171 1170/1170/1170 1173/1173/1173
f 126/128/128 960/960/960 129/129/129
f 960/960/960 394/394/394 395/393/393
f 395/393/393 129/129/129 960/960/960
f 129/129/129 395/393/393 410/410/410
f 410/410/410 128/126/126 129/129/129
f 1166/1166/1166 456/456/456 457/455/455
f 167/167/167 164/166/166 1175/1175/1175
f 1175/1175/1175 301/301/301 167/167/167
f 1175/1175/1175 1177/1176/1176 1176/1177/1177
f 1176/1177/1177 1178/1178/1178 1175/1175/1175
f 508/508/508 302/303/303 392/392/392
f 392/392/392 507/506/506 508/508/508
f 1022/1022/1022 1023/1023/1023 298/297/297
f 298/297/297 294/296/296 1022/1022/1022
f 1023/1023/1023 516/515/515 1179/1179/1179
f 1179/1179/1179 298/297/297 1023/1023/1023
f 1179/1179/1179 516/515/515 517/517/517
f 517/517/517 510/510/510 1179/1179/1179
f 517/517/517 506/507/507 507/506/506
f 507/506/506 510/510/510 517/517/517
f 297/298/298 298/297/297 1179/1179/1179
f 297/298/298 1179/1179/1179 1180/1180/1180
f 296/294/294 297/298/298 1180/1180/1180
f 296/294/294 1180/1180/1180 168/169/169
f 168/169/169 293/293/293 296/294/294
f 1180/1180/1180 509/509/509 143/143/143
f 143/143/143 168/169/169 1180/1180/1180
f 143/143/143 509/509/509 392/392/392
f 392/392/392 142/144/144 143/143/143
f 299/300/300 187/187/187 166/164/164
f 166/164/164 167/167/167 299/300/300
f 164/166/166 1147/1147/1147 1177/1176/1176
f 1177/1176/1176 1175/1175/1175 164/166/166
f 508/508/508 1181/1181/1181 304/304/304
f 304/304/304 302/303/303 508/508/508
f 1180/1180/1180 1179/1179/1179 510/510/510
f 510/510/510 509/509/509 1180/1180/1180
f 512/512/512 499/499/499 505/505/505
f 505/505/505 515/516/516 512/512/512
f 505/505/505 519/519/519 520/520/520
f 520/520/520 515/516/516 505/505/505
f 519/519/519 445/445/445 501/501/501
f 501/501/501 520/520/520 519/519/519
f 1182/1182/1182 1017/1017/1017 1020/1018/1018
f 1020/1018/1018 1021/1021/1021 1182/1182/1182
f 1017/1017/1017 1182/1182/1182 1178/1178/1178
f 1178/1178/1178 1016/1015/1015 1017/1017/1017
f 1016/1015/1015 1178/1178/1178 1176/1177/1177
f 1176/1177/1177 1024/1024/1024 1016/1015/1015
f 502/500/500 503/503/503 1181/1181/1181
f 1181/1181/1181 508/508/508 502/500/500
f 287/286/286 420/420/420 295/295/295
f 295/295/295 286/287/287 287/286/286
f 286/287/287 295/295/295 296/294/294
f 296/294/294 293/293/293 286/287/287
f 1182/1182/1182 301/301/301 1175/1175/1175
f 1175/1175/1175 1178/1178/1178 1182/1182/1182
f 301/301/301 1182/1182/1182 1021/1021/1021
f 1021/1021/1021 300/299/299 301/301/301
f 300/299/299 1021/1021/1021 1018/1020/1020
f 1018/1020/1020 420/420/420 300/299/299
f 1018/1020/1020 294/296/296 295/295/295
f 295/295/295 420/420/420 1018/1020/1020
f 1185/1/1183 1184/4/1184 1183/3/1185
f 1183/3/1185 1186/2/1186 1185/1/1183
f 1187/5/1187 1185/1/1183 1186/2/1186
f 1186/2/1186 1188/6/1188 1187/5/1187
f 1187/5/1187 1188/6/1188 1189/8/1189
f 1189/8/1189 1190/7/1190 1187/5/1187
f 1192/9/1191 1191/10/1192 1184/4/1184
f 1184/4/1184 1185/1/1183 1192/9/1191
f 1187/5/1187 1193/11/1193 1192/9/1191
f 1192/9/1191 1185/1/1183 1187/5/1187
f 1193/11/1193 1187/5/1187 1190/7/1190
f 1196/12/1194 1195/14/1195 1194/13/1196
f 1198/15/1197 1197/16/1198 1195/14/1195
f 1195/14/1195 1196/12/1194 1198/15/1197
f 1198/15/1197 1200/18/1199 1199/17/1200
f 1199/17/1200 1197/16/1198 1198/15/1197
f 1201/19/1201 1197/16/1198 1199/17/1200
f 1199/17/1200 1202/20/1202 1201/19/1201
f 1197/16/1198 1201/19/1201 1203/21/1203
f 1203/21/1203 1195/14/1195 1197/16/1198
f 1195/14/1195 1203/21/1203 1190/7/1190
f 1190/7/1190 1194/13/1196 1195/14/1195
f 1192/9/1191 1201/19/1201 1202/20/1202
f 1202/20/1202 1191/10/1192 1192/9/1191
f 1192/9/1191 1193/11/1193 1203/21/1203
f 1203/21/1203 1201/19/1201 1192/9/1191
f 1190/7/1190 1203/21/1203 1193/11/1193
f 1206/22/1204 1205/25/1205 1204/24/1206
f 1204/24/1206 1207/23/1207 1206/22/1204
f 1208/26/1208 1206/22/1204 1207/23/1207
f 1207/23/1207 1209/27/1209 1208/26/1208
f 1208/26/1208 1209/27/1209 1210/29/1210
f 1210/29/1210 1211/28/1211 1208/26/1208
f 1213/30/1212 1212/31/1213 1205/25/1205
f 1205/25/1205 1206/22/1204 1213/30/1212
f 1208/26/1208 1214/32/1214 1213/30/1212
f 1213/30/1212 1206/22/1204 1208/26/1208
f 1214/32/1214 1208/26/1208 1211/28/1211
f 1217/33/1215 1216/35/1216 1215/34/1217
f 1219/36/1218 1218/37/1219 1216/35/1216
f 1216/35/1216 1217/33/1215 1219/36/1218
f 1218/37/1219 1219/36/1218 1220/39/1220
f 1220/39/1220 1221/38/1221 1218/37/1219
f 1222/40/1222 1218/37/1219 1221/38/1221
f 1221/38/1221 1223/41/1223 1222/40/1222
f 1218/37/1219 1222/40/1222 1224/42/1224
f 1224/42/1224 1216/35/1216 1218/37/1219
f 1216/35/1216 1224/42/1224 1211/28/1211
f 1211/28/1211 1215/34/1217 1216/35/1216
f 1212/31/1213 1213/30/1212 1222/40/1222
f 1222/40/1222 1223/41/1223 1212/31/1213
f 1213/30/1212 1214/32/1214 1224/42/1224
f 1224/42/1224 1222/40/1222 1213/30/1212
f 1211/28/1211 1224/42/1224 1214/32/1214
f 1227/43/1225 1226/46/1226 1225/45/1227
f 1225/45/1227 1228/44/1228 1227/43/1225
f 1229/47/1229 1227/43/1225 1228/44/1228
f 1228/44/1228 1230/48/1230 1229/47/1229
f 1229/47/1229 1230/48/1230 1231/50/1231
f 1231/50/1231 1232/49/1232 1229/47/1229
f 1234/51/1233 1233/52/1234 1226/46/1226
f 1226/46/1226 1227/43/1225 1234/51/1233
f 1229/47/1229 1235/53/1235 1234/51/1233
f 1234/51/1233 1227/43/1225 1229/47/1229
f 1235/53/1235 1229/47/1229 1232/49/1232
f 1238/54/1236 1237/56/1237 1236/55/1238
f 1240/57/1239 1239/58/1240 1237/56/1237
f 1237/56/1237 1238/54/1236 1240/57/1239
f 1240/57/1239 1242/60/1241 1241/59/1242
f 1241/59/1242 1239/58/1240 1240/57/1239
f 1243/61/1243 1239/58/1240 1241/59/1242
f 1241/59/1242 1244/62/1244 1243/61/1243
f 1239/58/1240 1243/61/1243 1245/63/1245
f 1245/63/1245 1237/56/1237 1239/58/1240
f 1237/56/1237 1245/63/1245 1232/49/1232
f 1232/49/1232 1236/55/1238 1237/56/1237
f 1234/51/1233 1243/61/1243 1244/62/1244
f 1244/62/1244 1233/52/1234 1234/51/1233
f 1234/51/1233 1235/53/1235 1245/63/1245
f 1245/63/1245 1243/61/1243 1234/51/1233
f 1232/49/1232 1245/63/1245 1235/53/1235
f 1248/64/1246 1247/67/1247 1246/66/1248
f 1246/66/1248 1249/65/1249 1248/64/1246
f 1250/68/1250 1248/64/1246 1249/65/1249
f 1249/65/1249 1251/69/1251 1250/68/1250
f 1250/68/1250 1251/69/1251 1252/71/1252
f 1252/71/1252 1253/70/1253 1250/68/1250
f 1255/72/1254 1254/73/1255 1247/67/1247
f 1247/67/1247 1248/64/1246 1255/72/1254
f 1250/68/1250 1256/74/1256 1255/72/1254
f 1255/72/1254 1248/64/1246 1250/68/1250
f 1256/74/1256 1250/68/1250 1253/70/1253
f 1259/75/1257 1258/77/1258 1257/76/1259
f 1261/78/1260 1260/79/1261 1258/77/1258
f 1258/77/1258 1259/75/1257 1261/78/1260
f 1260/79/1261 1261/78/1260 1262/81/1262
f 1262/81/1262 1263/80/1263 1260/79/1261
f 1264/82/1264 1260/79/1261 1263/80/1263
f 1263/80/1263 1265/83/1265 1264/82/1264
f 1260/79/1261 1264/82/1264 1266/84/1266
f 1266/84/1266 1258/77/1258 1260/79/1261
f 1258/77/1258 1266/84/1266 1253/70/1253
f 1253/70/1253 1257/76/1259 1258/77/1258
f 1255/72/1254 1264/82/1264 1265/83/1265
f 1265/83/1265 1254/73/1255 1255/72/1254
f 1255/72/1254 1256/74/1256 1266/84/1266
f 1266/84/1266 1264/82/1264 1255/72/1254
f 1253/70/1253 1266/84/1266 1256/74/1256
f 1269/85/1267 1268/88/1268 1267/87/1269
f 1267/87/1269 1270/86/1270 1269/85/1267
f 1271/89/1271 1269/85/1267 1270/86/1270
f 1270/86/1270 1272/90/1272 1271/89/1271
f 1271/89/1271 1272/90/1272 1273/92/1273
f 1273/92/1273 1274/91/1274 1271/89/1271
f 1276/93/1275 1275/94/1276 1268/88/1268
f 1268/88/1268 1269/85/1267 1276/93/1275
f 1271/89/1271 1277/95/1277 1276/93/1275
f 1276/93/1275 1269/85/1267 1271/89/1271
f 1277/95/1277 1271/89/1271 1274/91/1274
f 1280/96/1278 1279/98/1279 1278/97/1280
f 1282/99/1281 1281/100/1282 1279/98/1279
f 1279/98/1279 1280/96/1278 1282/99/1281
f 1282/99/1281 1284/102/1283 1283/101/1284
f 1283/101/1284 1281/100/1282 1282/99/1281
f 1285/103/1285 1281/100/1282 1283/101/1284
f 1283/101/1284 1286/104/1286 1285/103/1285
f 1281/100/1282 1285/103/1285 1287/105/1287
f 1287/105/1287 1279/98/1279 1281/100/1282
f 1279/98/1279 1287/105/1287 1274/91/1274
f 1274/91/1274 1278/97/1280 1279/98/1279
f 1276/93/1275 1285/103/1285 1286/104/1286
f 1286/104/1286 1275/94/1276 1276/93/1275
f 1276/93/1275 1277/95/1277 1287/105/1287
f 1287/105/1287 1285/103/1285 1276/93/1275
f 1274/91/1274 1287/105/1287 1277/95/1277
f 1289/106/1288 1288/109/1289 106/108/108
f 106/108/108 107/107/107 1289/106/1288
f 1291/110/1290 1290/113/1291 110/112/112
f 110/112/112 111/111/111 1291/110/1290
f 116/114/114 114/116/116 1292/115/1292
f 1295/117/1293 1294/120/1294 1293/119/1295
f 1293/119/1295 1296/118/1296 1295/117/1293
f 1299/121/1297 1298/123/1298 1297/122/1299
f 1290/113/1291 1291/110/1290 1300/125/1300
f 1300/125/1300 1301/124/1301 1290/113/1291
f 1304/126/1302 1303/129/1303 1302/128/1304
f 1302/128/1304 1305/127/1305 1304/126/1302
f 1308/130/1306 1307/133/1307 1306/132/1308
f 1306/132/1308 1309/131/1309 1308/130/1306
f 1312/134/1310 1311/137/1311 1310/136/1312
f 1310/136/1312 1313/135/1313 1312/134/1310
f 1316/138/1314 1315/141/1315 1314/140/1316
f 1314/140/1316 1317/139/1317 1316/138/1314
f 1320/142/1318 1319/145/1319 1318/144/1320
f 1318/144/1320 1321/143/1321 1320/142/1318
f 1324/146/1322 1323/149/1323 1322/148/1324
f 1322/148/1324 1325/147/1325 1324/146/1322
f 1328/150/1326 1327/153/1327 1326/152/1328
f 1326/152/1328 1329/151/1329 1328/150/1326
f 1332/154/1330 1331/157/1331 1330/156/1332
f 1330/156/1332 1333/155/1333 1332/154/1330
f 1319/145/1319 1335/159/1334 1334/158/1335
f 1334/158/1335 1318/144/1320 1319/145/1319
f 1338/160/1336 1337/163/1337 1336/162/1338
f 1336/162/1338 1339/161/1339 1338/160/1336
f 1342/164/1340 1341/167/1341 1340/166/1342
f 1340/166/1342 1343/165/1343 1342/164/1340
f 1344/168/1344 1320/142/1318 1321/143/1321
f 1321/143/1321 1345/169/1345 1344/168/1344
f 1348/170/1346 1347/173/1347 1346/172/1348
f 1346/172/1348 1349/171/1349 1348/170/1346
f 1350/174/1350 1315/141/1315 1316/138/1314
f 1352/175/1351 1351/176/1352 1315/141/1315
f 1315/141/1315 1350/174/1350 1352/175/1351
f 1354/177/1353 1353/179/1354 1311/137/1311
f 1311/137/1311 1355/178/1355 1354/177/1353
f 1311/137/1311 1312/134/1310 1335/159/1334
f 1349/171/1349 1356/180/1356 1342/164/1340
f 1342/164/1340 1343/165/1343 1349/171/1349
f 1320/142/1318 1344/168/1344 1314/140/1316
f 1314/140/1316 1315/141/1315 1320/142/1318
f 1343/165/1343 1357/181/1357 1348/170/1346
f 1348/170/1346 1349/171/1349 1343/165/1343
f 1315/141/1315 1351/176/1352 1319/145/1319
f 1319/145/1319 1320/142/1318 1315/141/1315
f 1358/182/1358 1325/147/1325 1322/148/1324
f 1319/145/1319 1351/176/1352 1355/178/1355
f 1360/183/1359 1359/184/1360 1326/152/1328
f 1355/178/1355 1311/137/1311 1335/159/1334
f 1335/159/1334 1319/145/1319 1355/178/1355
f 1362/185/1361 1361/187/1362 1342/164/1340
f 1342/164/1340 1363/186/1363 1362/185/1361
f 1310/136/1312 1365/189/1364 1364/188/1365
f 1364/188/1365 1313/135/1313 1310/136/1312
f 1339/161/1339 1367/192/1366 1366/191/1367
f 1366/191/1367 1368/190/1368 1339/161/1339
f 1346/172/1348 1370/195/1369 1369/194/1370
f 1369/194/1370 1371/193/1371 1346/172/1348
f 1370/195/1369 1346/172/1348 1347/173/1347
f 1347/173/1347 1372/196/1372 1370/195/1369
f 1316/138/1314 1374/198/1373 1373/197/1374
f 1373/197/1374 1350/174/1350 1316/138/1314
f 1374/198/1373 1316/138/1314 1317/139/1317
f 1317/139/1317 1375/199/1375 1374/198/1373
f 1378/200/1376 1377/203/1377 1376/202/1378
f 1376/202/1378 1379/201/1379 1378/200/1376
f 1382/204/1380 1381/207/1381 1380/206/1382
f 1380/206/1382 1383/205/1383 1382/204/1380
f 1384/208/1384 1352/175/1351 1350/174/1350
f 1350/174/1350 1385/209/1385 1384/208/1384
f 1383/205/1383 1387/211/1386 1386/210/1387
f 1386/210/1387 1382/204/1380 1383/205/1383
f 1328/150/1326 1389/213/1388 1388/212/1389
f 1388/212/1389 1327/153/1327 1328/150/1326
f 1392/214/1390 1391/217/1391 1390/216/1392
f 1390/216/1392 1393/215/1393 1392/214/1390
f 1396/218/1394 1395/221/1395 1394/220/1396
f 1394/220/1396 1397/219/1397 1396/218/1394
f 1393/215/1393 1399/223/1398 1398/222/1399
f 1398/222/1399 1392/214/1390 1393/215/1393
f 1400/224/1400 1331/157/1331 1332/154/1330
f 1332/154/1330 1401/225/1401 1400/224/1400
f 1404/226/1402 1403/229/1403 1402/228/1404
f 1402/228/1404 1405/227/1405 1404/226/1402
f 1353/179/1354 1354/177/1353 1406/231/1406
f 1406/231/1406 1407/230/1407 1353/179/1354
f 1405/227/1405 1409/233/1408 1408/232/1409
f 1408/232/1409 1404/226/1402 1405/227/1405
f 1410/234/1410 1338/160/1336 1339/161/1339
f 1339/161/1339 1411/235/1411 1410/234/1410
f 1368/190/1368 1412/236/1412 1411/235/1411
f 1411/235/1411 1339/161/1339 1368/190/1368
f 1414/237/1413 1413/238/1414 1364/188/1365
f 1364/188/1365 1365/189/1364 1414/237/1413
f 1370/195/1369 1416/240/1415 1415/239/1416
f 1415/239/1416 1369/194/1370 1370/195/1369
f 1416/240/1415 1370/195/1369 1372/196/1372
f 1372/196/1372 1417/241/1417 1416/240/1415
f 1418/242/1418 1373/197/1374 1374/198/1373
f 1374/198/1373 1419/243/1419 1418/242/1418
f 1420/244/1420 1419/243/1419 1374/198/1373
f 1374/198/1373 1375/199/1375 1420/244/1420
f 1422/245/1421 1421/246/1422 1376/202/1378
f 1376/202/1378 1377/203/1377 1422/245/1421
f 1423/247/1423 1380/206/1382 1381/207/1381
f 1381/207/1381 1424/248/1424 1423/247/1423
f 1426/249/1425 1425/250/1426 1384/208/1384
f 1384/208/1384 1385/209/1385 1426/249/1425
f 1428/251/1427 1427/252/1428 1388/212/1389
f 1388/212/1389 1389/213/1388 1428/251/1427
f 1430/253/1429 1429/254/1430 1390/216/1392
f 1390/216/1392 1391/217/1391 1430/253/1429
f 1432/255/1431 1431/256/1432 1397/219/1397
f 1397/219/1397 1394/220/1396 1432/255/1431
f 1434/257/1433 1433/258/1434 1400/224/1400
f 1400/224/1400 1401/225/1401 1434/257/1433
f 1436/259/1435 1435/260/1436 1402/228/1404
f 1402/228/1404 1403/229/1403 1436/259/1435
f 1407/230/1407 1406/231/1406 1437/262/1437
f 1437/262/1437 1438/261/1438 1407/230/1407
f 1440/263/1439 1439/264/1440 1410/234/1410
f 1410/234/1410 1411/235/1411 1440/263/1439
f 1441/265/1441 1440/263/1439 1411/235/1411
f 1411/235/1411 1412/236/1412 1441/265/1441
f 1444/266/1442 1443/269/1443 1442/268/1444
f 1442/268/1444 1445/267/1445 1444/266/1442
f 1444/266/1442 1445/267/1445 1446/271/1446
f 1446/271/1446 1447/270/1447 1444/266/1442
f 1446/271/1446 1448/272/1448 1362/185/1361
f 1362/185/1361 1447/270/1447 1446/271/1446
f 1451/273/1449 1450/275/1450 1449/274/1451
f 1449/274/1451 1367/192/1366 1451/273/1449
f 1451/273/1449 1367/192/1366 1339/161/1339
f 1339/161/1339 1452/276/1452 1451/273/1449
f 1336/162/1338 1453/277/1453 1452/276/1452
f 1452/276/1452 1339/161/1339 1336/162/1338
f 1363/186/1363 1342/164/1340 1356/180/1356
f 1400/224/1400 1433/258/1434 1454/279/1454
f 1454/279/1454 1455/278/1455 1400/224/1400
f 1400/224/1400 1455/278/1455 1456/280/1456
f 1456/280/1456 1331/157/1331 1400/224/1400
f 1456/280/1456 1457/281/1457 1330/156/1332
f 1330/156/1332 1331/157/1331 1456/280/1456
f 1359/184/1360 1360/183/1359 1330/156/1332
f 1388/212/1389 1427/252/1428 1458/283/1458
f 1458/283/1458 1459/282/1459 1388/212/1389
f 1388/212/1389 1459/282/1459 1460/284/1460
f 1460/284/1460 1327/153/1327 1388/212/1389
f 1460/284/1460 1461/285/1461 1326/152/1328
f 1326/152/1328 1327/153/1327 1460/284/1460
f 1360/183/1359 1358/182/1358 1462/287/1462
f 1462/287/1462 1463/286/1463 1360/183/1359
f 1465/288/1464 1464/289/1465 1376/202/1378
f 1376/202/1378 1421/246/1422 1465/288/1464
f 1466/290/1466 1379/201/1379 1376/202/1378
f 1376/202/1378 1464/289/1465 1466/290/1466
f 1467/291/1467 1322/148/1324 1379/201/1379
f 1379/201/1379 1466/290/1466 1467/291/1467
f 1467/291/1467 1468/292/1468 1358/182/1358
f 1358/182/1358 1322/148/1324 1467/291/1467
f 1358/182/1358 1468/292/1468 1469/293/1469
f 1469/293/1469 1462/287/1462 1358/182/1358
f 1472/298/1470 1471/297/1471 1470/296/1472
f 1473/294/1473 1472/298/1470 1470/296/1472
f 1473/294/1473 1470/296/1472 1474/295/1474
f 1476/299/1475 1475/301/1476 1341/167/1341
f 1341/167/1341 1477/300/1477 1476/299/1475
f 1344/168/1344 1345/169/1345 1469/293/1469
f 1469/293/1469 1468/292/1468 1344/168/1344
f 1468/292/1468 1467/291/1467 1314/140/1316
f 1314/140/1316 1344/168/1344 1468/292/1468
f 1467/291/1467 1466/290/1466 1317/139/1317
f 1317/139/1317 1314/140/1316 1467/291/1467
f 1466/290/1466 1464/289/1465 1375/199/1375
f 1375/199/1375 1317/139/1317 1466/290/1466
f 1480/302/1478 1479/304/1479 1478/303/1480
f 1478/303/1480 1334/158/1335 1480/302/1478
f 1335/159/1334 1481/305/1481 1480/302/1478
f 1480/302/1478 1334/158/1335 1335/159/1334
f 1335/159/1334 1312/134/1310 1482/306/1482
f 1482/306/1482 1481/305/1481 1335/159/1334
f 1312/134/1310 1313/135/1313 1483/307/1483
f 1483/307/1483 1482/306/1482 1312/134/1310
f 1313/135/1313 1364/188/1365 1484/308/1484
f 1484/308/1484 1483/307/1483 1313/135/1313
f 1364/188/1365 1413/238/1414 1485/309/1485
f 1485/309/1485 1484/308/1484 1364/188/1365
f 1445/267/1445 1442/268/1444 1486/310/1486
f 1486/310/1486 1409/233/1408 1445/267/1445
f 1405/227/1405 1446/271/1446 1445/267/1445
f 1445/267/1445 1409/233/1408 1405/227/1405
f 1446/271/1446 1405/227/1405 1487/311/1487
f 1487/311/1487 1448/272/1448 1446/271/1446
f 1487/311/1487 1405/227/1405 1332/154/1330
f 1332/154/1330 1333/155/1333 1487/311/1487
f 1405/227/1405 1402/228/1404 1401/225/1401
f 1401/225/1401 1332/154/1330 1405/227/1405
f 1401/225/1401 1402/228/1404 1435/260/1436
f 1435/260/1436 1434/257/1433 1401/225/1401
f 1455/278/1455 1454/279/1454 1488/312/1488
f 1488/312/1488 1399/223/1398 1455/278/1455
f 1393/215/1393 1456/280/1456 1455/278/1455
f 1455/278/1455 1399/223/1398 1393/215/1393
f 1456/280/1456 1393/215/1393 1489/313/1489
f 1489/313/1489 1457/281/1457 1456/280/1456
f 1489/313/1489 1393/215/1393 1328/150/1326
f 1328/150/1326 1329/151/1329 1489/313/1489
f 1393/215/1393 1390/216/1392 1389/213/1388
f 1389/213/1388 1328/150/1326 1393/215/1393
f 1389/213/1388 1390/216/1392 1429/254/1430
f 1429/254/1430 1428/251/1427 1389/213/1388
f 1459/282/1459 1458/283/1458 1490/314/1490
f 1490/314/1490 1387/211/1386 1459/282/1459
f 1383/205/1383 1460/284/1460 1459/282/1459
f 1459/282/1459 1387/211/1386 1383/205/1383
f 1460/284/1460 1383/205/1383 1324/146/1322
f 1324/146/1322 1461/285/1461 1460/284/1460
f 1324/146/1322 1383/205/1383 1378/200/1376
f 1378/200/1376 1323/149/1323 1324/146/1322
f 1383/205/1383 1380/206/1382 1377/203/1377
f 1377/203/1377 1378/200/1376 1383/205/1383
f 1377/203/1377 1380/206/1382 1423/247/1423
f 1423/247/1423 1422/245/1421 1377/203/1377
f 1439/264/1440 1443/269/1443 1444/266/1442
f 1444/266/1442 1410/234/1410 1439/264/1440
f 1444/266/1442 1447/270/1447 1338/160/1336
f 1338/160/1336 1410/234/1410 1444/266/1442
f 1447/270/1447 1362/185/1361 1337/163/1337
f 1337/163/1337 1338/160/1336 1447/270/1447
f 1452/276/1452 1453/277/1453 1356/180/1356
f 1356/180/1356 1371/193/1371 1452/276/1452
f 1369/194/1370 1451/273/1449 1452/276/1452
f 1452/276/1452 1371/193/1371 1369/194/1370
f 1369/194/1370 1415/239/1416 1450/275/1450
f 1450/275/1450 1451/273/1449 1369/194/1370
f 1378/200/1376 1379/201/1379 1322/148/1324
f 1322/148/1324 1323/149/1323 1378/200/1376
f 1324/146/1322 1325/147/1325 1326/152/1328
f 1326/152/1328 1461/285/1461 1324/146/1322
f 1489/313/1489 1329/151/1329 1326/152/1328
f 1326/152/1328 1359/184/1360 1489/313/1489
f 1489/313/1489 1359/184/1360 1330/156/1332
f 1330/156/1332 1457/281/1457 1489/313/1489
f 1487/311/1487 1333/155/1333 1330/156/1332
f 1330/156/1332 1491/315/1491 1487/311/1487
f 1487/311/1487 1491/315/1491 1362/185/1361
f 1362/185/1361 1448/272/1448 1487/311/1487
f 1336/162/1338 1337/163/1337 1362/185/1361
f 1362/185/1361 1363/186/1363 1336/162/1338
f 1336/162/1338 1363/186/1363 1356/180/1356
f 1356/180/1356 1453/277/1453 1336/162/1338
f 1493/316/1492 1492/317/1493 1384/208/1384
f 1384/208/1384 1425/250/1426 1493/316/1492
f 1492/317/1493 1395/221/1395 1352/175/1351
f 1352/175/1351 1384/208/1384 1492/317/1493
f 1495/318/1494 1494/319/1495 1397/219/1397
f 1397/219/1397 1431/256/1432 1495/318/1494
f 1354/177/1353 1396/218/1394 1397/219/1397
f 1397/219/1397 1494/319/1495 1354/177/1353
f 1351/176/1352 1395/221/1395 1396/218/1394
f 1396/218/1394 1355/178/1355 1351/176/1352
f 1438/261/1438 1497/321/1496 1496/320/1497
f 1496/320/1497 1407/230/1407 1438/261/1438
f 1310/136/1312 1353/179/1354 1407/230/1407
f 1407/230/1407 1496/320/1497 1310/136/1312
f 1367/192/1366 1449/274/1451 1498/322/1498
f 1498/322/1498 1366/191/1367 1367/192/1366
f 1409/233/1408 1486/310/1486 1499/323/1499
f 1499/323/1499 1408/232/1409 1409/233/1408
f 1399/223/1398 1488/312/1488 1500/324/1500
f 1500/324/1500 1398/222/1399 1399/223/1398
f 1387/211/1386 1490/314/1490 1501/325/1501
f 1501/325/1501 1386/210/1387 1387/211/1386
f 1375/199/1375 1464/289/1465 1465/288/1464
f 1465/288/1464 1420/244/1420 1375/199/1375
f 1503/326/1502 1502/327/1503 1413/238/1414
f 1415/239/1416 1416/240/1415 1504/329/1504
f 1504/329/1504 1505/328/1505 1415/239/1416
f 1416/240/1415 1417/241/1417 1506/330/1506
f 1506/330/1506 1504/329/1504 1416/240/1415
f 1508/331/1507 1507/332/1508 1419/243/1419
f 1423/247/1423 1424/248/1424 1509/334/1509
f 1509/334/1509 1510/333/1510 1423/247/1423
f 1512/335/1511 1511/336/1512 1425/250/1426
f 1427/252/1428 1428/251/1427 1513/338/1513
f 1513/338/1513 1514/337/1514 1427/252/1428
f 1429/254/1430 1430/253/1429 1515/339/1515
f 1515/339/1515 1513/338/1513 1429/254/1430
f 1517/340/1516 1516/341/1517 1431/256/1432
f 1433/258/1434 1434/257/1433 1518/343/1518
f 1518/343/1518 1519/342/1519 1433/258/1434
f 1435/260/1436 1436/259/1435 1520/344/1520
f 1520/344/1520 1518/343/1518 1435/260/1436
f 1522/345/1521 1521/346/1522 1438/261/1438
f 1442/268/1444 1443/269/1443 1523/348/1523
f 1523/348/1523 1524/347/1524 1442/268/1444
f 1449/274/1451 1450/275/1450 1505/328/1505
f 1505/328/1505 1525/349/1525 1449/274/1451
f 1454/279/1454 1433/258/1434 1519/342/1519
f 1519/342/1519 1526/350/1526 1454/279/1454
f 1458/283/1458 1427/252/1428 1514/337/1514
f 1514/337/1514 1527/351/1527 1458/283/1458
f 1465/288/1464 1421/246/1422 1528/353/1528
f 1528/353/1528 1529/352/1529 1465/288/1464
f 1422/245/1421 1423/247/1423 1510/333/1510
f 1510/333/1510 1528/353/1528 1422/245/1421
f 1443/269/1443 1439/264/1440 1530/354/1530
f 1530/354/1530 1523/348/1523 1443/269/1443
f 1498/322/1498 1449/274/1451 1525/349/1525
f 1525/349/1525 1531/355/1531 1498/322/1498
f 1499/323/1499 1486/310/1486 1524/347/1524
f 1524/347/1524 1532/356/1532 1499/323/1499
f 1500/324/1500 1488/312/1488 1526/350/1526
f 1526/350/1526 1533/357/1533 1500/324/1500
f 1501/325/1501 1490/314/1490 1527/351/1527
f 1527/351/1527 1534/358/1534 1501/325/1501
f 1420/244/1420 1465/288/1464 1529/352/1529
f 1529/352/1529 1508/331/1507 1420/244/1420
f 1421/246/1422 1422/245/1421 1528/353/1528
f 1439/264/1440 1440/263/1439 1530/354/1530
f 1486/310/1486 1442/268/1444 1524/347/1524
f 1434/257/1433 1435/260/1436 1518/343/1518
f 1488/312/1488 1454/279/1454 1526/350/1526
f 1428/251/1427 1429/254/1430 1513/338/1513
f 1490/314/1490 1458/283/1458 1527/351/1527
f 1450/275/1450 1415/239/1416 1505/328/1505
f 1371/193/1371 1356/180/1356 1346/172/1348
f 1346/172/1348 1356/180/1356 1349/171/1349
f 1311/137/1311 1353/179/1354 1310/136/1312
f 1537/359/1535 1536/362/1536 1535/361/1537
f 1535/361/1537 1538/360/1538 1537/359/1535
f 1298/123/1298 1539/363/1539 1309/131/1309
f 1309/131/1309 1297/122/1299 1298/123/1298
f 1541/364/1540 367/367/367 1540/366/1541
f 1540/366/1541 1542/365/1542 1541/364/1540
f 1545/368/1543 1544/371/1544 1543/370/1545
f 1543/370/1545 1546/369/1546 1545/368/1543
f 1537/359/1535 1548/374/1547 1547/373/1548
f 1547/373/1548 1549/372/1549 1537/359/1535
f 1552/375/1550 1551/378/1551 1550/377/1552
f 1550/377/1552 1553/376/1553 1552/375/1550
f 381/379/379 1555/382/1554 1554/381/1555
f 1554/381/1555 380/380/380 381/379/379
f 367/367/367 384/384/384 1556/383/1556
f 1556/383/1556 1540/366/1541 367/367/367
f 1544/371/1544 1545/368/1543 1557/386/1557
f 1557/386/1557 1558/385/1558 1544/371/1544
f 1538/360/1538 1559/387/1559 1548/374/1547
f 1548/374/1547 1537/359/1535 1538/360/1538
f 1299/121/1297 1560/388/1560 1305/127/1305
f 1305/127/1305 1302/128/1304 1299/121/1297
f 1562/389/1561 1561/391/1562 1297/122/1299
f 1297/122/1299 1563/390/1563 1562/389/1561
f 1564/392/1564 1318/144/1320 1334/158/1335
f 1334/158/1335 1478/303/1480 1564/392/1564
f 1565/393/1565 396/396/396 393/395/395
f 393/395/395 1566/394/1566 1565/393/1565
f 1396/218/1394 1354/177/1353 1355/178/1355
f 397/397/397 1567/398/1567 1555/382/1554
f 1555/382/1554 381/379/379 397/397/397
f 401/399/399 1569/402/1568 1568/401/1569
f 1568/401/1569 400/400/400 401/399/399
f 1570/403/1570 406/406/406 403/405/405
f 403/405/405 1571/404/1571 1570/403/1570
f 408/407/407 409/409/409 1551/378/1551
f 1551/378/1551 1572/408/1572 408/407/407
f 1573/410/1573 411/411/411 396/396/396
f 396/396/396 1565/393/1565 1573/410/1573
f 1571/404/1571 1288/109/1289 1574/413/1574
f 1574/413/1574 1575/412/1575 1571/404/1571
f 1571/404/1571 403/405/405 106/108/108
f 106/108/108 1288/109/1289 1571/404/1571
f 400/400/400 1568/401/1569 1292/115/1292
f 1292/115/1292 114/116/116 400/400/400
f 1578/414/1576 1577/417/1577 1576/416/1578
f 1576/416/1578 1579/415/1579 1578/414/1576
f 1581/418/1580 1580/419/1581 1577/417/1577
f 1577/417/1577 1578/414/1576 1581/418/1580
f 1352/175/1351 1395/221/1395 1351/176/1352
f 1463/286/1463 1582/420/1582 1476/299/1475
f 1476/299/1475 1477/300/1477 1463/286/1463
f 1463/286/1463 1477/300/1477 1361/187/1362
f 1361/187/1362 1360/183/1359 1463/286/1463
f 1491/315/1491 1330/156/1332 1360/183/1359
f 1360/183/1359 1361/187/1362 1491/315/1491
f 1569/402/1568 1584/422/1583 1583/421/1584
f 1583/421/1584 1568/401/1569 1569/402/1568
f 1585/423/1585 1292/115/1292 1568/401/1569
f 1568/401/1569 1583/421/1584 1585/423/1585
f 1586/424/1586 116/114/114 1292/115/1292
f 1292/115/1292 1585/423/1585 1586/424/1586
f 393/395/395 426/426/426 1587/425/1587
f 1587/425/1587 1566/394/1566 393/395/395
f 1590/427/1588 1589/430/1589 1588/429/1590
f 1588/429/1590 1591/428/1591 1590/427/1588
f 1593/431/1592 1562/389/1561 1592/433/1593
f 1592/433/1593 1594/432/1594 1593/431/1592
f 1595/434/1595 1305/127/1305 1560/388/1560
f 1560/388/1560 1596/435/1596 1595/434/1595
f 1599/436/1597 1598/438/1598 1597/437/1599
f 1597/437/1599 1535/361/1537 1599/436/1597
f 1535/361/1537 1597/437/1599 1600/439/1600
f 1600/439/1600 1538/360/1538 1535/361/1537
f 1602/440/1601 1601/441/1602 1589/430/1589
f 1589/430/1589 1590/427/1588 1602/440/1601
f 1601/441/1602 1602/440/1601 1603/443/1603
f 1603/443/1603 1604/442/1604 1601/441/1602
f 1538/360/1538 1600/439/1600 1605/444/1605
f 1605/444/1605 1559/387/1559 1538/360/1538
f 1607/445/1606 1606/446/1607 1604/442/1604
f 1604/442/1604 1603/443/1603 1607/445/1606
f 1608/447/1608 450/450/450 447/449/449
f 447/449/449 1609/448/1609 1608/447/1608
f 451/451/451 1610/452/1610 1609/448/1609
f 1609/448/1609 447/449/449 451/451/451
f 1611/453/1611 1293/119/1295 1294/120/1294
f 1294/120/1294 1612/454/1612 1611/453/1611
f 1615/455/1613 1614/458/1614 1613/457/1615
f 1613/457/1615 1616/456/1616 1615/455/1613
f 1619/459/1617 1618/462/1618 1617/461/1619
f 1617/461/1619 1620/460/1620 1619/459/1617
f 1623/463/1621 1622/466/1622 1621/465/1623
f 1621/465/1623 1624/464/1624 1623/463/1621
f 1558/385/1558 1557/386/1557 1613/457/1615
f 1613/457/1615 1624/464/1624 1558/385/1558
f 1624/464/1624 1621/465/1623 1625/467/1625
f 1625/467/1625 1558/385/1558 1624/464/1624
f 1602/440/1601 1590/427/1588 1626/469/1626
f 1626/469/1626 1627/468/1627 1602/440/1601
f 1629/470/1628 1626/469/1626 1628/472/1629
f 1628/472/1629 1630/471/1630 1629/470/1628
f 1627/468/1627 1626/469/1626 1629/470/1628
f 1629/470/1628 1631/473/1631 1627/468/1627
f 1634/474/1632 1633/477/1633 1632/476/1634
f 1632/476/1634 1635/475/1635 1634/474/1632
f 1636/478/1636 1621/465/1623 1622/466/1622
f 1622/466/1622 1637/479/1637 1636/478/1636
f 1640/480/1638 1639/483/1639 1638/482/1640
f 1638/482/1640 1641/481/1641 1640/480/1638
f 1642/484/1642 1572/408/1572 1551/378/1551
f 1551/378/1551 1552/375/1550 1642/484/1642
f 409/409/409 485/485/485 1550/377/1552
f 1550/377/1552 1551/378/1551 409/409/409
f 1644/486/1643 1599/436/1597 1643/488/1644
f 1643/488/1644 1645/487/1645 1644/486/1643
f 1535/361/1537 1536/362/1536 1643/488/1644
f 1643/488/1644 1599/436/1597 1535/361/1537
f 1648/489/1646 1647/491/1647 1646/490/1648
f 1646/490/1648 1549/372/1549 1648/489/1646
f 1646/490/1648 1536/362/1536 1537/359/1535
f 1537/359/1535 1549/372/1549 1646/490/1648
f 1651/492/1649 1650/495/1650 1649/494/1651
f 1649/494/1651 1652/493/1652 1651/492/1649
f 1648/489/1646 1549/372/1549 1547/373/1548
f 1547/373/1548 1653/496/1653 1648/489/1646
f 1654/497/1654 1598/438/1598 1599/436/1597
f 1599/436/1597 1644/486/1643 1654/497/1654
f 1635/475/1635 1651/492/1649 1655/498/1655
f 1655/498/1655 1634/474/1632 1635/475/1635
f 1656/499/1656 1655/498/1655 1651/492/1649
f 1651/492/1649 1652/493/1652 1656/499/1656
f 1361/187/1362 1362/185/1361 1491/315/1491
f 1659/500/1657 1658/503/1658 1657/502/1659
f 1657/502/1659 1660/501/1660 1659/500/1657
f 1656/499/1656 1662/505/1661 1661/504/1662
f 1661/504/1662 1655/498/1655 1656/499/1656
f 1634/474/1632 1655/498/1655 1661/504/1662
f 1661/504/1662 1631/473/1631 1634/474/1632
f 1326/152/1328 1325/147/1325 1358/182/1358
f 1358/182/1358 1360/183/1359 1326/152/1328
f 1664/506/1663 1663/508/1664 1659/500/1657
f 1659/500/1657 1665/507/1665 1664/506/1663
f 1664/506/1663 1667/510/1666 1666/509/1667
f 1666/509/1667 1564/392/1564 1664/506/1663
f 1668/511/1668 1530/354/1530 1440/263/1439
f 1440/263/1439 1441/265/1441 1668/511/1668
f 1650/495/1650 1648/489/1646 1653/496/1653
f 1653/496/1653 1649/494/1651 1650/495/1650
f 1652/493/1652 1670/513/1669 1669/512/1670
f 1669/512/1670 1656/499/1656 1652/493/1652
f 1652/493/1652 1649/494/1651 1671/514/1671
f 1671/514/1671 1670/513/1669 1652/493/1652
f 1674/515/1672 1673/517/1673 1672/516/1674
f 1672/516/1674 1669/512/1670 1674/515/1672
f 1662/505/1661 1676/519/1675 1675/518/1676
f 1675/518/1676 1661/504/1662 1662/505/1661
f 1675/518/1676 1631/473/1631 1661/504/1662
f 1677/520/1677 1672/516/1674 1673/517/1673
f 1673/517/1673 1665/507/1665 1677/520/1677
f 1659/500/1657 1660/501/1660 1677/520/1677
f 1677/520/1677 1665/507/1665 1659/500/1657
f 1649/494/1651 1653/496/1653 1678/521/1678
f 1678/521/1678 1671/514/1671 1649/494/1651
f 1678/521/1678 1653/496/1653 1547/373/1548
f 1547/373/1548 1679/522/1679 1678/521/1678
f 1657/502/1659 1606/446/1607 1607/445/1606
f 1607/445/1606 1660/501/1660 1657/502/1659
f 1680/523/1680 1559/387/1559 1605/444/1605
f 1605/444/1605 1681/524/1681 1680/523/1680
f 1676/519/1675 1607/445/1606 1603/443/1603
f 1603/443/1603 1675/518/1676 1676/519/1675
f 1570/403/1570 1683/526/1682 1682/525/1683
f 1682/525/1683 1567/398/1567 1570/403/1570
f 1555/382/1554 1567/398/1567 1682/525/1683
f 1682/525/1683 1684/527/1684 1555/382/1554
f 1685/528/1685 1586/424/1586 1585/423/1585
f 1585/423/1585 1686/529/1686 1685/528/1685
f 1554/381/1555 1555/382/1554 1684/527/1684
f 1577/417/1577 1295/117/1293 1687/530/1687
f 1687/530/1687 1576/416/1578 1577/417/1577
f 1296/118/1296 1688/531/1688 1687/530/1687
f 1687/530/1687 1295/117/1293 1296/118/1296
f 1686/529/1686 1585/423/1585 1583/421/1584
f 1583/421/1584 1689/532/1689 1686/529/1686
f 1571/404/1571 1575/412/1575 1683/526/1682
f 1683/526/1682 1570/403/1570 1571/404/1571
f 1692/533/1690 1691/536/1691 1690/535/1692
f 1690/535/1692 1693/534/1693 1692/533/1690
f 1696/537/1694 1695/540/1695 1694/539/1696
f 1694/539/1696 1697/538/1697 1696/537/1694
f 1700/541/1698 1699/544/1699 1698/543/1700
f 1698/543/1700 1701/542/1701 1700/541/1698
f 1701/542/1701 1698/543/1700 1702/546/1702
f 1702/546/1702 1703/545/1703 1701/542/1701
f 1706/547/1704 1705/550/1705 1704/549/1706
f 1704/549/1706 1707/548/1707 1706/547/1704
f 1710/551/1708 1709/553/1709 1708/552/1710
f 1708/552/1710 1693/534/1693 1710/551/1708
f 1713/554/1711 1712/557/1712 1711/556/1713
f 1711/556/1713 1714/555/1714 1713/554/1711
f 1717/558/1715 1716/561/1716 1715/560/1717
f 1715/560/1717 1718/559/1718 1717/558/1715
f 1716/561/1716 1720/563/1719 1719/562/1720
f 1719/562/1720 1715/560/1717 1716/561/1716
f 1721/564/1721 1690/535/1692 1691/536/1691
f 1691/536/1691 1722/565/1722 1721/564/1721
f 1725/566/1723 1724/569/1724 1723/568/1725
f 1723/568/1725 1726/567/1726 1725/566/1723
f 1729/570/1727 1728/573/1728 1727/572/1729
f 1727/572/1729 1730/571/1730 1729/570/1727
f 1733/574/1731 1732/577/1732 1731/576/1733
f 1731/576/1733 1734/575/1734 1733/574/1731
f 1734/575/1734 1731/576/1733 1735/579/1735
f 1735/579/1735 1736/578/1736 1734/575/1734
f 1737/580/1737 1730/571/1730 1727/572/1729
f 1727/572/1729 1738/581/1738 1737/580/1737
f 1741/582/1739 1740/585/1740 1739/584/1741
f 1739/584/1741 1742/583/1742 1741/582/1739
f 1745/586/1743 1744/589/1744 1743/588/1745
f 1743/588/1745 1746/587/1746 1745/586/1743
f 1749/590/1747 1748/593/1748 1747/592/1749
f 1747/592/1749 1750/591/1750 1749/590/1747
f 1753/594/1751 1752/596/1752 1751/595/1753
f 1756/597/1754 1755/600/1755 1754/599/1756
f 1754/599/1756 1757/598/1757 1756/597/1754
f 1760/601/1758 1759/604/1759 1758/603/1760
f 1758/603/1760 1761/602/1761 1760/601/1758
f 1764/605/1762 1763/607/1763 1762/606/1764
f 1767/608/1765 1766/610/1766 1765/609/1767
f 1770/611/1768 1769/614/1769 1768/613/1770
f 1768/613/1770 1771/612/1771 1770/611/1768
f 1744/589/1744 1773/616/1772 1772/615/1773
f 1772/615/1773 1743/588/1745 1744/589/1744
f 1739/584/1741 1775/618/1774 1774/617/1775
f 1765/609/1767 1766/610/1766 1776/619/1776
f 1740/585/1740 1778/621/1777 1777/620/1778
f 1777/620/1778 1739/584/1741 1740/585/1740
f 1747/592/1749 1770/611/1768 1779/622/1779
f 1779/622/1779 1767/608/1765 1747/592/1749
f 1743/588/1745 1781/624/1780 1780/623/1781
f 1780/623/1781 1746/587/1746 1743/588/1745
f 1770/611/1768 1747/592/1749 1748/593/1748
f 1748/593/1748 1769/614/1769 1770/611/1768
f 1781/624/1780 1743/588/1745 1772/615/1773
f 1772/615/1773 1782/625/1782 1781/624/1780
f 1784/626/1783 1783/627/1784 1751/595/1753
f 1751/595/1753 1752/596/1752 1784/626/1783
f 1787/628/1785 1786/630/1786 1785/629/1787
f 1785/629/1787 1757/598/1757 1787/628/1785
f 1790/631/1788 1789/633/1789 1788/632/1790
f 1788/632/1790 1761/602/1761 1790/631/1788
f 1776/619/1776 1766/610/1766 1791/635/1791
f 1791/635/1791 1792/634/1792 1776/619/1776
f 1741/582/1739 1742/583/1742 1793/637/1793
f 1793/637/1793 1794/636/1794 1741/582/1739
f 1797/638/1795 1796/641/1796 1795/640/1797
f 1795/640/1797 1798/639/1798 1797/638/1795
f 1801/642/1799 1800/645/1800 1799/644/1801
f 1799/644/1801 1802/643/1802 1801/642/1799
f 1803/646/1803 1799/644/1801 1800/645/1800
f 1800/645/1800 1804/647/1804 1803/646/1803
f 1773/616/1772 1744/589/1744 1805/649/1805
f 1805/649/1805 1806/648/1806 1773/616/1772
f 1807/650/1807 1805/649/1805 1744/589/1744
f 1744/589/1744 1745/586/1743 1807/650/1807
f 1810/651/1808 1809/654/1809 1808/653/1810
f 1808/653/1810 1811/652/1811 1810/651/1808
f 1814/655/1812 1813/658/1813 1812/657/1814
f 1812/657/1814 1815/656/1815 1814/655/1812
f 1818/659/1816 1817/661/1817 1816/660/1818
f 1816/660/1818 1773/616/1772 1818/659/1816
f 1813/658/1813 1814/655/1812 1819/663/1819
f 1819/663/1819 1820/662/1820 1813/658/1813
f 1823/664/1821 1822/667/1822 1821/666/1823
f 1821/666/1823 1824/665/1824 1823/664/1821
f 1827/668/1825 1826/671/1826 1825/670/1827
f 1825/670/1827 1828/669/1828 1827/668/1825
f 1831/672/1829 1830/675/1830 1829/674/1831
f 1829/674/1831 1832/673/1832 1831/672/1829
f 1826/671/1826 1827/668/1825 1833/677/1833
f 1833/677/1833 1834/676/1834 1826/671/1826
f 1837/678/1835 1836/681/1836 1835/680/1837
f 1835/680/1837 1838/679/1838 1837/678/1835
f 1841/682/1839 1840/685/1840 1839/684/1841
f 1839/684/1841 1842/683/1842 1841/682/1839
f 1843/686/1843 1774/617/1775 1775/618/1774
f 1775/618/1774 1844/687/1844 1843/686/1843
f 1840/685/1840 1841/682/1839 1845/689/1845
f 1845/689/1845 1846/688/1846 1840/685/1840
f 1849/690/1847 1848/692/1848 1847/691/1849
f 1847/691/1849 1796/641/1796 1849/690/1847
f 1796/641/1796 1797/638/1795 1850/693/1850
f 1850/693/1850 1849/690/1847 1796/641/1796
f 1793/637/1793 1852/695/1851 1851/694/1852
f 1851/694/1852 1794/636/1794 1793/637/1793
f 1802/643/1802 1799/644/1801 1853/697/1853
f 1853/697/1853 1854/696/1854 1802/643/1802
f 1855/698/1855 1853/697/1853 1799/644/1801
f 1799/644/1801 1803/646/1803 1855/698/1855
f 1857/699/1856 1856/700/1857 1806/648/1806
f 1806/648/1806 1805/649/1805 1857/699/1856
f 1807/650/1807 1858/701/1858 1857/699/1856
f 1857/699/1856 1805/649/1805 1807/650/1807
f 1808/653/1810 1860/703/1859 1859/702/1860
f 1859/702/1860 1811/652/1811 1808/653/1810
f 1862/704/1861 1861/705/1862 1815/656/1815
f 1815/656/1815 1812/657/1814 1862/704/1861
f 1818/659/1816 1864/707/1863 1863/706/1864
f 1863/706/1864 1817/661/1817 1818/659/1816
f 1821/666/1823 1866/709/1865 1865/708/1866
f 1865/708/1866 1824/665/1824 1821/666/1823
f 1825/670/1827 1868/711/1867 1867/710/1868
f 1867/710/1868 1828/669/1828 1825/670/1827
f 1832/673/1832 1870/713/1869 1869/712/1870
f 1869/712/1870 1831/672/1829 1832/673/1832
f 1837/678/1835 1872/715/1871 1871/714/1872
f 1871/714/1872 1836/681/1836 1837/678/1835
f 1839/684/1841 1874/717/1873 1873/716/1874
f 1873/716/1874 1842/683/1842 1839/684/1841
f 1875/718/1875 1843/686/1843 1844/687/1844
f 1844/687/1844 1876/719/1876 1875/718/1875
f 1849/690/1847 1878/721/1877 1877/720/1878
f 1877/720/1878 1848/692/1848 1849/690/1847
f 1850/693/1850 1879/722/1879 1878/721/1877
f 1878/721/1877 1849/690/1847 1850/693/1850
f 1882/723/1880 1881/726/1881 1880/725/1882
f 1880/725/1882 1883/724/1883 1882/723/1880
f 1884/727/1884 1881/726/1881 1882/723/1880
f 1882/723/1880 1885/728/1885 1884/727/1884
f 1887/729/1886 1886/730/1887 1760/601/1758
f 1760/601/1758 1792/634/1792 1887/729/1886
f 1792/634/1792 1788/632/1790 1789/633/1789
f 1789/633/1789 1776/619/1776 1792/634/1792
f 1795/640/1797 1889/733/1888 1888/732/1889
f 1888/732/1889 1890/731/1890 1795/640/1797
f 1891/734/1891 1889/733/1888 1795/640/1797
f 1795/640/1797 1796/641/1796 1891/734/1891
f 1763/607/1763 1892/735/1892 1762/606/1764
f 1779/622/1779 1791/635/1791 1766/610/1766
f 1766/610/1766 1767/608/1765 1779/622/1779
f 1893/736/1893 1836/681/1836 1871/714/1872
f 1871/714/1872 1894/737/1894 1893/736/1893
f 1835/680/1837 1836/681/1836 1893/736/1893
f 1893/736/1893 1895/738/1895 1835/680/1837
f 1758/603/1760 1896/739/1896 1756/597/1754
f 1756/597/1754 1761/602/1761 1758/603/1760
f 1761/602/1761 1785/629/1787 1786/630/1786
f 1786/630/1786 1790/631/1788 1761/602/1761
f 1897/740/1897 1824/665/1824 1865/708/1866
f 1865/708/1866 1898/741/1898 1897/740/1897
f 1823/664/1821 1824/665/1824 1897/740/1897
f 1897/740/1897 1899/742/1899 1823/664/1821
f 1754/599/1756 1900/743/1900 1753/594/1751
f 1753/594/1751 1757/598/1757 1754/599/1756
f 1757/598/1757 1751/595/1753 1783/627/1784
f 1783/627/1784 1787/628/1785 1757/598/1757
f 1783/627/1784 1901/744/1901 1787/628/1785
f 1859/702/1860 1903/746/1902 1902/745/1903
f 1902/745/1903 1811/652/1811 1859/702/1860
f 1902/745/1903 1904/747/1904 1810/651/1808
f 1810/651/1808 1811/652/1811 1902/745/1903
f 1906/748/1905 1905/750/1906 1752/596/1752
f 1752/596/1752 1907/749/1907 1906/748/1905
f 1908/751/1908 1784/626/1783 1752/596/1752
f 1752/596/1752 1905/750/1906 1908/751/1908
f 1901/744/1901 1783/627/1784 1784/626/1783
f 1784/626/1783 1909/752/1909 1901/744/1901
f 1909/752/1909 1911/754/1910 1910/753/1911
f 1910/753/1911 1901/744/1901 1909/752/1909
f 1914/755/1912 1913/758/1913 1912/757/1914
f 1912/757/1914 1915/756/1915 1914/755/1912
f 1913/758/1913 1914/755/1912 1916/760/1916
f 1916/760/1916 1917/759/1917 1913/758/1913
f 1917/759/1917 1916/760/1916 1918/762/1918
f 1918/762/1918 1919/761/1919 1917/759/1917
f 1735/579/1735 1920/763/1920 1749/590/1747
f 1749/590/1747 1750/591/1750 1735/579/1735
f 1750/591/1750 1765/609/1767 1921/764/1921
f 1921/764/1921 1735/579/1735 1750/591/1750
f 1923/765/1922 1922/766/1923 1921/764/1921
f 1921/764/1921 1765/609/1767 1923/765/1922
f 1926/767/1924 1925/770/1925 1924/769/1926
f 1924/769/1926 1927/768/1927 1926/767/1924
f 1927/768/1927 1924/769/1926 1908/751/1908
f 1908/751/1908 1928/771/1928 1927/768/1927
f 1928/771/1928 1908/751/1908 1905/750/1906
f 1905/750/1906 1929/772/1929 1928/771/1928
f 1929/772/1929 1905/750/1906 1906/748/1905
f 1906/748/1905 1930/773/1930 1929/772/1929
f 1931/774/1931 1904/747/1904 1902/745/1903
f 1902/745/1903 1932/775/1932 1931/774/1931
f 1749/590/1747 1920/763/1920 1919/761/1919
f 1919/761/1919 1918/762/1918 1749/590/1747
f 1748/593/1748 1778/621/1777 1740/585/1740
f 1740/585/1740 1769/614/1769 1748/593/1748
f 1769/614/1769 1740/585/1740 1741/582/1739
f 1741/582/1739 1768/613/1770 1769/614/1769
f 1768/613/1770 1741/582/1739 1794/636/1794
f 1794/636/1794 1933/776/1933 1768/613/1770
f 1933/776/1933 1794/636/1794 1851/694/1852
f 1851/694/1852 1934/777/1934 1933/776/1933
f 1845/689/1845 1882/723/1880 1883/724/1883
f 1883/724/1883 1935/778/1935 1845/689/1845
f 1845/689/1845 1841/682/1839 1885/728/1885
f 1885/728/1885 1882/723/1880 1845/689/1845
f 1936/779/1936 1760/601/1758 1886/730/1887
f 1936/779/1936 1759/604/1759 1760/601/1758
f 1838/679/1838 1841/682/1839 1842/683/1842
f 1842/683/1842 1837/678/1835 1838/679/1838
f 1872/715/1871 1837/678/1835 1842/683/1842
f 1842/683/1842 1873/716/1874 1872/715/1871
f 1833/677/1833 1893/736/1893 1894/737/1894
f 1894/737/1894 1937/780/1937 1833/677/1833
f 1833/677/1833 1827/668/1825 1895/738/1895
f 1895/738/1895 1893/736/1893 1833/677/1833
f 1938/781/1938 1756/597/1754 1896/739/1896
f 1938/781/1938 1755/600/1755 1756/597/1754
f 1822/667/1822 1827/668/1825 1828/669/1828
f 1828/669/1828 1821/666/1823 1822/667/1822
f 1866/709/1865 1821/666/1823 1828/669/1828
f 1828/669/1828 1867/710/1868 1866/709/1865
f 1819/663/1819 1897/740/1897 1898/741/1898
f 1898/741/1898 1939/782/1939 1819/663/1819
f 1819/663/1819 1814/655/1812 1899/742/1899
f 1899/742/1899 1897/740/1897 1819/663/1819
f 1940/783/1940 1753/594/1751 1900/743/1900
f 1940/783/1940 1941/784/1941 1753/594/1751
f 1809/654/1809 1814/655/1812 1815/656/1815
f 1815/656/1815 1808/653/1810 1809/654/1809
f 1860/703/1859 1808/653/1810 1815/656/1815
f 1815/656/1815 1861/705/1862 1860/703/1859
f 1848/692/1848 1877/720/1878 1880/725/1882
f 1880/725/1882 1881/726/1881 1848/692/1848
f 1848/692/1848 1881/726/1881 1884/727/1884
f 1884/727/1884 1847/691/1849 1848/692/1848
f 1764/605/1762 1887/729/1886 1792/634/1792
f 1792/634/1792 1763/607/1763 1764/605/1762
f 1942/785/1942 1892/735/1892 1763/607/1763
f 1763/607/1763 1779/622/1779 1942/785/1942
f 1801/642/1799 1802/643/1802 1889/733/1888
f 1889/733/1888 1891/734/1891 1801/642/1799
f 1889/733/1888 1802/643/1802 1854/696/1854
f 1854/696/1854 1888/732/1889 1889/733/1888
f 1753/594/1751 1941/784/1941 1907/749/1907
f 1907/749/1907 1752/596/1752 1753/594/1751
f 1751/595/1753 1757/598/1757 1753/594/1751
f 1756/597/1754 1757/598/1757 1785/629/1787
f 1785/629/1787 1761/602/1761 1756/597/1754
f 1760/601/1758 1761/602/1761 1788/632/1790
f 1788/632/1790 1792/634/1792 1760/601/1758
f 1763/607/1763 1792/634/1792 1791/635/1791
f 1791/635/1791 1779/622/1779 1763/607/1763
f 1863/706/1864 1944/787/1943 1943/786/1944
f 1943/786/1944 1817/661/1817 1863/706/1864
f 1817/661/1817 1943/786/1944 1829/674/1831
f 1829/674/1831 1816/660/1818 1817/661/1817
f 1869/712/1870 1946/789/1945 1945/788/1946
f 1945/788/1946 1831/672/1829 1869/712/1870
f 1945/788/1946 1775/618/1774 1830/675/1830
f 1830/675/1830 1831/672/1829 1945/788/1946
f 1775/618/1774 1739/584/1741 1947/790/1947
f 1947/790/1947 1830/675/1830 1775/618/1774
f 1843/686/1843 1875/718/1875 1948/792/1948
f 1948/792/1948 1949/791/1949 1843/686/1843
f 1949/791/1949 1742/583/1742 1774/617/1775
f 1774/617/1775 1843/686/1843 1949/791/1949
f 1798/639/1798 1795/640/1797 1890/731/1890
f 1890/731/1890 1950/793/1950 1798/639/1798
f 1846/688/1846 1845/689/1845 1935/778/1935
f 1935/778/1935 1951/794/1951 1846/688/1846
f 1834/676/1834 1833/677/1833 1937/780/1937
f 1937/780/1937 1952/795/1952 1834/676/1834
f 1820/662/1820 1819/663/1819 1939/782/1939
f 1939/782/1939 1953/796/1953 1820/662/1820
f 1954/797/1954 1932/775/1932 1902/745/1903
f 1902/745/1903 1903/746/1902 1954/797/1954
f 1852/695/1851 1955/798/1955 1851/694/1852
f 1956/799/1956 1854/696/1854 1853/697/1853
f 1853/697/1853 1957/800/1957 1956/799/1956
f 1957/800/1957 1853/697/1853 1855/698/1855
f 1855/698/1855 1958/801/1958 1957/800/1957
f 1857/699/1856 1858/701/1858 1959/802/1959
f 1960/803/1960 1861/705/1862 1862/704/1861
f 1862/704/1861 1961/804/1961 1960/803/1960
f 1864/707/1863 1962/805/1962 1863/706/1864
f 1963/806/1963 1865/708/1866 1866/709/1865
f 1866/709/1865 1964/807/1964 1963/806/1963
f 1964/807/1964 1867/710/1868 1868/711/1867
f 1868/711/1867 1965/808/1965 1964/807/1964
f 1870/713/1869 1966/809/1966 1869/712/1870
f 1967/810/1967 1871/714/1872 1872/715/1871
f 1872/715/1871 1968/811/1968 1967/810/1967
f 1968/811/1968 1873/716/1874 1874/717/1873
f 1874/717/1873 1969/812/1969 1968/811/1968
f 1876/719/1876 1970/813/1970 1875/718/1875
f 1971/814/1971 1878/721/1877 1879/722/1879
f 1879/722/1879 1972/815/1972 1971/814/1971
f 1973/816/1973 1883/724/1883 1880/725/1882
f 1880/725/1882 1974/817/1974 1973/816/1973
f 1975/818/1975 1890/731/1890 1888/732/1889
f 1888/732/1889 1956/799/1956 1975/818/1975
f 1976/819/1976 1894/737/1894 1871/714/1872
f 1871/714/1872 1967/810/1967 1976/819/1976
f 1977/820/1977 1898/741/1898 1865/708/1866
f 1865/708/1866 1963/806/1963 1977/820/1977
f 1978/821/1978 1903/746/1902 1859/702/1860
f 1859/702/1860 1979/822/1979 1978/821/1978
f 1979/822/1979 1860/703/1859 1861/705/1862
f 1861/705/1862 1960/803/1960 1979/822/1979
f 1974/817/1974 1880/725/1882 1877/720/1878
f 1877/720/1878 1971/814/1971 1974/817/1974
f 1980/823/1980 1950/793/1950 1890/731/1890
f 1890/731/1890 1975/818/1975 1980/823/1980
f 1981/824/1981 1951/794/1951 1935/778/1935
f 1935/778/1935 1973/816/1973 1981/824/1981
f 1982/825/1982 1952/795/1952 1937/780/1937
f 1937/780/1937 1976/819/1976 1982/825/1982
f 1983/826/1983 1953/796/1953 1939/782/1939
f 1939/782/1939 1977/820/1977 1983/826/1983
f 1984/827/1984 1954/797/1954 1903/746/1902
f 1903/746/1902 1978/821/1978 1984/827/1984
f 1985/828/1985 1734/575/1734 1736/578/1736
f 1736/578/1736 1986/829/1986 1985/828/1985
f 1987/830/1987 1733/574/1731 1734/575/1734
f 1734/575/1734 1985/828/1985 1987/830/1987
f 1724/569/1724 1725/566/1723 1925/770/1925
f 1925/770/1925 1988/831/1988 1724/569/1724
f 1989/832/1989 1727/572/1729 1728/573/1728
f 1728/573/1728 1990/833/1990 1989/832/1989
f 1989/832/1989 1991/834/1991 1738/581/1738
f 1738/581/1738 1727/572/1729 1989/832/1989
f 1993/835/1992 1992/836/1993 1986/829/1986
f 1986/829/1986 1736/578/1736 1993/835/1992
f 1922/766/1923 1994/837/1994 1993/835/1992
f 1993/835/1992 1921/764/1921 1922/766/1923
f 1912/757/1914 1913/758/1913 1995/839/1995
f 1995/839/1995 1996/838/1996 1912/757/1914
f 1913/758/1913 1917/759/1917 1997/840/1997
f 1997/840/1997 1995/839/1995 1913/758/1913
f 1999/841/1998 1998/842/1999 1919/761/1919
f 1919/761/1919 1920/763/1920 1999/841/1998
f 1996/838/1996 1995/839/1995 2000/843/2000
f 1989/832/1989 2000/843/2000 2001/844/2001
f 2001/844/2001 1991/834/1991 1989/832/1989
f 1979/822/1979 1859/702/1860 1860/703/1859
f 1971/814/1971 1877/720/1878 1878/721/1877
f 1973/816/1973 1935/778/1935 1883/724/1883
f 1968/811/1968 1872/715/1871 1873/716/1874
f 1976/819/1976 1937/780/1937 1894/737/1894
f 1964/807/1964 1866/709/1865 1867/710/1868
f 1977/820/1977 1939/782/1939 1898/741/1898
f 1956/799/1956 1888/732/1889 1854/696/1854
f 1771/612/1771 1942/785/1942 1779/622/1779
f 1790/631/1788 1786/630/1786 1901/744/1901
f 1901/744/1901 1923/765/1922 1790/631/1788
f 1770/611/1768 1771/612/1771 1779/622/1779
f 1742/583/1742 1739/584/1741 1774/617/1775
f 1735/579/1735 1731/576/1733 1999/841/1998
f 1999/841/1998 1920/763/1920 1735/579/1735
f 2002/845/2002 1988/831/1988 1925/770/1925
f 1925/770/1925 1926/767/1924 2002/845/2002
f 2005/846/2003 2004/849/2004 2003/848/2005
f 2003/848/2005 2006/847/2006 2005/846/2003
f 1730/571/1730 1737/580/1737 2007/851/2007
f 2007/851/2007 2008/850/2008 1730/571/1730
f 1706/547/1704 1707/548/1707 2009/853/2009
f 2009/853/2009 2010/852/2010 1706/547/1704
f 2013/854/2011 2012/857/2012 2011/856/2013
f 2011/856/2013 2014/855/2014 2013/854/2011
f 2013/854/2011 1700/541/1698 1701/542/1701
f 1701/542/1701 2012/857/2012 2013/854/2011
f 1703/545/1703 2015/858/2015 2012/857/2012
f 2012/857/2012 1701/542/1701 1703/545/1703
f 2018/859/2016 2017/862/2017 2016/861/2018
f 2016/861/2018 2019/860/2019 2018/859/2016
f 1694/539/1696 2021/865/2020 2020/864/2021
f 2020/864/2021 2022/863/2022 1694/539/1696
f 1695/540/1695 2023/866/2023 2021/865/2020
f 2021/865/2020 1694/539/1696 1695/540/1695
f 2016/861/2018 2024/867/2024 2023/866/2023
f 2023/866/2023 1695/540/1695 2016/861/2018
f 2017/862/2017 2025/868/2025 2024/867/2024
f 2024/867/2024 2016/861/2018 2017/862/2017
f 2003/848/2005 2004/849/2004 2026/870/2026
f 2026/870/2026 2027/869/2027 2003/848/2005
f 2030/871/2028 2029/874/2029 2028/873/2030
f 2028/873/2030 2031/872/2031 2030/871/2028
f 2033/875/2032 2032/876/2033 2008/850/2008
f 2008/850/2008 1704/549/1706 2033/875/2032
f 1738/581/1738 1991/834/1991 1732/577/1732
f 1732/577/1732 1733/574/1731 1738/581/1738
f 1737/580/1737 1738/581/1738 1733/574/1731
f 1733/574/1731 1987/830/1987 1737/580/1737
f 2001/844/2001 2034/877/2034 1732/577/1732
f 1732/577/1732 1991/834/1991 2001/844/2001
f 2036/878/2035 2035/879/2036 2015/858/2015
f 2015/858/2015 1703/545/1703 2036/878/2035
f 2037/880/2037 2036/878/2035 1703/545/1703
f 1703/545/1703 1702/546/1702 2037/880/2037
f 1997/840/1997 1917/759/1917 1919/761/1919
f 1919/761/1919 1998/842/1999 1997/840/1997
f 2039/881/2038 2038/882/2039 2014/855/2014
f 2014/855/2014 2011/856/2013 2039/881/2038
f 2029/874/2029 1994/837/1994 2040/883/2040
f 2040/883/2040 2028/873/2030 2029/874/2029
f 2041/884/2041 2040/883/2040 1910/753/1911
f 1910/753/1911 1911/754/1910 2041/884/2041
f 2043/885/2042 2005/846/2003 2042/887/2043
f 2042/887/2043 2044/886/2044 2043/885/2042
f 1750/591/1750 1747/592/1749 1767/608/1765
f 1767/608/1765 1765/609/1767 1750/591/1750
f 1697/538/1697 2046/889/2045 2045/888/2046
f 2045/888/2046 1696/537/1694 1697/538/1697
f 1736/578/1736 1735/579/1735 1921/764/1921
f 1921/764/1921 1993/835/1992 1736/578/1736
f 1986/829/1986 2048/891/2047 2047/890/2048
f 2047/890/2048 1985/828/1985 1986/829/1986
f 1985/828/1985 2047/890/2048 2049/892/2049
f 2049/892/2049 1987/830/1987 1985/828/1985
f 2051/893/2050 2050/894/2051 1726/567/1726
f 1726/567/1726 1723/568/1725 2051/893/2050
f 2008/850/2008 2032/876/2033 1729/570/1727
f 1729/570/1727 1730/571/1730 2008/850/2008
f 1987/830/1987 2049/892/2049 2007/851/2007
f 2007/851/2007 1737/580/1737 1987/830/1987
f 1704/549/1706 2008/850/2008 2007/851/2007
f 2007/851/2007 1707/548/1707 1704/549/1706
f 2048/891/2047 2053/897/2052 2052/896/2053
f 2052/896/2053 2054/895/2054 2048/891/2047
f 1707/548/1707 2007/851/2007 2049/892/2049
f 2049/892/2049 2009/853/2009 1707/548/1707
f 2055/898/2055 2033/875/2032 1704/549/1706
f 1704/549/1706 1705/550/1705 2055/898/2055
f 2009/853/2009 2049/892/2049 2047/890/2048
f 2047/890/2048 2056/899/2056 2009/853/2009
f 2056/899/2056 2047/890/2048 2048/891/2047
f 2048/891/2047 2054/895/2054 2056/899/2056
f 2013/854/2011 2014/855/2014 2057/901/2057
f 2057/901/2057 2058/900/2058 2013/854/2011
f 2060/902/2059 2059/903/2060 1714/555/1714
f 1714/555/1714 1711/556/1713 2060/902/2059
f 2011/856/2013 2012/857/2012 2015/858/2015
f 2015/858/2015 2061/904/2061 2011/856/2013
f 2064/905/2062 2063/908/2063 2062/907/2064
f 2062/907/2064 2065/906/2065 2064/905/2062
f 2061/904/2061 2015/858/2015 2035/879/2036
f 2035/879/2036 2066/909/2066 2061/904/2061
f 2067/910/2067 2028/873/2030 2040/883/2040
f 2040/883/2040 2041/884/2041 2067/910/2067
f 2068/911/2068 2031/872/2031 2028/873/2030
f 2028/873/2030 2067/910/2067 2068/911/2068
f 2070/912/2069 2069/913/2070 2058/900/2058
f 2058/900/2058 2018/859/2016 2070/912/2069
f 2072/914/2071 2071/915/2072 2044/886/2044
f 2044/886/2044 2042/887/2043 2072/914/2071
f 2073/916/2073 2072/914/2071 2042/887/2043
f 2042/887/2043 2074/917/2074 2073/916/2073
f 2074/917/2074 2075/918/2075 2073/916/2073
f 2076/919/2076 2075/918/2075 2074/917/2074
f 2074/917/2074 2006/847/2006 2076/919/2076
f 2072/914/2071 1713/554/1711 1714/555/1714
f 1714/555/1714 2071/915/2072 2072/914/2071
f 1714/555/1714 2059/903/2060 2077/920/2077
f 2077/920/2077 2071/915/2072 1714/555/1714
f 2006/847/2006 2074/917/2074 2042/887/2043
f 2042/887/2043 2005/846/2003 2006/847/2006
f 2043/885/2042 2078/921/2078 2004/849/2004
f 2004/849/2004 2005/846/2003 2043/885/2042
f 2003/848/2005 2027/869/2027 2076/919/2076
f 2076/919/2076 2006/847/2006 2003/848/2005
f 2025/868/2025 2017/862/2017 2078/921/2078
f 2078/921/2078 2043/885/2042 2025/868/2025
f 2026/870/2026 2079/922/2079 2052/896/2053
f 2052/896/2053 2027/869/2027 2026/870/2026
f 2075/918/2075 2076/919/2076 2031/872/2031
f 1901/744/1901 1910/753/1911 1922/766/1923
f 1922/766/1923 1923/765/1922 1901/744/1901
f 1910/753/1911 2040/883/2040 1994/837/1994
f 1994/837/1994 1922/766/1923 1910/753/1911
f 2030/871/2028 2053/897/2052 1992/836/1993
f 1992/836/1993 2029/874/2029 2030/871/2028
f 1992/836/1993 1993/835/1992 1994/837/1994
f 1994/837/1994 2029/874/2029 1992/836/1993
f 2076/919/2076 2027/869/2027 2030/871/2028
f 2030/871/2028 2031/872/2031 2076/919/2076
f 2027/869/2027 2052/896/2053 2053/897/2052
f 2053/897/2052 2030/871/2028 2027/869/2027
f 1776/619/1776 1789/633/1789 1923/765/1922
f 2000/843/2000 1989/832/1989 1990/833/1990
f 1990/833/1990 1996/838/1996 2000/843/2000
f 2000/843/2000 1995/839/1995 1997/840/1997
f 1997/840/1997 2001/844/2001 2000/843/2000
f 2001/844/2001 1997/840/1997 1998/842/1999
f 1998/842/1999 2034/877/2034 2001/844/2001
f 2031/872/2031 2068/911/2068 2073/916/2073
f 2073/916/2073 2075/918/2075 2031/872/2031
f 2022/863/2022 2080/923/2080 1697/538/1697
f 1697/538/1697 1694/539/1696 2022/863/2022
f 2046/889/2045 1697/538/1697 2080/923/2080
f 2080/923/2080 2081/924/2081 2046/889/2045
f 1999/841/1998 1731/576/1733 1732/577/1732
f 1732/577/1732 2034/877/2034 1999/841/1998
f 1999/841/1998 2034/877/2034 1998/842/1999
f 1772/615/1773 1947/790/1947 2082/925/2082
f 2082/925/2082 1782/625/1782 1772/615/1773
f 1773/616/1772 1816/660/1818 1772/615/1773
f 2082/925/2082 1947/790/1947 1739/584/1741
f 1739/584/1741 1777/620/1778 2082/925/2082
f 1947/790/1947 1772/615/1773 1816/660/1818
f 1816/660/1818 1829/674/1831 1947/790/1947
f 1947/790/1947 1829/674/1831 1830/675/1830
f 1782/625/1782 2084/927/2083 2083/926/2084
f 2083/926/2084 1781/624/1780 1782/625/1782
f 1782/625/1782 2082/925/2082 2085/928/2085
f 2085/928/2085 2084/927/2083 1782/625/1782
f 1781/624/1780 2083/926/2084 1780/623/1781
f 2084/927/2083 2085/928/2085 1916/760/1916
f 1916/760/1916 1914/755/1912 2084/927/2083
f 1914/755/1912 1915/756/1915 2083/926/2084
f 2083/926/2084 2084/927/2083 1914/755/1912
f 2083/926/2084 1915/756/1915 1780/623/1781
f 1778/621/1777 2087/930/2086 2086/929/2087
f 2086/929/2087 1777/620/1778 1778/621/1777
f 2086/929/2087 2087/930/2086 1918/762/1918
f 1918/762/1918 1916/760/1916 2086/929/2087
f 1748/593/1748 1749/590/1747 2087/930/2086
f 2087/930/2086 1778/621/1777 1748/593/1748
f 1918/762/1918 2087/930/2086 1749/590/1747
f 2086/929/2087 1916/760/1916 2085/928/2085
f 2086/929/2087 2085/928/2085 2082/925/2082
f 2082/925/2082 1777/620/1778 2086/929/2087
f 2061/904/2061 2010/852/2010 2039/881/2038
f 2039/881/2038 2011/856/2013 2061/904/2061
f 2039/881/2038 2056/899/2056 2054/895/2054
f 2054/895/2054 2038/882/2039 2039/881/2038
f 2010/852/2010 2009/853/2009 2056/899/2056
f 2056/899/2056 2039/881/2038 2010/852/2010
f 2019/860/2019 2016/861/2018 1695/540/1695
f 1695/540/1695 1696/537/1694 2019/860/2019
f 2067/910/2067 1726/567/1726 2050/894/2051
f 2050/894/2051 2068/911/2068 2067/910/2067
f 2041/884/2041 1725/566/1723 1726/567/1726
f 1726/567/1726 2067/910/2067 2041/884/2041
f 1911/754/1910 1925/770/1925 1725/566/1723
f 1725/566/1723 2041/884/2041 1911/754/1910
f 1924/769/1926 1925/770/1925 1911/754/1910
f 1911/754/1910 1909/752/1909 1924/769/1926
f 1908/751/1908 1924/769/1926 1909/752/1909
f 1909/752/1909 1784/626/1783 1908/751/1908
f 2044/886/2044 2088/931/2088 2025/868/2025
f 2025/868/2025 2043/885/2042 2044/886/2044
f 1713/554/1711 2072/914/2071 2073/916/2073
f 2073/916/2073 2089/932/2089 1713/554/1711
f 2089/932/2089 2073/916/2073 2068/911/2068
f 2068/911/2068 2050/894/2051 2089/932/2089
f 2004/849/2004 2078/921/2078 2090/933/2090
f 2090/933/2090 2026/870/2026 2004/849/2004
f 2091/934/2091 2024/867/2024 2025/868/2025
f 2025/868/2025 2088/931/2088 2091/934/2091
f 2088/931/2088 2044/886/2044 2071/915/2072
f 2071/915/2072 2077/920/2077 2088/931/2088
f 2092/935/2092 1716/561/1716 1717/558/1715
f 1717/558/1715 2093/936/2093 2092/935/2092
f 2079/922/2079 2038/882/2039 2054/895/2054
f 2054/895/2054 2052/896/2053 2079/922/2079
f 2079/922/2079 2057/901/2057 2014/855/2014
f 2014/855/2014 2038/882/2039 2079/922/2079
f 1986/829/1986 1992/836/1993 2053/897/2052
f 2053/897/2052 2048/891/2047 1986/829/1986
f 2090/933/2090 2057/901/2057 2079/922/2079
f 2079/922/2079 2026/870/2026 2090/933/2090
f 2051/893/2050 2094/937/2094 2089/932/2089
f 2089/932/2089 2050/894/2051 2051/893/2050
f 2095/938/2095 939/939/939 450/450/450
f 450/450/450 1608/447/1608 2095/938/2095
f 1713/554/1711 2089/932/2089 2094/937/2094
f 2094/937/2094 1712/557/1712 1713/554/1711
f 1584/422/1583 1579/415/1579 1689/532/1689
f 1689/532/1689 1583/421/1584 1584/422/1583
f 2021/865/2020 2092/935/2092 2093/936/2093
f 2093/936/2093 2020/864/2021 2021/865/2020
f 1603/443/1603 1602/440/1601 1627/468/1627
f 1627/468/1627 1675/518/1676 1603/443/1603
f 1675/518/1676 1627/468/1627 1631/473/1631
f 1619/459/1617 1620/460/1620 1622/466/1622
f 1622/466/1622 1623/463/1621 1619/459/1617
f 1308/130/1306 2097/941/2096 2096/940/2097
f 2096/940/2097 1307/133/1307 1308/130/1306
f 2097/941/2096 1617/461/1619 2098/942/2098
f 2098/942/2098 2096/940/2097 2097/941/2096
f 1617/461/1619 1618/462/1618 2099/943/2099
f 2099/943/2099 2098/942/2098 1617/461/1619
f 1618/462/1618 2101/945/2100 2100/944/2101
f 2100/944/2101 2099/943/2099 1618/462/1618
f 1632/476/1634 2103/947/2102 2102/946/2103
f 2102/946/2103 1635/475/1635 1632/476/1634
f 1650/495/1650 1651/492/1649 1635/475/1635
f 1635/475/1635 2102/946/2103 1650/495/1650
f 2102/946/2103 1647/491/1647 1648/489/1646
f 1648/489/1646 1650/495/1650 2102/946/2103
f 2102/946/2103 2103/947/2102 2104/948/2104
f 2104/948/2104 1647/491/1647 2102/946/2103
f 2105/949/2105 1646/490/1648 1647/491/1647
f 1647/491/1647 2104/948/2104 2105/949/2105
f 2105/949/2105 1643/488/1644 1536/362/1536
f 1536/362/1536 1646/490/1648 2105/949/2105
f 1562/389/1561 1593/431/1592 1561/391/1562
f 1623/463/1621 1624/464/1624 1613/457/1615
f 1613/457/1615 1614/458/1614 1623/463/1621
f 2106/950/2106 1619/459/1617 1623/463/1621
f 1623/463/1621 1614/458/1614 2106/950/2106
f 2101/945/2100 1618/462/1618 1619/459/1617
f 1619/459/1617 2106/950/2106 2101/945/2100
f 2107/951/2107 1620/460/1620 1617/461/1619
f 1617/461/1619 2097/941/2096 2107/951/2107
f 1620/460/1620 2107/951/2107 1637/479/1637
f 1637/479/1637 1622/466/1622 1620/460/1620
f 1639/483/1639 1640/480/1638 1625/467/1625
f 1625/467/1625 2108/952/2108 1639/483/1639
f 2109/953/2109 2107/951/2107 2097/941/2096
f 2097/941/2096 1308/130/1306 2109/953/2109
f 2110/954/2110 1636/478/1636 1637/479/1637
f 1637/479/1637 2111/955/2111 2110/954/2110
f 2112/956/2112 1639/483/1639 2108/952/2108
f 2108/952/2108 2113/957/2113 2112/956/2112
f 1639/483/1639 2112/956/2112 1638/482/1640
f 2111/955/2111 1637/479/1637 2107/951/2107
f 2107/951/2107 2109/953/2109 2111/955/2111
f 1301/124/1301 2111/955/2111 2109/953/2109
f 2109/953/2109 1539/363/1539 1301/124/1301
f 1290/113/1291 1301/124/1301 1539/363/1539
f 1539/363/1539 2114/958/2114 1290/113/1291
f 959/959/959 110/112/112 1290/113/1291
f 1290/113/1291 2114/958/2114 959/959/959
f 1299/121/1297 1302/128/1304 2115/960/2115
f 2115/960/2115 1298/123/1298 1299/121/1297
f 1300/125/1300 2110/954/2110 2111/955/2111
f 2111/955/2111 1301/124/1301 1300/125/1300
f 1552/375/1550 2112/956/2112 2113/957/2113
f 2113/957/2113 1642/484/1642 1552/375/1550
f 1553/376/1553 1638/482/1640 2112/956/2112
f 2112/956/2112 1552/375/1550 1553/376/1553
f 2108/952/2108 1625/467/1625 1621/465/1623
f 1621/465/1623 1636/478/1636 2108/952/2108
f 2113/957/2113 2108/952/2108 1636/478/1636
f 1636/478/1636 2110/954/2110 2113/957/2113
f 1642/484/1642 2113/957/2113 2110/954/2110
f 2110/954/2110 1300/125/1300 1642/484/1642
f 1291/110/1290 1572/408/1572 1642/484/1642
f 1642/484/1642 1300/125/1300 1291/110/1290
f 111/111/111 408/407/407 1572/408/1572
f 1572/408/1572 1291/110/1290 111/111/111
f 1628/472/1629 1626/469/1626 1590/427/1588
f 1590/427/1588 1591/428/1591 1628/472/1629
f 2104/948/2104 2117/962/2116 2116/961/2117
f 2116/961/2117 2105/949/2105 2104/948/2104
f 2103/947/2102 2118/963/2118 2117/962/2116
f 2117/962/2116 2104/948/2104 2103/947/2102
f 1632/476/1634 2119/964/2119 2118/963/2118
f 2118/963/2118 2103/947/2102 1632/476/1634
f 1633/477/1633 2120/965/2120 2119/964/2119
f 2119/964/2119 1632/476/1634 1633/477/1633
f 1297/122/1299 1309/131/1309 1306/132/1308
f 1306/132/1308 1563/390/1563 1297/122/1299
f 1309/131/1309 1539/363/1539 2109/953/2109
f 2109/953/2109 1308/130/1306 1309/131/1309
f 1561/391/1562 1560/388/1560 1299/121/1297
f 1299/121/1297 1297/122/1299 1561/391/1562
f 1629/470/1628 1630/471/1630 2120/965/2120
f 2120/965/2120 1633/477/1633 1629/470/1628
f 1560/388/1560 1561/391/1562 1593/431/1592
f 1593/431/1592 1596/435/1596 1560/388/1560
f 1596/435/1596 2122/967/2121 2121/966/2122
f 2116/961/2117 2123/968/2123 1643/488/1644
f 1643/488/1644 2105/949/2105 2116/961/2117
f 1615/455/1613 2124/969/2124 2106/950/2106
f 2106/950/2106 1614/458/1614 1615/455/1613
f 2125/970/2125 2101/945/2100 2106/950/2106
f 2106/950/2106 2124/969/2124 2125/970/2125
f 2126/971/2126 2100/944/2101 2101/945/2100
f 2101/945/2100 2125/970/2125 2126/971/2126
f 2129/972/2127 2128/975/2128 2127/974/2129
f 2127/974/2129 2130/973/2130 2129/972/2127
f 2127/974/2129 2128/975/2128 2131/977/2131
f 2131/977/2131 2132/976/2132 2127/974/2129
f 2092/935/2092 2021/865/2020 2023/866/2023
f 2023/866/2023 2133/978/2133 2092/935/2092
f 2133/978/2133 1720/563/1719 1716/561/1716
f 1716/561/1716 2092/935/2092 2133/978/2133
f 2077/920/2077 2091/934/2091 2088/931/2088
f 2133/978/2133 2023/866/2023 2024/867/2024
f 2024/867/2024 2091/934/2091 2133/978/2133
f 1720/563/1719 2133/978/2133 2091/934/2091
f 2091/934/2091 2077/920/2077 1720/563/1719
f 1719/562/1720 1720/563/1719 2077/920/2077
f 2077/920/2077 2059/903/2060 1719/562/1720
f 2135/979/2134 1609/448/1609 2134/981/2135
f 2134/981/2135 2136/980/2136 2135/979/2134
f 406/406/406 1570/403/1570 1567/398/1567
f 1567/398/1567 397/397/397 406/406/406
f 2137/982/2137 2066/909/2066 2035/879/2036
f 1610/452/1610 451/451/451 983/984/984
f 983/984/984 2138/983/2138 1610/452/1610
f 1610/452/1610 2134/981/2135 1609/448/1609
f 1574/413/1574 1288/109/1289 1289/106/1288
f 2135/979/2134 2095/938/2095 1608/447/1608
f 1608/447/1608 1609/448/1609 2135/979/2134
f 2141/985/2139 2140/988/2140 2139/987/2141
f 2139/987/2141 2142/986/2142 2141/985/2139
f 2143/989/2143 2142/986/2142 2139/987/2141
f 2139/987/2141 1692/533/1690 2143/989/2143
f 1692/533/1690 2139/987/2141 2144/990/2144
f 2144/990/2144 1691/536/1691 1692/533/1690
f 2145/991/2145 2144/990/2144 2139/987/2141
f 2139/987/2141 2140/988/2140 2145/991/2145
f 2138/983/2138 983/984/984 992/993/993
f 992/993/993 2146/992/2146 2138/983/2138
f 1722/565/1722 1691/536/1691 2144/990/2144
f 2144/990/2144 2147/994/2147 1722/565/1722
f 2144/990/2144 2145/991/2145 2148/995/2148
f 2148/995/2148 2147/994/2147 2144/990/2144
f 996/996/996 2149/997/2149 2146/992/2146
f 2146/992/2146 992/993/993 996/996/996
f 1705/550/1705 2064/905/2062 2065/906/2065
f 2065/906/2065 2055/898/2055 1705/550/1705
f 2066/909/2066 2064/905/2062 1705/550/1705
f 1705/550/1705 1706/547/1704 2066/909/2066
f 2010/852/2010 2061/904/2061 2066/909/2066
f 2066/909/2066 1706/547/1704 2010/852/2010
f 2059/903/2060 2060/902/2059 2150/998/2150
f 2150/998/2150 1719/562/1720 2059/903/2060
f 2150/998/2150 2151/999/2151 1715/560/1717
f 1715/560/1717 1719/562/1720 2150/998/2150
f 2152/1000/2152 1001/1001/1001 1586/424/1586
f 1586/424/1586 1685/528/1685 2152/1000/2152
f 1001/1001/1001 116/114/114 1586/424/1586
f 2151/999/2151 1718/559/1718 1715/560/1717
f 2066/909/2066 2137/982/2137 2063/908/2063
f 2063/908/2063 2064/905/2062 2066/909/2066
f 2153/1002/2153 2137/982/2137 2036/878/2035
f 2036/878/2035 2037/880/2037 2153/1002/2153
f 2147/994/2147 2148/995/2148 2154/1003/2154
f 2154/1003/2154 2153/1002/2153 2147/994/2147
f 1004/1004/1004 2155/1005/2155 2149/997/2149
f 2149/997/2149 996/996/996 1004/1004/1004
f 2036/878/2035 2137/982/2137 2035/879/2036
f 1006/1006/1006 2156/1007/2156 2155/1005/2155
f 2155/1005/2155 1004/1004/1004 1006/1006/1006
f 2037/880/2037 1722/565/1722 2147/994/2147
f 2147/994/2147 2153/1002/2153 2037/880/2037
f 2156/1007/2156 1006/1006/1006 1008/1009/1009
f 1008/1009/1009 2157/1008/2157 2156/1007/2156
f 2154/1003/2154 2159/1011/2158 2158/1010/2159
f 2158/1010/2159 2153/1002/2153 2154/1003/2154
f 2160/1012/2160 2158/1010/2159 2159/1011/2158
f 2159/1011/2158 2161/1013/2161 2160/1012/2160
f 2137/982/2137 2153/1002/2153 2158/1010/2159
f 2158/1010/2159 2063/908/2063 2137/982/2137
f 2160/1012/2160 2062/907/2064 2063/908/2063
f 2063/908/2063 2158/1010/2159 2160/1012/2160
f 426/426/426 959/959/959 2114/958/2114
f 2114/958/2114 1587/425/1587 426/426/426
f 1539/363/1539 1298/123/1298 1587/425/1587
f 1587/425/1587 2114/958/2114 1539/363/1539
f 2069/913/2070 2070/912/2069 2045/888/2046
f 2045/888/2046 2162/1014/2162 2069/913/2070
f 2057/901/2057 2090/933/2090 2018/859/2016
f 2018/859/2016 2058/900/2058 2057/901/2057
f 1708/552/1710 1709/553/1709 2046/889/2045
f 2046/889/2045 2081/924/2081 1708/552/1710
f 2162/1014/2162 2045/888/2046 2046/889/2045
f 2046/889/2045 1709/553/1709 2162/1014/2162
f 2070/912/2069 2019/860/2019 1696/537/1694
f 1696/537/1694 2045/888/2046 2070/912/2069
f 2070/912/2069 2018/859/2016 2019/860/2019
f 2162/1014/2162 1709/553/1709 1710/551/1708
f 1710/551/1708 1699/544/1699 2162/1014/2162
f 1700/541/1698 2069/913/2070 2162/1014/2162
f 2162/1014/2162 1699/544/1699 1700/541/1698
f 2013/854/2011 2058/900/2058 2069/913/2070
f 2069/913/2070 1700/541/1698 2013/854/2011
f 2018/859/2016 2090/933/2090 2078/921/2078
f 2078/921/2078 2017/862/2017 2018/859/2016
f 1690/535/1692 1721/564/1721 1699/544/1699
f 1699/544/1699 1710/551/1708 1690/535/1692
f 1702/546/1702 1721/564/1721 1722/565/1722
f 1722/565/1722 2037/880/2037 1702/546/1702
f 1721/564/1721 1702/546/1702 1698/543/1700
f 1698/543/1700 1699/544/1699 1721/564/1721
f 1633/477/1633 1634/474/1632 1631/473/1631
f 1631/473/1631 1629/470/1628 1633/477/1633
f 2165/1015/2163 2164/1017/2164 2163/1016/2165
f 2163/1016/2165 1680/523/1680 2165/1015/2163
f 2168/1018/2166 2167/1021/2167 2166/1020/2168
f 2166/1020/2168 2169/1019/2169 2168/1018/2166
f 2169/1019/2169 2166/1020/2168 1470/296/1472
f 1470/296/1472 2170/1022/2170 2169/1019/2169
f 1548/374/1547 1559/387/1559 1680/523/1680
f 1680/523/1680 2163/1016/2165 1548/374/1547
f 2163/1016/2165 1679/522/1679 1547/373/1548
f 1547/373/1548 1548/374/1547 2163/1016/2165
f 1679/522/1679 2163/1016/2165 2164/1017/2164
f 2164/1017/2164 2168/1018/2166 1679/522/1679
f 1679/522/1679 2168/1018/2166 2169/1019/2169
f 2169/1019/2169 1678/521/1678 1679/522/1679
f 1674/515/1672 1669/512/1670 1670/513/1669
f 1670/513/1669 2171/1023/2171 1674/515/1672
f 2171/1023/2171 1670/513/1669 1671/514/1671
f 1671/514/1671 2170/1022/2170 2171/1023/2171
f 2170/1022/2170 1671/514/1671 1678/521/1678
f 1678/521/1678 2169/1019/2169 2170/1022/2170
f 2165/1015/2163 1680/523/1680 1681/524/1681
f 1681/524/1681 2172/1024/2172 2165/1015/2163
f 1298/123/1298 2115/960/2115 1566/394/1566
f 1566/394/1566 1587/425/1587 1298/123/1298
f 2174/1025/2173 2173/1026/2174 2129/972/2127
f 2129/972/2127 2130/973/2130 2174/1025/2173
f 2176/1027/2175 2175/1028/2176 1293/119/1295
f 1293/119/1295 1611/453/1611 2176/1027/2175
f 1029/1029/1029 1030/1030/1030 2175/1028/2176
f 2175/1028/2176 2176/1027/2175 1029/1029/1029
f 1790/631/1788 1923/765/1922 1789/633/1789
f 1776/619/1776 1923/765/1922 1765/609/1767
f 1787/628/1785 1901/744/1901 1786/630/1786
f 1542/365/1542 1540/366/1541 2177/1032/2177
f 2177/1032/2177 2178/1031/2178 1542/365/1542
f 2181/1033/2179 2180/1036/2180 2179/1035/2181
f 2179/1035/2181 2182/1034/2182 2181/1033/2179
f 2184/1037/2183 2183/1038/2184 2179/1035/2181
f 2179/1035/2181 2180/1036/2180 2184/1037/2183
f 2184/1037/2183 2186/1040/2185 2185/1039/2186
f 2185/1039/2186 2183/1038/2184 2184/1037/2183
f 2179/1035/2181 2188/1042/2187 2187/1041/2188
f 2187/1041/2188 2182/1034/2182 2179/1035/2181
f 2179/1035/2181 2183/1038/2184 2189/1043/2189
f 2189/1043/2189 2188/1042/2187 2179/1035/2181
f 2185/1039/2186 2189/1043/2189 2183/1038/2184
f 2184/1037/2183 2190/1044/2190 2186/1040/2185
f 2180/1036/2180 2192/1046/2191 2191/1045/2192
f 2191/1045/2192 2184/1037/2183 2180/1036/2180
f 2181/1033/2179 2194/1048/2193 2193/1047/2194
f 2193/1047/2194 2180/1036/2180 2181/1033/2179
f 2197/1049/2195 2196/1052/2196 2195/1051/2197
f 2195/1051/2197 2198/1050/2198 2197/1049/2195
f 2199/1053/2199 2196/1052/2196 2197/1049/2195
f 2197/1049/2195 2200/1054/2200 2199/1053/2199
f 2199/1053/2199 2200/1054/2200 2185/1039/2186
f 2185/1039/2186 2201/1055/2201 2199/1053/2199
f 2188/1042/2187 2197/1049/2195 2198/1050/2198
f 2198/1050/2198 2187/1041/2188 2188/1042/2187
f 2197/1049/2195 2188/1042/2187 2189/1043/2189
f 2189/1043/2189 2200/1054/2200 2197/1049/2195
f 2189/1043/2189 2185/1039/2186 2200/1054/2200
f 2204/1056/2202 2203/1059/2203 2202/1058/2204
f 2202/1058/2204 2205/1057/2205 2204/1056/2202
f 2207/1060/2206 2206/1061/2207 2202/1058/2204
f 2202/1058/2204 2203/1059/2203 2207/1060/2206
f 2207/1060/2206 2209/1063/2208 2208/1062/2209
f 2208/1062/2209 2206/1061/2207 2207/1060/2206
f 2205/1057/2205 2202/1058/2204 2210/1065/2210
f 2210/1065/2210 2211/1064/2211 2205/1057/2205
f 2202/1058/2204 2206/1061/2207 2212/1066/2212
f 2212/1066/2212 2210/1065/2210 2202/1058/2204
f 2208/1062/2209 2212/1066/2212 2206/1061/2207
f 2215/1067/2213 2214/1069/2214 2213/1068/2215
f 2217/1070/2216 2216/1072/2217 2214/1069/2214
f 2214/1069/2214 2218/1071/2218 2217/1070/2216
f 2221/1073/2219 2220/1075/2220 2219/1074/2221
f 2219/1074/2221 2216/1072/2217 2221/1073/2219
f 2222/1076/2222 2216/1072/2217 2219/1074/2221
f 2219/1074/2221 2223/1077/2223 2222/1076/2222
f 2214/1069/2214 2216/1072/2217 2222/1076/2222
f 2222/1076/2222 2224/1078/2224 2214/1069/2214
f 2214/1069/2214 2224/1078/2224 2208/1062/2209
f 2208/1062/2209 2213/1068/2215 2214/1069/2214
f 2210/1065/2210 2222/1076/2222 2223/1077/2223
f 2223/1077/2223 2211/1064/2211 2210/1065/2210
f 2222/1076/2222 2210/1065/2210 2212/1066/2212
f 2212/1066/2212 2224/1078/2224 2222/1076/2222
f 2212/1066/2212 2208/1062/2209 2224/1078/2224
f 2227/1079/2225 2226/1082/2226 2225/1081/2227
f 2225/1081/2227 2228/1080/2228 2227/1079/2225
f 2230/1083/2229 2229/1084/2230 2225/1081/2227
f 2225/1081/2227 2226/1082/2226 2230/1083/2229
f 2230/1083/2229 2232/1086/2231 2231/1085/2232
f 2231/1085/2232 2229/1084/2230 2230/1083/2229
f 2228/1080/2228 2225/1081/2227 2233/1088/2233
f 2233/1088/2233 2234/1087/2234 2228/1080/2228
f 2225/1081/2227 2229/1084/2230 2235/1089/2235
f 2235/1089/2235 2233/1088/2233 2225/1081/2227
f 2231/1085/2232 2235/1089/2235 2229/1084/2230
f 2238/1090/2236 2237/1093/2237 2236/1092/2238
f 2236/1092/2238 2239/1091/2239 2238/1090/2236
f 2240/1094/2240 2237/1093/2237 2238/1090/2236
f 2238/1090/2236 2241/1095/2241 2240/1094/2240
f 2240/1094/2240 2241/1095/2241 2231/1085/2232
f 2231/1085/2232 2242/1096/2242 2240/1094/2240
f 2233/1088/2233 2238/1090/2236 2239/1091/2239
f 2239/1091/2239 2234/1087/2234 2233/1088/2233
f 2238/1090/2236 2233/1088/2233 2235/1089/2235
f 2235/1089/2235 2241/1095/2241 2238/1090/2236
f 2235/1089/2235 2231/1085/2232 2241/1095/2241
f 2240/1094/2240 2242/1096/2242 2243/1097/2243
f 2243/1097/2243 2244/1098/2244 2237/1093/2237
f 2237/1093/2237 2240/1094/2240 2243/1097/2243
f 2236/1092/2238 2237/1093/2237 2244/1098/2244
f 2244/1098/2244 2245/1099/2245 2236/1092/2238
f 2248/1100/2246 2247/1103/2247 2246/1102/2248
f 2246/1102/2248 2249/1101/2249 2248/1100/2246
f 2251/1104/2250 2250/1105/2251 2246/1102/2248
f 2246/1102/2248 2247/1103/2247 2251/1104/2250
f 2251/1104/2250 2253/1107/2252 2252/1106/2253
f 2252/1106/2253 2250/1105/2251 2251/1104/2250
f 2249/1101/2249 2246/1102/2248 2254/1109/2254
f 2254/1109/2254 2255/1108/2255 2249/1101/2249
f 2246/1102/2248 2250/1105/2251 2256/1110/2256
f 2256/1110/2256 2254/1109/2254 2246/1102/2248
f 2252/1106/2253 2256/1110/2256 2250/1105/2251
f 2259/1111/2257 2258/1114/2258 2257/1113/2259
f 2257/1113/2259 2260/1112/2260 2259/1111/2257
f 2261/1115/2261 2258/1114/2258 2259/1111/2257
f 2259/1111/2257 2262/1116/2262 2261/1115/2261
f 2261/1115/2261 2262/1116/2262 2252/1106/2253
f 2252/1106/2253 2263/1117/2263 2261/1115/2261
f 2254/1109/2254 2259/1111/2257 2260/1112/2260
f 2260/1112/2260 2255/1108/2255 2254/1109/2254
f 2259/1111/2257 2254/1109/2254 2256/1110/2256
f 2256/1110/2256 2262/1116/2262 2259/1111/2257
f 2256/1110/2256 2252/1106/2253 2262/1116/2262
f 2261/1115/2261 2263/1117/2263 2264/1118/2264
f 2264/1118/2264 2265/1119/2265 2258/1114/2258
f 2258/1114/2258 2261/1115/2261 2264/1118/2264
f 2266/1120/2266 2257/1113/2259 2258/1114/2258
f 2258/1114/2258 2265/1119/2265 2266/1120/2266
f 2269/1121/2267 2268/1124/2268 2267/1123/2269
f 2267/1123/2269 2270/1122/2270 2269/1121/2267
f 2272/1125/2271 2271/1126/2272 2268/1124/2268
f 2268/1124/2268 2269/1121/2267 2272/1125/2271
f 2272/1125/2271 2274/1128/2273 2273/1127/2274
f 2273/1127/2274 2271/1126/2272 2272/1125/2271
f 2267/1123/2269 2268/1124/2268 2275/1130/2275
f 2275/1130/2275 2276/1129/2276 2267/1123/2269
f 2268/1124/2268 2271/1126/2272 2277/1131/2277
f 2277/1131/2277 2275/1130/2275 2268/1124/2268
f 2273/1127/2274 2277/1131/2277 2271/1126/2272
f 2280/1132/2278 2279/1135/2279 2278/1134/2280
f 2278/1134/2280 2281/1133/2281 2280/1132/2278
f 2282/1136/2282 2279/1135/2279 2280/1132/2278
f 2280/1132/2278 2283/1137/2283 2282/1136/2282
f 2282/1136/2282 2283/1137/2283 2273/1127/2274
f 2273/1127/2274 2284/1138/2284 2282/1136/2282
f 2276/1129/2276 2275/1130/2275 2280/1132/2278
f 2280/1132/2278 2281/1133/2281 2276/1129/2276
f 2280/1132/2278 2275/1130/2275 2277/1131/2277
f 2277/1131/2277 2283/1137/2283 2280/1132/2278
f 2277/1131/2277 2273/1127/2274 2283/1137/2283
f 2282/1136/2282 2284/1138/2284 2285/1139/2285
f 2285/1139/2285 2286/1140/2286 2279/1135/2279
f 2279/1135/2279 2282/1136/2282 2285/1139/2285
f 2278/1134/2280 2279/1135/2279 2286/1140/2286
f 2286/1140/2286 2287/1141/2287 2278/1134/2280
f 1508/331/1507 1419/243/1419 1420/244/1420
f 1419/243/1419 1507/332/1508 1418/242/1418
f 1512/335/1511 1425/250/1426 1426/249/1425
f 1425/250/1426 1511/336/1512 1493/316/1492
f 1517/340/1516 1431/256/1432 1432/255/1431
f 1431/256/1432 1516/341/1517 1495/318/1494
f 1522/345/1521 1438/261/1438 1437/262/1437
f 1438/261/1438 1521/346/1522 1497/321/1496
f 1503/326/1502 1413/238/1414 1414/237/1413
f 1413/238/1414 1502/327/1503 1485/309/1485
f 1857/699/1856 2288/1142/2288 1856/700/1857
f 1857/699/1856 1959/802/1959 2288/1142/2288
f 1863/706/1864 2289/1143/2289 1944/787/1943
f 1863/706/1864 1962/805/1962 2289/1143/2289
f 1869/712/1870 2290/1144/2290 1946/789/1945
f 1869/712/1870 1966/809/1966 2290/1144/2290
f 1875/718/1875 2291/1145/2291 1948/792/1948
f 1875/718/1875 1970/813/1970 2291/1145/2291
f 1851/694/1852 2292/1146/2292 1934/777/1934
f 1851/694/1852 1955/798/1955 2292/1146/2292
f 1340/166/1342 2293/1147/2293 1357/181/1357
f 1357/181/1357 1343/165/1343 1340/166/1342
f 1556/383/1556 384/384/384 1148/1148/1148
f 1296/118/1296 1293/119/1295 2175/1028/2176
f 2175/1028/2176 2294/1149/2294 1296/118/1296
f 2294/1149/2294 2175/1028/2176 1030/1030/1030
f 1030/1030/1030 1150/1150/1150 2294/1149/2294
f 1710/551/1708 1693/534/1693 1690/535/1692
f 1688/531/1688 1554/381/1555 1684/527/1684
f 1296/118/1296 2294/1149/2294 1554/381/1555
f 1554/381/1555 1688/531/1688 1296/118/1296
f 1554/381/1555 2294/1149/2294 1150/1150/1150
f 1150/1150/1150 380/380/380 1554/381/1555
f 1580/419/1581 1294/120/1294 1295/117/1293
f 1295/117/1293 1577/417/1577 1580/419/1581
f 1543/370/1545 1544/371/1544 1640/480/1638
f 1640/480/1638 1641/481/1641 1543/370/1545
f 1640/480/1638 1544/371/1544 1558/385/1558
f 1558/385/1558 1625/467/1625 1640/480/1638
f 1304/126/1302 2296/1152/2295 2295/1151/2296
f 2295/1151/2296 1573/410/1573 1304/126/1302
f 2295/1151/2296 1153/1153/1153 411/411/411
f 411/411/411 1573/410/1573 2295/1151/2296
f 1578/414/1576 1579/415/1579 1584/422/1583
f 1584/422/1583 2297/1154/2297 1578/414/1576
f 1584/422/1583 1569/402/1568 2298/1155/2298
f 2298/1155/2298 2297/1154/2297 1584/422/1583
f 1569/402/1568 401/399/399 1156/1156/1156
f 1156/1156/1156 2298/1155/2298 1569/402/1568
f 1578/414/1576 2297/1154/2297 2299/1157/2299
f 2299/1157/2299 1581/418/1580 1578/414/1576
f 2297/1154/2297 2298/1155/2298 2300/1158/2300
f 2300/1158/2300 2299/1157/2299 2297/1154/2297
f 2298/1155/2298 1156/1156/1156 1159/1159/1159
f 1159/1159/1159 2300/1158/2300 2298/1155/2298
f 2303/1160/2301 2302/1163/2302 2301/1162/2303
f 2301/1162/2303 2304/1161/2304 2303/1160/2301
f 1594/432/1594 1592/433/1593 2131/977/2131
f 2131/977/2131 2128/975/2128 1594/432/1594
f 1594/432/1594 2122/967/2121 1596/435/1596
f 1596/435/1596 1593/431/1592 1594/432/1594
f 1595/434/1595 1596/435/1596 2121/966/2122
f 2121/966/2122 2305/1164/2305 1595/434/1595
f 2306/1165/2306 1612/454/1612 1294/120/1294
f 1294/120/1294 1580/419/1581 2306/1165/2306
f 2122/967/2121 1594/432/1594 2128/975/2128
f 2128/975/2128 2129/972/2127 2122/967/2121
f 2307/1166/2307 2174/1025/2173 1615/455/1613
f 1615/455/1613 2174/1025/2173 2130/973/2130
f 2130/973/2130 2124/969/2124 1615/455/1613
f 2124/969/2124 2130/973/2130 2127/974/2129
f 2127/974/2129 2125/970/2125 2124/969/2124
f 2125/970/2125 2127/974/2129 2132/976/2132
f 2132/976/2132 2126/971/2126 2125/970/2125
f 1645/487/1645 1643/488/1644 2123/968/2123
f 2307/1166/2307 2308/1167/2308 2173/1026/2174
f 2173/1026/2174 2174/1025/2173 2307/1166/2307
f 1557/386/1557 1545/368/1543 2303/1160/2301
f 2303/1160/2301 2304/1161/2304 1557/386/1557
f 1545/368/1543 1546/369/1546 2178/1031/2178
f 2178/1031/2178 2177/1032/2177 1545/368/1543
f 2303/1160/2301 1545/368/1543 2177/1032/2177
f 1557/386/1557 2304/1161/2304 1616/456/1616
f 1616/456/1616 1613/457/1615 1557/386/1557
f 2307/1166/2307 1616/456/1616 2304/1161/2304
f 2304/1161/2304 2301/1162/2303 2307/1166/2307
f 1580/419/1581 1581/418/1580 2309/1168/2309
f 2309/1168/2309 2306/1165/2306 1580/419/1581
f 1581/418/1580 2299/1157/2299 2296/1152/2295
f 2296/1152/2295 2309/1168/2309 1581/418/1580
f 2296/1152/2295 2299/1157/2299 2300/1158/2300
f 2300/1158/2300 2295/1151/2296 2296/1152/2295
f 2300/1158/2300 1159/1159/1159 1153/1153/1153
f 1153/1153/1153 2295/1151/2296 2300/1158/2300
f 2308/1167/2308 2307/1166/2307 2301/1162/2303
f 2301/1162/2303 2310/1169/2310 2308/1167/2308
f 2310/1169/2310 2301/1162/2303 2302/1163/2302
f 2302/1163/2302 2311/1170/2311 2310/1169/2310
f 2311/1170/2311 2302/1163/2302 1148/1148/1148
f 1148/1148/1148 1171/1171/1171 2311/1170/2311
f 1540/366/1541 1556/383/1556 2303/1160/2301
f 2303/1160/2301 2177/1032/2177 1540/366/1541
f 1556/383/1556 1148/1148/1148 2302/1163/2302
f 2302/1163/2302 2303/1160/2301 1556/383/1556
f 1612/454/1612 2306/1165/2306 1595/434/1595
f 1595/434/1595 2305/1164/2305 1612/454/1612
f 1595/434/1595 2306/1165/2306 2309/1168/2309
f 2309/1168/2309 1305/127/1305 1595/434/1595
f 1305/127/1305 2309/1168/2309 2296/1152/2295
f 2296/1152/2295 1304/126/1302 1305/127/1305
f 1612/454/1612 2305/1164/2305 2312/1172/2312
f 2312/1172/2312 1611/453/1611 1612/454/1612
f 2312/1172/2312 2313/1173/2313 2176/1027/2175
f 2176/1027/2175 1611/453/1611 2312/1172/2312
f 2176/1027/2175 2313/1173/2313 1174/1174/1174
f 1174/1174/1174 1029/1029/1029 2176/1027/2175
f 2129/972/2127 2173/1026/2174 2121/966/2122
f 2121/966/2122 2122/967/2121 2129/972/2127
f 2121/966/2122 2173/1026/2174 2308/1167/2308
f 2308/1167/2308 2305/1164/2305 2121/966/2122
f 2305/1164/2305 2308/1167/2308 2310/1169/2310
f 2310/1169/2310 2312/1172/2312 2305/1164/2305
f 2310/1169/2310 2311/1170/2311 2313/1173/2313
f 2313/1173/2313 2312/1172/2312 2310/1169/2310
f 2313/1173/2313 2311/1170/2311 1171/1171/1171
f 1171/1171/1171 1174/1174/1174 2313/1173/2313
f 1302/128/1304 1303/129/1303 2115/960/2115
f 2115/960/2115 1303/129/1303 1565/393/1565
f 1565/393/1565 1566/394/1566 2115/960/2115
f 1303/129/1303 1304/126/1302 1573/410/1573
f 1573/410/1573 1565/393/1565 1303/129/1303
f 2307/1166/2307 1615/455/1613 1616/456/1616
f 1341/167/1341 1475/301/1476 2314/1175/2314
f 2314/1175/2314 1340/166/1342 1341/167/1341
f 2314/1175/2314 2316/1178/2315 2315/1177/2316
f 2315/1177/2316 2317/1176/2317 2314/1175/2314
f 1663/508/1664 1664/506/1663 1564/392/1564
f 1564/392/1564 1478/303/1480 1663/508/1664
f 2170/1022/2170 1470/296/1472 1471/297/1471
f 1471/297/1471 2171/1023/2171 2170/1022/2170
f 2171/1023/2171 1471/297/1471 2318/1179/2318
f 2318/1179/2318 1674/515/1672 2171/1023/2171
f 2318/1179/2318 1667/510/1666 1673/517/1673
f 1673/517/1673 1674/515/1672 2318/1179/2318
f 1673/517/1673 1667/510/1666 1664/506/1663
f 1664/506/1663 1665/507/1665 1673/517/1673
f 2318/1179/2318 1471/297/1471 1472/298/1470
f 2319/1180/2319 2318/1179/2318 1472/298/1470
f 1473/294/1473 2319/1180/2319 1472/298/1470
f 1473/294/1473 1469/293/1469 1345/169/1345
f 1345/169/1345 2319/1180/2319 1473/294/1473
f 2319/1180/2319 1345/169/1345 1321/143/1321
f 1321/143/1321 1666/509/1667 2319/1180/2319
f 1321/143/1321 1318/144/1320 1564/392/1564
f 1564/392/1564 1666/509/1667 1321/143/1321
f 1477/300/1477 1341/167/1341 1342/164/1340
f 1342/164/1340 1361/187/1362 1477/300/1477
f 1340/166/1342 2314/1175/2314 2317/1176/2317
f 2317/1176/2317 2293/1147/2293 1340/166/1342
f 1663/508/1664 1478/303/1480 1479/304/1479
f 1479/304/1479 2320/1181/2320 1663/508/1664
f 2319/1180/2319 1666/509/1667 1667/510/1666
f 1667/510/1666 2318/1179/2318 2319/1180/2319
f 1669/512/1670 1672/516/1674 1662/505/1661
f 1662/505/1661 1656/499/1656 1669/512/1670
f 1662/505/1661 1672/516/1674 1677/520/1677
f 1677/520/1677 1676/519/1675 1662/505/1661
f 1676/519/1675 1677/520/1677 1660/501/1660
f 1660/501/1660 1607/445/1606 1676/519/1675
f 2321/1182/2321 2167/1021/2167 2168/1018/2166
f 2168/1018/2166 2164/1017/2164 2321/1182/2321
f 2164/1017/2164 2165/1015/2163 2316/1178/2315
f 2316/1178/2315 2321/1182/2321 2164/1017/2164
f 2165/1015/2163 2172/1024/2172 2315/1177/2316
f 2315/1177/2316 2316/1178/2315 2165/1015/2163
f 1659/500/1657 1663/508/1664 2320/1181/2320
f 2320/1181/2320 1658/503/1658 1659/500/1657
f 1463/286/1463 1462/287/1462 1474/295/1474
f 1474/295/1474 1582/420/1582 1463/286/1463
f 1462/287/1462 1469/293/1469 1473/294/1473
f 1473/294/1473 1474/295/1474 1462/287/1462
f 2321/1182/2321 2316/1178/2315 2314/1175/2314
f 2314/1175/2314 1475/301/1476 2321/1182/2321
f 1475/301/1476 1476/299/1475 2167/1021/2167
f 2167/1021/2167 2321/1182/2321 1475/301/1476
f 1476/299/1475 1582/420/1582 2166/1020/2168
f 2166/1020/2168 2167/1021/2167 1476/299/1475
f 2166/1020/2168 1582/420/1582 1474/295/1474
f 1474/295/1474 1470/296/1472 2166/1020/2168
f 2324/1183/2322 2323/1184/2323 2322/1185/2324
f 2322/1185/2324 2325/1186/2325 2324/1183/2322
f 2328/1187/2326 2327/1188/2327 2326/1189/2328
f 2326/1189/2328 2329/1190/2329 2328/1187/2326
f 2332/1191/2330 2331/1192/2331 2330/1193/2332
f 2334/1194/2333 2333/1195/2334 2328/1187/2326
f 2328/1187/2326 2335/1196/2335 2334/1194/2333
f 2338/1197/2336 2337/1198/2337 2336/1199/2338
f 2336/1199/2338 2339/1200/2339 2338/1197/2336
f 2342/1201/2340 2341/1202/2341 2340/1184/2342
f 2340/1184/2342 2343/1183/2343 2342/1201/2340
f 2346/1203/2344 2345/1204/2345 2344/1205/2346
f 2344/1205/2346 2347/1206/2347 2346/1203/2344
f 2326/1189/2328 2348/1207/2348 2329/1190/2329
f 2351/1208/2349 2350/1209/2350 2349/1210/2351
f 2346/1203/2344 2347/1206/2347 2352/1211/2352
f 2352/1211/2352 2333/1195/2334 2346/1203/2344
f 2355/1212/2353 2354/1213/2354 2353/1214/2355
f 2353/1214/2355 2356/1215/2356 2355/1212/2353
f 2357/1216/2357 2356/1215/2356 2353/1214/2355
f 2353/1214/2355 2358/1217/2358 2357/1216/2357
f 2361/1218/2359 2360/1219/2360 2359/1220/2361
f 2359/1220/2361 2362/1221/2362 2361/1218/2359
f 2365/1222/2363 2364/1223/2364 2363/1224/2365
f 2363/1224/2365 2366/1225/2366 2365/1222/2363
f 2369/1226/2367 2368/1227/2368 2367/1228/2369
f 2367/1228/2369 2370/1229/2370 2369/1226/2367
f 2373/1230/2371 2372/1231/2372 2371/1232/2373
f 2373/1230/2371 2371/1232/2373 2374/1233/2374
f 2364/1223/2364 2376/1234/2375 2375/1235/2376
f 2359/1220/2361 2360/1219/2360 2377/1236/2377
f 2377/1236/2377 2360/1219/2360 2378/1237/2378
f 2378/1237/2378 2379/1238/2379 2377/1236/2377
f 2382/1239/2380 2381/1240/2381 2380/1241/2382
f 2380/1241/2382 2383/1242/2383 2382/1239/2380
f 2382/1239/2380 2385/1243/2384 2384/1244/2385
f 2387/1245/2386 2384/1244/2385 2386/1246/2387
f 2388/1247/2388 2376/1234/2375 2364/1223/2364
f 2364/1223/2364 2365/1222/2363 2388/1247/2388
f 2354/1213/2354 2355/1212/2353 2389/1248/2389
f 2391/1249/2390 2390/1250/2391 2382/1239/2380
f 2382/1239/2380 2383/1242/2383 2391/1249/2390
f 2394/1251/2392 2393/1252/2393 2392/1253/2394
f 2392/1253/2394 2395/1254/2395 2394/1251/2392
f 2393/1252/2393 2394/1251/2392 2396/1255/2396
f 2396/1255/2396 2397/1256/2397 2393/1252/2393
f 2337/1198/2337 2398/1257/2398 2332/1191/2330
f 2332/1191/2330 2330/1193/2332 2337/1198/2337
f 2401/1258/2399 2400/1259/2400 2399/1260/2401
f 2404/1261/2402 2403/1258/2403 2402/1260/2404
f 2407/1262/2405 2406/1263/2406 2405/1264/2407
f 2410/1265/2408 2409/1262/2409 2408/1264/2410
f 2411/1266/2411 2357/1216/2357 2358/1217/2358
f 2414/1267/2412 2413/1268/2413 2412/1269/2414
f 2412/1269/2414 2415/1270/2415 2414/1267/2412
f 2418/1263/2416 2417/1271/2417 2416/1264/2418
f 2421/1272/2419 2420/1273/2420 2419/1274/2421
f 2424/1272/2422 2423/1274/2423 2422/1275/2424
f 2427/1276/2425 2426/1277/2426 2425/1278/2427
f 2430/1276/2428 2429/1278/2429 2428/1279/2430
f 2433/1280/2431 2432/1281/2432 2431/1282/2433
f 2436/1276/2434 2435/1283/2435 2434/1277/2436
f 2439/1284/2437 2438/1285/2438 2437/1286/2439
f 2437/1286/2439 2440/1287/2440 2439/1284/2437
f 2437/1286/2439 2438/1285/2438 2441/1288/2441
f 2441/1288/2441 2442/1289/2442 2437/1286/2439
f 2443/1290/2443 2381/1240/2381 2382/1239/2380
f 2382/1239/2380 2384/1244/2385 2443/1290/2443
f 2446/1291/2444 2445/1292/2445 2444/1293/2446
f 2448/1294/2447 2447/1295/2448 2415/1270/2415
f 2415/1270/2415 2412/1269/2414 2448/1294/2447
f 2413/1268/2413 2351/1208/2349 2349/1210/2351
f 2349/1210/2351 2412/1269/2414 2413/1268/2413
f 2449/1296/2449 2448/1294/2447 2412/1269/2414
f 2412/1269/2414 2349/1210/2351 2449/1296/2449
f 2450/1297/2450 2449/1296/2449 2349/1210/2351
f 2349/1210/2351 2451/1298/2451 2450/1297/2450
f 2452/1299/2452 2353/1214/2355 2354/1213/2354
f 2354/1213/2354 2453/1300/2453 2452/1299/2452
f 2394/1251/2392 2395/1254/2395 2453/1300/2453
f 2453/1300/2453 2354/1213/2354 2394/1251/2392
f 2396/1255/2396 2394/1251/2392 2354/1213/2354
f 2354/1213/2354 2389/1248/2389 2396/1255/2396
f 2454/1301/2454 2415/1270/2415 2447/1295/2448
f 2411/1266/2411 2358/1217/2358 2329/1190/2329
f 2329/1190/2329 2348/1207/2348 2411/1266/2411
f 2455/1302/2455 2451/1298/2451 2349/1210/2351
f 2349/1210/2351 2350/1209/2350 2455/1302/2455
f 2458/1303/2456 2457/1304/2457 2456/1205/2458
f 2456/1205/2458 2459/1204/2459 2458/1303/2456
f 2461/1201/2460 2346/1203/2344 2460/1305/2461
f 2337/1198/2337 2330/1193/2332 2462/1306/2462
f 2462/1306/2462 2336/1199/2338 2337/1198/2337
f 2342/1201/2340 2343/1183/2343 2463/1204/2463
f 2463/1204/2463 2464/1203/2464 2342/1201/2340
f 2366/1225/2366 2361/1218/2359 2365/1222/2363
f 2361/1218/2359 2366/1225/2366 2465/1307/2465
f 2465/1307/2465 2360/1219/2360 2361/1218/2359
f 2468/1308/2466 2467/1309/2467 2466/1310/2468
f 2466/1310/2468 2432/1281/2432 2468/1308/2466
f 2469/1311/2469 2446/1291/2444 2468/1308/2466
f 2468/1308/2466 2470/1312/2470 2469/1311/2469
f 2368/1227/2368 2472/1313/2471 2471/1314/2472
f 2471/1314/2472 2466/1310/2468 2368/1227/2368
f 2432/1281/2432 2466/1310/2468 2471/1314/2472
f 2370/1229/2370 2473/1315/2473 2472/1313/2471
f 2472/1313/2471 2369/1226/2367 2370/1229/2370
f 2472/1313/2471 2368/1227/2368 2369/1226/2367
f 2465/1307/2465 2474/1316/2474 2378/1237/2378
f 2378/1237/2378 2360/1219/2360 2465/1307/2465
f 2387/1245/2386 2379/1238/2379 2378/1237/2378
f 2400/1259/2400 2401/1258/2399 2475/1191/2475
f 2475/1191/2475 2476/1317/2476 2400/1259/2400
f 2477/1191/2477 2403/1258/2403 2404/1261/2402
f 2404/1261/2402 2478/1192/2478 2477/1191/2477
f 2406/1263/2406 2407/1262/2405 2479/1187/2479
f 2479/1187/2479 2480/1195/2480 2406/1263/2406
f 2481/1187/2481 2409/1262/2409 2410/1265/2408
f 2410/1265/2408 2482/1188/2482 2481/1187/2481
f 2483/1211/2483 2417/1271/2417 2418/1263/2416
f 2418/1263/2416 2484/1195/2484 2483/1211/2483
f 2387/1245/2386 2378/1237/2378 2384/1244/2385
f 2384/1244/2385 2378/1237/2378 2474/1316/2474
f 2474/1316/2474 2443/1290/2443 2384/1244/2385
f 2444/1293/2446 2467/1309/2467 2468/1308/2466
f 2468/1308/2466 2446/1291/2444 2444/1293/2446
f 2380/1241/2382 2441/1288/2441 2438/1285/2438
f 2438/1285/2438 2383/1242/2383 2380/1241/2382
f 2383/1242/2383 2438/1285/2438 2439/1284/2437
f 2439/1284/2437 2391/1249/2390 2383/1242/2383
f 2486/1318/2485 2485/1319/2486 2363/1224/2365
f 2363/1224/2365 2374/1233/2374 2486/1318/2485
f 2363/1224/2365 2364/1223/2364 2374/1233/2374
f 2371/1232/2373 2372/1231/2372 2487/1320/2487
f 2487/1320/2487 2488/1321/2488 2371/1232/2373
f 2374/1233/2374 2371/1232/2373 2488/1321/2488
f 2488/1321/2488 2486/1318/2485 2374/1233/2374
f 2375/1235/2376 2373/1230/2371 2374/1233/2374
f 2374/1233/2374 2364/1223/2364 2375/1235/2376
f 2451/1298/2451 2489/1317/2489 2450/1297/2450
f 2333/1195/2334 2334/1194/2333 2460/1305/2461
f 2460/1305/2461 2346/1203/2344 2333/1195/2334
f 2490/1322/2490 2454/1301/2454 2447/1295/2448
f 2329/1190/2329 2335/1196/2335 2328/1187/2326
f 2491/1323/2491 2358/1217/2358 2353/1214/2355
f 2353/1214/2355 2452/1299/2452 2491/1323/2491
f 2358/1217/2358 2491/1323/2491 2335/1196/2335
f 2335/1196/2335 2329/1190/2329 2358/1217/2358
f 2460/1305/2461 2493/1324/2492 2492/1202/2493
f 2492/1202/2493 2461/1201/2460 2460/1305/2461
f 2494/1325/2494 2445/1292/2445 2446/1291/2444
f 2446/1291/2444 2495/1326/2495 2494/1325/2494
f 2368/1227/2368 2497/1327/2496 2496/1328/2497
f 2496/1328/2497 2367/1228/2369 2368/1227/2368
f 2499/1329/2498 2498/1330/2499 2445/1292/2445
f 2445/1292/2445 2494/1325/2494 2499/1329/2498
f 2420/1273/2420 2501/1314/2500 2500/1313/2501
f 2500/1313/2501 2419/1274/2421 2420/1273/2420
f 2423/1274/2423 2503/1313/2502 2502/1315/2503
f 2502/1315/2503 2422/1275/2424 2423/1274/2423
f 2505/1222/2504 2504/1218/2505 2425/1278/2427
f 2425/1278/2427 2426/1277/2426 2505/1222/2504
f 2429/1278/2429 2507/1218/2506 2506/1221/2507
f 2506/1221/2507 2428/1279/2430 2429/1278/2429
f 2509/1247/2508 2508/1222/2509 2434/1277/2436
f 2434/1277/2436 2435/1283/2435 2509/1247/2508
f 2512/1183/2510 2511/1186/2511 2510/1304/2510
f 2510/1304/2510 2513/1303/2512 2512/1183/2510
f 2514/1303/2513 2463/1204/2463 2343/1183/2343
f 2517/1331/2514 2516/1332/2515 2515/1333/2516
f 2515/1333/2516 2518/1334/2517 2517/1331/2514
f 2520/1335/2518 2519/1336/2519 2518/1334/2517
f 2518/1334/2517 2515/1333/2516 2520/1335/2518
f 2521/1337/2520 2516/1332/2515 2517/1331/2514
f 2517/1331/2514 2522/1338/2521 2521/1337/2520
f 2447/1295/2448 2448/1294/2447 2516/1332/2515
f 2516/1332/2515 2521/1337/2520 2447/1295/2448
f 2516/1332/2515 2448/1294/2447 2449/1296/2449
f 2449/1296/2449 2515/1333/2516 2516/1332/2515
f 2337/1198/2337 2520/1335/2518 2398/1257/2398
f 2523/1339/2522 2521/1337/2520 2522/1338/2521
f 2522/1338/2521 2524/1340/2523 2523/1339/2522
f 2521/1337/2520 2523/1339/2522 2525/1341/2524
f 2525/1341/2524 2447/1295/2448 2521/1337/2520
f 2528/1342/2525 2527/1343/2526 2526/1344/2527
f 2526/1344/2527 2529/1345/2528 2528/1342/2525
f 2530/1346/2529 2445/1292/2445 2498/1330/2499
f 2498/1330/2499 2526/1344/2527 2530/1346/2529
f 2520/1335/2518 2337/1198/2337 2338/1197/2336
f 2338/1197/2336 2519/1336/2519 2520/1335/2518
f 2531/1347/2530 2444/1293/2446 2445/1292/2445
f 2445/1292/2445 2532/1348/2531 2531/1347/2530
f 2445/1292/2445 2530/1346/2529 2532/1348/2531
f 2467/1309/2467 2534/1349/2532 2533/1350/2533
f 2533/1350/2533 2466/1310/2468 2467/1309/2467
f 2535/1351/2534 2530/1346/2529 2526/1344/2527
f 2526/1344/2527 2527/1343/2526 2535/1351/2534
f 2535/1351/2534 2527/1343/2526 2528/1342/2525
f 2528/1342/2525 2536/1352/2535 2535/1351/2534
f 2515/1333/2516 2449/1296/2449 2450/1297/2450
f 2450/1297/2450 2520/1335/2518 2515/1333/2516
f 2520/1335/2518 2450/1297/2450 2398/1257/2398
f 2398/1257/2398 2450/1297/2450 2489/1317/2489
f 2489/1317/2489 2332/1191/2330 2398/1257/2398
f 2534/1349/2532 2467/1309/2467 2444/1293/2446
f 2444/1293/2446 2531/1347/2530 2534/1349/2532
f 2368/1227/2368 2466/1310/2468 2533/1350/2533
f 2533/1350/2533 2497/1327/2496 2368/1227/2368
f 2447/1295/2448 2525/1341/2524 2537/1353/2536
f 2537/1353/2536 2490/1322/2490 2447/1295/2448
f 2538/1354/2537 2393/1252/2393 2397/1256/2397
f 2397/1256/2397 2539/1355/2538 2538/1354/2537
f 2540/1356/2539 2392/1253/2394 2393/1252/2393
f 2393/1252/2393 2538/1354/2537 2540/1356/2539
f 2372/1231/2372 2373/1230/2371 2375/1235/2376
f 2375/1235/2376 2376/1234/2375 2372/1231/2372
f 2462/1306/2462 2541/1357/2540 2336/1199/2338
f 2542/1358/2541 2470/1312/2470 2468/1308/2466
f 2468/1308/2466 2433/1280/2431 2542/1358/2541
f 2530/1346/2529 2535/1351/2534 2536/1352/2535
f 2536/1352/2535 2532/1348/2531 2530/1346/2529
f 2385/1243/2384 2386/1246/2387 2384/1244/2385
f 2382/1239/2380 2390/1250/2391 2385/1243/2384
f 2433/1280/2431 2468/1308/2466 2432/1281/2432
f 2545/1359/2542 2544/1360/2543 2543/1361/2544
f 2543/1361/2544 2546/1362/2545 2545/1359/2542
f 2549/1363/2546 2548/1364/2547 2547/1365/2548
f 2547/1365/2548 2550/1366/2549 2549/1363/2546
f 2553/1367/2550 2552/1368/2551 2551/1369/2552
f 2551/1369/2552 2554/1370/2553 2553/1367/2550
f 2557/1371/2554 2556/1372/2555 2555/1373/2556
f 2555/1373/2556 2558/1374/2557 2557/1371/2554
f 2559/1375/2558 2543/1361/2544 2544/1360/2543
f 2544/1360/2543 2560/1376/2559 2559/1375/2558
f 2552/1368/2551 2562/1377/2560 2561/1378/2561
f 2561/1378/2561 2551/1369/2552 2552/1368/2551
f 2564/1379/2562 2563/1380/2563 2544/1360/2543
f 2544/1360/2543 2545/1359/2542 2564/1379/2562
f 2565/1381/2564 2549/1363/2546 2550/1366/2549
f 2550/1366/2549 2566/1382/2565 2565/1381/2564
f 2568/1383/2566 2567/1384/2567 2563/1380/2563
f 2563/1380/2563 2564/1379/2562 2568/1383/2566
f 2569/1385/2568 2565/1381/2564 2566/1382/2565
f 2566/1382/2565 2570/1386/2569 2569/1385/2568
f 2554/1370/2553 2551/1369/2552 2567/1384/2567
f 2567/1384/2567 2568/1383/2566 2554/1370/2553
f 2558/1374/2557 2555/1373/2556 2569/1385/2568
f 2569/1385/2568 2570/1386/2569 2558/1374/2557
f 2563/1380/2563 2560/1376/2559 2544/1360/2543
f 2551/1369/2552 2561/1378/2561 2563/1380/2563
f 2563/1380/2563 2567/1384/2567 2551/1369/2552
f 2572/1387/2570 2571/1388/2571 2548/1364/2547
f 2548/1364/2547 2549/1363/2546 2572/1387/2570
f 2556/1372/2555 2574/1389/2572 2573/1390/2573
f 2573/1390/2573 2555/1373/2556 2556/1372/2555
f 2575/1391/2574 2572/1387/2570 2549/1363/2546
f 2549/1363/2546 2565/1381/2564 2575/1391/2574
f 2576/1392/2575 2575/1391/2574 2565/1381/2564
f 2565/1381/2564 2569/1385/2568 2576/1392/2575
f 2555/1373/2556 2573/1390/2573 2576/1392/2575
f 2576/1392/2575 2569/1385/2568 2555/1373/2556
f 2577/1393/2576 2550/1366/2549 2547/1365/2548
f 2547/1365/2548 2578/1394/2577 2577/1393/2576
f 2557/1371/2554 2558/1374/2557 2579/1395/2578
f 2579/1395/2578 2580/1396/2579 2557/1371/2554
f 2581/1397/2580 2566/1382/2565 2550/1366/2549
f 2550/1366/2549 2577/1393/2576 2581/1397/2580
f 2582/1398/2581 2570/1386/2569 2566/1382/2565
f 2566/1382/2565 2581/1397/2580 2582/1398/2581
f 2558/1374/2557 2570/1386/2569 2582/1398/2581
f 2582/1398/2581 2579/1395/2578 2558/1374/2557
f 2572/1387/2570 2545/1359/2542 2546/1362/2545
f 2546/1362/2545 2571/1388/2571 2572/1387/2570
f 2574/1389/2572 2553/1367/2550 2554/1370/2553
f 2554/1370/2553 2573/1390/2573 2574/1389/2572
f 2575/1391/2574 2564/1379/2562 2545/1359/2542
f 2545/1359/2542 2572/1387/2570 2575/1391/2574
f 2576/1392/2575 2568/1383/2566 2564/1379/2562
f 2564/1379/2562 2575/1391/2574 2576/1392/2575
f 2573/1390/2573 2554/1370/2553 2568/1383/2566
f 2568/1383/2566 2576/1392/2575 2573/1390/2573
f 2583/1399/2582 2577/1393/2576 2578/1394/2577
f 2578/1394/2577 2584/1400/2583 2583/1399/2582
f 2580/1396/2579 2579/1395/2578 2585/1401/2584
f 2585/1401/2584 2586/1402/2585 2580/1396/2579
f 2587/1403/2586 2581/1397/2580 2577/1393/2576
f 2577/1393/2576 2583/1399/2582 2587/1403/2586
f 2588/1404/2587 2582/1398/2581 2581/1397/2580
f 2581/1397/2580 2587/1403/2586 2588/1404/2587
f 2579/1395/2578 2582/1398/2581 2588/1404/2587
f 2588/1404/2587 2585/1401/2584 2579/1395/2578
f 2591/1405/2588 2590/1406/2589 2589/1407/2590
f 2589/1407/2590 2592/1408/2591 2591/1405/2588
f 2589/1407/2590 2594/1409/2592 2593/1410/2593
f 2593/1410/2593 2592/1408/2591 2589/1407/2590
f 2596/1411/2594 2595/1412/2595 2592/1408/2591
f 2592/1408/2591 2593/1410/2593 2596/1411/2594
f 2595/1412/2595 2596/1411/2594 2597/1413/2596
f 2597/1413/2596 2598/1414/2597 2595/1412/2595
f 2598/1414/2597 2597/1413/2596 2599/1415/2598
f 2599/1415/2598 2600/1416/2599 2598/1414/2597
f 2601/1417/2600 2591/1405/2588 2592/1408/2591
f 2592/1408/2591 2595/1412/2595 2601/1417/2600
f 2595/1412/2595 2598/1414/2597 2602/1418/2601
f 2602/1418/2601 2601/1417/2600 2595/1412/2595
f 2598/1414/2597 2600/1416/2599 2603/1419/2602
f 2603/1419/2602 2602/1418/2601 2598/1414/2597
f 2606/1420/2603 2605/1421/2604 2604/1422/2605
f 2604/1422/2605 2607/1423/2606 2606/1420/2603
f 2610/1424/2607 2609/1425/2608 2608/1426/2609
f 2608/1426/2609 2611/1427/2610 2610/1424/2607
f 2613/1428/2611 2612/1429/2612 2604/1422/2605
f 2604/1422/2605 2614/1430/2613 2613/1428/2611
f 2606/1420/2603 2616/1431/2614 2615/1432/2615
f 2615/1432/2615 2605/1421/2604 2606/1420/2603
f 2619/1433/2616 2618/1434/2617 2617/1435/2618
f 2617/1435/2618 2620/1436/2619 2619/1433/2616
f 2621/1437/2620 2605/1421/2604 2615/1432/2615
f 2607/1423/2606 2610/1424/2607 2620/1436/2619
f 2620/1436/2619 2606/1420/2603 2607/1423/2606
f 2606/1420/2603 2620/1436/2619 2617/1435/2618
f 2617/1435/2618 2616/1431/2614 2606/1420/2603
f 2607/1423/2606 2604/1422/2605 2612/1429/2612
f 2612/1429/2612 2622/1438/2621 2607/1423/2606
f 2610/1424/2607 2611/1427/2610 2619/1433/2616
f 2619/1433/2616 2620/1436/2619 2610/1424/2607
f 2610/1424/2607 2607/1423/2606 2622/1438/2621
f 2622/1438/2621 2609/1425/2608 2610/1424/2607
f 2625/1439/2622 2624/1440/2623 2623/1441/2624
f 2623/1441/2624 2626/1442/2625 2625/1439/2622
f 2629/1443/2626 2628/1444/2627 2627/1445/2628
f 2627/1445/2628 2630/1446/2629 2629/1443/2626
f 2633/1447/2630 2632/1448/2631 2631/1449/2632
f 2631/1449/2632 2634/1450/2633 2633/1447/2630
f 2635/1451/2634 2633/1447/2630 2634/1450/2633
f 2634/1450/2633 2636/1452/2635 2635/1451/2634
f 2639/1453/2636 2638/1454/2637 2637/1455/2638
f 2637/1455/2638 2640/1456/2639 2639/1453/2636
f 2638/1454/2637 2639/1453/2636 2630/1446/2629
f 2630/1446/2629 2627/1445/2628 2638/1454/2637
f 2628/1444/2627 2629/1443/2626 2631/1449/2632
f 2631/1449/2632 2632/1448/2631 2628/1444/2627
f 2624/1440/2623 2625/1439/2622 2635/1451/2634
f 2635/1451/2634 2636/1452/2635 2624/1440/2623
f 2639/1453/2636 2642/1457/2640 2641/1458/2641
f 2641/1458/2641 2630/1446/2629 2639/1453/2636
f 2643/1459/2642 2623/1441/2624 2624/1440/2623
f 2624/1440/2623 2644/1460/2643 2643/1459/2642
f 2636/1452/2635 2645/1461/2644 2644/1460/2643
f 2644/1460/2643 2624/1440/2623 2636/1452/2635
f 2629/1443/2626 2647/1462/2645 2646/1463/2646
f 2646/1463/2646 2631/1449/2632 2629/1443/2626
f 2630/1446/2629 2641/1458/2641 2647/1462/2645
f 2647/1462/2645 2629/1443/2626 2630/1446/2629
f 2631/1449/2632 2646/1463/2646 2648/1464/2647
f 2648/1464/2647 2634/1450/2633 2631/1449/2632
f 2634/1450/2633 2648/1464/2647 2645/1461/2644
f 2645/1461/2644 2636/1452/2635 2634/1450/2633
f 2640/1456/2639 2649/1465/2648 2642/1457/2640
f 2642/1457/2640 2639/1453/2636 2640/1456/2639
f 2626/1442/2625 2651/1466/2649 2650/1467/2650
f 2650/1467/2650 2625/1439/2622 2626/1442/2625
f 2652/1468/2651 2627/1445/2628 2628/1444/2627
f 2628/1444/2627 2653/1469/2652 2652/1468/2651
f 2654/1470/2653 2632/1448/2631 2633/1447/2630
f 2633/1447/2630 2655/1471/2654 2654/1470/2653
f 2655/1471/2654 2633/1447/2630 2635/1451/2634
f 2635/1451/2634 2656/1472/2655 2655/1471/2654
f 2657/1473/2656 2637/1455/2638 2638/1454/2637
f 2638/1454/2637 2658/1474/2657 2657/1473/2656
f 2658/1474/2657 2638/1454/2637 2627/1445/2628
f 2627/1445/2628 2652/1468/2651 2658/1474/2657
f 2653/1469/2652 2628/1444/2627 2632/1448/2631
f 2632/1448/2631 2654/1470/2653 2653/1469/2652
f 2656/1472/2655 2635/1451/2634 2625/1439/2622
f 2625/1439/2622 2650/1467/2650 2656/1472/2655
f 2661/1475/2658 2660/1476/2659 2659/1477/2660
f 2659/1477/2660 2662/1478/2661 2661/1475/2658
f 2665/1479/2662 2664/1480/2663 2663/1481/2664
f 2663/1481/2664 2666/1482/2665 2665/1479/2662
f 2669/1483/2666 2668/1484/2667 2667/1485/2668
f 2667/1485/2668 2670/1486/2669 2669/1483/2666
f 2663/1481/2664 2668/1484/2667 2669/1483/2666
f 2669/1483/2666 2666/1482/2665 2663/1481/2664
f 2662/1478/2661 2664/1480/2663 2665/1479/2662
f 2665/1479/2662 2661/1475/2658 2662/1478/2661
f 2673/1487/2670 2672/1488/2671 2671/1489/2672
f 2671/1489/2672 2674/1490/2673 2673/1487/2670
f 2671/1489/2672 2672/1488/2671 2675/1491/2674
f 2675/1491/2674 2676/1492/2675 2671/1489/2672
f 2674/1490/2673 2659/1477/2660 2660/1476/2659
f 2660/1476/2659 2673/1487/2670 2674/1490/2673
f 2660/1476/2659 2678/1493/2676 2677/1494/2677
f 2677/1494/2677 2673/1487/2670 2660/1476/2659
f 2669/1483/2666 2680/1495/2678 2679/1496/2679
f 2679/1496/2679 2666/1482/2665 2669/1483/2666
f 2665/1479/2662 2682/1497/2680 2681/1498/2681
f 2681/1498/2681 2661/1475/2658 2665/1479/2662
f 2670/1486/2669 2683/1499/2682 2680/1495/2678
f 2680/1495/2678 2669/1483/2666 2670/1486/2669
f 2666/1482/2665 2679/1496/2679 2682/1497/2680
f 2682/1497/2680 2665/1479/2662 2666/1482/2665
f 2661/1475/2658 2681/1498/2681 2678/1493/2676
f 2678/1493/2676 2660/1476/2659 2661/1475/2658
f 2673/1487/2670 2677/1494/2677 2684/1500/2683
f 2684/1500/2683 2672/1488/2671 2673/1487/2670
f 2672/1488/2671 2684/1500/2683 2685/1501/2684
f 2685/1501/2684 2675/1491/2674 2672/1488/2671
f 2686/1502/2685 2662/1478/2661 2659/1477/2660
f 2659/1477/2660 2687/1503/2686 2686/1502/2685
f 2664/1480/2663 2688/1504/2687 2663/1481/2664
f 2689/1505/2688 2667/1485/2668 2668/1484/2667
f 2668/1484/2667 2690/1506/2689 2689/1505/2688
f 2690/1506/2689 2668/1484/2667 2663/1481/2664
f 2663/1481/2664 2691/1507/2690 2690/1506/2689
f 2692/1508/2691 2664/1480/2663 2662/1478/2661
f 2662/1478/2661 2686/1502/2685 2692/1508/2691
f 2671/1489/2672 2693/1509/2692 2674/1490/2673
f 2676/1492/2675 2694/1510/2693 2671/1489/2672
f 2674/1490/2673 2695/1511/2694 2659/1477/2660
f 2676/1492/2675 2696/1512/2695 2694/1510/2693
f 2694/1510/2693 2697/1513/2696 2671/1489/2672
f 2671/1489/2672 2697/1513/2696 2693/1509/2692
f 2693/1509/2692 2698/1514/2697 2674/1490/2673
f 2674/1490/2673 2698/1514/2697 2695/1511/2694
f 2695/1511/2694 2687/1503/2686 2659/1477/2660
f 2664/1480/2663 2692/1508/2691 2688/1504/2687
f 2688/1504/2687 2691/1507/2690 2663/1481/2664
f 2701/1515/2698 2700/1516/2699 2699/1517/2700
f 2699/1517/2700 2702/1518/2701 2701/1515/2698
f 2705/1519/2702 2704/1520/2703 2703/1521/2704
f 2703/1521/2704 2706/1522/2705 2705/1519/2702
f 2708/1523/2706 2707/1524/2707 2703/1521/2704
f 2703/1521/2704 2704/1520/2703 2708/1523/2706
f 2711/1525/2708 2710/1526/2709 2709/1527/2710
f 2709/1527/2710 2712/1528/2711 2711/1525/2708
f 2715/1529/2712 2714/1530/2713 2713/1531/2714
f 2713/1531/2714 2716/1532/2715 2715/1529/2712
f 2711/1525/2708 2702/1518/2701 2717/1533/2716
f 2717/1533/2716 2710/1526/2709 2711/1525/2708
f 2709/1527/2710 2718/1534/2717 2706/1522/2705
f 2706/1522/2705 2719/1535/2718 2709/1527/2710
f 2703/1521/2704 2707/1524/2707 2720/1536/2719
f 2720/1536/2719 2721/1537/2720 2703/1521/2704
f 2724/1538/2721 2723/1539/2722 2722/1540/2723
f 2722/1540/2723 2725/1541/2724 2724/1538/2721
f 2728/1542/2725 2727/1543/2726 2726/1544/2727
f 2726/1544/2727 2729/1545/2728 2728/1542/2725
f 2732/1546/2729 2731/1547/2730 2730/1548/2731
f 2730/1548/2731 2733/1549/2732 2732/1546/2729
f 2736/1550/2733 2735/1551/2734 2734/1552/2735
f 2738/1553/2736 2736/1550/2733 2737/1554/2737
f 2738/1553/2736 2735/1551/2734 2736/1550/2733
f 2736/1550/2733 2740/1555/2738 2739/1556/2739
f 2743/1557/2740 2742/1558/2741 2741/1559/2742
f 2741/1559/2742 2744/1560/2743 2743/1557/2740
f 2706/1522/2705 2718/1534/2717 2745/1561/2744
f 2745/1561/2744 2705/1519/2702 2706/1522/2705
f 2745/1561/2744 2747/1562/2745 2746/1563/2746
f 2746/1563/2746 2705/1519/2702 2745/1561/2744
f 2750/1564/2747 2749/1565/2748 2748/1566/2749
f 2748/1566/2749 2751/1567/2750 2750/1564/2747
f 2752/1568/2751 2722/1540/2723 2723/1539/2722
f 2723/1539/2722 2753/1569/2752 2752/1568/2751
f 2736/1550/2733 2754/1570/2753 2740/1555/2738
f 2756/1571/2754 2725/1541/2724 2755/1572/2755
f 2755/1572/2755 2757/1573/2756 2756/1571/2754
f 2758/1574/2757 2728/1542/2725 2729/1545/2728
f 2729/1545/2728 2759/1575/2758 2758/1574/2757
f 2761/1576/2759 2760/1577/2760 2722/1540/2723
f 2722/1540/2723 2752/1568/2751 2761/1576/2759
f 2757/1573/2756 2727/1543/2726 2762/1578/2761
f 2762/1578/2761 2756/1571/2754 2757/1573/2756
f 2764/1579/2762 2730/1548/2731 2763/1580/2763
f 2763/1580/2763 2765/1581/2764 2764/1579/2762
f 2768/1582/2765 2767/1583/2766 2766/1584/2767
f 2766/1584/2767 2769/1585/2768 2768/1582/2765
f 2772/1586/2769 2771/1587/2770 2770/1588/2771
f 2770/1588/2771 2773/1589/2772 2772/1586/2769
f 2775/1590/2773 2772/1586/2769 2774/1591/2774
f 2774/1591/2774 2776/1592/2775 2775/1590/2773
f 2778/1593/2776 2775/1590/2773 2777/1594/2777
f 2777/1594/2777 2779/1595/2778 2778/1593/2776
f 2781/1596/2779 2779/1595/2778 2780/1597/2780
f 2780/1597/2780 2782/1598/2781 2781/1596/2779
f 2785/1599/2782 2784/1600/2783 2783/1601/2784
f 2783/1601/2784 2786/1602/2785 2785/1599/2782
f 2789/1603/2786 2788/1604/2787 2787/1605/2788
f 2787/1605/2788 2790/1606/2789 2789/1603/2786
f 2792/1607/2790 2791/1608/2791 2766/1584/2767
f 2766/1584/2767 2767/1583/2766 2792/1607/2790
f 2795/1609/2792 2794/1610/2793 2793/1611/2794
f 2793/1611/2794 2796/1612/2795 2795/1609/2792
f 2798/1613/2796 2797/1614/2797 2793/1611/2794
f 2793/1611/2794 2799/1615/2798 2798/1613/2796
f 2802/1616/2799 2801/1617/2800 2800/1618/2801
f 2800/1618/2801 2803/1619/2802 2802/1616/2799
f 2756/1571/2754 2762/1578/2761 2804/1620/2803
f 2804/1620/2803 2805/1621/2804 2756/1571/2754
f 2808/1622/2805 2807/1623/2806 2806/1624/2807
f 2789/1603/2786 2797/1614/2797 2798/1613/2796
f 2798/1613/2796 2809/1625/2808 2789/1603/2786
f 2811/1626/2809 2810/1627/2810 2790/1606/2789
f 2790/1606/2789 2812/1628/2811 2811/1626/2809
f 2736/1550/2733 2739/1556/2739 2813/1629/2812
f 2805/1621/2804 2724/1538/2721 2725/1541/2724
f 2725/1541/2724 2756/1571/2754 2805/1621/2804
f 2814/1630/2813 2749/1565/2748 2750/1564/2747
f 2750/1564/2747 2815/1631/2814 2814/1630/2813
f 2816/1632/2815 2762/1578/2761 2728/1542/2725
f 2728/1542/2725 2758/1574/2757 2816/1632/2815
f 2818/1633/2816 2817/1634/2817 2800/1618/2801
f 2800/1618/2801 2801/1617/2800 2818/1633/2816
f 2819/1635/2818 2816/1632/2815 2758/1574/2757
f 2758/1574/2757 2820/1636/2819 2819/1635/2818
f 2821/1637/2820 2820/1636/2819 2758/1574/2757
f 2758/1574/2757 2759/1575/2758 2821/1637/2820
f 2824/1638/2821 2823/1639/2822 2822/1640/2823
f 2822/1640/2823 2811/1626/2809 2824/1638/2821
f 2797/1614/2797 2810/1627/2810 2796/1612/2795
f 2796/1612/2795 2793/1611/2794 2797/1614/2797
f 2824/1638/2821 2826/1641/2824 2825/1642/2825
f 2825/1642/2825 2823/1639/2822 2824/1638/2821
f 2827/1643/2826 2799/1615/2798 2793/1611/2794
f 2793/1611/2794 2794/1610/2793 2827/1643/2826
f 2765/1581/2764 2768/1582/2765 2828/1644/2827
f 2828/1644/2827 2829/1645/2828 2765/1581/2764
f 2831/1646/2829 2830/1647/2830 2786/1602/2785
f 2786/1602/2785 2783/1601/2784 2831/1646/2829
f 2832/1648/2831 2828/1644/2827 2768/1582/2765
f 2768/1582/2765 2769/1585/2768 2832/1648/2831
f 2834/1649/2832 2833/1650/2833 2788/1604/2787
f 2788/1604/2787 2835/1651/2834 2834/1649/2832
f 2834/1649/2832 2835/1651/2834 2836/1652/2835
f 2787/1605/2788 2838/1653/2836 2837/1654/2837
f 2837/1654/2837 2839/1655/2838 2787/1605/2788
f 2839/1655/2838 2837/1654/2837 2769/1585/2768
f 2769/1585/2768 2766/1584/2767 2839/1655/2838
f 2832/1648/2831 2769/1585/2768 2837/1654/2837
f 2840/1656/2839 2830/1647/2830 2831/1646/2829
f 2831/1646/2829 2841/1657/2840 2840/1656/2839
f 2837/1654/2837 2838/1653/2836 2842/1658/2841
f 2842/1658/2841 2832/1648/2831 2837/1654/2837
f 2716/1532/2715 2844/1659/2842 2843/1660/2843
f 2843/1660/2843 2715/1529/2712 2716/1532/2715
f 2715/1529/2712 2843/1660/2843 2845/1661/2844
f 2845/1661/2844 2846/1662/2845 2715/1529/2712
f 2849/1663/2846 2848/1664/2847 2847/1665/2848
f 2847/1665/2848 2850/1666/2849 2849/1663/2846
f 2702/1518/2701 2699/1517/2700 2717/1533/2716
f 2851/1667/2850 2701/1515/2698 2702/1518/2701
f 2702/1518/2701 2711/1525/2708 2851/1667/2850
f 2852/1668/2851 2845/1661/2844 2843/1660/2843
f 2705/1519/2702 2746/1563/2746 2853/1669/2852
f 2853/1669/2852 2704/1520/2703 2705/1519/2702
f 2704/1520/2703 2853/1669/2852 2854/1670/2853
f 2854/1670/2853 2708/1523/2706 2704/1520/2703
f 2857/1671/2854 2856/1672/2855 2855/1673/2856
f 2855/1673/2856 2858/1674/2857 2857/1671/2854
f 2854/1670/2853 2859/1675/2858 2844/1659/2842
f 2844/1659/2842 2708/1523/2706 2854/1670/2853
f 2852/1668/2851 2843/1660/2843 2844/1659/2842
f 2844/1659/2842 2859/1675/2858 2852/1668/2851
f 2862/1676/2859 2861/1677/2860 2860/1678/2861
f 2860/1678/2861 2863/1679/2862 2862/1676/2859
f 2861/1677/2860 2862/1676/2859 2864/1680/2863
f 2864/1680/2863 2865/1681/2864 2861/1677/2860
f 2865/1681/2864 2864/1680/2863 2866/1682/2865
f 2866/1682/2865 2867/1683/2866 2865/1681/2864
f 2870/1684/2867 2869/1685/2868 2868/1686/2869
f 2871/1687/2870 2747/1562/2745 2745/1561/2744
f 2745/1561/2744 2872/1688/2871 2871/1687/2870
f 2871/1687/2870 2872/1688/2871 2873/1689/2872
f 2876/1690/2873 2875/1691/2874 2874/1692/2875
f 2874/1692/2875 2877/1693/2876 2876/1690/2873
f 2699/1517/2700 2700/1516/2699 2878/1694/2877
f 2878/1694/2877 2873/1689/2872 2699/1517/2700
f 2714/1530/2713 2715/1529/2712 2846/1662/2845
f 2846/1662/2845 2879/1695/2878 2714/1530/2713
f 2881/1696/2879 2880/1697/2880 2862/1676/2859
f 2862/1676/2859 2863/1679/2862 2881/1696/2879
f 2880/1697/2880 2850/1666/2849 2864/1680/2863
f 2864/1680/2863 2862/1676/2859 2880/1697/2880
f 2864/1680/2863 2850/1666/2849 2847/1665/2848
f 2847/1665/2848 2866/1682/2865 2864/1680/2863
f 2883/1698/2881 2882/1699/2882 2876/1690/2873
f 2876/1690/2873 2877/1693/2876 2883/1698/2881
f 2700/1516/2699 2701/1515/2698 2884/1700/2883
f 2884/1700/2883 2885/1701/2884 2700/1516/2699
f 2701/1515/2698 2851/1667/2850 2884/1700/2883
f 2886/1702/2885 2878/1694/2877 2700/1516/2699
f 2700/1516/2699 2885/1701/2884 2886/1702/2885
f 2875/1691/2874 2869/1685/2868 2870/1684/2867
f 2870/1684/2867 2874/1692/2875 2875/1691/2874
f 2778/1593/2776 2779/1595/2778 2781/1596/2779
f 2781/1596/2779 2887/1703/2886 2778/1593/2776
f 2718/1534/2717 2717/1533/2716 2872/1688/2871
f 2872/1688/2871 2745/1561/2744 2718/1534/2717
f 2718/1534/2717 2709/1527/2710 2710/1526/2709
f 2710/1526/2709 2717/1533/2716 2718/1534/2717
f 2889/1704/2887 2888/1705/2888 2821/1637/2820
f 2890/1706/2889 2833/1650/2833 2834/1649/2832
f 2858/1674/2857 2892/1707/2890 2891/1708/2891
f 2891/1708/2891 2857/1671/2854 2858/1674/2857
f 2894/1709/2892 2893/1710/2893 2869/1685/2868
f 2869/1685/2868 2875/1691/2874 2894/1709/2892
f 2895/1711/2894 2894/1709/2892 2875/1691/2874
f 2875/1691/2874 2876/1690/2873 2895/1711/2894
f 2898/1712/2895 2897/1713/2896 2896/1714/2897
f 2896/1714/2897 2899/1715/2898 2898/1712/2895
f 2900/1716/2899 2895/1711/2894 2876/1690/2873
f 2876/1690/2873 2882/1699/2882 2900/1716/2899
f 2897/1713/2896 2902/1717/2900 2901/1718/2901
f 2901/1718/2901 2903/1719/2902 2897/1713/2896
f 2904/1720/2903 2896/1714/2897 2897/1713/2896
f 2897/1713/2896 2903/1719/2902 2904/1720/2903
f 2906/1721/2904 2905/1722/2905 2889/1704/2887
f 2889/1704/2887 2907/1723/2906 2906/1721/2904
f 2907/1723/2906 2908/1724/2907 2741/1559/2742
f 2741/1559/2742 2906/1721/2904 2907/1723/2906
f 2744/1560/2743 2741/1559/2742 2908/1724/2907
f 2908/1724/2907 2909/1725/2908 2744/1560/2743
f 2910/1726/2909 2736/1550/2733 2813/1629/2812
f 2907/1723/2906 2889/1704/2887 2821/1637/2820
f 2821/1637/2820 2759/1575/2758 2907/1723/2906
f 2909/1725/2908 2908/1724/2907 2729/1545/2728
f 2729/1545/2728 2726/1544/2727 2909/1725/2908
f 2737/1554/2737 2736/1550/2733 2910/1726/2909
f 2759/1575/2758 2729/1545/2728 2908/1724/2907
f 2908/1724/2907 2907/1723/2906 2759/1575/2758
f 2902/1717/2900 2912/1727/2910 2911/1728/2911
f 2911/1728/2911 2913/1729/2912 2902/1717/2900
f 2914/1730/2913 2731/1547/2730 2913/1729/2912
f 2913/1729/2912 2911/1728/2911 2914/1730/2913
f 2768/1582/2765 2765/1581/2764 2763/1580/2763
f 2763/1580/2763 2767/1583/2766 2768/1582/2765
f 2917/1731/2914 2916/1732/2915 2915/1733/2916
f 2915/1733/2916 2918/1734/2917 2917/1731/2914
f 2734/1552/2735 2754/1570/2753 2736/1550/2733
f 2760/1577/2760 2755/1572/2755 2725/1541/2724
f 2725/1541/2724 2722/1540/2723 2760/1577/2760
f 2803/1619/2802 2920/1735/2918 2919/1736/2919
f 2919/1736/2919 2802/1616/2799 2803/1619/2802
f 2802/1616/2799 2919/1736/2919 2815/1631/2814
f 2815/1631/2814 2750/1564/2747 2802/1616/2799
f 2921/1737/2920 2881/1696/2879 2863/1679/2862
f 2863/1679/2862 2922/1738/2921 2921/1737/2920
f 2923/1739/2922 2794/1610/2793 2795/1609/2792
f 2795/1609/2792 2924/1740/2923 2923/1739/2922
f 2927/1741/2924 2926/1742/2925 2925/1743/2926
f 2925/1743/2926 2928/1744/2927 2927/1741/2924
f 2888/1705/2888 2930/1745/2928 2929/1746/2929
f 2929/1746/2929 2931/1747/2930 2888/1705/2888
f 2795/1609/2792 2822/1640/2823 2932/1748/2931
f 2932/1748/2931 2924/1740/2923 2795/1609/2792
f 2822/1640/2823 2823/1639/2822 2933/1749/2932
f 2933/1749/2932 2932/1748/2931 2822/1640/2823
f 2934/1750/2933 2820/1636/2819 2821/1637/2820
f 2821/1637/2820 2935/1751/2934 2934/1750/2933
f 2823/1639/2822 2825/1642/2825 2936/1752/2935
f 2936/1752/2935 2933/1749/2932 2823/1639/2822
f 2937/1753/2936 2890/1706/2889 2834/1649/2832
f 2834/1649/2832 2836/1652/2835 2937/1753/2936
f 2863/1679/2862 2939/1754/2937 2938/1755/2938
f 2938/1755/2938 2922/1738/2921 2863/1679/2862
f 2940/1756/2939 2927/1741/2924 2928/1744/2927
f 2928/1744/2927 2941/1757/2940 2940/1756/2939
f 2939/1754/2937 2857/1671/2854 2942/1758/2941
f 2942/1758/2941 2938/1755/2938 2939/1754/2937
f 2857/1671/2854 2891/1708/2891 2943/1759/2942
f 2943/1759/2942 2942/1758/2941 2857/1671/2854
f 2904/1720/2903 2903/1719/2902 2944/1760/2943
f 2944/1760/2943 2945/1761/2944 2904/1720/2903
f 2946/1762/2945 2819/1635/2818 2820/1636/2819
f 2820/1636/2819 2934/1750/2933 2946/1762/2945
f 2803/1619/2802 2800/1618/2801 2753/1569/2752
f 2753/1569/2752 2723/1539/2722 2803/1619/2802
f 2753/1569/2752 2800/1618/2801 2817/1634/2817
f 2817/1634/2817 2947/1763/2946 2753/1569/2752
f 2905/1722/2905 2948/1764/2947 2888/1705/2888
f 2888/1705/2888 2889/1704/2887 2905/1722/2905
f 2920/1735/2918 2803/1619/2802 2723/1539/2722
f 2723/1539/2722 2724/1538/2721 2920/1735/2918
f 2825/1642/2825 2819/1635/2818 2946/1762/2945
f 2946/1762/2945 2936/1752/2935 2825/1642/2825
f 2888/1705/2888 2931/1747/2930 2935/1751/2934
f 2935/1751/2934 2821/1637/2820 2888/1705/2888
f 2776/1592/2775 2774/1591/2774 2949/1765/2948
f 2949/1765/2948 2950/1766/2949 2776/1592/2775
f 2953/1767/2950 2952/1768/2951 2951/1769/2952
f 2951/1769/2952 2954/1770/2953 2953/1767/2950
f 2764/1579/2762 2780/1597/2780 2733/1549/2732
f 2733/1549/2732 2730/1548/2731 2764/1579/2762
f 2731/1547/2730 2732/1546/2729 2955/1771/2954
f 2955/1771/2954 2913/1729/2912 2731/1547/2730
f 2764/1579/2762 2782/1598/2781 2780/1597/2780
f 2955/1771/2954 2957/1772/2955 2956/1773/2956
f 2956/1773/2956 2901/1718/2901 2955/1771/2954
f 2779/1595/2778 2777/1594/2777 2733/1549/2732
f 2733/1549/2732 2780/1597/2780 2779/1595/2778
f 2960/1774/2957 2959/1775/2958 2958/1776/2959
f 2962/1777/2960 2961/1778/2961 2955/1771/2954
f 2955/1771/2954 2732/1546/2729 2962/1777/2960
f 2958/1776/2959 2964/1779/2962 2963/1780/2963
f 2963/1780/2963 2965/1781/2964 2958/1776/2959
f 2961/1778/2961 2950/1766/2949 2966/1782/2965
f 2966/1782/2965 2957/1772/2955 2961/1778/2961
f 2776/1592/2775 2950/1766/2949 2961/1778/2961
f 2961/1778/2961 2962/1777/2960 2776/1592/2775
f 2775/1590/2773 2778/1593/2776 2771/1587/2770
f 2771/1587/2770 2772/1586/2769 2775/1590/2773
f 2968/1783/2966 2967/1784/2967 2887/1703/2886
f 2887/1703/2886 2969/1785/2968 2968/1783/2966
f 2778/1593/2776 2887/1703/2886 2967/1784/2967
f 2967/1784/2967 2771/1587/2770 2778/1593/2776
f 2949/1765/2948 2952/1768/2951 2970/1786/2969
f 2970/1786/2969 2950/1766/2949 2949/1765/2948
f 2789/1603/2786 2809/1625/2808 2835/1651/2834
f 2835/1651/2834 2788/1604/2787 2789/1603/2786
f 2971/1787/2970 2774/1591/2774 2772/1586/2769
f 2772/1586/2769 2773/1589/2772 2971/1787/2970
f 2812/1628/2811 2790/1606/2789 2787/1605/2788
f 2787/1605/2788 2839/1655/2838 2812/1628/2811
f 2763/1580/2763 2914/1730/2913 2792/1607/2790
f 2792/1607/2790 2767/1583/2766 2763/1580/2763
f 2836/1652/2835 2835/1651/2834 2809/1625/2808
f 2809/1625/2808 2972/1788/2971 2836/1652/2835
f 2766/1584/2767 2791/1608/2791 2812/1628/2811
f 2812/1628/2811 2839/1655/2838 2766/1584/2767
f 2731/1547/2730 2914/1730/2913 2763/1580/2763
f 2763/1580/2763 2730/1548/2731 2731/1547/2730
f 2954/1770/2953 2951/1769/2952 2973/1789/2972
f 2973/1789/2972 2974/1790/2973 2954/1770/2953
f 2777/1594/2777 2962/1777/2960 2732/1546/2729
f 2732/1546/2729 2733/1549/2732 2777/1594/2777
f 2775/1590/2773 2776/1592/2775 2962/1777/2960
f 2962/1777/2960 2777/1594/2777 2775/1590/2773
f 2774/1591/2774 2951/1769/2952 2952/1768/2951
f 2952/1768/2951 2949/1765/2948 2774/1591/2774
f 2971/1787/2970 2973/1789/2972 2951/1769/2952
f 2951/1769/2952 2774/1591/2774 2971/1787/2970
f 2789/1603/2786 2790/1606/2789 2810/1627/2810
f 2810/1627/2810 2797/1614/2797 2789/1603/2786
f 2975/1791/2974 2827/1643/2826 2794/1610/2793
f 2794/1610/2793 2923/1739/2922 2975/1791/2974
f 2833/1650/2833 2838/1653/2836 2787/1605/2788
f 2787/1605/2788 2788/1604/2787 2833/1650/2833
f 2967/1784/2967 2968/1783/2966 2976/1792/2975
f 2976/1792/2975 2770/1588/2771 2771/1587/2770
f 2771/1587/2770 2967/1784/2967 2976/1792/2975
f 2842/1658/2841 2838/1653/2836 2833/1650/2833
f 2833/1650/2833 2890/1706/2889 2842/1658/2841
f 2773/1589/2772 2925/1743/2926 2973/1789/2972
f 2973/1789/2972 2971/1787/2970 2773/1589/2772
f 2930/1745/2928 2888/1705/2888 2948/1764/2947
f 2948/1764/2947 2977/1793/2976 2930/1745/2928
f 2902/1717/2900 2897/1713/2896 2898/1712/2895
f 2898/1712/2895 2978/1794/2977 2902/1717/2900
f 2903/1719/2902 2901/1718/2901 2956/1773/2956
f 2956/1773/2956 2944/1760/2943 2903/1719/2902
f 2915/1733/2916 2916/1732/2915 2898/1712/2895
f 2898/1712/2895 2899/1715/2898 2915/1733/2916
f 2814/1630/2813 2911/1728/2911 2912/1727/2910
f 2912/1727/2910 2749/1565/2748 2814/1630/2813
f 2911/1728/2911 2814/1630/2813 2914/1730/2913
f 2812/1628/2811 2791/1608/2791 2824/1638/2821
f 2824/1638/2821 2811/1626/2809 2812/1628/2811
f 2791/1608/2791 2792/1607/2790 2826/1641/2824
f 2826/1641/2824 2824/1638/2821 2791/1608/2791
f 2792/1607/2790 2815/1631/2814 2979/1795/2978
f 2979/1795/2978 2826/1641/2824 2792/1607/2790
f 2977/1793/2976 2880/1697/2880 2881/1696/2879
f 2881/1696/2879 2930/1745/2928 2977/1793/2976
f 2930/1745/2928 2881/1696/2879 2921/1737/2920
f 2921/1737/2920 2929/1746/2929 2930/1745/2928
f 2761/1576/2759 2752/1568/2751 2742/1558/2741
f 2742/1558/2741 2743/1557/2740 2761/1576/2759
f 2947/1763/2946 2742/1558/2741 2752/1568/2751
f 2752/1568/2751 2753/1569/2752 2947/1763/2946
f 2980/1796/2979 2900/1716/2899 2882/1699/2882
f 2882/1699/2882 2883/1698/2881 2866/1682/2865
f 2866/1682/2865 2847/1665/2848 2882/1699/2882
f 2902/1717/2900 2913/1729/2912 2955/1771/2954
f 2955/1771/2954 2901/1718/2901 2902/1717/2900
f 2863/1679/2862 2860/1678/2861 2981/1797/2980
f 2981/1797/2980 2939/1754/2937 2863/1679/2862
f 2981/1797/2980 2856/1672/2855 2857/1671/2854
f 2857/1671/2854 2939/1754/2937 2981/1797/2980
f 2720/1536/2719 2713/1531/2714 2714/1530/2713
f 2714/1530/2713 2982/1798/2981 2720/1536/2719
f 2713/1531/2714 2720/1536/2719 2707/1524/2707
f 2707/1524/2707 2716/1532/2715 2713/1531/2714
f 2716/1532/2715 2707/1524/2707 2708/1523/2706
f 2708/1523/2706 2844/1659/2842 2716/1532/2715
f 2947/1763/2946 2817/1634/2817 2905/1722/2905
f 2905/1722/2905 2906/1721/2904 2947/1763/2946
f 2818/1633/2816 2977/1793/2976 2948/1764/2947
f 2906/1721/2904 2741/1559/2742 2742/1558/2741
f 2742/1558/2741 2947/1763/2946 2906/1721/2904
f 2880/1697/2880 2977/1793/2976 2818/1633/2816
f 2818/1633/2816 2850/1666/2849 2880/1697/2880
f 2811/1626/2809 2796/1612/2795 2810/1627/2810
f 2807/1623/2806 2984/1799/2982 2983/1800/2983
f 2975/1791/2974 2986/1801/2984 2985/1802/2985
f 2985/1802/2985 2827/1643/2826 2975/1791/2974
f 2987/1803/2986 2849/1663/2846 2801/1617/2800
f 2801/1617/2800 2751/1567/2750 2987/1803/2986
f 2850/1666/2849 2818/1633/2816 2801/1617/2800
f 2801/1617/2800 2849/1663/2846 2850/1666/2849
f 2848/1664/2847 2980/1796/2979 2882/1699/2882
f 2882/1699/2882 2847/1665/2848 2848/1664/2847
f 2987/1803/2986 2988/1804/2987 2916/1732/2915
f 2916/1732/2915 2917/1731/2914 2987/1803/2986
f 2918/1734/2917 2980/1796/2979 2848/1664/2847
f 2848/1664/2847 2917/1731/2914 2918/1734/2917
f 2989/1805/2988 2798/1613/2796 2985/1802/2985
f 2985/1802/2985 2986/1801/2984 2989/1805/2988
f 2806/1624/2807 2807/1623/2806 2983/1800/2983
f 2989/1805/2988 2972/1788/2971 2809/1625/2808
f 2809/1625/2808 2798/1613/2796 2989/1805/2988
f 2959/1775/2958 2960/1774/2957 2784/1600/2783
f 2784/1600/2783 2785/1599/2782 2959/1775/2958
f 2829/1645/2828 2782/1598/2781 2764/1579/2762
f 2764/1579/2762 2765/1581/2764 2829/1645/2828
f 2964/1779/2962 2958/1776/2959 2959/1775/2958
f 2959/1775/2958 2990/1806/2989 2964/1779/2962
f 2805/1621/2804 2804/1620/2803 2991/1807/2990
f 2991/1807/2990 2979/1795/2978 2805/1621/2804
f 2804/1620/2803 2762/1578/2761 2816/1632/2815
f 2816/1632/2815 2991/1807/2990 2804/1620/2803
f 2825/1642/2825 2991/1807/2990 2816/1632/2815
f 2816/1632/2815 2819/1635/2818 2825/1642/2825
f 2991/1807/2990 2825/1642/2825 2826/1641/2824
f 2826/1641/2824 2979/1795/2978 2991/1807/2990
f 2792/1607/2790 2914/1730/2913 2814/1630/2813
f 2814/1630/2813 2815/1631/2814 2792/1607/2790
f 2724/1538/2721 2805/1621/2804 2979/1795/2978
f 2979/1795/2978 2920/1735/2918 2724/1538/2721
f 2815/1631/2814 2919/1736/2919 2920/1735/2918
f 2920/1735/2918 2979/1795/2978 2815/1631/2814
f 2970/1786/2969 2992/1808/2991 2966/1782/2965
f 2966/1782/2965 2950/1766/2949 2970/1786/2969
f 2952/1768/2951 2953/1767/2950 2992/1808/2991
f 2992/1808/2991 2970/1786/2969 2952/1768/2951
f 2925/1743/2926 2926/1742/2925 2974/1790/2973
f 2974/1790/2973 2973/1789/2972 2925/1743/2926
f 2968/1783/2966 2941/1757/2940 2976/1792/2975
f 2770/1588/2771 2976/1792/2975 2941/1757/2940
f 2941/1757/2940 2928/1744/2927 2770/1588/2771
f 2925/1743/2926 2773/1589/2772 2770/1588/2771
f 2770/1588/2771 2928/1744/2927 2925/1743/2926
f 2961/1778/2961 2957/1772/2955 2955/1771/2954
f 2993/1809/2992 2968/1783/2966 2969/1785/2968
f 2969/1785/2968 2994/1810/2993 2993/1809/2992
f 2968/1783/2966 2993/1809/2992 2940/1756/2939
f 2940/1756/2939 2941/1757/2940 2968/1783/2966
f 2959/1775/2958 2785/1599/2782 2995/1811/2994
f 2995/1811/2994 2990/1806/2989 2959/1775/2958
f 2996/1812/2995 2990/1806/2989 2995/1811/2994
f 2785/1599/2782 2786/1602/2785 2997/1813/2996
f 2997/1813/2996 2995/1811/2994 2785/1599/2782
f 2995/1811/2994 2997/1813/2996 2998/1814/2997
f 2998/1814/2997 2996/1812/2995 2995/1811/2994
f 2727/1543/2726 2728/1542/2725 2762/1578/2761
f 2817/1634/2817 2818/1633/2816 2948/1764/2947
f 2948/1764/2947 2905/1722/2905 2817/1634/2817
f 2699/1517/2700 2873/1689/2872 2872/1688/2871
f 2872/1688/2871 2717/1533/2716 2699/1517/2700
f 2748/1566/2749 2988/1804/2987 2987/1803/2986
f 2987/1803/2986 2751/1567/2750 2748/1566/2749
f 2988/1804/2987 2748/1566/2749 2978/1794/2977
f 2748/1566/2749 2749/1565/2748 2912/1727/2910
f 2912/1727/2910 2978/1794/2977 2748/1566/2749
f 2978/1794/2977 2912/1727/2910 2902/1717/2900
f 2848/1664/2847 2987/1803/2986 2917/1731/2914
f 2988/1804/2987 2978/1794/2977 2898/1712/2895
f 2898/1712/2895 2916/1732/2915 2988/1804/2987
f 2848/1664/2847 2849/1663/2846 2987/1803/2986
f 3001/1815/2998 3000/1816/2999 2999/1817/3000
f 3004/1818/3001 3003/1819/3002 3002/1820/3003
f 3002/1820/3003 3005/1821/3004 3004/1818/3001
f 3008/1822/3005 3007/1823/3006 3006/1824/3007
f 3006/1824/3007 3009/1825/3008 3008/1822/3005
f 3000/1816/2999 3001/1815/2998 3010/1826/3009
f 3010/1826/3009 3011/1827/3010 3000/1816/2999
f 3014/1828/3011 3013/1829/3012 3012/1830/3013
f 3012/1830/3013 3015/1831/3014 3014/1828/3011
f 3017/1832/3015 3016/1833/3016 3003/1819/3002
f 3003/1819/3002 3010/1826/3009 3017/1832/3015
f 3019/1834/3017 3015/1831/3014 3018/1835/3018
f 3018/1835/3018 3020/1836/3019 3019/1834/3017
f 3020/1836/3019 3018/1835/3018 3007/1823/3006
f 3007/1823/3006 3008/1822/3005 3020/1836/3019
f 3009/1825/3008 3006/1824/3007 2999/1817/3000
f 2999/1817/3000 3000/1816/2999 3009/1825/3008
f 2999/1817/3000 3022/1837/3020 3021/1838/3021
f 3021/1838/3021 3001/1815/2998 2999/1817/3000
f 3023/1839/3022 3002/1820/3003 3003/1819/3002
f 3003/1819/3002 3016/1833/3016 3023/1839/3022
f 3024/1840/3023 3006/1824/3007 3007/1823/3006
f 3007/1823/3006 3025/1841/3024 3024/1840/3023
f 3021/1838/3021 3017/1832/3015 3010/1826/3009
f 3010/1826/3009 3001/1815/2998 3021/1838/3021
f 3015/1831/3014 3019/1834/3017 3026/1842/3025
f 3026/1842/3025 3014/1828/3011 3015/1831/3014
f 3003/1819/3002 3004/1818/3001 3011/1827/3010
f 3011/1827/3010 3010/1826/3009 3003/1819/3002
f 3027/1843/3026 3018/1835/3018 3015/1831/3014
f 3015/1831/3014 3012/1830/3013 3027/1843/3026
f 3025/1841/3024 3007/1823/3006 3018/1835/3018
f 3018/1835/3018 3027/1843/3026 3025/1841/3024
f 3006/1824/3007 3024/1840/3023 3028/1844/3027
f 3013/1829/3012 3030/1845/3028 3029/1846/3029
f 3029/1846/3029 3012/1830/3013 3013/1829/3012
f 3017/1832/3015 3032/1847/3030 3031/1848/3031
f 3031/1848/3031 3016/1833/3016 3017/1832/3015
f 3022/1837/3020 3034/1849/3032 3033/1850/3033
f 3033/1850/3033 3021/1838/3021 3022/1837/3020
f 3016/1833/3016 3031/1848/3031 3035/1851/3034
f 3035/1851/3034 3023/1839/3022 3016/1833/3016
f 3025/1841/3024 3037/1852/3035 3036/1853/3036
f 3036/1853/3036 3024/1840/3023 3025/1841/3024
f 3021/1838/3021 3033/1850/3033 3032/1847/3030
f 3032/1847/3030 3017/1832/3015 3021/1838/3021
f 3012/1830/3013 3029/1846/3029 3038/1854/3037
f 3038/1854/3037 3027/1843/3026 3012/1830/3013
f 3027/1843/3026 3038/1854/3037 3037/1852/3035
f 3037/1852/3035 3025/1841/3024 3027/1843/3026
f 3036/1853/3036 3039/1855/3038 3028/1844/3027
f 3028/1844/3027 3024/1840/3023 3036/1853/3036
f 3008/1822/3005 3041/1856/3039 3040/1857/3040
f 3040/1857/3040 3020/1836/3019 3008/1822/3005
f 3020/1836/3019 3040/1857/3040 3042/1858/3041
f 3042/1858/3041 3019/1834/3017 3020/1836/3019
f 3019/1834/3017 3042/1858/3041 3043/1859/3042
f 3043/1859/3042 3026/1842/3025 3019/1834/3017
f 3011/1827/3010 3045/1860/3043 3044/1861/3044
f 3044/1861/3044 3000/1816/2999 3011/1827/3010
f 3004/1818/3001 3046/1862/3045 3045/1860/3043
f 3045/1860/3043 3011/1827/3010 3004/1818/3001
f 3009/1825/3008 3047/1863/3046 3041/1856/3039
f 3041/1856/3039 3008/1822/3005 3009/1825/3008
f 3000/1816/2999 3044/1861/3044 3047/1863/3046
f 3047/1863/3046 3009/1825/3008 3000/1816/2999
f 3005/1821/3004 3048/1864/3047 3046/1862/3045
f 3046/1862/3045 3004/1818/3001 3005/1821/3004
f 3051/1865/3048 3050/1866/3049 3049/1867/3050
f 3049/1867/3050 3052/1868/3051 3051/1865/3048
f 3050/1866/3049 3051/1865/3048 3053/1869/3052
f 3053/1869/3052 3054/1870/3053 3050/1866/3049
f 3057/1871/3054 3056/1872/3055 3055/1873/3056
f 3055/1873/3056 3058/1874/3057 3057/1871/3054
f 3059/1875/3058 3057/1871/3054 3058/1874/3057
f 3058/1874/3057 3060/1876/3059 3059/1875/3058
f 3056/1872/3055 3050/1866/3049 3054/1870/3053
f 3054/1870/3053 3055/1873/3056 3056/1872/3055
f 3056/1872/3055 3057/1871/3054 3061/1877/3060
f 3061/1877/3060 3062/1878/3061 3056/1872/3055
f 3057/1871/3054 3059/1875/3058 3063/1879/3062
f 3063/1879/3062 3061/1877/3060 3057/1871/3054
f 3050/1866/3049 3056/1872/3055 3062/1878/3061
f 3062/1878/3061 3049/1867/3050 3050/1866/3049
f 3064/1880/3063 3054/1870/3053 3053/1869/3052
f 3053/1869/3052 3065/1881/3064 3064/1880/3063
f 3058/1874/3057 3067/1882/3065 3066/1883/3066
f 3066/1883/3066 3060/1876/3059 3058/1874/3057
f 3068/1884/3067 3055/1873/3056 3054/1870/3053
f 3054/1870/3053 3064/1880/3063 3068/1884/3067
f 3055/1873/3056 3068/1884/3067 3067/1882/3065
f 3067/1882/3065 3058/1874/3057 3055/1873/3056
f 3039/1855/3038 3034/1849/3032 3022/1837/3020
f 3022/1837/3020 3028/1844/3027 3039/1855/3038
f 2999/1817/3000 3006/1824/3007 3028/1844/3027
f 3028/1844/3027 3022/1837/3020 2999/1817/3000
f 2822/1640/2823 2795/1609/2792 2796/1612/2795
f 2796/1612/2795 2811/1626/2809 2822/1640/2823
f 2807/1623/2806 2808/1622/2805 2984/1799/2982
f 2802/1616/2799 2750/1564/2747 2751/1567/2750
f 2751/1567/2750 2801/1617/2800 2802/1616/2799
f 3071/1885/3068 3070/1886/3069 3069/1887/3070
f 3069/1887/3070 3072/1888/3071 3071/1885/3068
f 3074/1889/3072 3073/1890/3073 3069/1887/3070
f 3069/1887/3070 3070/1886/3069 3074/1889/3072
f 3076/1891/3074 3075/1892/3075 3073/1890/3073
f 3073/1890/3073 3074/1889/3072 3076/1891/3074
f 3071/1885/3068 3078/1893/3076 3077/1894/3077
f 3077/1894/3077 3070/1886/3069 3071/1885/3068
f 3070/1886/3069 3077/1894/3077 3079/1895/3078
f 3079/1895/3078 3074/1889/3072 3070/1886/3069
f 3074/1889/3072 3079/1895/3078 3080/1896/3079
f 3080/1896/3079 3076/1891/3074 3074/1889/3072
f 3076/1891/3074 3082/1897/3080 3081/1898/3081
f 3081/1898/3081 3075/1892/3075 3076/1891/3074
f 3082/1897/3080 3076/1891/3074 3080/1896/3079
f 3080/1896/3079 3083/1899/3082 3082/1897/3080
f 2604/1422/2605 2605/1421/2604 2614/1430/2613
f 2605/1421/2604 2621/1437/2620 3084/1900/3083
f 3084/1900/3083 2614/1430/2613 2605/1421/2604
f 3084/1900/3083 3085/1901/3084 2613/1428/2611
f 2613/1428/2611 2614/1430/2613 3084/1900/3083
f 3087/1183/3085 3086/1186/3086 2322/1185/2324
f 2322/1185/2324 2323/1184/2323 3087/1183/3085
f 3090/1187/3087 3089/1190/3088 3088/1189/3089
f 3088/1189/3089 3091/1188/3090 3090/1187/3087
f 3094/1191/3091 3093/1193/3092 3092/1192/3093
f 3096/1194/3094 3095/1196/3095 3090/1187/3087
f 3090/1187/3087 3097/1195/3096 3096/1194/3094
f 2338/1197/2336 2339/1200/2339 3098/1199/3097
f 3098/1199/3097 3099/1198/3098 2338/1197/2336
f 3101/1201/3099 3100/1183/3100 2340/1184/2342
f 2340/1184/2342 2341/1202/2341 3101/1201/3099
f 3104/1203/3101 3103/1206/3102 3102/1205/3103
f 3102/1205/3103 3105/1204/3104 3104/1203/3101
f 3088/1189/3089 3089/1190/3088 3106/1207/3105
f 3109/1208/3106 3108/1210/3107 3107/1209/3108
f 3104/1203/3101 3097/1195/3096 3110/1211/3109
f 3110/1211/3109 3103/1206/3102 3104/1203/3101
f 3113/1212/3110 3112/1215/3111 3111/1214/3112
f 3111/1214/3112 3114/1213/3113 3113/1212/3110
f 3116/1216/3114 3115/1217/3115 3111/1214/3112
f 3111/1214/3112 3112/1215/3111 3116/1216/3114
f 3119/1218/3116 3118/1221/3117 3117/1220/3118
f 3117/1220/3118 3120/1219/3119 3119/1218/3116
f 3123/1222/3120 3122/1225/3121 3121/1224/3122
f 3121/1224/3122 3124/1223/3123 3123/1222/3120
f 3127/1226/3124 3126/1229/3125 3125/1228/3126
f 3125/1228/3126 3128/1227/3127 3127/1226/3124
f 3131/1230/3128 3130/1232/3129 3129/1231/3130
f 3131/1230/3128 3132/1233/3131 3130/1232/3129
f 3124/1223/3123 3134/1235/3132 3133/1234/3133
f 3117/1220/3118 3135/1236/3134 3120/1219/3119
f 3135/1236/3134 3137/1238/3135 3136/1237/3136
f 3136/1237/3136 3120/1219/3119 3135/1236/3134
f 3140/1239/3137 3139/1242/3138 3138/1241/3139
f 3138/1241/3139 3141/1240/3140 3140/1239/3137
f 3140/1239/3137 3143/1244/3141 3142/1243/3142
f 3145/1245/3143 3144/1246/3144 3143/1244/3141
f 3146/1247/3145 3123/1222/3120 3124/1223/3123
f 3124/1223/3123 3133/1234/3133 3146/1247/3145
f 3114/1213/3113 3147/1248/3146 3113/1212/3110
f 3148/1249/3147 3139/1242/3138 3140/1239/3137
f 3140/1239/3137 3149/1250/3148 3148/1249/3147
f 3152/1251/3149 3151/1254/3150 3150/1253/3151
f 3150/1253/3151 3153/1252/3152 3152/1251/3149
f 3153/1252/3152 3155/1256/3153 3154/1255/3154
f 3154/1255/3154 3152/1251/3149 3153/1252/3152
f 3099/1198/3098 3093/1193/3092 3094/1191/3091
f 3094/1191/3091 3156/1257/3155 3099/1198/3098
f 3159/1258/3156 3158/1260/3157 3157/1259/3158
f 3162/1261/3159 3161/1260/3160 3160/1258/3161
f 3165/1262/3162 3164/1264/3163 3163/1263/3164
f 3168/1265/3165 3167/1264/3166 3166/1262/3167
f 3169/1266/3168 3115/1217/3115 3116/1216/3114
f 3172/1267/3169 3171/1270/3170 3170/1269/3171
f 3170/1269/3171 3173/1268/3172 3172/1267/3169
f 3176/1263/3173 3175/1264/3174 3174/1271/3175
f 3179/1272/3176 3178/1274/3177 3177/1273/3178
f 3182/1272/3179 3181/1275/3180 3180/1274/3181
f 3185/1276/3182 3184/1278/3183 3183/1277/3184
f 3188/1276/3185 3187/1279/3186 3186/1278/3187
f 3191/1280/3188 3190/1282/3189 3189/1281/3190
f 3194/1276/3191 3193/1277/3192 3192/1283/3193
f 3197/1284/3194 3196/1287/3195 3195/1286/3196
f 3195/1286/3196 3198/1285/3197 3197/1284/3194
f 3195/1286/3196 3200/1289/3198 3199/1288/3199
f 3199/1288/3199 3198/1285/3197 3195/1286/3196
f 3201/1290/3200 3143/1244/3141 3140/1239/3137
f 3140/1239/3137 3141/1240/3140 3201/1290/3200
f 3204/1291/3201 3203/1293/3202 3202/1292/3203
f 3205/1294/3204 3170/1269/3171 3171/1270/3170
f 3171/1270/3170 3206/1295/3205 3205/1294/3204
f 3173/1268/3172 3170/1269/3171 3108/1210/3107
f 3108/1210/3107 3109/1208/3106 3173/1268/3172
f 3207/1296/3206 3108/1210/3107 3170/1269/3171
f 3170/1269/3171 3205/1294/3204 3207/1296/3206
f 3209/1297/3207 3208/1298/3208 3108/1210/3107
f 3108/1210/3107 3207/1296/3206 3209/1297/3207
f 3211/1299/3209 3210/1300/3210 3114/1213/3113
f 3114/1213/3113 3111/1214/3112 3211/1299/3209
f 3152/1251/3149 3114/1213/3113 3210/1300/3210
f 3210/1300/3210 3151/1254/3150 3152/1251/3149
f 3154/1255/3154 3147/1248/3146 3114/1213/3113
f 3114/1213/3113 3152/1251/3149 3154/1255/3154
f 3212/1301/3211 3206/1295/3205 3171/1270/3170
f 3169/1266/3168 3106/1207/3105 3089/1190/3088
f 3089/1190/3088 3115/1217/3115 3169/1266/3168
f 3213/1302/3212 3107/1209/3108 3108/1210/3107
f 3108/1210/3107 3208/1298/3208 3213/1302/3212
f 3216/1303/3213 3215/1204/3214 3214/1205/3213
f 3214/1205/3213 3217/1304/3215 3216/1303/3213
f 3219/1201/3216 3218/1305/3217 3104/1203/3101
f 3099/1198/3098 3098/1199/3097 3220/1306/3218
f 3220/1306/3218 3093/1193/3092 3099/1198/3098
f 3101/1201/3099 3222/1203/3219 3221/1204/3220
f 3221/1204/3220 3100/1183/3100 3101/1201/3099
f 3122/1225/3121 3123/1222/3120 3119/1218/3116
f 3119/1218/3116 3120/1219/3119 3223/1307/3221
f 3223/1307/3221 3122/1225/3121 3119/1218/3116
f 3225/1308/3222 3189/1281/3190 3224/1310/3223
f 3224/1310/3223 3226/1309/3224 3225/1308/3222
f 3228/1311/3225 3227/1312/3226 3225/1308/3222
f 3225/1308/3222 3204/1291/3201 3228/1311/3225
f 3128/1227/3127 3224/1310/3223 3229/1314/3227
f 3229/1314/3227 3230/1313/3228 3128/1227/3127
f 3189/1281/3190 3229/1314/3227 3224/1310/3223
f 3126/1229/3125 3127/1226/3124 3230/1313/3228
f 3230/1313/3228 3231/1315/3229 3126/1229/3125
f 3230/1313/3228 3127/1226/3124 3128/1227/3127
f 3223/1307/3221 3120/1219/3119 3136/1237/3136
f 3136/1237/3136 3232/1316/3230 3223/1307/3221
f 3145/1245/3143 3136/1237/3136 3137/1238/3135
f 3157/1259/3158 3234/1317/3231 3233/1191/3232
f 3233/1191/3232 3159/1258/3156 3157/1259/3158
f 3236/1191/3233 3235/1192/3234 3162/1261/3159
f 3162/1261/3159 3160/1258/3161 3236/1191/3233
f 3163/1263/3164 3238/1195/3235 3237/1187/3236
f 3237/1187/3236 3165/1262/3162 3163/1263/3164
f 3240/1187/3237 3239/1188/3238 3168/1265/3165
f 3168/1265/3165 3166/1262/3167 3240/1187/3237
f 3242/1211/3239 3241/1195/3240 3176/1263/3173
f 3176/1263/3173 3174/1271/3175 3242/1211/3239
f 3145/1245/3143 3143/1244/3141 3136/1237/3136
f 3143/1244/3141 3201/1290/3200 3232/1316/3230
f 3232/1316/3230 3136/1237/3136 3143/1244/3141
f 3203/1293/3202 3204/1291/3201 3225/1308/3222
f 3225/1308/3222 3226/1309/3224 3203/1293/3202
f 3138/1241/3139 3139/1242/3138 3198/1285/3197
f 3198/1285/3197 3199/1288/3199 3138/1241/3139
f 3139/1242/3138 3148/1249/3147 3197/1284/3194
f 3197/1284/3194 3198/1285/3197 3139/1242/3138
f 2486/1318/2485 3132/1233/3131 3121/1224/3122
f 3121/1224/3122 2485/1319/2486 2486/1318/2485
f 3121/1224/3122 3132/1233/3131 3124/1223/3123
f 3130/1232/3129 2488/1321/2488 2487/1320/2487
f 2487/1320/2487 3129/1231/3130 3130/1232/3129
f 3132/1233/3131 2486/1318/2485 2488/1321/2488
f 2488/1321/2488 3130/1232/3129 3132/1233/3131
f 3134/1235/3132 3124/1223/3123 3132/1233/3131
f 3132/1233/3131 3131/1230/3128 3134/1235/3132
f 3208/1298/3208 3209/1297/3207 3243/1317/3241
f 3097/1195/3096 3104/1203/3101 3218/1305/3217
f 3218/1305/3217 3096/1194/3094 3097/1195/3096
f 3244/1322/3242 3206/1295/3205 3212/1301/3211
f 3089/1190/3088 3090/1187/3087 3095/1196/3095
f 3245/1323/3243 3211/1299/3209 3111/1214/3112
f 3111/1214/3112 3115/1217/3115 3245/1323/3243
f 3115/1217/3115 3089/1190/3088 3095/1196/3095
f 3095/1196/3095 3245/1323/3243 3115/1217/3115
f 3218/1305/3217 3219/1201/3216 2492/1202/2493
f 2492/1202/2493 2493/1324/2492 3218/1305/3217
f 3247/1325/3244 3246/1326/3245 3204/1291/3201
f 3204/1291/3201 3202/1292/3203 3247/1325/3244
f 3128/1227/3127 3125/1228/3126 2496/1328/2497
f 2496/1328/2497 2497/1327/2496 3128/1227/3127
f 3248/1329/3246 3247/1325/3244 3202/1292/3203
f 3202/1292/3203 3249/1330/3247 3248/1329/3246
f 3177/1273/3178 3178/1274/3177 3250/1313/3248
f 3250/1313/3248 3251/1314/3249 3177/1273/3178
f 3180/1274/3181 3181/1275/3180 3252/1315/3250
f 3252/1315/3250 3253/1313/3251 3180/1274/3181
f 3254/1222/3252 3183/1277/3184 3184/1278/3183
f 3184/1278/3183 3255/1218/3253 3254/1222/3252
f 3186/1278/3187 3187/1279/3186 3256/1221/3254
f 3256/1221/3254 3257/1218/3255 3186/1278/3187
f 3258/1247/3256 3192/1283/3193 3193/1277/3192
f 3193/1277/3192 3259/1222/3257 3258/1247/3256
f 3262/1183/3258 3261/1303/3259 3260/1304/3260
f 3260/1304/3260 3263/1186/3261 3262/1183/3258
f 3264/1303/3262 3100/1183/3100 3221/1204/3220
f 2517/1331/2514 2518/1334/2517 3265/1333/3263
f 3265/1333/3263 3266/1332/3264 2517/1331/2514
f 3267/1335/3265 3265/1333/3263 2518/1334/2517
f 2518/1334/2517 2519/1336/2519 3267/1335/3265
f 3268/1337/3266 2522/1338/2521 2517/1331/2514
f 2517/1331/2514 3266/1332/3264 3268/1337/3266
f 3206/1295/3205 3268/1337/3266 3266/1332/3264
f 3266/1332/3264 3205/1294/3204 3206/1295/3205
f 3266/1332/3264 3265/1333/3263 3207/1296/3206
f 3207/1296/3206 3205/1294/3204 3266/1332/3264
f 3099/1198/3098 3156/1257/3155 3267/1335/3265
f 3269/1339/3267 2524/1340/2523 2522/1338/2521
f 2522/1338/2521 3268/1337/3266 3269/1339/3267
f 3268/1337/3266 3206/1295/3205 3270/1341/3268
f 3270/1341/3268 3269/1339/3267 3268/1337/3266
f 2528/1342/2525 2529/1345/2528 3271/1344/3269
f 3271/1344/3269 3272/1343/3270 2528/1342/2525
f 3273/1346/3271 3271/1344/3269 3249/1330/3247
f 3249/1330/3247 3202/1292/3203 3273/1346/3271
f 3267/1335/3265 2519/1336/2519 2338/1197/2336
f 2338/1197/2336 3099/1198/3098 3267/1335/3265
f 2531/1347/2530 2532/1348/2531 3202/1292/3203
f 3202/1292/3203 3203/1293/3202 2531/1347/2530
f 3202/1292/3203 2532/1348/2531 3273/1346/3271
f 3226/1309/3224 3224/1310/3223 2533/1350/2533
f 2533/1350/2533 2534/1349/2532 3226/1309/3224
f 3274/1351/3272 3272/1343/3270 3271/1344/3269
f 3271/1344/3269 3273/1346/3271 3274/1351/3272
f 3274/1351/3272 2536/1352/2535 2528/1342/2525
f 2528/1342/2525 3272/1343/3270 3274/1351/3272
f 3265/1333/3263 3267/1335/3265 3209/1297/3207
f 3209/1297/3207 3207/1296/3206 3265/1333/3263
f 3267/1335/3265 3156/1257/3155 3209/1297/3207
f 3156/1257/3155 3094/1191/3091 3243/1317/3241
f 3243/1317/3241 3209/1297/3207 3156/1257/3155
f 2534/1349/2532 2531/1347/2530 3203/1293/3202
f 3203/1293/3202 3226/1309/3224 2534/1349/2532
f 3128/1227/3127 2497/1327/2496 2533/1350/2533
f 2533/1350/2533 3224/1310/3223 3128/1227/3127
f 3206/1295/3205 3244/1322/3242 3275/1353/3273
f 3275/1353/3273 3270/1341/3268 3206/1295/3205
f 3277/1354/3274 3276/1355/3275 3155/1256/3153
f 3155/1256/3153 3153/1252/3152 3277/1354/3274
f 3278/1356/3276 3277/1354/3274 3153/1252/3152
f 3153/1252/3152 3150/1253/3151 3278/1356/3276
f 3129/1231/3130 3133/1234/3133 3134/1235/3132
f 3134/1235/3132 3131/1230/3128 3129/1231/3130
f 3220/1306/3218 3098/1199/3097 3279/1357/3277
f 3280/1358/3278 3191/1280/3188 3225/1308/3222
f 3225/1308/3222 3227/1312/3226 3280/1358/3278
f 3273/1346/3271 2532/1348/2531 2536/1352/2535
f 2536/1352/2535 3274/1351/3272 3273/1346/3271
f 3142/1243/3142 3143/1244/3141 3144/1246/3144
f 3140/1239/3137 3142/1243/3142 3149/1250/3148
f 3191/1280/3188 3189/1281/3190 3225/1308/3222
f 3281/1359/3279 2546/1362/2545 2543/1361/2544
f 2543/1361/2544 3282/1360/3280 3281/1359/3279
f 3284/1363/3281 3283/1366/3282 2547/1365/2548
f 2547/1365/2548 2548/1364/2547 3284/1363/3281
f 2553/1367/2550 3286/1370/3283 3285/1369/3284
f 3285/1369/3284 2552/1368/2551 2553/1367/2550
f 2557/1371/2554 3288/1374/3285 3287/1373/3286
f 3287/1373/3286 2556/1372/2555 2557/1371/2554
f 2559/1375/2558 3289/1376/3287 3282/1360/3280
f 3282/1360/3280 2543/1361/2544 2559/1375/2558
f 2552/1368/2551 3285/1369/3284 3290/1378/3288
f 3290/1378/3288 2562/1377/2560 2552/1368/2551
f 3291/1379/3289 3281/1359/3279 3282/1360/3280
f 3282/1360/3280 3292/1380/3290 3291/1379/3289
f 3294/1381/3291 3293/1382/3292 3283/1366/3282
f 3283/1366/3282 3284/1363/3281 3294/1381/3291
f 3295/1383/3293 3291/1379/3289 3292/1380/3290
f 3292/1380/3290 3296/1384/3294 3295/1383/3293
f 3298/1385/3295 3297/1386/3296 3293/1382/3292
f 3293/1382/3292 3294/1381/3291 3298/1385/3295
f 3286/1370/3283 3295/1383/3293 3296/1384/3294
f 3296/1384/3294 3285/1369/3284 3286/1370/3283
f 3288/1374/3285 3297/1386/3296 3298/1385/3295
f 3298/1385/3295 3287/1373/3286 3288/1374/3285
f 3292/1380/3290 3282/1360/3280 3289/1376/3287
f 3285/1369/3284 3296/1384/3294 3292/1380/3290
f 3292/1380/3290 3290/1378/3288 3285/1369/3284
f 3299/1387/3297 3284/1363/3281 2548/1364/2547
f 2548/1364/2547 2571/1388/2571 3299/1387/3297
f 2556/1372/2555 3287/1373/3286 3300/1390/3298
f 3300/1390/3298 2574/1389/2572 2556/1372/2555
f 3301/1391/3299 3294/1381/3291 3284/1363/3281
f 3284/1363/3281 3299/1387/3297 3301/1391/3299
f 3302/1392/3300 3298/1385/3295 3294/1381/3291
f 3294/1381/3291 3301/1391/3299 3302/1392/3300
f 3287/1373/3286 3298/1385/3295 3302/1392/3300
f 3302/1392/3300 3300/1390/3298 3287/1373/3286
f 3303/1393/3301 2578/1394/2577 2547/1365/2548
f 2547/1365/2548 3283/1366/3282 3303/1393/3301
f 2557/1371/2554 2580/1396/2579 3304/1395/3302
f 3304/1395/3302 3288/1374/3285 2557/1371/2554
f 3305/1397/3303 3303/1393/3301 3283/1366/3282
f 3283/1366/3282 3293/1382/3292 3305/1397/3303
f 3306/1398/3304 3305/1397/3303 3293/1382/3292
f 3293/1382/3292 3297/1386/3296 3306/1398/3304
f 3288/1374/3285 3304/1395/3302 3306/1398/3304
f 3306/1398/3304 3297/1386/3296 3288/1374/3285
f 3299/1387/3297 2571/1388/2571 2546/1362/2545
f 2546/1362/2545 3281/1359/3279 3299/1387/3297
f 2574/1389/2572 3300/1390/3298 3286/1370/3283
f 3286/1370/3283 2553/1367/2550 2574/1389/2572
f 3301/1391/3299 3299/1387/3297 3281/1359/3279
f 3281/1359/3279 3291/1379/3289 3301/1391/3299
f 3302/1392/3300 3301/1391/3299 3291/1379/3289
f 3291/1379/3289 3295/1383/3293 3302/1392/3300
f 3300/1390/3298 3302/1392/3300 3295/1383/3293
f 3295/1383/3293 3286/1370/3283 3300/1390/3298
f 3307/1399/3305 2584/1400/2583 2578/1394/2577
f 2578/1394/2577 3303/1393/3301 3307/1399/3305
f 2580/1396/2579 2586/1402/2585 3308/1401/3306
f 3308/1401/3306 3304/1395/3302 2580/1396/2579
f 3309/1403/3307 3307/1399/3305 3303/1393/3301
f 3303/1393/3301 3305/1397/3303 3309/1403/3307
f 3310/1404/3308 3309/1403/3307 3305/1397/3303
f 3305/1397/3303 3306/1398/3304 3310/1404/3308
f 3304/1395/3302 3308/1401/3306 3310/1404/3308
f 3310/1404/3308 3306/1398/3304 3304/1395/3302
f 3312/1405/3309 3311/1408/3310 2589/1407/2590
f 2589/1407/2590 2590/1406/2589 3312/1405/3309
f 2589/1407/2590 3311/1408/3310 3313/1410/3311
f 3313/1410/3311 2594/1409/2592 2589/1407/2590
f 3314/1411/3312 3313/1410/3311 3311/1408/3310
f 3311/1408/3310 3315/1412/3313 3314/1411/3312
f 3315/1412/3313 3317/1414/3314 3316/1413/3315
f 3316/1413/3315 3314/1411/3312 3315/1412/3313
f 3317/1414/3314 3319/1416/3316 3318/1415/3317
f 3318/1415/3317 3316/1413/3315 3317/1414/3314
f 3320/1417/3318 3315/1412/3313 3311/1408/3310
f 3311/1408/3310 3312/1405/3309 3320/1417/3318
f 3315/1412/3313 3320/1417/3318 3321/1418/3319
f 3321/1418/3319 3317/1414/3314 3315/1412/3313
f 3317/1414/3314 3321/1418/3319 3322/1419/3320
f 3322/1419/3320 3319/1416/3316 3317/1414/3314
f 3325/1420/3321 3324/1423/3322 3323/1422/3323
f 3323/1422/3323 3326/1421/3324 3325/1420/3321
f 3327/1424/3325 2611/1427/2610 2608/1426/2609
f 2608/1426/2609 3328/1425/3326 3327/1424/3325
f 3330/1428/3327 3329/1430/3328 3323/1422/3323
f 3323/1422/3323 3331/1429/3329 3330/1428/3327
f 3325/1420/3321 3326/1421/3324 3332/1432/3330
f 3332/1432/3330 3333/1431/3331 3325/1420/3321
f 2619/1433/2616 3335/1436/3332 3334/1435/3333
f 3334/1435/3333 2618/1434/2617 2619/1433/2616
f 3332/1432/3330 3326/1421/3324 3336/1437/3334
f 3324/1423/3322 3325/1420/3321 3335/1436/3332
f 3335/1436/3332 3327/1424/3325 3324/1423/3322
f 3325/1420/3321 3333/1431/3331 3334/1435/3333
f 3334/1435/3333 3335/1436/3332 3325/1420/3321
f 3324/1423/3322 3337/1438/3335 3331/1429/3329
f 3331/1429/3329 3323/1422/3323 3324/1423/3322
f 3327/1424/3325 3335/1436/3332 2619/1433/2616
f 2619/1433/2616 2611/1427/2610 3327/1424/3325
f 3327/1424/3325 3328/1425/3326 3337/1438/3335
f 3337/1438/3335 3324/1423/3322 3327/1424/3325
f 3338/1439/3336 2626/1442/2625 2623/1441/2624
f 2623/1441/2624 3339/1440/3337 3338/1439/3336
f 3342/1443/3338 3341/1446/3339 3340/1445/3340
f 3340/1445/3340 3343/1444/3341 3342/1443/3338
f 3346/1447/3342 3345/1450/3343 3344/1449/3344
f 3344/1449/3344 3347/1448/3345 3346/1447/3342
f 3349/1451/3346 3348/1452/3347 3345/1450/3343
f 3345/1450/3343 3346/1447/3342 3349/1451/3346
f 3350/1453/3348 2640/1456/2639 2637/1455/2638
f 2637/1455/2638 3351/1454/3349 3350/1453/3348
f 3351/1454/3349 3340/1445/3340 3341/1446/3339
f 3341/1446/3339 3350/1453/3348 3351/1454/3349
f 3343/1444/3341 3347/1448/3345 3344/1449/3344
f 3344/1449/3344 3342/1443/3338 3343/1444/3341
f 3339/1440/3337 3348/1452/3347 3349/1451/3346
f 3349/1451/3346 3338/1439/3336 3339/1440/3337
f 3350/1453/3348 3341/1446/3339 3352/1458/3350
f 3352/1458/3350 3353/1457/3351 3350/1453/3348
f 2643/1459/2642 3354/1460/3352 3339/1440/3337
f 3339/1440/3337 2623/1441/2624 2643/1459/2642
f 3348/1452/3347 3339/1440/3337 3354/1460/3352
f 3354/1460/3352 3355/1461/3353 3348/1452/3347
f 3342/1443/3338 3344/1449/3344 3356/1463/3354
f 3356/1463/3354 3357/1462/3355 3342/1443/3338
f 3341/1446/3339 3342/1443/3338 3357/1462/3355
f 3357/1462/3355 3352/1458/3350 3341/1446/3339
f 3344/1449/3344 3345/1450/3343 3358/1464/3356
f 3358/1464/3356 3356/1463/3354 3344/1449/3344
f 3345/1450/3343 3348/1452/3347 3355/1461/3353
f 3355/1461/3353 3358/1464/3356 3345/1450/3343
f 2640/1456/2639 3350/1453/3348 3353/1457/3351
f 3353/1457/3351 2649/1465/2648 2640/1456/2639
f 2626/1442/2625 3338/1439/3336 3359/1467/3357
f 3359/1467/3357 2651/1466/2649 2626/1442/2625
f 3361/1468/3358 3360/1469/3359 3343/1444/3341
f 3343/1444/3341 3340/1445/3340 3361/1468/3358
f 3363/1470/3360 3362/1471/3361 3346/1447/3342
f 3346/1447/3342 3347/1448/3345 3363/1470/3360
f 3362/1471/3361 3364/1472/3362 3349/1451/3346
f 3349/1451/3346 3346/1447/3342 3362/1471/3361
f 2657/1473/2656 3365/1474/3363 3351/1454/3349
f 3351/1454/3349 2637/1455/2638 2657/1473/2656
f 3365/1474/3363 3361/1468/3358 3340/1445/3340
f 3340/1445/3340 3351/1454/3349 3365/1474/3363
f 3360/1469/3359 3363/1470/3360 3347/1448/3345
f 3347/1448/3345 3343/1444/3341 3360/1469/3359
f 3364/1472/3362 3359/1467/3357 3338/1439/3336
f 3338/1439/3336 3349/1451/3346 3364/1472/3362
f 3368/1475/3364 3367/1478/3365 3366/1477/3366
f 3366/1477/3366 3369/1476/3367 3368/1475/3364
f 3372/1479/3368 3371/1482/3369 3370/1481/3370
f 3370/1481/3370 3373/1480/3371 3372/1479/3368
f 3374/1483/3372 2670/1486/2669 2667/1485/2668
f 2667/1485/2668 3375/1484/3373 3374/1483/3372
f 3370/1481/3370 3371/1482/3369 3374/1483/3372
f 3374/1483/3372 3375/1484/3373 3370/1481/3370
f 3367/1478/3365 3368/1475/3364 3372/1479/3368
f 3372/1479/3368 3373/1480/3371 3367/1478/3365
f 3378/1487/3374 3377/1490/3375 3376/1489/3376
f 3376/1489/3376 3379/1488/3377 3378/1487/3374
f 3376/1489/3376 2676/1492/2675 2675/1491/2674
f 2675/1491/2674 3379/1488/3377 3376/1489/3376
f 3377/1490/3375 3378/1487/3374 3369/1476/3367
f 3369/1476/3367 3366/1477/3366 3377/1490/3375
f 3369/1476/3367 3378/1487/3374 3380/1494/3378
f 3380/1494/3378 3381/1493/3379 3369/1476/3367
f 3374/1483/3372 3371/1482/3369 3382/1496/3380
f 3382/1496/3380 3383/1495/3381 3374/1483/3372
f 3372/1479/3368 3368/1475/3364 3384/1498/3382
f 3384/1498/3382 3385/1497/3383 3372/1479/3368
f 2670/1486/2669 3374/1483/3372 3383/1495/3381
f 3383/1495/3381 2683/1499/2682 2670/1486/2669
f 3371/1482/3369 3372/1479/3368 3385/1497/3383
f 3385/1497/3383 3382/1496/3380 3371/1482/3369
f 3368/1475/3364 3369/1476/3367 3381/1493/3379
f 3381/1493/3379 3384/1498/3382 3368/1475/3364
f 3378/1487/3374 3379/1488/3377 3386/1500/3384
f 3386/1500/3384 3380/1494/3378 3378/1487/3374
f 3379/1488/3377 2675/1491/2674 2685/1501/2684
f 2685/1501/2684 3386/1500/3384 3379/1488/3377
f 3388/1502/3385 3387/1503/3386 3366/1477/3366
f 3366/1477/3366 3367/1478/3365 3388/1502/3385
f 3373/1480/3371 3370/1481/3370 3389/1504/3387
f 2689/1505/2688 3390/1506/3388 3375/1484/3373
f 3375/1484/3373 2667/1485/2668 2689/1505/2688
f 3390/1506/3388 3391/1507/3389 3370/1481/3370
f 3370/1481/3370 3375/1484/3373 3390/1506/3388
f 3392/1508/3390 3388/1502/3385 3367/1478/3365
f 3367/1478/3365 3373/1480/3371 3392/1508/3390
f 3376/1489/3376 3377/1490/3375 3393/1509/3391
f 2676/1492/2675 3376/1489/3376 3394/1510/3392
f 3377/1490/3375 3366/1477/3366 3395/1511/3393
f 2676/1492/2675 3394/1510/3392 2696/1512/2695
f 3394/1510/3392 3376/1489/3376 3396/1513/3394
f 3376/1489/3376 3393/1509/3391 3396/1513/3394
f 3393/1509/3391 3377/1490/3375 3397/1514/3395
f 3377/1490/3375 3395/1511/3393 3397/1514/3395
f 3395/1511/3393 3366/1477/3366 3387/1503/3386
f 3373/1480/3371 3389/1504/3387 3392/1508/3390
f 3389/1504/3387 3370/1481/3370 3391/1507/3389
f 3400/1515/3396 3399/1518/3397 3398/1517/3398
f 3398/1517/3398 3401/1516/3399 3400/1515/3396
f 3404/1519/3400 3403/1522/3401 3402/1521/3402
f 3402/1521/3402 3405/1520/3403 3404/1519/3400
f 3406/1523/3404 3405/1520/3403 3402/1521/3402
f 3402/1521/3402 3407/1524/3405 3406/1523/3404
f 3410/1525/3406 3409/1528/3407 3408/1527/3408
f 3408/1527/3408 3411/1526/3409 3410/1525/3406
f 3414/1529/3410 3413/1532/3411 3412/1531/3412
f 3412/1531/3412 3415/1530/3413 3414/1529/3410
f 3410/1525/3406 3411/1526/3409 3416/1533/3414
f 3416/1533/3414 3399/1518/3397 3410/1525/3406
f 3408/1527/3408 3417/1535/3415 3403/1522/3401
f 3403/1522/3401 3418/1534/3416 3408/1527/3408
f 3402/1521/3402 3420/1537/3417 3419/1536/3418
f 3419/1536/3418 3407/1524/3405 3402/1521/3402
f 3423/1538/3419 3422/1541/3420 3421/1540/3421
f 3421/1540/3421 3424/1539/3422 3423/1538/3419
f 3427/1542/3423 3426/1545/3424 3425/1544/3425
f 3425/1544/3425 3428/1543/3426 3427/1542/3423
f 3431/1546/3427 3430/1549/3428 3429/1548/3429
f 3429/1548/3429 3432/1547/3430 3431/1546/3427
f 3435/1550/3431 3434/1552/3432 3433/1551/3433
f 3437/1553/3434 3436/1554/3435 3435/1550/3431
f 3437/1553/3434 3435/1550/3431 3433/1551/3433
f 3435/1550/3431 3439/1556/3436 3438/1555/3437
f 3442/1557/3438 3441/1560/3439 3440/1559/3440
f 3440/1559/3440 3443/1558/3441 3442/1557/3438
f 3403/1522/3401 3404/1519/3400 3444/1561/3442
f 3444/1561/3442 3418/1534/3416 3403/1522/3401
f 3444/1561/3442 3404/1519/3400 3445/1563/3443
f 3445/1563/3443 3446/1562/3444 3444/1561/3442
f 3449/1564/3445 3448/1567/3446 3447/1566/3447
f 3447/1566/3447 3450/1565/3448 3449/1564/3445
f 3452/1568/3449 3451/1569/3450 3424/1539/3422
f 3424/1539/3422 3421/1540/3421 3452/1568/3449
f 3435/1550/3431 3438/1555/3437 3453/1570/3451
f 3456/1571/3452 3455/1573/3453 3454/1572/3454
f 3454/1572/3454 3422/1541/3420 3456/1571/3452
f 3458/1574/3455 3457/1575/3456 3426/1545/3424
f 3426/1545/3424 3427/1542/3423 3458/1574/3455
f 3459/1576/3457 3452/1568/3449 3421/1540/3421
f 3421/1540/3421 3460/1577/3458 3459/1576/3457
f 3455/1573/3453 3456/1571/3452 3461/1578/3459
f 3461/1578/3459 3428/1543/3426 3455/1573/3453
f 3464/1579/3460 3463/1581/3461 3462/1580/3462
f 3462/1580/3462 3429/1548/3429 3464/1579/3460
f 3467/1582/3463 3466/1585/3464 3465/1584/3465
f 3465/1584/3465 3468/1583/3466 3467/1582/3463
f 3471/1586/3467 3470/1589/3468 3469/1588/3469
f 3469/1588/3469 3472/1587/3470 3471/1586/3467
f 3475/1590/3471 3474/1592/3472 3473/1591/3473
f 3473/1591/3473 3471/1586/3467 3475/1590/3471
f 3478/1593/3474 3477/1595/3475 3476/1594/3476
f 3476/1594/3476 3475/1590/3471 3478/1593/3474
f 3481/1596/3477 3480/1598/3478 3479/1597/3479
f 3479/1597/3479 3477/1595/3475 3481/1596/3477
f 3484/1599/3480 3483/1602/3481 3482/1601/3482
f 3482/1601/3482 3485/1600/3483 3484/1599/3480
f 3488/1603/3484 3487/1606/3485 3486/1605/3486
f 3486/1605/3486 3489/1604/3487 3488/1603/3484
f 3490/1607/3488 3468/1583/3466 3465/1584/3465
f 3465/1584/3465 3491/1608/3489 3490/1607/3488
f 3494/1609/3490 3493/1612/3491 3492/1611/3492
f 3492/1611/3492 3495/1610/3493 3494/1609/3490
f 3497/1613/3494 3496/1615/3495 3492/1611/3492
f 3492/1611/3492 3498/1614/3496 3497/1613/3494
f 3501/1616/3497 3500/1619/3498 3499/1618/3499
f 3499/1618/3499 3502/1617/3500 3501/1616/3497
f 3456/1571/3452 3504/1621/3501 3503/1620/3502
f 3503/1620/3502 3461/1578/3459 3456/1571/3452
f 3507/1622/3503 3506/1624/3504 3505/1623/3505
f 3488/1603/3484 3508/1625/3506 3497/1613/3494
f 3497/1613/3494 3498/1614/3496 3488/1603/3484
f 3510/1626/3507 3509/1628/3508 3487/1606/3485
f 3487/1606/3485 3511/1627/3509 3510/1626/3507
f 3435/1550/3431 3512/1629/3510 3439/1556/3436
f 3504/1621/3501 3456/1571/3452 3422/1541/3420
f 3422/1541/3420 3423/1538/3419 3504/1621/3501
f 3514/1630/3511 3513/1631/3512 3449/1564/3445
f 3449/1564/3445 3450/1565/3448 3514/1630/3511
f 3515/1632/3513 3458/1574/3455 3427/1542/3423
f 3427/1542/3423 3461/1578/3459 3515/1632/3513
f 3516/1633/3514 3502/1617/3500 3499/1618/3499
f 3499/1618/3499 3517/1634/3515 3516/1633/3514
f 3519/1635/3516 3518/1636/3517 3458/1574/3455
f 3458/1574/3455 3515/1632/3513 3519/1635/3516
f 3520/1637/3518 3457/1575/3456 3458/1574/3455
f 3458/1574/3455 3518/1636/3517 3520/1637/3518
f 3522/1638/3519 3510/1626/3507 3521/1640/3520
f 3521/1640/3520 3523/1639/3521 3522/1638/3519
f 3498/1614/3496 3492/1611/3492 3493/1612/3491
f 3493/1612/3491 3511/1627/3509 3498/1614/3496
f 3522/1638/3519 3523/1639/3521 3524/1642/3522
f 3524/1642/3522 3525/1641/3523 3522/1638/3519
f 3526/1643/3524 3495/1610/3493 3492/1611/3492
f 3492/1611/3492 3496/1615/3495 3526/1643/3524
f 3463/1581/3461 3528/1645/3525 3527/1644/3526
f 3527/1644/3526 3467/1582/3463 3463/1581/3461
f 3529/1646/3527 3482/1601/3482 3483/1602/3481
f 3483/1602/3481 3530/1647/3528 3529/1646/3527
f 3531/1648/3529 3466/1585/3464 3467/1582/3463
f 3467/1582/3463 3527/1644/3526 3531/1648/3529
f 3533/1649/3530 3532/1651/3531 3489/1604/3487
f 3489/1604/3487 3534/1650/3532 3533/1649/3530
f 3533/1649/3530 3535/1652/3533 3532/1651/3531
f 3486/1605/3486 3537/1655/3534 3536/1654/3535
f 3536/1654/3535 3538/1653/3536 3486/1605/3486
f 3537/1655/3534 3465/1584/3465 3466/1585/3464
f 3466/1585/3464 3536/1654/3535 3537/1655/3534
f 3531/1648/3529 3536/1654/3535 3466/1585/3464
f 3540/1656/3537 3539/1657/3538 3529/1646/3527
f 3529/1646/3527 3530/1647/3528 3540/1656/3537
f 3536/1654/3535 3531/1648/3529 3541/1658/3539
f 3541/1658/3539 3538/1653/3536 3536/1654/3535
f 3413/1532/3411 3414/1529/3410 3542/1660/3540
f 3542/1660/3540 3543/1659/3541 3413/1532/3411
f 3414/1529/3410 3545/1662/3542 3544/1661/3543
f 3544/1661/3543 3542/1660/3540 3414/1529/3410
f 3548/1663/3544 3547/1666/3545 3546/1665/3546
f 3546/1665/3546 3549/1664/3547 3548/1663/3544
f 3399/1518/3397 3416/1533/3414 3398/1517/3398
f 3550/1667/3548 3410/1525/3406 3399/1518/3397
f 3399/1518/3397 3400/1515/3396 3550/1667/3548
f 3551/1668/3549 3542/1660/3540 3544/1661/3543
f 3404/1519/3400 3405/1520/3403 3552/1669/3550
f 3552/1669/3550 3445/1563/3443 3404/1519/3400
f 3405/1520/3403 3406/1523/3404 3553/1670/3551
f 3553/1670/3551 3552/1669/3550 3405/1520/3403
f 3556/1671/3552 3555/1674/3553 3554/1673/3554
f 3554/1673/3554 3557/1672/3555 3556/1671/3552
f 3553/1670/3551 3406/1523/3404 3543/1659/3541
f 3543/1659/3541 3558/1675/3556 3553/1670/3551
f 3551/1668/3549 3558/1675/3556 3543/1659/3541
f 3543/1659/3541 3542/1660/3540 3551/1668/3549
f 3561/1676/3557 3560/1679/3558 3559/1678/3559
f 3559/1678/3559 3562/1677/3560 3561/1676/3557
f 3562/1677/3560 3564/1681/3561 3563/1680/3562
f 3563/1680/3562 3561/1676/3557 3562/1677/3560
f 3564/1681/3561 3566/1683/3563 3565/1682/3564
f 3565/1682/3564 3563/1680/3562 3564/1681/3561
f 3569/1684/3565 3568/1686/3566 3567/1685/3567
f 3571/1687/3568 3570/1688/3569 3444/1561/3442
f 3444/1561/3442 3446/1562/3444 3571/1687/3568
f 3571/1687/3568 3572/1689/3570 3570/1688/3569
f 3575/1690/3571 3574/1693/3572 3573/1692/3573
f 3573/1692/3573 3576/1691/3574 3575/1690/3571
f 3398/1517/3398 3572/1689/3570 3577/1694/3575
f 3577/1694/3575 3401/1516/3399 3398/1517/3398
f 3415/1530/3413 3578/1695/3576 3545/1662/3542
f 3545/1662/3542 3414/1529/3410 3415/1530/3413
f 3579/1696/3577 3560/1679/3558 3561/1676/3557
f 3561/1676/3557 3580/1697/3578 3579/1696/3577
f 3580/1697/3578 3561/1676/3557 3563/1680/3562
f 3563/1680/3562 3547/1666/3545 3580/1697/3578
f 3563/1680/3562 3565/1682/3564 3546/1665/3546
f 3546/1665/3546 3547/1666/3545 3563/1680/3562
f 3581/1698/3579 3574/1693/3572 3575/1690/3571
f 3575/1690/3571 3582/1699/3580 3581/1698/3579
f 3401/1516/3399 3584/1701/3581 3583/1700/3582
f 3583/1700/3582 3400/1515/3396 3401/1516/3399
f 3400/1515/3396 3583/1700/3582 3550/1667/3548
f 3585/1702/3583 3584/1701/3581 3401/1516/3399
f 3401/1516/3399 3577/1694/3575 3585/1702/3583
f 3576/1691/3574 3573/1692/3573 3569/1684/3565
f 3569/1684/3565 3567/1685/3567 3576/1691/3574
f 3478/1593/3474 3586/1703/3584 3481/1596/3477
f 3481/1596/3477 3477/1595/3475 3478/1593/3474
f 3418/1534/3416 3444/1561/3442 3570/1688/3569
f 3570/1688/3569 3416/1533/3414 3418/1534/3416
f 3418/1534/3416 3416/1533/3414 3411/1526/3409
f 3411/1526/3409 3408/1527/3408 3418/1534/3416
f 3588/1704/3585 3520/1637/3518 3587/1705/3586
f 3589/1706/3587 3533/1649/3530 3534/1650/3532
f 3555/1674/3553 3556/1671/3552 3590/1708/3588
f 3590/1708/3588 3591/1707/3589 3555/1674/3553
f 3592/1709/3590 3576/1691/3574 3567/1685/3567
f 3567/1685/3567 3593/1710/3591 3592/1709/3590
f 3594/1711/3592 3575/1690/3571 3576/1691/3574
f 3576/1691/3574 3592/1709/3590 3594/1711/3592
f 3597/1712/3593 3596/1715/3594 3595/1714/3595
f 3595/1714/3595 3598/1713/3596 3597/1712/3593
f 3599/1716/3597 3582/1699/3580 3575/1690/3571
f 3575/1690/3571 3594/1711/3592 3599/1716/3597
f 3598/1713/3596 3601/1719/3598 3600/1718/3599
f 3600/1718/3599 3602/1717/3600 3598/1713/3596
f 3603/1720/3601 3601/1719/3598 3598/1713/3596
f 3598/1713/3596 3595/1714/3595 3603/1720/3601
f 3605/1721/3602 3604/1723/3603 3588/1704/3585
f 3588/1704/3585 3606/1722/3604 3605/1721/3602
f 3604/1723/3603 3605/1721/3602 3440/1559/3440
f 3440/1559/3440 3607/1724/3605 3604/1723/3603
f 3441/1560/3439 3608/1725/3606 3607/1724/3605
f 3607/1724/3605 3440/1559/3440 3441/1560/3439
f 3609/1726/3607 3512/1629/3510 3435/1550/3431
f 3604/1723/3603 3457/1575/3456 3520/1637/3518
f 3520/1637/3518 3588/1704/3585 3604/1723/3603
f 3608/1725/3606 3425/1544/3425 3426/1545/3424
f 3426/1545/3424 3607/1724/3605 3608/1725/3606
f 3436/1554/3435 3609/1726/3607 3435/1550/3431
f 3457/1575/3456 3604/1723/3603 3607/1724/3605
f 3607/1724/3605 3426/1545/3424 3457/1575/3456
f 3602/1717/3600 3611/1729/3608 3610/1728/3609
f 3610/1728/3609 3612/1727/3610 3602/1717/3600
f 3613/1730/3611 3610/1728/3609 3611/1729/3608
f 3611/1729/3608 3432/1547/3430 3613/1730/3611
f 3467/1582/3463 3468/1583/3466 3462/1580/3462
f 3462/1580/3462 3463/1581/3461 3467/1582/3463
f 3616/1731/3612 3615/1734/3613 3614/1733/3614
f 3614/1733/3614 3617/1732/3615 3616/1731/3612
f 3434/1552/3432 3435/1550/3431 3453/1570/3451
f 3460/1577/3458 3421/1540/3421 3422/1541/3420
f 3422/1541/3420 3454/1572/3454 3460/1577/3458
f 3500/1619/3498 3501/1616/3497 3618/1736/3616
f 3618/1736/3616 3619/1735/3617 3500/1619/3498
f 3501/1616/3497 3449/1564/3445 3513/1631/3512
f 3513/1631/3512 3618/1736/3616 3501/1616/3497
f 2921/1737/2920 2922/1738/2921 3560/1679/3558
f 3560/1679/3558 3579/1696/3577 2921/1737/2920
f 2923/1739/2922 2924/1740/2923 3494/1609/3490
f 3494/1609/3490 3495/1610/3493 2923/1739/2922
f 2927/1741/2924 3621/1744/3618 3620/1743/3619
f 3620/1743/3619 2926/1742/2925 2927/1741/2924
f 3587/1705/3586 2931/1747/2930 2929/1746/2929
f 2929/1746/2929 3622/1745/3620 3587/1705/3586
f 3494/1609/3490 2924/1740/2923 2932/1748/2931
f 2932/1748/2931 3521/1640/3520 3494/1609/3490
f 3521/1640/3520 2932/1748/2931 2933/1749/2932
f 2933/1749/2932 3523/1639/3521 3521/1640/3520
f 2934/1750/2933 2935/1751/2934 3520/1637/3518
f 3520/1637/3518 3518/1636/3517 2934/1750/2933
f 3523/1639/3521 2933/1749/2932 2936/1752/2935
f 2936/1752/2935 3524/1642/3522 3523/1639/3521
f 2937/1753/3621 3535/1652/3533 3533/1649/3530
f 3533/1649/3530 3589/1706/3587 2937/1753/3621
f 3560/1679/3558 2922/1738/2921 2938/1755/2938
f 2938/1755/2938 3623/1754/3622 3560/1679/3558
f 2940/1756/2939 3624/1757/3623 3621/1744/3618
f 3621/1744/3618 2927/1741/2924 2940/1756/2939
f 3623/1754/3622 2938/1755/2938 2942/1758/2941
f 2942/1758/2941 3556/1671/3552 3623/1754/3622
f 3556/1671/3552 2942/1758/2941 2943/1759/2942
f 2943/1759/2942 3590/1708/3588 3556/1671/3552
f 3603/1720/3601 2945/1761/2944 2944/1760/2943
f 2944/1760/2943 3601/1719/3598 3603/1720/3601
f 2946/1762/2945 2934/1750/2933 3518/1636/3517
f 3518/1636/3517 3519/1635/3516 2946/1762/2945
f 3500/1619/3498 3424/1539/3422 3451/1569/3450
f 3451/1569/3450 3499/1618/3499 3500/1619/3498
f 3451/1569/3450 3625/1763/3624 3517/1634/3515
f 3517/1634/3515 3499/1618/3499 3451/1569/3450
f 3606/1722/3604 3588/1704/3585 3587/1705/3586
f 3587/1705/3586 3626/1764/3625 3606/1722/3604
f 3619/1735/3617 3423/1538/3419 3424/1539/3422
f 3424/1539/3422 3500/1619/3498 3619/1735/3617
f 3524/1642/3522 2936/1752/2935 2946/1762/2945
f 2946/1762/2945 3519/1635/3516 3524/1642/3522
f 3587/1705/3586 3520/1637/3518 2935/1751/2934
f 2935/1751/2934 2931/1747/2930 3587/1705/3586
f 3474/1592/3472 3628/1766/3626 3627/1765/3627
f 3627/1765/3627 3473/1591/3473 3474/1592/3472
f 2953/1767/2950 2954/1770/2953 3629/1769/3628
f 3629/1769/3628 3630/1768/3629 2953/1767/2950
f 3464/1579/3460 3429/1548/3429 3430/1549/3428
f 3430/1549/3428 3479/1597/3479 3464/1579/3460
f 3432/1547/3430 3611/1729/3608 3631/1771/3630
f 3631/1771/3630 3431/1546/3427 3432/1547/3430
f 3464/1579/3460 3479/1597/3479 3480/1598/3478
f 3631/1771/3630 3600/1718/3599 2956/1773/2956
f 2956/1773/2956 2957/1772/2955 3631/1771/3630
f 3477/1595/3475 3479/1597/3479 3430/1549/3428
f 3430/1549/3428 3476/1594/3476 3477/1595/3475
f 3634/1774/3631 3633/1776/3632 3632/1775/3633
f 3635/1777/3634 3431/1546/3427 3631/1771/3630
f 3631/1771/3630 3636/1778/3635 3635/1777/3634
f 3633/1776/3632 3638/1781/3636 3637/1780/3637
f 3637/1780/3637 3639/1779/3638 3633/1776/3632
f 3636/1778/3635 2957/1772/2955 2966/1782/2965
f 2966/1782/2965 3628/1766/3626 3636/1778/3635
f 3474/1592/3472 3635/1777/3634 3636/1778/3635
f 3636/1778/3635 3628/1766/3626 3474/1592/3472
f 3475/1590/3471 3471/1586/3467 3472/1587/3470
f 3472/1587/3470 3478/1593/3474 3475/1590/3471
f 3641/1783/3639 3640/1785/3640 3586/1703/3584
f 3586/1703/3584 3642/1784/3641 3641/1783/3639
f 3478/1593/3474 3472/1587/3470 3642/1784/3641
f 3642/1784/3641 3586/1703/3584 3478/1593/3474
f 3627/1765/3627 3628/1766/3626 3643/1786/3642
f 3643/1786/3642 3630/1768/3629 3627/1765/3627
f 3488/1603/3484 3489/1604/3487 3532/1651/3531
f 3532/1651/3531 3508/1625/3506 3488/1603/3484
f 3644/1787/3643 3470/1589/3468 3471/1586/3467
f 3471/1586/3467 3473/1591/3473 3644/1787/3643
f 3509/1628/3508 3537/1655/3534 3486/1605/3486
f 3486/1605/3486 3487/1606/3485 3509/1628/3508
f 3462/1580/3462 3468/1583/3466 3490/1607/3488
f 3490/1607/3488 3613/1730/3611 3462/1580/3462
f 3535/1652/3533 3645/1788/3644 3508/1625/3506
f 3508/1625/3506 3532/1651/3531 3535/1652/3533
f 3465/1584/3465 3537/1655/3534 3509/1628/3508
f 3509/1628/3508 3491/1608/3489 3465/1584/3465
f 3432/1547/3430 3429/1548/3429 3462/1580/3462
f 3462/1580/3462 3613/1730/3611 3432/1547/3430
f 2954/1770/2953 2974/1790/2973 3646/1789/3645
f 3646/1789/3645 3629/1769/3628 2954/1770/2953
f 3476/1594/3476 3430/1549/3428 3431/1546/3427
f 3431/1546/3427 3635/1777/3634 3476/1594/3476
f 3475/1590/3471 3476/1594/3476 3635/1777/3634
f 3635/1777/3634 3474/1592/3472 3475/1590/3471
f 3473/1591/3473 3627/1765/3627 3630/1768/3629
f 3630/1768/3629 3629/1769/3628 3473/1591/3473
f 3644/1787/3643 3473/1591/3473 3629/1769/3628
f 3629/1769/3628 3646/1789/3645 3644/1787/3643
f 3488/1603/3484 3498/1614/3496 3511/1627/3509
f 3511/1627/3509 3487/1606/3485 3488/1603/3484
f 2975/1791/2974 2923/1739/2922 3495/1610/3493
f 3495/1610/3493 3526/1643/3524 2975/1791/2974
f 3534/1650/3532 3489/1604/3487 3486/1605/3486
f 3486/1605/3486 3538/1653/3536 3534/1650/3532
f 3642/1784/3641 3647/1792/3646 3641/1783/3639
f 3647/1792/3646 3642/1784/3641 3472/1587/3470
f 3472/1587/3470 3469/1588/3469 3647/1792/3646
f 3541/1658/3539 3589/1706/3587 3534/1650/3532
f 3534/1650/3532 3538/1653/3536 3541/1658/3539
f 3470/1589/3468 3644/1787/3643 3646/1789/3645
f 3646/1789/3645 3620/1743/3619 3470/1589/3468
f 3622/1745/3620 3648/1793/3647 3626/1764/3625
f 3626/1764/3625 3587/1705/3586 3622/1745/3620
f 3602/1717/3600 3649/1794/3648 3597/1712/3593
f 3597/1712/3593 3598/1713/3596 3602/1717/3600
f 3601/1719/3598 2944/1760/2943 2956/1773/2956
f 2956/1773/2956 3600/1718/3599 3601/1719/3598
f 3614/1733/3614 3596/1715/3594 3597/1712/3593
f 3597/1712/3593 3617/1732/3615 3614/1733/3614
f 3514/1630/3511 3450/1565/3448 3612/1727/3610
f 3612/1727/3610 3610/1728/3609 3514/1630/3511
f 3610/1728/3609 3613/1730/3611 3514/1630/3511
f 3509/1628/3508 3510/1626/3507 3522/1638/3519
f 3522/1638/3519 3491/1608/3489 3509/1628/3508
f 3491/1608/3489 3522/1638/3519 3525/1641/3523
f 3525/1641/3523 3490/1607/3488 3491/1608/3489
f 3490/1607/3488 3525/1641/3523 3650/1795/3649
f 3650/1795/3649 3513/1631/3512 3490/1607/3488
f 3648/1793/3647 3622/1745/3620 3579/1696/3577
f 3579/1696/3577 3580/1697/3578 3648/1793/3647
f 3622/1745/3620 2929/1746/2929 2921/1737/2920
f 2921/1737/2920 3579/1696/3577 3622/1745/3620
f 3459/1576/3457 3442/1557/3438 3443/1558/3441
f 3443/1558/3441 3452/1568/3449 3459/1576/3457
f 3625/1763/3624 3451/1569/3450 3452/1568/3449
f 3452/1568/3449 3443/1558/3441 3625/1763/3624
f 3651/1796/3650 3582/1699/3580 3599/1716/3597
f 3582/1699/3580 3546/1665/3546 3565/1682/3564
f 3565/1682/3564 3581/1698/3579 3582/1699/3580
f 3602/1717/3600 3600/1718/3599 3631/1771/3630
f 3631/1771/3630 3611/1729/3608 3602/1717/3600
f 3560/1679/3558 3623/1754/3622 3652/1797/3651
f 3652/1797/3651 3559/1678/3559 3560/1679/3558
f 3652/1797/3651 3623/1754/3622 3556/1671/3552
f 3556/1671/3552 3557/1672/3555 3652/1797/3651
f 3419/1536/3418 3653/1798/3652 3415/1530/3413
f 3415/1530/3413 3412/1531/3412 3419/1536/3418
f 3412/1531/3412 3413/1532/3411 3407/1524/3405
f 3407/1524/3405 3419/1536/3418 3412/1531/3412
f 3413/1532/3411 3543/1659/3541 3406/1523/3404
f 3406/1523/3404 3407/1524/3405 3413/1532/3411
f 3625/1763/3624 3605/1721/3602 3606/1722/3604
f 3606/1722/3604 3517/1634/3515 3625/1763/3624
f 3516/1633/3514 3626/1764/3625 3648/1793/3647
f 3605/1721/3602 3625/1763/3624 3443/1558/3441
f 3443/1558/3441 3440/1559/3440 3605/1721/3602
f 3580/1697/3578 3547/1666/3545 3516/1633/3514
f 3516/1633/3514 3648/1793/3647 3580/1697/3578
f 3510/1626/3507 3511/1627/3509 3493/1612/3491
f 3505/1623/3505 3655/1800/3653 3654/1799/3654
f 2975/1791/2974 3526/1643/3524 3656/1802/3655
f 3656/1802/3655 2986/1801/2984 2975/1791/2974
f 3657/1803/3656 3448/1567/3446 3502/1617/3500
f 3502/1617/3500 3548/1663/3544 3657/1803/3656
f 3547/1666/3545 3548/1663/3544 3502/1617/3500
f 3502/1617/3500 3516/1633/3514 3547/1666/3545
f 3549/1664/3547 3546/1665/3546 3582/1699/3580
f 3582/1699/3580 3651/1796/3650 3549/1664/3547
f 3657/1803/3656 3616/1731/3612 3617/1732/3615
f 3617/1732/3615 3658/1804/3657 3657/1803/3656
f 3615/1734/3613 3616/1731/3612 3549/1664/3547
f 3549/1664/3547 3651/1796/3650 3615/1734/3613
f 2989/1805/2988 2986/1801/2984 3656/1802/3655
f 3656/1802/3655 3497/1613/3494 2989/1805/2988
f 3506/1624/3504 3655/1800/3653 3505/1623/3505
f 2989/1805/2988 3497/1613/3494 3508/1625/3506
f 3508/1625/3506 3645/1788/3644 2989/1805/2988
f 3632/1775/3633 3484/1599/3480 3485/1600/3483
f 3485/1600/3483 3634/1774/3631 3632/1775/3633
f 3528/1645/3525 3463/1581/3461 3464/1579/3460
f 3464/1579/3460 3480/1598/3478 3528/1645/3525
f 3639/1779/3638 3659/1806/3658 3632/1775/3633
f 3632/1775/3633 3633/1776/3632 3639/1779/3638
f 3504/1621/3501 3650/1795/3649 3660/1807/3659
f 3660/1807/3659 3503/1620/3502 3504/1621/3501
f 3503/1620/3502 3660/1807/3659 3515/1632/3513
f 3515/1632/3513 3461/1578/3459 3503/1620/3502
f 3524/1642/3522 3519/1635/3516 3515/1632/3513
f 3515/1632/3513 3660/1807/3659 3524/1642/3522
f 3660/1807/3659 3650/1795/3649 3525/1641/3523
f 3525/1641/3523 3524/1642/3522 3660/1807/3659
f 3490/1607/3488 3513/1631/3512 3514/1630/3511
f 3514/1630/3511 3613/1730/3611 3490/1607/3488
f 3423/1538/3419 3619/1735/3617 3650/1795/3649
f 3650/1795/3649 3504/1621/3501 3423/1538/3419
f 3513/1631/3512 3650/1795/3649 3619/1735/3617
f 3619/1735/3617 3618/1736/3616 3513/1631/3512
f 3643/1786/3642 3628/1766/3626 2966/1782/2965
f 2966/1782/2965 2992/1808/2991 3643/1786/3642
f 3630/1768/3629 3643/1786/3642 2992/1808/2991
f 2992/1808/2991 2953/1767/2950 3630/1768/3629
f 3620/1743/3619 3646/1789/3645 2974/1790/2973
f 2974/1790/2973 2926/1742/2925 3620/1743/3619
f 3641/1783/3639 3647/1792/3646 3624/1757/3623
f 3469/1588/3469 3621/1744/3618 3624/1757/3623
f 3624/1757/3623 3647/1792/3646 3469/1588/3469
f 3620/1743/3619 3621/1744/3618 3469/1588/3469
f 3469/1588/3469 3470/1589/3468 3620/1743/3619
f 3636/1778/3635 3631/1771/3630 2957/1772/2955
f 2993/1809/2992 2994/1810/2993 3640/1785/3640
f 3640/1785/3640 3641/1783/3639 2993/1809/2992
f 3641/1783/3639 3624/1757/3623 2940/1756/2939
f 2940/1756/2939 2993/1809/2992 3641/1783/3639
f 3632/1775/3633 3659/1806/3658 3661/1811/3660
f 3661/1811/3660 3484/1599/3480 3632/1775/3633
f 3662/1812/3661 3661/1811/3660 3659/1806/3658
f 3484/1599/3480 3661/1811/3660 3663/1813/3662
f 3663/1813/3662 3483/1602/3481 3484/1599/3480
f 3661/1811/3660 3662/1812/3661 3664/1814/3663
f 3664/1814/3663 3663/1813/3662 3661/1811/3660
f 3428/1543/3426 3461/1578/3459 3427/1542/3423
f 3517/1634/3515 3606/1722/3604 3626/1764/3625
f 3626/1764/3625 3516/1633/3514 3517/1634/3515
f 3398/1517/3398 3416/1533/3414 3570/1688/3569
f 3570/1688/3569 3572/1689/3570 3398/1517/3398
f 3447/1566/3447 3448/1567/3446 3657/1803/3656
f 3657/1803/3656 3658/1804/3657 3447/1566/3447
f 3658/1804/3657 3649/1794/3648 3447/1566/3447
f 3447/1566/3447 3649/1794/3648 3612/1727/3610
f 3612/1727/3610 3450/1565/3448 3447/1566/3447
f 3649/1794/3648 3602/1717/3600 3612/1727/3610
f 3549/1664/3547 3616/1731/3612 3657/1803/3656
f 3658/1804/3657 3617/1732/3615 3597/1712/3593
f 3597/1712/3593 3649/1794/3648 3658/1804/3657
f 3549/1664/3547 3657/1803/3656 3548/1663/3544
f 3667/1815/3664 3666/1817/3665 3665/1816/3666
f 3668/1818/3667 3005/1821/3004 3002/1820/3003
f 3002/1820/3003 3669/1819/3668 3668/1818/3667
f 3672/1822/3669 3671/1825/3670 3670/1824/3671
f 3670/1824/3671 3673/1823/3672 3672/1822/3669
f 3665/1816/3666 3675/1827/3673 3674/1826/3674
f 3674/1826/3674 3667/1815/3664 3665/1816/3666
f 3014/1828/3011 3677/1831/3675 3676/1830/3676
f 3676/1830/3676 3013/1829/3012 3014/1828/3011
f 3678/1832/3677 3674/1826/3674 3669/1819/3668
f 3669/1819/3668 3679/1833/3678 3678/1832/3677
f 3682/1834/3679 3681/1836/3680 3680/1835/3681
f 3680/1835/3681 3677/1831/3675 3682/1834/3679
f 3681/1836/3680 3672/1822/3669 3673/1823/3672
f 3673/1823/3672 3680/1835/3681 3681/1836/3680
f 3671/1825/3670 3665/1816/3666 3666/1817/3665
f 3666/1817/3665 3670/1824/3671 3671/1825/3670
f 3666/1817/3665 3667/1815/3664 3683/1838/3682
f 3683/1838/3682 3684/1837/3683 3666/1817/3665
f 3023/1839/3022 3679/1833/3678 3669/1819/3668
f 3669/1819/3668 3002/1820/3003 3023/1839/3022
f 3686/1840/3684 3685/1841/3685 3673/1823/3672
f 3673/1823/3672 3670/1824/3671 3686/1840/3684
f 3683/1838/3682 3667/1815/3664 3674/1826/3674
f 3674/1826/3674 3678/1832/3677 3683/1838/3682
f 3677/1831/3675 3014/1828/3011 3026/1842/3025
f 3026/1842/3025 3682/1834/3679 3677/1831/3675
f 3669/1819/3668 3674/1826/3674 3675/1827/3673
f 3675/1827/3673 3668/1818/3667 3669/1819/3668
f 3687/1843/3686 3676/1830/3676 3677/1831/3675
f 3677/1831/3675 3680/1835/3681 3687/1843/3686
f 3685/1841/3685 3687/1843/3686 3680/1835/3681
f 3680/1835/3681 3673/1823/3672 3685/1841/3685
f 3670/1824/3671 3688/1844/3687 3686/1840/3684
f 3013/1829/3012 3676/1830/3676 3689/1846/3688
f 3689/1846/3688 3030/1845/3028 3013/1829/3012
f 3678/1832/3677 3679/1833/3678 3690/1848/3689
f 3690/1848/3689 3691/1847/3690 3678/1832/3677
f 3684/1837/3683 3683/1838/3682 3692/1850/3691
f 3692/1850/3691 3693/1849/3692 3684/1837/3683
f 3679/1833/3678 3023/1839/3022 3035/1851/3034
f 3035/1851/3034 3690/1848/3689 3679/1833/3678
f 3685/1841/3685 3686/1840/3684 3694/1853/3693
f 3694/1853/3693 3695/1852/3694 3685/1841/3685
f 3683/1838/3682 3678/1832/3677 3691/1847/3690
f 3691/1847/3690 3692/1850/3691 3683/1838/3682
f 3676/1830/3676 3687/1843/3686 3696/1854/3695
f 3696/1854/3695 3689/1846/3688 3676/1830/3676
f 3687/1843/3686 3685/1841/3685 3695/1852/3694
f 3695/1852/3694 3696/1854/3695 3687/1843/3686
f 3694/1853/3693 3686/1840/3684 3688/1844/3687
f 3688/1844/3687 3697/1855/3696 3694/1853/3693
f 3672/1822/3669 3681/1836/3680 3698/1857/3697
f 3698/1857/3697 3699/1856/3698 3672/1822/3669
f 3681/1836/3680 3682/1834/3679 3700/1858/3699
f 3700/1858/3699 3698/1857/3697 3681/1836/3680
f 3682/1834/3679 3026/1842/3025 3043/1859/3042
f 3043/1859/3042 3700/1858/3699 3682/1834/3679
f 3675/1827/3673 3665/1816/3666 3701/1861/3700
f 3701/1861/3700 3702/1860/3701 3675/1827/3673
f 3668/1818/3667 3675/1827/3673 3702/1860/3701
f 3702/1860/3701 3703/1862/3702 3668/1818/3667
f 3671/1825/3670 3672/1822/3669 3699/1856/3698
f 3699/1856/3698 3704/1863/3703 3671/1825/3670
f 3665/1816/3666 3671/1825/3670 3704/1863/3703
f 3704/1863/3703 3701/1861/3700 3665/1816/3666
f 3005/1821/3004 3668/1818/3667 3703/1862/3702
f 3703/1862/3702 3048/1864/3047 3005/1821/3004
f 3051/1865/3048 3052/1868/3051 3705/1867/3704
f 3705/1867/3704 3706/1866/3705 3051/1865/3048
f 3706/1866/3705 3707/1870/3706 3053/1869/3052
f 3053/1869/3052 3051/1865/3048 3706/1866/3705
f 3710/1871/3707 3709/1874/3708 3708/1873/3709
f 3708/1873/3709 3711/1872/3710 3710/1871/3707
f 3713/1875/3711 3712/1876/3712 3709/1874/3708
f 3709/1874/3708 3710/1871/3707 3713/1875/3711
f 3711/1872/3710 3708/1873/3709 3707/1870/3706
f 3707/1870/3706 3706/1866/3705 3711/1872/3710
f 3711/1872/3710 3715/1878/3713 3714/1877/3714
f 3714/1877/3714 3710/1871/3707 3711/1872/3710
f 3710/1871/3707 3714/1877/3714 3716/1879/3715
f 3716/1879/3715 3713/1875/3711 3710/1871/3707
f 3706/1866/3705 3705/1867/3704 3715/1878/3713
f 3715/1878/3713 3711/1872/3710 3706/1866/3705
f 3717/1880/3716 3065/1881/3064 3053/1869/3052
f 3053/1869/3052 3707/1870/3706 3717/1880/3716
f 3709/1874/3708 3712/1876/3712 3718/1883/3717
f 3718/1883/3717 3719/1882/3718 3709/1874/3708
f 3720/1884/3719 3717/1880/3716 3707/1870/3706
f 3707/1870/3706 3708/1873/3709 3720/1884/3719
f 3708/1873/3709 3709/1874/3708 3719/1882/3718
f 3719/1882/3718 3720/1884/3719 3708/1873/3709
f 3697/1855/3696 3688/1844/3687 3684/1837/3683
f 3684/1837/3683 3693/1849/3692 3697/1855/3696
f 3666/1817/3665 3684/1837/3683 3688/1844/3687
f 3688/1844/3687 3670/1824/3671 3666/1817/3665
f 3521/1640/3520 3510/1626/3507 3493/1612/3491
f 3493/1612/3491 3494/1609/3490 3521/1640/3520
f 3505/1623/3505 3654/1799/3654 3507/1622/3503
f 3501/1616/3497 3502/1617/3500 3448/1567/3446
f 3448/1567/3446 3449/1564/3445 3501/1616/3497
f 3071/1885/3068 3072/1888/3071 3721/1887/3720
f 3721/1887/3720 3722/1886/3721 3071/1885/3068
f 3723/1889/3722 3722/1886/3721 3721/1887/3720
f 3721/1887/3720 3724/1890/3723 3723/1889/3722
f 3725/1891/3724 3723/1889/3722 3724/1890/3723
f 3724/1890/3723 3726/1892/3725 3725/1891/3724
f 3071/1885/3068 3722/1886/3721 3727/1894/3726
f 3727/1894/3726 3078/1893/3076 3071/1885/3068
f 3722/1886/3721 3723/1889/3722 3728/1895/3727
f 3728/1895/3727 3727/1894/3726 3722/1886/3721
f 3723/1889/3722 3725/1891/3724 3729/1896/3728
f 3729/1896/3728 3728/1895/3727 3723/1889/3722
f 3725/1891/3724 3726/1892/3725 3730/1898/3729
f 3730/1898/3729 3731/1897/3730 3725/1891/3724
f 3731/1897/3730 3732/1899/3731 3729/1896/3728
f 3729/1896/3728 3725/1891/3724 3731/1897/3730
f 3323/1422/3323 3329/1430/3328 3326/1421/3324
f 3326/1421/3324 3329/1430/3328 3733/1900/3732
f 3733/1900/3732 3336/1437/3334 3326/1421/3324
f 3733/1900/3732 3329/1430/3328 3330/1428/3327
f 3330/1428/3327 3734/1901/3733 3733/1900/3732
f 3737/1902/3734 3736/1903/3735 3735/1904/3736
f 3735/1904/3736 3738/1905/3737 3737/1902/3734
f 3740/1906/3738 3739/1907/3739 3736/1903/3735
f 3736/1903/3735 3737/1902/3734 3740/1906/3738
f 3742/1908/3740 3741/1909/3741 3739/1907/3739
f 3739/1907/3739 3740/1906/3738 3742/1908/3740
f 3744/1910/3742 3743/1911/3743 3741/1909/3741
f 3741/1909/3741 3742/1908/3740 3744/1910/3742
f 3745/1912/3744 3737/1902/3734 3738/1905/3737
f 3738/1905/3737 3746/1913/3745 3745/1912/3744
f 3747/1914/3746 3740/1906/3738 3737/1902/3734
f 3737/1902/3734 3745/1912/3744 3747/1914/3746
f 3748/1915/3747 3742/1908/3740 3740/1906/3738
f 3740/1906/3738 3747/1914/3746 3748/1915/3747
f 3749/1916/3748 3744/1910/3742 3742/1908/3740
f 3742/1908/3740 3748/1915/3747 3749/1916/3748
f 3750/1917/3749 3745/1912/3744 3746/1913/3745
f 3746/1913/3745 3751/1918/3750 3750/1917/3749
f 3752/1919/3751 3747/1914/3746 3745/1912/3744
f 3745/1912/3744 3750/1917/3749 3752/1919/3751
f 3753/1920/3752 3748/1915/3747 3747/1914/3746
f 3747/1914/3746 3752/1919/3751 3753/1920/3752
f 3754/1921/3753 3749/1916/3748 3748/1915/3747
f 3748/1915/3747 3753/1920/3752 3754/1921/3753
f 3755/1922/3754 3750/1917/3749 3751/1918/3750
f 3751/1918/3750 3756/1923/3755 3755/1922/3754
f 3757/1924/3756 3752/1919/3751 3750/1917/3749
f 3750/1917/3749 3755/1922/3754 3757/1924/3756
f 3758/1925/3757 3753/1920/3752 3752/1919/3751
f 3752/1919/3751 3757/1924/3756 3758/1925/3757
f 3759/1926/3758 3754/1921/3753 3753/1920/3752
f 3753/1920/3752 3758/1925/3757 3759/1926/3758
f 3762/1902/3759 3761/1905/3760 3760/1904/3761
f 3760/1904/3761 3763/1903/3762 3762/1902/3759
f 3764/1906/3763 3762/1902/3759 3763/1903/3762
f 3763/1903/3762 3765/1907/3764 3764/1906/3763
f 3766/1908/3765 3764/1906/3763 3765/1907/3764
f 3765/1907/3764 3767/1909/3766 3766/1908/3765
f 3768/1910/3767 3766/1908/3765 3767/1909/3766
f 3767/1909/3766 3769/1911/3768 3768/1910/3767
f 3771/1912/3769 3770/1913/3770 3761/1905/3760
f 3761/1905/3760 3762/1902/3759 3771/1912/3769
f 3772/1914/3771 3771/1912/3769 3762/1902/3759
f 3762/1902/3759 3764/1906/3763 3772/1914/3771
f 3773/1915/3772 3772/1914/3771 3764/1906/3763
f 3764/1906/3763 3766/1908/3765 3773/1915/3772
f 3774/1916/3773 3773/1915/3772 3766/1908/3765
f 3766/1908/3765 3768/1910/3767 3774/1916/3773
f 3776/1917/3774 3775/1918/3775 3770/1913/3770
f 3770/1913/3770 3771/1912/3769 3776/1917/3774
f 3777/1919/3776 3776/1917/3774 3771/1912/3769
f 3771/1912/3769 3772/1914/3771 3777/1919/3776
f 3778/1920/3777 3777/1919/3776 3772/1914/3771
f 3772/1914/3771 3773/1915/3772 3778/1920/3777
f 3779/1921/3778 3778/1920/3777 3773/1915/3772
f 3773/1915/3772 3774/1916/3773 3779/1921/3778
f 3781/1922/3779 3780/1923/3780 3775/1918/3775
f 3775/1918/3775 3776/1917/3774 3781/1922/3779
f 3782/1924/3781 3781/1922/3779 3776/1917/3774
f 3776/1917/3774 3777/1919/3776 3782/1924/3781
f 3783/1925/3782 3782/1924/3781 3777/1919/3776
f 3777/1919/3776 3778/1920/3777 3783/1925/3782
f 3784/1926/3783 3783/1925/3782 3778/1920/3777
f 3778/1920/3777 3779/1921/3778 3784/1926/3783
