# Blender 5.1.2
# www.blender.org
o U3DMesh
v -0.162747 0.016865 -0.650678
v -0.158997 0.017276 -0.675735
v -0.158990 0.036711 -0.683706
v -0.164386 0.037716 -0.644442
v -0.146236 0.006790 -0.703165
v -0.144356 0.017766 -0.711120
v -0.132158 -0.019742 -0.716315
v -0.131250 -0.018429 -0.718464
v -0.139224 0.046882 -0.681339
v -0.152896 0.045357 -0.639679
v -0.130978 0.023391 -0.710492
v -0.128730 0.011188 -0.698103
v -0.132158 -0.019742 -0.716315
v -0.146236 0.006790 -0.703165
v -0.158997 0.017276 -0.675735
v -0.135652 0.022990 -0.668460
v -0.143558 0.018538 -0.645233
v -0.162747 0.016865 -0.650678
v -0.142098 0.037008 -0.638657
v -0.128507 0.037839 -0.672906
v -0.123636 0.019245 -0.703269
v -0.127297 0.016656 -0.600600
v -0.116952 0.014242 -0.621894
v -0.116303 0.031164 -0.629681
v -0.128269 0.035071 -0.599297
v -0.100987 0.005118 -0.642667
v -0.099144 0.013445 -0.648869
v -0.089323 -0.015926 -0.655263
v -0.088256 -0.014678 -0.657415
v -0.102483 0.040739 -0.626699
v -0.119272 0.042400 -0.591745
v -0.092402 0.017622 -0.647933
v -0.089584 0.008716 -0.638020
v -0.089323 -0.015926 -0.655263
v -0.100987 0.005118 -0.642667
v -0.116952 0.014242 -0.621894
v -0.098535 0.018550 -0.613413
v -0.127297 0.016656 -0.600600
v -0.110712 0.019825 -0.589207
v -0.110755 0.034135 -0.586084
v -0.093867 0.034256 -0.618288
v -0.087793 0.015297 -0.642697
v -0.213084 0.016054 -0.663168
v -0.212483 0.012873 -0.689173
v -0.213565 0.032370 -0.697370
v -0.214767 0.035585 -0.659818
v -0.205775 0.002619 -0.718068
v -0.204655 0.012821 -0.724032
v -0.196685 -0.022539 -0.736028
v -0.196249 -0.020756 -0.738614
v -0.196030 0.040623 -0.698753
v -0.202563 0.043049 -0.657051
v -0.195270 0.016925 -0.726334
v -0.191439 0.002702 -0.716249
v -0.196685 -0.022539 -0.736028
v -0.205775 0.002619 -0.718068
v -0.212483 0.012873 -0.689173
v -0.189970 0.013323 -0.686893
v -0.194175 0.016963 -0.661981
v -0.213084 0.016054 -0.663168
v -0.192039 0.034592 -0.657821
v -0.186969 0.029327 -0.692974
v -0.189685 0.011525 -0.721724
v -0.274775 0.006684 -0.643800
v -0.278253 0.004477 -0.670844
v -0.280865 0.020187 -0.677576
v -0.276357 0.023854 -0.642342
v -0.277703 -0.007201 -0.698924
v -0.278486 0.001658 -0.704475
v -0.271891 -0.033195 -0.717248
v -0.272149 -0.031519 -0.719666
v -0.268924 0.027240 -0.681299
v -0.267942 0.034790 -0.645311
v -0.271012 0.005114 -0.706911
v -0.265078 -0.006610 -0.699563
v -0.271891 -0.033195 -0.717248
v -0.277703 -0.007201 -0.698924
v -0.278253 0.004477 -0.670844
v -0.260874 0.005313 -0.672077
v -0.274775 0.006684 -0.643800
v -0.256660 0.008134 -0.646360
v -0.254856 0.025472 -0.644834
v -0.259771 0.019063 -0.678095
v -0.265034 0.000804 -0.704175
v -0.311028 -0.000974 -0.600186
v -0.317714 -0.004056 -0.626080
v -0.322753 0.010005 -0.632002
v -0.314087 0.013284 -0.601141
v -0.317927 -0.013430 -0.649486
v -0.320035 -0.006061 -0.654471
v -0.312036 -0.034152 -0.666344
v -0.312568 -0.033085 -0.668425
v -0.311678 0.017718 -0.636965
v -0.303822 0.020177 -0.605006
v -0.313949 -0.002706 -0.657450
v -0.306832 -0.011656 -0.651879
v -0.312036 -0.034152 -0.666344
v -0.317927 -0.013430 -0.649486
v -0.317714 -0.004056 -0.626080
v -0.302011 -0.001428 -0.629871
v -0.295620 -0.000573 -0.607614
v -0.311028 -0.000974 -0.600186
v -0.294894 0.013315 -0.607139
v -0.301974 0.010158 -0.635126
v -0.308015 -0.005649 -0.655937
v -0.051349 0.866560 0.723699
v -0.050507 0.811887 0.750882
v -0.068659 0.812860 0.741433
v -0.090513 0.860462 0.713399
v 0.001132 0.350515 -0.359443
v 0.001885 0.345958 -0.393758
v -0.048242 0.352627 -0.409021
v -0.047447 0.337586 -0.355125
v -0.032221 0.434191 0.538500
v -0.063527 0.435216 0.543337
v -0.034285 0.465787 0.606556
v -0.242688 0.842444 0.199838
v -0.256522 0.865863 0.315591
v -0.302673 0.739978 0.290859
v -0.272488 0.716231 0.154860
v -0.123474 0.378238 -0.222140
v -0.162924 0.452596 -0.223198
v -0.200658 0.438156 -0.131654
v -0.097744 0.367446 -0.413737
v -0.104188 0.358135 -0.337675
v -0.178109 0.443486 -0.103756
v -0.236774 0.473191 -0.037928
v -0.129937 0.383588 -0.001054
v -0.119588 0.386261 -0.083669
v -0.128216 0.493063 -0.307222
v -0.130261 0.443314 -0.295735
v -0.153818 0.441118 -0.364001
v -0.104318 0.472408 -0.372485
v -0.273573 0.003392 -0.566166
v -0.289146 0.000095 -0.548367
v -0.293488 -0.022905 -0.532813
v -0.258753 -0.030363 -0.546896
v -0.135434 0.000680 -0.505566
v -0.132970 -0.000029 -0.535906
v -0.145563 -0.006747 -0.550772
v -0.153297 -0.028670 -0.533556
v -0.237571 0.004052 -0.450016
v -0.193767 0.009604 -0.443500
v -0.175788 -0.020615 -0.482647
v -0.201182 -0.035511 -0.507556
v -0.124943 0.057249 -0.522525
v -0.151713 0.063167 -0.545244
v -0.150761 0.059326 -0.558075
v -0.141961 0.062830 -0.554170
v -0.175410 0.071660 -0.565453
v -0.186598 0.071006 -0.582945
v -0.187190 0.066503 -0.594482
v -0.168509 0.071930 -0.589682
v -0.220362 0.075362 -0.575715
v -0.230563 0.059212 -0.579158
v -0.227142 0.056636 -0.592889
v -0.215216 0.070578 -0.599035
v -0.287996 0.028813 -0.428880
v -0.287288 -0.015389 -0.472917
v -0.280692 0.050200 -0.561878
v -0.276710 0.033168 -0.570760
v -0.279660 0.052945 -0.584555
v -0.278796 0.052655 -0.571205
v -0.351414 0.085976 -0.447827
v -0.330283 0.046408 -0.500581
v -0.297386 0.067801 -0.512502
v -0.303244 0.075872 -0.493728
v -0.170679 0.012279 -0.445175
v -0.150827 -0.002569 -0.456000
v -0.318976 0.028400 -0.555475
v -0.319800 0.026733 -0.533519
v -0.310801 0.003068 -0.528339
v -0.302186 0.007324 -0.549019
v -0.160992 0.010290 -0.570461
v -0.178557 -0.000068 -0.577895
v -0.188521 -0.030040 -0.550183
v -0.220284 -0.023552 -0.556393
v -0.233189 0.004558 -0.586290
v -0.255601 -0.001024 -0.575898
v -0.303417 0.051772 -0.550065
v -0.329331 0.020518 -0.484029
v -0.144342 0.061752 -0.487188
v -0.196302 0.067771 -0.565752
v -0.200213 0.087398 -0.534263
v -0.280646 0.052166 -0.549784
v -0.262493 0.067945 -0.568553
v -0.253589 0.081661 -0.527601
v -0.295353 -0.036818 -0.574900
v -0.277416 -0.003431 -0.582557
v -0.277416 -0.003431 -0.582557
v -0.273573 0.003392 -0.566166
v -0.282895 0.025698 -0.588488
v -0.313655 0.043210 -0.588785
v -0.308520 0.046611 -0.570080
v -0.327433 0.023136 -0.575752
v -0.316452 -0.030817 -0.578483
v -0.149972 0.004623 -0.588439
v -0.129315 -0.019126 -0.565367
v -0.105735 0.002939 -0.554969
v -0.112984 0.061787 -0.565696
v -0.118658 0.059303 -0.546618
v -0.138534 0.061574 -0.562412
v -0.132051 0.063320 -0.578595
v -0.144071 0.041962 -0.588921
v -0.155235 0.046877 -0.569289
v -0.160992 0.010290 -0.570461
v -0.149972 0.004623 -0.588439
v -0.140822 -0.003196 -0.608387
v -0.167770 -0.026030 -0.614152
v -0.140822 -0.003196 -0.608387
v -0.128911 0.043762 -0.610307
v -0.161823 0.070775 -0.618945
v -0.177685 0.062742 -0.627006
v -0.178833 0.055748 -0.639975
v -0.193745 0.050561 -0.591717
v -0.192896 0.017473 -0.585647
v -0.186304 -0.013198 -0.638199
v -0.187194 0.005082 -0.630942
v -0.208547 -0.022581 -0.630023
v -0.213406 -0.004648 -0.587856
v -0.192896 0.017473 -0.585647
v -0.187194 0.005082 -0.630942
v -0.183863 0.041281 -0.627919
v -0.227806 0.061788 -0.639579
v -0.211274 0.069556 -0.637609
v -0.237993 0.042723 -0.644713
v -0.236864 0.019946 -0.584648
v -0.233189 0.004558 -0.586290
v -0.233305 0.004029 -0.634781
v -0.232900 -0.013147 -0.619369
v -0.257012 -0.031945 -0.613479
v -0.232900 -0.013147 -0.619369
v -0.240567 0.037409 -0.623197
v -0.296272 0.030661 -0.621775
v -0.288735 0.048742 -0.618091
v -0.282369 -0.024224 -0.610023
v -0.283120 -0.008434 -0.600125
v -0.299897 -0.033874 -0.598645
v -0.315353 0.033992 -0.603589
v -0.329660 0.017891 -0.593572
v -0.318339 -0.029110 -0.593692
v -0.118216 -0.015868 -0.587449
v -0.138708 0.005926 -0.600712
v -0.096843 0.008900 -0.581569
v -0.123637 0.056673 -0.593367
v -0.108809 0.055033 -0.583551
v -0.138708 0.005926 -0.600712
v -0.134607 0.037178 -0.600824
v -0.134938 -0.001928 -0.641550
v -0.155739 -0.009605 -0.649199
v -0.170596 0.054814 -0.644883
v -0.156746 0.060502 -0.639834
v -0.173038 0.012319 -0.655747
v -0.174319 0.041398 -0.652525
v -0.187918 0.008765 -0.655646
v -0.205834 -0.002492 -0.656961
v -0.221274 0.054493 -0.658127
v -0.206178 0.059913 -0.657068
v -0.223144 0.008688 -0.658415
v -0.227775 0.037494 -0.663542
v -0.240009 -0.001523 -0.645755
v -0.260610 -0.024402 -0.643296
v -0.291698 0.024057 -0.640285
v -0.286189 0.039578 -0.639094
v -0.282015 -0.018347 -0.637944
v -0.252353 0.045717 -0.644135
v -0.246788 0.054826 -0.625984
v -0.270960 0.059175 -0.621359
v -0.271479 0.050952 -0.639441
v -0.245793 0.059735 -0.594991
v -0.267414 0.061664 -0.592806
v -0.244059 0.060563 -0.584073
v -0.286256 0.018172 -0.603473
v -0.298469 0.044866 -0.597252
v -0.301017 0.035208 -0.608924
v -0.294579 0.049597 -0.576950
v -0.288154 0.050035 -0.566610
v -0.190133 0.051338 -0.655691
v -0.188662 0.064411 -0.633186
v -0.196558 0.066654 -0.597907
v -0.200278 0.070327 -0.583748
v -0.135044 0.053324 -0.633310
v -0.140575 0.064768 -0.614752
v -0.154026 0.063903 -0.577719
v -0.158211 0.055560 -0.562295
v -0.155232 0.065589 -0.484921
v -0.210723 0.080894 -0.521827
v -0.095506 0.047032 -0.576809
v -0.100967 0.044249 -0.555786
v -0.115853 0.038784 -0.535110
v -0.118460 0.030783 -0.505419
v -0.130215 0.030745 -0.461848
v -0.139391 0.035062 -0.462449
v -0.161578 0.089624 -0.467159
v -0.156486 0.076073 -0.476280
v -0.149103 0.053101 -0.455053
v -0.155602 0.067806 -0.445010
v -0.154800 0.071778 -0.445433
v -0.258427 0.083322 -0.516265
v -0.257794 0.105543 -0.506382
v -0.304738 0.092148 -0.482271
v -0.283173 0.041346 -0.402483
v -0.346144 0.070176 -0.426996
v -0.358409 0.102965 -0.381222
v -0.329331 0.020518 -0.484029
v -0.310801 0.003068 -0.528339
v -0.302186 0.007324 -0.549019
v -0.316452 -0.030817 -0.578483
v -0.318339 -0.029110 -0.593692
v -0.245741 0.029209 -0.641447
v -0.237280 0.053820 -0.574930
v -0.178780 0.039674 -0.657522
v -0.194110 0.065375 -0.580423
v -0.127602 0.039389 -0.632057
v -0.240970 0.060704 -0.568209
v -0.173038 0.012319 -0.655747
v -0.186304 -0.013198 -0.638199
v -0.223144 0.008688 -0.658415
v -0.233305 0.004029 -0.634781
v -0.282369 -0.024224 -0.610023
v -0.282015 -0.018347 -0.637944
v -0.283120 -0.008434 -0.600125
v -0.240009 -0.001523 -0.645755
v -0.187918 0.008765 -0.655646
v -0.134938 -0.001928 -0.641550
v -0.311028 -0.000974 -0.600186
v -0.295620 -0.000573 -0.607614
v -0.314087 0.013284 -0.601141
v -0.303822 0.020177 -0.605006
v -0.311028 -0.000974 -0.600186
v -0.127297 0.016656 -0.600600
v -0.110712 0.019825 -0.589207
v -0.127297 0.016656 -0.600600
v -0.128269 0.035071 -0.599297
v -0.162747 0.016865 -0.650678
v -0.143558 0.018538 -0.645233
v -0.164386 0.037716 -0.644442
v -0.152896 0.045357 -0.639679
v -0.162747 0.016865 -0.650678
v -0.213084 0.016054 -0.663168
v -0.194175 0.016963 -0.661981
v -0.214767 0.035585 -0.659818
v -0.202563 0.043049 -0.657051
v -0.213084 0.016054 -0.663168
v -0.274775 0.006684 -0.643800
v -0.256660 0.008134 -0.646360
v -0.267942 0.034790 -0.645311
v -0.254856 0.025472 -0.644834
v -0.294894 0.013315 -0.607139
v -0.192039 0.034592 -0.657821
v -0.142098 0.037008 -0.638657
v -0.119272 0.042400 -0.591745
v -0.110755 0.034135 -0.586084
v -0.276357 0.023854 -0.642342
v -0.295620 -0.000573 -0.607614
v -0.256660 0.008134 -0.646360
v -0.194175 0.016963 -0.661981
v -0.143558 0.018538 -0.645233
v -0.357094 0.388251 -0.177218
v -0.369966 0.360901 -0.183123
v -0.376248 0.348576 -0.292474
v -0.384609 0.392015 -0.266198
v -0.119636 0.375623 -0.266861
v -0.096981 0.959106 -0.372081
v -0.081839 0.976552 -0.522339
v -0.013283 1.003128 -0.514030
v -0.017325 0.984415 -0.389933
v -0.212076 0.705628 -0.586909
v -0.201545 0.800164 -0.573093
v -0.214569 0.808466 -0.459775
v -0.224060 0.707030 -0.522708
v -0.333577 0.273424 -0.413839
v -0.367813 0.351180 -0.380244
v -0.358120 0.266670 -0.343205
v -0.046500 0.366592 -0.515854
v -0.099143 0.406459 -0.535140
v -0.091702 0.412817 -0.479883
v -0.036575 0.382255 -0.443486
v -0.165639 0.982787 0.454050
v -0.049162 1.025324 0.508321
v -0.050976 0.988265 0.594188
v -0.160443 0.962676 0.550315
v -0.074919 1.001453 -0.255230
v -0.024010 1.015164 -0.234734
v -0.262767 0.785899 -0.449383
v -0.239024 0.669748 -0.521642
v -0.376235 0.290296 -0.246183
v -0.259347 0.487008 -0.090776
v -0.168743 0.512806 -0.241211
v -0.228391 0.512552 -0.203841
v -0.226424 0.502002 -0.153925
v -0.235474 0.028748 -0.428376
v -0.003922 0.341647 -0.178308
v -0.038479 0.336490 -0.209334
v -0.053336 0.342683 -0.074624
v -0.007444 0.326748 -0.058056
v -0.051513 0.955186 0.641430
v -0.136967 0.938058 0.620693
v -0.088174 0.395312 0.439070
v -0.027575 0.372272 0.489341
v -0.023180 0.300808 0.403701
v -0.099273 0.301877 0.379135
v -0.051565 0.918250 0.679849
v -0.111735 0.903845 0.664445
v -0.127236 0.921831 0.644917
v -0.051381 0.937888 0.653917
v -0.034191 0.370381 -0.424717
v 0.003254 0.347823 -0.411819
v 0.003292 0.374508 -0.435272
v -0.068371 0.340559 0.002537
v -0.009819 0.324598 0.009882
v -0.109333 0.836937 0.679137
v -0.128472 0.825487 0.660373
v -0.292237 0.648587 0.305125
v -0.233742 0.568171 0.321720
v -0.230190 0.507258 0.280157
v -0.277020 0.593446 0.228689
v -0.238587 0.519930 0.158580
v -0.267316 0.586086 0.140060
v -0.206049 0.101901 -0.506659
v -0.137742 0.436286 0.426467
v -0.173947 0.381879 0.348039
v -0.088223 0.445635 0.529758
v -0.063460 0.463936 0.586719
v -0.044645 0.351343 -0.279281
v -0.001975 0.365423 -0.281392
v -0.285964 0.562638 -0.181293
v -0.228391 0.512552 -0.203841
v -0.225603 0.415275 -0.219367
v -0.305064 0.445264 -0.162340
v -0.285964 0.562638 -0.181293
v -0.266581 0.594149 -0.160533
v -0.256335 0.566104 -0.148123
v -0.280340 0.583407 -0.058953
v -0.270965 0.584313 -0.000271
v -0.325699 0.376104 -0.152086
v -0.341676 0.460407 -0.180396
v -0.305064 0.445264 -0.162340
v -0.348716 0.346606 -0.152801
v -0.253530 0.351125 -0.243843
v -0.325699 0.376104 -0.152086
v -0.259727 0.316700 -0.251602
v -0.348716 0.346606 -0.152801
v -0.362300 0.282003 -0.219131
v -0.268910 0.242855 -0.273760
v -0.362300 0.282003 -0.219131
v -0.045820 0.766119 0.715507
v -0.086743 0.787220 0.701817
v -0.068729 0.800727 0.740572
v -0.049916 0.798443 0.745565
v -0.046837 0.780126 0.710088
v -0.082825 0.789364 0.696693
v -0.253480 0.714508 0.072865
v -0.228035 0.822515 0.106180
v -0.297685 0.732929 -0.439921
v -0.310467 0.800621 -0.275176
v -0.350463 0.756174 -0.281622
v -0.351967 0.657550 -0.427084
v -0.195356 0.428499 -0.531488
v -0.184632 0.483275 -0.540233
v -0.283682 0.525397 -0.493631
v -0.290432 0.456838 -0.482297
v -0.198533 0.579080 -0.548306
v -0.244123 0.652046 -0.511145
v -0.260620 0.595261 -0.500214
v -0.195629 0.542195 -0.550962
v -0.205225 0.580157 -0.556106
v -0.147741 0.394112 -0.309680
v -0.196618 0.340622 -0.358439
v -0.168743 0.512806 -0.241211
v -0.128216 0.493063 -0.307222
v -0.136020 0.391304 -0.352708
v -0.185219 0.338265 -0.404811
v -0.155893 0.375429 -0.476313
v -0.183338 0.351884 -0.460678
v -0.169880 0.340121 -0.437737
v -0.126193 0.388236 -0.410958
v -0.164205 0.499798 -0.517505
v -0.176700 0.510892 -0.541954
v -0.161489 0.495236 -0.580578
v -0.204622 0.566112 -0.590787
v -0.219859 0.576097 -0.572320
v -0.171992 0.522097 -0.540725
v -0.094070 0.392173 -0.457128
v 0.006519 0.345342 -0.497686
v -0.389177 0.452228 -0.272352
v -0.351589 0.535209 -0.244269
v -0.314084 0.566891 -0.208520
v -0.368213 0.386052 -0.369803
v -0.290630 0.331028 -0.471044
v -0.301371 0.376002 -0.451105
v -0.220043 0.280314 -0.459834
v -0.185794 0.275153 -0.427322
v -0.193791 0.331055 -0.437192
v -0.237520 0.339393 -0.458263
v -0.259706 0.269274 -0.476531
v -0.285964 0.562638 -0.181293
v -0.178699 0.309236 -0.412549
v -0.172748 0.268080 -0.402160
v -0.379990 0.217723 -0.281496
v -0.278315 0.165025 -0.331079
v -0.280815 0.115883 -0.369181
v -0.389370 0.156356 -0.344554
v -0.186841 0.292849 -0.379432
v -0.184322 0.258016 -0.362949
v -0.224324 0.090374 -0.385542
v -0.230633 0.052175 -0.405154
v -0.275696 0.075638 -0.390707
v -0.200394 0.038020 -0.435818
v -0.197701 0.062931 -0.416438
v -0.274775 0.006684 -0.643800
v -0.181441 0.177084 -0.393825
v -0.180472 0.187714 -0.410961
v -0.197735 0.212220 -0.439560
v -0.203533 0.170045 -0.375906
v -0.171955 0.115713 -0.406425
v -0.197624 0.107193 -0.396527
v -0.205756 0.288230 -0.352666
v -0.205277 0.253253 -0.330878
v -0.229157 0.162983 -0.355095
v -0.225808 0.199455 -0.464398
v -0.288899 0.184889 -0.460529
v -0.379990 0.217723 -0.281496
v -0.390193 0.219970 -0.300260
v -0.206487 0.852552 0.623844
v -0.158425 0.834670 0.645648
v -0.239435 0.910142 0.502235
v -0.107655 0.499084 0.447074
v -0.078011 0.469274 0.521340
v -0.331902 0.743742 0.335453
v -0.261972 0.888894 0.437426
v -0.173551 0.542378 0.391255
v -0.233528 0.751502 0.673635
v -0.206487 0.852552 0.623844
v -0.158425 0.834670 0.645648
v -0.188453 0.708970 0.711242
v -0.298660 0.676665 0.329059
v -0.357809 0.743612 0.389335
v -0.374560 0.704559 0.416416
v -0.312061 0.660944 0.340927
v -0.282017 0.608183 0.677236
v -0.294841 0.516930 0.645246
v -0.332116 0.542904 0.610762
v -0.288284 0.657746 0.664022
v -0.262643 0.586144 0.697586
v -0.257239 0.488172 0.670093
v -0.165034 0.362228 0.606659
v -0.222627 0.363270 0.627274
v -0.223026 0.380586 0.627190
v -0.176386 0.377612 0.593097
v -0.239435 0.910142 0.502235
v -0.268392 0.777962 0.635084
v -0.291893 0.792118 0.603909
v -0.149467 0.385172 0.506007
v -0.134278 0.385766 0.406393
v -0.145980 0.376263 0.414089
v -0.154263 0.381332 0.498024
v -0.086562 0.476080 0.444612
v -0.078011 0.469274 0.521340
v -0.107655 0.499084 0.447074
v -0.111912 0.504004 0.398639
v -0.096740 0.459656 0.447662
v -0.121166 0.483824 0.377247
v -0.209925 0.644782 0.717858
v -0.256588 0.655304 0.693577
v -0.117687 0.213577 0.508316
v -0.146694 0.215361 0.457159
v -0.136837 0.148391 0.469393
v -0.108679 0.151257 0.496304
v -0.143354 0.093963 0.599329
v -0.148257 0.206371 0.600205
v -0.117687 0.213577 0.508316
v -0.108679 0.151257 0.496304
v -0.252608 0.072764 0.567013
v -0.257558 0.105868 0.566015
v -0.222239 0.092700 0.597907
v -0.222385 0.052665 0.603209
v -0.268542 0.088645 0.530121
v -0.264800 0.119280 0.537111
v -0.182454 0.087553 0.617245
v -0.191780 0.204180 0.617942
v -0.272648 -0.007292 0.383076
v -0.293551 0.007645 0.375529
v -0.301423 0.002272 0.389707
v -0.301393 0.005505 0.410730
v -0.153274 -0.006512 0.363039
v -0.133032 0.013279 0.363858
v -0.153141 0.018068 0.340969
v -0.168124 0.002512 0.338374
v -0.305398 0.058814 0.454764
v -0.284841 0.069068 0.484753
v -0.273060 0.041448 0.485025
v -0.292837 0.022251 0.455581
v -0.150978 0.090626 0.351570
v -0.181195 0.090363 0.350416
v -0.185246 0.084567 0.340185
v -0.206584 0.106297 0.329020
v -0.200987 0.111468 0.346689
v -0.226523 0.094384 0.345421
v -0.221364 0.097590 0.331309
v -0.248847 0.099365 0.338471
v -0.242352 0.106461 0.356710
v -0.260834 0.079897 0.361034
v -0.260145 0.084371 0.344783
v -0.290765 0.067974 0.387066
v -0.293410 0.056894 0.377301
v -0.295828 0.074310 0.373918
v -0.275422 0.087514 0.421982
v -0.281408 0.097075 0.453666
v -0.300598 0.083258 0.435225
v -0.313187 0.024252 0.402467
v -0.320308 0.054849 0.404573
v -0.317091 0.053664 0.427222
v -0.311635 0.017604 0.426591
v -0.201969 -0.010914 0.360224
v -0.193343 0.014068 0.330443
v -0.267012 0.023873 0.348515
v -0.279517 0.010235 0.362625
v -0.272493 0.100078 0.406338
v -0.251024 -0.003533 0.448481
v -0.280433 0.006713 0.457051
v -0.304906 0.075455 0.407802
v -0.131737 0.022599 0.397174
v -0.148934 0.001294 0.415004
v -0.178096 -0.003971 0.428233
v -0.148260 0.098927 0.374707
v -0.178901 0.106878 0.371716
v -0.224207 0.101729 0.356508
v -0.197582 0.113895 0.372837
v -0.216577 0.106452 0.378087
v -0.258364 0.084575 0.376088
v -0.232746 0.114503 0.377487
v -0.251328 0.102500 0.399472
v -0.284167 0.072410 0.400708
v -0.283148 0.091964 0.378984
v -0.300545 0.010282 0.363249
v -0.309788 0.001980 0.378413
v -0.304230 0.054354 0.365567
v -0.300545 0.010282 0.363249
v -0.293551 0.007645 0.375529
v -0.293410 0.056894 0.377301
v -0.330439 0.057610 0.390156
v -0.323191 0.075410 0.379513
v -0.312275 0.074628 0.394387
v -0.320308 0.054849 0.404573
v -0.313187 0.024252 0.402467
v -0.324945 0.020765 0.387178
v -0.167843 -0.000578 0.315674
v -0.189323 0.013992 0.312808
v -0.149182 0.019122 0.316576
v -0.174547 0.090566 0.317599
v -0.154707 0.087614 0.319469
v -0.157299 0.085278 0.335367
v -0.177471 0.083308 0.332757
v -0.189323 0.013992 0.312808
v -0.184508 0.071659 0.312334
v -0.187287 0.074325 0.332661
v -0.193343 0.014068 0.330443
v -0.212945 0.009793 0.333003
v -0.191346 0.011754 0.297122
v -0.210033 -0.000350 0.302501
v -0.186195 0.072816 0.296098
v -0.191346 0.011754 0.297122
v -0.221838 0.095737 0.303962
v -0.208126 0.105955 0.302833
v -0.206584 0.106297 0.329020
v -0.221364 0.097590 0.331309
v -0.228631 0.013345 0.303406
v -0.228715 0.071714 0.303861
v -0.227762 0.080124 0.334987
v -0.230906 0.024553 0.333733
v -0.230906 0.024553 0.333733
v -0.235062 0.013544 0.301654
v -0.254739 0.000389 0.310480
v -0.246395 0.014100 0.339942
v -0.230871 0.063025 0.302005
v -0.235062 0.013544 0.301654
v -0.248847 0.099365 0.338471
v -0.260145 0.084371 0.344783
v -0.270242 0.077043 0.315659
v -0.255307 0.090109 0.311636
v -0.275891 0.011882 0.315902
v -0.277489 0.052496 0.317991
v -0.263431 0.066568 0.350809
v -0.267012 0.023873 0.348515
v -0.278335 0.013830 0.327243
v -0.292050 0.001217 0.337464
v -0.280397 0.055616 0.328343
v -0.278335 0.013830 0.327243
v -0.295828 0.074310 0.373918
v -0.312829 0.055239 0.351367
v -0.312633 0.078229 0.348073
v -0.308680 0.008756 0.347521
v -0.321884 0.005415 0.363620
v -0.311997 0.014585 0.354059
v -0.339158 0.057387 0.375903
v -0.330393 0.070952 0.367859
v -0.332823 0.025429 0.373947
v -0.166440 0.005992 0.299257
v -0.183355 0.018460 0.300135
v -0.154383 0.029299 0.304308
v -0.157099 0.085504 0.304497
v -0.172932 0.087783 0.303577
v -0.183355 0.018460 0.300135
v -0.181151 0.069284 0.298971
v -0.210633 0.006315 0.279613
v -0.196697 0.018789 0.274920
v -0.211312 0.096073 0.283797
v -0.225578 0.086176 0.282963
v -0.233184 0.059353 0.279994
v -0.224645 0.019068 0.281891
v -0.259476 0.002507 0.291858
v -0.244440 0.015196 0.286938
v -0.259650 0.075265 0.289987
v -0.272047 0.062303 0.296607
v -0.277844 0.041892 0.297371
v -0.274752 0.014526 0.296328
v -0.289972 0.012323 0.315597
v -0.302445 0.003726 0.321142
v -0.320372 0.066815 0.328393
v -0.321919 0.049522 0.333108
v -0.316635 0.017346 0.329339
v -0.308909 0.072754 0.324682
v -0.294220 0.062083 0.319619
v -0.285580 0.075010 0.333696
v -0.300595 0.085063 0.341842
v -0.271458 0.077487 0.355667
v -0.288682 0.086577 0.364294
v -0.288682 0.086577 0.364294
v -0.271458 0.077487 0.355667
v -0.320326 0.066604 0.360026
v -0.312243 0.051144 0.355323
v -0.311761 0.069519 0.369697
v -0.302116 0.067629 0.383760
v -0.302116 0.067629 0.383760
v -0.244833 0.071382 0.288523
v -0.241695 0.084467 0.307655
v -0.236951 0.091783 0.334978
v -0.236951 0.091783 0.334978
v -0.196669 0.090591 0.279846
v -0.193704 0.097818 0.298152
v -0.193110 0.093485 0.328905
v -0.193110 0.093485 0.328905
v -0.190556 0.122423 0.401130
v -0.147398 0.061366 0.319277
v -0.148337 0.065859 0.305823
v -0.148876 0.051890 0.336307
v -0.157299 0.085278 0.335367
v -0.148876 0.051890 0.336307
v -0.135334 0.046795 0.357772
v -0.129087 0.058218 0.390283
v -0.145405 0.111549 0.399733
v -0.188347 0.141273 0.413770
v -0.143859 0.130414 0.426405
v -0.118148 0.047615 0.499188
v -0.132994 0.054058 0.436883
v -0.165544 0.027905 0.459878
v -0.160325 0.000613 0.517175
v -0.214909 0.022323 0.471461
v -0.199064 -0.004039 0.521154
v -0.254576 0.024071 0.487706
v -0.243439 0.009503 0.528008
v -0.257524 0.033191 0.525664
v -0.266903 0.115817 0.478996
v -0.244803 0.118323 0.419273
v -0.242624 0.135973 0.431450
v -0.123047 0.079748 0.425753
v -0.132994 0.054058 0.436883
v -0.118148 0.047615 0.499188
v -0.122462 0.095600 0.473999
v -0.131737 0.022599 0.397174
v -0.133032 0.013279 0.363858
v -0.153141 0.018068 0.340969
v -0.149182 0.019122 0.316576
v -0.153141 0.018068 0.340969
v -0.324945 0.020765 0.387178
v -0.332823 0.025429 0.373947
v -0.289010 0.044198 0.315162
v -0.263431 0.066568 0.350809
v -0.238703 0.050472 0.286198
v -0.227762 0.080124 0.334987
v -0.188809 0.067203 0.273355
v -0.187287 0.074325 0.332661
v -0.177471 0.083308 0.332757
v -0.312275 0.074628 0.394387
v -0.228631 0.013345 0.303406
v -0.224645 0.019068 0.281891
v -0.275891 0.011882 0.315902
v -0.274752 0.014526 0.296328
v -0.238401 0.001063 0.365823
v -0.316635 0.017346 0.329339
v -0.308680 0.008756 0.347521
v -0.311997 0.014585 0.354059
v -0.289972 0.012323 0.315597
v -0.244440 0.015196 0.286938
v -0.196697 0.018789 0.274920
v -0.154383 0.029299 0.304308
v -0.321544 0.031206 0.350098
v -0.337248 0.052140 0.361365
v -0.328588 0.059934 0.355085
v -0.333883 0.031271 0.360999
v -0.157228 0.037981 0.293290
v -0.174832 0.034848 0.293150
v -0.176581 0.066524 0.294296
v -0.201857 0.032316 0.270084
v -0.226139 0.068846 0.277332
v -0.211513 0.082833 0.274127
v -0.224017 0.037095 0.274337
v -0.250865 0.018726 0.280915
v -0.268803 0.050181 0.293088
v -0.258372 0.062183 0.290485
v -0.269306 0.022201 0.287468
v -0.301381 0.026858 0.310514
v -0.318948 0.029873 0.318287
v -0.320459 0.053983 0.321873
v -0.310837 0.063529 0.316391
v -0.300804 0.049390 0.313664
v -0.322942 0.048436 0.352647
v -0.248972 0.054794 0.285937
v -0.199647 0.068964 0.272204
v -0.165875 0.081399 0.293609
v -0.155428 0.067800 0.294556
v -0.321544 0.031206 0.350098
v -0.301381 0.026858 0.310514
v -0.250865 0.018726 0.280915
v -0.201857 0.032316 0.270084
v -0.157228 0.037981 0.293290
v -0.285245 0.199969 0.528255
v -0.269768 0.207385 0.575357
v -0.229036 0.208133 0.611484
v -0.106149 0.078764 0.525990
v -0.106149 0.078764 0.525990
v -0.142424 0.047321 0.603846
v -0.179746 0.041609 0.618806
v -0.260204 0.139371 0.496392
v -0.273132 0.199006 0.489091
v -0.242814 0.155031 0.438084
v -0.143842 0.004237 0.551479
v -0.112279 0.035472 0.551139
v -0.193221 -0.004507 0.556628
v -0.249615 0.029649 0.563238
v -0.238799 0.004941 0.563820
v -0.142912 0.021429 0.588947
v -0.185631 0.011196 0.597235
v -0.112279 0.035472 0.551139
v -0.247299 0.336847 0.311343
v -0.230850 0.333519 0.312997
v -0.234626 0.362046 0.292098
v -0.268673 0.363600 0.304136
v -0.208276 0.307865 0.640146
v -0.156161 0.308977 0.617163
v -0.265251 0.366557 0.640143
v -0.264653 0.390916 0.615642
v -0.310404 0.413261 0.571210
v -0.325085 0.429151 0.509396
v -0.342305 0.469429 0.541633
v -0.313702 0.445977 0.598654
v -0.276785 0.431228 0.635562
v -0.317348 0.587413 0.318822
v -0.376620 0.608537 0.385512
v -0.362144 0.500295 0.372097
v -0.303462 0.500025 0.308626
v -0.233742 0.568171 0.321720
v -0.292237 0.648587 0.305125
v -0.251703 0.609670 0.343088
v -0.259073 0.603996 0.329403
v -0.242804 0.537579 0.295832
v -0.234334 0.477328 0.286453
v -0.281122 0.361391 0.344123
v -0.257319 0.319611 0.355459
v -0.197829 0.207460 0.410314
v -0.208244 0.270969 0.374656
v -0.255763 0.267894 0.399765
v -0.253308 0.209443 0.438828
v -0.126495 0.354745 0.517066
v -0.118215 0.308291 0.512190
v -0.226127 0.016982 0.591231
v -0.212655 0.449484 0.672984
v -0.221097 0.420457 0.640773
v -0.217721 0.565928 0.710457
v -0.305007 0.399112 0.566531
v -0.312235 0.400839 0.496552
v -0.189215 0.160170 0.418369
v -0.151330 0.157112 0.428084
v -0.188302 0.373509 0.305677
v -0.191780 0.416777 0.293075
v -0.233702 0.415181 0.276457
v -0.360001 0.709214 0.550224
v -0.326758 0.776265 0.549572
v -0.312636 0.307429 0.572639
v -0.322316 0.297557 0.514299
v -0.269873 0.311063 0.635800
v -0.118215 0.308291 0.512190
v -0.145466 0.308446 0.452249
v -0.305207 0.315478 0.437286
v -0.328475 0.354784 0.506250
v -0.291091 0.272185 0.460782
v -0.154263 0.381332 0.498024
v -0.317024 0.368179 0.579566
v -0.329197 0.428600 0.422819
v -0.352421 0.473143 0.469111
v -0.127030 0.415390 0.510114
v -0.114020 0.414195 0.406275
v -0.269829 0.406094 0.617248
v -0.127030 0.415390 0.510114
v -0.149467 0.385172 0.506007
v -0.168090 0.380262 0.585226
v -0.141564 0.411388 0.587044
v -0.223512 0.387501 0.633043
v -0.156309 0.215160 0.422314
v -0.152258 0.289607 0.392337
v -0.372122 0.595533 0.499308
v -0.347178 0.556366 0.577630
v -0.166534 0.382531 0.350706
v -0.149735 0.405541 0.339235
v -0.195675 0.346417 0.319264
v -0.176405 0.353726 0.352490
v -0.196408 0.312817 0.346848
v -0.227654 0.301193 0.338390
v -0.133129 0.448597 0.339899
v -0.288357 0.420240 0.306488
v -0.320776 0.374209 0.422418
v -0.331902 0.743742 0.335453
v -0.261972 0.888894 0.437426
v -0.220444 -0.004578 0.426896
v -0.147116 0.026470 0.426112
v -0.170773 0.022303 0.447266
v -0.212552 0.017628 0.447004
v -0.244270 0.014308 0.472172
v -0.263635 0.024768 0.476977
v -0.181839 0.464709 0.314150
v -0.132370 0.348212 0.436063
v -0.311124 0.421349 0.350724
v -0.177236 0.507336 0.322747
v -0.173551 0.542378 0.391255
v -0.188170 0.550380 0.395784
v -0.126495 0.354745 0.517066
v -0.068659 0.812860 0.741433
v -0.050507 0.811887 0.750882
v -0.125894 0.428057 -0.497838
v -0.145363 0.432428 -0.505284
v -0.192863 0.411036 -0.522234
v -0.287229 0.428796 -0.475231
v -0.368526 0.460524 -0.398703
v -0.368401 0.487262 -0.410019
v -0.225422 0.369482 -0.478606
v -0.206203 0.383466 -0.499671
v -0.292958 0.401696 -0.466548
v -0.368058 0.414919 -0.384465
v -0.364396 0.573351 -0.429983
v -0.145390 0.451100 -0.511256
v -0.189048 0.521575 -0.560879
v -0.152999 0.429910 -0.383291
v -0.160654 0.412385 -0.400952
v -0.160124 0.413242 -0.470349
v -0.143077 0.441165 -0.494409
v -0.146598 0.469618 -0.519939
v -0.051237 0.335512 -0.318755
v 0.000293 0.357728 -0.342489
v -0.120634 0.383232 -0.159727
v -0.368526 0.460524 -0.398703
v -0.287229 0.428796 -0.475231
v -0.192863 0.411036 -0.522234
v -0.125894 0.428057 -0.497838
v -0.104318 0.472408 -0.372485
v -0.270505 0.654908 -0.092376
v -0.268548 0.680198 -0.048814
v -0.391162 0.508655 -0.292330
v -0.378094 0.648960 -0.293774
v -0.390624 0.553854 -0.295151
v -0.391162 0.508655 -0.292330
v -0.356159 0.588708 -0.228312
v -0.329024 0.671802 -0.204596
v -0.279246 0.678793 -0.141022
v -0.323192 0.632446 -0.171610
v -0.314084 0.566891 -0.208520
v -0.351589 0.535209 -0.244269
v -0.175748 0.536147 0.355229
v -0.121046 0.798902 0.684844
v -0.128472 0.825487 0.660373
v -0.109333 0.836937 0.679137
v -0.176929 0.413986 0.636299
v -0.045635 0.759196 0.714708
v -0.088358 0.760874 0.714990
v -0.143734 0.767109 0.706098
v -0.121046 0.798902 0.684844
v -0.082825 0.789364 0.696693
v -0.088358 0.760874 0.714990
v -0.128472 0.825487 0.660373
v -0.146077 0.661889 0.729432
v -0.089023 0.638695 0.734208
v -0.041479 0.656588 0.727138
v -0.089023 0.638695 0.734208
v -0.157112 0.614362 0.727545
v -0.088437 0.597291 0.729952
v -0.038598 0.606120 0.728265
v -0.088437 0.597291 0.729952
v -0.098774 0.476764 0.585035
v -0.072192 0.481041 0.633461
v -0.072192 0.481041 0.633461
v -0.031896 0.489497 0.660102
v -0.149205 0.530842 0.702730
v -0.076091 0.550620 0.715567
v -0.036932 0.566420 0.718651
v -0.076091 0.550620 0.715567
v -0.033202 0.512968 0.696435
v -0.070014 0.502115 0.683602
v -0.031896 0.489497 0.660102
v -0.072192 0.481041 0.633461
v -0.111289 0.482529 0.650383
v -0.070014 0.502115 0.683602
v -0.072192 0.481041 0.633461
v -0.098774 0.476764 0.585035
v -0.327219 0.696263 0.622328
v -0.334167 0.188530 -0.424018
v -0.396847 0.165312 -0.364793
v -0.316723 0.143897 -0.464560
v -0.202486 0.114136 -0.497732
v -0.213245 0.146669 -0.482194
v -0.272924 0.143428 -0.482401
v -0.262674 0.120024 -0.498722
v -0.182296 0.140910 -0.447189
v -0.166798 0.131645 -0.426915
v -0.389370 0.156356 -0.344554
v -0.288492 0.752651 -0.173242
v -0.263030 0.738836 -0.105317
v -0.129453 0.937577 0.144915
v -0.152984 0.955199 0.241243
v -0.036584 1.002516 0.166501
v -0.040651 1.025537 0.267019
v -0.209730 0.890052 -0.384184
v -0.175037 0.902789 -0.535512
v -0.224521 0.079457 0.253914
v -0.226139 0.068846 0.277332
v -0.224017 0.037095 0.274337
v -0.227875 0.048747 0.259916
v -0.228996 0.037375 0.235707
v -0.228431 0.054393 0.226129
v -0.220756 0.004331 0.216502
v -0.220415 0.003250 0.219288
v -0.211513 0.082833 0.274127
v -0.214230 0.088000 0.246944
v -0.220175 0.058565 0.218132
v -0.210188 0.028145 0.232839
v -0.210188 0.028145 0.232839
v -0.201628 0.039419 0.254044
v -0.201628 0.039419 0.254044
v -0.201857 0.032316 0.270084
v -0.201857 0.032316 0.270084
v -0.199647 0.068964 0.272204
v -0.205651 0.074070 0.246647
v -0.201628 0.039419 0.254044
v -0.211772 0.046388 0.221510
v -0.210188 0.028145 0.232839
v -0.220415 0.003250 0.219288
v -0.175446 0.059329 0.271452
v -0.176581 0.066524 0.294296
v -0.174832 0.034848 0.293150
v -0.174595 0.033763 0.278992
v -0.173588 0.022868 0.256312
v -0.173722 0.033793 0.247100
v -0.164489 0.003899 0.243635
v -0.165088 0.003209 0.245782
v -0.167394 0.073412 0.266477
v -0.165875 0.081399 0.293609
v -0.167787 0.039648 0.242435
v -0.159965 0.023731 0.253757
v -0.165088 0.003209 0.245782
v -0.173588 0.022868 0.256312
v -0.173588 0.022868 0.256312
v -0.174595 0.033763 0.278992
v -0.154796 0.035332 0.276635
v -0.157228 0.037981 0.293290
v -0.174595 0.033763 0.278992
v -0.174832 0.034848 0.293150
v -0.155428 0.067800 0.294556
v -0.157931 0.067842 0.266741
v -0.161593 0.035041 0.244675
v -0.275921 0.063111 0.273960
v -0.268803 0.050181 0.293088
v -0.269306 0.022201 0.287468
v -0.275534 0.030422 0.273132
v -0.277754 0.028866 0.253023
v -0.280767 0.047613 0.246994
v -0.278397 0.005460 0.235535
v -0.277915 0.004072 0.239104
v -0.265910 0.075264 0.269080
v -0.258372 0.062183 0.290485
v -0.276640 0.057588 0.240524
v -0.250865 0.018726 0.280915
v -0.248972 0.054794 0.285937
v -0.256849 0.063550 0.267502
v -0.257247 0.040639 0.265254
v -0.269315 0.050932 0.243071
v -0.266171 0.036421 0.247759
v -0.277915 0.004072 0.239104
v -0.277754 0.028866 0.253023
v -0.275534 0.030422 0.273132
v -0.269306 0.022201 0.287468
v -0.331495 0.057617 0.303549
v -0.320459 0.053983 0.321873
v -0.318948 0.029873 0.318287
v -0.330136 0.033706 0.306096
v -0.333975 0.026301 0.292749
v -0.340098 0.042963 0.283445
v -0.336820 0.004630 0.276653
v -0.336096 0.002875 0.279540
v -0.323493 0.067017 0.296918
v -0.310837 0.063529 0.316391
v -0.334183 0.047896 0.279481
v -0.301381 0.026858 0.310514
v -0.300804 0.049390 0.313664
v -0.313630 0.058784 0.294756
v -0.310276 0.038490 0.295060
v -0.325612 0.042252 0.279495
v -0.323371 0.029630 0.282790
v -0.336096 0.002875 0.279540
v -0.333975 0.026301 0.292749
v -0.330136 0.033706 0.306096
v -0.318948 0.029873 0.318287
v -0.337248 0.052140 0.361365
v -0.333883 0.031271 0.360999
v -0.344195 0.027371 0.346200
v -0.348223 0.049322 0.340996
v -0.351717 0.021345 0.332775
v -0.355905 0.033345 0.325233
v -0.353636 0.006042 0.319991
v -0.352270 0.004657 0.322123
v -0.341231 0.057025 0.335244
v -0.328588 0.059934 0.355085
v -0.353178 0.038678 0.319217
v -0.321544 0.031206 0.350098
v -0.322942 0.048436 0.352647
v -0.335272 0.047190 0.335033
v -0.330678 0.032660 0.336104
v -0.346317 0.032813 0.321761
v -0.343454 0.024360 0.325672
v -0.352270 0.004657 0.322123
v -0.351717 0.021345 0.332775
v -0.344195 0.027371 0.346200
v -0.333883 0.031271 0.360999
v -0.174832 0.034848 0.293150
v -0.224017 0.037095 0.274337
v -0.269306 0.022201 0.287468
v -0.318948 0.029873 0.318287
v -0.333883 0.031271 0.360999
v -0.346144 0.070176 -0.426996
v -0.025581 0.941812 -0.122434
v -0.168901 0.976344 0.353878
v -0.045049 1.037902 0.383423
v -0.080081 0.315202 0.098831
v -0.151285 0.370473 0.089901
v -0.012742 0.299653 0.104221
v -0.178511 0.340969 0.283676
v -0.100425 0.276829 0.308346
v -0.018937 0.262813 0.316725
v -0.166929 0.348266 0.182551
v -0.087501 0.289591 0.202189
v -0.015732 0.276179 0.212761
v -0.220006 0.854227 -0.143213
v -0.293501 0.853676 -0.272094
v -0.255571 0.894852 -0.274897
v -0.146720 0.897065 -0.137546
v -0.250818 0.748403 0.013560
v -0.257070 0.572919 0.048870
v -0.252500 0.806482 -0.159790
v -0.237846 0.788786 -0.090245
v -0.233973 0.479174 0.068061
v -0.207690 0.848187 -0.068463
v -0.131929 0.927076 -0.040510
v -0.030030 0.977833 -0.016313
v -0.217645 0.827382 0.036894
v -0.129392 0.934988 0.066716
v -0.033652 0.992064 0.085396
v -0.375257 0.120443 -0.421122
v -0.376539 0.135783 -0.363991
v -0.358409 0.102965 -0.381222
v -0.384101 0.140559 -0.389890
v -0.177601 0.062368 -0.422149
v -0.177630 0.040768 -0.436737
v -0.376539 0.135783 -0.363991
v -0.301444 0.109537 -0.473426
v 0.152816 0.025026 -0.399996
v 0.154906 0.045978 -0.394219
v 0.146944 0.044361 -0.433023
v 0.147432 0.025048 -0.424758
v 0.130503 0.025019 -0.459109
v 0.132870 0.014175 -0.451115
v 0.117900 -0.012524 -0.462884
v 0.116857 -0.011244 -0.464989
v 0.143773 0.053734 -0.388837
v 0.127402 0.054637 -0.429532
v 0.117204 0.030708 -0.457694
v 0.117900 -0.012524 -0.462884
v 0.115745 0.018714 -0.444988
v 0.132870 0.014175 -0.451115
v 0.124628 0.030959 -0.416061
v 0.147432 0.025048 -0.424758
v 0.134025 0.026862 -0.393332
v 0.152816 0.025026 -0.399996
v 0.117238 0.045768 -0.420267
v 0.133048 0.045431 -0.386978
v 0.110345 0.026695 -0.449943
v 0.120727 0.025743 -0.347706
v 0.121822 0.044182 -0.346767
v 0.107884 0.039820 -0.376236
v 0.108998 0.023032 -0.368231
v 0.089462 0.021854 -0.393967
v 0.091688 0.013621 -0.387765
v 0.079171 -0.007583 -0.399225
v 0.077964 -0.006357 -0.401320
v 0.113362 0.051653 -0.338764
v 0.094309 0.049498 -0.372508
v 0.082805 0.026068 -0.392660
v 0.079171 -0.007583 -0.399225
v 0.080619 0.017341 -0.382437
v 0.091688 0.013621 -0.387765
v 0.091192 0.027531 -0.358635
v 0.108998 0.023032 -0.368231
v 0.120727 0.025743 -0.347706
v 0.104928 0.029161 -0.335301
v 0.086248 0.043180 -0.363446
v 0.105212 0.043519 -0.332420
v 0.078541 0.023853 -0.387093
v 0.202584 0.023592 -0.414185
v 0.203939 0.043249 -0.413821
v 0.200549 0.029680 -0.449913
v 0.201055 0.013133 -0.436695
v 0.191271 0.003239 -0.469602
v 0.193309 -0.004890 -0.461196
v 0.184658 -0.034329 -0.470999
v 0.183974 -0.033341 -0.473933
v 0.191733 0.050748 -0.411352
v 0.182522 0.036542 -0.452240
v 0.181551 0.006184 -0.472263
v 0.184658 -0.034329 -0.470999
v 0.179114 -0.004869 -0.458464
v 0.193309 -0.004890 -0.461196
v 0.178715 0.013311 -0.433045
v 0.201055 0.013133 -0.436695
v 0.183775 0.024316 -0.411869
v 0.202584 0.023592 -0.414185
v 0.174465 0.026910 -0.443000
v 0.181420 0.042155 -0.410180
v 0.176555 0.002035 -0.465983
v 0.265053 0.014990 -0.399152
v 0.266737 0.032017 -0.400360
v 0.268643 0.018892 -0.434538
v 0.266564 0.005716 -0.423537
v 0.264329 -0.006323 -0.454987
v 0.263973 -0.013278 -0.447151
v 0.256883 -0.043231 -0.457067
v 0.256960 -0.042296 -0.459868
v 0.258139 0.042394 -0.404297
v 0.256448 0.024857 -0.439215
v 0.256688 -0.003539 -0.457750
v 0.256883 -0.043231 -0.457067
v 0.251334 -0.012654 -0.447030
v 0.263973 -0.013278 -0.447151
v 0.249144 0.006492 -0.423714
v 0.266564 0.005716 -0.423537
v 0.265053 0.014990 -0.399152
v 0.246804 0.016235 -0.400630
v 0.247570 0.018060 -0.433222
v 0.245119 0.033465 -0.401567
v 0.250936 -0.006810 -0.453505
v 0.304048 0.007484 -0.359049
v 0.307067 0.021723 -0.360430
v 0.313681 0.017927 -0.391736
v 0.309009 0.003979 -0.385272
v 0.309459 0.001517 -0.413717
v 0.307663 -0.005766 -0.408488
v 0.300635 -0.026741 -0.424592
v 0.301029 -0.025700 -0.426717
v 0.296586 0.028588 -0.363725
v 0.302323 0.025598 -0.396086
v 0.303197 0.004845 -0.416345
v 0.300635 -0.026741 -0.424592
v 0.296444 -0.004000 -0.410180
v 0.307663 -0.005766 -0.408488
v 0.293097 0.006599 -0.388067
v 0.309009 0.003979 -0.385272
v 0.288181 0.007829 -0.365454
v 0.304048 0.007484 -0.359049
v 0.292743 0.018100 -0.393492
v 0.287527 0.021716 -0.365160
v 0.297372 0.001938 -0.414403
v -0.011304 0.862942 0.715932
v -0.031885 0.814011 0.742609
v 0.049965 0.340607 -0.351617
v 0.053996 0.355801 -0.405203
v -0.001044 0.441935 0.562256
v 0.176256 0.855365 0.213879
v 0.215604 0.721961 0.171517
v 0.229846 0.724587 0.303521
v 0.180319 0.872775 0.326768
v 0.149305 0.471604 -0.182796
v 0.113658 0.385592 -0.214010
v 0.180666 0.449713 -0.119330
v 0.112001 0.372650 -0.397248
v 0.110058 0.364656 -0.322164
v 0.156183 0.453651 -0.092878
v 0.100220 0.393056 -0.076383
v 0.105360 0.390862 0.006687
v 0.208594 0.486786 -0.023332
v 0.147016 0.526857 -0.226483
v 0.150366 0.501270 -0.289307
v 0.177580 0.456957 -0.304966
v 0.135341 0.460219 -0.249236
v 0.268917 0.012468 -0.322671
v 0.255307 -0.020851 -0.301975
v 0.290905 -0.013290 -0.290323
v 0.285610 0.009470 -0.305929
v 0.135020 0.009820 -0.251626
v 0.150973 -0.018607 -0.281730
v 0.142161 0.003089 -0.298805
v 0.130490 0.008049 -0.281841
v 0.239953 0.012858 -0.196348
v 0.200453 -0.025165 -0.258779
v 0.176808 -0.011917 -0.228668
v 0.197506 0.019536 -0.184244
v 0.123595 0.067559 -0.270300
v 0.138507 0.072620 -0.303080
v 0.147022 0.069024 -0.307497
v 0.148822 0.072961 -0.294816
v 0.171151 0.081032 -0.316677
v 0.162695 0.081052 -0.340411
v 0.181007 0.075484 -0.346335
v 0.181179 0.080171 -0.334855
v 0.215356 0.084473 -0.329934
v 0.208688 0.079380 -0.352783
v 0.220954 0.065505 -0.347203
v 0.225280 0.068282 -0.333773
v 0.291978 0.042096 -0.178610
v 0.288633 -0.007685 -0.222325
v 0.276412 0.059374 -0.319672
v 0.273901 0.061692 -0.328896
v 0.273897 0.061767 -0.342270
v 0.271811 0.042225 -0.327991
v 0.353325 0.097372 -0.210982
v 0.302377 0.080054 -0.252273
v 0.295979 0.075838 -0.271781
v 0.329300 0.053693 -0.260394
v 0.154267 0.006430 -0.196293
v 0.174637 0.022083 -0.184569
v 0.314977 0.037555 -0.315436
v 0.298600 0.016634 -0.307554
v 0.308536 0.012691 -0.287416
v 0.317237 0.036230 -0.293562
v 0.156307 0.019754 -0.319738
v 0.185015 -0.020347 -0.300658
v 0.173325 0.009210 -0.328142
v 0.250329 0.008029 -0.331180
v 0.227300 0.013512 -0.340173
v 0.216316 -0.014070 -0.309041
v 0.299867 0.061056 -0.309399
v 0.329515 0.028140 -0.240792
v 0.145342 0.069718 -0.234277
v 0.191963 0.077051 -0.318283
v 0.197979 0.097224 -0.287476
v 0.251441 0.089912 -0.284511
v 0.257857 0.077073 -0.325426
v 0.277153 0.061517 -0.307636
v 0.289974 -0.027885 -0.332206
v 0.271654 0.005436 -0.339213
v 0.271654 0.005436 -0.339213
v 0.276802 0.034447 -0.345964
v 0.268917 0.012468 -0.322671
v 0.307523 0.051837 -0.348563
v 0.322074 0.031936 -0.336135
v 0.303629 0.055564 -0.329618
v 0.310811 -0.022025 -0.337265
v 0.144118 0.013838 -0.336862
v 0.124961 -0.009467 -0.312101
v 0.102172 0.012835 -0.300543
v 0.108843 0.071478 -0.312677
v 0.127022 0.072747 -0.326820
v 0.134548 0.071238 -0.311069
v 0.115750 0.069281 -0.293974
v 0.138292 0.051175 -0.337564
v 0.144118 0.013838 -0.336862
v 0.156307 0.019754 -0.319738
v 0.150732 0.056367 -0.318789
v 0.160121 -0.017294 -0.363187
v 0.133664 0.005723 -0.356039
v 0.133664 0.005723 -0.356039
v 0.121761 0.052694 -0.357935
v 0.154101 0.079451 -0.369149
v 0.169381 0.071234 -0.378102
v 0.169659 0.064029 -0.391001
v 0.177065 -0.004905 -0.388599
v 0.187162 0.026584 -0.337098
v 0.187696 0.059558 -0.343750
v 0.178474 0.013486 -0.381714
v 0.187162 0.026584 -0.337098
v 0.207435 0.004350 -0.340289
v 0.199777 -0.014241 -0.381750
v 0.178474 0.013486 -0.381714
v 0.175435 0.049740 -0.379067
v 0.202223 0.077752 -0.390994
v 0.218571 0.069896 -0.393918
v 0.228350 0.050725 -0.399394
v 0.224230 0.012211 -0.388548
v 0.227300 0.013512 -0.340173
v 0.231062 0.028486 -0.338899
v 0.224796 -0.004712 -0.372866
v 0.249197 -0.023497 -0.368264
v 0.224796 -0.004712 -0.372866
v 0.232316 0.045748 -0.378009
v 0.280744 0.056995 -0.376256
v 0.287978 0.038832 -0.380132
v 0.274744 -0.015809 -0.366604
v 0.292962 -0.025347 -0.356246
v 0.276181 0.000132 -0.357033
v 0.308223 0.042376 -0.363295
v 0.323113 0.026398 -0.353974
v 0.311697 -0.020560 -0.352587
v 0.132077 0.014982 -0.348389
v 0.112451 -0.006534 -0.333461
v 0.091565 0.018408 -0.326593
v 0.103486 0.064462 -0.330105
v 0.117645 0.065884 -0.340901
v 0.128053 0.046242 -0.348739
v 0.132077 0.014982 -0.348389
v 0.145856 -0.001393 -0.397631
v 0.125621 0.006478 -0.388761
v 0.147644 0.068852 -0.389493
v 0.161119 0.063036 -0.395347
v 0.164297 0.049495 -0.402994
v 0.162742 0.020364 -0.405656
v 0.195349 0.005431 -0.408773
v 0.177584 0.016769 -0.406468
v 0.195838 0.067815 -0.409918
v 0.210819 0.062326 -0.411876
v 0.216909 0.045220 -0.417429
v 0.212556 0.016517 -0.411543
v 0.230187 0.006461 -0.399846
v 0.250850 -0.016446 -0.398372
v 0.276803 0.047504 -0.396895
v 0.282189 0.031938 -0.398196
v 0.272579 -0.010389 -0.394536
v 0.242728 0.053669 -0.399809
v 0.262129 0.058922 -0.396462
v 0.262818 0.067437 -0.378521
v 0.238387 0.063088 -0.381484
v 0.239438 0.068497 -0.350576
v 0.261158 0.070396 -0.349842
v 0.238415 0.069512 -0.339583
v 0.279158 0.026660 -0.361015
v 0.293570 0.043556 -0.367698
v 0.291818 0.053409 -0.356043
v 0.289275 0.058488 -0.335606
v 0.283543 0.059114 -0.324876
v 0.179894 0.059328 -0.407350
v 0.179933 0.072765 -0.385013
v 0.190131 0.075548 -0.350369
v 0.194782 0.079435 -0.336546
v 0.126400 0.061855 -0.381445
v 0.133163 0.073577 -0.363478
v 0.149011 0.073259 -0.327397
v 0.154164 0.065099 -0.312115
v 0.156827 0.070811 -0.230920
v 0.208995 0.080884 -0.274502
v 0.097459 0.054143 -0.301717
v 0.090633 0.056615 -0.322377
v 0.113657 0.048959 -0.281975
v 0.118192 0.041401 -0.252358
v 0.133367 0.039468 -0.203152
v 0.142769 0.043185 -0.202537
v 0.164394 0.096167 -0.217685
v 0.159046 0.080931 -0.190510
v 0.159454 0.078056 -0.192491
v 0.152578 0.062150 -0.199721
v 0.158406 0.082628 -0.225115
v 0.304640 0.097209 -0.242959
v 0.257021 0.109613 -0.266091
v 0.256506 0.084226 -0.272805
v 0.287228 0.059994 -0.151433
v 0.360818 0.126925 -0.146771
v 0.349569 0.084337 -0.187239
v 0.329515 0.028140 -0.240792
v 0.308536 0.012691 -0.287416
v 0.298600 0.016634 -0.307554
v 0.310811 -0.022025 -0.337265
v 0.311697 -0.020560 -0.352587
v 0.236264 0.037239 -0.396424
v 0.232246 0.062935 -0.329908
v 0.168417 0.047676 -0.408245
v 0.188822 0.074513 -0.332733
v 0.119023 0.047968 -0.379481
v 0.236357 0.069819 -0.323557
v 0.177065 -0.004905 -0.388599
v 0.162742 0.020364 -0.405656
v 0.224230 0.012211 -0.388548
v 0.212556 0.016517 -0.411543
v 0.274744 -0.015809 -0.366604
v 0.272579 -0.010389 -0.394536
v 0.276181 0.000132 -0.357033
v 0.230187 0.006461 -0.399846
v 0.177584 0.016769 -0.406468
v 0.125621 0.006478 -0.388761
v 0.304048 0.007484 -0.359049
v 0.288181 0.007829 -0.365454
v 0.307067 0.021723 -0.360430
v 0.296586 0.028588 -0.363725
v 0.304048 0.007484 -0.359049
v 0.120727 0.025743 -0.347706
v 0.104928 0.029161 -0.335301
v 0.120727 0.025743 -0.347706
v 0.121822 0.044182 -0.346767
v 0.152816 0.025026 -0.399996
v 0.134025 0.026862 -0.393332
v 0.154906 0.045978 -0.394219
v 0.143773 0.053734 -0.388837
v 0.152816 0.025026 -0.399996
v 0.202584 0.023592 -0.414185
v 0.183775 0.024316 -0.411869
v 0.203939 0.043249 -0.413821
v 0.191733 0.050748 -0.411352
v 0.202584 0.023592 -0.414185
v 0.265053 0.014990 -0.399152
v 0.246804 0.016235 -0.400630
v 0.258139 0.042394 -0.404297
v 0.245119 0.033465 -0.401567
v 0.287527 0.021716 -0.365160
v 0.181420 0.042155 -0.410180
v 0.133048 0.045431 -0.386978
v 0.113362 0.051653 -0.338764
v 0.105212 0.043519 -0.332420
v 0.266737 0.032017 -0.400360
v 0.288181 0.007829 -0.365454
v 0.246804 0.016235 -0.400630
v 0.183775 0.024316 -0.411869
v 0.134025 0.026862 -0.393332
v 0.351183 0.447337 -0.024027
v 0.386992 0.430870 -0.107179
v 0.376787 0.387624 -0.127311
v 0.361669 0.428645 -0.027895
v 0.116143 0.383690 -0.252326
v 0.062209 0.964048 -0.366149
v -0.013312 1.003114 -0.513286
v 0.058082 0.980783 -0.517237
v 0.214458 0.717389 -0.567124
v 0.215489 0.720676 -0.506093
v 0.198420 0.820603 -0.441998
v 0.192317 0.811669 -0.559008
v 0.337207 0.283825 -0.226461
v 0.358132 0.297231 -0.156515
v 0.376927 0.367113 -0.211654
v 0.059331 0.369878 -0.511799
v 0.043101 0.384728 -0.440503
v 0.098767 0.418730 -0.472705
v 0.110724 0.412976 -0.527098
v 0.073204 0.990151 0.462222
v 0.062577 0.969571 0.557868
v 0.029029 1.004680 -0.251374
v 0.258271 0.801370 -0.412623
v 0.290356 0.678882 -0.446257
v 0.373818 0.347931 -0.072044
v 0.233551 0.501624 -0.074780
v 0.198848 0.531629 -0.094912
v 0.219931 0.556063 -0.109482
v 0.168724 0.554898 -0.158183
v 0.239151 0.040903 -0.175133
v 0.036273 0.345452 -0.071639
v 0.030697 0.338577 -0.206946
v 0.036013 0.943453 0.626323
v 0.032198 0.397626 0.461118
v 0.054325 0.306591 0.384490
v 0.025809 0.926622 0.649811
v 0.010248 0.907665 0.668346
v 0.040077 0.372687 -0.421942
v 0.046462 0.344108 0.006314
v 0.011098 0.840707 0.682988
v 0.033049 0.832191 0.652606
v 0.218686 0.626765 0.327819
v 0.219885 0.586611 0.255774
v 0.177420 0.511483 0.302710
v 0.169762 0.557380 0.353020
v 0.219324 0.592079 0.159938
v 0.193623 0.525082 0.178328
v 0.205728 0.104339 -0.262669
v 0.079404 0.439922 0.453839
v 0.124758 0.386999 0.371974
v 0.023690 0.453825 0.552459
v -0.004418 0.477007 0.608854
v 0.040755 0.353910 -0.276285
v 0.275528 0.609333 -0.074224
v 0.294101 0.504380 -0.020486
v 0.221661 0.471931 -0.087265
v 0.219931 0.556063 -0.109482
v 0.275528 0.609333 -0.074224
v 0.217858 0.607250 -0.068144
v 0.226086 0.642093 -0.065282
v 0.233500 0.599305 0.016341
v 0.246813 0.598846 -0.041609
v 0.315874 0.444361 -0.001366
v 0.294101 0.504380 -0.020486
v 0.337418 0.512619 -0.034148
v 0.336909 0.424076 0.002058
v 0.315874 0.444361 -0.001366
v 0.251383 0.407498 -0.094589
v 0.256339 0.373313 -0.093280
v 0.336909 0.424076 0.002058
v 0.358833 0.348062 -0.044940
v 0.358833 0.348062 -0.044940
v 0.265624 0.297308 -0.089562
v -0.031003 0.801908 0.741779
v -0.008872 0.793125 0.695699
v -0.012605 0.794731 0.690369
v 0.169146 0.834766 0.119481
v 0.203129 0.728623 0.087886
v 0.324005 0.759187 -0.339632
v 0.386314 0.694281 -0.291979
v 0.318078 0.795951 -0.204468
v 0.269301 0.836686 -0.211778
v 0.295796 0.438282 -0.393038
v 0.361894 0.476212 -0.322792
v 0.361922 0.546378 -0.350456
v 0.279535 0.490951 -0.426150
v 0.295199 0.579120 -0.447743
v 0.300372 0.547028 -0.441343
v 0.332292 0.612272 -0.386599
v 0.303500 0.662894 -0.421751
v 0.282037 0.582764 -0.474557
v 0.160501 0.442165 -0.188766
v 0.208467 0.372728 -0.213688
v 0.168724 0.554898 -0.158183
v 0.159109 0.429443 -0.238621
v 0.147016 0.526857 -0.226483
v 0.205773 0.361258 -0.260934
v 0.218373 0.393241 -0.350984
v 0.164869 0.417092 -0.297442
v 0.200263 0.357463 -0.298372
v 0.217373 0.362949 -0.319037
v 0.274015 0.513500 -0.444179
v 0.233616 0.506093 -0.445248
v 0.170780 0.505277 -0.568171
v 0.176491 0.532919 -0.527218
v 0.223605 0.589074 -0.556243
v 0.210243 0.578541 -0.575404
v 0.100718 0.398220 -0.449822
v 0.397045 0.485367 -0.113045
v 0.317010 0.616466 -0.079360
v 0.361065 0.575923 -0.100619
v 0.383784 0.406230 -0.203377
v 0.331826 0.383987 -0.291626
v 0.308055 0.327175 -0.302224
v 0.228132 0.279779 -0.278407
v 0.256133 0.340026 -0.296600
v 0.210762 0.339184 -0.279369
v 0.192679 0.285316 -0.248374
v 0.266926 0.263370 -0.288422
v 0.275528 0.609333 -0.074224
v 0.192045 0.325851 -0.252283
v 0.179001 0.286745 -0.225385
v 0.383072 0.269282 -0.083437
v 0.391891 0.191305 -0.127748
v 0.284165 0.144529 -0.135862
v 0.279267 0.203704 -0.113250
v 0.195501 0.318791 -0.216012
v 0.187356 0.287672 -0.182343
v 0.279686 0.099020 -0.146509
v 0.234729 0.068914 -0.154222
v 0.228770 0.113903 -0.143312
v 0.204193 0.049483 -0.181912
v 0.202506 0.079224 -0.164627
v 0.265053 0.014990 -0.399152
v 0.186689 0.197585 -0.175720
v 0.186127 0.203262 -0.194614
v 0.203744 0.218798 -0.228764
v 0.208007 0.195664 -0.156978
v 0.202431 0.128230 -0.157337
v 0.176497 0.134805 -0.168910
v 0.211051 0.320819 -0.187507
v 0.206399 0.292025 -0.149777
v 0.232766 0.194056 -0.134802
v 0.230596 0.201058 -0.246940
v 0.291045 0.187403 -0.240454
v 0.392983 0.266109 -0.102061
v 0.383072 0.269282 -0.083437
v 0.111256 0.862319 0.617297
v 0.062937 0.842483 0.642154
v 0.147695 0.914198 0.498782
v 0.015352 0.476484 0.560945
v 0.043598 0.492695 0.487595
v 0.251736 0.726951 0.341373
v 0.175085 0.887832 0.433812
v 0.107011 0.532600 0.425051
v 0.143765 0.775065 0.659759
v 0.100766 0.737216 0.697876
v 0.062937 0.842483 0.642154
v 0.111256 0.862319 0.617297
v 0.217019 0.648688 0.340120
v 0.228533 0.624277 0.346312
v 0.286609 0.700423 0.406933
v 0.269189 0.731807 0.380936
v 0.207782 0.673610 0.677964
v 0.207852 0.709077 0.653724
v 0.267128 0.606652 0.635255
v 0.234455 0.589724 0.678835
v 0.190289 0.647817 0.702877
v 0.201859 0.566722 0.714425
v 0.133398 0.400058 0.709694
v 0.140920 0.414916 0.690906
v 0.186824 0.435623 0.719358
v 0.190163 0.416938 0.725047
v 0.147695 0.914198 0.498782
v 0.201622 0.810676 0.583597
v 0.178436 0.799529 0.616021
v 0.111163 0.394613 0.605892
v 0.116734 0.386947 0.600666
v 0.107954 0.356414 0.522540
v 0.094987 0.360517 0.512599
v 0.029854 0.457707 0.505540
v 0.050758 0.475413 0.452527
v 0.043598 0.492695 0.487595
v 0.015352 0.476484 0.560945
v 0.042031 0.444778 0.512717
v 0.064310 0.445701 0.443254
v 0.175334 0.699293 0.685562
v 0.128533 0.686315 0.710686
v 0.122597 0.219413 0.647923
v 0.122792 0.159350 0.651461
v 0.149278 0.148521 0.625449
v 0.148603 0.211248 0.596204
v 0.165139 0.138514 0.765022
v 0.122792 0.159350 0.651461
v 0.122597 0.219413 0.647923
v 0.157953 0.240327 0.736049
v 0.270037 0.106838 0.737422
v 0.238699 0.100836 0.781538
v 0.243461 0.137953 0.759894
v 0.276247 0.140733 0.723739
v 0.282952 0.105882 0.698445
v 0.281312 0.144305 0.691816
v 0.201982 0.248178 0.750628
v 0.205239 0.138686 0.781895
v 0.269602 -0.032940 0.582064
v 0.300777 -0.016521 0.604578
v 0.299377 -0.024230 0.582293
v 0.290445 -0.020469 0.568316
v 0.149046 -0.031527 0.571302
v 0.162817 -0.026803 0.539077
v 0.148122 -0.011122 0.542031
v 0.129366 -0.011315 0.570046
v 0.309598 0.045866 0.637392
v 0.295543 0.011858 0.648954
v 0.280775 0.042787 0.672796
v 0.294384 0.069555 0.662503
v 0.177482 0.060435 0.542102
v 0.147456 0.061510 0.545603
v 0.180173 0.054746 0.535322
v 0.200578 0.075652 0.521465
v 0.215477 0.067028 0.523016
v 0.222279 0.062818 0.533325
v 0.197148 0.080357 0.534448
v 0.243447 0.068997 0.527858
v 0.255190 0.054350 0.533990
v 0.257559 0.049673 0.547798
v 0.239118 0.075724 0.541734
v 0.291058 0.028257 0.564080
v 0.289354 0.040403 0.572527
v 0.293087 0.045626 0.560566
v 0.289787 0.088439 0.624169
v 0.278263 0.066377 0.600584
v 0.304338 0.064453 0.612258
v 0.312409 -0.001303 0.591255
v 0.312537 -0.002230 0.617100
v 0.318676 0.030558 0.611696
v 0.320054 0.028932 0.589059
v 0.197237 -0.038051 0.565712
v 0.187331 -0.015867 0.528640
v 0.275804 -0.018540 0.553941
v 0.262228 -0.005630 0.540246
v 0.274372 0.075045 0.583218
v 0.252230 -0.012127 0.651780
v 0.282627 -0.001850 0.655378
v 0.305225 0.049955 0.590904
v 0.130656 0.005894 0.602540
v 0.148213 -0.010116 0.624624
v 0.178039 -0.013429 0.636974
v 0.178325 0.078918 0.555454
v 0.148223 0.072895 0.560859
v 0.220982 0.071406 0.543374
v 0.216316 0.078190 0.559196
v 0.197212 0.085138 0.553783
v 0.256437 0.056145 0.561823
v 0.252861 0.076838 0.577347
v 0.232592 0.085180 0.555812
v 0.284220 0.047748 0.583990
v 0.281403 0.063228 0.562255
v 0.296752 -0.018736 0.553318
v 0.307160 -0.026107 0.568120
v 0.300768 0.025115 0.552548
v 0.291058 0.028257 0.564080
v 0.290445 -0.020469 0.568316
v 0.296752 -0.018736 0.553318
v 0.328886 0.029660 0.574620
v 0.320054 0.028932 0.589059
v 0.311465 0.047366 0.577264
v 0.320866 0.046722 0.563536
v 0.323040 -0.007045 0.574421
v 0.312409 -0.001303 0.591255
v 0.161025 -0.029711 0.514508
v 0.182129 -0.015050 0.509866
v 0.142392 -0.010099 0.516820
v 0.167380 0.061472 0.515497
v 0.171823 0.053162 0.528638
v 0.151933 0.055370 0.532712
v 0.147769 0.058432 0.518965
v 0.182129 -0.015050 0.509866
v 0.187331 -0.015867 0.528640
v 0.181582 0.044171 0.528230
v 0.176987 0.042591 0.509531
v 0.207066 -0.020100 0.529853
v 0.202020 -0.029338 0.497992
v 0.182898 -0.017352 0.494078
v 0.177360 0.043679 0.493208
v 0.182898 -0.017352 0.494078
v 0.213398 0.066811 0.498087
v 0.215477 0.067028 0.523016
v 0.200578 0.075652 0.521465
v 0.199586 0.076957 0.498018
v 0.220558 -0.015548 0.497343
v 0.225051 -0.005498 0.528406
v 0.222119 0.049818 0.527051
v 0.220371 0.042822 0.497539
v 0.225051 -0.005498 0.528406
v 0.240971 -0.015660 0.533874
v 0.247218 -0.028342 0.502355
v 0.226826 -0.015326 0.495079
v 0.222417 0.034136 0.495553
v 0.226826 -0.015326 0.495079
v 0.243447 0.068997 0.527858
v 0.247403 0.061384 0.503076
v 0.262682 0.048411 0.505943
v 0.255190 0.054350 0.533990
v 0.268675 -0.016720 0.506012
v 0.262228 -0.005630 0.540246
v 0.258766 0.038068 0.541571
v 0.270222 0.023911 0.507792
v 0.286568 -0.027204 0.526255
v 0.272011 -0.014706 0.517112
v 0.273933 0.027094 0.517864
v 0.272011 -0.014706 0.517112
v 0.293087 0.045626 0.560566
v 0.307529 0.049957 0.534846
v 0.308111 0.026985 0.538213
v 0.303911 -0.019536 0.534912
v 0.318380 -0.022736 0.549914
v 0.307711 -0.013660 0.541138
v 0.336310 0.029378 0.560548
v 0.326858 0.042862 0.553174
v 0.330007 -0.002621 0.559244
v 0.175140 -0.010671 0.497693
v 0.158275 -0.023226 0.498229
v 0.146538 0.000045 0.504129
v 0.148964 0.056264 0.503859
v 0.164660 0.058615 0.501662
v 0.172581 0.040136 0.496491
v 0.175140 -0.010671 0.497693
v 0.200748 -0.022778 0.475100
v 0.186415 -0.010395 0.471488
v 0.201286 0.067000 0.478830
v 0.215492 0.057170 0.476897
v 0.222976 0.030371 0.473444
v 0.214830 -0.009946 0.476192
v 0.250435 -0.026288 0.483404
v 0.234986 -0.013697 0.479651
v 0.250074 0.046460 0.481212
v 0.263030 0.033590 0.486871
v 0.268978 0.013211 0.487255
v 0.265956 -0.014174 0.486582
v 0.295607 -0.024721 0.509140
v 0.282683 -0.016211 0.504578
v 0.313725 0.038490 0.514657
v 0.315736 0.021227 0.519308
v 0.310337 -0.010992 0.516113
v 0.301970 0.044355 0.511852
v 0.294995 0.056703 0.529571
v 0.279428 0.046538 0.522700
v 0.286979 0.033587 0.508031
v 0.285210 0.057370 0.550964
v 0.267331 0.047996 0.544237
v 0.267331 0.047996 0.544237
v 0.285210 0.057370 0.550964
v 0.316217 0.038427 0.546194
v 0.308661 0.040359 0.555090
v 0.307863 0.022905 0.542221
v 0.300390 0.039417 0.568453
v 0.300390 0.039417 0.568453
v 0.233546 0.055657 0.500224
v 0.235208 0.042497 0.480958
v 0.231297 0.061353 0.525722
v 0.231297 0.061353 0.525722
v 0.184878 0.068727 0.494544
v 0.186403 0.061428 0.476091
v 0.187117 0.062991 0.523068
v 0.187117 0.062991 0.523068
v 0.196870 0.104066 0.570391
v 0.140609 0.032148 0.519474
v 0.140441 0.036582 0.505969
v 0.143554 0.022282 0.536016
v 0.131830 0.019426 0.558222
v 0.143554 0.022282 0.536016
v 0.151933 0.055370 0.532712
v 0.128924 0.039138 0.586806
v 0.151367 0.092346 0.575728
v 0.196314 0.122296 0.575508
v 0.152975 0.116969 0.592817
v 0.134660 0.063310 0.686935
v 0.173702 0.025538 0.719753
v 0.173049 0.028721 0.657545
v 0.139121 0.047976 0.630050
v 0.221737 0.023943 0.668209
v 0.212166 0.021125 0.723524
v 0.262250 0.028759 0.681492
v 0.255995 0.033919 0.724040
v 0.272729 0.056462 0.711255
v 0.278469 0.115718 0.641409
v 0.251444 0.121369 0.591098
v 0.251534 0.103611 0.586533
v 0.129722 0.069589 0.611777
v 0.139961 0.098003 0.647144
v 0.134660 0.063310 0.686935
v 0.139121 0.047976 0.630050
v 0.130656 0.005894 0.602540
v 0.129366 -0.011315 0.570046
v 0.148122 -0.011122 0.542031
v 0.148122 -0.011122 0.542031
v 0.142392 -0.010099 0.516820
v 0.323040 -0.007045 0.574421
v 0.330007 -0.002621 0.559244
v 0.281522 0.015657 0.504083
v 0.258766 0.038068 0.541571
v 0.229021 0.021547 0.479223
v 0.222119 0.049818 0.527051
v 0.178171 0.037971 0.470351
v 0.181582 0.044171 0.528230
v 0.171823 0.053162 0.528638
v 0.311465 0.047366 0.577264
v 0.220558 -0.015548 0.497343
v 0.214830 -0.009946 0.476192
v 0.268675 -0.016720 0.506012
v 0.265956 -0.014174 0.486582
v 0.234246 -0.026632 0.566291
v 0.310337 -0.010992 0.516113
v 0.303911 -0.019536 0.534912
v 0.307711 -0.013660 0.541138
v 0.282683 -0.016211 0.504578
v 0.234986 -0.013697 0.479651
v 0.186415 -0.010395 0.471488
v 0.146538 0.000045 0.504129
v 0.316822 0.002989 0.536352
v 0.324092 0.031775 0.540633
v 0.333269 0.024053 0.546232
v 0.329995 0.003166 0.546227
v 0.148445 0.008689 0.492882
v 0.167666 0.037331 0.492209
v 0.165998 0.005642 0.491344
v 0.191098 0.003134 0.466195
v 0.200781 0.053716 0.469233
v 0.215691 0.039816 0.471314
v 0.213502 0.008042 0.468636
v 0.240888 -0.010164 0.473117
v 0.248910 0.033374 0.481867
v 0.259578 0.021436 0.483676
v 0.259777 -0.006568 0.478154
v 0.293572 -0.001644 0.498532
v 0.313357 0.025627 0.508207
v 0.311690 0.001493 0.504858
v 0.293130 0.020899 0.501622
v 0.303275 0.035099 0.503474
v 0.318329 0.020238 0.538706
v 0.239213 0.025918 0.478120
v 0.188872 0.039780 0.468327
v 0.146596 0.038505 0.494161
v 0.156860 0.052150 0.492320
v 0.316822 0.002989 0.536352
v 0.293572 -0.001644 0.498532
v 0.240888 -0.010164 0.473117
v 0.191098 0.003134 0.466195
v 0.148445 0.008689 0.492882
v 0.276482 0.249567 0.703366
v 0.290601 0.232061 0.658837
v 0.237877 0.254781 0.740797
v 0.130638 0.094281 0.700004
v 0.158914 0.102348 0.786936
v 0.130638 0.094281 0.700004
v 0.196687 0.099582 0.801593
v 0.276991 0.219420 0.622238
v 0.273705 0.150263 0.647257
v 0.252501 0.146307 0.588157
v 0.154322 0.043350 0.754047
v 0.135915 0.065877 0.738430
v 0.203258 0.033277 0.760275
v 0.249592 0.041077 0.761883
v 0.261738 0.062884 0.751912
v 0.156893 0.072934 0.782573
v 0.199327 0.063140 0.792501
v 0.135915 0.065877 0.738430
v 0.212819 0.306886 0.428535
v 0.228767 0.333576 0.412613
v 0.195381 0.322782 0.403933
v 0.197301 0.301421 0.432199
v 0.189614 0.357328 0.753117
v 0.137700 0.342896 0.734619
v 0.231646 0.431140 0.733446
v 0.225606 0.449099 0.702520
v 0.265671 0.468880 0.646520
v 0.263954 0.510274 0.659382
v 0.288379 0.515534 0.596173
v 0.277231 0.464369 0.582241
v 0.229900 0.504621 0.701225
v 0.244662 0.540721 0.347894
v 0.244486 0.454478 0.370159
v 0.302623 0.485961 0.425846
v 0.300153 0.592674 0.399162
v 0.169762 0.557380 0.353020
v 0.178287 0.588814 0.369666
v 0.218686 0.626765 0.327819
v 0.183909 0.560760 0.355438
v 0.178689 0.475791 0.348481
v 0.179650 0.415644 0.361573
v 0.242147 0.345258 0.450539
v 0.226555 0.306644 0.473693
v 0.197958 0.197686 0.549547
v 0.253698 0.213785 0.572599
v 0.236777 0.271801 0.525098
v 0.188893 0.259611 0.503734
v 0.097443 0.310176 0.635857
v 0.095048 0.361371 0.628578
v 0.239536 0.063164 0.783362
v 0.176717 0.487220 0.714097
v 0.163835 0.525674 0.733454
v 0.145951 0.620933 0.718809
v 0.268308 0.431948 0.582732
v 0.262827 0.449433 0.650519
v 0.197934 0.144171 0.570754
v 0.160968 0.143851 0.582906
v 0.148020 0.329556 0.416881
v 0.187759 0.357476 0.374229
v 0.146208 0.358514 0.391843
v 0.275202 0.734787 0.540698
v 0.236607 0.792230 0.528135
v 0.289641 0.361198 0.679573
v 0.299318 0.339921 0.624420
v 0.249052 0.371270 0.743384
v 0.122196 0.301430 0.575525
v 0.097443 0.310176 0.635857
v 0.276109 0.333887 0.549807
v 0.272337 0.297112 0.580628
v 0.293001 0.394142 0.603717
v 0.116734 0.386947 0.600666
v 0.280824 0.425046 0.671230
v 0.280836 0.434498 0.501047
v 0.297557 0.494368 0.526579
v 0.070525 0.383508 0.503983
v 0.083979 0.421497 0.600621
v 0.227086 0.471958 0.694709
v 0.083979 0.421497 0.600621
v 0.099458 0.447415 0.672321
v 0.131126 0.419196 0.680815
v 0.111163 0.394613 0.605892
v 0.184839 0.451245 0.719603
v 0.156510 0.203105 0.562047
v 0.130854 0.270681 0.521075
v 0.279807 0.609332 0.598678
v 0.298105 0.620907 0.510237
v 0.106571 0.358403 0.441663
v 0.125816 0.347396 0.458830
v 0.140633 0.323651 0.467507
v 0.160493 0.309327 0.436987
v 0.167857 0.288829 0.469941
v 0.200539 0.281440 0.462307
v 0.083872 0.394617 0.428136
v 0.240947 0.381055 0.397339
v 0.280208 0.386853 0.518894
v 0.251736 0.726951 0.341373
v 0.175085 0.887832 0.433812
v 0.220344 -0.018073 0.631957
v 0.148189 0.017194 0.629047
v 0.175019 0.018433 0.648093
v 0.214469 0.010198 0.647786
v 0.249320 0.013834 0.670635
v 0.269314 0.023984 0.671180
v 0.129845 0.406407 0.394982
v 0.100285 0.333816 0.552256
v 0.263471 0.400846 0.437097
v 0.118703 0.448138 0.388173
v 0.120019 0.538511 0.430401
v 0.107011 0.532600 0.425051
v 0.095048 0.361371 0.628578
v -0.031885 0.814011 0.742609
v 0.214576 0.443807 -0.393342
v 0.224031 0.442883 -0.411102
v 0.282484 0.423662 -0.387208
v 0.344003 0.443917 -0.319392
v 0.403487 0.483616 -0.227930
v 0.411079 0.516877 -0.236178
v 0.264694 0.375806 -0.331628
v 0.262333 0.394649 -0.360237
v 0.336730 0.412854 -0.309827
v 0.391847 0.434736 -0.215772
v 0.409145 0.609787 -0.275992
v 0.228841 0.457736 -0.421726
v 0.239244 0.526088 -0.510659
v 0.177194 0.442941 -0.332451
v 0.188403 0.421434 -0.435533
v 0.183213 0.423255 -0.359741
v 0.152851 0.478919 -0.508135
v 0.158151 0.448969 -0.475779
v 0.051161 0.338685 -0.315135
v 0.106395 0.390259 -0.152118
v 0.403487 0.483616 -0.227930
v 0.344003 0.443917 -0.319392
v 0.282484 0.423662 -0.387208
v 0.214576 0.443807 -0.393342
v 0.150366 0.501270 -0.289307
v 0.211152 0.707173 -0.017439
v 0.229405 0.689464 -0.045760
v 0.406126 0.539551 -0.134410
v 0.377962 0.692684 -0.163783
v 0.400978 0.593765 -0.135720
v 0.406126 0.539551 -0.134410
v 0.346236 0.638688 -0.086852
v 0.284002 0.681330 -0.063177
v 0.242442 0.723219 -0.075351
v 0.297149 0.721675 -0.100931
v 0.317010 0.616466 -0.079360
v 0.361065 0.575923 -0.100619
v 0.110972 0.494669 0.404154
v 0.025585 0.806348 0.680296
v 0.011098 0.840707 0.682988
v 0.033049 0.832191 0.652606
v 0.134147 0.472924 0.714963
v -0.005828 0.769859 0.706221
v 0.050095 0.781322 0.695856
v -0.005828 0.769859 0.706221
v -0.012605 0.794731 0.690369
v 0.025585 0.806348 0.680296
v 0.033049 0.832191 0.652606
v 0.062701 0.695435 0.718746
v 0.007440 0.668850 0.726307
v 0.007440 0.668850 0.726307
v 0.078075 0.654290 0.724535
v 0.010957 0.631644 0.729255
v 0.010957 0.631644 0.729255
v 0.039900 0.499216 0.629473
v 0.007658 0.508077 0.663644
v 0.007658 0.508077 0.663644
v 0.081230 0.579032 0.719803
v 0.002484 0.584839 0.723824
v 0.002484 0.584839 0.723824
v 0.003686 0.537406 0.706436
v 0.007658 0.508077 0.663644
v 0.051815 0.522411 0.688444
v 0.003686 0.537406 0.706436
v 0.039900 0.499216 0.629473
v 0.007658 0.508077 0.663644
v 0.243130 0.733571 0.610080
v 0.335478 0.200531 -0.208297
v 0.317203 0.147939 -0.236504
v 0.398657 0.195061 -0.150515
v 0.202759 0.116000 -0.255473
v 0.262657 0.122332 -0.261045
v 0.273619 0.142505 -0.251220
v 0.215212 0.146184 -0.249464
v 0.186482 0.148731 -0.212506
v 0.171339 0.144864 -0.191851
v 0.391891 0.191305 -0.127748
v 0.196677 0.772152 -0.066428
v 0.231389 0.790276 -0.118724
v 0.077285 0.962285 0.249096
v 0.061310 0.943461 0.151310
v 0.179655 0.902139 -0.369735
v 0.155542 0.913054 -0.522826
v 0.212143 0.050309 0.448056
v 0.216130 0.019645 0.453902
v 0.213502 0.008042 0.468636
v 0.215691 0.039816 0.471314
v 0.213943 0.025134 0.420155
v 0.215365 0.008164 0.429730
v 0.205785 -0.025010 0.411391
v 0.205675 -0.026079 0.414200
v 0.200781 0.053716 0.469233
v 0.201280 0.058769 0.441897
v 0.205052 0.029228 0.412829
v 0.196436 -0.001171 0.428420
v 0.196436 -0.001171 0.428420
v 0.189546 0.010160 0.450195
v 0.189546 0.010160 0.450195
v 0.191098 0.003134 0.466195
v 0.191098 0.003134 0.466195
v 0.189546 0.010160 0.450195
v 0.192780 0.044795 0.442350
v 0.188872 0.039780 0.468327
v 0.196436 -0.001171 0.428420
v 0.197011 0.017026 0.416922
v 0.205675 -0.026079 0.414200
v 0.164740 0.030023 0.469561
v 0.164632 0.004489 0.477256
v 0.165998 0.005642 0.491344
v 0.167666 0.037331 0.492209
v 0.161203 0.004364 0.445537
v 0.161866 -0.006517 0.454777
v 0.151879 -0.025591 0.442952
v 0.152652 -0.026267 0.445047
v 0.156240 0.044043 0.465188
v 0.156860 0.052150 0.492320
v 0.154882 0.010169 0.441338
v 0.152652 -0.026267 0.445047
v 0.148076 -0.005733 0.453320
v 0.161866 -0.006517 0.454777
v 0.144699 0.005950 0.476488
v 0.164632 0.004489 0.477256
v 0.161866 -0.006517 0.454777
v 0.148445 0.008689 0.492882
v 0.165998 0.005642 0.491344
v 0.164632 0.004489 0.477256
v 0.146859 0.038428 0.466234
v 0.146596 0.038505 0.494161
v 0.148912 0.005541 0.444088
v 0.265071 0.034311 0.463983
v 0.264791 0.001616 0.463330
v 0.259777 -0.006568 0.478154
v 0.259578 0.021436 0.483676
v 0.267819 0.018710 0.436781
v 0.265399 -0.000023 0.443115
v 0.264761 -0.023508 0.425732
v 0.264574 -0.024882 0.429334
v 0.254637 0.046391 0.459870
v 0.248910 0.033374 0.481867
v 0.263133 0.028633 0.430621
v 0.240888 -0.010164 0.473117
v 0.245878 0.011706 0.456901
v 0.245540 0.034625 0.459074
v 0.239213 0.025918 0.478120
v 0.253392 0.007450 0.438763
v 0.256073 0.021954 0.433776
v 0.264574 -0.024882 0.429334
v 0.265399 -0.000023 0.443115
v 0.264791 0.001616 0.463330
v 0.259777 -0.006568 0.478154
v 0.322867 0.029229 0.489041
v 0.321843 0.005324 0.491792
v 0.311690 0.001493 0.504858
v 0.313357 0.025627 0.508207
v 0.329906 0.014523 0.468374
v 0.324639 -0.002125 0.478212
v 0.326297 -0.023858 0.462033
v 0.325816 -0.025603 0.464977
v 0.314310 0.038558 0.483033
v 0.303275 0.035099 0.503474
v 0.323668 0.019408 0.464877
v 0.293572 -0.001644 0.498532
v 0.301137 0.009958 0.482364
v 0.304349 0.030267 0.481705
v 0.293130 0.020899 0.501622
v 0.313252 0.001105 0.469122
v 0.315155 0.013722 0.465603
v 0.325816 -0.025603 0.464977
v 0.324639 -0.002125 0.478212
v 0.321843 0.005324 0.491792
v 0.311690 0.001493 0.504858
v 0.333269 0.024053 0.546232
v 0.342588 0.021193 0.525061
v 0.339107 -0.000753 0.530665
v 0.329995 0.003166 0.546227
v 0.349066 0.005180 0.508801
v 0.345560 -0.006805 0.516707
v 0.346528 -0.022158 0.503876
v 0.345344 -0.023540 0.506115
v 0.335118 0.028834 0.519855
v 0.324092 0.031775 0.540633
v 0.345837 0.010471 0.503000
v 0.316822 0.002989 0.536352
v 0.324796 0.004422 0.521664
v 0.329213 0.018969 0.520164
v 0.318329 0.020238 0.538706
v 0.336738 -0.003864 0.510277
v 0.339233 0.004584 0.506112
v 0.345344 -0.023540 0.506115
v 0.345560 -0.006805 0.516707
v 0.339107 -0.000753 0.530665
v 0.329995 0.003166 0.546227
v 0.165998 0.005642 0.491344
v 0.213502 0.008042 0.468636
v 0.259777 -0.006568 0.478154
v 0.311690 0.001493 0.504858
v 0.329995 0.003166 0.546227
v 0.349569 0.084337 -0.187239
v 0.084098 0.984108 0.362702
v 0.053495 0.319325 0.103288
v 0.121459 0.378904 0.098873
v 0.137492 0.350674 0.294622
v 0.061923 0.281811 0.314012
v 0.132440 0.357483 0.192732
v 0.055633 0.293994 0.207091
v 0.158816 0.875179 -0.123803
v 0.092293 0.906972 -0.130484
v 0.215492 0.911120 -0.254567
v 0.250738 0.880201 -0.232139
v 0.202442 0.762209 0.028547
v 0.217015 0.587575 0.064465
v 0.189771 0.836135 -0.125883
v 0.174635 0.813337 -0.066152
v 0.198537 0.492544 0.082289
v 0.144166 0.866324 -0.054015
v 0.069712 0.935625 -0.035643
v 0.162982 0.839130 0.049532
v 0.066453 0.941037 0.073204
v 0.376802 0.137724 -0.195133
v 0.380220 0.167356 -0.142322
v 0.386254 0.163659 -0.166419
v 0.360818 0.126925 -0.146771
v 0.182327 0.077674 -0.168936
v 0.181919 0.053069 -0.179465
v 0.380220 0.167356 -0.142322
v 0.301444 0.114026 -0.236257
v 0.013811 0.481364 -1.052418
v 0.013956 0.480203 -1.058925
v -0.000105 0.483474 -1.058385
v 0.000756 0.487643 -1.049667
v -0.017955 0.516761 -1.026468
v -0.013852 0.512970 -1.027063
v -0.027094 0.511242 -1.038230
v -0.033436 0.516077 -1.031962
v -0.008528 0.501413 -1.048630
v -0.015488 0.497829 -1.050030
v -0.007441 0.509949 -1.037925
v -0.023908 0.505812 -1.053631
v -0.022382 0.528078 -1.056545
v -0.031953 0.539586 -1.037227
v 0.000756 0.487643 -1.049667
v -0.003100 0.511382 -1.047900
v 0.013329 0.505786 -1.050625
v 0.013811 0.481364 -1.052418
v 0.013956 0.480203 -1.058925
v 0.013784 0.497714 -1.066827
v -0.000825 0.495332 -1.066799
v -0.000105 0.483474 -1.058385
v -0.005333 0.480628 -1.049349
v -0.006861 0.478145 -1.053634
v -0.014128 0.498156 -1.063676
v -0.008528 0.501413 -1.048630
v -0.025727 0.511578 -1.022705
v -0.028003 0.536319 -1.001816
v -0.030098 0.529243 -1.010308
v -0.032107 0.526248 -0.994066
v -0.015488 0.497829 -1.050030
v -0.046802 0.546900 -0.987242
v -0.052393 0.565572 -0.943662
v -0.034297 0.552345 -0.947140
v -0.033977 0.539585 -0.981522
v -0.032107 0.526248 -0.994066
v -0.042431 0.534918 -1.008067
v -0.010854 0.464558 -0.994596
v -0.022587 0.461856 -0.996096
v -0.020836 0.453427 -1.001392
v -0.008457 0.458961 -1.000852
v 0.000453 0.423291 -0.998787
v -0.009216 0.434456 -1.019687
v -0.015195 0.438217 -1.010507
v -0.016322 0.439766 -0.988242
v 0.007601 0.441914 -1.024316
v 0.004160 0.441732 -1.006787
v -0.001879 0.442551 -1.014653
v -0.005674 0.439249 -1.016281
v 0.008898 0.439118 -1.029836
v 0.007601 0.441914 -1.024316
v 0.003469 0.437326 -1.029321
v 0.005108 0.429546 -1.021779
v -0.002074 0.439357 -1.029703
v -0.005674 0.439249 -1.016281
v -0.019913 0.473178 -0.998461
v -0.029125 0.484001 -0.978680
v -0.021154 0.484643 -0.987290
v -0.036596 0.530736 -0.910407
v -0.034214 0.516248 -0.930400
v -0.031614 0.532563 -0.931430
v -0.031370 0.546513 -0.923309
v -0.030871 0.508062 -0.960317
v -0.026551 0.525319 -0.958457
v -0.022439 0.509471 -0.965726
v -0.022940 0.492220 -0.987212
v -0.007601 0.440321 -1.014321
v -0.032342 0.560576 -0.949294
v -0.017415 0.529547 -0.928296
v -0.024592 0.546314 -0.928163
v -0.054293 0.606345 -0.882050
v -0.055482 0.584262 -0.898087
v -0.054654 0.580508 -0.917825
v -0.055006 0.602001 -0.916178
v -0.038833 0.577930 -0.920947
v -0.038814 0.581983 -0.897440
v -0.003608 0.517646 -1.039023
v -0.025629 0.470868 -1.017607
v -0.020897 0.494526 -1.026113
v -0.017582 0.491277 -1.030325
v -0.025629 0.470868 -1.017607
v -0.017582 0.491277 -1.030325
v -0.020717 0.487345 -1.038973
v -0.025629 0.470868 -1.017607
v -0.028283 0.489197 -1.038912
v -0.028549 0.493781 -1.032727
v -0.025629 0.470868 -1.017607
v -0.028549 0.493781 -1.032727
v -0.020897 0.494526 -1.026113
v -0.030098 0.529243 -1.010308
v -0.031227 0.548125 -0.973898
v -0.033977 0.539585 -0.981522
v -0.034297 0.552345 -0.947140
v -0.032342 0.560576 -0.949294
v -0.025629 0.470868 -1.017607
v -0.020717 0.487345 -1.038973
v -0.028283 0.489197 -1.038912
v -0.006774 0.453946 -1.024773
v -0.009643 0.462074 -1.018132
v -0.012773 0.467410 -1.038393
v -0.010095 0.450559 -1.027150
v -0.006774 0.453946 -1.024773
v -0.012773 0.467410 -1.038393
v -0.017047 0.459419 -1.019840
v -0.014695 0.451348 -1.026075
v -0.012773 0.467410 -1.038393
v -0.009643 0.462074 -1.018132
v -0.017047 0.459419 -1.019840
v -0.012773 0.467410 -1.038393
v -0.019913 0.473178 -0.998461
v -0.010854 0.464558 -0.994596
v -0.021154 0.484643 -0.987290
v -0.014695 0.451348 -1.026075
v -0.010095 0.450559 -1.027150
v -0.012773 0.467410 -1.038393
v -0.047557 0.582166 -0.886343
v -0.045637 0.567914 -0.890391
v -0.035280 0.575446 -0.887056
v -0.031860 0.587189 -0.881356
v -0.042014 0.552980 -0.878745
v -0.047151 0.584502 -0.866089
v -0.032117 0.500901 -0.944916
v -0.018310 0.526858 -0.912497
v -0.023252 0.556536 -0.882596
v -0.017415 0.529547 -0.928296
v -0.031219 0.587269 -0.924040
v -0.031380 0.565133 -0.973013
v -0.026902 0.549522 -1.014382
v -0.014443 0.529952 -1.031355
v -0.017955 0.516761 -1.026468
v -0.045439 0.565024 -0.989338
v -0.054205 0.588024 -0.950744
v -0.038833 0.577930 -0.920947
v -0.025727 0.511578 -1.022705
v -0.005333 0.480628 -1.049349
v 0.000653 0.480622 -1.050556
v 0.000078 0.477961 -1.055089
v -0.006861 0.478145 -1.053634
v -0.006050 0.521328 -1.067051
v -0.000825 0.495332 -1.066799
v -0.005333 0.480628 -1.049349
v -0.006861 0.478145 -1.053634
v -0.014128 0.498156 -1.063676
v -0.021687 0.454497 -0.979854
v -0.006364 0.462022 -0.990272
v -0.014270 0.493091 -0.952995
v -0.015687 0.500158 -0.959946
v -0.026551 0.525319 -0.958457
v -0.022439 0.509471 -0.965726
v -0.008457 0.458961 -1.000852
v -0.001522 0.445738 -1.011561
v -0.007601 0.440321 -1.014321
v -0.027617 0.478252 -0.963706
v -0.007441 0.509949 -1.037925
v -0.013852 0.512970 -1.027063
v -0.007441 0.509949 -1.037925
v -0.015488 0.497829 -1.050030
v -0.027094 0.511242 -1.038230
v -0.023908 0.505812 -1.053631
v -0.027094 0.511242 -1.038230
v -0.013852 0.512970 -1.027063
v -0.015488 0.497829 -1.050030
v -0.023908 0.505812 -1.053631
v 0.014001 0.419414 -1.002521
v 0.014170 0.428566 -1.020331
v 0.014017 0.440937 -1.024261
v 0.014176 0.436722 -1.028531
v -0.013852 0.512970 -1.027063
v -0.038814 0.581983 -0.897440
v -0.040469 0.552927 -1.012712
v 0.013784 0.497714 -1.066827
v 0.013462 0.519567 -1.070996
v -0.035280 0.575446 -0.887056
v -0.024592 0.546314 -0.928163
v 0.014017 0.440937 -1.024261
v 0.013790 0.437682 -1.009144
v -0.029589 0.593354 -0.864607
v -0.031860 0.587189 -0.881356
v -0.001522 0.445738 -1.011561
v -0.008457 0.458961 -1.000852
v -0.007601 0.440321 -1.014321
v -0.001522 0.445738 -1.011561
v -0.020836 0.453427 -1.001392
v -0.015195 0.438217 -1.010507
v -0.008457 0.458961 -1.000852
v -0.020836 0.453427 -1.001392
v -0.015195 0.438217 -1.010507
v -0.007601 0.440321 -1.014321
v 0.000653 0.480622 -1.050556
v 0.000756 0.487643 -1.049667
v -0.000105 0.483474 -1.058385
v 0.000078 0.477961 -1.055089
v 0.000078 0.477961 -1.055089
v -0.010745 0.567871 -1.018731
v -0.015934 0.591646 -0.979083
v 0.010227 0.598158 -0.976594
v 0.011616 0.566115 -1.018779
v 0.012653 0.536873 -1.045122
v -0.001695 0.536539 -1.044844
v -0.014520 0.612197 -0.911989
v 0.008600 0.618159 -0.910292
v -0.013012 0.615109 -0.847332
v 0.007222 0.622539 -0.841942
v -0.029589 0.593354 -0.864607
v -0.013012 0.615109 -0.847332
v -0.013617 0.626771 -0.805388
v 0.006431 0.629876 -0.807328
v 0.007222 0.622539 -0.841942
v -0.019837 0.595277 -0.840156
v 0.009900 0.525210 -0.888840
v 0.008390 0.564608 -0.847370
v 0.013153 0.453416 -0.990795
v 0.011448 0.485579 -0.932057
v -0.011385 0.619321 -0.792726
v 0.006088 0.620830 -0.780519
v -0.031860 0.587189 -0.881356
v -0.047557 0.582166 -0.886343
v -0.031860 0.587189 -0.881356
v -0.047151 0.584502 -0.866089
v 0.000653 0.480622 -1.050556
v -0.022940 0.492220 -0.987212
v 0.013801 0.448883 -1.020550
v 0.000906 0.456125 -1.012714
v -0.000071 0.471230 -0.996348
v 0.013095 0.462916 -0.996937
v 0.009977 0.531177 -0.898666
v 0.011190 0.502981 -0.935307
v -0.006709 0.513080 -0.935526
v -0.008138 0.542325 -0.900714
v 0.004942 0.456313 -1.023209
v 0.013833 0.451715 -1.024956
v 0.013045 0.474768 -1.005737
v 0.004349 0.479786 -1.007481
v 0.004497 0.532060 -0.949473
v 0.010995 0.526415 -0.947707
v 0.009762 0.556167 -0.911504
v -0.000336 0.562851 -0.915110
v 0.013978 0.446803 -1.027887
v 0.004157 0.449701 -1.026180
v 0.004157 0.449701 -1.026180
v 0.013978 0.446803 -1.027887
v -0.002877 0.459957 -1.016620
v -0.009197 0.480322 -1.002031
v -0.020381 0.525149 -0.941388
v -0.022069 0.554688 -0.907279
v -0.000969 0.462571 -1.016463
v -0.006491 0.480655 -1.002056
v -0.013767 0.533579 -0.947869
v -0.015299 0.563557 -0.913823
v 0.012216 0.485950 -0.972870
v -0.002654 0.493482 -0.972029
v 0.004192 0.508263 -0.982861
v 0.012070 0.502717 -0.981447
v -0.015013 0.502582 -0.978003
v -0.008478 0.509015 -0.980765
v -0.009120 0.561090 -0.856069
v 0.008816 0.546566 -0.852403
v -0.002540 0.582271 -0.867649
v 0.008535 0.577828 -0.867854
v -0.023218 0.573355 -0.860404
v -0.016464 0.582749 -0.866017
v -0.009368 0.572341 -0.822626
v 0.007793 0.564719 -0.816040
v -0.004963 0.591652 -0.826129
v 0.007601 0.587142 -0.827648
v -0.020319 0.583348 -0.821755
v -0.015898 0.591764 -0.828836
v -0.027900 1.049829 -0.154378
v -0.030932 1.059701 -0.074613
v -0.113487 1.010078 -0.052171
v -0.114438 1.011021 -0.166748
v -0.074919 1.001453 -0.255230
v -0.024010 1.015164 -0.234734
v -0.211257 0.933284 -0.146862
v -0.255571 0.894852 -0.274897
v -0.293608 0.854992 -0.272174
v -0.270918 0.870387 -0.168116
v -0.312093 0.808077 -0.274936
v -0.304959 0.815974 -0.204920
v -0.182205 0.947219 -0.074077
v -0.235864 0.894383 -0.099608
v -0.260361 0.832566 -0.113317
v -0.311817 0.850450 -0.418843
v -0.236700 0.828041 -0.507988
v -0.201210 0.927637 -0.439818
v -0.268415 0.941676 -0.366051
v -0.026470 1.100550 -0.239869
v -0.152368 1.042026 -0.253562
v -0.146529 1.010774 -0.348697
v -0.022204 1.061246 -0.321982
v -0.333314 0.874974 -0.361744
v -0.303022 0.738701 -0.438013
v -0.306062 0.765308 -0.467895
v -0.201546 0.800178 -0.573088
v -0.175036 0.902787 -0.535539
v -0.081841 0.976581 -0.522377
v -0.013285 1.003127 -0.513979
v -0.017470 1.006150 -0.404475
v -0.103574 0.968923 -0.415518
v -0.212076 0.705628 -0.586909
v -0.300105 0.963646 -0.274525
v -0.006436 0.955925 -0.634958
v -0.115571 0.934686 -0.642078
v -0.097844 0.868970 -0.716533
v -0.001697 0.902920 -0.709276
v -0.083535 0.512510 -0.692872
v -0.144006 0.548648 -0.712208
v -0.167088 0.512621 -0.652426
v -0.100115 0.458457 -0.651267
v -0.233790 0.616299 -0.632718
v -0.170523 0.619782 -0.693772
v -0.185540 0.708743 -0.685753
v -0.187349 0.748098 -0.630679
v -0.145797 0.796572 -0.704120
v -0.165489 0.863936 -0.628777
v 0.010067 0.450512 -0.740127
v -0.035706 0.471522 -0.706822
v -0.048459 0.420620 -0.650654
v 0.009265 0.412373 -0.656516
v -0.110383 0.392223 -0.569054
v -0.057870 0.359605 -0.556682
v -0.014212 1.032112 -0.513309
v -0.126020 0.991964 -0.533325
v -0.195426 0.930749 -0.523865
v -0.270428 0.608808 -0.582041
v -0.182933 0.456974 -0.578375
v -0.243629 0.812213 -0.557657
v 0.008061 0.352140 -0.543824
v -0.099918 0.825786 -0.772178
v 0.002628 0.831661 -0.798123
v -0.078127 0.496098 -0.787190
v -0.137832 0.576937 -0.788111
v -0.147014 0.623095 -0.802696
v -0.176937 0.672350 -0.813019
v -0.152750 0.728212 -0.793915
v 0.010699 0.433973 -0.779877
v -0.034855 0.470464 -0.779377
v -0.177752 0.684447 -0.813958
v -0.199401 0.692509 -0.759182
v -0.170569 0.610332 -0.756364
v -0.147810 0.634225 -0.809038
v -0.078217 0.498816 -0.795393
v -0.137986 0.579204 -0.791240
v -0.146879 0.556877 -0.763771
v -0.096585 0.488286 -0.771838
v 0.010699 0.433973 -0.779877
v -0.034709 0.469730 -0.776700
v -0.039726 0.452305 -0.760429
v 0.010977 0.412563 -0.776332
v -0.099918 0.825789 -0.772174
v -0.096162 0.853259 -0.744838
v -0.192306 0.767793 -0.735186
v -0.153325 0.737323 -0.790311
v 0.000800 0.878454 -0.763234
v 0.002628 0.831661 -0.798123
v -0.227981 0.796455 -0.689904
v -0.259165 0.693148 -0.709370
v -0.114631 0.449722 -0.708866
v -0.045175 0.399820 -0.734849
v -0.244820 0.615494 -0.709512
v -0.183011 0.509289 -0.707262
v 0.011687 0.382789 -0.758105
v -0.142141 0.942922 -0.639463
v -0.003498 0.953817 -0.692042
v -0.134799 0.634768 -0.852514
v -0.162699 0.692330 -0.847410
v -0.108268 0.559916 -0.872001
v 0.011645 0.444861 -0.852218
v -0.036794 0.487295 -0.891866
v -0.080683 0.529440 -0.894766
v -0.123705 0.598685 -0.858169
v -0.125017 0.789790 -0.840340
v -0.051502 0.836022 -0.838845
v -0.158060 0.730054 -0.857795
v 0.003319 0.822111 -0.829445
v -0.088400 0.828884 -0.832996
v -0.140284 0.757522 -0.854811
v -0.158360 0.795974 -0.812380
v -0.152514 0.780733 -0.834387
v -0.140943 0.787598 -0.839657
v -0.149811 0.800920 -0.816290
v -0.157255 0.854544 -0.826071
v -0.142802 0.862986 -0.820827
v -0.161933 0.864637 -0.799968
v -0.168904 0.857799 -0.817517
v -0.145807 0.833169 -0.837454
v -0.132597 0.835775 -0.843687
v -0.145379 0.847552 -0.808701
v -0.150808 0.824785 -0.795489
v -0.132762 0.814378 -0.805467
v -0.127509 0.830863 -0.825695
v -0.129023 0.804337 -0.844688
v -0.125017 0.789790 -0.840340
v -0.136560 0.781610 -0.859072
v -0.139778 0.803666 -0.848195
v -0.169988 0.823348 -0.802000
v -0.176697 0.846209 -0.806460
v -0.157255 0.854544 -0.826071
v -0.127509 0.830863 -0.825695
v -0.145379 0.847552 -0.808701
v -0.069673 0.634051 -0.984928
v -0.082596 0.631196 -0.967933
v -0.065656 0.612091 -0.975430
v -0.062417 0.622259 -0.989616
v -0.042678 0.639127 -1.003991
v -0.037172 0.632547 -0.999341
v -0.035271 0.630698 -1.012135
v -0.044313 0.640808 -1.014021
v -0.052332 0.515145 -0.959579
v -0.064707 0.520934 -0.949164
v -0.056328 0.507427 -0.956470
v -0.047504 0.510852 -0.969837
v -0.052175 0.628585 -0.995454
v -0.042158 0.627118 -0.996172
v -0.043252 0.641499 -0.984792
v -0.042678 0.639127 -1.003991
v -0.037172 0.632547 -0.999341
v -0.057786 0.638636 -0.998505
v -0.058788 0.637363 -0.995288
v -0.061833 0.646850 -1.006484
v -0.070625 0.645339 -0.994992
v -0.057786 0.638636 -0.998505
v -0.053713 0.640128 -1.001447
v -0.174001 0.844171 -0.778339
v -0.131702 0.859653 -0.770859
v -0.148247 0.841928 -0.759758
v -0.118332 0.589762 -0.890726
v -0.098339 0.576513 -0.912653
v -0.105419 0.590568 -0.922981
v -0.143079 0.618790 -0.892254
v -0.070797 0.642431 -0.984856
v -0.086041 0.643880 -0.970038
v -0.056022 0.632124 -0.994766
v -0.052175 0.628585 -0.995454
v -0.044833 0.617794 -0.993200
v -0.042158 0.627118 -0.996172
v -0.028844 0.637123 -1.023136
v -0.036109 0.656170 -1.022824
v -0.056022 0.632124 -0.994766
v -0.058788 0.637363 -0.995288
v -0.027754 0.620878 -1.007464
v -0.054362 0.515459 -0.964461
v -0.045735 0.518893 -0.958965
v -0.048171 0.518816 -0.960181
v -0.052154 0.506381 -0.994686
v -0.055886 0.512943 -0.971447
v -0.047980 0.515940 -0.969058
v -0.045819 0.503111 -0.995420
v -0.010500 0.440546 -1.023692
v -0.026383 0.451884 -1.008242
v -0.030276 0.445352 -1.010128
v -0.014921 0.436498 -1.026248
v -0.027289 0.438881 -1.003145
v -0.036756 0.463414 -1.001320
v -0.035671 0.459134 -0.988719
v -0.041774 0.497114 -0.983990
v -0.032236 0.471675 -1.002978
v -0.035402 0.497250 -0.983963
v -0.040884 0.512533 -0.969249
v -0.032287 0.496997 -0.970504
v -0.040292 0.521779 -0.953530
v -0.046037 0.553484 -0.956161
v -0.044748 0.536769 -0.949189
v -0.052902 0.569106 -0.892427
v -0.041208 0.591030 -0.923738
v -0.034503 0.483769 -1.034317
v -0.018677 0.473648 -1.060286
v -0.020430 0.490719 -1.072457
v -0.037564 0.503428 -1.051760
v -0.054171 0.533014 -1.002571
v -0.066247 0.547479 -0.976532
v -0.014001 0.531247 -1.093969
v -0.001070 0.537400 -1.108821
v -0.005974 0.551304 -1.095947
v -0.017542 0.542858 -1.085894
v -0.014508 0.519118 -1.077928
v -0.000573 0.511940 -1.086051
v -0.008968 0.529021 -1.090435
v -0.102102 0.646485 -0.949818
v -0.134931 0.655605 -0.906889
v -0.098757 0.606691 -0.941428
v -0.093229 0.624137 -0.952056
v -0.029227 0.614825 -1.006061
v -0.047232 0.607014 -0.989690
v -0.000573 0.511940 -1.086051
v 0.001892 0.527305 -1.083233
v -0.008968 0.529021 -1.090435
v -0.002505 0.488216 -1.081339
v -0.020776 0.531264 -1.067719
v -0.023713 0.551946 -1.065005
v -0.046067 0.517531 -1.028649
v -0.053713 0.640128 -1.001447
v -0.078327 0.566860 -0.926513
v -0.068452 0.582993 -0.957186
v -0.023118 0.621522 -1.018506
v -0.103833 0.665419 -0.959791
v -0.116127 0.688264 -0.936439
v -0.007252 0.626743 -1.023301
v -0.008955 0.647141 -1.021392
v -0.014632 0.670093 -1.016437
v -0.004090 0.559972 -1.074391
v -0.008920 0.584174 -1.048278
v -0.036300 0.569236 -1.037019
v -0.011301 0.610987 -1.030861
v -0.048940 0.587021 -1.008080
v 0.001830 0.529160 -1.105481
v -0.046037 0.553484 -0.956161
v -0.044748 0.536769 -0.949189
v -0.027618 0.555389 -1.012696
v -0.037884 0.535697 -1.008518
v -0.037884 0.535697 -1.008518
v -0.016021 0.469121 -1.055905
v 0.002710 0.472661 -1.062635
v -0.001950 0.475796 -1.068092
v 0.014248 0.475088 -1.069376
v -0.042766 0.493731 -1.012456
v -0.030973 0.480975 -1.029817
v -0.046918 0.494467 -1.017427
v -0.002613 0.527646 -1.044839
v -0.024937 0.517661 -1.046683
v -0.024937 0.517661 -1.046683
v -0.129136 0.782244 -0.877708
v -0.129538 0.804927 -0.867104
v -0.128383 0.761528 -0.874416
v -0.130558 0.766038 -0.857166
v -0.158060 0.730054 -0.857795
v -0.162699 0.692330 -0.847410
v -0.139680 0.677822 -0.872536
v -0.135676 0.713180 -0.901291
v -0.125017 0.789790 -0.840340
v -0.116064 0.772690 -0.902075
v -0.110899 0.851010 -0.794559
v -0.088400 0.828884 -0.832996
v -0.131702 0.859653 -0.770859
v -0.110899 0.851010 -0.794559
v -0.055590 0.871103 -0.782266
v -0.132412 0.870709 -0.740217
v -0.090781 0.799657 -0.890075
v -0.090781 0.799657 -0.890075
v -0.116064 0.772690 -0.902075
v -0.110413 0.762930 -0.912817
v -0.049905 0.811070 -0.899360
v -0.130946 0.749106 -0.886454
v -0.128383 0.761528 -0.874416
v -0.140284 0.757522 -0.854811
v -0.130558 0.766038 -0.857166
v -0.131702 0.859653 -0.770859
v -0.132412 0.870709 -0.740217
v -0.148247 0.841928 -0.759758
v -0.161892 0.819912 -0.762952
v -0.172693 0.820341 -0.779826
v -0.151150 0.791563 -0.790054
v -0.161892 0.819912 -0.762952
v -0.167395 0.837190 -0.739963
v -0.187654 0.797270 -0.767582
v -0.151150 0.791563 -0.790054
v -0.148521 0.776859 -0.814865
v -0.130572 0.777841 -0.850249
v -0.103018 0.745293 -0.930475
v -0.050981 0.772184 -0.937876
v -0.198305 0.742764 -0.804060
v -0.148521 0.776859 -0.814865
v -0.130572 0.777841 -0.850249
v -0.130558 0.766038 -0.857166
v -0.140284 0.757522 -0.854811
v -0.026120 0.465007 -0.990406
v -0.022826 0.713977 -0.993099
v -0.041859 0.679153 -1.015746
v 0.000015 0.504392 -1.065872
v -0.057392 0.911499 -0.751844
v -0.130161 0.894867 -0.724165
v -0.130161 0.894867 -0.724165
v -0.185720 0.845122 -0.717613
v -0.210499 0.806276 -0.733071
v -0.108383 0.474788 -0.815662
v -0.083735 0.491108 -0.848885
v -0.116354 0.546487 -0.853510
v -0.176543 0.548123 -0.805822
v -0.240212 0.765644 -0.755101
v -0.036794 0.487295 -0.891866
v -0.080682 0.529430 -0.894764
v -0.040328 0.459947 -0.853174
v -0.050404 0.425079 -0.799903
v -0.075845 0.677708 -0.996382
v -0.070595 0.662528 -1.004800
v -0.048506 0.662254 -1.019520
v -0.052476 0.644868 -1.013147
v -0.048340 0.640725 -1.003464
v -0.048340 0.640725 -1.003464
v -0.077611 0.544584 -0.917917
v -0.090605 0.550974 -0.893627
v -0.069194 0.529592 -0.917880
v -0.071717 0.534170 -0.952095
v -0.185142 0.598639 -0.808553
v -0.154090 0.600470 -0.835912
v -0.143656 0.636424 -0.837031
v -0.159666 0.639556 -0.811050
v -0.073678 0.596352 -0.956646
v -0.066138 0.604966 -0.961076
v 0.006169 0.772906 -0.931948
v 0.004802 0.797046 -0.883300
v 0.013845 0.539822 -1.110762
v 0.013348 0.553384 -1.097719
v -0.004637 0.429684 -1.027860
v 0.014494 0.421479 -1.030514
v 0.014303 0.429835 -1.028551
v -0.000511 0.435679 -1.026584
v 0.007315 0.733317 -0.953979
v -0.039369 0.735029 -0.961235
v 0.008245 0.705531 -0.976122
v 0.012833 0.559631 -1.076619
v 0.011676 0.588942 -1.044023
v 0.009927 0.651873 -1.012820
v 0.009268 0.677690 -1.003065
v 0.010956 0.614260 -1.030607
v 0.013532 0.507326 -1.062856
v 0.003319 0.822111 -0.829445
v -0.051502 0.836022 -0.838845
v 0.014211 0.416835 -1.011115
v 0.000363 0.418409 -1.007046
v 0.001857 0.865719 -0.794594
v 0.000522 0.909173 -0.766315
v 0.011900 0.419253 -0.830733
v 0.012031 0.397950 -0.824653
v 0.010397 0.632323 -1.018652
v -0.090673 0.654093 -0.979682
v -0.084815 0.703848 -0.976395
v -0.022882 0.428301 -0.977703
v -0.024333 0.439414 -0.963334
v -0.006208 0.415593 -1.006433
v -0.004675 0.409008 -0.985747
v 0.013958 0.403403 -0.984760
v 0.014371 0.408205 -1.011191
v -0.042845 0.489013 -0.926789
v 0.011645 0.444861 -0.852218
v 0.012313 0.436659 -0.888617
v -0.032287 0.496997 -0.970504
v -0.037351 0.526803 -0.923938
v -0.040292 0.521779 -0.953530
v -0.032969 0.464477 -0.947422
v -0.043116 0.488112 -0.973508
v 0.000228 0.461549 -0.979549
v -0.003409 0.494530 -0.926105
v -0.026120 0.465007 -0.990406
v 0.012848 0.426466 -0.948631
v -0.022288 0.442596 -1.000855
v -0.005272 0.443248 -0.992389
v 0.000228 0.461549 -0.979549
v -0.002758 0.418406 -0.963103
v -0.015758 0.431687 -1.017518
v 0.014203 0.488094 -1.079608
v -0.004622 0.426077 -1.021734
v 0.014383 0.419637 -1.022897
v 0.013965 0.529025 -1.106666
v -0.012165 0.433223 -1.001011
v -0.092294 0.720138 -0.951707
v -0.108268 0.559916 -0.872001
v -0.048525 0.598545 -0.991791
v -0.206336 0.701642 -0.805831
v -0.088400 0.828884 -0.832996
v -0.132762 0.814378 -0.805467
v 0.005104 0.521288 -1.096499
v 0.001830 0.529160 -1.105481
v 0.005104 0.521288 -1.096499
v 0.013901 0.521512 -1.096019
v -0.134799 0.634768 -0.852514
v -0.123705 0.598685 -0.858169
v 0.013940 0.509759 -1.086681
v -0.009273 0.527644 -0.887684
v -0.027278 0.611588 -1.018627
v 0.013473 0.407874 -0.963545
v 0.013522 0.438505 -0.995815
v 0.013215 0.451411 -0.992094
v -0.043270 0.572500 -0.865667
v -0.019206 0.584324 -0.841339
v -0.034123 0.604567 -0.890111
v -0.024544 0.617083 -0.859353
v -0.212076 0.705628 -0.586909
v -0.166860 0.714642 -0.628685
v -0.201543 0.800131 -0.573102
v -0.013285 1.003127 -0.513979
v -0.081847 0.976702 -0.522535
v -0.084434 0.921531 -0.643214
v -0.004098 0.922185 -0.673360
v -0.204622 0.566112 -0.590787
v -0.161489 0.495236 -0.580578
v -0.154924 0.562576 -0.615172
v -0.183346 0.620890 -0.624640
v -0.175049 0.902802 -0.535215
v -0.140909 0.868560 -0.640615
v -0.040788 0.340209 -0.445035
v 0.004851 0.335563 -0.445101
v 0.006519 0.345342 -0.497686
v -0.046500 0.366592 -0.515854
v -0.103035 0.991827 -0.434534
v -0.201916 0.939199 -0.457039
v -0.093439 0.407776 -0.536019
v -0.038263 0.451740 -0.636962
v -0.100011 0.497878 -0.635356
v -0.255224 0.817546 -0.520305
v -0.242260 0.677228 -0.560721
v -0.017859 1.039903 -0.422290
v -0.203240 0.520783 -0.565199
v -0.141003 0.423349 -0.512182
v 0.008180 0.444335 -0.643153
v -0.082220 0.365944 -0.463624
v -0.215949 0.600686 -0.578972
v -0.048242 0.352627 -0.409021
v 0.001885 0.345958 -0.393758
v -0.201868 1.027140 -0.367861
v -0.253118 0.980237 -0.378009
v -0.295726 0.826379 -0.485294
v -0.248921 0.653610 -0.509859
v -0.022119 1.101922 -0.358307
v -0.176764 0.510982 -0.542104
v -0.156814 0.413391 -0.471275
v -0.091370 0.370060 -0.419931
v -0.202150 0.579516 -0.547874
v -0.083510 0.512132 -0.688899
v -0.143867 0.547096 -0.705667
v -0.035659 0.471156 -0.703045
v 0.010067 0.450512 -0.740127
v -0.173645 0.698184 -0.697392
v -0.134864 0.795884 -0.711263
v -0.097761 0.869262 -0.721048
v -0.170434 0.618765 -0.689925
v -0.001697 0.902920 -0.709276
v -0.130846 1.017723 -0.175495
v -0.156257 0.997809 -0.275776
v -0.024894 1.065871 -0.253314
v -0.027644 1.079154 -0.190304
v -0.021976 1.036501 -0.308062
v -0.144384 0.988604 -0.308842
v -0.252342 0.929337 -0.339680
v -0.262648 0.925354 -0.305726
v -0.304633 0.851979 -0.328845
v -0.275897 0.855253 -0.398940
v -0.349137 0.777856 -0.331303
v -0.303022 0.738701 -0.438013
v -0.330713 0.862618 -0.246614
v -0.245795 0.940485 -0.197641
v -0.312093 0.808077 -0.274936
v -0.103571 0.968962 -0.415601
v -0.017470 1.006150 -0.404475
v -0.212076 0.705628 -0.586909
v -0.236639 0.828081 -0.508318
v -0.201210 0.927637 -0.439818
v -0.085251 0.987334 0.012069
v -0.087189 0.982648 -0.110623
v -0.028671 1.015108 -0.097077
v -0.032186 1.007950 0.018486
v -0.152636 0.931975 -0.010875
v -0.172900 0.916944 -0.111008
v -0.187608 0.892536 -0.027275
v -0.213336 0.867762 -0.133402
v -0.074919 1.001453 -0.255230
v -0.024010 1.015164 -0.234734
v -0.255571 0.894852 -0.274897
v -0.293509 0.853972 -0.272110
v -0.207758 0.845500 -0.066947
v -0.252787 0.809972 -0.161313
v -0.312093 0.808077 -0.274936
v -0.237598 0.669394 -0.522008
v -0.248921 0.653610 -0.509859
v 0.026514 0.488117 -1.049178
v 0.027857 0.483988 -1.057854
v 0.043249 0.517885 -1.025306
v 0.058942 0.517774 -1.030209
v 0.053024 0.512713 -1.036709
v 0.039314 0.513947 -1.026053
v 0.042374 0.498892 -1.048932
v 0.035240 0.502217 -1.047799
v 0.033435 0.510699 -1.037149
v 0.056798 0.541217 -1.035543
v 0.048395 0.529378 -1.055201
v 0.050627 0.507181 -1.052216
v 0.026514 0.488117 -1.049178
v 0.029426 0.511979 -1.047282
v 0.027857 0.483988 -1.057854
v 0.028459 0.495870 -1.066243
v 0.032839 0.481329 -1.048624
v 0.035240 0.502217 -1.047799
v 0.041522 0.499179 -1.062619
v 0.034619 0.478907 -1.052847
v 0.051058 0.512989 -1.021247
v 0.054304 0.530793 -1.008706
v 0.051630 0.537782 -1.000304
v 0.055804 0.527863 -0.992398
v 0.042374 0.498892 -1.048932
v 0.069461 0.549036 -0.985035
v 0.056706 0.541251 -0.979800
v 0.055253 0.553990 -0.945440
v 0.072705 0.567870 -0.941287
v 0.066326 0.536916 -1.006002
v 0.055804 0.527863 -0.992398
v 0.036862 0.465434 -0.993691
v 0.034911 0.459757 -1.000030
v 0.047497 0.454682 -1.000096
v 0.048735 0.463166 -0.994743
v 0.027245 0.423783 -0.998279
v 0.042991 0.440855 -0.987117
v 0.042767 0.439281 -1.009407
v 0.037283 0.435311 -1.018805
v 0.020391 0.442149 -1.024073
v 0.033441 0.439968 -1.015539
v 0.029468 0.443127 -1.014059
v 0.023169 0.442081 -1.006426
v 0.020391 0.442149 -1.024073
v 0.019408 0.439311 -1.029637
v 0.024875 0.437719 -1.028915
v 0.023239 0.429879 -1.021435
v 0.033441 0.439968 -1.015539
v 0.030351 0.439952 -1.029088
v 0.045738 0.474384 -0.997216
v 0.053790 0.485524 -0.977107
v 0.046133 0.485879 -0.986013
v 0.056947 0.532454 -0.908632
v 0.051638 0.548037 -0.921734
v 0.052702 0.534112 -0.929830
v 0.055858 0.517903 -0.928690
v 0.048936 0.526705 -0.957025
v 0.053954 0.509620 -0.958707
v 0.045688 0.510723 -0.964433
v 0.047636 0.493517 -0.985873
v 0.035252 0.441109 -1.013508
v 0.053080 0.562145 -0.947672
v 0.045061 0.547593 -0.926841
v 0.038514 0.530574 -0.927235
v 0.070768 0.608642 -0.879677
v 0.072934 0.604351 -0.913749
v 0.073434 0.582860 -0.915394
v 0.073374 0.586629 -0.895642
v 0.057848 0.579706 -0.919112
v 0.056788 0.583739 -0.895625
v 0.029366 0.518252 -1.038397
v 0.046990 0.495773 -1.024824
v 0.052261 0.472299 -1.016128
v 0.043958 0.492408 -1.029157
v 0.043958 0.492408 -1.029157
v 0.052261 0.472299 -1.016128
v 0.047562 0.488599 -1.037676
v 0.055047 0.490728 -1.037330
v 0.052261 0.472299 -1.016128
v 0.054910 0.495314 -1.031142
v 0.054910 0.495314 -1.031142
v 0.052261 0.472299 -1.016128
v 0.046990 0.495773 -1.024824
v 0.054304 0.530793 -1.008706
v 0.053357 0.549679 -0.972293
v 0.053080 0.562145 -0.947672
v 0.055253 0.553990 -0.945440
v 0.056706 0.541251 -0.979800
v 0.047562 0.488599 -1.037676
v 0.052261 0.472299 -1.016128
v 0.055047 0.490728 -1.037330
v 0.036637 0.462924 -1.017254
v 0.034321 0.454701 -1.023993
v 0.040334 0.468385 -1.037385
v 0.034321 0.454701 -1.023993
v 0.037852 0.451440 -1.026240
v 0.040334 0.468385 -1.037385
v 0.042377 0.452396 -1.024992
v 0.044193 0.460544 -1.018678
v 0.040334 0.468385 -1.037385
v 0.044193 0.460544 -1.018678
v 0.036637 0.462924 -1.017254
v 0.040334 0.468385 -1.037385
v 0.036862 0.465434 -0.993691
v 0.045738 0.474384 -0.997216
v 0.046133 0.485879 -0.986013
v 0.037852 0.451440 -1.026240
v 0.042377 0.452396 -1.024992
v 0.040334 0.468385 -1.037385
v 0.065092 0.584235 -0.884205
v 0.049043 0.588675 -0.879820
v 0.053106 0.577070 -0.885379
v 0.063852 0.569925 -0.888313
v 0.060339 0.554860 -0.876803
v 0.063832 0.586541 -0.863982
v 0.054878 0.502499 -0.943265
v 0.041619 0.557727 -0.881364
v 0.038907 0.527909 -0.911411
v 0.038514 0.530574 -0.927235
v 0.052851 0.566680 -0.971414
v 0.050020 0.588761 -0.922498
v 0.050522 0.550944 -1.012912
v 0.043249 0.517885 -1.025306
v 0.039443 0.530942 -1.030332
v 0.073960 0.590379 -0.948311
v 0.067514 0.567099 -0.987194
v 0.057848 0.579706 -0.919112
v 0.051058 0.512989 -1.021247
v 0.032839 0.481329 -1.048624
v 0.034619 0.478907 -1.052847
v 0.027752 0.478469 -1.054564
v 0.026908 0.481105 -1.050057
v 0.032733 0.522040 -1.066315
v 0.028459 0.495870 -1.066243
v 0.032839 0.481329 -1.048624
v 0.034619 0.478907 -1.052847
v 0.041522 0.499179 -1.062619
v 0.047490 0.455768 -0.978541
v 0.032308 0.462732 -0.989538
v 0.039067 0.501164 -0.958907
v 0.037648 0.494045 -0.952010
v 0.045688 0.510723 -0.964433
v 0.048936 0.526705 -0.957025
v 0.034911 0.459757 -1.000030
v 0.028878 0.446297 -1.010984
v 0.035252 0.441109 -1.013508
v 0.051927 0.479713 -0.962197
v 0.033435 0.510699 -1.037149
v 0.039314 0.513947 -1.026053
v 0.042374 0.498892 -1.048932
v 0.033435 0.510699 -1.037149
v 0.053024 0.512713 -1.036709
v 0.050627 0.507181 -1.052216
v 0.039314 0.513947 -1.026053
v 0.053024 0.512713 -1.036709
v 0.050627 0.507181 -1.052216
v 0.042374 0.498892 -1.048932
v 0.039314 0.513947 -1.026053
v 0.056788 0.583739 -0.895625
v 0.063882 0.554843 -1.010731
v 0.045061 0.547593 -0.926841
v 0.053106 0.577070 -0.885379
v 0.049043 0.588675 -0.879820
v 0.045913 0.594741 -0.863174
v 0.028878 0.446297 -1.010984
v 0.034911 0.459757 -1.000030
v 0.035252 0.441109 -1.013508
v 0.028878 0.446297 -1.010984
v 0.042767 0.439281 -1.009407
v 0.047497 0.454682 -1.000096
v 0.034911 0.459757 -1.000030
v 0.047497 0.454682 -1.000096
v 0.035252 0.441109 -1.013508
v 0.042767 0.439281 -1.009407
v 0.026908 0.481105 -1.050057
v 0.027752 0.478469 -1.054564
v 0.027857 0.483988 -1.057854
v 0.026514 0.488117 -1.049178
v 0.027752 0.478469 -1.054564
v 0.033879 0.568690 -1.017884
v 0.036684 0.592612 -0.978084
v 0.026983 0.537066 -1.044300
v 0.031972 0.613051 -0.911106
v 0.027905 0.615861 -0.846556
v 0.045913 0.594741 -0.863174
v 0.027905 0.615861 -0.846556
v 0.026491 0.627508 -0.804627
v 0.035177 0.596287 -0.839112
v 0.024055 0.619972 -0.792053
v 0.049043 0.588675 -0.879820
v 0.049043 0.588675 -0.879820
v 0.065092 0.584235 -0.884205
v 0.063832 0.586541 -0.863982
v 0.026908 0.481105 -1.050057
v 0.047636 0.493517 -0.985873
v 0.025916 0.471708 -0.995855
v 0.026115 0.456588 -1.012235
v 0.027735 0.542983 -0.900033
v 0.028702 0.513730 -0.934854
v 0.022476 0.456635 -1.022877
v 0.021610 0.480103 -1.007153
v 0.017343 0.532296 -0.949229
v 0.019737 0.563219 -0.914729
v 0.023615 0.450058 -1.025810
v 0.023615 0.450058 -1.025810
v 0.034910 0.481132 -1.001194
v 0.029900 0.460559 -1.015998
v 0.041509 0.551450 -0.905365
v 0.042134 0.526297 -0.940202
v 0.032197 0.481366 -1.001321
v 0.027893 0.463101 -1.015915
v 0.034604 0.564473 -0.912876
v 0.035466 0.534483 -0.946934
v 0.026756 0.494023 -0.971471
v 0.019788 0.508549 -0.982565
v 0.038990 0.503574 -0.976978
v 0.032333 0.509765 -0.979991
v 0.026333 0.561741 -0.855396
v 0.019425 0.582675 -0.867232
v 0.040126 0.574519 -0.859202
v 0.033250 0.583663 -0.865074
v 0.024900 0.572971 -0.821976
v 0.019925 0.592109 -0.825656
v 0.035399 0.584372 -0.820697
v 0.030943 0.592625 -0.827947
v 0.061539 1.016475 -0.160492
v 0.052667 1.015226 -0.046320
v 0.029029 1.004680 -0.251374
v 0.215492 0.911120 -0.254567
v 0.155039 0.947595 -0.133406
v 0.250738 0.880201 -0.232139
v 0.212508 0.894876 -0.141826
v 0.269301 0.836686 -0.211778
v 0.251086 0.848009 -0.161169
v 0.126767 0.956786 -0.063395
v 0.172800 0.913727 -0.082989
v 0.193083 0.860059 -0.085895
v 0.293483 0.870735 -0.382382
v 0.233525 0.957256 -0.347427
v 0.172967 0.939252 -0.425935
v 0.228224 0.840551 -0.484409
v 0.106603 1.018632 -0.339276
v 0.103489 1.049966 -0.244131
v 0.329957 0.787954 -0.382067
v 0.324005 0.759187 -0.339632
v 0.303686 0.897567 -0.327521
v 0.192316 0.811684 -0.559001
v 0.155542 0.913054 -0.522826
v 0.058082 0.980783 -0.517237
v 0.071388 0.974355 -0.408994
v 0.214458 0.717389 -0.567124
v 0.255472 0.982212 -0.252106
v 0.095662 0.874511 -0.709665
v 0.103924 0.941067 -0.634211
v 0.098609 0.516967 -0.687625
v 0.115496 0.463807 -0.644965
v 0.179914 0.521655 -0.641603
v 0.157831 0.555665 -0.704107
v 0.239600 0.629440 -0.616727
v 0.185579 0.758793 -0.617517
v 0.190244 0.718229 -0.674462
v 0.179994 0.627970 -0.684302
v 0.156590 0.873442 -0.616943
v 0.147149 0.804173 -0.694986
v 0.066137 0.423543 -0.647178
v 0.053468 0.473653 -0.704335
v 0.125896 0.390360 -0.570173
v 0.074017 0.363581 -0.551795
v 0.101071 0.999017 -0.524569
v 0.173204 0.942196 -0.509696
v 0.272308 0.625666 -0.560714
v 0.194300 0.468379 -0.564144
v 0.231131 0.826959 -0.538943
v 0.104099 0.830009 -0.767539
v 0.153978 0.583500 -0.780637
v 0.097365 0.499882 -0.782957
v 0.190133 0.680751 -0.803382
v 0.161817 0.630043 -0.794781
v 0.162350 0.735319 -0.785810
v 0.054566 0.472347 -0.777292
v 0.190133 0.680751 -0.803382
v 0.161080 0.640339 -0.802468
v 0.182570 0.617378 -0.748760
v 0.208178 0.700620 -0.750441
v 0.097365 0.499882 -0.782957
v 0.113621 0.492288 -0.767621
v 0.161187 0.562913 -0.757317
v 0.153838 0.585575 -0.784073
v 0.059406 0.454405 -0.758099
v 0.054566 0.472347 -0.777292
v 0.104099 0.830009 -0.767539
v 0.162350 0.735319 -0.785810
v 0.197047 0.775923 -0.726221
v 0.097581 0.857814 -0.739558
v 0.228692 0.807324 -0.677246
v 0.265760 0.704709 -0.696316
v 0.131938 0.455009 -0.702967
v 0.066487 0.402275 -0.732079
v 0.254677 0.625960 -0.697952
v 0.197530 0.517430 -0.698187
v 0.131671 0.950112 -0.630793
v 0.174553 0.698524 -0.841008
v 0.148997 0.639981 -0.847127
v 0.125992 0.564219 -0.867555
v 0.058036 0.489037 -0.890067
v 0.100426 0.532766 -0.891329
v 0.139459 0.603519 -0.853173
v 0.133077 0.794531 -0.835441
v 0.057911 0.838032 -0.836768
v 0.168930 0.736060 -0.851588
v 0.094797 0.832249 -0.829518
v 0.150057 0.762855 -0.849299
v 0.165085 0.801915 -0.806240
v 0.156516 0.806547 -0.810475
v 0.149036 0.792924 -0.834152
v 0.160643 0.786485 -0.828442
v 0.162352 0.860415 -0.820004
v 0.173540 0.864090 -0.811017
v 0.165662 0.870654 -0.793749
v 0.147410 0.868317 -0.815318
v 0.139086 0.840766 -0.838529
v 0.152137 0.838642 -0.831798
v 0.150090 0.852979 -0.803092
v 0.133502 0.835657 -0.820740
v 0.138585 0.819362 -0.800316
v 0.155845 0.830418 -0.789668
v 0.136708 0.809218 -0.839644
v 0.147606 0.808945 -0.842739
v 0.145615 0.786793 -0.853715
v 0.133077 0.794531 -0.835441
v 0.175299 0.829690 -0.795445
v 0.162352 0.860415 -0.820004
v 0.181328 0.852785 -0.799663
v 0.133502 0.835657 -0.820740
v 0.150090 0.852979 -0.803092
v 0.089013 0.636966 -0.981916
v 0.082378 0.624918 -0.986867
v 0.085447 0.614867 -0.972561
v 0.101378 0.634575 -0.964441
v 0.062592 0.641061 -1.001993
v 0.064544 0.642808 -1.011955
v 0.055814 0.632371 -1.010406
v 0.057159 0.634280 -0.997551
v 0.075098 0.517486 -0.957161
v 0.070824 0.513025 -0.967591
v 0.079254 0.509917 -0.953898
v 0.086849 0.523718 -0.946287
v 0.062217 0.629035 -0.994190
v 0.072139 0.630868 -0.993095
v 0.062350 0.643439 -0.982788
v 0.062592 0.641061 -1.001993
v 0.057159 0.634280 -0.997551
v 0.078415 0.639883 -0.992683
v 0.077489 0.641121 -0.995937
v 0.081532 0.649484 -1.003763
v 0.073479 0.642465 -0.999033
v 0.077489 0.641121 -0.995937
v 0.089931 0.648289 -0.991944
v 0.177644 0.850630 -0.771663
v 0.134551 0.864544 -0.765805
v 0.151303 0.847431 -0.754071
v 0.135656 0.594427 -0.885904
v 0.159361 0.624345 -0.886513
v 0.123955 0.594782 -0.918627
v 0.117010 0.580468 -0.908565
v 0.104433 0.647379 -0.966422
v 0.089825 0.645381 -0.981808
v 0.075825 0.634546 -0.992263
v 0.072139 0.630868 -0.993095
v 0.062217 0.629035 -0.994190
v 0.065118 0.619814 -0.991113
v 0.056121 0.657864 -1.021073
v 0.049578 0.638563 -1.021648
v 0.078415 0.639883 -0.992683
v 0.075825 0.634546 -0.992263
v 0.048491 0.622278 -1.006017
v 0.077300 0.517878 -0.961962
v 0.070831 0.521002 -0.957923
v 0.068350 0.520988 -0.956800
v 0.076575 0.508746 -0.992243
v 0.070397 0.505246 -0.993214
v 0.071084 0.518127 -0.966798
v 0.079104 0.520936 -0.970230
v 0.038494 0.441446 -1.022762
v 0.043155 0.437565 -1.025146
v 0.057552 0.446965 -1.008462
v 0.053353 0.453348 -1.006729
v 0.054541 0.440384 -1.001592
v 0.061622 0.460920 -0.986873
v 0.063026 0.465246 -0.999427
v 0.066143 0.499096 -0.981943
v 0.059773 0.498998 -0.982158
v 0.058272 0.473337 -1.001261
v 0.064129 0.514461 -0.967256
v 0.062602 0.523669 -0.951577
v 0.056161 0.498621 -0.968825
v 0.067276 0.555565 -0.954011
v 0.059845 0.592886 -0.921819
v 0.071139 0.571384 -0.890072
v 0.066337 0.538809 -0.947080
v 0.061283 0.485529 -1.032498
v 0.064279 0.505299 -1.049827
v 0.048421 0.491984 -1.071150
v 0.046835 0.474851 -1.059042
v 0.088451 0.550321 -0.973596
v 0.077911 0.535441 -1.000064
v 0.041329 0.532264 -1.092919
v 0.044133 0.543991 -1.084723
v 0.032652 0.552013 -1.095214
v 0.028754 0.537948 -1.108255
v 0.036252 0.529851 -1.089576
v 0.028329 0.512471 -1.085502
v 0.041673 0.520150 -1.076862
v 0.119609 0.650558 -0.945609
v 0.111653 0.627901 -0.948166
v 0.117411 0.610661 -0.937325
v 0.150428 0.660846 -0.901472
v 0.050131 0.616283 -1.004555
v 0.067777 0.609127 -0.987506
v 0.025196 0.527733 -1.082791
v 0.028329 0.512471 -1.085502
v 0.036252 0.529851 -1.089576
v 0.030949 0.488830 -1.080704
v 0.071375 0.519689 -1.026420
v 0.049170 0.553284 -1.063621
v 0.047098 0.532511 -1.066431
v 0.073479 0.642465 -0.999033
v 0.088616 0.585878 -0.954205
v 0.097905 0.570097 -0.923167
v 0.044257 0.622759 -1.017227
v 0.131573 0.692814 -0.931737
v 0.121020 0.669549 -0.955522
v 0.029282 0.647843 -1.020666
v 0.028403 0.627398 -1.022625
v 0.033921 0.670986 -1.015516
v 0.029635 0.560592 -1.073750
v 0.060043 0.571006 -1.035190
v 0.032580 0.584937 -1.047490
v 0.033312 0.611806 -1.030014
v 0.070914 0.589222 -1.005805
v 0.026034 0.529605 -1.105021
v 0.067276 0.555565 -0.954011
v 0.066337 0.538809 -0.947080
v 0.061774 0.537527 -1.006626
v 0.050958 0.556833 -1.011205
v 0.061774 0.537527 -1.006626
v 0.030349 0.476390 -1.067479
v 0.025603 0.473082 -1.062200
v 0.044183 0.470227 -1.054763
v 0.014248 0.475088 -1.069376
v 0.068339 0.495772 -1.010347
v 0.072647 0.496663 -1.015158
v 0.057690 0.482603 -1.028134
v 0.050955 0.519055 -1.045243
v 0.028226 0.528212 -1.044253
v 0.050955 0.519055 -1.045243
v 0.138885 0.787167 -0.872620
v 0.138051 0.809843 -0.862024
v 0.138768 0.766436 -0.869344
v 0.140120 0.771010 -0.852028
v 0.168930 0.736060 -0.851588
v 0.148846 0.718406 -0.895889
v 0.153052 0.683199 -0.866979
v 0.174553 0.698524 -0.841008
v 0.133077 0.794531 -0.835441
v 0.127106 0.777157 -0.897459
v 0.114994 0.855159 -0.790271
v 0.094797 0.832249 -0.829518
v 0.134551 0.864544 -0.765805
v 0.133693 0.875597 -0.735166
v 0.058558 0.873200 -0.780099
v 0.114994 0.855159 -0.790271
v 0.100413 0.803169 -0.886445
v 0.100413 0.803169 -0.886445
v 0.059528 0.813081 -0.897283
v 0.122230 0.767203 -0.908401
v 0.127106 0.777157 -0.897459
v 0.142241 0.754124 -0.881268
v 0.138768 0.766436 -0.869344
v 0.150057 0.762855 -0.849299
v 0.140120 0.771010 -0.852028
v 0.133693 0.875597 -0.735166
v 0.134551 0.864544 -0.765805
v 0.151303 0.847431 -0.754071
v 0.177269 0.826769 -0.773182
v 0.165858 0.825932 -0.756730
v 0.157201 0.797227 -0.784200
v 0.165858 0.825932 -0.756730
v 0.157201 0.797227 -0.784200
v 0.192592 0.804254 -0.760364
v 0.169846 0.843385 -0.733561
v 0.156057 0.782454 -0.809083
v 0.139439 0.782801 -0.845123
v 0.063491 0.774286 -0.935702
v 0.116162 0.749319 -0.926314
v 0.156057 0.782454 -0.809083
v 0.206613 0.750202 -0.796373
v 0.139439 0.782801 -0.845123
v 0.140120 0.771010 -0.852028
v 0.150057 0.762855 -0.849299
v 0.051932 0.466441 -0.988925
v 0.039607 0.715124 -0.991914
v 0.060751 0.681037 -1.013799
v 0.027253 0.504893 -1.065355
v 0.057720 0.913613 -0.749658
v 0.129597 0.899935 -0.718758
v 0.186414 0.852892 -0.709049
v 0.129597 0.899935 -0.718758
v 0.213597 0.814707 -0.723992
v 0.127095 0.479114 -0.811193
v 0.192094 0.554895 -0.798824
v 0.133857 0.551083 -0.848760
v 0.103872 0.494696 -0.845095
v 0.245764 0.774570 -0.745876
v 0.058036 0.489037 -0.890067
v 0.061926 0.461905 -0.851106
v 0.100426 0.532757 -0.891327
v 0.072625 0.427624 -0.797110
v 0.068152 0.664397 -1.017305
v 0.089642 0.665472 -1.001759
v 0.094008 0.680828 -0.993158
v 0.072514 0.647164 -1.010775
v 0.068168 0.642866 -1.001253
v 0.068168 0.642866 -1.001253
v 0.097681 0.547804 -0.914590
v 0.089824 0.532513 -0.914863
v 0.109501 0.554650 -0.889829
v 0.093474 0.537205 -0.948960
v 0.198930 0.605694 -0.801263
v 0.172082 0.645649 -0.804752
v 0.157195 0.641950 -0.831320
v 0.168891 0.606403 -0.829780
v 0.093323 0.599419 -0.953476
v 0.085646 0.607754 -0.958194
v 0.033197 0.430379 -1.027142
v 0.028808 0.436218 -1.026027
v 0.054146 0.736747 -0.959460
v 0.057911 0.838032 -0.836768
v 0.027828 0.418913 -1.006525
v 0.109049 0.657762 -0.975891
v 0.101248 0.707266 -0.972863
v 0.049564 0.429632 -0.976328
v 0.050061 0.440780 -0.961922
v 0.034470 0.416340 -1.005661
v 0.032396 0.409689 -0.985043
v 0.065340 0.491000 -0.924737
v 0.058358 0.528561 -0.922122
v 0.056161 0.498621 -0.968825
v 0.062602 0.523669 -0.951577
v 0.067416 0.490142 -0.971411
v 0.057160 0.466132 -0.945712
v 0.025335 0.462010 -0.979073
v 0.051932 0.466441 -0.988925
v 0.025730 0.495066 -0.925552
v 0.025335 0.462010 -0.979073
v 0.031986 0.443933 -0.991682
v 0.049324 0.443911 -0.999497
v 0.029278 0.418994 -0.962495
v 0.043837 0.432782 -1.016387
v 0.014203 0.488094 -1.079608
v 0.033082 0.426770 -1.021018
v 0.039565 0.434173 -1.000029
v 0.107182 0.723801 -0.947920
v 0.125992 0.564219 -0.867555
v 0.069459 0.600712 -0.989551
v 0.216208 0.709404 -0.797810
v 0.094797 0.832249 -0.829518
v 0.138585 0.819362 -0.800316
v 0.026034 0.529605 -1.105021
v 0.022712 0.521611 -1.096165
v 0.022712 0.521611 -1.096165
v 0.148997 0.639981 -0.847127
v 0.139459 0.603519 -0.853173
v 0.028913 0.528345 -0.886960
v 0.048780 0.612985 -1.017183
v 0.060381 0.574404 -0.863699
v 0.034994 0.585320 -0.840311
v 0.050998 0.606130 -0.888496
v 0.039805 0.618265 -0.858131
v 0.166464 0.724669 -0.616381
v 0.214458 0.717389 -0.567124
v 0.192317 0.811669 -0.559008
v 0.073343 0.926234 -0.637368
v 0.058082 0.980783 -0.517237
v 0.210243 0.578541 -0.575404
v 0.188283 0.631929 -0.611076
v 0.162778 0.571912 -0.603713
v 0.170780 0.505277 -0.568171
v 0.155530 0.913068 -0.522514
v 0.131800 0.877029 -0.630081
v 0.050025 0.343028 -0.441641
v 0.059331 0.369878 -0.511799
v 0.174227 0.950875 -0.443082
v 0.070802 0.997224 -0.428008
v 0.110724 0.412976 -0.527098
v 0.112824 0.503485 -0.628622
v 0.053960 0.454209 -0.633981
v 0.239474 0.832905 -0.501509
v 0.260021 0.688925 -0.524366
v 0.174214 0.428747 -0.480385
v 0.251624 0.527744 -0.512794
v 0.106592 0.368761 -0.444735
v 0.265485 0.606412 -0.524392
v 0.053996 0.355801 -0.405203
v 0.162130 1.038439 -0.354358
v 0.216797 0.994824 -0.360574
v 0.291721 0.843711 -0.445846
v 0.303500 0.662894 -0.421751
v 0.274015 0.513500 -0.444179
v 0.188403 0.421434 -0.435533
v 0.112001 0.372650 -0.397248
v 0.295199 0.579120 -0.447743
v 0.098625 0.516714 -0.683452
v 0.157831 0.555665 -0.704107
v 0.053468 0.473653 -0.704335
v 0.179605 0.707830 -0.685603
v 0.136464 0.803435 -0.701979
v 0.095662 0.874511 -0.709665
v 0.180031 0.627675 -0.679293
v 0.077885 1.024199 -0.167861
v 0.111733 1.006127 -0.265835
v 0.102884 0.996279 -0.299640
v 0.216340 0.943885 -0.322291
v 0.256563 0.873023 -0.365011
v 0.273379 0.878357 -0.281320
v 0.223859 0.941261 -0.285977
v 0.324005 0.759187 -0.339632
v 0.324575 0.813724 -0.258776
v 0.280769 0.894348 -0.201327
v 0.195144 0.956218 -0.180306
v 0.269301 0.836686 -0.211778
v 0.071388 0.974355 -0.408994
v 0.214458 0.717389 -0.567124
v 0.228224 0.840551 -0.484409
v 0.172967 0.939252 -0.425935
v 0.022454 0.990665 0.015668
v 0.032717 0.986358 -0.106564
v 0.116534 0.928194 -0.101695
v 0.088718 0.941579 -0.003871
v 0.152765 0.886780 -0.117193
v 0.125440 0.905333 -0.016647
v 0.029029 1.004680 -0.251374
v 0.215492 0.911120 -0.254567
v 0.250738 0.880201 -0.232139
v 0.144166 0.866324 -0.054015
v 0.189771 0.836135 -0.125883
v 0.269301 0.836686 -0.211778
v 0.290356 0.678882 -0.446257
v 0.303500 0.662894 -0.421751
v -0.062687 0.650760 -0.990638
v -0.062565 0.645125 -0.991569
v -0.055915 0.645401 -0.996125
v -0.056065 0.652395 -0.994969
v -0.062452 0.637651 -0.990335
v -0.055773 0.636123 -0.994593
v -0.062409 0.631217 -0.986335
v -0.055721 0.628137 -0.989628
v -0.062426 0.627592 -0.981920
v -0.055742 0.623637 -0.984148
v -0.045608 0.645691 -0.999023
v -0.045778 0.653584 -0.997720
v -0.045449 0.635223 -0.997295
v -0.045390 0.626210 -0.991693
v -0.045414 0.621133 -0.985508
v -0.034968 0.645853 -0.997777
v -0.035132 0.653442 -0.996523
v -0.034815 0.635786 -0.996115
v -0.034758 0.627120 -0.990728
v -0.034781 0.622238 -0.984780
v -0.027673 0.645878 -0.994320
v -0.027816 0.652504 -0.993226
v -0.027539 0.637089 -0.992870
v -0.027489 0.629523 -0.988166
v -0.027510 0.625261 -0.982974
v 0.081639 0.653412 -0.987898
v 0.075131 0.654805 -0.992479
v 0.075281 0.647811 -0.993635
v 0.081760 0.647776 -0.988830
v 0.075422 0.638533 -0.992103
v 0.081874 0.640302 -0.987596
v 0.075475 0.630547 -0.987138
v 0.081916 0.633868 -0.983596
v 0.075454 0.626047 -0.981658
v 0.081899 0.630243 -0.979180
v 0.064919 0.655618 -0.995618
v 0.065089 0.647725 -0.996922
v 0.065248 0.637256 -0.995194
v 0.065307 0.628244 -0.989592
v 0.065283 0.623167 -0.983406
v 0.054247 0.655084 -0.994826
v 0.054410 0.647494 -0.996080
v 0.054563 0.637428 -0.994418
v 0.054620 0.628762 -0.989031
v 0.054597 0.623880 -0.983084
v 0.046850 0.653875 -0.991808
v 0.046993 0.647249 -0.992903
v 0.047127 0.638460 -0.991453
v 0.047177 0.630895 -0.986749
v 0.047156 0.626632 -0.981556
vn -0.8821 0.3276 -0.3386
vn -0.9456 -0.1125 -0.3053
vn -0.9887 -0.0490 -0.1419
vn -0.7458 0.6521 -0.1361
vn -0.7072 0.1576 -0.6892
vn -0.8850 -0.1641 -0.4357
vn 0.7195 -0.2027 -0.6643
vn -0.8485 -0.2086 -0.4863
vn 0.1594 0.9519 -0.2615
vn 0.0456 0.9976 0.0515
vn 0.3375 0.5046 -0.7947
vn -0.0065 -0.7436 0.6686
vn 0.5211 -0.4752 0.7090
vn 0.5577 -0.6468 0.5202
vn 0.1461 -0.9731 0.1780
vn 0.6942 -0.6642 0.2774
vn 0.6449 -0.7498 0.1481
vn 0.0878 -0.9961 -0.0032
vn 0.9659 0.1380 0.2189
vn 0.7793 0.5442 0.3107
vn 0.9952 0.0857 -0.0466
vn -0.7947 0.2372 -0.5588
vn -0.8458 -0.1965 -0.4960
vn -0.9157 -0.0907 -0.3915
vn -0.7102 0.6121 -0.3479
vn -0.6425 0.1133 -0.7579
vn -0.8356 -0.1970 -0.5129
vn 0.7651 0.0162 -0.6438
vn -0.8464 -0.1734 -0.5035
vn 0.0797 0.8860 -0.4568
vn 0.2192 0.9720 0.0843
vn 0.3506 0.5191 -0.7795
vn -0.0305 -0.7528 0.6576
vn 0.4854 -0.4977 0.7188
vn 0.6030 -0.5840 0.5435
vn 0.0927 -0.9345 0.3437
vn 0.6384 -0.6675 0.3832
vn 0.7648 -0.4919 0.4161
vn 0.1292 -0.9810 0.1449
vn 0.8829 0.3697 0.2895
vn 0.8167 0.3850 0.4298
vn 0.9711 0.2320 -0.0559
vn -0.9183 0.3163 -0.2379
vn -0.9855 -0.0763 -0.1513
vn -0.9972 -0.0718 -0.0202
vn -0.7506 0.6539 -0.0950
vn -0.8282 0.2100 -0.5196
vn -0.9582 -0.0585 -0.2800
vn 0.6115 -0.0222 -0.7910
vn -0.9484 -0.1134 -0.2960
vn 0.2100 0.9116 -0.3535
vn 0.0801 0.9958 -0.0454
vn 0.2342 0.5311 -0.8143
vn -0.0696 -0.8078 0.5853
vn 0.6075 -0.5643 0.5591
vn 0.6317 -0.6979 0.3374
vn -0.0016 -0.9719 0.2352
vn 0.7602 -0.6236 0.1821
vn 0.6499 -0.7333 0.1997
vn 0.0400 -0.9917 0.1222
vn 0.9899 0.1414 0.0037
vn 0.8817 0.4638 0.0870
vn 0.9621 0.1054 -0.2515
vn -0.9593 0.2771 -0.0549
vn -0.9919 -0.1140 0.0564
vn -0.9852 -0.1041 0.1360
vn -0.8635 0.5044 0.0043
vn -0.9223 0.1855 -0.3390
vn -0.9924 -0.1149 -0.0432
vn 0.4709 0.0616 -0.8800
vn -0.9846 -0.1645 -0.0595
vn 0.0361 0.8968 -0.4410
vn -0.1583 0.9672 -0.1986
vn 0.0853 0.5497 -0.8310
vn 0.0681 -0.7744 0.6290
vn 0.7443 -0.4917 0.4519
vn 0.7297 -0.6344 0.2551
vn 0.0632 -0.9563 0.2854
vn 0.6975 -0.7155 0.0404
vn 0.8570 -0.5099 -0.0748
vn 0.0729 -0.9938 0.0840
vn 0.9495 0.1907 -0.2492
vn 0.8339 0.5138 -0.2017
vn 0.8889 0.1897 -0.4170
vn -0.9829 0.1761 0.0534
vn -0.9568 -0.2462 0.1546
vn -0.9394 -0.2029 0.2762
vn -0.7955 0.5835 0.1636
vn -0.9617 0.0625 -0.2670
vn -0.9684 -0.2446 0.0480
vn 0.3507 0.0954 -0.9316
vn -0.9559 -0.2905 0.0433
vn -0.0165 0.9069 -0.4210
vn 0.0170 0.9966 -0.0808
vn -0.0841 0.5317 -0.8428
vn 0.2504 -0.7638 0.5949
vn 0.8366 -0.4198 0.3519
vn 0.8217 -0.5469 0.1605
vn 0.1774 -0.9620 0.2076
vn 0.8435 -0.5296 -0.0896
vn 0.7028 -0.6981 -0.1365
vn 0.0736 -0.9924 0.0991
vn 0.9083 0.2339 -0.3467
vn 0.7952 0.5518 -0.2514
vn 0.8034 0.2656 -0.5329
vn -0.5527 0.2516 0.7945
vn -0.0425 0.4443 0.8949
vn -0.0439 0.5502 0.8339
vn -0.6455 0.2838 0.7091
vn -0.0301 -0.9128 -0.4074
vn 0.0412 -0.9669 -0.2520
vn 0.0262 -0.9960 0.0860
vn -0.0929 -0.9951 -0.0348
vn -0.0029 -0.8731 0.4875
vn -0.3223 -0.7780 0.5394
vn -0.1131 -0.7823 0.6126
vn -0.9312 0.1834 -0.3150
vn -0.7876 0.5748 -0.2220
vn -0.8297 0.5033 -0.2414
vn -0.9658 0.1530 -0.2096
vn -0.6317 -0.7735 -0.0507
vn -0.8110 -0.3929 -0.4336
vn -0.6755 -0.7276 -0.1195
vn -0.6348 -0.7685 0.0803
vn -0.3789 -0.8859 -0.2676
vn -0.5895 -0.7844 -0.1928
vn -0.7059 -0.7067 0.0484
vn -0.5315 -0.8401 0.1086
vn -0.6108 -0.7901 -0.0511
vn -0.8632 0.5034 -0.0392
vn -0.9747 -0.2228 0.0191
vn -0.9486 0.2016 -0.2441
vn -0.5486 0.7823 -0.2951
vn -0.5983 -0.6695 -0.4403
vn -0.3237 -0.9126 0.2499
vn -0.0079 -0.9968 -0.0790
vn -0.1947 -0.8774 -0.4384
vn 0.0145 -0.9931 -0.1164
vn 0.6194 -0.6884 0.3774
vn 0.7325 -0.6657 0.1420
vn 0.4967 -0.8259 -0.2669
vn 0.2234 -0.8666 0.4462
vn 0.0641 -0.5224 0.8503
vn -0.0446 -0.7621 0.6459
vn -0.0363 -0.9678 0.2489
vn 0.1099 0.9379 -0.3289
vn 0.3680 0.9219 -0.1209
vn 0.3870 0.9106 0.1453
vn -0.1564 0.9863 0.0520
vn -0.4694 0.8373 -0.2802
vn -0.2675 0.9559 -0.1214
vn 0.2163 0.9643 -0.1529
vn 0.0867 0.9962 0.0078
vn -0.8078 0.5553 -0.1977
vn -0.7347 0.5836 -0.3459
vn -0.2389 0.9320 -0.2724
vn -0.3408 0.9264 -0.1600
vn -0.1924 -0.7966 0.5730
vn -0.4017 -0.8777 0.2615
vn -0.8070 0.5872 0.0629
vn 0.1142 0.8518 -0.5112
vn -0.3983 0.9031 -0.1607
vn -0.6495 0.7598 0.0281
vn -0.5059 0.7647 -0.3991
vn -0.9008 0.1007 -0.4225
vn -0.9369 0.0849 -0.3391
vn -0.5841 0.3262 -0.7432
vn 0.4531 -0.5310 0.7160
vn 0.3701 -0.1443 0.9177
vn -0.8827 -0.4159 -0.2190
vn -0.9656 0.2041 -0.1611
vn -0.9881 0.1418 0.0595
vn -0.8317 -0.4966 0.2482
vn 0.2375 -0.9642 -0.1176
vn -0.1927 -0.9500 -0.2457
vn 0.0803 -0.8434 -0.5312
vn -0.2672 -0.9338 -0.2380
vn -0.1311 -0.9373 -0.3230
vn 0.1447 -0.9879 0.0556
vn -0.3979 0.9081 -0.1305
vn -0.9513 -0.2454 -0.1863
vn 0.5158 0.8067 0.2884
vn 0.0300 0.9957 -0.0879
vn 0.1177 0.9349 -0.3348
vn -0.2243 0.9424 -0.2479
vn -0.4376 0.8355 -0.3323
vn -0.0972 0.9744 -0.2029
vn 0.4731 -0.8669 0.1571
vn 0.8714 -0.4850 -0.0737
vn -0.9021 -0.1534 0.4033
vn 0.9438 0.0903 -0.3179
vn 0.8973 0.2395 -0.3707
vn -0.5894 0.8076 -0.0212
vn -0.5549 0.8092 -0.1929
vn -0.9612 0.1688 0.2182
vn -0.9276 -0.2151 0.3055
vn -0.5835 -0.7714 -0.2538
vn -0.0047 -0.9977 0.0673
vn 0.8123 -0.3697 0.4510
vn -0.1318 0.9850 -0.1113
vn 0.6789 0.6981 0.2276
vn 0.4619 0.8822 0.0912
vn -0.3893 0.8362 -0.3862
vn -0.8208 0.1231 -0.5578
vn 0.6292 0.7747 -0.0625
vn -0.7377 0.3257 -0.5914
vn -0.7758 0.1100 -0.6213
vn 0.1550 -0.9879 0.0046
vn 0.5768 -0.7578 0.3052
vn 0.8915 -0.1941 0.4093
vn 0.9615 0.0803 0.2626
vn 0.0545 0.9680 -0.2452
vn -0.4763 0.7673 -0.4294
vn -0.9273 0.0670 -0.3683
vn 0.6072 0.7514 -0.2583
vn -0.8620 0.2633 -0.4332
vn -0.9284 0.0913 -0.3603
vn 0.2667 -0.9456 -0.1863
vn -0.0260 -0.9822 -0.1860
vn 0.7593 -0.6294 0.1653
vn 0.0594 -0.9227 -0.3808
vn 0.9913 -0.0518 0.1208
vn 0.9873 0.0015 0.1588
vn -0.0894 0.9655 -0.2447
vn -0.7566 0.6225 -0.2001
vn -0.9786 -0.0991 -0.1806
vn 0.5120 0.7678 -0.3852
vn -0.9733 0.0291 -0.2276
vn -0.9616 -0.1715 -0.2142
vn 0.3002 -0.9410 0.1563
vn 0.5536 -0.8144 0.1743
vn 0.9775 0.1748 -0.1181
vn 0.9573 0.2250 -0.1816
vn -0.8588 0.5069 -0.0737
vn -0.9973 0.0042 0.0733
vn -0.9684 -0.2201 0.1177
vn 0.7427 -0.4867 -0.4599
vn 0.0493 -0.5746 -0.8169
vn -0.6108 0.3082 -0.7294
vn -0.8542 -0.0416 -0.5183
vn -0.8464 -0.2026 -0.4926
vn -0.2542 -0.6984 -0.6691
vn 0.3852 -0.5413 -0.7474
vn 0.8441 -0.3005 -0.4441
vn 0.2895 0.5728 -0.7669
vn 0.5563 0.5576 -0.6161
vn -0.3356 0.2694 -0.9027
vn -0.3976 0.0489 -0.9163
vn 0.5745 -0.6789 -0.4572
vn 0.2180 -0.3643 -0.9054
vn -0.0329 0.6315 -0.7747
vn 0.2696 0.4569 -0.8476
vn -0.6160 0.0849 -0.7831
vn 0.2047 0.4124 -0.8877
vn 0.5749 -0.6283 -0.5242
vn 0.0688 -0.5510 -0.8316
vn -0.2497 0.5673 -0.7848
vn 0.1265 0.4358 -0.8911
vn -0.7356 -0.2310 -0.6368
vn -0.4310 0.1876 -0.8826
vn -0.0754 -0.6182 -0.7824
vn 0.4547 -0.5891 -0.6680
vn -0.6610 0.1209 -0.7406
vn -0.5301 0.4916 -0.6909
vn -0.8637 -0.2352 -0.4457
vn -0.2365 0.9398 -0.2468
vn 0.7660 0.5808 -0.2754
vn 0.2702 0.4796 -0.8348
vn -0.2854 0.5223 -0.8036
vn -0.3594 0.9301 -0.0762
vn 0.5528 0.8071 -0.2075
vn 0.5631 0.8261 -0.0225
vn 0.4783 0.7389 -0.4746
vn 0.5997 0.2158 -0.7706
vn -0.0506 0.4193 -0.9064
vn 0.1032 0.9660 -0.2372
vn 0.0253 0.9976 -0.0644
vn 0.7793 0.6220 -0.0757
vn 0.2847 0.5042 -0.8153
vn 0.5568 0.8287 -0.0563
vn 0.4215 0.9032 0.0807
vn 0.7640 0.6408 0.0759
vn 0.4983 0.5058 -0.7042
vn 0.5657 0.7908 0.2339
vn 0.2119 0.9753 -0.0617
vn 0.2746 0.7816 -0.5600
vn 0.6112 0.7880 0.0742
vn 0.8883 0.2771 -0.3662
vn 0.8375 0.3096 0.4502
vn 0.8975 0.0770 0.4342
vn 0.9769 0.0263 0.2120
vn 0.7523 0.0934 0.6522
vn 0.4462 0.4250 0.7876
vn 0.8958 0.1476 0.4192
vn 0.8017 0.4025 -0.4420
vn 0.8813 0.3667 -0.2982
vn 0.9987 0.0373 0.0350
vn 0.9003 -0.1059 0.4223
vn -0.2128 0.4687 -0.8573
vn -0.2796 0.7544 -0.5939
vn -0.5167 0.4237 -0.7440
vn -0.5346 -0.7213 0.4404
vn -0.1577 -0.7004 0.6961
vn -0.2336 -0.6264 0.7437
vn -0.6618 -0.7204 0.2077
vn -0.7778 -0.6231 -0.0824
vn -0.6609 -0.7187 -0.2161
vn -0.3258 -0.7501 0.5756
vn -0.3306 -0.8347 -0.4404
vn 0.7226 0.2045 -0.6603
vn -0.0693 0.8104 -0.5818
vn 0.7576 0.2032 -0.6203
vn 0.0290 0.9976 -0.0633
vn 0.8630 0.2498 -0.4391
vn -0.1673 0.8533 -0.4938
vn 0.0878 -0.5067 -0.8576
vn -0.5274 -0.8449 -0.0889
vn -0.4249 -0.6135 -0.6656
vn -0.6989 -0.6863 -0.2013
vn -0.2849 -0.9570 0.0545
vn -0.3517 -0.6380 -0.6850
vn 0.7689 0.0345 -0.6384
vn 0.6563 0.1801 -0.7327
vn 0.8690 -0.1167 -0.4809
vn 0.9168 -0.0334 -0.3979
vn -0.0374 -0.2554 -0.9661
vn -0.3579 -0.1642 -0.9192
vn -0.1116 -0.0342 -0.9932
vn -0.4041 -0.1407 -0.9038
vn -0.4452 -0.1291 -0.8861
vn 0.5274 -0.0386 -0.8488
vn 0.4375 -0.2294 -0.8695
vn 0.3877 0.1246 -0.9133
vn 0.1382 0.0384 -0.9897
vn 0.3119 -0.0011 -0.9501
vn 0.3467 0.0394 -0.9372
vn 0.2985 0.1165 -0.9473
vn 0.5069 0.1662 -0.8458
vn 0.5403 0.1932 -0.8190
vn 0.2001 -0.3555 -0.9130
vn -0.0443 -0.3326 -0.9420
vn 0.1068 0.0616 -0.9924
vn 0.2071 0.1295 -0.9697
vn 0.0049 -0.0141 -0.9999
vn -0.0754 -0.0844 -0.9936
vn -0.2063 -0.1098 -0.9723
vn 0.1935 0.0705 -0.9786
vn -0.2155 0.1809 -0.9596
vn 0.3691 0.1320 -0.9200
vn 0.2146 0.0646 -0.9746
vn 0.4473 0.1670 -0.8786
vn 0.5264 0.0817 -0.8463
vn 0.5505 0.0680 -0.8321
vn -0.2330 0.1287 -0.9639
vn 0.5151 0.0024 -0.8571
vn 0.0819 0.0789 -0.9935
vn 0.7504 0.0643 -0.6578
vn 0.7189 0.1820 -0.6709
vn -0.9956 -0.0802 -0.0494
vn -0.9619 0.0020 0.2735
vn -0.8512 0.1571 0.5007
vn -0.9906 -0.1336 0.0282
vn -0.6732 -0.7322 0.1034
vn -0.3202 0.9417 0.1034
vn -0.5055 0.8627 0.0135
vn -0.4203 0.9039 -0.0789
vn -0.0270 0.9939 -0.1073
vn -0.8552 0.3913 -0.3397
vn -0.9692 0.2110 -0.1270
vn -0.9512 0.0895 -0.2953
vn -0.8021 0.2714 -0.5319
vn -0.9196 -0.0708 -0.3863
vn -0.7820 -0.0793 -0.6183
vn -0.9566 0.1229 -0.2643
vn -0.4649 -0.8411 -0.2763
vn -0.7432 -0.6619 0.0975
vn -0.4833 -0.8366 0.2579
vn -0.2135 -0.9068 -0.3635
vn -0.0420 0.9149 0.4016
vn -0.0384 0.9681 0.2476
vn -0.5614 0.8242 0.0740
vn -0.5055 0.7746 0.3800
vn -0.4055 0.9056 0.1245
vn -0.0375 0.9835 0.1771
vn -0.8202 0.0488 -0.5700
vn -0.6979 0.4994 -0.5133
vn -0.9941 0.0567 0.0923
vn -0.8992 -0.4103 -0.1519
vn -0.7394 -0.6628 -0.1185
vn -0.7166 -0.2628 -0.6461
vn -0.8244 -0.4752 -0.3076
vn 0.1128 -0.6142 0.7811
vn -0.3564 -0.9333 -0.0439
vn -0.2004 -0.9783 -0.0533
vn 0.0328 -0.9905 -0.1334
vn 0.0394 -0.9963 -0.0769
vn -0.0447 0.7880 0.6141
vn -0.4383 0.6862 0.5806
vn -0.0183 -0.7697 0.6381
vn -0.0506 -0.7536 0.6554
vn -0.5482 -0.6176 0.5640
vn -0.4661 -0.6828 0.5626
vn -0.4274 0.5270 0.7346
vn -0.5603 0.3465 0.7523
vn -0.0447 0.6821 0.7299
vn -0.0450 0.7279 0.6842
vn 0.0472 -0.8728 -0.4858
vn -0.1250 -0.8355 -0.5350
vn 0.0333 -0.9977 -0.0596
vn -0.4101 -0.8992 -0.1525
vn 0.0391 -0.9814 -0.1881
vn -0.5956 0.0886 0.7984
vn -0.8226 0.0397 0.5673
vn -0.9156 -0.3694 0.1586
vn -0.8104 -0.2855 0.5115
vn -0.8546 -0.4508 0.2577
vn -0.9520 -0.2929 -0.0892
vn -0.8981 -0.4396 0.0118
vn -0.9757 -0.2061 -0.0747
vn 0.3506 0.4880 -0.7993
vn -0.7712 -0.2219 0.5967
vn -0.8298 -0.3616 0.4251
vn -0.8690 -0.1710 0.4644
vn -0.5837 -0.7021 0.4078
vn -0.0006 -0.9997 0.0255
vn 0.0277 -0.9971 0.0709
vn 0.5406 -0.2401 0.8063
vn 0.3797 -0.1359 0.9151
vn 0.4310 -0.0583 0.9005
vn 0.6023 -0.2017 0.7724
vn -0.9373 -0.3467 0.0356
vn -0.8173 -0.2828 0.5020
vn -0.6994 -0.3084 0.6448
vn -0.9806 -0.1062 0.1650
vn -0.9950 -0.0708 -0.0703
vn -0.6295 0.2578 0.7329
vn -0.4778 0.2563 0.8403
vn -0.3548 0.2244 0.9076
vn -0.7635 0.0681 0.6422
vn 0.6720 -0.4245 0.6068
vn 0.7111 -0.2643 0.6515
vn 0.4878 -0.4914 0.7215
vn 0.7691 -0.2277 0.5971
vn -0.8784 -0.2113 0.4287
vn 0.3877 -0.5617 0.7309
vn 0.1125 -0.7064 0.6989
vn -0.6183 -0.3759 0.6903
vn -0.5311 -0.8472 0.0099
vn 0.0536 -0.9854 0.1615
vn -0.0154 -0.3672 0.9300
vn 0.2449 -0.8811 -0.4046
vn -0.2843 -0.7424 0.6066
vn -0.8755 0.4493 -0.1780
vn -0.9829 0.1825 -0.0238
vn -0.9072 0.4040 0.1172
vn -0.8588 0.5111 -0.0357
vn -0.7503 0.3366 -0.5690
vn -0.7806 0.2766 -0.5605
vn -0.5675 -0.0526 -0.8217
vn 0.2268 -0.0805 -0.9706
vn -0.0985 -0.3010 -0.9485
vn -0.6287 -0.1976 -0.7521
vn -0.5967 0.1076 -0.7952
vn -0.8313 -0.1296 -0.5405
vn -0.8966 -0.3399 -0.2837
vn -0.2587 -0.1232 -0.9581
vn -0.8053 -0.4224 0.4161
vn 0.7914 -0.5039 0.3460
vn 0.7305 -0.5075 0.4570
vn 0.8287 -0.4757 0.2949
vn 0.8311 -0.2807 0.4801
vn 0.7702 -0.1752 0.6132
vn 0.8636 -0.3553 0.3578
vn 0.8449 -0.5221 -0.1167
vn 0.1848 -0.7013 -0.6885
vn 0.4365 -0.6887 -0.5789
vn 0.8380 -0.5456 -0.0011
vn -0.9561 -0.2574 0.1400
vn 0.5185 0.8000 0.3019
vn -0.9586 -0.2845 0.0117
vn -0.8086 -0.2842 -0.5151
vn -0.8376 -0.5440 -0.0507
vn -0.3419 -0.6564 -0.6724
vn -0.0737 -0.7766 -0.6257
vn 0.0116 -0.9057 0.4238
vn -0.7635 0.2631 0.5898
vn -0.7675 0.1361 0.6265
vn -0.9642 0.0721 0.2550
vn -0.4676 0.0106 -0.8839
vn -0.9182 -0.0216 -0.3954
vn -0.6292 -0.0684 -0.7742
vn 0.5381 -0.3262 -0.7772
vn 0.8679 -0.0200 -0.4964
vn 0.5434 0.0430 -0.8384
vn 0.2925 -0.2864 -0.9124
vn -0.0812 -0.0772 -0.9937
vn -0.5271 0.2929 0.7978
vn 0.8696 -0.3512 -0.3471
vn 0.9941 0.0577 -0.0918
vn 0.0434 -0.5660 0.8232
vn 0.3173 -0.5361 0.7822
vn 0.0288 -0.6647 0.7466
vn -0.1171 -0.7262 0.6775
vn 0.8784 0.2259 0.4211
vn 0.8310 0.0061 0.5562
vn 0.2687 -0.5331 0.8022
vn 0.3225 -0.4060 0.8551
vn 0.0281 -0.4705 0.8819
vn 0.2604 -0.4937 0.8297
vn 0.2701 -0.5265 0.8061
vn -0.2300 -0.0273 -0.9728
vn 0.9619 -0.0535 0.2682
vn 0.9907 0.1191 -0.0652
vn 0.7810 0.1283 -0.6112
vn 0.8163 -0.0919 0.5703
vn 0.6087 -0.2035 0.7669
vn 0.4629 -0.3290 0.8231
vn 0.8580 0.1706 0.4844
vn 0.7442 -0.1538 0.6501
vn 0.5191 -0.3595 0.7754
vn 0.2627 0.1454 -0.9539
vn -0.3126 0.3595 -0.8792
vn -0.9957 0.0898 0.0209
vn -0.8896 -0.2488 0.3830
vn -0.6018 0.4719 0.6443
vn -0.4821 0.1404 0.8648
vn -0.6770 0.6973 0.2352
vn -0.9129 0.1758 0.3683
vn -0.7800 0.2306 0.5818
vn -0.9335 0.1794 -0.3104
vn -0.7540 0.6499 -0.0957
vn -0.7676 -0.0885 0.6347
vn -0.3293 0.4772 0.8147
vn -0.4638 0.5452 0.6983
vn -0.4363 0.3945 0.8087
vn -0.2392 0.3386 0.9100
vn -0.9399 0.1408 -0.3111
vn -0.9610 0.2271 -0.1577
vn -0.7459 -0.6536 -0.1282
vn -0.4167 0.1923 -0.8884
vn -0.8252 -0.1247 0.5509
vn -0.7554 -0.2044 0.6226
vn -0.7415 0.0037 0.6710
vn -0.6874 0.1598 0.7085
vn -0.5301 -0.2774 0.8013
vn -0.5515 -0.0842 0.8299
vn 0.2398 -0.0200 0.9706
vn 0.2375 0.0869 0.9675
vn 0.5939 0.4864 0.6408
vn 0.8157 -0.0274 0.5778
vn -0.5624 0.4619 0.6859
vn -0.6867 0.6293 0.3639
vn -0.6693 0.5348 0.5157
vn 0.9492 -0.2698 -0.1620
vn 0.7551 -0.6371 -0.1548
vn 0.6736 -0.7322 0.1009
vn 0.9811 -0.1570 0.1132
vn 0.7817 0.6080 -0.1390
vn -0.2960 0.9538 0.0524
vn 0.8311 -0.4564 -0.3178
vn 0.8211 0.4399 -0.3637
vn 0.9202 -0.2957 -0.2566
vn 0.8242 0.2624 -0.5018
vn -0.5501 0.1900 0.8132
vn -0.2988 0.0652 0.9521
vn 0.8627 0.1741 -0.4748
vn 0.9261 0.0234 -0.3767
vn 0.8137 0.1090 -0.5710
vn 0.7911 0.0897 -0.6051
vn 0.9428 0.0296 0.3321
vn 0.6764 -0.0327 0.7358
vn 0.7400 0.0479 0.6709
vn 0.9087 0.1243 0.3986
vn -0.5444 -0.0218 0.8386
vn -0.8518 -0.0963 0.5149
vn -0.8301 -0.0678 0.5535
vn -0.5559 -0.1153 0.8232
vn -0.9946 -0.0264 0.1007
vn -0.9606 -0.0578 0.2720
vn 0.0686 -0.0947 0.9931
vn 0.0043 0.0397 0.9992
vn -0.4008 -0.9140 -0.0631
vn -0.1297 -0.9185 -0.3735
vn -0.1662 -0.9405 -0.2963
vn -0.4607 -0.8588 0.2243
vn 0.6763 -0.6253 -0.3893
vn 0.6835 -0.6890 -0.2410
vn 0.5392 -0.8089 -0.2343
vn 0.3255 -0.9061 -0.2701
vn -0.7695 -0.4607 0.4422
vn -0.8931 0.1965 0.4046
vn -0.8957 0.0945 0.4345
vn -0.6834 -0.4508 0.5742
vn 0.3552 0.8153 -0.4572
vn 0.3420 0.7744 -0.5323
vn 0.6066 0.6643 -0.4368
vn -0.1616 0.8719 -0.4622
vn 0.1762 0.9101 -0.3751
vn 0.1256 0.9847 -0.1204
vn -0.7724 0.6193 -0.1412
vn -0.4268 0.8465 -0.3182
vn -0.2225 0.9276 -0.3001
vn -0.2980 0.9214 -0.2497
vn -0.9024 0.4237 0.0786
vn -0.8901 0.3177 0.3267
vn -0.7251 0.5449 -0.4211
vn -0.4349 0.8907 -0.1326
vn -0.7133 0.6974 0.0692
vn -0.7718 0.6353 -0.0244
vn -0.6180 0.7342 -0.2810
vn -0.9598 0.0705 0.2716
vn -0.9199 0.3109 0.2390
vn -0.8585 -0.4537 0.2389
vn -0.8337 -0.5050 0.2234
vn -0.0414 -0.9661 -0.2548
vn -0.1826 -0.9450 -0.2715
vn 0.0799 -0.9703 -0.2282
vn 0.1049 -0.9575 -0.2688
vn -0.7502 0.6500 -0.1217
vn -0.0699 -0.9466 0.3147
vn -0.4003 -0.7174 0.5702
vn -0.5145 0.8546 -0.0708
vn 0.7800 -0.5522 0.2942
vn 0.5473 -0.7604 0.3496
vn 0.2388 -0.7864 0.5697
vn 0.4879 0.7656 -0.4193
vn 0.3841 0.8270 -0.4105
vn -0.1153 0.9781 -0.1733
vn -0.1800 0.9383 -0.2953
vn 0.0330 0.9161 -0.3995
vn -0.3260 0.8700 -0.3698
vn -0.4591 0.8438 -0.2779
vn -0.3796 0.8219 -0.4247
vn -0.4965 0.8654 -0.0681
vn -0.6934 0.7188 -0.0513
vn -0.2974 -0.9361 0.1881
vn 0.2250 -0.8972 -0.3800
vn 0.7256 0.1021 -0.6805
vn 0.7684 0.0766 -0.6354
vn 0.7089 0.3554 -0.6092
vn -0.8700 0.3973 0.2920
vn -0.1756 0.9577 0.2280
vn -0.4232 0.8949 0.1412
vn -0.8159 0.2028 0.5415
vn -0.7870 0.0562 0.6143
vn -0.8174 -0.1844 0.5457
vn -0.7491 -0.2174 0.6257
vn -0.5305 -0.7811 -0.3293
vn -0.0116 -0.9927 -0.1202
vn 0.7723 -0.6165 -0.1535
vn 0.5888 0.7476 0.3071
vn 0.6608 0.7506 0.0019
vn -0.2869 0.9578 0.0163
vn -0.6276 0.7723 0.0986
vn -0.4819 0.7970 -0.3641
vn -0.9133 0.3469 -0.2134
vn -0.9621 0.0870 -0.2584
vn 0.9894 -0.0867 -0.1169
vn 0.4795 -0.8752 -0.0633
vn -0.1237 -0.9661 -0.2264
vn -0.1800 -0.9812 0.0697
vn 0.9883 -0.1116 -0.1036
vn 0.9879 0.1423 -0.0610
vn 0.0180 0.9998 0.0074
vn -0.1164 0.9654 -0.2334
vn -0.7377 0.6682 -0.0963
vn -0.8546 0.5177 -0.0394
vn -0.7491 0.5642 -0.3473
vn -0.9803 0.1934 0.0406
vn -0.9988 -0.0403 -0.0284
vn 0.9641 -0.0751 -0.2548
vn 0.2068 -0.9661 0.1542
vn 0.5461 -0.8240 -0.1512
vn -0.0393 -0.9976 -0.0570
vn -0.0347 -0.9968 0.0715
vn 0.9300 -0.1034 -0.3528
vn 0.9055 0.2485 -0.3439
vn -0.8302 0.5497 -0.0928
vn -0.8889 0.4037 0.2165
vn -0.2254 0.9531 -0.2021
vn -0.2619 0.8829 -0.3898
vn -0.8610 0.4799 -0.1687
vn -0.9767 0.1725 0.1275
vn -0.9868 -0.0355 0.1578
vn 0.6403 0.0807 -0.7639
vn 0.1151 -0.9934 -0.0043
vn 0.5268 -0.8120 -0.2514
vn 0.8031 0.0269 -0.5952
vn 0.7316 0.2608 -0.6299
vn -0.8670 0.0164 0.4980
vn -0.7727 0.2759 0.5717
vn -0.7436 0.6414 0.1889
vn -0.8758 -0.1112 0.4696
vn -0.5411 -0.7601 -0.3598
vn -0.1212 -0.6509 -0.7495
vn -0.3818 0.8391 -0.3874
vn -0.9427 0.3244 0.0778
vn -0.9531 -0.1852 0.2393
vn 0.2074 -0.6132 -0.7622
vn -0.4134 -0.5076 -0.7559
vn 0.8014 -0.3028 -0.5159
vn 0.6228 0.7066 -0.3359
vn -0.4698 0.7704 -0.4311
vn -0.8327 0.0304 -0.5529
vn -0.7753 0.2738 -0.5692
vn -0.1639 -0.7098 -0.6851
vn 0.2997 -0.6106 -0.7330
vn -0.0937 0.7709 -0.6300
vn -0.7428 0.4671 -0.4796
vn -0.9092 0.0524 -0.4131
vn -0.8332 -0.1366 -0.5359
vn -0.1321 -0.8346 -0.5349
vn 0.4154 -0.7118 -0.5663
vn -0.3569 0.4898 -0.7954
vn -0.7518 0.2406 -0.6139
vn -0.8950 0.0499 -0.4432
vn -0.8484 -0.0057 -0.5293
vn -0.2163 -0.7953 -0.5663
vn 0.1768 -0.7017 -0.6902
vn -0.8961 0.4094 -0.1718
vn -0.9814 -0.0416 0.1875
vn -0.9865 -0.1391 0.0862
vn 0.4476 0.6910 -0.5676
vn 0.3529 0.4359 -0.8279
vn -0.1126 0.7408 -0.6623
vn -0.1178 0.9485 -0.2941
vn -0.0698 0.9975 0.0119
vn 0.5420 0.6575 -0.5234
vn -0.2140 0.9093 -0.3569
vn 0.1999 0.6833 -0.7022
vn 0.4877 0.2075 -0.8480
vn 0.2742 0.5999 -0.7516
vn 0.4092 0.8194 -0.4013
vn 0.5612 0.7193 -0.4094
vn 0.1594 0.7627 -0.6268
vn 0.4583 0.7644 -0.4534
vn 0.3797 0.4285 -0.8199
vn 0.6858 0.6521 -0.3231
vn 0.4665 0.6285 -0.6223
vn 0.6635 0.7217 -0.1971
vn 0.5120 0.5414 -0.6669
vn 0.8935 0.4469 0.0435
vn 0.8484 0.4878 -0.2058
vn 0.0189 0.8397 -0.5427
vn 0.9940 0.1092 -0.0063
vn 0.9512 0.0896 -0.2953
vn 0.9908 0.0622 0.1204
vn 0.8411 0.0567 -0.5378
vn 0.3049 0.8725 -0.3817
vn 0.9463 0.0901 -0.3105
vn 0.9797 0.1129 -0.1657
vn 0.6102 0.5880 -0.5310
vn 0.0053 0.4277 -0.9039
vn 0.7956 0.4005 -0.4545
vn 0.4557 -0.8901 -0.0046
vn 0.6951 -0.6840 0.2212
vn 0.6255 -0.7315 -0.2713
vn 0.2977 -0.9131 -0.2786
vn -0.1268 -0.9628 -0.2385
vn 0.0957 -0.9954 0.0004
vn -0.6309 -0.7759 0.0034
vn -0.3863 -0.9132 0.1296
vn -0.9089 -0.3549 0.2187
vn -0.9174 0.3950 -0.0479
vn -0.5412 0.7656 -0.3479
vn -0.6742 0.4188 -0.6084
vn 0.9831 -0.1239 -0.1344
vn 0.9583 -0.2826 -0.0424
vn 0.9792 0.0639 -0.1924
vn 0.9494 0.0606 -0.3080
vn 0.9983 -0.0346 -0.0463
vn 0.8947 -0.0578 -0.4428
vn 0.7192 -0.1831 -0.6702
vn 0.9923 -0.0875 0.0880
vn 0.9915 -0.0338 -0.1259
vn -0.6516 -0.6466 0.3967
vn -0.8582 -0.5078 0.0751
vn 0.5174 0.1384 -0.8445
vn -0.5513 0.5729 -0.6066
vn 0.6109 0.0393 -0.7908
vn -0.2773 0.5829 -0.7637
vn 0.7323 0.0733 -0.6770
vn 0.2540 0.5392 -0.8029
vn -0.3120 0.8275 -0.4667
vn -0.1769 0.9779 -0.1118
vn -0.6268 -0.7737 -0.0927
vn -0.5878 -0.5379 -0.6042
vn -0.4425 -0.8751 0.1958
vn -0.6295 -0.6318 -0.4523
vn -0.2096 -0.8876 -0.4101
vn -0.2006 -0.9786 0.0458
vn -0.6456 -0.7532 -0.1259
vn 0.5370 0.0328 -0.8430
vn 0.5560 -0.0281 -0.8307
vn 0.7423 -0.1345 -0.6564
vn 0.7807 -0.1468 -0.6074
vn 0.9506 -0.1040 -0.2926
vn -0.5123 -0.3935 -0.7634
vn -0.4546 0.5826 -0.6738
vn -0.9877 0.0852 -0.1310
vn -0.9872 -0.1593 0.0090
vn 0.4902 -0.2942 -0.8205
vn -0.6403 0.1255 -0.7578
vn -0.6265 -0.0064 -0.7794
vn -0.1249 -0.3040 -0.9445
vn -0.1183 0.5035 -0.8559
vn -0.6398 0.1124 -0.7603
vn -0.9798 -0.0472 -0.1942
vn -0.0341 -0.5465 -0.8368
vn -0.4347 -0.0003 -0.9006
vn -0.5766 0.0939 -0.8116
vn -0.8857 0.1067 -0.4519
vn -0.2776 -0.3905 -0.8778
vn -0.9752 0.0461 -0.2166
vn -0.9899 -0.0795 0.1171
vn 0.2472 0.3534 -0.9022
vn -0.2726 0.5863 -0.7629
vn 0.2075 0.2821 -0.9367
vn -0.0972 0.0914 -0.9911
vn 0.1633 0.3186 -0.9337
vn 0.7835 0.2525 -0.5678
vn -0.1093 0.6311 -0.7680
vn 0.3202 0.0976 -0.9423
vn 0.2838 0.0542 -0.9574
vn 0.3835 0.0068 -0.9235
vn 0.3199 -0.0309 -0.9470
vn 0.8914 -0.0841 -0.4454
vn -0.8275 -0.2723 0.4910
vn -0.9501 -0.3097 -0.0371
vn -0.4158 -0.2292 0.8801
vn 0.9045 -0.2311 -0.3585
vn 0.6627 -0.1457 0.7345
vn 0.8375 0.1343 0.5297
vn -0.0048 -0.2850 0.9585
vn -0.9715 0.0071 -0.2370
vn -0.8922 -0.2771 -0.3567
vn -0.7060 0.0315 -0.7075
vn 0.8451 -0.4472 0.2930
vn 0.5155 -0.8546 0.0625
vn 0.0171 -0.9884 0.1512
vn -0.8944 -0.2593 0.3644
vn -0.5207 -0.7967 0.3069
vn 0.5987 -0.5736 0.5590
vn 0.0030 -0.7160 0.6981
vn 0.9585 -0.1491 -0.2429
vn -0.0015 -0.4439 -0.8961
vn 0.1904 -0.5665 -0.8018
vn -0.4530 -0.6367 -0.6241
vn -0.6464 -0.4066 -0.6457
vn 0.8144 0.0848 0.5741
vn 0.1760 0.0006 0.9844
vn -0.5539 0.1441 0.8201
vn -0.3491 0.2346 0.9073
vn -0.9125 -0.3217 0.2528
vn -0.9141 -0.3902 0.1107
vn -0.8098 -0.4654 0.3574
vn -0.7997 -0.2719 0.5354
vn -0.5045 -0.5070 0.6989
vn -0.9066 -0.2475 -0.3417
vn -0.8992 0.0752 -0.4311
vn -0.4197 0.1842 -0.8888
vn -0.4779 -0.0012 -0.8784
vn -0.7730 -0.5739 0.2703
vn -0.7773 -0.4979 0.3846
vn -0.3561 -0.4545 -0.8165
vn 0.4766 0.5579 -0.6795
vn 0.1990 0.3531 -0.9142
vn 0.1175 0.1482 -0.9819
vn -0.7244 -0.5201 -0.4524
vn -0.8067 -0.4692 -0.3593
vn -0.6241 -0.5106 -0.5915
vn 0.2770 -0.5871 -0.7606
vn -0.0383 -0.3882 -0.9208
vn -0.6348 -0.2768 -0.7214
vn 0.8620 0.3932 0.3199
vn 0.9388 0.0611 0.3390
vn -0.5459 -0.4514 0.7059
vn -0.1113 -0.5199 0.8469
vn -0.1572 -0.5169 0.8415
vn -0.2204 -0.2167 0.9510
vn -0.9444 -0.0541 0.3242
vn -0.9893 -0.0728 0.1264
vn -0.0597 -0.0130 -0.9981
vn 0.6954 0.1410 -0.7046
vn -0.0439 -0.1154 -0.9924
vn 0.6099 -0.0755 -0.7889
vn 0.6048 -0.3537 -0.7136
vn -0.9445 0.2212 0.2429
vn -0.8034 0.5648 0.1887
vn -0.8825 -0.2053 0.4232
vn -0.9659 -0.2535 -0.0528
vn -0.3999 -0.1608 0.9023
vn 0.9331 -0.0624 -0.3543
vn 0.9534 -0.1883 -0.2357
vn -0.9954 0.0949 -0.0128
vn -0.8611 -0.3803 -0.3374
vn -0.8351 -0.4038 -0.3735
vn 0.9094 0.3180 0.2682
vn -0.8925 0.2089 0.3998
vn -0.9512 -0.2950 0.0905
vn -0.9268 -0.3733 -0.0404
vn 0.8142 -0.5697 0.1120
vn 0.8971 -0.4266 -0.1149
vn -0.5433 -0.4096 0.7329
vn 0.6320 -0.6931 0.3466
vn 0.6330 -0.7661 0.1111
vn 0.7922 -0.5961 0.1303
vn 0.6924 -0.6391 0.3348
vn 0.1436 -0.4765 0.8674
vn 0.7369 -0.1161 -0.6659
vn 0.7535 -0.2894 -0.5904
vn -0.9893 -0.0785 0.1233
vn -0.9485 -0.0913 0.3034
vn 0.7704 -0.4903 -0.4075
vn 0.7043 -0.3624 -0.6104
vn 0.8487 -0.2728 -0.4531
vn 0.5742 -0.5089 -0.6413
vn 0.6700 -0.5082 -0.5411
vn -0.0683 -0.6947 -0.7160
vn 0.8031 -0.0830 -0.5900
vn -0.6494 -0.1474 -0.7460
vn -0.9661 -0.2245 -0.1273
vn -0.8706 0.4233 -0.2505
vn -0.8568 0.5151 0.0221
vn 0.1080 -0.9526 0.2842
vn 0.6463 -0.5627 0.5155
vn 0.2809 -0.8439 0.4571
vn 0.1960 -0.8240 0.5317
vn 0.1017 -0.8374 0.5370
vn -0.4560 -0.6372 0.6213
vn 0.5400 0.0978 -0.8360
vn 0.9638 -0.0157 -0.2660
vn -0.8766 -0.3573 -0.3223
vn 0.5843 0.3453 -0.7344
vn 0.6294 0.2749 -0.7269
vn -0.6268 -0.7771 0.0566
vn 0.8930 0.4465 -0.0560
vn -0.5489 -0.1575 0.8209
vn -0.0182 -0.3685 0.9295
vn -0.2235 0.8866 -0.4049
vn 0.5417 -0.0016 -0.8405
vn 0.2028 -0.4426 -0.8735
vn -0.5682 -0.2891 -0.7705
vn -0.8294 -0.2103 -0.5176
vn -0.8800 -0.0846 -0.4673
vn -0.0795 -0.5451 -0.8346
vn -0.2075 -0.5911 -0.7794
vn -0.5642 -0.2742 -0.7788
vn -0.8978 -0.1563 -0.4117
vn -0.8774 0.1061 -0.4679
vn 0.7334 0.0589 -0.6772
vn -0.6084 -0.4525 -0.6520
vn -0.9618 -0.1822 0.2043
vn -0.6811 -0.6440 -0.3484
vn -0.9030 -0.4038 0.1468
vn -0.4921 -0.7034 -0.5129
vn -0.1887 -0.6636 -0.7239
vn 0.0805 -0.9837 0.1609
vn 0.0238 -0.9853 0.1694
vn -0.5330 -0.8375 0.1206
vn -0.8910 -0.1166 -0.4388
vn -0.5279 -0.2383 -0.8152
vn 0.0897 -0.5893 -0.8029
vn 0.8053 -0.4604 -0.3735
vn 0.9463 -0.2675 0.1817
vn -0.9792 0.1567 0.1289
vn -0.9825 -0.0034 0.1862
vn -0.9764 0.0414 0.2119
vn -0.9626 0.1785 0.2039
vn -0.9826 0.0099 0.1854
vn -0.9950 -0.0142 0.0986
vn -0.9162 0.2541 0.3099
vn -0.8362 0.1574 0.5254
vn -0.8475 0.0147 0.5306
vn -0.8039 -0.1096 0.5846
vn -0.7196 -0.1569 0.6764
vn -0.5776 -0.3073 0.7563
vn 0.6345 0.6370 -0.4378
vn -0.7381 0.0875 0.6690
vn -0.7539 0.3184 0.5747
vn -0.7351 -0.1943 0.6495
vn 0.3148 -0.6325 0.7077
vn 0.0442 0.2812 0.9586
vn 0.0730 0.2826 0.9565
vn -0.0846 0.5764 0.8128
vn -0.1445 0.6187 0.7722
vn -0.2729 0.4659 0.8417
vn -0.1074 0.3627 0.9257
vn -0.1873 0.6359 0.7487
vn -0.2174 0.1295 0.9674
vn -0.0901 0.0765 0.9930
vn 0.0895 0.0003 0.9960
vn 0.0459 0.1199 0.9917
vn -0.1153 -0.1650 0.9795
vn -0.0937 -0.1533 0.9837
vn 0.0788 -0.0718 0.9943
vn 0.0490 -0.2451 0.9682
vn 0.7838 -0.6114 0.1089
vn -0.4277 -0.9031 0.0383
vn -0.3154 -0.9177 0.2414
vn 0.2289 -0.8860 0.4033
vn 0.0893 -0.4523 0.8874
vn -0.1193 -0.4758 0.8714
vn 0.0537 -0.2739 0.9602
vn -0.0074 -0.4488 0.8936
vn 0.1510 -0.5641 0.8118
vn -0.0953 -0.8629 0.4963
vn -0.0643 -0.9190 0.3890
vn 0.1010 -0.8641 0.4930
vn 0.3511 -0.7377 0.5767
vn -0.2357 -0.8404 0.4881
vn 0.4622 -0.8581 0.2236
vn -0.5139 -0.7826 0.3512
vn -0.7980 0.2094 0.5652
vn -0.9853 -0.0901 -0.1453
vn -0.7539 0.2936 -0.5878
vn -0.5972 0.2038 -0.7758
vn -0.2183 0.3823 -0.8979
vn 0.3573 0.4606 -0.8125
vn 0.3158 0.5471 -0.7752
vn -0.3211 0.4517 -0.8324
vn 0.7934 0.3448 -0.5016
vn 0.9889 0.1438 -0.0380
vn -0.9129 -0.3685 0.1755
vn -0.8465 0.2607 0.4641
vn -0.9111 0.2842 0.2985
vn -0.6481 0.7460 -0.1533
vn -0.6084 0.7554 -0.2435
vn -0.0226 0.9757 -0.2177
vn -0.0236 0.9817 -0.1891
vn -0.8762 0.4614 -0.1394
vn -0.7267 0.6631 -0.1797
vn -0.8399 -0.5030 -0.2039
vn -0.9199 0.3772 0.1073
vn -0.9096 0.4155 0.0029
vn -0.7747 -0.5936 0.2179
vn -0.9195 -0.3090 0.2429
vn -0.9212 0.1582 -0.3555
vn -0.1479 -0.2809 -0.9483
vn -0.6754 -0.4507 0.5837
vn -0.1765 0.9556 0.2359
vn 0.3158 0.9136 -0.2562
vn -0.0741 0.4764 -0.8761
vn -0.0848 -0.4492 0.8894
vn -0.2671 -0.8430 0.4669
vn -0.1813 -0.8361 0.5177
vn -0.3280 -0.8271 -0.4565
vn -0.2654 -0.8802 -0.3935
vn 0.9297 0.2099 -0.3027
vn 0.9121 0.3975 -0.1007
vn 0.9955 0.0434 -0.0839
vn 0.9837 0.0797 -0.1615
vn 0.9489 -0.1088 -0.2963
vn 0.8273 0.0512 -0.5594
vn 0.9387 -0.2668 -0.2183
vn -0.9987 -0.0455 -0.0231
vn -0.9350 0.3345 -0.1180
vn -0.9722 0.1495 -0.1805
vn -0.9991 -0.0389 -0.0193
vn -0.9754 -0.1404 -0.1699
vn -0.8962 0.0097 -0.4436
vn -0.0642 -0.3516 -0.9340
vn -0.9185 -0.2218 -0.3274
vn -0.0219 0.9594 -0.2812
vn -0.2311 0.8584 -0.4580
vn -0.2050 0.3526 -0.9130
vn 0.1934 -0.3970 0.8972
vn 0.6656 -0.4088 0.6244
vn 0.8363 -0.4918 0.2426
vn 0.1298 -0.8933 0.4304
vn 0.1378 -0.8904 0.4339
vn 0.7725 -0.6110 0.1733
vn 0.1363 -0.9828 0.1244
vn 0.7629 -0.6395 0.0954
vn 0.1740 -0.9816 0.0781
vn 0.8929 0.3209 -0.3159
vn 0.8471 0.5153 -0.1298
vn 0.8022 0.0957 -0.5894
vn -0.9344 -0.0340 0.3545
vn -0.7190 0.4342 0.5427
vn -0.9443 0.2261 0.2391
vn -0.9675 -0.0178 0.2522
vn -0.9858 -0.0645 0.1549
vn -0.9975 0.0654 -0.0258
vn -0.3637 -0.1543 -0.9186
vn -0.9921 -0.0564 0.1120
vn 0.0698 0.8620 0.5022
vn 0.0641 0.9818 0.1787
vn -0.2702 0.6085 -0.7462
vn 0.8601 0.2652 -0.4357
vn 0.8677 0.4900 -0.0840
vn 0.5375 -0.5041 -0.6760
vn 0.7080 -0.5670 -0.4210
vn 0.9232 -0.3033 -0.2359
vn 0.7069 0.1477 -0.6917
vn 0.8780 -0.3922 0.2745
vn 0.5847 -0.7749 0.2402
vn 0.0657 -0.8919 -0.4475
vn -0.2984 -0.8781 -0.3740
vn -0.8039 -0.0486 0.5928
vn -0.6881 0.5077 0.5184
vn -0.8959 0.2968 0.3306
vn -0.8672 0.0038 0.4979
vn -0.9419 -0.0713 0.3282
vn -0.9831 0.1727 -0.0609
vn -0.3876 -0.1793 -0.9042
vn -0.9744 -0.0369 0.2219
vn 0.1753 0.9826 0.0621
vn -0.0351 0.9933 -0.1103
vn -0.3086 0.5262 -0.7924
vn 0.7042 0.3335 -0.6268
vn 0.7903 0.5074 -0.3434
vn 0.6764 -0.3077 -0.6692
vn 0.5061 -0.7916 -0.3425
vn 0.8499 -0.3551 -0.3894
vn 0.4732 0.1182 -0.8730
vn 0.8930 -0.4375 0.1051
vn 0.5358 -0.7465 0.3946
vn 0.2399 -0.9707 0.0108
vn -0.1505 -0.9073 -0.3927
vn -0.8476 -0.0754 0.5252
vn -0.7951 -0.1386 0.5905
vn -0.8115 0.3870 0.4379
vn -0.9073 0.3114 0.2826
vn -0.9000 -0.1092 0.4219
vn -0.9927 0.0782 0.0924
vn -0.4259 -0.3142 -0.8485
vn -0.8805 -0.2341 0.4123
vn 0.4212 0.8174 -0.3929
vn -0.2221 0.9270 -0.3024
vn -0.3221 0.4549 -0.8302
vn 0.7057 0.2594 -0.6593
vn 0.7684 0.3101 -0.5598
vn 0.7125 -0.5627 -0.4191
vn 0.6829 -0.6447 -0.3435
vn 0.8346 -0.3320 -0.4396
vn 0.5962 0.0316 -0.8022
vn 0.9133 -0.4071 -0.0087
vn 0.5565 -0.7672 0.3188
vn 0.2704 -0.9624 0.0254
vn 0.1376 -0.9772 0.1616
vn -0.1032 -0.2346 -0.9666
vn -0.3403 -0.3007 -0.8910
vn -0.4643 -0.4071 -0.7866
vn -0.6071 -0.4543 -0.6519
vn -0.8004 -0.4153 -0.4324
vn -0.9451 -0.3267 -0.0088
vn -0.0368 0.9898 0.1376
vn -0.5803 0.8043 -0.1280
vn -0.0300 0.9995 -0.0123
vn -0.3925 -0.8817 -0.2619
vn -0.7006 -0.6978 -0.1489
vn 0.0383 -0.9708 -0.2370
vn -0.7911 -0.6081 0.0658
vn -0.4534 -0.8861 0.0965
vn 0.0226 -0.9768 0.2129
vn -0.8083 -0.5662 -0.1617
vn -0.4066 -0.8899 -0.2067
vn 0.0358 -0.9871 -0.1562
vn -0.6269 0.7769 -0.0596
vn -0.8645 0.4829 0.1392
vn -0.7274 0.6090 0.3163
vn -0.5012 0.8461 0.1817
vn -0.9578 0.2817 0.0567
vn -0.9955 -0.0933 0.0179
vn -0.8205 0.4232 0.3842
vn -0.9054 0.3832 0.1825
vn -0.9160 -0.3884 0.1004
vn -0.7965 0.6033 0.0406
vn -0.5173 0.8419 -0.1536
vn -0.0249 0.9847 -0.1724
vn -0.8674 0.4977 0.0004
vn -0.6263 0.7786 -0.0404
vn -0.0275 0.9951 -0.0945
vn -0.8768 0.0360 -0.4795
vn -0.8625 -0.5021 0.0624
vn -0.8194 -0.5632 0.1070
vn -0.8953 -0.0249 -0.4449
vn 0.6289 -0.3060 0.7147
vn 0.3598 -0.3567 0.8621
vn -0.0519 -0.5242 0.8500
vn -0.5352 0.3188 -0.7822
vn 0.8587 0.3192 -0.4010
vn 0.7368 0.6473 -0.1953
vn 0.9771 -0.0544 -0.2056
vn 0.9232 -0.1206 -0.3648
vn 0.6610 0.1440 -0.7365
vn 0.8543 -0.1745 -0.4897
vn 0.8144 -0.2194 -0.5373
vn -0.7620 -0.2109 -0.6123
vn -0.1741 0.9481 -0.2659
vn -0.0401 0.9985 0.0383
vn -0.3878 0.4928 -0.7789
vn 0.0486 -0.7328 0.6787
vn -0.5240 -0.6365 0.5660
vn -0.4746 -0.4620 0.7492
vn -0.1366 -0.9696 0.2030
vn -0.6760 -0.6573 0.3331
vn -0.0906 -0.9957 0.0188
vn -0.6356 -0.7450 0.2023
vn -0.9492 0.1448 0.2795
vn -0.7560 0.5517 0.3524
vn -0.9959 0.0883 0.0174
vn 0.7569 0.2252 -0.6135
vn 0.6873 0.6040 -0.4035
vn 0.8878 -0.1003 -0.4491
vn 0.8110 -0.2076 -0.5470
vn 0.5914 0.0989 -0.8003
vn 0.7995 -0.2083 -0.5635
vn 0.8106 -0.1841 -0.5560
vn -0.8054 0.0087 -0.5927
vn -0.1072 0.8788 -0.4650
vn -0.2107 0.9740 0.0827
vn -0.3994 0.5077 -0.7634
vn 0.0715 -0.7420 0.6666
vn -0.5673 -0.5730 0.5914
vn -0.4381 -0.4846 0.7572
vn -0.0722 -0.9285 0.3641
vn -0.6134 -0.6591 0.4350
vn -0.1217 -0.9781 0.1690
vn -0.7370 -0.4825 0.4733
vn -0.8611 0.3774 0.3407
vn -0.7858 0.3950 0.4760
vn -0.9721 0.2345 0.0040
vn 0.8842 0.2750 -0.3777
vn 0.6785 0.6630 -0.3163
vn 0.9968 -0.0483 -0.0645
vn 0.9790 -0.0728 -0.1904
vn 0.7839 0.0923 -0.6140
vn 0.9425 -0.0951 -0.3205
vn 0.9349 -0.1526 -0.3205
vn -0.6533 -0.2618 -0.7104
vn -0.2809 0.7724 -0.5696
vn -0.1270 0.9448 -0.3020
vn -0.3100 0.2784 -0.9090
vn 0.1483 -0.6136 0.7756
vn -0.5708 -0.6032 0.5571
vn -0.5414 -0.4134 0.7321
vn 0.0704 -0.8594 0.5065
vn -0.7059 -0.5762 0.4119
vn 0.0169 -0.9072 0.4204
vn -0.6196 -0.6413 0.4525
vn -0.9945 0.0981 0.0360
vn -0.8749 0.4842 0.0060
vn -0.9793 -0.0054 -0.2025
vn 0.9517 0.2341 -0.1986
vn 0.8480 0.4970 -0.1840
vn 0.9919 -0.0893 0.0908
vn 0.9937 -0.1109 0.0167
vn 0.8945 0.0671 -0.4420
vn 0.9868 -0.1407 -0.0801
vn 0.9779 -0.1927 -0.0813
vn -0.5345 -0.1762 -0.8266
vn -0.0701 0.7459 -0.6624
vn 0.1381 0.8812 -0.4521
vn -0.1472 0.2992 -0.9428
vn -0.0201 -0.5682 0.8227
vn -0.7077 -0.5251 0.4727
vn -0.7082 -0.3329 0.6226
vn -0.0401 -0.8380 0.5442
vn -0.6903 -0.6638 0.2878
vn -0.0701 -0.9278 0.3665
vn -0.8807 -0.4503 0.1468
vn -0.9655 0.1368 -0.2217
vn -0.8229 0.4986 -0.2724
vn -0.9175 0.0830 -0.3889
vn 0.9847 0.1736 -0.0140
vn 0.8058 0.5834 0.1017
vn 0.9551 -0.2016 0.2171
vn 0.9643 -0.2470 0.0954
vn 0.9421 0.0552 -0.3307
vn 0.9689 -0.2471 -0.0115
vn 0.9561 -0.2925 -0.0157
vn -0.4107 0.0819 -0.9081
vn -0.0092 0.9001 -0.4356
vn -0.0203 0.9952 -0.0956
vn 0.0296 0.5180 -0.8549
vn -0.2124 -0.7535 0.6222
vn -0.8106 -0.5416 0.2230
vn -0.8125 -0.4115 0.4130
vn -0.1657 -0.9580 0.2341
vn -0.8488 -0.5280 -0.0256
vn -0.0696 -0.9904 0.1192
vn -0.7120 -0.6977 -0.0790
vn -0.9286 0.2315 -0.2901
vn -0.8088 0.5503 -0.2074
vn -0.8361 0.2597 -0.4833
vn 0.4841 0.2841 0.8276
vn 0.5799 0.3221 0.7483
vn 0.1085 -0.9061 -0.4089
vn 0.1368 -0.9903 -0.0249
vn 0.2558 -0.7828 0.5673
vn 0.9590 0.1667 -0.2292
vn 0.9749 0.1969 -0.1044
vn 0.8332 0.5302 -0.1571
vn 0.8174 0.5625 -0.1240
vn 0.7761 -0.6205 -0.1120
vn 0.7397 -0.6726 -0.0208
vn 0.9240 -0.1753 -0.3398
vn 0.4187 -0.8813 -0.2194
vn 0.5854 -0.7913 0.1766
vn 0.6479 -0.7462 -0.1526
vn 0.6601 -0.7511 -0.0099
vn 0.5739 -0.8060 0.1446
vn 0.7423 -0.6632 0.0956
vn 0.8123 0.0261 0.5826
vn 0.8342 0.5473 -0.0680
vn 0.9942 -0.0575 -0.0912
vn 0.8753 -0.4208 0.2382
vn 0.5682 -0.6619 -0.4889
vn 0.1692 -0.8690 -0.4650
vn -0.0005 -0.9980 -0.0636
vn 0.3372 -0.9094 0.2433
vn 0.0308 -0.9905 -0.1337
vn -0.5072 -0.8271 -0.2422
vn -0.7288 -0.6607 0.1800
vn -0.5638 -0.7187 0.4070
vn -0.1925 -0.8925 0.4080
vn 0.0632 -0.9762 0.2072
vn 0.1447 -0.7812 0.6072
vn 0.0074 -0.4745 0.8803
vn -0.1258 0.9339 -0.3348
vn 0.1612 0.9866 0.0261
vn -0.3512 0.9213 0.1670
vn -0.3503 0.9327 -0.0853
vn 0.4523 0.8314 -0.3229
vn -0.0827 0.9966 -0.0006
vn -0.2232 0.9641 -0.1437
vn 0.2614 0.9533 -0.1512
vn 0.7949 0.5485 -0.2594
vn 0.3321 0.9226 -0.1962
vn 0.2235 0.9273 -0.3004
vn 0.7115 0.5763 -0.4021
vn 0.3926 -0.8741 0.2859
vn 0.2529 -0.7423 0.6205
vn 0.8104 0.5858 0.0004
vn 0.6513 0.7583 -0.0266
vn 0.3883 0.8994 -0.2006
vn -0.1456 0.8441 -0.5160
vn 0.4192 0.8510 -0.3163
vn 0.3540 0.5887 -0.7267
vn 0.9343 0.0051 -0.3566
vn 0.8908 0.0591 -0.4505
vn -0.4010 -0.5370 0.7422
vn -0.3456 -0.1228 0.9303
vn 0.8683 -0.4213 -0.2619
vn 0.8451 -0.4952 0.2013
vn 0.9902 0.1393 -0.0076
vn 0.9501 0.2172 -0.2237
vn -0.2467 -0.9653 -0.0859
vn 0.1738 -0.9545 -0.2422
vn -0.1169 -0.8516 -0.5109
vn 0.2490 -0.9384 -0.2398
vn -0.1444 -0.9862 0.0809
vn 0.1009 -0.9421 -0.3198
vn 0.3843 0.9108 -0.1507
vn 0.9434 -0.2559 -0.2108
vn -0.4443 0.8435 0.3020
vn 0.0278 0.9991 0.0311
vn -0.1376 0.9305 -0.3396
vn 0.2078 0.9434 -0.2586
vn 0.0660 0.9923 0.1048
vn 0.4186 0.8362 -0.3543
vn -0.8754 -0.4833 -0.0093
vn -0.4635 -0.8628 0.2018
vn -0.9191 0.2367 -0.3150
vn -0.9626 0.0883 -0.2563
vn 0.9260 -0.1498 0.3464
vn 0.9738 0.1690 0.1519
vn 0.5430 0.8040 -0.2421
vn 0.5887 0.8051 -0.0729
vn 0.9452 -0.2134 0.2473
vn 0.0071 -0.9981 0.0610
vn 0.5637 -0.7774 -0.2790
vn -0.7944 -0.3542 0.4935
vn 0.1262 0.9827 -0.1355
vn 0.3650 0.8286 -0.4245
vn -0.4528 0.8852 0.1071
vn -0.6606 0.7040 0.2607
vn 0.7827 0.1112 -0.6124
vn 0.7336 0.0973 -0.6726
vn 0.6981 0.3135 -0.6437
vn -0.6299 0.7759 -0.0337
vn -0.1567 -0.9872 0.0308
vn -0.5573 -0.7508 0.3547
vn -0.9421 0.0879 0.3237
vn -0.8632 -0.1844 0.4700
vn 0.4490 0.7587 -0.4721
vn -0.0683 0.9640 -0.2568
vn 0.9012 0.0578 -0.4295
vn 0.9030 0.0823 -0.4217
vn 0.8323 0.2533 -0.4930
vn -0.6210 0.7495 -0.2295
vn -0.2806 -0.9475 -0.1530
vn -0.0863 -0.9285 -0.3612
vn -0.7483 -0.6240 0.2249
vn 0.0113 -0.9851 -0.1714
vn -0.9748 0.0074 0.2232
vn -0.9813 -0.0468 0.1865
vn 0.0756 0.9611 -0.2658
vn 0.7439 0.6160 -0.2591
vn 0.9638 -0.1031 -0.2460
vn 0.9451 -0.1782 -0.2739
vn 0.9565 0.0216 -0.2910
vn -0.5353 0.7622 -0.3640
vn -0.5428 -0.8096 0.2234
vn -0.2923 -0.9371 0.1906
vn -0.9666 0.2256 -0.1215
vn -0.9824 0.1777 -0.0572
vn 0.8534 0.5027 -0.1380
vn 1.0000 0.0021 0.0077
vn 0.9735 -0.2216 0.0574
vn -0.7725 -0.4914 -0.4022
vn -0.1041 -0.5875 -0.8025
vn 0.8183 -0.0528 -0.5724
vn 0.5623 0.2942 -0.7728
vn 0.8118 -0.2134 -0.5436
vn 0.2084 -0.7099 -0.6728
vn -0.4346 -0.5520 -0.7117
vn -0.8721 -0.3047 -0.3829
vn -0.3378 0.5614 -0.7555
vn -0.5941 0.5497 -0.5873
vn 0.2764 0.2536 -0.9270
vn 0.3368 0.0328 -0.9410
vn -0.6049 -0.6842 -0.4075
vn -0.2778 -0.3780 -0.8831
vn -0.0165 0.6188 -0.7854
vn -0.3236 0.4441 -0.8355
vn 0.5636 0.0703 -0.8231
vn -0.2614 0.3989 -0.8790
vn -0.6055 -0.6125 -0.5082
vn -0.1268 -0.5378 -0.8334
vn 0.2108 0.5652 -0.7975
vn -0.1749 0.4548 -0.8732
vn 0.6608 -0.2452 -0.7094
vn 0.3892 0.1567 -0.9077
vn -0.4832 -0.5885 -0.6482
vn 0.0261 -0.6192 -0.7848
vn 0.6252 0.0921 -0.7750
vn 0.5002 0.4905 -0.7136
vn 0.8291 -0.2410 -0.5045
vn 0.2219 0.9349 -0.2770
vn 0.2409 0.5389 -0.8072
vn -0.3517 0.4986 -0.7923
vn -0.7811 0.5790 -0.2335
vn -0.5638 0.8051 -0.1842
vn 0.3558 0.9275 -0.1145
vn -0.5619 0.8272 0.0007
vn -0.5063 0.7310 -0.4575
vn -0.0078 0.4043 -0.9146
vn -0.6483 0.2054 -0.7331
vn -0.1164 0.9623 -0.2458
vn -0.0277 0.9965 -0.0788
vn -0.3675 0.5182 -0.7722
vn -0.7811 0.6235 -0.0346
vn -0.5573 0.8297 -0.0329
vn -0.4132 0.9056 0.0957
vn -0.5422 0.4961 -0.6782
vn -0.7558 0.6445 0.1154
vn -0.5463 0.7968 0.2584
vn -0.2091 0.9757 -0.0647
vn -0.5939 0.7870 0.1668
vn -0.2705 0.8925 -0.3609
vn -0.9098 0.2743 -0.3115
vn -0.8053 0.3197 0.4992
vn -0.8662 0.0971 0.4901
vn -0.9631 0.0519 0.2639
vn -0.7626 0.1293 0.6338
vn -0.4863 0.4320 0.7596
vn -0.8860 -0.1200 0.4479
vn -0.9868 0.0426 0.1565
vn -0.8990 0.3664 -0.2401
vn -0.8737 0.2197 0.4340
vn -0.8216 0.3580 -0.4436
vn 0.1536 0.3532 -0.9228
vn 0.4375 0.3504 -0.8281
vn 0.2097 0.9037 -0.3734
vn 0.5848 -0.6296 0.5114
vn 0.2355 -0.3245 0.9161
vn 0.1886 -0.5572 0.8087
vn 0.6923 -0.7019 0.1678
vn 0.7711 -0.6188 -0.1503
vn 0.6433 -0.7246 -0.2471
vn 0.3607 -0.7421 0.5650
vn 0.2990 -0.8428 -0.4474
vn -0.7901 0.2063 -0.5772
vn 0.0325 0.8018 -0.5967
vn -0.8079 0.2036 -0.5530
vn -0.0300 0.9969 -0.0728
vn -0.8893 0.2457 -0.3857
vn 0.1378 0.8508 -0.5070
vn -0.1450 -0.5202 -0.8417
vn 0.5187 -0.8479 -0.1097
vn 0.3624 -0.6029 -0.7108
vn 0.6828 -0.6917 -0.2354
vn 0.3031 -0.6338 -0.7116
vn 0.2854 -0.9570 0.0509
vn -0.8090 0.0269 -0.5872
vn -0.7001 0.1585 -0.6963
vn -0.8782 -0.1430 -0.4563
vn -0.9411 -0.0366 -0.3363
vn -0.0269 -0.2709 -0.9622
vn 0.2965 -0.1802 -0.9379
vn 0.3435 -0.1566 -0.9260
vn 0.0462 -0.0508 -0.9976
vn 0.3859 -0.1446 -0.9111
vn -0.5820 -0.0504 -0.8116
vn -0.4941 -0.2419 -0.8351
vn -0.2024 0.0230 -0.9790
vn -0.4464 0.1113 -0.8879
vn -0.3736 -0.0153 -0.9275
vn -0.4073 0.0256 -0.9129
vn -0.5609 0.1544 -0.8134
vn -0.3597 0.1023 -0.9274
vn -0.5924 0.1818 -0.7849
vn -0.2365 -0.2968 -0.9252
vn -0.0408 -0.2703 -0.9619
vn -0.1919 0.0853 -0.9777
vn -0.1706 0.1297 -0.9768
vn -0.1381 -0.0603 -0.9886
vn 0.0343 -0.0647 -0.9973
vn 0.1429 -0.0891 -0.9857
vn 0.1730 0.2459 -0.9537
vn -0.3268 0.0645 -0.9429
vn -0.4284 0.1185 -0.8958
vn -0.3333 0.0493 -0.9415
vn -0.5037 0.1544 -0.8499
vn -0.6038 0.0564 -0.7952
vn -0.5806 0.0699 -0.8112
vn 0.2581 0.0826 -0.9626
vn -0.5703 -0.0095 -0.8214
vn -0.0144 -0.0556 -0.9983
vn -0.6480 -0.0134 -0.7615
vn -0.7612 0.1737 -0.6248
vn 0.9784 -0.1834 0.0954
vn 0.9517 -0.2446 0.1855
vn 0.8038 0.2053 0.5583
vn 0.9535 0.1135 0.2793
vn 0.6153 -0.7679 0.1782
vn 0.2513 0.9597 0.1260
vn 0.3676 0.9287 -0.0493
vn 0.4487 0.8923 0.0501
vn 0.8578 0.4357 -0.2728
vn 0.8481 0.2997 -0.4368
vn 0.9777 0.1269 -0.1675
vn 0.9500 0.3037 -0.0730
vn 0.9630 0.0408 -0.2665
vn 0.7935 -0.3169 -0.5197
vn 0.9325 -0.2414 -0.2685
vn 0.5441 -0.8056 -0.2345
vn 0.2954 -0.8911 -0.3445
vn 0.5132 -0.8058 0.2955
vn 0.7730 -0.6151 0.1554
vn 0.4738 0.7780 0.4127
vn 0.5320 0.8379 0.1225
vn 0.3381 0.9286 0.1526
vn 0.7165 0.5365 -0.4459
vn 0.8627 0.2139 -0.4582
vn 0.9840 0.1670 0.0620
vn 0.9160 -0.2118 -0.3406
vn 0.7638 -0.5426 0.3497
vn 0.8715 -0.2333 -0.4313
vn 0.8085 -0.0090 -0.5885
vn -0.0555 -0.5199 0.8524
vn 0.4191 -0.9077 -0.0189
vn 0.2579 -0.9654 -0.0379
vn 0.3852 0.6891 0.6138
vn 0.4468 -0.6955 0.5627
vn 0.5118 -0.6383 0.5750
vn 0.3869 0.5187 0.7624
vn 0.5199 0.3534 0.7777
vn 0.2197 -0.8280 -0.5159
vn 0.4779 -0.8696 -0.1237
vn 0.8470 0.0709 0.5269
vn 0.6049 0.0139 0.7961
vn 0.9213 -0.3310 0.2043
vn 0.9622 -0.2723 0.0051
vn 0.8971 -0.3229 0.3015
vn 0.8524 -0.2410 0.4641
vn 0.9167 -0.3964 0.0504
vn 0.9892 -0.1466 -0.0051
vn -0.4101 0.3825 -0.8279
vn 0.8118 -0.3528 0.4652
vn 0.7356 -0.2499 0.6296
vn 0.8170 -0.2572 0.5161
vn 0.5014 -0.7036 0.5035
vn 0.0444 -0.9985 0.0306
vn -0.7039 -0.0523 0.7083
vn -0.7076 -0.0895 0.7009
vn -0.6572 0.1894 0.7295
vn -0.6760 0.1799 0.7146
vn 0.9415 -0.3327 0.0538
vn 0.1631 -0.2488 0.9547
vn 0.8504 -0.1156 0.5133
vn 0.9764 -0.0241 0.2146
vn 0.9568 0.0523 -0.2861
vn 0.4932 0.3875 0.7789
vn 0.1998 0.4188 0.8858
vn 0.3911 0.3826 0.8371
vn 0.6553 0.2707 0.7052
vn -0.7730 -0.2815 0.5685
vn -0.7157 -0.2527 0.6511
vn -0.8423 -0.0232 0.5384
vn -0.4792 -0.3991 0.7817
vn 0.8540 -0.0603 0.5167
vn -0.4518 -0.2922 0.8429
vn -0.1302 -0.5097 0.8504
vn 0.6149 -0.3348 0.7140
vn 0.5561 -0.8311 0.0052
vn 0.3216 -0.7226 0.6119
vn 0.8615 0.4949 -0.1138
vn 0.9692 0.2393 0.0578
vn 0.7297 0.6315 0.2622
vn 0.9016 0.3544 -0.2481
vn 0.8046 0.4730 -0.3590
vn 0.7373 0.6556 0.1629
vn 0.8266 -0.1423 -0.5445
vn 0.8387 -0.3571 -0.4112
vn 0.5974 -0.4815 -0.6413
vn 0.4147 -0.3796 -0.8270
vn 0.8238 0.1248 -0.5530
vn 0.7848 -0.2438 -0.5697
vn 0.6885 -0.0474 -0.7237
vn 0.9412 0.0570 -0.3330
vn 0.6816 -0.0295 -0.7312
vn -0.8546 -0.3598 0.3744
vn -0.9065 -0.3184 0.2772
vn -0.9428 -0.3138 0.1129
vn -0.9169 0.0051 0.3991
vn -0.9718 -0.1406 0.1895
vn -0.9729 -0.1591 0.1678
vn -0.8991 -0.3414 -0.2739
vn -0.8860 -0.3950 -0.2426
vn -0.3097 -0.6954 -0.6485
vn -0.2581 -0.7291 -0.6339
vn 0.8538 -0.5041 0.1303
vn 0.3954 -0.9151 -0.0793
vn 0.8699 -0.2302 -0.4361
vn 0.8136 -0.5448 -0.2032
vn 0.8697 -0.4934 0.0167
vn 0.8543 -0.2412 -0.4605
vn 0.1958 -0.7651 -0.6134
vn 0.3872 0.3277 0.8618
vn 0.9091 0.0350 0.4151
vn 0.5570 0.1065 0.8237
vn 0.5267 -0.3581 -0.7709
vn 0.7271 -0.3698 -0.5784
vn 0.9416 -0.2426 -0.2333
vn -0.5820 -0.3697 -0.7243
vn -0.2099 -0.4587 -0.8634
vn -0.5102 -0.2410 -0.8256
vn -0.8373 -0.1754 -0.5178
vn 0.0935 -0.4248 -0.9004
vn 0.0204 0.3956 0.9182
vn -0.9136 -0.1682 -0.3701
vn -0.9782 0.0623 -0.1979
vn -0.0013 -0.3291 0.9443
vn 0.1670 -0.5280 0.8327
vn -0.0449 -0.3993 0.9157
vn -0.3258 -0.2590 0.9092
vn -0.8527 0.2366 0.4656
vn -0.8683 0.4394 0.2301
vn -0.2086 -0.3771 0.9024
vn 0.0113 -0.2529 0.9674
vn -0.2972 -0.1752 0.9386
vn -0.2216 -0.3374 0.9149
vn -0.1663 -0.3594 0.9182
vn 0.1196 -0.0671 -0.9905
vn -0.9898 0.1047 -0.0969
vn -0.9622 0.0434 0.2689
vn -0.7593 -0.1124 -0.6409
vn -0.8053 0.0889 0.5862
vn -0.4490 -0.0834 0.8896
vn -0.6115 0.0800 0.7872
vn -0.7857 0.0977 0.6108
vn -0.8689 0.3923 0.3019
vn -0.5259 -0.0790 0.8468
vn -0.2734 -0.1764 -0.9456
vn 0.2879 0.0919 -0.9532
vn 0.9907 0.1357 -0.0137
vn 0.9062 -0.0801 0.4152
vn 0.4857 0.0801 0.8705
vn 0.6343 0.4592 0.6220
vn 0.6914 0.6864 0.2255
vn 0.8945 -0.2435 0.3748
vn 0.8245 0.2415 0.5118
vn 0.9690 0.1321 -0.2088
vn 0.7790 0.6267 -0.0211
vn 0.7771 -0.0625 0.6263
vn 0.2837 0.5113 0.8113
vn 0.2347 0.4206 0.8764
vn 0.4149 0.4891 0.7672
vn 0.4451 0.5610 0.6979
vn 0.8962 0.1427 -0.4200
vn 0.1499 0.1379 -0.9790
vn 0.9415 -0.2415 -0.2351
vn 0.9777 0.1947 -0.0787
vn 0.8313 0.1922 0.5216
vn 0.6042 0.4274 0.6725
vn 0.6483 0.3442 0.6791
vn 0.7632 0.1611 0.6258
vn 0.4573 0.2682 0.8479
vn 0.5260 0.1522 0.8368
vn -0.2601 0.4763 0.8399
vn -0.7553 -0.1633 0.6346
vn -0.6684 0.4802 0.5680
vn -0.2315 0.2820 0.9311
vn 0.5480 0.5602 0.6212
vn 0.6677 0.5960 0.4461
vn 0.6461 0.6636 0.3770
vn -0.8821 -0.4710 0.0016
vn -0.9936 -0.0339 0.1074
vn -0.6111 -0.7021 0.3655
vn -0.6249 -0.7739 0.1029
vn -0.9040 0.1900 -0.3830
vn -0.8265 0.0590 -0.5598
vn -0.7265 -0.6850 0.0554
vn -0.9365 0.3296 -0.1194
vn -0.8102 -0.1127 -0.5752
vn -0.8732 -0.4606 -0.1594
vn 0.4448 0.4286 0.7864
vn 0.2357 0.2705 0.9334
vn -0.9016 -0.0475 -0.4301
vn -0.8175 -0.1535 -0.5551
vn -0.8438 -0.1914 -0.5014
vn -0.9296 -0.2377 -0.2817
vn -0.9194 -0.0735 0.3863
vn -0.9272 0.1099 0.3580
vn -0.6672 0.3300 0.6677
vn -0.6202 0.0151 0.7843
vn 0.5950 0.2365 0.7681
vn 0.5899 0.1411 0.7950
vn 0.8639 0.0568 0.5004
vn 0.8874 0.0833 0.4535
vn 0.9735 -0.0216 0.2276
vn 0.9993 0.0238 0.0296
vn 0.0023 0.1331 0.9911
vn 0.0834 0.3893 0.9173
vn 0.3773 -0.9257 0.0287
vn 0.4340 -0.8228 0.3670
vn 0.0960 -0.9894 -0.1093
vn 0.0908 -0.9573 -0.2745
vn -0.7102 -0.6542 -0.2600
vn -0.3381 -0.9292 -0.1492
vn -0.5646 -0.8252 -0.0161
vn -0.7167 -0.6962 -0.0393
vn 0.7828 -0.3582 0.5089
vn 0.7119 -0.3382 0.6155
vn 0.9415 0.1202 0.3149
vn 0.9385 0.2299 0.2577
vn -0.3858 0.7569 -0.5275
vn -0.6463 0.5677 -0.5099
vn -0.3517 0.6469 -0.6766
vn 0.1616 0.7742 -0.6119
vn 0.7325 0.6588 -0.1714
vn -0.1146 0.9801 -0.1624
vn -0.1959 0.8589 -0.4732
vn 0.4495 0.7684 -0.4556
vn 0.8917 0.4521 0.0193
vn 0.2968 0.8969 -0.3278
vn 0.2177 0.8717 -0.4390
vn 0.8984 0.3394 0.2788
vn 0.4512 0.8436 -0.2913
vn 0.6109 0.5305 -0.5877
vn 0.7829 0.5742 -0.2394
vn 0.6222 0.5291 -0.5770
vn 0.8425 0.4419 -0.3080
vn 0.9831 0.0404 0.1788
vn 0.8190 -0.5078 0.2670
vn 0.8545 -0.4597 0.2418
vn 0.9396 0.3183 0.1260
vn 0.1719 -0.9592 -0.2243
vn 0.0040 -0.9977 -0.0673
vn -0.1371 -0.9700 -0.2009
vn -0.1516 -0.9841 -0.0930
vn 0.7960 0.4604 -0.3929
vn 0.4114 -0.5767 0.7058
vn 0.0440 -0.8341 0.5499
vn 0.5758 0.7717 -0.2700
vn -0.5420 -0.6276 0.5588
vn -0.7891 -0.4131 0.4546
vn -0.2333 -0.5976 0.7671
vn -0.5081 0.6410 -0.5753
vn -0.3848 0.6449 -0.6603
vn 0.1306 0.8466 -0.5159
vn -0.0062 0.7370 -0.6758
vn 0.1600 0.8791 -0.4490
vn 0.3383 0.6311 -0.6981
vn 0.3957 0.5303 -0.7498
vn 0.4498 0.7603 -0.4686
vn 0.7465 0.6290 -0.2170
vn 0.5203 0.8191 -0.2416
vn -0.2662 -0.9163 -0.2992
vn 0.3064 -0.9278 0.2128
vn -0.7669 -0.2114 -0.6060
vn 0.8933 0.3711 0.2536
vn -0.7564 0.3144 -0.5736
vn -0.8427 0.0587 -0.5352
vn 0.1762 0.9761 0.1274
vn 0.8279 0.1072 0.5505
vn 0.8506 0.2224 0.4764
vn 0.4256 0.9015 0.0787
vn 0.8649 -0.1499 0.4790
vn 0.8081 -0.1632 0.5660
vn 0.0042 -0.9920 -0.1260
vn 0.5018 -0.7765 -0.3811
vn -0.7809 -0.6172 -0.0963
vn -0.5449 0.7220 0.4263
vn 0.6684 0.7391 0.0838
vn 0.2794 0.9598 0.0255
vn -0.6560 0.7491 0.0925
vn 0.4486 0.7702 -0.4534
vn -0.8682 -0.4843 0.1078
vn 0.9442 0.0802 -0.3196
vn 0.8894 0.3563 -0.2863
vn -0.4785 -0.8772 -0.0389
vn 0.1913 -0.9808 0.0384
vn 0.0877 -0.9819 -0.1677
vn -0.9895 0.1428 0.0240
vn -0.9927 -0.1166 -0.0302
vn -0.0081 0.9974 0.0713
vn 0.8602 0.5031 -0.0833
vn 0.7196 0.6786 -0.1469
vn 0.0832 0.9741 -0.2104
vn 0.7070 0.5620 -0.4292
vn -0.9675 0.0760 -0.2414
vn 0.9937 -0.0398 -0.1045
vn 0.9789 0.2001 -0.0409
vn -0.1834 -0.9709 0.1537
vn 0.0412 -0.9923 0.1166
vn 0.0337 -0.9994 -0.0080
vn -0.5459 -0.8287 -0.1234
vn -0.9312 0.2461 -0.2689
vn -0.9549 -0.1090 -0.2760
vn 0.8165 0.5574 -0.1507
vn 0.2222 0.8900 -0.3980
vn 0.1948 0.9627 -0.1877
vn 0.8954 0.4131 0.1661
vn 0.8323 0.4732 -0.2886
vn -0.6723 0.0951 -0.7341
vn 0.9963 -0.0297 0.0804
vn 0.9825 0.1798 0.0492
vn -0.1035 -0.9946 -0.0042
vn -0.5313 -0.8174 -0.2227
vn -0.7825 0.2519 -0.5693
vn -0.8529 0.0206 -0.5216
vn 0.8998 0.0237 0.4357
vn 0.7457 0.6515 0.1398
vn 0.7991 0.2904 0.5264
vn 0.9156 -0.0938 0.3911
vn 0.0634 -0.6574 -0.7509
vn 0.5000 -0.7621 -0.4113
vn 0.9439 0.3301 0.0035
vn 0.3457 0.8412 -0.4157
vn 0.9724 -0.1731 0.1567
vn -0.2646 -0.6178 -0.7405
vn 0.3541 -0.5092 -0.7845
vn -0.8386 -0.3091 -0.4486
vn 0.4296 0.7706 -0.4707
vn -0.6514 0.7020 -0.2879
vn 0.7855 0.0319 -0.6181
vn 0.7256 0.2749 -0.6308
vn -0.3543 -0.6155 -0.7040
vn 0.1122 -0.7122 -0.6930
vn 0.6995 0.4685 -0.5397
vn 0.0388 0.7684 -0.6388
vn 0.7882 -0.1350 -0.6004
vn 0.8728 0.0549 -0.4850
vn -0.4557 -0.7165 -0.5281
vn 0.0932 -0.8364 -0.5401
vn 0.6988 0.2414 -0.6733
vn 0.2894 0.4878 -0.8236
vn 0.8032 -0.0040 -0.5957
vn 0.8563 0.0522 -0.5138
vn 0.1744 -0.7969 -0.5784
vn -0.2279 -0.7058 -0.6708
vn 0.9935 -0.0359 0.1083
vn 0.8772 0.4129 -0.2449
vn 0.9910 -0.1339 0.0074
vn -0.4945 0.6900 -0.5285
vn 0.0862 0.9528 -0.2912
vn 0.0552 0.7382 -0.6723
vn -0.4205 0.4303 -0.7988
vn 0.0272 0.9994 0.0216
vn -0.6097 0.6377 -0.4707
vn 0.2263 0.8568 -0.4634
vn -0.1835 0.6123 -0.7690
vn -0.4538 0.7926 -0.4073
vn -0.3337 0.5997 -0.7274
vn -0.5562 0.2018 -0.8062
vn -0.5993 0.6738 -0.4323
vn -0.1978 0.6854 -0.7008
vn -0.5025 0.7649 -0.4031
vn -0.4465 0.4228 -0.7886
vn -0.7284 0.6441 -0.2335
vn -0.4692 0.5877 -0.6592
vn -0.6807 0.7227 -0.1200
vn -0.5667 0.5357 -0.6260
vn -0.8835 0.4424 0.1540
vn -0.8603 0.4834 -0.1620
vn -0.0021 0.5293 -0.8484
vn -0.9723 0.0835 -0.2184
vn -0.9898 0.1130 0.0865
vn -0.9761 0.0663 0.2069
vn -0.8784 0.0077 -0.4778
vn -0.9647 0.0584 -0.2568
vn -0.3241 0.8212 -0.4698
vn -0.9853 0.1443 -0.0910
vn -0.6242 0.4374 -0.6473
vn -0.8363 0.2458 -0.4901
vn -0.0546 0.0512 -0.9972
vn -0.5030 -0.7659 0.4005
vn -0.3353 -0.9388 0.0784
vn -0.6825 -0.7289 0.0537
vn -0.7174 -0.4495 0.5322
vn -0.1642 -0.8924 0.4204
vn 0.0954 -0.9861 0.1361
vn 0.3478 -0.8150 0.4635
vn 0.6162 -0.7349 0.2832
vn 0.9154 -0.2779 0.2913
vn 0.9396 0.2565 -0.2267
vn 0.5874 0.4440 -0.6767
vn 0.6586 0.1087 -0.7446
vn -0.9993 0.0093 0.0373
vn -0.9838 0.0259 -0.1776
vn -0.9903 0.1208 -0.0683
vn -0.9714 -0.1622 0.1732
vn -0.9982 0.0204 0.0567
vn -0.9295 -0.0880 -0.3580
vn -0.8119 -0.2092 -0.5450
vn -0.9836 -0.0880 0.1573
vn -0.9976 -0.0386 -0.0566
vn 0.6790 -0.6325 0.3726
vn 0.8636 -0.5040 0.0112
vn -0.5842 0.1319 -0.8008
vn 0.4862 0.4584 -0.7440
vn -0.6725 0.0326 -0.7394
vn 0.2174 0.4247 -0.8789
vn -0.7846 0.0665 -0.6164
vn -0.3154 0.4992 -0.8070
vn 0.2743 0.8013 -0.5317
vn 0.1801 0.9533 -0.2424
vn 0.5403 -0.5379 -0.6471
vn 0.6192 -0.7686 -0.1605
vn 0.5945 -0.6308 -0.4987
vn 0.4695 -0.8717 0.1405
vn 0.1566 -0.9520 -0.2631
vn 0.6374 -0.7506 -0.1741
vn 0.2187 -0.9752 0.0344
vn -0.6504 0.0257 -0.7591
vn -0.6207 -0.0348 -0.7833
vn -0.7919 -0.1412 -0.5941
vn -0.8261 -0.1535 -0.5423
vn -0.9704 -0.1101 -0.2149
vn 0.4515 -0.3946 -0.8003
vn 0.3960 0.5816 -0.7106
vn 0.9736 0.0895 -0.2102
vn 0.9856 -0.1544 -0.0695
vn -0.5528 -0.3005 -0.7772
vn 0.5767 0.1251 -0.8073
vn 0.5619 -0.0070 -0.8272
vn 0.0503 -0.3078 -0.9501
vn 0.0466 0.5000 -0.8648
vn 0.5761 0.1119 -0.8097
vn 0.9613 -0.0433 -0.2720
vn -0.0302 -0.5503 -0.8344
vn 0.3610 -0.0024 -0.9325
vn 0.5091 0.0928 -0.8557
vn 0.8460 0.1089 -0.5219
vn 0.2083 -0.3933 -0.8955
vn 0.9544 0.0499 -0.2944
vn 0.9965 -0.0741 0.0376
vn -0.3207 0.3479 -0.8810
vn 0.2075 0.5840 -0.7848
vn -0.2835 0.2766 -0.9182
vn 0.0168 0.0872 -0.9960
vn -0.2394 0.3134 -0.9190
vn -0.8278 0.2460 -0.5042
vn 0.0440 0.6280 -0.7770
vn -0.3952 0.0916 -0.9140
vn -0.3599 0.0483 -0.9317
vn -0.4564 0.0005 -0.8898
vn -0.3946 -0.0369 -0.9181
vn -0.9238 -0.0905 -0.3721
vn 0.8884 0.0130 0.4589
vn 0.9916 -0.1119 -0.0644
vn 0.4950 0.0592 0.8669
vn -0.9265 -0.3260 -0.1879
vn -0.6496 0.2094 0.7309
vn -0.9328 0.0831 0.3506
vn 0.0430 0.1062 0.9934
vn 0.9536 -0.0312 -0.2994
vn 0.9155 -0.1430 -0.3761
vn 0.6707 -0.1632 -0.7235
vn -0.6045 -0.7121 0.3572
vn -0.9039 -0.3280 0.2745
vn -0.0643 -0.8738 0.4819
vn 0.8902 -0.1737 0.4211
vn 0.4734 -0.6864 0.5521
vn -0.6609 -0.2776 0.6972
vn -0.0022 -0.4107 0.9117
vn -0.9920 -0.0981 -0.0792
vn 0.0680 -0.7257 -0.6847
vn 0.6936 -0.4998 -0.5188
vn 0.5521 -0.7085 -0.4397
vn -0.0942 -0.8089 -0.5804
vn -0.1381 0.1593 0.9775
vn -0.7902 0.0070 0.6128
vn 0.3213 0.5015 0.8033
vn 0.5014 0.5144 0.6957
vn 0.9528 -0.0741 0.2945
vn 0.8343 0.0654 0.5474
vn 0.8909 -0.1241 0.4369
vn 0.9647 -0.1949 0.1772
vn 0.5862 -0.1224 0.8009
vn 0.9317 -0.2281 -0.2827
vn 0.4718 -0.2559 -0.8437
vn 0.3832 -0.0746 -0.9206
vn 0.8709 0.0533 -0.4886
vn -0.7822 -0.6032 0.1559
vn 0.7900 -0.4196 0.4470
vn 0.6853 -0.4765 0.5507
vn -0.5201 0.2059 -0.8289
vn -0.2399 -0.0439 -0.9698
vn -0.1368 -0.2376 -0.9617
vn 0.8585 -0.4498 -0.2461
vn 0.7952 -0.4949 -0.3503
vn 0.7070 -0.4515 -0.5443
vn 0.6447 -0.2406 -0.7256
vn 0.0816 -0.5217 -0.8492
vn -0.1776 -0.7718 -0.6106
vn -0.9186 0.2802 0.2786
vn -0.9110 -0.0924 0.4019
vn 0.5622 -0.2055 0.8010
vn 0.1582 -0.0953 0.9828
vn 0.2414 -0.1229 0.9626
vn 0.1476 0.1318 0.9802
vn 0.9193 0.2607 0.2947
vn 0.9896 0.1305 0.0608
vn 0.0447 -0.3232 -0.9453
vn -0.7103 -0.1549 -0.6866
vn 0.0586 -0.4794 -0.8757
vn -0.5594 -0.6704 -0.4875
vn -0.5894 -0.4549 -0.6676
vn 0.7595 0.6463 0.0735
vn 0.9127 0.3756 0.1608
vn 0.9955 -0.0327 -0.0890
vn 0.9174 0.1019 0.3848
vn 0.4464 0.1383 0.8841
vn -0.9039 -0.3455 -0.2524
vn -0.8972 -0.4292 -0.1041
vn 0.8921 -0.2571 -0.3715
vn 0.9140 -0.2753 -0.2982
vn 0.9556 0.2724 -0.1124
vn -0.9665 0.1802 0.1826
vn 0.8452 0.4616 0.2694
vn 0.9699 -0.2402 0.0406
vn 0.9847 -0.1106 0.1347
vn -0.7258 -0.5987 0.3388
vn -0.8027 -0.5869 0.1063
vn 0.6008 0.0442 0.7982
vn -0.7522 -0.2949 0.5893
vn -0.5990 -0.5442 0.5874
vn -0.7009 -0.6075 0.3737
vn -0.5822 -0.7141 0.3888
vn -0.1374 0.0073 0.9905
vn -0.7211 -0.3957 -0.5687
vn -0.7070 -0.5527 -0.4412
vn 0.9933 0.0821 0.0815
vn 0.9546 0.1322 0.2671
vn -0.6298 -0.7617 -0.1525
vn -0.6075 -0.6916 -0.3907
vn -0.7891 -0.5375 -0.2973
vn -0.4833 -0.7690 -0.4183
vn -0.5698 -0.7567 -0.3204
vn 0.1763 -0.8494 -0.4975
vn -0.7599 -0.4442 -0.4745
vn 0.6670 -0.3358 -0.6651
vn 0.9892 -0.1007 -0.1064
vn 0.7929 0.5261 -0.3073
vn 0.8394 0.5434 0.0037
vn -0.1106 -0.8593 0.4993
vn -0.2891 -0.5823 0.7598
vn -0.6310 -0.2918 0.7189
vn -0.1838 -0.5932 0.7838
vn 0.4670 -0.4491 0.7617
vn -0.1093 -0.5943 0.7968
vn -0.5560 -0.2878 -0.7798
vn -0.9492 -0.2567 -0.1820
vn 0.9123 -0.3501 -0.2124
vn -0.5976 -0.0938 -0.7963
vn -0.8079 0.2928 -0.5114
vn 0.5916 -0.8062 0.0034
vn -0.9680 0.2291 -0.1024
vn 0.5042 -0.1245 0.8546
vn -0.2429 -0.7647 -0.5969
vn -0.3757 0.7031 -0.6037
vn 0.1234 -0.6858 -0.7173
vn 0.7458 -0.5008 -0.4393
vn 0.9845 -0.1102 -0.1361
vn 0.9070 -0.3208 -0.2730
vn 0.2850 -0.7053 -0.6490
vn 0.1852 -0.6453 -0.7412
vn 0.7051 -0.4521 -0.5463
vn 0.9363 -0.2921 -0.1949
vn 0.9697 0.1706 -0.1749
vn 0.0421 -0.4747 -0.8791
vn 0.5612 -0.5063 -0.6547
vn 0.6218 -0.6778 0.3923
vn 0.5811 -0.7631 -0.2827
vn 0.6488 -0.7160 0.2576
vn 0.6357 -0.6402 -0.4314
vn 0.4031 -0.6610 -0.6329
vn -0.0397 -0.9876 0.1518
vn 0.5746 -0.8032 0.1570
vn 0.7229 -0.4563 -0.5188
vn 0.9541 -0.2422 -0.1761
vn 0.2391 -0.7633 -0.6001
vn -0.6014 -0.4743 -0.6429
vn -0.9666 -0.1407 -0.2140
vn 0.7192 0.1382 0.6810
vn 0.9404 0.2709 0.2055
vn 0.9005 0.0185 0.4344
vn 0.8129 0.4392 0.3825
vn 0.8903 0.1304 0.4363
vn 0.9684 0.0354 0.2468
vn 0.5716 0.4868 0.6605
vn 0.3813 0.1091 0.9180
vn 0.6198 0.2556 0.7420
vn 0.5085 0.5136 0.6911
vn 0.2704 -0.0456 0.9617
vn 0.5832 0.0352 0.8116
vn -0.6720 0.2030 -0.7122
vn 0.7702 0.0320 0.6370
vn 0.7746 -0.3023 0.5555
vn 0.8108 0.3026 0.5010
vn -0.2461 -0.3135 0.9171
vn 0.0794 0.3287 0.9411
vn 0.0461 0.5539 0.8313
vn 0.0926 0.3811 0.9199
vn 0.1745 0.4695 0.8655
vn 0.1471 0.6231 0.7682
vn 0.1191 0.6645 0.7377
vn 0.1949 0.2554 0.9470
vn 0.0698 0.2108 0.9750
vn -0.0270 0.1100 0.9936
vn 0.0910 0.0365 0.9952
vn 0.0765 0.0353 0.9964
vn -0.0300 -0.0501 0.9983
vn -0.6195 -0.7413 0.2582
vn 0.4173 -0.8360 0.3563
vn 0.5595 -0.7590 0.3329
vn -0.1244 -0.1721 0.9772
vn 0.1146 -0.2642 0.9576
vn -0.0212 -0.2339 0.9720
vn 0.1113 -0.5874 0.8016
vn 0.3118 -0.7700 0.5567
vn 0.1355 -0.7472 0.6506
vn -0.2968 -0.5670 0.7684
vn -0.3350 -0.7834 0.5236
vn 0.3747 -0.7482 0.5476
vn 0.7610 0.4148 0.4989
vn 0.9829 -0.1034 -0.1524
vn 0.5645 0.0168 -0.8253
vn 0.7445 0.1215 -0.6564
vn 0.1845 0.1730 -0.9675
vn 0.2761 0.3337 -0.9013
vn -0.3893 0.4397 -0.8094
vn -0.3993 0.2723 -0.8755
vn -0.8090 0.2021 -0.5520
vn -0.9889 0.1368 -0.0574
vn 0.9304 -0.2868 0.2282
vn 0.5646 0.5524 0.6132
vn 0.7311 0.4937 0.4709
vn 0.6097 0.7847 -0.1118
vn 0.5820 0.7887 -0.1979
vn 0.6927 0.7110 -0.1212
vn 0.8485 0.5231 -0.0796
vn 0.8235 -0.4998 -0.2685
vn 0.7928 -0.5887 0.1576
vn 0.9047 0.4200 -0.0719
vn 0.9235 0.3822 0.0316
vn 0.9377 -0.3033 0.1696
vn 0.8889 0.1610 -0.4289
vn 0.7225 -0.4446 0.5295
vn 0.0728 -0.2846 -0.9559
vn -0.3402 0.9108 -0.2339
vn 0.1899 0.9575 0.2169
vn 0.0010 0.4726 -0.8813
vn 0.1583 -0.4446 0.8816
vn 0.2267 -0.8328 0.5051
vn 0.3081 -0.8395 0.4476
vn 0.2376 -0.8807 -0.4098
vn 0.2946 -0.8276 -0.4778
vn -0.9521 0.2038 -0.2281
vn -0.9938 0.0742 -0.0824
vn -0.9993 0.0381 -0.0040
vn -0.9193 0.3925 -0.0289
vn -0.9690 -0.1149 -0.2187
vn -0.8698 0.0445 -0.4915
vn -0.9518 -0.2726 -0.1408
vn 0.9938 -0.0407 -0.1030
vn 0.9945 -0.0341 -0.0992
vn 0.9538 0.1534 -0.2585
vn 0.9207 0.3385 -0.1940
vn 0.9594 -0.1364 -0.2470
vn 0.8576 0.0120 -0.5142
vn 0.8904 -0.2188 -0.3990
vn -0.0091 -0.3556 -0.9346
vn 0.1891 0.8573 -0.4788
vn -0.0058 0.9582 -0.2862
vn 0.1292 0.3493 -0.9281
vn -0.1187 -0.3937 0.9115
vn -0.8115 -0.4948 0.3110
vn -0.6112 -0.4091 0.6775
vn -0.0902 -0.8919 0.4432
vn -0.7528 -0.6139 0.2373
vn -0.0979 -0.8890 0.4473
vn -0.1207 -0.9829 0.1392
vn -0.1620 -0.9821 0.0961
vn -0.7494 -0.6428 0.1591
vn -0.9170 0.3150 -0.2446
vn -0.8575 0.5105 -0.0637
vn -0.8474 0.0890 -0.5235
vn 0.9600 -0.0278 0.2786
vn 0.9847 -0.0119 0.1738
vn 0.9592 0.2319 0.1616
vn 0.7579 0.4403 0.4814
vn 0.9954 -0.0589 0.0755
vn 0.9919 0.0702 -0.1061
vn 0.9982 -0.0510 0.0323
vn 0.2897 -0.1569 -0.9442
vn -0.0547 0.9823 0.1790
vn -0.0338 0.8640 0.5024
vn 0.2062 0.6063 -0.7681
vn -0.8937 0.2589 -0.3664
vn -0.7365 -0.5725 -0.3604
vn -0.5874 -0.5099 -0.6285
vn -0.8742 0.4853 -0.0162
vn -0.9376 -0.3090 -0.1597
vn -0.7609 0.1409 -0.6334
vn -0.8511 -0.3952 0.3457
vn -0.5595 -0.7766 0.2896
vn -0.0966 -0.8943 -0.4370
vn 0.2720 -0.8784 -0.3929
vn 0.8491 -0.0418 0.5266
vn 0.9043 0.0104 0.4268
vn 0.9179 0.3027 0.2564
vn 0.7248 0.5135 0.4593
vn 0.9656 -0.0652 0.2519
vn 0.9741 0.1772 -0.1403
vn 0.9892 -0.0312 0.1433
vn 0.3148 -0.1816 -0.9316
vn 0.0209 0.9929 -0.1170
vn -0.1749 0.9820 0.0717
vn 0.2413 0.5239 -0.8169
vn -0.7540 0.3270 -0.5697
vn -0.5278 -0.7956 -0.2974
vn -0.7263 -0.3142 -0.6114
vn -0.8180 0.5019 -0.2811
vn -0.8765 -0.3610 -0.3185
vn -0.5423 0.1118 -0.8327
vn -0.8795 -0.4413 0.1782
vn -0.4984 -0.7472 0.4395
vn -0.2331 -0.9719 0.0342
vn 0.1232 -0.9084 -0.3996
vn 0.8874 -0.0687 0.4558
vn 0.9254 0.3172 0.2075
vn 0.8419 0.3930 0.3698
vn 0.8406 -0.1319 0.5254
vn 0.9315 -0.1028 0.3489
vn 0.9964 0.0835 0.0121
vn 0.9118 -0.2279 0.3415
vn 0.3581 -0.3161 -0.8785
vn 0.1922 0.9266 -0.3232
vn -0.4557 0.8135 -0.3613
vn 0.2521 0.4526 -0.8553
vn -0.7577 0.2528 -0.6017
vn -0.7049 -0.6497 -0.2848
vn -0.7409 -0.5682 -0.3582
vn -0.8125 0.3037 -0.4977
vn -0.8654 -0.3381 -0.3698
vn -0.6587 0.0249 -0.7520
vn -0.9090 -0.4116 0.0662
vn -0.5251 -0.7684 0.3658
vn -0.2625 -0.9636 0.0512
vn -0.1191 -0.9771 0.1763
vn 0.0265 -0.2386 -0.9708
vn 0.2694 -0.3032 -0.9141
vn 0.4019 -0.4086 -0.8195
vn 0.5552 -0.4544 -0.6966
vn 0.7653 -0.4134 -0.4934
vn 0.9573 -0.2891 -0.0074
vn 0.5510 0.8302 -0.0847
vn 0.7480 -0.6557 -0.1024
vn 0.4641 -0.8545 -0.2331
vn 0.8253 -0.5591 0.0797
vn 0.4906 -0.8622 0.1264
vn 0.8493 -0.5183 -0.1003
vn 0.4739 -0.8627 -0.1767
vn 0.5604 0.8271 -0.0439
vn 0.4168 0.8805 0.2257
vn 0.6016 0.6968 0.3906
vn 0.7379 0.6257 0.2529
vn 0.9437 0.3295 0.0303
vn 0.9956 -0.0253 0.0901
vn 0.6551 0.5557 0.5118
vn 0.8647 0.4566 0.2095
vn 0.9319 -0.3318 0.1465
vn 0.7544 0.6539 0.0584
vn 0.4747 0.8701 -0.1324
vn 0.8334 0.5523 0.0195
vn 0.5822 0.8130 -0.0098
vn 0.8428 -0.0200 -0.5379
vn 0.8943 -0.1664 -0.4153
vn 0.8305 -0.5074 0.2297
vn 0.8966 -0.4260 0.1209
vn -0.5880 -0.2031 0.7829
vn -0.2982 -0.2360 0.9249
vn 0.1219 -0.3273 0.9370
vn 0.4817 0.2068 -0.8516
vn -0.2690 -0.9138 0.3044
vn 0.0147 -0.9843 0.1760
vn 0.0113 -0.9465 0.3226
vn -0.3143 -0.8440 0.4346
vn -0.8895 -0.4562 -0.0265
vn -0.4656 -0.6052 0.6457
vn -0.1581 -0.9561 0.2469
vn -0.6549 -0.7549 -0.0337
vn 0.7265 -0.5104 0.4600
vn 0.2768 -0.7648 0.5817
vn 0.4206 -0.5124 0.7488
vn -0.8654 -0.0618 -0.4973
vn -0.8234 -0.1864 -0.5359
vn -0.8983 -0.0630 -0.4348
vn -0.0169 -0.1083 0.9940
vn 0.5293 -0.2108 0.8218
vn 0.1582 -0.0749 0.9846
vn -0.0176 -0.0736 0.9971
vn -0.1286 -0.5261 -0.8406
vn 0.0248 -0.4110 -0.9113
vn 0.0256 -0.4995 -0.8659
vn -0.1552 -0.5558 -0.8167
vn -0.8135 -0.5120 -0.2759
vn -0.9078 -0.1295 0.3989
vn -0.9114 -0.1416 0.3863
vn -0.3813 -0.8639 0.3289
vn -0.3877 -0.9138 -0.1212
vn 0.9516 -0.2496 0.1795
vn 0.3213 -0.7650 0.5581
vn 0.8538 -0.2885 0.4332
vn -0.1290 -0.9910 -0.0366
vn -0.3623 -0.6281 0.6886
vn -0.7215 -0.5566 0.4117
vn -0.8937 -0.4350 0.1102
vn -0.5837 -0.6952 0.4196
vn -0.6419 -0.7436 0.1868
vn -0.8855 -0.4572 -0.0822
vn -0.8851 0.0964 -0.4554
vn -0.7491 -0.0082 -0.6624
vn -0.0385 0.3563 -0.9336
vn -0.2669 0.6652 -0.6974
vn -0.8987 -0.3750 -0.2275
vn -0.7514 -0.0947 -0.6530
vn -0.4397 -0.8678 -0.2315
vn -0.8813 -0.4724 -0.0103
vn 0.0255 0.8658 -0.4997
vn 0.4558 0.8355 -0.3068
vn -0.0715 0.9860 -0.1505
vn -0.3534 0.7084 -0.6109
vn -0.0393 0.0112 -0.9992
vn -0.0362 0.8843 -0.4655
vn 0.1036 0.3294 -0.9385
vn -0.1275 -0.7853 -0.6058
vn -0.4452 0.8345 -0.3247
vn -0.4532 0.2942 -0.8415
vn -0.5566 0.1457 -0.8179
vn -0.9451 0.0060 -0.3267
vn -0.7292 0.1722 -0.6623
vn -0.7947 0.3589 -0.4895
vn -0.9593 0.1376 -0.2468
vn -0.9787 0.0137 -0.2047
vn -0.6841 0.4444 -0.5785
vn -0.5507 0.6298 -0.5479
vn -0.9179 0.2060 -0.3391
vn -0.7515 0.2942 -0.5906
vn -0.5333 0.4679 -0.7048
vn -0.3857 0.6783 -0.6254
vn 0.1513 -0.4116 0.8987
vn -0.2702 0.4602 -0.8457
vn 0.2925 0.6374 -0.7128
vn -0.9154 -0.3835 0.1227
vn -0.5362 -0.8322 0.1411
vn -0.9978 -0.0049 0.0654
vn -0.9999 -0.0163 0.0024
vn -0.0996 -0.9335 0.3445
vn -0.0121 -0.9959 0.0900
vn 0.8582 -0.0884 0.5057
vn 0.7715 -0.0361 0.6352
vn 0.7844 -0.1167 0.6092
vn 0.8039 0.0523 0.5925
vn 0.8727 -0.4792 -0.0937
vn 0.8778 -0.4671 -0.1059
vn 0.8930 -0.4316 -0.1275
vn -0.9994 -0.0240 -0.0252
vn -0.9958 0.0039 -0.0916
vn -0.9940 -0.1040 0.0343
vn -0.6376 0.3107 0.7049
vn -0.6363 0.3253 0.6995
vn -0.6275 0.3715 0.6842
vn -0.5475 -0.7930 0.2673
vn 0.9288 -0.3332 0.1621
vn 0.8816 -0.3847 0.2735
vn 0.9716 -0.1853 0.1474
vn 0.9631 -0.1969 0.1837
vn -0.2042 -0.6806 -0.7036
vn -0.1807 -0.7161 -0.6742
vn -0.1900 -0.7558 -0.6266
vn 0.9292 0.3665 -0.0470
vn 0.9113 0.4094 -0.0448
vn 0.9187 0.3874 -0.0771
vn 0.7352 -0.2915 -0.6120
vn 0.7314 -0.3958 -0.5554
vn 0.7560 -0.3557 -0.5495
vn -0.9629 -0.0820 -0.2571
vn -0.9701 -0.1198 -0.2109
vn -0.9630 -0.1455 -0.2268
vn -0.3816 0.8776 0.2901
vn -0.3865 0.8935 0.2286
vn -0.3762 0.8949 0.2400
vn 0.7917 0.4400 -0.4238
vn 0.7133 0.5622 -0.4184
vn 0.7059 0.5321 -0.4676
vn -0.2784 -0.5633 -0.7779
vn -0.2755 -0.6783 -0.6812
vn -0.2217 -0.7077 -0.6709
vn -0.1342 0.5619 -0.8163
vn -0.8450 0.1652 -0.5087
vn -0.6877 0.1439 -0.7116
vn 0.1621 0.3923 -0.9054
vn -0.9806 -0.1905 0.0466
vn -0.9835 -0.1764 0.0401
vn -0.9867 0.0260 -0.1607
vn 0.9516 0.2926 -0.0936
vn 0.7869 0.4379 -0.4347
vn 0.8642 0.4127 -0.2878
vn 0.9705 -0.2003 0.1343
vn 0.8439 -0.5213 0.1271
vn 0.9126 -0.1828 0.3657
vn 0.7375 0.0291 0.6747
vn 0.6859 -0.1143 0.7187
vn -0.9842 -0.0079 -0.1770
vn -0.9946 -0.0783 -0.0678
vn 0.7873 -0.5484 0.2818
vn 0.0379 -0.6426 0.7652
vn 0.0880 -0.8691 0.4867
vn 0.0988 -0.8636 0.4944
vn 0.0881 -0.8691 0.4868
vn 0.0773 -0.8744 0.4791
vn -0.1209 -0.0339 -0.9921
vn -0.3487 -0.0416 -0.9363
vn 0.0859 -0.0751 0.9935
vn -0.2001 -0.5354 -0.8206
vn -0.2979 -0.5123 -0.8055
vn -0.9676 -0.2513 -0.0257
vn 0.9130 0.3242 -0.2477
vn 0.7592 0.5649 -0.3233
vn 0.6610 0.6251 -0.4151
vn 0.8551 0.3894 -0.3423
vn 0.8477 0.3958 -0.3531
vn 0.2505 0.7193 -0.6479
vn 0.7000 0.6378 -0.3212
vn -0.3020 0.6796 -0.6685
vn -0.9880 -0.1529 -0.0217
vn 0.7659 -0.2004 0.6109
vn 0.7926 -0.2747 0.5443
vn 0.8613 -0.5023 -0.0765
vn 0.8616 -0.5028 -0.0693
vn -0.9864 0.0580 -0.1537
vn -0.9732 0.0594 -0.2222
vn -0.6416 0.2798 0.7142
vn -0.6399 0.2812 0.7152
vn -0.2104 -0.6400 -0.7390
vn -0.2496 -0.6045 -0.7565
vn 0.0253 -0.8715 -0.4898
vn 0.0250 -0.8892 -0.4568
vn -0.0044 0.8239 -0.5667
vn 0.0237 -0.3107 -0.9502
vn 0.6524 0.0454 0.7565
vn 0.7184 -0.6930 0.0607
vn -0.9632 0.0363 -0.2662
vn 0.0221 -0.1870 -0.9821
vn 0.0207 -0.0974 -0.9950
vn 0.8410 0.4027 -0.3614
vn 0.9185 0.3935 -0.0401
vn -0.0126 0.9632 -0.2686
vn -0.0205 0.9926 0.1200
vn 0.8119 0.2492 -0.5279
vn 0.9447 0.0654 -0.3215
vn 0.8920 0.4515 0.0201
vn 0.9015 0.4306 -0.0436
vn 0.6774 -0.4732 -0.5632
vn 0.7255 -0.4461 -0.5241
vn -0.9613 -0.1770 -0.2113
vn -0.9460 -0.1962 -0.2580
vn -0.4069 0.8901 0.2056
vn -0.3884 0.9001 0.1975
vn -0.1903 -0.7707 -0.6082
vn -0.1128 -0.7577 -0.6428
vn 0.9946 -0.0169 -0.1024
vn 0.9953 -0.0022 -0.0972
vn 0.9937 -0.0314 -0.1076
vn -0.1896 -0.5085 -0.8400
vn 0.0085 -0.9026 0.4305
vn 0.6421 -0.6900 0.3341
vn 0.3869 -0.6277 0.6755
vn -0.0004 -0.7076 0.7066
vn 0.4411 -0.3108 0.8419
vn -0.0090 -0.4390 0.8984
vn 0.5490 -0.8222 0.1501
vn 0.0158 -0.9921 0.1245
vn 0.4791 -0.8769 0.0394
vn 0.0171 -0.9978 0.0643
vn 0.8477 -0.5300 0.0220
vn 0.0202 -0.9950 -0.0981
vn 0.6057 -0.7823 -0.1452
vn 0.8022 -0.5964 0.0292
vn 0.0140 -0.9781 0.2076
vn 0.8154 0.3421 -0.4670
vn -0.0007 0.7355 -0.6775
vn -0.0005 0.7322 -0.6811
vn -0.0036 0.8068 -0.5908
vn -0.0028 0.7883 -0.6153
vn 0.8345 -0.3388 -0.4346
vn 0.0120 0.4011 -0.9160
vn 0.7722 -0.6350 0.0228
vn -0.1226 -0.9888 0.0853
vn 0.2390 -0.9494 0.2040
vn -0.7534 -0.6241 0.2070
vn 0.1959 -0.1259 0.9725
vn 0.8860 0.3249 -0.3308
vn -0.5261 -0.6735 0.5193
vn -0.5259 -0.7546 0.3925
vn 0.0064 -0.8654 0.5011
vn 0.0034 -0.7911 0.6117
vn -0.5769 -0.6969 0.4260
vn 0.0067 -0.8714 0.4905
vn 0.0062 -0.8642 0.5031
vn -0.6407 -0.6641 0.3854
vn 0.0038 0.6123 -0.7906
vn 0.0066 0.5224 -0.8526
vn -0.1150 0.5127 -0.8508
vn 0.0862 0.6025 -0.7934
vn -0.0058 0.8546 -0.5193
vn -0.0026 0.7991 -0.6012
vn 0.3323 0.7474 -0.5753
vn 0.2068 0.8401 -0.5015
vn 0.0109 -0.9418 0.3361
vn -0.5123 -0.8166 0.2659
vn 0.0069 0.5125 -0.8586
vn -0.1501 0.4556 -0.8774
vn -0.9891 -0.0364 -0.1425
vn -0.7151 0.1897 -0.6728
vn -0.9950 -0.0997 -0.0034
vn -0.9885 0.1091 -0.1050
vn -0.3389 0.5324 -0.7757
vn -0.4386 0.4637 -0.7698
vn -0.4833 0.6489 -0.5877
vn -0.4911 0.7354 -0.4668
vn -0.5002 -0.7310 0.4642
vn 0.0044 -0.8238 0.5668
vn -0.0004 0.7097 -0.7045
vn 0.2234 0.7141 -0.6634
vn -0.9352 -0.3495 0.0566
vn -0.3280 0.6701 -0.6658
vn -0.6407 -0.7244 0.2546
vn 0.0106 -0.9246 0.3807
vn 0.2316 0.9272 -0.2944
vn -0.0117 0.9521 -0.3056
vn -0.9904 -0.1182 0.0716
vn -0.4770 0.8311 -0.2860
vn -0.6080 -0.7417 0.2833
vn 0.0080 -0.8946 0.4468
vn 0.2466 0.9471 -0.2053
vn -0.0136 0.9740 -0.2260
vn -0.9102 -0.3801 0.1646
vn -0.4867 0.8549 -0.1796
vn -0.5467 0.8366 -0.0340
vn -0.0257 0.9920 -0.1237
vn -0.0234 0.9800 -0.1974
vn -0.5364 0.8404 -0.0772
vn -0.0139 0.9179 -0.3966
vn -0.3088 0.8948 -0.3224
vn -0.6167 0.7822 -0.0886
vn -0.6983 0.7108 0.0846
vn -0.8107 0.5782 0.0913
vn -0.8598 0.4727 0.1930
vn -0.8953 0.4360 0.0914
vn -0.8849 0.4196 0.2021
vn -0.6756 0.7317 0.0898
vn -0.8067 0.5447 0.2292
vn -0.8840 0.2873 0.3687
vn -0.5581 0.7066 -0.4350
vn -0.7101 0.3244 -0.6249
vn -0.8021 0.3697 -0.4689
vn -0.4865 0.7238 -0.4893
vn -0.3232 0.8244 -0.4647
vn -0.3922 0.8665 -0.3087
vn -0.0148 0.9260 -0.3771
vn -0.0084 0.8680 -0.4966
vn -0.9349 -0.1128 -0.3365
vn -0.7866 0.4355 -0.4377
vn -0.8546 -0.0309 -0.5184
vn -0.7415 0.5720 -0.3507
vn -0.7926 0.3733 -0.4820
vn -0.0176 0.9464 -0.3224
vn -0.0309 0.9991 -0.0288
vn -0.4297 0.8965 -0.1075
vn -0.3354 0.8723 -0.3559
vn -0.8987 0.0957 -0.4280
vn -0.5087 0.7860 -0.3513
vn -0.5196 0.6605 -0.5420
vn -0.4870 0.6714 -0.5585
vn -0.0016 0.8043 -0.5942
vn -0.0000 0.7964 -0.6047
vn -0.5860 -0.5326 -0.6108
vn -0.7379 -0.5412 -0.4034
vn -0.5458 -0.7645 -0.3429
vn -0.4803 -0.5770 -0.6606
vn -0.9576 0.0647 -0.2808
vn -0.8834 -0.1732 -0.4354
vn -0.7866 -0.0158 -0.6172
vn -0.8275 0.2901 -0.4807
vn -0.8457 0.3871 -0.3674
vn -0.8065 0.3799 -0.4529
vn -0.3909 -0.7237 -0.5687
vn -0.5819 -0.7539 -0.3049
vn 0.0398 -0.9735 -0.2250
vn 0.0384 -0.8754 -0.4819
vn -0.1798 -0.8322 -0.5246
vn -0.4436 -0.6922 -0.5693
vn -0.0078 0.8647 -0.5022
vn -0.5636 0.6778 -0.4721
vn -0.7025 0.4122 -0.5802
vn -0.5904 -0.5811 -0.5602
vn -0.7934 -0.2227 -0.5665
vn -0.6627 0.2891 -0.6908
vn 0.0443 -0.8813 -0.4705
vn -0.0012 0.7801 -0.6257
vn -0.4248 0.7133 -0.5574
vn -0.6305 -0.7760 -0.0201
vn -0.8960 -0.3809 -0.2284
vn -0.9447 -0.3068 -0.1159
vn -0.9809 0.1297 -0.1453
vn -0.8129 0.4839 -0.3240
vn 0.0131 -0.9741 0.2258
vn -0.6024 -0.7970 0.0425
vn -0.7142 -0.2675 -0.6468
vn -0.7614 0.1515 -0.6303
vn -0.9241 -0.1130 -0.3650
vn -0.8489 -0.3548 -0.3917
vn -0.6836 -0.3424 -0.6446
vn -0.8449 -0.3827 -0.3738
vn -0.6040 -0.6631 -0.4422
vn -0.5051 -0.5820 -0.6374
vn -0.4091 -0.5122 -0.7552
vn -0.4972 -0.7689 -0.4021
vn 0.0328 -0.6646 -0.7464
vn 0.0266 -0.3578 -0.9334
vn -0.5949 0.4502 -0.6659
vn -0.4134 0.6310 -0.6565
vn -0.4953 0.7923 -0.3562
vn -0.8396 0.4817 -0.2512
vn 0.0047 0.6727 -0.7399
vn -0.0105 0.9419 -0.3356
vn -0.6069 -0.0106 -0.7947
vn -0.5821 0.3834 -0.7171
vn -0.4970 -0.3801 -0.7801
vn -0.5028 -0.5784 -0.6423
vn -0.5998 -0.4587 -0.6555
vn -0.5656 -0.2011 -0.7998
vn 0.0370 -0.5211 -0.8527
vn -0.4442 0.5682 -0.6927
vn 0.0042 0.6918 -0.7221
vn -0.8652 -0.3757 -0.3320
vn -0.8804 -0.1805 -0.4384
vn -0.8526 -0.4831 -0.1993
vn 0.0294 -0.9910 -0.1305
vn -0.5945 -0.7908 -0.1458
vn -0.7365 -0.6512 -0.1830
vn -0.9265 -0.2551 -0.2765
vn -0.8321 0.5536 -0.0333
vn 0.0239 0.9986 -0.0479
vn -0.9322 0.3362 -0.1341
vn -0.0116 0.9564 -0.2918
vn -0.4762 0.8782 -0.0459
vn -0.8693 0.4938 -0.0211
vn -0.4154 0.6209 -0.6648
vn -0.8108 0.1540 -0.5647
vn -0.9404 -0.1124 -0.3210
vn -0.2951 0.6232 -0.7243
vn -0.2037 0.9787 -0.0240
vn 0.1260 0.8922 -0.4337
vn -0.6928 0.4369 -0.5737
vn -0.8597 0.2354 -0.4534
vn -0.2442 0.4934 -0.8348
vn -0.8851 -0.4139 0.2128
vn -0.3681 0.3891 -0.8445
vn -0.0532 -0.0205 -0.9984
vn -0.4049 -0.6180 -0.6739
vn -0.7963 -0.3509 -0.4927
vn -0.9399 -0.2359 0.2467
vn -0.9916 0.0102 0.1286
vn -0.6085 -0.3364 0.7187
vn -0.9927 -0.0299 -0.1168
vn -0.4487 0.1888 -0.8735
vn -0.6770 -0.2738 -0.6831
vn -0.3545 -0.9259 -0.1303
vn -0.8152 -0.4606 0.3513
vn -0.6198 -0.7768 0.1111
vn -0.7491 -0.3888 -0.5364
vn -0.7224 -0.3700 -0.5842
vn -0.7091 -0.2266 -0.6676
vn -0.5134 -0.3201 -0.7962
vn -0.7226 -0.6302 -0.2841
vn -0.8264 -0.4582 -0.3272
vn -0.6181 -0.7850 -0.0426
vn -0.5300 -0.6856 -0.4991
vn -0.9137 -0.1642 -0.3716
vn -0.8172 -0.5574 -0.1469
vn -0.5593 0.1519 -0.8150
vn -0.4425 0.6498 -0.6181
vn -0.0399 -0.6584 -0.7516
vn -0.3969 0.5508 -0.7343
vn 0.1661 0.5570 -0.8137
vn -0.9417 -0.1505 -0.3009
vn -0.5499 -0.8308 0.0862
vn 0.5793 -0.4482 -0.6809
vn 0.3376 -0.9268 -0.1643
vn -0.4107 -0.7385 -0.5347
vn -0.6019 -0.6526 -0.4603
vn -0.5351 -0.5285 -0.6590
vn -0.2334 -0.8451 -0.4809
vn -0.7685 0.4558 0.4490
vn -0.4812 0.4900 0.7269
vn -0.1795 0.9070 0.3809
vn -0.6879 -0.5544 -0.4684
vn -0.6932 -0.5878 -0.4172
vn -0.8350 -0.5221 -0.1738
vn -0.9107 -0.3319 -0.2457
vn -0.6772 -0.5026 -0.5374
vn -0.7320 -0.4224 -0.5345
vn 0.4111 0.3399 -0.8458
vn -0.4413 -0.1875 -0.8775
vn -0.2538 -0.2940 -0.9215
vn -0.4651 -0.0905 -0.8806
vn -0.2582 -0.1792 -0.9493
vn -0.2105 -0.0554 -0.9760
vn -0.6174 -0.5357 -0.5760
vn -0.5207 -0.2190 -0.8252
vn -0.7912 -0.2158 -0.5722
vn 0.2583 0.6919 -0.6742
vn -0.4185 -0.9072 -0.0443
vn 0.8150 0.1424 -0.5616
vn 0.6790 -0.6875 0.2576
vn -0.5418 -0.7398 0.3990
vn -0.8131 -0.5814 0.0306
vn 0.2137 -0.8667 0.4506
vn -0.7451 -0.0006 -0.6670
vn 0.3436 0.7450 -0.5718
vn 0.2863 0.8274 -0.4832
vn -0.5516 -0.2505 -0.7956
vn -0.8917 -0.0546 -0.4494
vn -0.8375 -0.5333 -0.1192
vn -0.9408 -0.3345 0.0551
vn 0.5470 0.4598 -0.6996
vn -0.7081 0.2403 -0.6640
vn 0.3997 0.6861 -0.6079
vn 0.8823 0.3997 -0.2485
vn 0.3402 0.7766 -0.5303
vn 0.5043 0.6553 -0.5623
vn 0.9959 -0.0139 -0.0893
vn 0.9579 0.2815 -0.0558
vn 0.9760 -0.1518 0.1563
vn 0.9048 -0.3770 0.1983
vn -0.6613 -0.2891 -0.6921
vn -0.4581 -0.7024 -0.5447
vn -0.7935 -0.5825 -0.1760
vn -0.8603 -0.1151 -0.4966
vn -0.9767 -0.0639 -0.2048
vn -0.9329 -0.0185 -0.3598
vn -0.4319 0.6987 -0.5704
vn -0.4013 -0.0821 -0.9122
vn -0.6459 -0.3201 -0.6930
vn -0.8994 0.2117 -0.3825
vn -0.2339 -0.3163 -0.9194
vn -0.8288 -0.2198 -0.5146
vn 0.2412 -0.6285 -0.7395
vn -0.6915 -0.2523 -0.6769
vn -0.9305 -0.0307 -0.3650
vn -0.8038 -0.2210 -0.5523
vn -0.6376 -0.2874 -0.7148
vn -0.8083 0.2510 -0.5326
vn -0.6636 0.0681 -0.7450
vn 0.3311 -0.6743 -0.6600
vn -0.6304 -0.5202 -0.5762
vn -0.2979 0.2182 -0.9293
vn -0.1493 -0.4722 -0.8688
vn -0.8100 0.2600 -0.5256
vn -0.8549 -0.0408 -0.5172
vn -0.9405 -0.0504 -0.3359
vn 0.1980 -0.9792 -0.0437
vn -0.8702 -0.2977 -0.3927
vn -0.7568 -0.1710 -0.6308
vn -0.7263 -0.0314 -0.6867
vn -0.8360 0.1060 -0.5384
vn -0.8644 -0.1319 -0.4852
vn -0.0417 0.1621 -0.9859
vn 0.1866 0.1962 -0.9626
vn 0.1766 0.3251 -0.9290
vn -0.7489 0.3461 -0.5652
vn -0.2339 0.5709 -0.7870
vn -0.3677 0.7504 -0.5492
vn -0.8335 0.2718 -0.4811
vn -0.3675 0.4372 -0.8209
vn -0.2700 -0.6993 -0.6619
vn 0.9948 -0.0876 0.0514
vn 0.4582 0.4562 -0.7628
vn 0.7409 -0.4792 0.4705
vn 0.7996 -0.3083 0.5153
vn 0.9584 -0.1411 0.2480
vn 0.1207 -0.8953 0.4288
vn 0.1306 -0.8250 0.5499
vn -0.1916 -0.7727 -0.6051
vn 0.1652 -0.8999 -0.4036
vn 0.2458 -0.7623 0.5988
vn 0.3283 -0.7761 0.5384
vn -0.7550 -0.6534 0.0549
vn 0.5378 -0.5451 0.6431
vn 0.3214 -0.8094 0.4915
vn 0.8320 -0.0049 0.5548
vn -0.5335 0.5436 -0.6480
vn -0.8970 0.0572 -0.4383
vn -0.9395 -0.1903 -0.2847
vn -0.9806 -0.0922 -0.1730
vn -0.9187 -0.1581 -0.3619
vn -0.7813 -0.2190 -0.5845
vn -0.8193 0.1726 -0.5468
vn -0.8784 0.1227 -0.4619
vn -0.1653 0.7637 -0.6241
vn -0.7438 0.2750 -0.6092
vn 0.3375 0.9396 -0.0571
vn 0.2389 0.7984 -0.5527
vn -0.1986 0.7605 -0.6182
vn -0.1850 0.8305 -0.5254
vn -0.1961 0.8891 -0.4136
vn -0.3495 0.6931 -0.6305
vn -0.2438 0.7710 -0.5883
vn -0.5369 0.4899 -0.6869
vn -0.7248 0.4204 -0.5459
vn -0.3316 0.7045 -0.6275
vn -0.0336 0.8427 -0.5373
vn -0.8184 0.3538 -0.4529
vn -0.7868 0.5444 -0.2908
vn -0.6934 0.5896 -0.4142
vn -0.6707 0.6925 -0.2657
vn -0.7023 0.5832 -0.4081
vn -0.6346 0.5876 -0.5021
vn -0.7790 0.5839 -0.2287
vn -0.7504 -0.1763 0.6371
vn -0.9193 -0.3638 0.1503
vn -0.7737 -0.5845 0.2443
vn -0.4502 0.6475 -0.6148
vn -0.5658 0.6032 -0.5622
vn -0.5106 0.5805 -0.6343
vn -0.2819 0.7149 -0.6399
vn -0.8677 -0.4834 0.1158
vn 0.4103 0.4615 -0.7866
vn -0.2187 0.5861 -0.7801
vn -0.6659 0.3536 -0.6569
vn -0.4346 0.7072 -0.5577
vn -0.6562 0.3775 -0.6533
vn -0.3949 0.4771 -0.7851
vn -0.5059 0.4157 -0.7558
vn -0.8933 -0.0836 -0.4416
vn 0.7002 0.4021 -0.5900
vn -0.2571 0.4233 -0.8688
vn 0.0778 0.6574 -0.7495
vn 0.2413 0.0566 0.9688
vn -0.4045 0.5320 -0.7439
vn -0.3268 0.5465 -0.7710
vn -0.5302 0.5424 -0.6517
vn -0.5307 0.5028 -0.6823
vn -0.5295 0.6320 -0.5658
vn -0.6920 -0.2919 -0.6602
vn -0.5678 -0.5914 -0.5725
vn -0.5365 -0.5093 -0.6729
vn -0.5989 -0.2885 -0.7470
vn -0.5937 0.4768 -0.6482
vn -0.7778 -0.4737 -0.4131
vn -0.5716 -0.7620 -0.3045
vn -0.3679 -0.7186 -0.5901
vn -0.4432 -0.6170 -0.6502
vn -0.6555 -0.0351 -0.7544
vn -0.6310 0.3093 -0.7115
vn -0.3594 0.0727 -0.9304
vn -0.4060 -0.6331 -0.6590
vn -0.2632 -0.9371 -0.2292
vn -0.0745 -0.9953 0.0615
vn -0.7938 -0.4261 -0.4339
vn -0.9055 -0.3321 -0.2644
vn -0.8531 -0.4988 -0.1533
vn -0.9099 -0.3647 -0.1977
vn -0.8271 0.0215 -0.5616
vn -0.6785 -0.0047 -0.7346
vn -0.6904 0.0677 -0.7202
vn -0.8087 -0.1389 -0.5715
vn -0.6817 -0.3456 -0.6449
vn -0.4879 -0.1802 -0.8541
vn 0.0017 0.6721 -0.7404
vn -0.0083 0.9013 -0.4331
vn 0.0107 0.3734 -0.9276
vn -0.0058 0.8545 -0.5194
vn 0.0024 0.6526 -0.7577
vn 0.0254 -0.4803 -0.8767
vn -0.2541 -0.2397 -0.9370
vn 0.3370 0.9397 -0.0583
vn -0.0941 0.6625 -0.7432
vn 0.0016 0.6745 -0.7383
vn 0.0021 0.6602 -0.7510
vn -0.0079 0.8933 -0.4494
vn 0.0023 0.6563 -0.7545
vn 0.0124 0.3091 -0.9510
vn 0.0066 0.5219 -0.8530
vn 0.0066 0.5213 -0.8534
vn -0.0181 -0.0470 0.9987
vn 0.0122 0.8467 -0.5320
vn -0.0060 0.8415 -0.5403
vn -0.0143 0.9805 -0.1959
vn 0.4705 0.8796 -0.0703
vn 0.0011 0.6844 -0.7291
vn 0.0050 0.5727 -0.8198
vn 0.0282 -0.5732 -0.8189
vn 0.0243 -0.2742 -0.9614
vn 0.0115 0.3452 -0.9385
vn -0.7540 -0.4166 -0.5078
vn -0.5927 0.4744 -0.6509
vn -0.8044 -0.5698 0.1683
vn -0.7277 -0.5141 0.4542
vn 0.0199 -0.9961 -0.0857
vn -0.5590 -0.8270 0.0603
vn -0.5245 -0.7827 -0.3350
vn 0.0255 -0.8609 -0.5082
vn -0.8067 -0.5897 0.0374
vn 0.0195 -0.9631 0.2686
vn 0.0381 -0.9178 -0.3953
vn 0.9292 0.3407 -0.1434
vn 0.7827 0.5451 -0.3003
vn 0.6663 0.6108 -0.4277
vn -0.9432 -0.3266 -0.0601
vn -0.8175 -0.5211 0.2452
vn 0.6186 0.6720 -0.4071
vn 0.5220 0.6265 -0.5787
vn 0.3802 0.5403 -0.7507
vn -0.0007 -0.7076 0.7066
vn 0.1755 0.5097 -0.8422
vn 0.7744 0.5089 -0.3758
vn -0.0747 0.4554 -0.8872
vn -0.5259 -0.6574 0.5398
vn -0.6579 -0.6489 -0.3822
vn 0.0877 -0.4693 -0.8787
vn -0.4353 -0.7347 -0.5203
vn 0.0254 -0.8683 -0.4954
vn 0.0262 -0.6061 -0.7949
vn 0.6863 0.7088 -0.1628
vn -0.5229 0.4819 -0.7031
vn -0.8452 -0.3364 -0.4152
vn -0.8663 0.1463 -0.4777
vn -0.7101 -0.0425 -0.7028
vn -0.2446 0.8468 -0.4724
vn -0.9722 0.0240 -0.2329
vn -0.5826 -0.8101 -0.0659
vn -0.9763 -0.1108 -0.1861
vn 0.0264 -0.7266 -0.6865
vn -0.0243 -0.7317 -0.6812
vn -0.9453 -0.1799 -0.2721
vn -0.8503 -0.2190 -0.4785
vn 0.0254 -0.4702 -0.8822
vn 0.5238 0.6553 -0.5442
vn -0.7469 0.4145 -0.5199
vn 0.0066 -0.8694 0.4941
vn 0.0074 0.4963 -0.8681
vn 0.0131 0.2773 -0.9607
vn 0.8531 0.1574 -0.4975
vn 0.6322 0.2369 -0.7377
vn 0.8943 -0.4285 -0.1289
vn 0.8659 -0.3076 -0.3944
vn -0.5745 0.2999 -0.7616
vn -0.8912 0.1733 -0.4192
vn -0.7027 0.0720 -0.7078
vn -0.4893 0.7566 -0.4338
vn -0.4544 0.8147 -0.3602
vn -0.0134 0.9150 -0.4032
vn -0.0024 0.8732 -0.4873
vn -0.6815 -0.5335 -0.5009
vn -0.5407 -0.5274 -0.6554
vn -0.7251 -0.2469 -0.6429
vn -0.8718 -0.1604 -0.4628
vn -0.6284 0.5213 -0.5773
vn -0.8129 0.4618 -0.3549
vn 0.0428 -0.9308 -0.3630
vn 0.0233 -0.9930 0.1159
vn -0.3097 -0.9495 -0.0512
vn -0.3304 -0.8313 -0.4469
vn -0.4734 0.6909 -0.5464
vn -0.3291 0.7794 -0.5331
vn -0.4224 -0.8183 -0.3898
vn -0.4812 -0.7197 -0.5004
vn -0.6208 -0.6123 -0.4896
vn -0.8646 -0.1292 -0.4856
vn -0.6224 0.3752 -0.6869
vn -0.0106 0.8916 -0.4528
vn -0.9176 -0.3913 -0.0691
vn -0.6608 -0.6640 -0.3498
vn 0.0394 -0.9095 -0.4139
vn -0.4955 -0.8323 -0.2485
vn -0.9684 -0.1757 -0.1769
vn 0.0206 -0.9797 0.1995
vn -0.2381 -0.9415 0.2386
vn -0.4814 0.5945 -0.6441
vn -0.3054 0.6693 -0.6773
vn -0.9118 -0.3136 -0.2651
vn -0.7245 0.2245 -0.6516
vn 0.0045 0.7058 -0.7084
vn -0.6107 -0.7382 -0.2865
vn -0.8387 -0.0841 0.5381
vn -0.4904 -0.8696 0.0569
vn -0.9397 -0.3326 0.0797
vn -0.8258 -0.5621 -0.0448
vn -0.6724 -0.7020 -0.2347
vn -0.6051 -0.7378 -0.2993
vn 0.0196 -0.9857 -0.1675
vn -0.8036 0.4459 -0.3942
vn -0.9852 0.1514 -0.0799
vn -0.4822 0.7690 -0.4196
vn -0.9941 -0.0561 -0.0927
vn 0.0071 0.8814 -0.4723
vn -0.0207 0.9676 -0.2515
vn -0.4581 0.8600 -0.2248
vn -0.5110 0.8543 -0.0955
vn -0.0231 0.9780 -0.2072
vn -0.0153 0.9317 -0.3630
vn -0.3914 0.8809 -0.2663
vn -0.8843 0.4231 -0.1977
vn -0.6443 0.7468 -0.1649
vn -0.6888 0.6726 -0.2706
vn -0.8280 0.3893 -0.4036
vn -0.8643 0.4697 -0.1800
vn -0.7847 0.3540 -0.5089
vn -0.8863 0.4077 -0.2198
vn -0.5966 0.8023 -0.0176
vn -0.9861 0.1660 -0.0010
vn -0.3350 0.8953 -0.2936
vn -0.0183 0.9534 -0.3010
vn -0.8353 0.3889 -0.3887
vn -0.8697 0.1981 -0.4521
vn -0.5113 0.8001 -0.3138
vn -0.0330 0.9988 0.0357
vn -0.5419 0.8384 0.0584
vn -0.5279 0.8493 0.0035
vn -0.0329 0.9976 0.0608
vn -0.6979 0.6987 0.1575
vn -0.7301 0.6824 0.0361
vn -0.8481 0.4809 0.2225
vn -0.8794 0.4646 0.1039
vn -0.0316 0.9995 -0.0007
vn -0.4265 0.9034 0.0439
vn -0.6145 0.7675 0.1826
vn -0.8055 0.4398 0.3973
vn -0.8449 0.3840 0.3724
vn -0.9029 0.3792 0.2026
vn -0.8436 0.3148 0.4351
vn -0.8361 -0.0742 -0.5435
vn -0.7651 0.0552 -0.6415
vn 0.2907 -0.9035 0.3150
vn 0.3284 -0.8322 0.4468
vn 0.9060 -0.4233 0.0076
vn 0.6830 -0.7304 -0.0083
vn 0.1836 -0.9498 0.2534
vn 0.4626 -0.5882 0.6633
vn -0.7242 -0.5371 0.4325
vn -0.4296 -0.5279 0.7326
vn -0.2704 -0.7749 0.5713
vn 0.8853 -0.0297 -0.4640
vn 0.9159 -0.0297 -0.4003
vn 0.8495 -0.1557 -0.5041
vn -0.1926 -0.0814 0.9779
vn -0.5520 -0.2307 0.8013
vn 0.1797 -0.5205 -0.8348
vn 0.2065 -0.5492 -0.8098
vn 0.8416 -0.4816 -0.2445
vn 0.4001 -0.8496 0.3437
vn 0.9007 -0.1083 0.4207
vn 0.8962 -0.0964 0.4331
vn 0.4254 -0.8988 -0.1057
vn -0.9479 -0.2845 0.1434
vn -0.8585 -0.3200 0.4008
vn -0.3140 -0.7766 0.5461
vn 0.1666 -0.9855 -0.0310
vn 0.3588 -0.6149 0.7023
vn 0.5925 -0.6736 0.4419
vn 0.9042 -0.4019 0.1444
vn 0.7269 -0.5280 0.4392
vn 0.6613 -0.7197 0.2116
vn 0.9042 -0.4244 -0.0482
vn 0.8976 0.1292 -0.4216
vn 0.2686 0.6750 -0.6872
vn 0.0608 0.3581 -0.9317
vn 0.7735 0.0197 -0.6335
vn 0.9198 -0.3416 -0.1930
vn 0.8977 -0.4400 0.0234
vn 0.4798 -0.8509 -0.2141
vn 0.7786 -0.0666 -0.6239
vn -0.0383 0.8646 -0.5010
vn 0.3501 0.7214 -0.5975
vn 0.0409 0.9881 -0.1483
vn -0.4742 0.8184 -0.3244
vn 0.0768 0.0133 -0.9970
vn -0.0800 0.3260 -0.9420
vn 0.0214 0.8854 -0.4644
vn 0.1791 -0.7797 -0.6000
vn 0.4737 0.3113 -0.8239
vn 0.4262 0.8505 -0.3082
vn 0.5814 0.1666 -0.7963
vn 0.7470 0.1993 -0.6343
vn 0.9560 0.0410 -0.2906
vn 0.8004 0.3947 -0.4512
vn 0.6894 0.4734 -0.5483
vn 0.9846 0.0498 -0.1675
vn 0.9622 0.1729 -0.2103
vn 0.9221 0.2392 -0.3041
vn 0.5475 0.6499 -0.5271
vn 0.7620 0.3220 -0.5619
vn 0.5421 0.4876 -0.6844
vn 0.3840 0.6925 -0.6107
vn -0.1700 -0.4175 0.8926
vn 0.2850 0.4704 -0.8351
vn -0.2884 0.6268 -0.7238
vn 0.9242 -0.3600 0.1272
vn 0.9990 0.0205 0.0403
vn 0.9941 0.0317 0.1033
vn 0.5611 -0.8184 0.1243
vn 0.0453 -0.9948 0.0910
vn 0.1207 -0.9294 0.3487
vn -0.8729 -0.1202 0.4728
vn -0.7933 -0.0648 0.6054
vn -0.8272 0.0223 0.5615
vn -0.8021 -0.1459 0.5791
vn -0.8503 -0.5108 -0.1264
vn -0.8711 -0.4640 -0.1610
vn -0.8554 -0.4990 -0.1388
vn 0.9998 0.0128 0.0127
vn 0.9951 -0.0675 0.0721
vn 0.9977 0.0405 -0.0537
vn 0.5986 0.3334 0.7284
vn 0.5871 0.3938 0.7073
vn 0.5969 0.3480 0.7229
vn 0.5657 -0.7725 0.2884
vn -0.9214 -0.3672 0.1270
vn -0.9615 -0.2323 0.1471
vn -0.9690 -0.2209 0.1105
vn -0.8766 -0.4170 0.2402
vn 0.2556 -0.6722 -0.6949
vn 0.2413 -0.7479 -0.6184
vn 0.2323 -0.7085 -0.6664
vn -0.9396 0.3322 -0.0825
vn -0.9287 0.3534 -0.1122
vn -0.9233 0.3757 -0.0796
vn -0.7003 -0.3178 -0.6392
vn -0.7210 -0.3828 -0.5776
vn -0.6947 -0.4221 -0.5824
vn 0.9743 -0.0464 -0.2204
vn 0.9756 -0.1098 -0.1901
vn 0.9812 -0.0840 -0.1738
vn 0.3378 0.8908 0.3037
vn 0.3338 0.9079 0.2535
vn 0.3445 0.9069 0.2425
vn -0.7907 0.4109 -0.4538
vn -0.7067 0.5061 -0.4944
vn -0.7171 0.5359 -0.4456
vn 0.3282 -0.5521 -0.7664
vn 0.2729 -0.6986 -0.6615
vn 0.3259 -0.6672 -0.6698
vn 0.1443 0.5670 -0.8110
vn -0.1420 0.3867 -0.9112
vn 0.7084 0.1695 -0.6851
vn 0.8576 0.1951 -0.4759
vn 0.9871 -0.1402 0.0775
vn 0.9844 -0.1544 0.0839
vn 0.9904 0.0623 -0.1231
vn -0.9575 0.2575 -0.1298
vn -0.8674 0.3809 -0.3201
vn -0.7849 0.4087 -0.4657
vn -0.9668 -0.2367 0.0962
vn -0.8293 -0.5505 0.0966
vn -0.9185 -0.2164 0.3310
vn -0.7631 0.0016 0.6463
vn -0.7080 -0.1399 0.6922
vn 0.9898 0.0283 -0.1395
vn 0.9987 -0.0417 -0.0299
vn -0.7768 -0.5772 0.2520
vn -0.0433 -0.6441 0.7637
vn -0.0745 -0.8720 0.4837
vn -0.0633 -0.8769 0.4764
vn -0.0745 -0.8721 0.4837
vn -0.0858 -0.8670 0.4909
vn 0.1596 -0.0288 -0.9868
vn 0.3852 -0.0282 -0.9224
vn -0.1208 -0.0790 0.9895
vn 0.3468 -0.5005 -0.7932
vn 0.2506 -0.5271 -0.8120
vn 0.9764 -0.2156 0.0112
vn -0.9147 0.2882 -0.2833
vn -0.6673 0.6007 -0.4403
vn -0.7662 0.5400 -0.3484
vn -0.8552 0.3579 -0.3747
vn -0.8477 0.3646 -0.3853
vn -0.7103 0.6119 -0.3480
vn -0.2521 0.7100 -0.6575
vn 0.3020 0.6907 -0.6571
vn 0.9931 -0.1165 0.0159
vn -0.8021 -0.3040 0.5140
vn -0.7807 -0.2288 0.5815
vn -0.8387 -0.5335 -0.1089
vn -0.8393 -0.5341 -0.1016
vn 0.9781 0.0952 -0.1852
vn 0.9887 0.0943 -0.1162
vn 0.6034 0.3027 0.7378
vn 0.6015 0.3040 0.7387
vn 0.2617 -0.6313 -0.7301
vn 0.3001 -0.5944 -0.7461
vn -0.6819 0.0208 0.7312
vn -0.6942 -0.7190 0.0338
vn 0.9707 0.0718 -0.2294
vn -0.8409 0.3718 -0.3933
vn -0.9301 0.3596 -0.0752
vn -0.7999 0.2196 -0.5585
vn -0.9336 0.0309 -0.3571
vn -0.9144 0.3973 -0.0781
vn -0.9081 0.4185 -0.0141
vn -0.6883 -0.4720 -0.5509
vn -0.6377 -0.4974 -0.5882
vn 0.9744 -0.1414 -0.1745
vn 0.9617 -0.1612 -0.2218
vn 0.3473 0.9136 0.2114
vn 0.3658 0.9043 0.2202
vn 0.2414 -0.7627 -0.6000
vn 0.1649 -0.7526 -0.6375
vn -0.9887 -0.0531 -0.1400
vn -0.9871 -0.0678 -0.1453
vn -0.9887 -0.0532 -0.1401
vn -0.9901 -0.0387 -0.1349
vn 0.2399 -0.5006 -0.8318
vn -0.3890 -0.6419 0.6608
vn -0.6286 -0.7130 0.3106
vn -0.4611 -0.3274 0.8248
vn -0.5240 -0.8418 0.1295
vn -0.4477 -0.8939 0.0218
vn -0.8279 -0.5608 -0.0099
vn -0.7803 -0.6254 -0.0008
vn -0.5706 -0.8039 -0.1681
vn -0.8117 0.3145 -0.4922
vn -0.8028 -0.3706 -0.4671
vn -0.7487 -0.6629 -0.0060
vn 0.1555 -0.9837 0.0906
vn -0.2115 -0.9576 0.1954
vn 0.7674 -0.5962 0.2359
vn -0.2279 -0.1337 0.9645
vn -0.8842 0.2924 -0.3644
vn 0.5304 -0.6538 0.5397
vn 0.5380 -0.7350 0.4126
vn 0.5855 -0.6756 0.4481
vn 0.6055 -0.6717 0.4267
vn -0.0782 0.5998 -0.7963
vn 0.1283 0.5171 -0.8462
vn -0.2182 0.8310 -0.5116
vn -0.3375 0.7351 -0.5880
vn 0.5315 -0.7974 0.2857
vn 0.1665 0.4614 -0.8714
vn 0.9863 0.1389 -0.0888
vn 0.7326 0.2163 -0.6454
vn 0.9950 -0.0888 0.0449
vn 0.9971 0.0748 -0.0154
vn 0.3424 0.5263 -0.7783
vn 0.4501 0.4800 -0.7530
vn 0.4989 0.6648 -0.5559
vn 0.5386 0.7238 -0.4313
vn 0.5087 -0.7124 0.4833
vn -0.2242 0.7059 -0.6719
vn 0.9461 -0.3068 0.1041
vn 0.3288 0.6801 -0.6552
vn 0.6567 -0.7008 0.2787
vn -0.2542 0.9183 -0.3036
vn 0.9864 -0.1090 0.1229
vn 0.4790 0.8349 -0.2712
vn 0.6236 -0.7191 0.3067
vn -0.2732 0.9376 -0.2151
vn 0.9166 -0.3465 0.1993
vn 0.4615 0.8723 -0.1616
vn 0.4944 0.8693 0.0022
vn 0.4891 0.8712 -0.0412
vn 0.2744 0.9128 -0.3025
vn 0.5392 0.8396 -0.0654
vn 0.6491 0.7474 0.1418
vn 0.7823 0.5429 0.3055
vn 0.6988 0.7020 0.1374
vn 0.7923 0.4875 0.3669
vn 0.8145 0.5497 0.1855
vn 0.6400 0.7577 0.1276
vn 0.7650 0.5620 0.3146
vn 0.8030 0.3394 0.4899
vn 0.5495 0.7391 -0.3896
vn 0.4828 0.7455 -0.4596
vn 0.7793 0.4854 -0.3963
vn 0.7549 0.3665 -0.5439
vn 0.3050 0.8438 -0.4415
vn 0.3595 0.8898 -0.2812
vn 0.9884 0.0894 -0.1229
vn 0.9667 0.1351 -0.2172
vn 0.8200 0.4734 -0.3216
vn 0.7761 0.4470 -0.4449
vn 0.7252 0.6208 -0.2979
vn 0.3063 0.8924 -0.3313
vn 0.3806 0.9215 -0.0769
vn 0.8275 0.2425 -0.5065
vn 0.4881 0.8148 -0.3127
vn 0.5180 0.6903 -0.5052
vn 0.4887 0.7019 -0.5182
vn 0.6599 -0.5024 -0.5586
vn 0.5537 -0.5246 -0.6466
vn 0.6002 -0.7364 -0.3122
vn 0.7846 -0.5075 -0.3561
vn 0.9679 0.1147 -0.2236
vn 0.8454 0.3407 -0.4114
vn 0.8403 0.0238 -0.5416
vn 0.9189 -0.1305 -0.3724
vn 0.8448 0.4352 -0.3115
vn 0.8168 0.4304 -0.3841
vn 0.4207 -0.7101 -0.5646
vn 0.6298 -0.7237 -0.2821
vn 0.4717 -0.6467 -0.5994
vn 0.1961 -0.8357 -0.5129
vn 0.5547 0.7147 -0.4260
vn 0.7205 0.4587 -0.5201
vn 0.8581 -0.1728 -0.4836
vn 0.6851 -0.5112 -0.5190
vn 0.7041 0.3325 -0.6275
vn 0.4295 0.7377 -0.5209
vn 0.6622 -0.7493 0.0099
vn 0.9220 -0.3412 -0.1829
vn 0.9626 -0.2629 -0.0656
vn 0.9805 0.1736 -0.0918
vn 0.8056 0.5227 -0.2788
vn 0.6342 -0.7705 0.0633
vn 0.7517 -0.2536 -0.6088
vn 0.8657 -0.3477 -0.3600
vn 0.9364 -0.1027 -0.3356
vn 0.7836 0.1750 -0.5961
vn 0.7083 -0.3039 -0.6371
vn 0.5282 -0.5404 -0.6550
vn 0.6422 -0.6259 -0.4425
vn 0.8732 -0.3471 -0.3420
vn 0.4737 -0.4882 -0.7330
vn 0.5619 -0.7475 -0.3544
vn 0.6119 0.4743 -0.6330
vn 0.8381 0.5011 -0.2153
vn 0.4838 0.8087 -0.3345
vn 0.4191 0.6539 -0.6299
vn 0.6043 0.4179 -0.6783
vn 0.6486 0.0253 -0.7607
vn 0.5579 -0.5538 -0.6182
vn 0.5486 -0.3530 -0.7579
vn 0.6124 -0.1717 -0.7717
vn 0.6482 -0.4341 -0.6256
vn 0.4547 0.5952 -0.6626
vn 0.8705 -0.3699 -0.3247
vn 0.8879 -0.1426 -0.4374
vn 0.8779 -0.4436 -0.1803
vn 0.6279 -0.7669 -0.1329
vn 0.7668 -0.6198 -0.1671
vn 0.9430 -0.2145 -0.2545
vn 0.8212 0.5705 0.0148
vn -0.0602 0.9967 -0.0550
vn 0.9304 0.3604 -0.0674
vn 0.4463 0.8942 -0.0353
vn 0.8536 0.5176 0.0595
vn 0.4170 0.6365 -0.6488
vn 0.2993 0.6341 -0.7130
vn 0.9554 -0.0775 -0.2850
vn 0.8256 0.1851 -0.5330
vn 0.1666 0.9859 -0.0145
vn 0.8670 0.2671 -0.4206
vn 0.6976 0.4624 -0.5473
vn -0.1415 0.8872 -0.4391
vn 0.2574 0.5027 -0.8253
vn 0.8904 -0.3831 0.2459
vn 0.3853 0.4029 -0.8302
vn 0.8268 -0.3211 -0.4619
vn 0.4525 -0.6023 -0.6576
vn 0.0921 -0.0179 -0.9956
vn 0.9379 -0.2011 0.2825
vn 0.9967 0.0016 -0.0808
vn 0.5927 -0.3144 0.7415
vn 0.9850 0.0465 0.1661
vn 0.4743 0.2058 -0.8560
vn 0.3929 -0.9122 -0.1162
vn 0.7111 -0.2469 -0.6583
vn 0.6433 -0.7536 0.1351
vn 0.8176 -0.4306 0.3823
vn 0.7826 -0.3607 -0.5074
vn 0.5547 -0.3005 -0.7759
vn 0.7418 -0.2000 -0.6401
vn 0.7571 -0.3428 -0.5561
vn 0.7555 -0.6030 -0.2560
vn 0.5734 -0.6653 -0.4781
vn 0.6476 -0.7617 -0.0186
vn 0.8545 -0.4273 -0.2953
vn 0.9394 -0.1235 -0.3197
vn 0.4283 0.6548 -0.6227
vn 0.5839 0.1729 -0.7932
vn 0.8450 -0.5244 -0.1049
vn 0.0925 -0.6560 -0.7491
vn -0.1555 0.5511 -0.8198
vn 0.4040 0.5655 -0.7191
vn 0.9573 -0.1157 -0.2649
vn 0.5764 -0.8101 0.1076
vn -0.2969 -0.9385 -0.1764
vn -0.5362 -0.4687 -0.7021
vn 0.4576 -0.7226 -0.5182
vn 0.2823 -0.8357 -0.4712
vn 0.5788 -0.5080 -0.6379
vn 0.6425 -0.6297 -0.4367
vn 0.7337 0.4834 0.4776
vn 0.1315 0.9127 0.3868
vn 0.4349 0.5068 0.7443
vn 0.7250 -0.5284 -0.4417
vn 0.9310 -0.2981 -0.2108
vn 0.8596 -0.4910 -0.1416
vn 0.7297 -0.5616 -0.3901
vn 0.7151 -0.4770 -0.5109
vn 0.7668 -0.3949 -0.5061
vn -0.3909 0.3252 -0.8611
vn 0.4809 -0.1706 -0.8600
vn 0.5012 -0.0727 -0.8623
vn 0.2992 -0.2838 -0.9110
vn 0.3004 -0.1689 -0.9387
vn 0.2493 -0.0470 -0.9673
vn 0.6580 -0.5123 -0.5518
vn 0.5593 -0.1992 -0.8047
vn 0.8197 -0.1862 -0.5417
vn -0.2645 0.6766 -0.6873
vn -0.8087 0.1072 -0.5784
vn 0.4659 -0.8745 -0.1354
vn -0.5019 -0.8427 0.1946
vn -0.1983 -0.8723 0.4470
vn 0.8670 -0.4897 0.0919
vn 0.7757 -0.6130 0.1500
vn 0.7693 0.0272 -0.6383
vn 0.5902 -0.2295 -0.7740
vn -0.2979 0.8167 -0.4943
vn -0.3487 0.7323 -0.5850
vn 0.9095 -0.0215 -0.4152
vn 0.9496 -0.2998 0.0910
vn 0.8604 -0.5021 -0.0869
vn -0.5366 0.4397 -0.7202
vn -0.3990 0.6658 -0.6305
vn 0.7235 0.2666 -0.6368
vn -0.8863 0.3672 -0.2821
vn -0.5064 0.6367 -0.5815
vn -0.3481 0.7639 -0.5434
vn -0.9902 -0.0542 -0.1287
vn -0.8972 -0.4100 0.1641
vn -0.9750 -0.1876 0.1193
vn -0.9648 0.2462 -0.0923
vn 0.6973 -0.2642 -0.6664
vn 0.8822 -0.0831 -0.4636
vn 0.8205 -0.5528 -0.1454
vn 0.5039 -0.6848 -0.5265
vn 0.9832 -0.0343 -0.1793
vn 0.9464 0.0169 -0.3225
vn 0.4273 0.7144 -0.5540
vn 0.9048 0.2449 -0.3483
vn 0.6831 -0.2957 -0.6678
vn 0.4384 -0.0667 -0.8963
vn 0.2800 -0.3069 -0.9096
vn -0.1898 -0.6364 -0.7477
vn 0.8552 -0.1888 -0.4826
vn 0.7255 -0.2263 -0.6500
vn 0.6743 -0.2634 -0.6899
vn 0.8317 -0.1909 -0.5213
vn 0.9442 0.0037 -0.3294
vn 0.6885 0.0930 -0.7193
vn 0.8182 0.2809 -0.5017
vn -0.2809 -0.6856 -0.6716
vn 0.3247 0.2297 -0.9175
vn 0.6705 -0.4963 -0.5515
vn 0.1994 -0.4658 -0.8622
vn 0.8193 0.2900 -0.4947
vn 0.9538 -0.0156 -0.3000
vn 0.8748 -0.0091 -0.4844
vn -0.1601 -0.9858 -0.0506
vn 0.8962 -0.2679 -0.3536
vn 0.7882 -0.1486 -0.5972
vn 0.7525 -0.0043 -0.6586
vn 0.8514 0.1370 -0.5064
vn 0.8864 -0.0998 -0.4520
vn 0.0731 0.1642 -0.9837
vn -0.1570 0.1899 -0.9692
vn -0.1531 0.3191 -0.9353
vn 0.7566 0.3737 -0.5366
vn 0.3605 0.7638 -0.5354
vn 0.2425 0.5797 -0.7779
vn 0.3821 0.4509 -0.8066
vn 0.8406 0.3025 -0.4493
vn 0.3204 -0.6884 -0.6507
vn -0.4454 0.4395 -0.7801
vn -0.9922 -0.1240 0.0136
vn -0.7402 -0.5063 0.4424
vn -0.8068 -0.3378 0.4848
vn -0.9613 -0.1764 0.2115
vn -0.1040 -0.8994 0.4245
vn 0.2426 -0.7648 -0.5969
vn -0.1209 -0.8296 0.5451
vn -0.1166 -0.9051 -0.4090
vn 0.7759 -0.6253 0.0840
vn -0.3198 -0.7880 0.5261
vn -0.2402 -0.7712 0.5896
vn -0.5415 -0.5649 0.6226
vn -0.3099 -0.8210 0.4795
vn -0.8517 -0.0358 0.5228
vn 0.9103 0.0904 -0.4040
vn 0.5374 0.5631 -0.6278
vn 0.9892 -0.0561 -0.1356
vn 0.9560 -0.1555 -0.2487
vn 0.9370 -0.1240 -0.3267
vn 0.8902 0.1552 -0.4283
vn 0.8326 0.2030 -0.5154
vn 0.8104 -0.1898 -0.5543
vn 0.1607 0.7697 -0.6179
vn 0.7558 0.3025 -0.5808
vn -0.3693 0.9266 -0.0705
vn -0.2469 0.7895 -0.5619
vn 0.1933 0.7678 -0.6108
vn 0.3483 0.7092 -0.6130
vn 0.1788 0.8960 -0.4065
vn 0.1742 0.8371 -0.5186
vn 0.2375 0.7799 -0.5792
vn 0.5444 0.5102 -0.6658
vn 0.0230 0.8438 -0.5362
vn 0.3291 0.7166 -0.6149
vn 0.7290 0.4471 -0.5183
vn 0.7768 0.5731 -0.2612
vn 0.8214 0.3839 -0.4217
vn 0.6544 0.7169 -0.2405
vn 0.6865 0.6149 -0.3880
vn 0.6954 0.6089 -0.3816
vn 0.7651 0.6122 -0.1994
vn 0.6362 0.6145 -0.4666
vn 0.7316 -0.1491 0.6652
vn 0.9254 -0.3307 0.1854
vn 0.7848 -0.5559 0.2739
vn 0.4497 0.6645 -0.5967
vn 0.2795 0.7252 -0.6293
vn 0.5126 0.5993 -0.6149
vn 0.5684 0.6286 -0.5309
vn 0.8798 -0.4513 0.1490
vn -0.3968 0.4467 -0.8019
vn 0.2265 0.5942 -0.7718
vn 0.6769 0.3782 -0.6314
vn 0.4292 0.7231 -0.5413
vn 0.6661 0.4019 -0.6283
vn 0.5186 0.4345 -0.7364
vn 0.4066 0.4918 -0.7699
vn 0.9119 -0.0504 -0.4073
vn -0.6916 0.3765 -0.6164
vn 0.2741 0.4330 -0.8587
vn -0.0733 0.6546 -0.7524
vn -0.2798 0.0470 0.9589
vn 0.3362 0.5598 -0.7574
vn 0.4154 0.5555 -0.7203
vn 0.5443 0.5706 -0.6149
vn 0.5486 0.5289 -0.6476
vn 0.5300 0.6534 -0.5405
vn 0.7279 -0.2643 -0.6327
vn 0.6370 -0.2658 -0.7236
vn 0.5826 -0.4882 -0.6498
vn 0.6140 -0.5652 -0.5509
vn 0.6000 0.5006 -0.6241
vn 0.4204 -0.6988 -0.5787
vn 0.6188 -0.7339 -0.2802
vn 0.8097 -0.4438 -0.3839
vn 0.4950 -0.5947 -0.6335
vn 0.6845 -0.0105 -0.7290
vn 0.3915 0.0865 -0.9161
vn 0.6457 0.3328 -0.6872
vn 0.4537 -0.6173 -0.6427
vn 0.3059 -0.9267 -0.2184
vn 0.1086 -0.9920 0.0650
vn 0.8792 -0.4613 -0.1194
vn 0.9264 -0.2984 -0.2296
vn 0.8259 -0.3954 -0.4019
vn 0.9277 -0.3331 -0.1688
vn 0.8464 0.0523 -0.5299
vn 0.8344 -0.1087 -0.5403
vn 0.7143 0.0935 -0.6936
vn 0.7055 0.0209 -0.7084
vn 0.5262 -0.1616 -0.8349
vn 0.7179 -0.3199 -0.6183
vn -0.3688 0.9267 -0.0717
vn 0.2981 -0.2296 -0.9265
vn 0.0979 0.6660 -0.7395
vn -0.0227 0.8460 -0.5328
vn -0.4995 0.8618 -0.0887
vn 0.7876 -0.3882 -0.4785
vn 0.5991 0.4963 -0.6283
vn 0.7283 -0.4873 0.4818
vn 0.8178 -0.5400 0.1991
vn 0.5652 -0.7627 -0.3143
vn 0.5863 -0.8059 0.0821
vn 0.8287 -0.5557 0.0663
vn -0.9349 0.3065 -0.1788
vn -0.6716 0.5862 -0.4531
vn -0.7899 0.5157 -0.3318
vn 0.9591 -0.2824 -0.0196
vn 0.8272 -0.4930 0.2695
vn -0.3711 0.5265 -0.7649
vn -0.5223 0.6074 -0.5986
vn -0.6270 0.6492 -0.4307
vn -0.1620 0.5035 -0.8487
vn 0.0916 0.4584 -0.8840
vn -0.7778 0.4804 -0.4053
vn 0.5288 -0.6380 0.5598
vn 0.6953 -0.6240 -0.3565
vn -0.0370 -0.4716 -0.8810
vn 0.4814 -0.7179 -0.5029
vn -0.7052 0.6833 -0.1893
vn 0.5312 0.5013 -0.6830
vn 0.8709 -0.3081 -0.3829
vn 0.8778 0.1784 -0.4446
vn 0.7374 -0.0159 -0.6753
vn 0.2311 0.8555 -0.4633
vn 0.9788 0.0599 -0.1958
vn 0.9860 -0.0747 -0.1489
vn 0.6141 -0.7881 -0.0432
vn 0.0769 -0.7298 -0.6793
vn 0.9611 -0.1442 -0.2357
vn 0.8754 -0.1872 -0.4457
vn -0.5265 0.6360 -0.5641
vn 0.7504 0.4420 -0.4915
vn -0.8388 0.1263 -0.5296
vn -0.6120 0.2141 -0.7613
vn -0.8724 -0.4610 -0.1625
vn -0.8385 -0.3389 -0.4267
vn 0.6081 0.3440 -0.7155
vn 0.7340 0.1225 -0.6680
vn 0.9044 0.2298 -0.3596
vn 0.4774 0.7827 -0.3993
vn 0.4293 0.8415 -0.3279
vn 0.7494 -0.4852 -0.4506
vn 0.9060 -0.1101 -0.4088
vn 0.6341 -0.2080 -0.7448
vn 0.5934 -0.4736 -0.6509
vn 0.8099 0.5109 -0.2881
vn 0.6367 0.5606 -0.5295
vn 0.3768 -0.8170 -0.4366
vn 0.2968 -0.9541 -0.0399
vn 0.4699 0.7194 -0.5116
vn 0.3196 0.7996 -0.5085
vn 0.4809 -0.7975 -0.3644
vn 0.6912 -0.5675 -0.4474
vn 0.5305 -0.6864 -0.4973
vn 0.6620 0.4205 -0.6205
vn 0.8406 0.0889 -0.5343
vn 0.6717 -0.4390 -0.5968
vn 0.6079 -0.6916 -0.3901
vn 0.4943 -0.8449 -0.2048
vn 0.8792 -0.0797 -0.4697
vn 0.1778 -0.9439 0.2782
vn 0.3124 0.6884 -0.6546
vn 0.4999 0.6206 -0.6041
vn 0.8343 0.2604 -0.4860
vn 0.9225 0.0240 -0.3852
vn 0.8667 -0.3729 -0.3312
vn 0.6065 -0.7601 -0.2333
vn 0.4158 -0.9033 0.1057
vn 0.8663 -0.1628 -0.4722
vn 0.7288 -0.6567 -0.1939
vn 0.8577 -0.5141 0.0083
vn 0.6531 -0.7108 -0.2611
vn 0.9786 0.2058 -0.0029
vn 0.8045 0.4958 -0.3269
vn 0.4774 0.7890 -0.3867
vn 0.9998 -0.0093 -0.0162
vn 0.4630 0.8843 -0.0596
vn 0.4191 0.8872 -0.1928
vn 0.3545 0.9040 -0.2390
vn 0.8519 0.5207 -0.0559
vn 0.8431 0.4435 -0.3042
vn 0.6676 0.7176 -0.1982
vn 0.6091 0.7841 -0.1194
vn 0.8071 0.5900 -0.0195
vn 0.8319 0.4074 -0.3767
vn 0.5344 0.8449 0.0259
vn 0.9010 0.4284 -0.0682
vn 0.9421 0.2606 0.2112
vn 0.2997 0.9149 -0.2703
vn 0.9050 0.2250 -0.3611
vn 0.8463 0.4272 -0.3182
vn 0.4671 0.8414 -0.2716
vn 0.4785 0.8772 0.0379
vn 0.4865 0.8684 0.0959
vn 0.6553 0.7193 0.2306
vn 0.6983 0.7103 0.0884
vn 0.7940 0.4998 0.3461
vn 0.8527 0.5027 0.1421
vn 0.3618 0.9296 0.0706
vn 0.4823 0.8567 0.1831
vn 0.6172 0.6295 0.4720
vn 0.8933 0.3772 0.2445
vn 0.7394 0.4755 0.4766
vn 0.6188 0.5337 0.5764
vn 0.8973 0.0540 -0.4381
vn 0.9080 0.1426 -0.3940
vn -0.4236 -0.0118 -0.9058
vn -0.5627 -0.0553 -0.8248
vn -0.5643 0.1228 -0.8164
vn -0.3735 0.1434 -0.9165
vn -0.4191 -0.3282 -0.8465
vn -0.5594 -0.3471 -0.7527
vn -0.4168 -0.6025 -0.6807
vn -0.5589 -0.5799 -0.5928
vn -0.4630 -0.6841 -0.5635
vn -0.5558 -0.6415 -0.5288
vn -0.0790 -0.0024 -0.9969
vn -0.0159 0.1626 -0.9866
vn -0.0735 -0.3531 -0.9327
vn -0.0710 -0.6584 -0.7493
vn -0.1357 -0.7655 -0.6290
vn 0.2757 0.0073 -0.9612
vn 0.3228 0.1610 -0.9327
vn 0.2813 -0.3327 -0.9001
vn 0.2834 -0.6302 -0.7229
vn 0.2285 -0.7529 -0.6172
vn 0.4272 0.0579 -0.9023
vn 0.4224 0.1566 -0.8928
vn 0.4316 -0.2562 -0.8649
vn 0.4336 -0.5549 -0.7100
vn 0.4320 -0.6979 -0.5712
vn 0.4579 0.0044 -0.8890
vn 0.4025 0.1576 -0.9017
vn 0.5900 0.1440 -0.7945
vn 0.5953 -0.0340 -0.8028
vn 0.4627 -0.3120 -0.8298
vn 0.5999 -0.3258 -0.7307
vn 0.4641 -0.5863 -0.6640
vn 0.6019 -0.5586 -0.5707
vn 0.5089 -0.6663 -0.5450
vn 0.5986 -0.6203 -0.5069
vn 0.1168 0.0011 -0.9932
vn 0.0474 0.1638 -0.9854
vn 0.1217 -0.3495 -0.9290
vn 0.1234 -0.6548 -0.7456
vn 0.1874 -0.7596 -0.6228
vn -0.2391 -0.0022 -0.9710
vn -0.2929 0.1497 -0.9444
vn -0.2345 -0.3421 -0.9099
vn -0.2325 -0.6396 -0.7327
vn -0.1772 -0.7604 -0.6249
vn -0.3946 0.0428 -0.9179
vn -0.3937 0.1416 -0.9083
vn -0.3888 -0.2712 -0.8805
vn -0.3857 -0.5699 -0.7255
vn -0.3841 -0.7129 -0.5867
vt 0.547537 0.148371
vt 0.553876 0.156575
vt 0.537968 0.167262
vt 0.527840 0.160053
vt 0.561955 0.134701
vt 0.567548 0.138429
vt 0.572436 0.115065
vt 0.575253 0.115934
vt 0.541076 0.140044
vt 0.521005 0.152224
vt 0.556735 0.129606
vt 0.549526 0.110840
vt 0.571027 0.111771
vt 0.551143 0.120534
vt 0.530512 0.113324
vt 0.532997 0.127245
vt 0.518456 0.131593
vt 0.515597 0.118980
vt 0.536726 0.134452
vt 0.517774 0.142717
vt 0.553131 0.125379
vt 0.666761 0.140255
vt 0.671001 0.148597
vt 0.654261 0.155094
vt 0.648089 0.145868
vt 0.682018 0.131877
vt 0.685478 0.136371
vt 0.695361 0.120028
vt 0.697266 0.121588
vt 0.663801 0.133184
vt 0.643237 0.138366
vt 0.679692 0.128113
vt 0.678032 0.112376
vt 0.695107 0.117123
vt 0.677240 0.119738
vt 0.661528 0.108789
vt 0.660535 0.119808
vt 0.643718 0.121449
vt 0.645558 0.108684
vt 0.661883 0.127969
vt 0.641448 0.129864
vt 0.678025 0.124224
vt 0.076043 0.713978
vt 0.081327 0.723072
vt 0.064184 0.731305
vt 0.056321 0.722703
vt 0.091648 0.704149
vt 0.096318 0.708203
vt 0.105411 0.688215
vt 0.107622 0.689403
vt 0.072111 0.705991
vt 0.051160 0.714163
vt 0.088822 0.699479
vt 0.085503 0.681171
vt 0.105011 0.685195
vt 0.086118 0.689403
vt 0.067072 0.679819
vt 0.067932 0.691739
vt 0.052634 0.694994
vt 0.050852 0.683444
vt 0.069775 0.699726
vt 0.050238 0.704947
vt 0.087102 0.694933
vt 0.192082 0.706331
vt 0.193664 0.715058
vt 0.174930 0.717939
vt 0.171768 0.708816
vt 0.209400 0.702205
vt 0.212067 0.707076
vt 0.227785 0.692604
vt 0.229524 0.694271
vt 0.191041 0.699550
vt 0.169869 0.700479
vt 0.208193 0.697802
vt 0.210341 0.681903
vt 0.228262 0.690017
vt 0.208700 0.688769
vt 0.193447 0.676655
vt 0.191023 0.685954
vt 0.175038 0.684413
vt 0.177244 0.674174
vt 0.190647 0.693608
vt 0.171120 0.692712
vt 0.207987 0.693438
vt 0.139446 0.666901
vt 0.141736 0.658524
vt 0.161489 0.665030
vt 0.158660 0.673690
vt 0.123452 0.664053
vt 0.123215 0.658687
vt 0.104338 0.665598
vt 0.103825 0.663277
vt 0.137366 0.673947
vt 0.155136 0.682185
vt 0.122464 0.668540
vt 0.114437 0.682233
vt 0.102971 0.667655
vt 0.118716 0.676465
vt 0.125845 0.693446
vt 0.131832 0.685713
vt 0.144776 0.694058
vt 0.140482 0.703263
vt 0.135016 0.679610
vt 0.150839 0.688495
vt 0.120923 0.672556
vt 0.338906 0.017489
vt 0.341886 0.008863
vt 0.357561 0.036912
vt 0.343669 0.046558
vt 0.040725 0.521471
vt 0.021361 0.532138
vt 0.021664 0.501439
vt 0.046477 0.490795
vt 0.036262 0.091395
vt 0.027596 0.157610
vt 0.013755 0.158766
vt 0.246660 0.259445
vt 0.299594 0.226507
vt 0.322435 0.303739
vt 0.272176 0.309679
vt 0.114142 0.396411
vt 0.106736 0.416651
vt 0.073088 0.425966
vt 0.070532 0.474809
vt 0.066573 0.514222
vt 0.078762 0.376354
vt 0.149252 0.357356
vt 0.108009 0.392286
vt 0.075989 0.392030
vt 0.114415 0.479002
vt 0.095097 0.447894
vt 0.114806 0.453885
vt 0.128012 0.473266
vt 0.487350 0.667651
vt 0.476632 0.661648
vt 0.477653 0.649063
vt 0.497115 0.654767
vt 0.547362 0.636964
vt 0.559510 0.643270
vt 0.562863 0.654191
vt 0.543564 0.644529
vt 0.544762 0.662948
vt 0.551975 0.683560
vt 0.530639 0.684211
vt 0.528827 0.657391
vt 0.607623 0.628749
vt 0.611893 0.637986
vt 0.596089 0.648918
vt 0.603445 0.632744
vt 0.636712 0.619798
vt 0.637745 0.625615
vt 0.628905 0.631514
vt 0.625755 0.619136
vt 0.684145 0.635493
vt 0.682923 0.640120
vt 0.667339 0.638992
vt 0.670680 0.631513
vt 0.507483 0.695680
vt 0.503445 0.675850
vt 0.719317 0.662596
vt 0.733815 0.672391
vt 0.715748 0.669362
vt 0.714327 0.665273
vt 0.682299 0.671648
vt 0.691568 0.681564
vt 0.691690 0.697424
vt 0.680500 0.682913
vt 0.561365 0.670317
vt 0.562806 0.682441
vt 0.712817 0.696116
vt 0.708689 0.687137
vt 0.720081 0.691928
vt 0.725092 0.703108
vt 0.537814 0.622746
vt 0.526632 0.620614
vt 0.525469 0.640841
vt 0.491282 0.631769
vt 0.509551 0.642002
vt 0.483964 0.641786
vt 0.709692 0.677252
vt 0.706572 0.697134
vt 0.604090 0.665503
vt 0.645684 0.644671
vt 0.646588 0.634001
vt 0.698897 0.656833
vt 0.704363 0.668685
vt 0.670415 0.662172
vt 0.456278 0.658284
vt 0.467316 0.645116
vt 0.758729 0.681720
vt 0.755266 0.685486
vt 0.741933 0.679163
vt 0.720727 0.682157
vt 0.728564 0.686141
vt 0.729490 0.696471
vt 0.750055 0.717535
vt 0.543869 0.616372
vt 0.551657 0.631814
vt 0.564794 0.635807
vt 0.600035 0.629924
vt 0.592602 0.640339
vt 0.590268 0.634907
vt 0.593483 0.626741
vt 0.581378 0.603346
vt 0.600298 0.618094
vt 0.587238 0.618344
vt 0.575959 0.606009
vt 0.530338 0.599819
vt 0.545320 0.603044
vt 0.590408 0.585490
vt 0.608404 0.597806
vt 0.624720 0.605420
vt 0.629913 0.602042
vt 0.656016 0.600458
vt 0.644404 0.624283
vt 0.633691 0.597935
vt 0.654002 0.591653
vt 0.502036 0.625987
vt 0.489118 0.610693
vt 0.497908 0.599694
vt 0.514224 0.616721
vt 0.660097 0.602822
vt 0.663276 0.616614
vt 0.678088 0.618167
vt 0.685218 0.617079
vt 0.714584 0.622599
vt 0.697731 0.636043
vt 0.692257 0.611418
vt 0.708368 0.605445
vt 0.465156 0.629670
vt 0.473600 0.620625
vt 0.728991 0.617652
vt 0.718215 0.637064
vt 0.731216 0.654329
vt 0.741147 0.653289
vt 0.767481 0.659561
vt 0.455693 0.641125
vt 0.449443 0.653073
vt 0.734930 0.689595
vt 0.735587 0.698224
vt 0.753136 0.711712
vt 0.550362 0.611853
vt 0.555184 0.624820
vt 0.567910 0.626098
vt 0.586428 0.624928
vt 0.585004 0.630255
vt 0.578163 0.620172
vt 0.570010 0.609385
vt 0.546819 0.585403
vt 0.536307 0.584328
vt 0.631383 0.593915
vt 0.625881 0.594607
vt 0.645714 0.583968
vt 0.634974 0.590079
vt 0.486234 0.592117
vt 0.480562 0.600551
vt 0.685488 0.609365
vt 0.680244 0.609912
vt 0.700827 0.595918
vt 0.690341 0.603401
vt 0.456898 0.620368
vt 0.463947 0.608652
vt 0.744543 0.647122
vt 0.737941 0.648254
vt 0.764246 0.645970
vt 0.723080 0.650258
vt 0.718336 0.642292
vt 0.727452 0.641450
vt 0.730744 0.646943
vt 0.711473 0.654497
vt 0.703959 0.644868
vt 0.697658 0.645329
vt 0.732798 0.682704
vt 0.745094 0.686240
vt 0.737635 0.686585
vt 0.724392 0.677691
vt 0.719057 0.672910
vt 0.669517 0.617866
vt 0.675074 0.609076
vt 0.657184 0.627633
vt 0.654721 0.631686
vt 0.616868 0.602620
vt 0.616942 0.592577
vt 0.613381 0.620017
vt 0.612239 0.627371
vt 0.641363 0.664613
vt 0.605836 0.677751
vt 0.581154 0.634235
vt 0.582202 0.640380
vt 0.581419 0.646864
vt 0.580517 0.656777
vt 0.581707 0.671837
vt 0.583499 0.678375
vt 0.586988 0.691105
vt 0.607211 0.687395
vt 0.603324 0.704676
vt 0.584597 0.708724
vt 0.584762 0.707131
vt 0.658537 0.689535
vt 0.662217 0.674236
vt 0.678603 0.698239
vt 0.493235 0.702135
vt 0.506654 0.707461
vt 0.495529 0.707442
vt 0.481140 0.690756
vt 0.476578 0.676133
vt 0.473578 0.668129
vt 0.450380 0.665246
vt 0.442921 0.658448
vt 0.729061 0.636611
vt 0.689763 0.642302
vt 0.672311 0.604385
vt 0.646125 0.629215
vt 0.612375 0.588883
vt 0.683997 0.646921
vt 0.527823 0.574312
vt 0.520954 0.589545
vt 0.471555 0.604778
vt 0.476017 0.618615
vt 0.457769 0.638043
vt 0.448633 0.625784
vt 0.754481 0.693484
vt 0.737992 0.626624
vt 0.665013 0.594386
vt 0.601286 0.573249
vt 0.447782 0.638527
vt 0.438015 0.644268
vt 0.741555 0.692148
vt 0.742277 0.696037
vt 0.747670 0.699860
vt 0.569363 0.620672
vt 0.557035 0.610850
vt 0.575604 0.621924
vt 0.568856 0.616412
vt 0.545009 0.575142
vt 0.534054 0.572966
vt 0.625479 0.587349
vt 0.632097 0.585031
vt 0.641907 0.579517
vt 0.480279 0.590620
vt 0.471852 0.597722
vt 0.683198 0.603402
vt 0.687620 0.599695
vt 0.695145 0.593094
vt 0.454949 0.606822
vt 0.444653 0.613277
vt 0.734341 0.639319
vt 0.737164 0.643052
vt 0.744770 0.691125
vt 0.676547 0.600192
vt 0.618314 0.583664
vt 0.576240 0.626112
vt 0.579669 0.625474
vt 0.744011 0.641449
vt 0.747976 0.696918
vt 0.739777 0.635471
vt 0.670001 0.592466
vt 0.611171 0.575009
vt 0.732526 0.862817
vt 0.776006 0.868175
vt 0.780909 0.891771
vt 0.737155 0.888497
vt 0.072440 0.441994
vt 0.375755 0.736859
vt 0.347094 0.721289
vt 0.352093 0.706387
vt 0.377928 0.726797
vt 0.262505 0.661222
vt 0.287552 0.693748
vt 0.249920 0.679162
vt 0.231856 0.650322
vt 0.688892 0.855356
vt 0.681642 0.807927
vt 0.718013 0.810159
vt 0.058556 0.601476
vt 0.059076 0.625087
vt 0.039113 0.617555
vt 0.036322 0.592027
vt 0.380949 0.130447
vt 0.393090 0.168890
vt 0.351346 0.186390
vt 0.351118 0.147923
vt 0.382273 0.679190
vt 0.402099 0.688370
vt 0.219658 0.616311
vt 0.263596 0.612765
vt 0.746652 0.804650
vt 0.151518 0.373128
vt 0.160415 0.395897
vt 0.116521 0.424264
vt 0.152359 0.384553
vt 0.532605 0.700825
vt 0.041117 0.402531
vt 0.036792 0.437441
vt 0.018549 0.440040
vt 0.018549 0.413009
vt 0.375397 0.093935
vt 0.345172 0.110989
vt 0.010716 0.235301
vt 0.011988 0.199281
vt 0.034397 0.199916
vt 0.035890 0.236085
vt 0.344819 0.087660
vt 0.342613 0.076407
vt 0.367555 0.063059
vt 0.371045 0.077299
vt 0.020901 0.557048
vt 0.034522 0.559281
vt 0.019724 0.588780
vt 0.046935 0.378418
vt 0.018035 0.377238
vt 0.326076 0.079576
vt 0.330475 0.049833
vt 0.138508 0.270621
vt 0.119009 0.237899
vt 0.148348 0.247277
vt 0.167868 0.270769
vt 0.150208 0.318348
vt 0.205217 0.315369
vt 0.636195 0.686301
vt 0.064690 0.201581
vt 0.075463 0.237079
vt 0.047471 0.151009
vt 0.047649 0.095959
vt 0.041051 0.454113
vt 0.019468 0.462666
vt 0.436219 0.899641
vt 0.436490 0.949556
vt 0.399200 0.968595
vt 0.387172 0.908050
vt 0.205424 0.382985
vt 0.231067 0.390315
vt 0.220113 0.393027
vt 0.213177 0.341893
vt 0.210154 0.363385
vt 0.770837 0.938657
vt 0.799549 0.886415
vt 0.788269 0.936743
vt 0.795102 0.861978
vt 0.440328 0.854720
vt 0.382073 0.863673
vt 0.390578 0.844257
vt 0.444281 0.838622
vt 0.756944 0.801981
vt 0.462625 0.795333
vt 0.430573 0.789093
vt 0.290020 0.014682
vt 0.275101 0.032360
vt 0.265191 0.014784
vt 0.288896 0.005180
vt 0.250272 0.021529
vt 0.256199 0.038798
vt 0.340824 0.339823
vt 0.284103 0.336603
vt 0.314627 0.529046
vt 0.323842 0.564485
vt 0.262765 0.580904
vt 0.260135 0.560890
vt 0.200028 0.524204
vt 0.171642 0.528876
vt 0.171396 0.511059
vt 0.201117 0.506352
vt 0.208363 0.568500
vt 0.209952 0.582706
vt 0.176989 0.576116
vt 0.180192 0.560214
vt 0.180192 0.614072
vt 0.504960 0.851063
vt 0.492911 0.897111
vt 0.515011 0.893455
vt 0.499155 0.956318
vt 0.467078 0.958350
vt 0.530192 0.849877
vt 0.551788 0.852300
vt 0.571184 0.855604
vt 0.568726 0.882222
vt 0.542488 0.891614
vt 0.148801 0.562701
vt 0.152990 0.545436
vt 0.181020 0.638101
vt 0.173395 0.658172
vt 0.121492 0.645921
vt 0.147157 0.627858
vt 0.058206 0.566041
vt 0.023251 0.618160
vt 0.735689 0.995972
vt 0.718929 0.984138
vt 0.726110 0.923524
vt 0.626715 0.839753
vt 0.687169 0.877912
vt 0.629911 0.868160
vt 0.571667 0.831717
vt 0.572545 0.810975
vt 0.595722 0.807899
vt 0.594496 0.832869
vt 0.626400 0.805464
vt 0.758195 0.993353
vt 0.550964 0.833339
vt 0.552579 0.807398
vt 0.494875 0.730311
vt 0.479477 0.758458
vt 0.457545 0.746849
vt 0.479689 0.720286
vt 0.528096 0.829687
vt 0.533667 0.804665
vt 0.530777 0.720720
vt 0.528204 0.741985
vt 0.502463 0.717390
vt 0.551110 0.699104
vt 0.551427 0.714727
vt 0.753269 0.640866
vt 0.556122 0.772487
vt 0.575624 0.766329
vt 0.595636 0.770645
vt 0.564805 0.732128
vt 0.542363 0.774420
vt 0.552082 0.735570
vt 0.510283 0.828786
vt 0.514028 0.801834
vt 0.521420 0.772019
vt 0.624916 0.770731
vt 0.670515 0.764577
vt 0.722143 0.758535
vt 0.731977 0.755195
vt 0.312756 0.112994
vt 0.318419 0.090814
vt 0.315230 0.167641
vt 0.053545 0.101075
vt 0.060258 0.145707
vt 0.234539 0.243339
vt 0.291353 0.206969
vt 0.080260 0.190900
vt 0.846262 0.501354
vt 0.829951 0.517355
vt 0.813743 0.484837
vt 0.836557 0.465325
vt 0.671690 0.494902
vt 0.676283 0.534131
vt 0.613361 0.487107
vt 0.617491 0.449014
vt 0.746536 0.427334
vt 0.770693 0.420830
vt 0.778126 0.458718
vt 0.775338 0.475235
vt 0.793507 0.412983
vt 0.797637 0.435385
vt 0.799701 0.349183
vt 0.796296 0.339790
vt 0.821898 0.336073
vt 0.826543 0.344538
vt 0.793094 0.511678
vt 0.802695 0.565669
vt 0.781017 0.527680
vt 0.558180 0.293642
vt 0.555083 0.299734
vt 0.523854 0.271551
vt 0.528810 0.273615
vt 0.537172 0.383148
vt 0.520809 0.343816
vt 0.525920 0.340305
vt 0.541922 0.371380
vt 0.530617 0.332821
vt 0.549457 0.357132
vt 0.802385 0.452007
vt 0.826130 0.438895
vt 0.579293 0.222203
vt 0.589100 0.238980
vt 0.558748 0.238617
vt 0.550800 0.225198
vt 0.863140 0.276609
vt 0.820814 0.270569
vt 0.825924 0.229636
vt 0.873826 0.259471
vt 0.787004 0.218281
vt 0.763878 0.212395
vt 0.772344 0.203207
vt 0.795056 0.207853
vt 0.746639 0.208576
vt 0.753246 0.195981
vt 0.797792 0.266647
vt 0.807032 0.223338
vt 0.794024 0.128361
vt 0.808683 0.124439
vt 0.817769 0.126503
vt 0.788863 0.133213
vt 0.901699 0.148906
vt 0.888484 0.156648
vt 0.883529 0.145085
vt 0.893131 0.138478
vt 0.774306 0.167797
vt 0.749943 0.176676
vt 0.749633 0.163152
vt 0.774100 0.154273
vt 0.611984 0.171652
vt 0.614910 0.176367
vt 0.600870 0.182147
vt 0.641235 0.167247
vt 0.629053 0.174715
vt 0.625646 0.167179
vt 0.630808 0.165630
vt 0.671586 0.161741
vt 0.655584 0.169863
vt 0.652177 0.161397
vt 0.660333 0.160056
vt 0.697085 0.156442
vt 0.706376 0.150661
vt 0.707994 0.156614
vt 0.728675 0.167488
vt 0.718352 0.181425
vt 0.710815 0.170999
vt 0.748807 0.153344
vt 0.744058 0.150764
vt 0.772448 0.132801
vt 0.772138 0.142298
vt 0.868353 0.127845
vt 0.888589 0.127227
vt 0.821278 0.117213
vt 0.835318 0.110501
vt 0.695639 0.173580
vt 0.809096 0.150764
vt 0.789276 0.152312
vt 0.726713 0.156442
vt 0.875271 0.158506
vt 0.863089 0.151900
vt 0.851527 0.143021
vt 0.603243 0.188651
vt 0.621825 0.186070
vt 0.634525 0.184728
vt 0.644331 0.172237
vt 0.646810 0.181425
vt 0.658682 0.178948
vt 0.675199 0.166765
vt 0.679019 0.178534
vt 0.690787 0.163152
vt 0.709679 0.160882
vt 0.794334 0.124439
vt 0.803316 0.118968
vt 0.968080 0.105237
vt 0.969113 0.110088
vt 0.949498 0.115560
vt 0.944335 0.108746
vt 0.932257 0.122890
vt 0.939586 0.126090
vt 0.935664 0.134968
vt 0.927612 0.134556
vt 0.934219 0.152003
vt 0.925237 0.149525
vt 0.896331 0.122168
vt 0.900874 0.132905
vt 0.910370 0.140440
vt 0.811781 0.070756
vt 0.804864 0.069619
vt 0.805276 0.061051
vt 0.812194 0.058780
vt 0.811471 0.049695
vt 0.801353 0.052689
vt 0.785146 0.031836
vt 0.791134 0.028223
vt 0.899840 0.119070
vt 0.877129 0.119689
vt 0.891170 0.113289
vt 0.799289 0.016660
vt 0.820763 0.034830
vt 0.839137 0.055064
vt 0.838209 0.043708
vt 0.845952 0.041024
vt 0.851732 0.052172
vt 0.864844 0.046392
vt 0.854521 0.033280
vt 0.868251 0.010156
vt 0.875064 0.020995
vt 0.859373 0.100591
vt 0.870419 0.103275
vt 0.865567 0.115354
vt 0.850804 0.112567
vt 0.888692 0.018312
vt 0.881671 0.039785
vt 0.896848 0.057129
vt 0.895917 0.071169
vt 0.881156 0.067451
vt 0.887143 0.056302
vt 0.911507 0.071169
vt 0.907584 0.052895
vt 0.921521 0.040714
vt 0.924618 0.054753
vt 0.821485 0.105443
vt 0.831292 0.103275
vt 0.934529 0.052793
vt 0.926991 0.070240
vt 0.946091 0.093260
vt 0.932361 0.103482
vt 0.936077 0.090473
vt 0.967460 0.091918
vt 0.794128 0.117831
vt 0.799495 0.112876
vt 0.944956 0.128982
vt 0.943097 0.136001
vt 0.942065 0.150661
vt 0.906241 0.129084
vt 0.904590 0.120207
vt 0.916565 0.134350
vt 0.798359 0.068072
vt 0.799082 0.061773
vt 0.781017 0.036274
vt 0.794643 0.054651
vt 0.898705 0.106888
vt 0.906964 0.109159
vt 0.837589 0.034313
vt 0.843268 0.030804
vt 0.849771 0.021098
vt 0.860405 0.006130
vt 0.862366 0.093055
vt 0.871245 0.094397
vt 0.892615 0.046702
vt 0.899840 0.046702
vt 0.907377 0.042160
vt 0.916565 0.034107
vt 0.824684 0.098010
vt 0.830776 0.096772
vt 0.942375 0.082421
vt 0.949498 0.083763
vt 0.964157 0.082937
vt 0.926166 0.079325
vt 0.934219 0.073956
vt 0.937626 0.080666
vt 0.930398 0.087273
vt 0.922862 0.095119
vt 0.914810 0.082834
vt 0.687588 0.158713
vt 0.676851 0.156854
vt 0.954039 0.120515
vt 0.948465 0.125265
vt 0.944026 0.120826
vt 0.938245 0.115560
vt 0.715151 0.154067
vt 0.882084 0.050728
vt 0.888898 0.043192
vt 0.871968 0.058367
vt 0.643919 0.163152
vt 0.830776 0.041024
vt 0.831601 0.032559
vt 0.825615 0.053722
vt 0.616251 0.169037
vt 0.637982 0.196394
vt 0.800322 0.080873
vt 0.795160 0.076744
vt 0.806412 0.087376
vt 0.585591 0.168934
vt 0.598908 0.176676
vt 0.579706 0.173683
vt 0.578158 0.183800
vt 0.604069 0.197221
vt 0.639014 0.205427
vt 0.602933 0.208886
vt 0.845848 0.163463
vt 0.867321 0.170585
vt 0.862469 0.189891
vt 0.834390 0.184419
vt 0.817871 0.177811
vt 0.817459 0.161294
vt 0.794953 0.178019
vt 0.792372 0.164392
vt 0.779158 0.180392
vt 0.718352 0.194433
vt 0.680773 0.189477
vt 0.681394 0.198665
vt 0.542232 0.204654
vt 0.556685 0.191027
vt 0.576403 0.195878
vt 0.566802 0.209505
vt 0.562259 0.175438
vt 0.564943 0.167901
vt 0.571794 0.166096
vt 0.802283 0.103069
vt 0.791753 0.098319
vt 0.781325 0.122065
vt 0.783493 0.114734
vt 0.935560 0.066214
vt 0.669005 0.156442
vt 0.890239 0.034519
vt 0.638241 0.159952
vt 0.824479 0.024609
vt 0.607372 0.167591
vt 0.603656 0.170999
vt 0.725785 0.150145
vt 0.884768 0.105443
vt 0.894782 0.099352
vt 0.848223 0.095635
vt 0.855036 0.088100
vt 0.845022 0.121444
vt 0.812194 0.105443
vt 0.815910 0.094913
vt 0.969938 0.116386
vt 0.941445 0.053206
vt 0.896022 0.019653
vt 0.807755 0.010259
vt 0.787417 0.091815
vt 0.793507 0.105753
vt 0.951149 0.129808
vt 0.950117 0.136930
vt 0.948155 0.146325
vt 0.921004 0.128878
vt 0.790618 0.055477
vt 0.781120 0.044431
vt 0.910680 0.101829
vt 0.836144 0.025641
vt 0.845642 0.019448
vt 0.853591 0.006646
vt 0.871037 0.089544
vt 0.897570 0.038132
vt 0.904177 0.037719
vt 0.912538 0.031112
vt 0.827678 0.091197
vt 0.949910 0.078086
vt 0.960854 0.078291
vt 0.940104 0.066627
vt 0.942375 0.075091
vt 0.955692 0.124336
vt 0.895299 0.032868
vt 0.828196 0.021616
vt 0.789378 0.074575
vt 0.792681 0.064872
vt 0.963951 0.122581
vt 0.945058 0.057644
vt 0.899531 0.021719
vt 0.815290 0.010363
vt 0.784114 0.086138
vt 0.752523 0.254464
vt 0.730327 0.239702
vt 0.778280 0.263756
vt 0.539030 0.215699
vt 0.828505 0.216423
vt 0.866290 0.226023
vt 0.813535 0.211157
vt 0.719075 0.205583
vt 0.709679 0.224784
vt 0.680568 0.208061
vt 0.852353 0.208369
vt 0.837487 0.197633
vt 0.817356 0.186793
vt 0.786384 0.191646
vt 0.796914 0.188136
vt 0.832325 0.208576
vt 0.815703 0.200008
vt 0.521583 0.209402
vt 0.621310 0.315942
vt 0.626987 0.302108
vt 0.632357 0.304895
vt 0.635866 0.318935
vt 0.816839 0.311192
vt 0.793920 0.310677
vt 0.776681 0.350939
vt 0.776783 0.336280
vt 0.727953 0.382839
vt 0.720726 0.355998
vt 0.748187 0.357855
vt 0.756032 0.379948
vt 0.780499 0.379536
vt 0.659920 0.381290
vt 0.653003 0.426714
vt 0.621000 0.410610
vt 0.628227 0.373857
vt 0.610161 0.508270
vt 0.585899 0.484010
vt 0.591784 0.458305
vt 0.595397 0.420726
vt 0.598391 0.384800
vt 0.603346 0.357959
vt 0.649494 0.292198
vt 0.652075 0.314186
vt 0.663121 0.265460
vt 0.631324 0.268556
vt 0.639092 0.236347
vt 0.678399 0.234386
vt 0.858960 0.323065
vt 0.861851 0.307890
vt 0.800114 0.196910
vt 0.815084 0.399046
vt 0.807238 0.376335
vt 0.820040 0.411539
vt 0.745606 0.346087
vt 0.716700 0.336693
vt 0.639634 0.213790
vt 0.608095 0.217352
vt 0.612483 0.334111
vt 0.594908 0.330730
vt 0.600766 0.315374
vt 0.721861 0.503108
vt 0.736212 0.540067
vt 0.738895 0.298082
vt 0.715358 0.281357
vt 0.768627 0.309850
vt 0.550697 0.252865
vt 0.573099 0.266802
vt 0.716494 0.310367
vt 0.690220 0.287551
vt 0.696362 0.255033
vt 0.864740 0.331736
vt 0.744265 0.327608
vt 0.700285 0.376799
vt 0.685419 0.348668
vt 0.509866 0.281409
vt 0.543806 0.311503
vt 0.777403 0.362191
vt 0.833976 0.346809
vt 0.866806 0.335659
vt 0.876613 0.344641
vt 0.849565 0.361469
vt 0.803211 0.357443
vt 0.609438 0.239753
vt 0.599836 0.270828
vt 0.698428 0.438895
vt 0.732598 0.429811
vt 0.582492 0.308819
vt 0.575060 0.320277
vt 0.595500 0.300249
vt 0.609954 0.304431
vt 0.615838 0.287655
vt 0.633079 0.287139
vt 0.561690 0.337725
vt 0.637311 0.340769
vt 0.687640 0.321516
vt 0.683613 0.565927
vt 0.755207 0.580743
vt 0.830569 0.143950
vt 0.861541 0.160675
vt 0.846570 0.158713
vt 0.826543 0.154481
vt 0.804553 0.159746
vt 0.790204 0.162119
vt 0.580893 0.348977
vt 0.561278 0.279655
vt 0.656617 0.342370
vt 0.572893 0.367612
vt 0.559885 0.418094
vt 0.553793 0.430276
vt 0.535417 0.259678
vt 0.295742 0.016215
vt 0.296662 0.004873
vt 0.148899 0.488830
vt 0.145040 0.509625
vt 0.171290 0.498458
vt 0.201642 0.497651
vt 0.234161 0.486085
vt 0.237850 0.494694
vt 0.594122 0.859385
vt 0.592985 0.877455
vt 0.628832 0.881322
vt 0.677132 0.899648
vt 0.250871 0.530660
vt 0.145412 0.528227
vt 0.146973 0.597581
vt 0.110241 0.490991
vt 0.101560 0.537582
vt 0.106673 0.503610
vt 0.096217 0.610524
vt 0.093234 0.582525
vt 0.046271 0.474229
vt 0.021377 0.485598
vt 0.072950 0.414880
vt 0.659799 0.927941
vt 0.618305 0.905513
vt 0.588286 0.906407
vt 0.569540 0.917033
vt 0.528709 0.941980
vt 0.279441 0.369044
vt 0.270181 0.378704
vt 0.696648 0.968405
vt 0.280108 0.489421
vt 0.258511 0.465178
vt 0.249091 0.446906
vt 0.288560 0.406169
vt 0.289965 0.439647
vt 0.265704 0.429900
vt 0.271424 0.401850
vt 0.250613 0.425349
vt 0.251757 0.409135
vt 0.566957 0.386916
vt 0.281642 0.046462
vt 0.266417 0.079057
vt 0.270709 0.050549
vt 0.829124 0.375561
vt 0.235352 0.044623
vt 0.233923 0.022347
vt 0.887659 0.472242
vt 0.871142 0.472654
vt 0.857204 0.465531
vt 0.883942 0.453659
vt 0.860405 0.497740
vt 0.854418 0.447775
vt 0.878780 0.430638
vt 0.208581 0.050958
vt 0.204495 0.026331
vt 0.848533 0.422378
vt 0.877439 0.413912
vt 0.182117 0.025207
vt 0.186714 0.050549
vt 0.489891 0.289927
vt 0.473992 0.297668
vt 0.087607 0.042917
vt 0.075854 0.023239
vt 0.848223 0.395020
vt 0.882704 0.391613
vt 0.155651 0.022755
vt 0.155548 0.042681
vt 0.135623 0.019996
vt 0.137564 0.038899
vt 0.103539 0.040023
vt 0.109566 0.016215
vt 0.865257 0.378916
vt 0.887040 0.384387
vt 0.883737 0.352281
vt 0.898705 0.358991
vt 0.762743 0.487726
vt 0.700863 0.734034
vt 0.698921 0.762140
vt 0.683844 0.733960
vt 0.662319 0.734340
vt 0.628341 0.731741
vt 0.632102 0.701696
vt 0.657671 0.704609
vt 0.603788 0.726020
vt 0.582439 0.729514
vt 0.708607 0.729695
vt 0.313843 0.461251
vt 0.314686 0.418540
vt 0.390053 0.337102
vt 0.374884 0.296901
vt 0.430796 0.337396
vt 0.425209 0.292964
vt 0.318434 0.705719
vt 0.303111 0.676704
vt 0.432541 0.020643
vt 0.435619 0.040979
vt 0.420501 0.037232
vt 0.421170 0.020643
vt 0.403645 0.015293
vt 0.403108 0.024791
vt 0.375594 0.014668
vt 0.378529 0.010274
vt 0.429465 0.049408
vt 0.417557 0.041113
vt 0.399763 0.029206
vt 0.402445 0.004853
vt 0.400168 0.004997
vt 0.419423 0.007100
vt 0.411422 0.004353
vt 0.426616 0.005649
vt 0.411939 0.043118
vt 0.420234 0.057166
vt 0.397624 0.062652
vt 0.394280 0.051279
vt 0.383174 0.037232
vt 0.393209 0.032016
vt 0.373207 0.018770
vt 0.625228 0.119654
vt 0.628775 0.138020
vt 0.616234 0.131308
vt 0.616362 0.117500
vt 0.600657 0.114335
vt 0.599263 0.121301
vt 0.583389 0.114208
vt 0.585647 0.111864
vt 0.625100 0.147139
vt 0.615094 0.137640
vt 0.597742 0.125227
vt 0.582022 0.133743
vt 0.580686 0.116874
vt 0.587611 0.129660
vt 0.586671 0.148261
vt 0.581209 0.131487
vt 0.594957 0.144099
vt 0.585653 0.146479
vt 0.599263 0.153218
vt 0.590306 0.156053
vt 0.611803 0.139034
vt 0.618769 0.152206
vt 0.594322 0.126748
vt 0.268011 0.206691
vt 0.247236 0.195922
vt 0.255090 0.186928
vt 0.273459 0.197316
vt 0.281059 0.186295
vt 0.270417 0.179074
vt 0.291489 0.167799
vt 0.293030 0.172234
vt 0.241280 0.187182
vt 0.250783 0.181987
vt 0.266110 0.174640
vt 0.250021 0.176287
vt 0.239127 0.179580
vt 0.242674 0.165265
vt 0.253063 0.164632
vt 0.267505 0.164380
vt 0.265603 0.171094
vt 0.289736 0.163366
vt 0.270925 0.157411
vt 0.256735 0.152851
vt 0.244574 0.150445
vt 0.256186 0.727392
vt 0.242414 0.714981
vt 0.252639 0.711060
vt 0.263659 0.722134
vt 0.273561 0.716365
vt 0.266319 0.707561
vt 0.283104 0.702395
vt 0.284290 0.706897
vt 0.240649 0.707815
vt 0.250116 0.706459
vt 0.262560 0.703563
vt 0.250014 0.701924
vt 0.238972 0.699651
vt 0.246430 0.688859
vt 0.254456 0.692790
vt 0.266579 0.694540
vt 0.262952 0.699455
vt 0.282810 0.698350
vt 0.270477 0.689587
vt 0.259480 0.686814
vt 0.250183 0.683214
vt 0.043462 0.668655
vt 0.036388 0.677587
vt 0.020096 0.668798
vt 0.030242 0.658079
vt 0.050967 0.658221
vt 0.042390 0.650646
vt 0.055920 0.641594
vt 0.058469 0.645502
vt 0.015664 0.660794
vt 0.026241 0.654933
vt 0.038533 0.647215
vt 0.025097 0.650074
vt 0.013379 0.653077
vt 0.014806 0.641643
vt 0.024954 0.641356
vt 0.037961 0.638354
vt 0.037532 0.643215
vt 0.054182 0.637570
vt 0.038533 0.633638
vt 0.025241 0.634640
vt 0.014522 0.634926
vt 0.914087 0.119276
vt 0.901596 0.095223
vt 0.862366 0.087015
vt 0.819679 0.090629
vt 0.787881 0.109263
vt 0.701567 0.700240
vt 0.416339 0.632174
vt 0.356945 0.221122
vt 0.405762 0.208265
vt 0.047373 0.353715
vt 0.083419 0.353317
vt 0.017112 0.359246
vt 0.085343 0.271125
vt 0.038246 0.270954
vt 0.010983 0.271268
vt 0.089387 0.318985
vt 0.045957 0.319429
vt 0.014825 0.321032
vt 0.339619 0.646882
vt 0.329991 0.613280
vt 0.368598 0.581453
vt 0.377234 0.608978
vt 0.293053 0.356809
vt 0.210452 0.332812
vt 0.357924 0.518839
vt 0.358640 0.440663
vt 0.149767 0.336340
vt 0.370881 0.483123
vt 0.389927 0.507047
vt 0.424879 0.515050
vt 0.358076 0.387730
vt 0.392744 0.419956
vt 0.428764 0.428737
vt 0.690929 0.703590
vt 0.699594 0.713452
vt 0.702038 0.721337
vt 0.691863 0.717667
vt 0.563369 0.712339
vt 0.563332 0.698120
vt 0.490990 0.712610
vt 0.678560 0.712130
vt 0.091979 0.118902
vt 0.085203 0.120071
vt 0.084853 0.116917
vt 0.090460 0.113996
vt 0.115111 0.129065
vt 0.120718 0.122524
vt 0.120718 0.123576
vt 0.120134 0.131051
vt 0.203632 0.080912
vt 0.211984 0.077933
vt 0.209939 0.081029
vt 0.107516 0.139989
vt 0.105998 0.129649
vt 0.121360 0.142033
vt 0.213444 0.090607
vt 0.207018 0.085467
vt 0.217533 0.080912
vt 0.221973 0.085467
vt 0.092211 0.126145
vt 0.085436 0.127431
vt 0.098638 0.127197
vt 0.096068 0.117034
vt 0.097236 0.115515
vt 0.104246 0.122291
vt 0.123697 0.125854
vt 0.178280 0.070865
vt 0.185057 0.075421
vt 0.179303 0.076385
vt 0.103544 0.124918
vt 0.168790 0.121531
vt 0.175274 0.130468
vt 0.150040 0.134557
vt 0.149836 0.125911
vt 0.140286 0.125503
vt 0.136722 0.134556
vt 0.138474 0.215750
vt 0.144082 0.215633
vt 0.143382 0.221356
vt 0.141044 0.221590
vt 0.129245 0.214580
vt 0.124222 0.216566
vt 0.121593 0.205469
vt 0.135788 0.206403
vt 0.219084 0.159907
vt 0.215461 0.156754
vt 0.224048 0.155352
vt 0.220835 0.161427
vt 0.118556 0.221707
vt 0.118498 0.225796
vt 0.116571 0.223460
vt 0.117213 0.216100
vt 0.125975 0.218904
vt 0.120834 0.221298
vt 0.148989 0.219195
vt 0.158744 0.213996
vt 0.156290 0.218027
vt 0.189702 0.217093
vt 0.185321 0.209032
vt 0.195835 0.209558
vt 0.198054 0.220655
vt 0.178311 0.222058
vt 0.172354 0.216041
vt 0.159386 0.219663
vt 0.170836 0.220655
vt 0.126443 0.217501
vt 0.173756 0.121006
vt 0.197120 0.224044
vt 0.189818 0.223752
vt 0.192097 0.129358
vt 0.204948 0.126263
vt 0.215578 0.132688
vt 0.197354 0.138177
vt 0.190053 0.122057
vt 0.204012 0.118669
vt 0.201995 0.084534
vt 0.205617 0.070164
vt 0.202755 0.069551
vt 0.206084 0.058130
vt 0.210349 0.070309
vt 0.111693 0.120334
vt 0.108481 0.120070
vt 0.110905 0.107337
vt 0.115635 0.118171
vt 0.133218 0.129299
vt 0.150827 0.069462
vt 0.169343 0.072121
vt 0.163794 0.074311
vt 0.149893 0.073317
vt 0.105063 0.119107
vt 0.222587 0.177782
vt 0.215170 0.170538
vt 0.219842 0.168670
vt 0.222237 0.168319
vt 0.129245 0.233273
vt 0.128690 0.223926
vt 0.133276 0.224307
vt 0.136285 0.226410
vt 0.196068 0.174393
vt 0.204481 0.165748
vt 0.203078 0.172173
vt 0.126530 0.224131
vt 0.217215 0.219370
vt 0.214410 0.213647
vt 0.221187 0.215049
vt 0.221887 0.222641
vt 0.210789 0.204535
vt 0.226034 0.207162
vt 0.174691 0.207806
vt 0.163767 0.175971
vt 0.142447 0.174978
vt 0.158802 0.170304
vt 0.159588 0.081029
vt 0.132193 0.079510
vt 0.180383 0.084534
vt 0.193584 0.084299
vt 0.195803 0.077875
vt 0.152961 0.142735
vt 0.177728 0.141449
vt 0.131376 0.073201
vt 0.195803 0.073668
vt 0.093615 0.116566
vt 0.093847 0.114463
vt 0.095950 0.138236
vt 0.218584 0.076588
vt 0.145133 0.206987
vt 0.181671 0.171502
vt 0.180824 0.166624
vt 0.203429 0.162711
vt 0.175742 0.183272
vt 0.181934 0.177899
vt 0.216746 0.161075
vt 0.208687 0.164698
vt 0.220835 0.161659
vt 0.160262 0.206578
vt 0.198491 0.077757
vt 0.113008 0.215515
vt 0.114059 0.205820
vt 0.114759 0.226381
vt 0.113826 0.223050
vt 0.117181 0.070397
vt 0.137891 0.143260
vt 0.086137 0.137945
vt 0.139176 0.185491
vt 0.160438 0.184673
vt 0.217098 0.151846
vt 0.224224 0.152314
vt 0.133801 0.187011
vt 0.126675 0.183505
vt 0.154681 0.107665
vt 0.156784 0.095280
vt 0.178513 0.095515
vt 0.181434 0.105212
vt 0.197557 0.092710
vt 0.200244 0.098785
vt 0.122030 0.091016
vt 0.119284 0.101882
vt 0.090662 0.083832
vt 0.085522 0.092945
vt 0.100709 0.073319
vt 0.091512 0.174628
vt 0.099338 0.171239
vt 0.112657 0.183505
vt 0.102260 0.187828
vt 0.118615 0.175211
vt 0.160087 0.153366
vt 0.129304 0.157278
vt 0.175391 0.151788
vt 0.205883 0.152664
vt 0.097936 0.166098
vt 0.091277 0.159673
vt 0.108654 0.072032
vt 0.210673 0.121822
vt 0.211256 0.113879
vt 0.218850 0.124626
vt 0.220221 0.078926
vt 0.194551 0.177547
vt 0.755747 0.596915
vt 0.745633 0.597222
vt 0.739879 0.591861
vt 0.752750 0.589941
vt 0.788406 0.597009
vt 0.786550 0.587548
vt 0.806594 0.588924
vt 0.807481 0.599293
vt 0.749754 0.612752
vt 0.737272 0.606577
vt 0.741011 0.603648
vt 0.752814 0.609095
vt 0.803644 0.627949
vt 0.783560 0.624222
vt 0.785333 0.620405
vt 0.805510 0.621314
vt 0.736326 0.592681
vt 0.738525 0.597220
vt 0.734835 0.605672
vt 0.738128 0.602023
vt 0.756644 0.603465
vt 0.745338 0.600737
vt 0.788868 0.606072
vt 0.807577 0.608694
vt 0.756240 0.604980
vt 0.745871 0.602399
vt 0.787958 0.612150
vt 0.806791 0.614661
vt 0.770231 0.597693
vt 0.767792 0.589858
vt 0.765518 0.619154
vt 0.768104 0.615599
vt 0.770665 0.605815
vt 0.770749 0.610281
vt 0.826363 0.598574
vt 0.825086 0.587546
vt 0.826707 0.619909
vt 0.826287 0.625418
vt 0.827236 0.607590
vt 0.827040 0.613458
vt 0.840506 0.597226
vt 0.841184 0.587497
vt 0.844095 0.616380
vt 0.843875 0.622951
vt 0.843185 0.604953
vt 0.842398 0.610918
vt 0.509874 0.231491
vt 0.511308 0.267884
vt 0.467872 0.270851
vt 0.465189 0.230243
vt 0.436533 0.268589
vt 0.434386 0.222368
vt 0.431411 0.145335
vt 0.462920 0.160473
vt 0.431300 0.113039
vt 0.465602 0.123665
vt 0.430194 0.091119
vt 0.465812 0.095872
vt 0.510545 0.169326
vt 0.507116 0.134155
vt 0.505737 0.098525
vt 0.924856 0.242006
vt 0.938026 0.183112
vt 0.964031 0.196283
vt 0.957190 0.244738
vt 0.958942 0.297893
vt 0.991851 0.298833
vt 0.994989 0.340663
vt 0.954021 0.340293
vt 0.986513 0.160133
vt 0.987029 0.183098
vt 0.958620 0.174695
vt 0.908148 0.236320
vt 0.907461 0.184647
vt 0.923153 0.341495
vt 0.910060 0.338902
vt 0.908886 0.293085
vt 0.923411 0.295699
vt 0.921669 0.162199
vt 0.988838 0.235798
vt 0.328859 0.820763
vt 0.332090 0.785389
vt 0.379771 0.782417
vt 0.378066 0.818533
vt 0.159638 0.774422
vt 0.174459 0.806521
vt 0.151195 0.811950
vt 0.126120 0.776911
vt 0.243429 0.813511
vt 0.200612 0.809447
vt 0.196430 0.773669
vt 0.251633 0.779276
vt 0.284492 0.815055
vt 0.291365 0.781968
vt 0.094204 0.782069
vt 0.128239 0.815726
vt 0.111457 0.816358
vt 0.069137 0.782648
vt 0.049698 0.739443
vt 0.085805 0.734993
vt 0.381302 0.741940
vt 0.330632 0.740370
vt 0.289167 0.737539
vt 0.130345 0.735370
vt 0.186244 0.732168
vt 0.252279 0.736663
vt 0.010676 0.751250
vt 0.377414 0.845059
vt 0.327599 0.842527
vt 0.159648 0.840873
vt 0.180438 0.837939
vt 0.201203 0.837684
vt 0.248650 0.839569
vt 0.285659 0.841512
vt 0.130473 0.846074
vt 0.142538 0.846427
vt 0.574908 0.039560
vt 0.604606 0.045050
vt 0.588379 0.077061
vt 0.565358 0.073268
vt 0.548363 0.028949
vt 0.546077 0.060282
vt 0.521459 0.057293
vt 0.517114 0.029944
vt 0.483705 0.030949
vt 0.489944 0.051663
vt 0.468636 0.052349
vt 0.462550 0.035788
vt 0.650191 0.047782
vt 0.715108 0.049923
vt 0.709315 0.078231
vt 0.642039 0.076111
vt 0.758923 0.048760
vt 0.757925 0.078095
vt 0.616249 0.009210
vt 0.654634 0.009405
vt 0.475551 0.006513
vt 0.511516 0.004981
vt 0.552925 0.008266
vt 0.590391 0.008204
vt 0.448700 0.012626
vt 0.717268 0.007202
vt 0.761869 0.007715
vt 0.565929 0.097605
vt 0.580223 0.103749
vt 0.533633 0.090212
vt 0.466502 0.078930
vt 0.492587 0.079058
vt 0.519697 0.084764
vt 0.550182 0.096682
vt 0.664880 0.105508
vt 0.733709 0.106609
vt 0.605395 0.103603
vt 0.757072 0.106144
vt 0.701495 0.107614
vt 0.629366 0.103464
vt 0.646950 0.942022
vt 0.649117 0.949655
vt 0.637727 0.955589
vt 0.635016 0.948627
vt 0.595075 0.967576
vt 0.582667 0.969574
vt 0.583298 0.958995
vt 0.592886 0.957046
vt 0.564312 0.969815
vt 0.566708 0.958931
vt 0.625157 0.937586
vt 0.619103 0.946024
vt 0.605923 0.945283
vt 0.614664 0.932308
vt 0.535821 0.953962
vt 0.544373 0.945068
vt 0.550031 0.950142
vt 0.548961 0.956094
vt 0.619884 0.956482
vt 0.604676 0.958645
vt 0.592571 0.952147
vt 0.565875 0.947561
vt 0.579715 0.948170
vt 0.856436 0.753654
vt 0.865486 0.767384
vt 0.852847 0.768031
vt 0.848519 0.760550
vt 0.826283 0.766120
vt 0.833761 0.763560
vt 0.833734 0.768253
vt 0.829979 0.773036
vt 0.901359 0.682378
vt 0.896300 0.693545
vt 0.882805 0.686214
vt 0.887189 0.680287
vt 0.912264 0.914696
vt 0.909162 0.905170
vt 0.918683 0.906093
vt 0.902486 0.913378
vt 0.904490 0.922403
vt 0.923138 0.916515
vt 0.922114 0.920902
vt 0.841607 0.770680
vt 0.848009 0.777164
vt 0.839895 0.777940
vt 0.838832 0.770949
vt 0.610997 0.970729
vt 0.614527 0.987359
vt 0.598234 0.989576
vt 0.898599 0.746440
vt 0.905149 0.735779
vt 0.919739 0.749090
vt 0.919178 0.771092
vt 0.852812 0.773545
vt 0.865026 0.776626
vt 0.922043 0.910528
vt 0.838856 0.755556
vt 0.840943 0.763159
vt 0.836012 0.760605
vt 0.819307 0.771546
vt 0.822151 0.783176
vt 0.843586 0.769459
vt 0.842798 0.765948
vt 0.825318 0.758563
vt 0.880937 0.683545
vt 0.875383 0.690061
vt 0.875384 0.685060
vt 0.862667 0.687345
vt 0.861624 0.693375
vt 0.840752 0.693015
vt 0.839104 0.688544
vt 0.889680 0.626079
vt 0.885574 0.628749
vt 0.880150 0.615278
vt 0.884729 0.615717
vt 0.891111 0.642780
vt 0.894244 0.622920
vt 0.897794 0.643475
vt 0.887028 0.646242
vt 0.889319 0.667865
vt 0.886357 0.666161
vt 0.881329 0.666399
vt 0.885773 0.678893
vt 0.880033 0.676972
vt 0.853118 0.557589
vt 0.882468 0.547166
vt 0.887299 0.559246
vt 0.866655 0.572451
vt 0.787692 0.685341
vt 0.794160 0.673164
vt 0.807255 0.680254
vt 0.800412 0.693495
vt 0.860367 0.713901
vt 0.836104 0.709087
vt 0.771243 0.711423
vt 0.763427 0.703057
vt 0.775001 0.699658
vt 0.780186 0.706360
vt 0.773942 0.684895
vt 0.783172 0.692183
vt 0.774113 0.695952
vt 0.885589 0.755089
vt 0.910182 0.792034
vt 0.879873 0.780365
vt 0.876876 0.764510
vt 0.826840 0.754848
vt 0.842034 0.748781
vt 0.935369 0.899294
vt 0.931395 0.891795
vt 0.930462 0.885095
vt 0.777053 0.678329
vt 0.793839 0.712636
vt 0.790818 0.699949
vt 0.816337 0.701553
vt 0.916749 0.924879
vt 0.894542 0.723808
vt 0.869475 0.733818
vt 0.818002 0.760288
vt 0.888744 0.809500
vt 0.875190 0.793207
vt 0.807849 0.764534
vt 0.807590 0.778099
vt 0.809835 0.793130
vt 0.813548 0.722977
vt 0.797785 0.736167
vt 0.781563 0.721255
vt 0.833140 0.734277
vt 0.807946 0.752778
vt 0.762843 0.697865
vt 0.871929 0.672442
vt 0.876279 0.676756
vt 0.917810 0.566487
vt 0.916041 0.576527
vt 0.837496 0.675787
vt 0.784204 0.663834
vt 0.796221 0.669268
vt 0.784238 0.668046
vt 0.777016 0.662763
vt 0.807879 0.677648
vt 0.826309 0.686489
vt 0.824255 0.688312
vt 0.939252 0.578611
vt 0.938692 0.567168
vt 0.812053 0.668952
vt 0.543368 0.967019
vt 0.530407 0.963050
vt 0.522086 0.955181
vt 0.528267 0.949027
vt 0.928704 0.806833
vt 0.945615 0.820611
vt 0.936190 0.843298
vt 0.910078 0.828728
vt 0.645792 0.932597
vt 0.517475 0.970691
vt 0.582800 0.992286
vt 0.560855 0.995716
vt 0.878043 0.969835
vt 0.908582 0.948758
vt 0.922684 0.957070
vt 0.920109 0.971632
vt 0.529867 0.987292
vt 0.890491 0.859469
vt 0.895873 0.866138
vt 0.883766 0.890303
vt 0.858887 0.895721
vt 0.911541 0.853876
vt 0.915124 0.863461
vt 0.928770 0.862571
vt 0.923725 0.868904
vt 0.964258 0.921308
vt 0.968641 0.939801
vt 0.954382 0.934244
vt 0.626819 0.979968
vt 0.623427 0.969694
vt 0.641711 0.968560
vt 0.976134 0.889561
vt 0.978048 0.914763
vt 0.967893 0.906569
vt 0.953752 0.892582
vt 0.650148 0.959854
vt 0.534959 0.948082
vt 0.850292 0.862596
vt 0.881290 0.845964
vt 0.945118 0.880428
vt 0.967631 0.860654
vt 0.653914 0.935886
vt 0.662001 0.936948
vt 0.665024 0.944174
vt 0.882481 0.647027
vt 0.825728 0.796783
vt 0.819223 0.821536
vt 0.791544 0.659673
vt 0.921574 0.987056
vt 0.885056 0.991486
vt 0.997357 0.923896
vt 0.981078 0.949769
vt 0.999209 0.896807
vt 0.948604 0.728478
vt 0.958353 0.692934
vt 0.978551 0.702510
vt 0.970771 0.733691
vt 0.991670 0.865761
vt 0.929382 0.706184
vt 0.942827 0.667101
vt 0.972987 0.659817
vt 0.987290 0.663521
vt 0.843582 0.788421
vt 0.848170 0.797763
vt 0.828887 0.786927
vt 0.833709 0.776420
vt 0.835946 0.770108
vt 0.909619 0.925347
vt 0.921985 0.719790
vt 0.907956 0.711366
vt 0.914926 0.700756
vt 0.887017 0.704444
vt 0.950190 0.783683
vt 0.950626 0.760762
vt 0.966505 0.763536
vt 0.967585 0.789582
vt 0.863922 0.747803
vt 0.870231 0.743087
vt 0.819349 0.876269
vt 0.830710 0.909311
vt 0.755897 0.705436
vt 0.762749 0.717586
vt 0.872415 0.590796
vt 0.879748 0.586693
vt 0.882546 0.600939
vt 0.877424 0.600190
vt 0.843648 0.838672
vt 0.806857 0.851302
vt 0.798571 0.827848
vt 0.773905 0.726926
vt 0.790302 0.745357
vt 0.796725 0.782348
vt 0.795352 0.801844
vt 0.797476 0.759281
vt 0.778915 0.659862
vt 0.868957 0.934484
vt 0.839412 0.944323
vt 0.862376 0.607555
vt 0.869041 0.612882
vt 0.846287 0.973746
vt 0.852741 0.995025
vt 0.980427 0.632924
vt 0.998908 0.632382
vt 0.799749 0.770092
vt 0.862003 0.785128
vt 0.857490 0.813264
vt 0.903238 0.622924
vt 0.911937 0.635787
vt 0.906342 0.594585
vt 0.900932 0.604409
vt 0.892680 0.602333
vt 0.891862 0.586347
vt 0.923858 0.670387
vt 0.943404 0.628025
vt 0.958814 0.636131
vt 0.881264 0.537546
vt 0.866003 0.538513
vt 0.882490 0.523451
vt 0.900332 0.664579
vt 0.918230 0.653356
vt 0.857453 0.518041
vt 0.876148 0.500381
vt 0.887824 0.508435
vt 0.929688 0.618053
vt 0.869879 0.632923
vt 0.882519 0.631788
vt 0.865282 0.638093
vt 0.910093 0.611750
vt 0.890181 0.616019
vt 0.769742 0.673126
vt 0.887911 0.602937
vt 0.885814 0.586948
vt 0.757062 0.696741
vt 0.876332 0.625544
vt 0.873009 0.826964
vt 0.932649 0.730788
vt 0.841935 0.742611
vt 0.974522 0.832017
vt 0.891694 0.929311
vt 0.567089 0.938623
vt 0.921825 0.901355
vt 0.923496 0.891682
vt 0.760838 0.688614
vt 0.764521 0.690632
vt 0.939718 0.780133
vt 0.937824 0.756871
vt 0.766513 0.679877
vt 0.843036 0.533092
vt 0.819865 0.752042
vt 0.914375 0.600690
vt 0.858847 0.627914
vt 0.857981 0.635980
vt 0.842516 0.555716
vt 0.824962 0.558622
vt 0.847136 0.574757
vt 0.831619 0.576944
vt 0.152660 0.939805
vt 0.155054 0.906672
vt 0.182574 0.938337
vt 0.046775 0.912655
vt 0.050361 0.953979
vt 0.009066 0.958988
vt 0.009669 0.914308
vt 0.221840 0.908107
vt 0.248062 0.940581
vt 0.210488 0.942048
vt 0.192099 0.908307
vt 0.106201 0.945435
vt 0.099451 0.907619
vt 0.352917 0.940328
vt 0.384745 0.969091
vt 0.367968 0.971410
vt 0.326666 0.939800
vt 0.106419 0.969833
vt 0.045445 0.973230
vt 0.287094 0.914202
vt 0.297451 0.946502
vt 0.253688 0.910148
vt 0.186973 0.964026
vt 0.150745 0.968193
vt 0.008695 0.977943
vt 0.226542 0.967559
vt 0.262663 0.971578
vt 0.301491 0.903693
vt 0.317828 0.974256
vt 0.210984 0.966900
vt 0.422052 0.997293
vt 0.394673 0.993835
vt 0.107568 0.992828
vt 0.037721 0.996479
vt 0.194874 0.993142
vt 0.154566 0.992718
vt 0.008321 0.998815
vt 0.270102 0.995637
vt 0.228608 0.993351
vt 0.332574 0.992552
vt 0.211302 0.993244
vt 0.210541 0.884833
vt 0.235858 0.885964
vt 0.261886 0.883001
vt 0.277370 0.883443
vt 0.097487 0.885605
vt 0.150892 0.884069
vt 0.039724 0.885951
vt 0.184824 0.884265
vt 0.010507 0.885342
vt 0.515843 0.559522
vt 0.517187 0.521781
vt 0.539424 0.526270
vt 0.538721 0.560282
vt 0.482232 0.559659
vt 0.486605 0.518528
vt 0.508394 0.425216
vt 0.514514 0.468840
vt 0.485453 0.460933
vt 0.477952 0.425147
vt 0.504845 0.379226
vt 0.477989 0.382908
vt 0.530133 0.427650
vt 0.534606 0.472955
vt 0.527665 0.379958
vt 0.451691 0.512503
vt 0.454315 0.561601
vt 0.453778 0.418103
vt 0.453744 0.379958
vt 0.453805 0.452284
vt 0.966014 0.358700
vt 0.962871 0.398551
vt 0.913968 0.396574
vt 0.918168 0.364297
vt 0.957372 0.450561
vt 0.909469 0.448349
vt 0.951078 0.488500
vt 0.908714 0.477817
vt 0.993367 0.360267
vt 0.988325 0.397851
vt 0.985055 0.452668
vt 0.983645 0.482631
vt 0.944814 0.524801
vt 0.905319 0.502639
vt 0.985884 0.523009
vt 0.953667 0.160323
vt 0.957578 0.160133
vt 0.214666 0.462928
vt 0.232314 0.460676
vt 0.234481 0.473461
vt 0.216861 0.478409
vt 0.214026 0.442167
vt 0.231647 0.442334
vt 0.215055 0.421406
vt 0.232647 0.423990
vt 0.217528 0.406036
vt 0.235037 0.411206
vt 0.191070 0.464846
vt 0.191737 0.482243
vt 0.190847 0.441945
vt 0.191514 0.419072
vt 0.192516 0.401645
vt 0.167419 0.464262
vt 0.166390 0.481132
vt 0.167668 0.441723
vt 0.167863 0.419182
vt 0.167168 0.402257
vt 0.149659 0.462956
vt 0.148324 0.478131
vt 0.150048 0.441556
vt 0.150048 0.420156
vt 0.148993 0.404869
s 1
f 3/1/1 2/2/2 1/3/3
f 1/3/3 4/4/4 3/1/1
f 6/5/5 5/6/6 2/2/2
f 2/2/2 3/1/1 6/5/5
f 6/5/5 8/7/7 7/8/8
f 7/8/8 5/6/6 6/5/5
f 9/9/9 3/1/1 4/4/4
f 4/4/4 10/10/10 9/9/9
f 6/5/5 3/1/1 9/9/9
f 9/9/9 11/11/11 6/5/5
f 11/11/11 8/7/7 6/5/5
f 14/12/12 13/13/13 12/14/14
f 15/15/15 14/12/12 12/14/14
f 12/14/14 16/16/16 15/15/15
f 15/15/15 16/16/16 17/17/17
f 17/17/17 18/18/18 15/15/15
f 20/19/19 19/20/20 17/17/17
f 17/17/17 16/16/16 20/19/19
f 16/16/16 12/14/14 21/21/21
f 21/21/21 20/19/19 16/16/16
f 12/14/14 13/13/13 8/7/7
f 8/7/7 21/21/21 12/14/14
f 9/9/9 10/10/10 19/20/20
f 19/20/20 20/19/19 9/9/9
f 9/9/9 20/19/19 21/21/21
f 21/21/21 11/11/11 9/9/9
f 8/7/7 11/11/11 21/21/21
f 24/22/22 23/23/23 22/24/24
f 22/24/24 25/25/25 24/22/22
f 27/26/26 26/27/27 23/23/23
f 23/23/23 24/22/22 27/26/26
f 27/26/26 29/28/28 28/29/29
f 28/29/29 26/27/27 27/26/26
f 30/30/30 24/22/22 25/25/25
f 25/25/25 31/31/31 30/30/30
f 27/26/26 24/22/22 30/30/30
f 30/30/30 32/32/32 27/26/26
f 32/32/32 29/28/28 27/26/26
f 35/33/33 34/34/34 33/35/35
f 36/36/36 35/33/33 33/35/35
f 33/35/35 37/37/37 36/36/36
f 37/37/37 39/38/38 38/39/39
f 38/39/39 36/36/36 37/37/37
f 41/40/40 40/41/41 39/38/38
f 39/38/38 37/37/37 41/40/40
f 37/37/37 33/35/35 42/42/42
f 42/42/42 41/40/40 37/37/37
f 33/35/35 34/34/34 29/28/28
f 29/28/28 42/42/42 33/35/35
f 31/31/31 40/41/41 41/40/40
f 41/40/40 30/30/30 31/31/31
f 30/30/30 41/40/40 42/42/42
f 42/42/42 32/32/32 30/30/30
f 29/28/28 32/32/32 42/42/42
f 45/43/43 44/44/44 43/45/45
f 43/45/45 46/46/46 45/43/43
f 48/47/47 47/48/48 44/44/44
f 44/44/44 45/43/43 48/47/47
f 48/47/47 50/49/49 49/50/50
f 49/50/50 47/48/48 48/47/47
f 51/51/51 45/43/43 46/46/46
f 46/46/46 52/52/52 51/51/51
f 48/47/47 45/43/43 51/51/51
f 51/51/51 53/53/53 48/47/47
f 53/53/53 50/49/49 48/47/47
f 56/54/54 55/55/55 54/56/56
f 57/57/57 56/54/54 54/56/56
f 54/56/56 58/58/58 57/57/57
f 57/57/57 58/58/58 59/59/59
f 59/59/59 60/60/60 57/57/57
f 62/61/61 61/62/62 59/59/59
f 59/59/59 58/58/58 62/61/61
f 58/58/58 54/56/56 63/63/63
f 63/63/63 62/61/61 58/58/58
f 54/56/56 55/55/55 50/49/49
f 50/49/49 63/63/63 54/56/56
f 51/51/51 52/52/52 61/62/62
f 61/62/62 62/61/61 51/51/51
f 51/51/51 62/61/61 63/63/63
f 63/63/63 53/53/53 51/51/51
f 50/49/49 53/53/53 63/63/63
f 66/64/64 65/65/65 64/66/66
f 64/66/66 67/67/67 66/64/64
f 69/68/68 68/69/69 65/65/65
f 65/65/65 66/64/64 69/68/68
f 69/68/68 71/70/70 70/71/71
f 70/71/71 68/69/69 69/68/68
f 72/72/72 66/64/64 67/67/67
f 67/67/67 73/73/73 72/72/72
f 69/68/68 66/64/64 72/72/72
f 72/72/72 74/74/74 69/68/68
f 74/74/74 71/70/70 69/68/68
f 77/75/75 76/76/76 75/77/77
f 78/78/78 77/75/75 75/77/77
f 75/77/77 79/79/79 78/78/78
f 79/79/79 81/80/80 80/81/81
f 80/81/81 78/78/78 79/79/79
f 83/82/82 82/83/83 81/80/80
f 81/80/80 79/79/79 83/82/82
f 79/79/79 75/77/77 84/84/84
f 84/84/84 83/82/82 79/79/79
f 75/77/77 76/76/76 71/70/70
f 71/70/70 84/84/84 75/77/77
f 72/72/72 73/73/73 82/83/83
f 82/83/83 83/82/82 72/72/72
f 72/72/72 83/82/82 84/84/84
f 84/84/84 74/74/74 72/72/72
f 71/70/70 74/74/74 84/84/84
f 87/85/85 86/86/86 85/87/87
f 85/87/87 88/88/88 87/85/85
f 90/89/89 89/90/90 86/86/86
f 86/86/86 87/85/85 90/89/89
f 90/89/89 92/91/91 91/92/92
f 91/92/92 89/90/90 90/89/89
f 93/93/93 87/85/85 88/88/88
f 88/88/88 94/94/94 93/93/93
f 90/89/89 87/85/85 93/93/93
f 93/93/93 95/95/95 90/89/89
f 95/95/95 92/91/91 90/89/89
f 98/96/96 97/97/97 96/98/98
f 99/99/99 98/96/96 96/98/98
f 96/98/98 100/100/100 99/99/99
f 99/99/99 100/100/100 101/101/101
f 101/101/101 102/102/102 99/99/99
f 104/103/103 103/104/104 101/101/101
f 101/101/101 100/100/100 104/103/103
f 100/100/100 96/98/98 105/105/105
f 105/105/105 104/103/103 100/100/100
f 96/98/98 97/97/97 92/91/91
f 92/91/91 105/105/105 96/98/98
f 93/93/93 94/94/94 103/104/104
f 103/104/104 104/103/103 93/93/93
f 93/93/93 104/103/103 105/105/105
f 105/105/105 95/95/95 93/93/93
f 92/91/91 95/95/95 105/105/105
f 108/106/106 107/107/107 106/108/108
f 106/108/108 109/109/109 108/106/106
f 112/110/110 111/111/111 110/112/112
f 110/112/112 113/113/113 112/110/110
f 116/114/114 115/115/115 114/116/116
f 119/117/117 118/118/118 117/119/119
f 117/119/119 120/120/120 119/117/117
f 123/121/121 122/122/122 121/123/123
f 113/113/113 125/124/124 124/125/125
f 124/125/125 112/110/110 113/113/113
f 128/126/126 127/127/127 126/128/128
f 126/128/128 129/129/129 128/126/126
f 132/130/130 131/131/131 130/132/132
f 130/132/132 133/133/133 132/130/130
f 136/134/134 135/135/135 134/136/136
f 134/136/136 137/137/137 136/134/134
f 140/138/138 139/139/139 138/140/140
f 138/140/140 141/141/141 140/138/138
f 144/142/142 143/143/143 142/144/144
f 142/144/144 145/145/145 144/142/142
f 148/146/146 147/147/147 146/148/148
f 146/148/148 149/149/149 148/146/146
f 152/150/150 151/151/151 150/152/152
f 150/152/152 153/153/153 152/150/150
f 156/154/154 155/155/155 154/156/156
f 154/156/156 157/157/157 156/154/154
f 145/145/145 142/144/144 158/158/158
f 158/158/158 159/159/159 145/145/145
f 162/160/160 161/161/161 160/162/162
f 160/162/162 163/163/163 162/160/160
f 166/164/164 165/165/165 164/166/166
f 164/166/166 167/167/167 166/164/164
f 169/168/168 168/169/169 143/143/143
f 143/143/143 144/142/142 169/168/168
f 172/170/170 171/171/171 170/172/172
f 170/172/172 173/173/173 172/170/170
f 174/174/174 140/138/138 141/141/141
f 175/175/175 174/174/174 141/141/141
f 141/141/141 176/176/176 175/175/175
f 178/177/177 177/178/178 137/137/137
f 137/137/137 179/179/179 178/177/177
f 137/137/137 159/159/159 136/134/134
f 171/171/171 165/165/165 166/164/164
f 166/164/164 180/180/180 171/171/171
f 144/142/142 141/141/141 138/140/140
f 138/140/140 169/168/168 144/142/142
f 165/165/165 171/171/171 172/170/170
f 172/170/170 181/181/181 165/165/165
f 141/141/141 144/142/142 145/145/145
f 145/145/145 176/176/176 141/141/141
f 182/182/182 146/148/148 147/147/147
f 145/145/145 177/178/178 176/176/176
f 184/183/183 150/152/152 183/184/184
f 177/178/178 145/145/145 159/159/159
f 159/159/159 137/137/137 177/178/178
f 186/185/185 185/186/186 166/164/164
f 166/164/164 187/187/187 186/185/185
f 134/136/136 135/135/135 188/188/188
f 188/188/188 189/189/189 134/136/136
f 161/161/161 191/190/190 190/191/191
f 190/191/191 192/192/192 161/161/161
f 170/172/172 194/193/193 193/194/194
f 193/194/194 195/195/195 170/172/172
f 195/195/195 196/196/196 173/173/173
f 173/173/173 170/172/172 195/195/195
f 140/138/138 174/174/174 197/197/197
f 197/197/197 198/198/198 140/138/138
f 198/198/198 199/199/199 139/139/139
f 139/139/139 140/138/138 198/198/198
f 202/200/200 201/201/201 200/202/202
f 200/202/202 203/203/203 202/200/200
f 206/204/204 205/205/205 204/206/206
f 204/206/206 207/207/207 206/204/204
f 209/208/208 208/209/209 174/174/174
f 174/174/174 175/175/175 209/208/208
f 205/205/205 206/204/204 210/210/210
f 210/210/210 211/211/211 205/205/205
f 152/150/150 153/153/153 212/212/212
f 212/212/212 213/213/213 152/150/150
f 216/214/214 215/215/215 214/216/216
f 214/216/216 217/217/217 216/214/214
f 220/218/218 219/219/219 218/220/220
f 218/220/220 221/221/221 220/218/218
f 215/215/215 216/214/214 222/222/222
f 222/222/222 223/223/223 215/215/215
f 225/224/224 224/225/225 156/154/154
f 156/154/154 157/157/157 225/224/224
f 228/226/226 227/227/227 226/228/228
f 226/228/228 229/229/229 228/226/226
f 179/179/179 231/230/230 230/231/231
f 230/231/231 178/177/177 179/179/179
f 227/227/227 228/226/226 232/232/232
f 232/232/232 233/233/233 227/227/227
f 235/234/234 234/235/235 161/161/161
f 161/161/161 162/160/160 235/234/234
f 191/190/190 161/161/161 234/235/235
f 234/235/235 236/236/236 191/190/190
f 237/237/237 189/189/189 188/188/188
f 188/188/188 238/238/238 237/237/237
f 195/195/195 193/194/194 239/239/239
f 239/239/239 240/240/240 195/195/195
f 240/240/240 241/241/241 196/196/196
f 196/196/196 195/195/195 240/240/240
f 243/242/242 242/243/243 198/198/198
f 198/198/198 197/197/197 243/242/242
f 244/244/244 199/199/199 198/198/198
f 198/198/198 242/243/243 244/244/244
f 245/245/245 203/203/203 200/202/202
f 200/202/202 246/246/246 245/245/245
f 248/247/247 247/248/248 207/207/207
f 207/207/207 204/206/206 248/247/247
f 249/249/249 208/209/209 209/208/208
f 209/208/208 250/250/250 249/249/249
f 251/251/251 213/213/213 212/212/212
f 212/212/212 252/252/252 251/251/251
f 253/253/253 217/217/217 214/216/216
f 214/216/216 254/254/254 253/253/253
f 255/255/255 218/220/220 219/219/219
f 219/219/219 256/256/256 255/255/255
f 257/257/257 224/225/225 225/224/224
f 225/224/224 258/258/258 257/257/257
f 259/259/259 229/229/229 226/228/228
f 226/228/228 260/260/260 259/259/259
f 231/230/230 262/261/261 261/262/262
f 261/262/262 230/231/231 231/230/230
f 263/263/263 234/235/235 235/234/234
f 235/234/234 264/264/264 263/263/263
f 265/265/265 236/236/236 234/235/235
f 234/235/235 263/263/263 265/265/265
f 268/266/266 267/267/267 266/268/268
f 266/268/268 269/269/269 268/266/266
f 268/266/266 271/270/270 270/271/271
f 270/271/271 267/267/267 268/266/266
f 270/271/271 271/270/270 186/185/185
f 186/185/185 272/272/272 270/271/271
f 274/273/273 192/192/192 273/274/274
f 273/274/274 275/275/275 274/273/273
f 274/273/273 276/276/276 161/161/161
f 161/161/161 192/192/192 274/273/273
f 160/162/162 161/161/161 276/276/276
f 276/276/276 277/277/277 160/162/162
f 185/186/186 180/180/180 166/164/164
f 225/224/224 279/278/278 278/279/279
f 278/279/279 258/258/258 225/224/224
f 225/224/224 157/157/157 280/280/280
f 280/280/280 279/278/278 225/224/224
f 280/280/280 157/157/157 154/156/156
f 154/156/156 281/281/281 280/280/280
f 183/184/184 154/156/156 184/183/183
f 212/212/212 283/282/282 282/283/283
f 282/283/283 252/252/252 212/212/212
f 212/212/212 153/153/153 284/284/284
f 284/284/284 283/282/282 212/212/212
f 284/284/284 153/153/153 150/152/152
f 150/152/152 285/285/285 284/284/284
f 184/183/183 287/286/286 286/287/287
f 286/287/287 182/182/182 184/183/183
f 288/288/288 246/246/246 200/202/202
f 200/202/202 289/289/289 288/288/288
f 290/290/290 289/289/289 200/202/202
f 200/202/202 201/201/201 290/290/290
f 291/291/291 290/290/290 201/201/201
f 201/201/201 146/148/148 291/291/291
f 291/291/291 146/148/148 182/182/182
f 182/182/182 292/292/292 291/291/291
f 182/182/182 286/287/287 293/293/293
f 293/293/293 292/292/292 182/182/182
f 296/294/294 295/295/295 294/296/296
f 294/296/296 298/297/297 297/298/298
f 296/294/294 294/296/296 297/298/298
f 300/299/299 299/300/300 167/167/167
f 167/167/167 301/301/301 300/299/299
f 169/168/168 292/292/292 293/293/293
f 293/293/293 168/169/169 169/168/168
f 292/292/292 169/168/168 138/140/140
f 138/140/140 291/291/291 292/292/292
f 291/291/291 138/140/140 139/139/139
f 139/139/139 290/290/290 291/291/291
f 290/290/290 139/139/139 199/199/199
f 199/199/199 289/289/289 290/290/290
f 303/302/302 158/158/158 302/303/303
f 302/303/303 304/304/304 303/302/302
f 159/159/159 158/158/158 303/302/302
f 303/302/302 305/305/305 159/159/159
f 159/159/159 305/305/305 306/306/306
f 306/306/306 136/134/134 159/159/159
f 136/134/134 306/306/306 307/307/307
f 307/307/307 135/135/135 136/134/134
f 135/135/135 307/307/307 308/308/308
f 308/308/308 188/188/188 135/135/135
f 188/188/188 308/308/308 309/309/309
f 309/309/309 238/238/238 188/188/188
f 267/267/267 233/233/233 310/310/310
f 310/310/310 266/268/268 267/267/267
f 227/227/227 233/233/233 267/267/267
f 267/267/267 270/271/271 227/227/227
f 270/271/271 272/272/272 311/311/311
f 311/311/311 227/227/227 270/271/271
f 311/311/311 155/155/155 156/154/154
f 156/154/154 227/227/227 311/311/311
f 227/227/227 156/154/154 224/225/225
f 224/225/225 226/228/228 227/227/227
f 224/225/225 257/257/257 260/260/260
f 260/260/260 226/228/228 224/225/225
f 279/278/278 223/223/223 312/312/312
f 312/312/312 278/279/279 279/278/278
f 215/215/215 223/223/223 279/278/278
f 279/278/278 280/280/280 215/215/215
f 280/280/280 281/281/281 313/313/313
f 313/313/313 215/215/215 280/280/280
f 313/313/313 151/151/151 152/150/150
f 152/150/150 215/215/215 313/313/313
f 215/215/215 152/150/150 213/213/213
f 213/213/213 214/216/216 215/215/215
f 213/213/213 251/251/251 254/254/254
f 254/254/254 214/216/216 213/213/213
f 283/282/282 211/211/211 314/314/314
f 314/314/314 282/283/283 283/282/282
f 205/205/205 211/211/211 283/282/282
f 283/282/282 284/284/284 205/205/205
f 284/284/284 285/285/285 148/146/146
f 148/146/146 205/205/205 284/284/284
f 148/146/146 149/149/149 202/200/200
f 202/200/200 205/205/205 148/146/146
f 205/205/205 202/200/200 203/203/203
f 203/203/203 204/206/206 205/205/205
f 203/203/203 245/245/245 248/247/247
f 248/247/247 204/206/206 203/203/203
f 264/264/264 235/234/234 268/266/266
f 268/266/266 269/269/269 264/264/264
f 268/266/266 235/234/234 162/160/160
f 162/160/160 271/270/270 268/266/266
f 271/270/270 162/160/160 163/163/163
f 163/163/163 186/185/185 271/270/270
f 276/276/276 194/193/193 180/180/180
f 180/180/180 277/277/277 276/276/276
f 193/194/194 194/193/193 276/276/276
f 276/276/276 274/273/273 193/194/194
f 193/194/194 274/273/273 275/275/275
f 275/275/275 239/239/239 193/194/194
f 202/200/200 149/149/149 146/148/148
f 146/148/148 201/201/201 202/200/200
f 148/146/146 285/285/285 150/152/152
f 150/152/152 147/147/147 148/146/146
f 313/313/313 183/184/184 150/152/152
f 150/152/152 151/151/151 313/313/313
f 313/313/313 281/281/281 154/156/156
f 154/156/156 183/184/184 313/313/313
f 311/311/311 315/315/315 154/156/156
f 154/156/156 155/155/155 311/311/311
f 311/311/311 272/272/272 186/185/185
f 186/185/185 315/315/315 311/311/311
f 160/162/162 185/186/186 186/185/185
f 186/185/185 163/163/163 160/162/162
f 160/162/162 277/277/277 180/180/180
f 180/180/180 185/186/186 160/162/162
f 316/316/316 250/250/250 209/208/208
f 209/208/208 317/317/317 316/316/316
f 317/317/317 209/208/208 175/175/175
f 175/175/175 221/221/221 317/317/317
f 318/318/318 256/256/256 219/219/219
f 219/219/219 319/319/319 318/318/318
f 178/177/177 319/319/319 219/219/219
f 219/219/219 220/218/218 178/177/177
f 176/176/176 177/178/178 220/218/218
f 220/218/218 221/221/221 176/176/176
f 262/261/261 231/230/230 320/320/320
f 320/320/320 321/321/321 262/261/261
f 134/136/136 320/320/320 231/230/230
f 231/230/230 179/179/179 134/136/136
f 192/192/192 190/191/191 322/322/322
f 322/322/322 273/274/274 192/192/192
f 233/233/233 232/232/232 323/323/323
f 323/323/323 310/310/310 233/233/233
f 223/223/223 222/222/222 324/324/324
f 324/324/324 312/312/312 223/223/223
f 211/211/211 210/210/210 325/325/325
f 325/325/325 314/314/314 211/211/211
f 199/199/199 244/244/244 288/288/288
f 288/288/288 289/289/289 199/199/199
f 327/326/326 238/238/238 326/327/327
f 239/239/239 329/328/328 328/329/329
f 328/329/329 240/240/240 239/239/239
f 240/240/240 328/329/329 330/330/330
f 330/330/330 241/241/241 240/240/240
f 332/331/331 242/243/243 331/332/332
f 248/247/247 334/333/333 333/334/334
f 333/334/334 247/248/248 248/247/247
f 336/335/335 250/250/250 335/336/336
f 252/252/252 338/337/337 337/338/338
f 337/338/338 251/251/251 252/252/252
f 254/254/254 337/338/338 339/339/339
f 339/339/339 253/253/253 254/254/254
f 341/340/340 256/256/256 340/341/341
f 258/258/258 343/342/342 342/343/343
f 342/343/343 257/257/257 258/258/258
f 260/260/260 342/343/343 344/344/344
f 344/344/344 259/259/259 260/260/260
f 346/345/345 262/261/261 345/346/346
f 266/268/268 348/347/347 347/348/348
f 347/348/348 269/269/269 266/268/268
f 273/274/274 349/349/349 329/328/328
f 329/328/328 275/275/275 273/274/274
f 278/279/279 350/350/350 343/342/342
f 343/342/342 258/258/258 278/279/279
f 282/283/283 351/351/351 338/337/337
f 338/337/337 252/252/252 282/283/283
f 288/288/288 353/352/352 352/353/353
f 352/353/353 246/246/246 288/288/288
f 245/245/245 352/353/353 334/333/333
f 334/333/333 248/247/247 245/245/245
f 269/269/269 347/348/348 354/354/354
f 354/354/354 264/264/264 269/269/269
f 322/322/322 355/355/355 349/349/349
f 349/349/349 273/274/274 322/322/322
f 323/323/323 356/356/356 348/347/347
f 348/347/347 310/310/310 323/323/323
f 324/324/324 357/357/357 350/350/350
f 350/350/350 312/312/312 324/324/324
f 325/325/325 358/358/358 351/351/351
f 351/351/351 314/314/314 325/325/325
f 244/244/244 332/331/331 353/352/352
f 353/352/352 288/288/288 244/244/244
f 246/246/246 352/353/353 245/245/245
f 264/264/264 354/354/354 263/263/263
f 310/310/310 348/347/347 266/268/268
f 257/257/257 342/343/343 260/260/260
f 312/312/312 350/350/350 278/279/279
f 251/251/251 337/338/338 254/254/254
f 314/314/314 351/351/351 282/283/283
f 275/275/275 329/328/328 239/239/239
f 194/193/193 170/172/172 180/180/180
f 170/172/172 171/171/171 180/180/180
f 137/137/137 134/136/136 179/179/179
f 361/359/359 360/360/360 359/361/361
f 359/361/361 362/362/362 361/359/359
f 121/123/123 122/122/122 131/131/131
f 131/131/131 363/363/363 121/123/123
f 366/364/364 365/365/365 364/366/366
f 364/366/366 367/367/367 366/364/364
f 370/368/368 369/369/369 368/370/370
f 368/370/370 371/371/371 370/368/368
f 361/359/359 373/372/372 372/373/373
f 372/373/373 374/374/374 361/359/359
f 377/375/375 376/376/376 375/377/377
f 375/377/377 378/378/378 377/375/375
f 381/379/379 380/380/380 379/381/381
f 379/381/381 382/382/382 381/379/379
f 367/367/367 364/366/366 383/383/383
f 383/383/383 384/384/384 367/367/367
f 371/371/371 386/385/385 385/386/386
f 385/386/386 370/368/368 371/371/371
f 360/360/360 361/359/359 374/374/374
f 374/374/374 387/387/387 360/360/360
f 123/121/121 126/128/128 127/127/127
f 127/127/127 388/388/388 123/121/121
f 390/389/389 389/390/390 122/122/122
f 122/122/122 391/391/391 390/389/389
f 392/392/392 302/303/303 158/158/158
f 158/158/158 142/144/144 392/392/392
f 395/393/393 394/394/394 393/395/395
f 393/395/395 396/396/396 395/393/393
f 220/218/218 177/178/178 178/177/177
f 397/397/397 381/379/379 382/382/382
f 382/382/382 398/398/398 397/397/397
f 401/399/399 400/400/400 399/401/401
f 399/401/401 402/402/402 401/399/399
f 405/403/403 404/404/404 403/405/405
f 403/405/405 406/406/406 405/403/403
f 408/407/407 407/408/408 378/378/378
f 378/378/378 409/409/409 408/407/407
f 410/410/410 395/393/393 396/396/396
f 396/396/396 411/411/411 410/410/410
f 404/404/404 413/412/412 412/413/413
f 412/413/413 109/109/109 404/404/404
f 404/404/404 109/109/109 106/108/108
f 106/108/108 403/405/405 404/404/404
f 400/400/400 114/116/116 115/115/115
f 115/115/115 399/401/401 400/400/400
f 416/414/414 415/415/415 414/416/416
f 414/416/416 417/417/417 416/414/414
f 418/418/418 416/414/414 417/417/417
f 417/417/417 419/419/419 418/418/418
f 175/175/175 176/176/176 221/221/221
f 287/286/286 299/300/300 300/299/299
f 300/299/299 420/420/420 287/286/286
f 287/286/286 184/183/183 187/187/187
f 187/187/187 299/300/300 287/286/286
f 315/315/315 187/187/187 184/183/183
f 184/183/183 154/156/156 315/315/315
f 402/402/402 399/401/401 421/421/421
f 421/421/421 422/422/422 402/402/402
f 423/423/423 421/421/421 399/401/401
f 399/401/401 115/115/115 423/423/423
f 424/424/424 423/423/423 115/115/115
f 115/115/115 116/114/114 424/424/424
f 393/395/395 394/394/394 425/425/425
f 425/425/425 426/426/426 393/395/395
f 429/427/427 428/428/428 427/429/429
f 427/429/429 430/430/430 429/427/427
f 433/431/431 432/432/432 431/433/433
f 431/433/433 390/389/389 433/431/431
f 435/434/434 434/435/435 388/388/388
f 388/388/388 127/127/127 435/434/434
f 437/436/436 359/361/361 436/437/437
f 436/437/437 438/438/438 437/436/436
f 359/361/361 360/360/360 439/439/439
f 439/439/439 436/437/437 359/361/361
f 440/440/440 429/427/427 430/430/430
f 430/430/430 441/441/441 440/440/440
f 441/441/441 443/442/442 442/443/443
f 442/443/443 440/440/440 441/441/441
f 360/360/360 387/387/387 444/444/444
f 444/444/444 439/439/439 360/360/360
f 445/445/445 442/443/443 443/442/442
f 443/442/442 446/446/446 445/445/445
f 449/447/447 448/448/448 447/449/449
f 447/449/449 450/450/450 449/447/447
f 451/451/451 447/449/449 448/448/448
f 448/448/448 452/452/452 451/451/451
f 454/453/453 453/454/454 120/120/120
f 120/120/120 117/119/119 454/453/453
f 457/455/455 456/456/456 455/457/457
f 455/457/457 458/458/458 457/455/455
f 461/459/459 460/460/460 459/461/461
f 459/461/461 462/462/462 461/459/459
f 465/463/463 464/464/464 463/465/465
f 463/465/465 466/466/466 465/463/463
f 386/385/385 464/464/464 455/457/457
f 455/457/457 385/386/386 386/385/385
f 464/464/464 386/385/385 467/467/467
f 467/467/467 463/465/465 464/464/464
f 440/440/440 469/468/468 468/469/469
f 468/469/469 429/427/427 440/440/440
f 472/470/470 471/471/471 470/472/472
f 470/472/472 468/469/469 472/470/470
f 469/468/468 473/473/473 472/470/470
f 472/470/470 468/469/469 469/468/468
f 476/474/474 475/475/475 474/476/476
f 474/476/476 477/477/477 476/474/474
f 479/478/478 478/479/479 466/466/466
f 466/466/466 463/465/465 479/478/478
f 482/480/480 481/481/481 480/482/482
f 480/482/482 483/483/483 482/480/480
f 484/484/484 377/375/375 378/378/378
f 378/378/378 407/408/408 484/484/484
f 409/409/409 378/378/378 375/377/377
f 375/377/377 485/485/485 409/409/409
f 488/486/486 487/487/487 486/488/488
f 486/488/488 437/436/436 488/486/486
f 359/361/361 437/436/436 486/488/488
f 486/488/488 362/362/362 359/361/361
f 490/489/489 373/372/372 489/490/490
f 489/490/490 491/491/491 490/489/489
f 489/490/490 373/372/372 361/359/359
f 361/359/359 362/362/362 489/490/490
f 494/492/492 493/493/493 492/494/494
f 492/494/494 495/495/495 494/492/492
f 490/489/489 496/496/496 372/373/373
f 372/373/373 373/372/372 490/489/489
f 497/497/497 488/486/486 437/436/436
f 437/436/436 438/438/438 497/497/497
f 475/475/475 476/474/474 498/498/498
f 498/498/498 494/492/492 475/475/475
f 499/499/499 493/493/493 494/492/492
f 494/492/492 498/498/498 499/499/499
f 187/187/187 315/315/315 186/185/185
f 502/500/500 501/501/501 500/502/502
f 500/502/502 503/503/503 502/500/500
f 499/499/499 498/498/498 504/504/504
f 504/504/504 505/505/505 499/499/499
f 476/474/474 473/473/473 504/504/504
f 504/504/504 498/498/498 476/474/474
f 150/152/152 184/183/183 182/182/182
f 182/182/182 147/147/147 150/152/152
f 507/506/506 506/507/507 502/500/500
f 502/500/500 508/508/508 507/506/506
f 507/506/506 392/392/392 509/509/509
f 509/509/509 510/510/510 507/506/506
f 511/511/511 265/265/265 263/263/263
f 263/263/263 354/354/354 511/511/511
f 495/495/495 492/494/494 496/496/496
f 496/496/496 490/489/489 495/495/495
f 493/493/493 499/499/499 512/512/512
f 512/512/512 513/513/513 493/493/493
f 493/493/493 513/513/513 514/514/514
f 514/514/514 492/494/494 493/493/493
f 516/515/515 512/512/512 515/516/516
f 515/516/516 517/517/517 516/515/515
f 505/505/505 504/504/504 518/518/518
f 518/518/518 519/519/519 505/505/505
f 518/518/518 504/504/504 473/473/473
f 520/520/520 506/507/507 517/517/517
f 517/517/517 515/516/516 520/520/520
f 502/500/500 506/507/507 520/520/520
f 520/520/520 501/501/501 502/500/500
f 492/494/494 514/514/514 521/521/521
f 521/521/521 496/496/496 492/494/494
f 521/521/521 522/522/522 372/373/373
f 372/373/373 496/496/496 521/521/521
f 500/502/502 501/501/501 445/445/445
f 445/445/445 446/446/446 500/502/502
f 524/523/523 523/524/524 444/444/444
f 444/444/444 387/387/387 524/523/523
f 519/519/519 518/518/518 442/443/443
f 442/443/443 445/445/445 519/519/519
f 405/403/403 398/398/398 525/525/525
f 525/525/525 526/526/526 405/403/403
f 382/382/382 527/527/527 525/525/525
f 525/525/525 398/398/398 382/382/382
f 529/528/528 528/529/529 423/423/423
f 423/423/423 424/424/424 529/528/528
f 379/381/381 527/527/527 382/382/382
f 417/417/417 414/416/416 530/530/530
f 530/530/530 119/117/117 417/417/417
f 118/118/118 119/117/117 530/530/530
f 530/530/530 531/531/531 118/118/118
f 528/529/529 532/532/532 421/421/421
f 421/421/421 423/423/423 528/529/529
f 404/404/404 405/403/403 526/526/526
f 526/526/526 413/412/412 404/404/404
f 535/533/533 534/534/534 533/535/535
f 533/535/535 536/536/536 535/533/533
f 539/537/537 538/538/538 537/539/539
f 537/539/539 540/540/540 539/537/537
f 543/541/541 542/542/542 541/543/543
f 541/543/543 544/544/544 543/541/541
f 542/542/542 546/545/545 545/546/546
f 545/546/546 541/543/543 542/542/542
f 549/547/547 548/548/548 547/549/549
f 547/549/549 550/550/550 549/547/547
f 552/551/551 534/534/534 551/552/552
f 551/552/552 553/553/553 552/551/551
f 556/554/554 555/555/555 554/556/556
f 554/556/556 557/557/557 556/554/554
f 560/558/558 559/559/559 558/560/560
f 558/560/560 561/561/561 560/558/558
f 561/561/561 558/560/560 562/562/562
f 562/562/562 563/563/563 561/561/561
f 565/564/564 564/565/565 536/536/536
f 536/536/536 533/535/535 565/564/564
f 568/566/566 567/567/567 566/568/568
f 566/568/568 569/569/569 568/566/566
f 572/570/570 571/571/571 570/572/572
f 570/572/572 573/573/573 572/570/570
f 576/574/574 575/575/575 574/576/576
f 574/576/576 577/577/577 576/574/574
f 575/575/575 579/578/578 578/579/579
f 578/579/579 574/576/576 575/575/575
f 581/580/580 580/581/581 570/572/572
f 570/572/572 571/571/571 581/580/580
f 584/582/582 583/583/583 582/584/584
f 582/584/584 585/585/585 584/582/582
f 588/586/586 587/587/587 586/588/588
f 586/588/588 589/589/589 588/586/586
f 592/590/590 591/591/591 590/592/592
f 590/592/592 593/593/593 592/590/590
f 596/594/594 595/595/595 594/596/596
f 599/597/597 598/598/598 597/599/599
f 597/599/599 600/600/600 599/597/597
f 603/601/601 602/602/602 601/603/603
f 601/603/603 604/604/604 603/601/601
f 607/605/605 606/606/606 605/607/607
f 610/608/608 609/609/609 608/610/610
f 613/611/611 612/612/612 611/613/613
f 611/613/613 614/614/614 613/611/611
f 589/589/589 586/588/588 615/615/615
f 615/615/615 616/616/616 589/589/589
f 582/584/584 618/617/617 617/618/618
f 609/609/609 619/619/619 608/610/610
f 585/585/585 582/584/584 620/620/620
f 620/620/620 621/621/621 585/585/585
f 590/592/592 610/608/608 622/622/622
f 622/622/622 613/611/611 590/592/592
f 586/588/588 587/587/587 623/623/623
f 623/623/623 624/624/624 586/588/588
f 613/611/611 614/614/614 593/593/593
f 593/593/593 590/592/592 613/611/611
f 624/624/624 625/625/625 615/615/615
f 615/615/615 586/588/588 624/624/624
f 626/626/626 594/596/596 595/595/595
f 595/595/595 627/627/627 626/626/626
f 629/628/628 598/598/598 628/629/629
f 628/629/629 630/630/630 629/628/628
f 632/631/631 602/602/602 631/632/632
f 631/632/632 633/633/633 632/631/631
f 619/619/619 635/634/634 634/635/635
f 634/635/635 608/610/610 619/619/619
f 584/582/582 637/636/636 636/637/637
f 636/637/637 583/583/583 584/582/582
f 640/638/638 639/639/639 638/640/640
f 638/640/640 641/641/641 640/638/638
f 644/642/642 643/643/643 642/644/644
f 642/644/644 645/645/645 644/642/642
f 647/646/646 646/647/647 645/645/645
f 645/645/645 642/644/644 647/646/646
f 616/616/616 649/648/648 648/649/649
f 648/649/649 589/589/589 616/616/616
f 650/650/650 588/586/586 589/589/589
f 589/589/589 648/649/649 650/650/650
f 653/651/651 652/652/652 651/653/653
f 651/653/653 654/654/654 653/651/651
f 657/655/655 656/656/656 655/657/657
f 655/657/657 658/658/658 657/655/655
f 660/659/659 616/616/616 659/660/660
f 659/660/660 661/661/661 660/659/659
f 658/658/658 663/662/662 662/663/663
f 662/663/663 657/655/655 658/658/658
f 666/664/664 665/665/665 664/666/666
f 664/666/666 667/667/667 666/664/664
f 670/668/668 669/669/669 668/670/670
f 668/670/670 671/671/671 670/668/668
f 674/672/672 673/673/673 672/674/674
f 672/674/674 675/675/675 674/672/672
f 671/671/671 677/676/676 676/677/677
f 676/677/677 670/668/668 671/671/671
f 680/678/678 679/679/679 678/680/680
f 678/680/680 681/681/681 680/678/678
f 684/682/682 683/683/683 682/684/684
f 682/684/684 685/685/685 684/682/682
f 687/686/686 686/687/687 617/618/618
f 617/618/618 618/617/617 687/686/686
f 685/685/685 689/688/688 688/689/689
f 688/689/689 684/682/682 685/685/685
f 691/690/690 641/641/641 690/691/691
f 690/691/691 692/692/692 691/690/690
f 641/641/641 691/690/690 693/693/693
f 693/693/693 640/638/638 641/641/641
f 636/637/637 637/636/636 694/694/694
f 694/694/694 695/695/695 636/637/637
f 643/643/643 697/696/696 696/697/697
f 696/697/697 642/644/644 643/643/643
f 698/698/698 647/646/646 642/644/644
f 642/644/644 696/697/697 698/698/698
f 699/699/699 648/649/649 649/648/648
f 649/648/648 700/700/700 699/699/699
f 650/650/650 648/649/649 699/699/699
f 699/699/699 701/701/701 650/650/650
f 651/653/653 652/652/652 702/702/702
f 702/702/702 703/703/703 651/653/653
f 704/704/704 655/657/657 656/656/656
f 656/656/656 705/705/705 704/704/704
f 660/659/659 661/661/661 706/706/706
f 706/706/706 707/707/707 660/659/659
f 664/666/666 665/665/665 708/708/708
f 708/708/708 709/709/709 664/666/666
f 668/670/670 669/669/669 710/710/710
f 710/710/710 711/711/711 668/670/670
f 673/673/673 674/672/672 712/712/712
f 712/712/712 713/713/713 673/673/673
f 680/678/678 681/681/681 714/714/714
f 714/714/714 715/715/715 680/678/678
f 682/684/684 683/683/683 716/716/716
f 716/716/716 717/717/717 682/684/684
f 719/718/718 718/719/719 686/687/687
f 686/687/687 687/686/686 719/718/718
f 691/690/690 692/692/692 720/720/720
f 720/720/720 721/721/721 691/690/690
f 693/693/693 691/690/690 721/721/721
f 721/721/721 722/722/722 693/693/693
f 725/723/723 724/724/724 723/725/725
f 723/725/725 726/726/726 725/723/723
f 728/727/727 727/728/728 725/723/723
f 725/723/723 726/726/726 728/727/727
f 729/729/729 635/634/634 603/601/601
f 603/601/601 730/730/730 729/729/729
f 635/634/634 619/619/619 633/633/633
f 633/633/633 631/632/632 635/634/634
f 638/640/640 732/731/731 731/732/732
f 731/732/732 733/733/733 638/640/640
f 734/734/734 641/641/641 638/640/640
f 638/640/640 733/733/733 734/734/734
f 605/607/607 606/606/606 735/735/735
f 622/622/622 610/608/608 608/610/610
f 608/610/610 634/635/635 622/622/622
f 737/736/736 736/737/737 714/714/714
f 714/714/714 681/681/681 737/736/736
f 678/680/680 738/738/738 737/736/736
f 737/736/736 681/681/681 678/680/680
f 601/603/603 602/602/602 599/597/597
f 599/597/597 739/739/739 601/603/603
f 602/602/602 632/631/631 630/630/630
f 630/630/630 628/629/629 602/602/602
f 741/740/740 740/741/741 708/708/708
f 708/708/708 665/665/665 741/740/740
f 666/664/664 742/742/742 741/740/740
f 741/740/740 665/665/665 666/664/664
f 597/599/599 598/598/598 596/594/594
f 596/594/594 743/743/743 597/599/599
f 598/598/598 629/628/628 627/627/627
f 627/627/627 595/595/595 598/598/598
f 627/627/627 629/628/628 744/744/744
f 702/702/702 652/652/652 745/745/745
f 745/745/745 746/746/746 702/702/702
f 745/745/745 652/652/652 653/651/651
f 653/651/651 747/747/747 745/745/745
f 749/748/748 748/749/749 594/596/596
f 594/596/596 750/750/750 749/748/748
f 751/751/751 750/750/750 594/596/596
f 594/596/596 626/626/626 751/751/751
f 744/744/744 752/752/752 626/626/626
f 626/626/626 627/627/627 744/744/744
f 752/752/752 744/744/744 753/753/753
f 753/753/753 754/754/754 752/752/752
f 757/755/755 756/756/756 755/757/757
f 755/757/757 758/758/758 757/755/755
f 758/758/758 760/759/759 759/760/760
f 759/760/760 757/755/755 758/758/758
f 760/759/759 762/761/761 761/762/762
f 761/762/762 759/760/760 760/759/759
f 578/579/579 591/591/591 592/590/590
f 592/590/590 763/763/763 578/579/579
f 591/591/591 578/579/579 764/764/764
f 764/764/764 609/609/609 591/591/591
f 765/765/765 609/609/609 764/764/764
f 764/764/764 766/766/766 765/765/765
f 769/767/767 768/768/768 767/769/769
f 767/769/769 770/770/770 769/767/767
f 768/768/768 771/771/771 751/751/751
f 751/751/751 767/769/769 768/768/768
f 771/771/771 772/772/772 750/750/750
f 750/750/750 751/751/751 771/771/771
f 772/772/772 773/773/773 749/748/748
f 749/748/748 750/750/750 772/772/772
f 775/774/774 774/775/775 745/745/745
f 745/745/745 747/747/747 775/774/774
f 592/590/590 761/762/762 762/761/761
f 762/761/761 763/763/763 592/590/590
f 593/593/593 614/614/614 585/585/585
f 585/585/585 621/621/621 593/593/593
f 614/614/614 611/613/613 584/582/582
f 584/582/582 585/585/585 614/614/614
f 611/613/613 776/776/776 637/636/636
f 637/636/636 584/582/582 611/613/613
f 776/776/776 777/777/777 694/694/694
f 694/694/694 637/636/636 776/776/776
f 688/689/689 778/778/778 724/724/724
f 724/724/724 725/723/723 688/689/689
f 688/689/689 725/723/723 727/728/728
f 727/728/728 684/682/682 688/689/689
f 779/779/779 730/730/730 603/601/601
f 779/779/779 603/601/601 604/604/604
f 679/679/679 680/678/678 683/683/683
f 683/683/683 684/682/682 679/679/679
f 715/715/715 716/716/716 683/683/683
f 683/683/683 680/678/678 715/715/715
f 676/677/677 780/780/780 736/737/737
f 736/737/737 737/736/736 676/677/677
f 676/677/677 737/736/736 738/738/738
f 738/738/738 670/668/668 676/677/677
f 781/781/781 739/739/739 599/597/597
f 781/781/781 599/597/597 600/600/600
f 667/667/667 664/666/666 669/669/669
f 669/669/669 670/668/668 667/667/667
f 709/709/709 710/710/710 669/669/669
f 669/669/669 664/666/666 709/709/709
f 662/663/663 782/782/782 740/741/741
f 740/741/741 741/740/740 662/663/663
f 662/663/663 741/740/740 742/742/742
f 742/742/742 657/655/655 662/663/663
f 783/783/783 743/743/743 596/594/594
f 783/783/783 596/594/594 784/784/784
f 654/654/654 651/653/653 656/656/656
f 656/656/656 657/655/655 654/654/654
f 703/703/703 705/705/705 656/656/656
f 656/656/656 651/653/653 703/703/703
f 692/692/692 726/726/726 723/725/725
f 723/725/725 720/720/720 692/692/692
f 692/692/692 690/691/691 728/727/727
f 728/727/727 726/726/726 692/692/692
f 607/605/605 605/607/607 635/634/634
f 635/634/634 729/729/729 607/605/605
f 785/785/785 622/622/622 605/607/607
f 605/607/607 735/735/735 785/785/785
f 644/642/642 734/734/734 733/733/733
f 733/733/733 643/643/643 644/642/642
f 733/733/733 731/732/732 697/696/696
f 697/696/696 643/643/643 733/733/733
f 596/594/594 594/596/596 748/749/749
f 748/749/749 784/784/784 596/594/594
f 595/595/595 596/594/594 598/598/598
f 599/597/597 628/629/629 598/598/598
f 628/629/629 599/597/597 602/602/602
f 603/601/601 631/632/632 602/602/602
f 631/632/632 603/601/601 635/634/634
f 605/607/607 634/635/635 635/634/634
f 634/635/635 605/607/607 622/622/622
f 706/706/706 661/661/661 786/786/786
f 786/786/786 787/787/787 706/706/706
f 661/661/661 659/660/660 672/674/674
f 672/674/674 786/786/786 661/661/661
f 712/712/712 674/672/672 788/788/788
f 788/788/788 789/789/789 712/712/712
f 788/788/788 674/672/672 675/675/675
f 675/675/675 617/618/618 788/788/788
f 617/618/618 675/675/675 790/790/790
f 790/790/790 582/584/584 617/618/618
f 687/686/686 792/791/791 791/792/792
f 791/792/792 719/718/718 687/686/686
f 792/791/791 687/686/686 618/617/617
f 618/617/617 583/583/583 792/791/791
f 639/639/639 793/793/793 732/731/731
f 732/731/731 638/640/640 639/639/639
f 689/688/688 794/794/794 778/778/778
f 778/778/778 688/689/689 689/688/688
f 677/676/676 795/795/795 780/780/780
f 780/780/780 676/677/677 677/676/676
f 663/662/662 796/796/796 782/782/782
f 782/782/782 662/663/663 663/662/662
f 797/797/797 746/746/746 745/745/745
f 745/745/745 774/775/775 797/797/797
f 695/695/695 694/694/694 798/798/798
f 800/799/799 799/800/800 696/697/697
f 696/697/697 697/696/696 800/799/799
f 799/800/800 801/801/801 698/698/698
f 698/698/698 696/697/697 799/800/800
f 699/699/699 802/802/802 701/701/701
f 804/803/803 803/804/804 704/704/704
f 704/704/704 705/705/705 804/803/803
f 707/707/707 706/706/706 805/805/805
f 807/806/806 806/807/807 709/709/709
f 709/709/709 708/708/708 807/806/806
f 806/807/807 808/808/808 711/711/711
f 711/711/711 710/710/710 806/807/807
f 713/713/713 712/712/712 809/809/809
f 811/810/810 810/811/811 715/715/715
f 715/715/715 714/714/714 811/810/810
f 810/811/811 812/812/812 717/717/717
f 717/717/717 716/716/716 810/811/811
f 718/719/719 719/718/718 813/813/813
f 815/814/814 814/815/815 722/722/722
f 722/722/722 721/721/721 815/814/814
f 817/816/816 816/817/817 723/725/725
f 723/725/725 724/724/724 817/816/816
f 818/818/818 800/799/799 731/732/732
f 731/732/732 732/731/731 818/818/818
f 819/819/819 811/810/810 714/714/714
f 714/714/714 736/737/737 819/819/819
f 820/820/820 807/806/806 708/708/708
f 708/708/708 740/741/741 820/820/820
f 822/821/821 821/822/822 702/702/702
f 702/702/702 746/746/746 822/821/821
f 821/822/822 804/803/803 705/705/705
f 705/705/705 703/703/703 821/822/822
f 816/817/817 815/814/814 720/720/720
f 720/720/720 723/725/725 816/817/817
f 823/823/823 818/818/818 732/731/731
f 732/731/731 793/793/793 823/823/823
f 824/824/824 817/816/816 778/778/778
f 778/778/778 794/794/794 824/824/824
f 825/825/825 819/819/819 780/780/780
f 780/780/780 795/795/795 825/825/825
f 826/826/826 820/820/820 782/782/782
f 782/782/782 796/796/796 826/826/826
f 827/827/827 822/821/821 746/746/746
f 746/746/746 797/797/797 827/827/827
f 829/828/828 828/829/829 579/578/578
f 579/578/578 575/575/575 829/828/828
f 830/830/830 829/828/828 575/575/575
f 575/575/575 576/574/574 830/830/830
f 569/569/569 831/831/831 770/770/770
f 770/770/770 568/566/566 569/569/569
f 833/832/832 832/833/833 573/573/573
f 573/573/573 570/572/572 833/832/832
f 833/832/832 570/572/572 580/581/581
f 580/581/581 834/834/834 833/832/832
f 835/835/835 579/578/578 828/829/829
f 828/829/829 836/836/836 835/835/835
f 766/766/766 764/764/764 835/835/835
f 835/835/835 837/837/837 766/766/766
f 755/757/757 839/838/838 838/839/839
f 838/839/839 758/758/758 755/757/757
f 758/758/758 838/839/839 840/840/840
f 840/840/840 760/759/759 758/758/758
f 841/841/841 763/763/763 762/761/761
f 762/761/761 842/842/842 841/841/841
f 839/838/838 843/843/843 838/839/839
f 833/832/832 834/834/834 844/844/844
f 844/844/844 843/843/843 833/832/832
f 821/822/822 703/703/703 702/702/702
f 815/814/814 721/721/721 720/720/720
f 817/816/816 724/724/724 778/778/778
f 810/811/811 716/716/716 715/715/715
f 819/819/819 736/737/737 780/780/780
f 806/807/807 710/710/710 709/709/709
f 820/820/820 740/741/741 782/782/782
f 800/799/799 697/696/696 731/732/732
f 612/612/612 622/622/622 785/785/785
f 632/631/631 765/765/765 744/744/744
f 744/744/744 630/630/630 632/631/631
f 613/611/611 622/622/622 612/612/612
f 583/583/583 618/617/617 582/584/584
f 578/579/579 763/763/763 841/841/841
f 841/841/841 574/576/576 578/579/579
f 845/845/845 769/767/767 770/770/770
f 770/770/770 831/831/831 845/845/845
f 848/846/846 847/847/847 846/848/848
f 846/848/848 849/849/849 848/846/846
f 571/571/571 851/850/850 850/851/851
f 850/851/851 581/580/580 571/571/571
f 549/547/547 853/852/852 852/853/853
f 852/853/853 548/548/548 549/547/547
f 856/854/854 855/855/855 854/856/856
f 854/856/856 857/857/857 856/854/854
f 856/854/854 857/857/857 542/542/542
f 542/542/542 543/541/541 856/854/854
f 546/545/545 542/542/542 857/857/857
f 857/857/857 858/858/858 546/545/545
f 861/859/859 860/860/860 859/861/861
f 859/861/861 862/862/862 861/859/859
f 537/539/539 864/863/863 863/864/864
f 863/864/864 865/865/865 537/539/539
f 540/540/540 537/539/539 865/865/865
f 865/865/865 866/866/866 540/540/540
f 859/861/861 540/540/540 866/866/866
f 866/866/866 867/867/867 859/861/861
f 862/862/862 859/861/861 867/867/867
f 867/867/867 868/868/868 862/862/862
f 846/848/848 870/869/869 869/870/870
f 869/870/870 849/849/849 846/848/848
f 873/871/871 872/872/872 871/873/873
f 871/873/873 874/874/874 873/871/871
f 875/875/875 547/549/549 851/850/850
f 851/850/850 876/876/876 875/875/875
f 580/581/581 576/574/574 577/577/577
f 577/577/577 834/834/834 580/581/581
f 581/580/580 830/830/830 576/574/574
f 576/574/574 580/581/581 581/580/580
f 844/844/844 834/834/834 577/577/577
f 577/577/577 877/877/877 844/844/844
f 878/878/878 546/545/545 858/858/858
f 858/858/858 879/879/879 878/878/878
f 880/880/880 545/546/546 546/545/545
f 546/545/545 878/878/878 880/880/880
f 840/840/840 842/842/842 762/761/761
f 762/761/761 760/759/759 840/840/840
f 881/881/881 854/856/856 855/855/855
f 855/855/855 882/882/882 881/881/881
f 874/874/874 871/873/873 883/883/883
f 883/883/883 837/837/837 874/874/874
f 884/884/884 754/754/754 753/753/753
f 753/753/753 883/883/883 884/884/884
f 887/885/885 886/886/886 885/887/887
f 885/887/887 848/846/846 887/885/885
f 591/591/591 609/609/609 610/608/608
f 610/608/608 590/592/592 591/591/591
f 538/538/538 539/537/537 888/888/888
f 888/888/888 889/889/889 538/538/538
f 579/578/578 835/835/835 764/764/764
f 764/764/764 578/579/579 579/578/578
f 828/829/829 829/828/828 890/890/890
f 890/890/890 891/891/891 828/829/829
f 829/828/828 830/830/830 892/892/892
f 892/892/892 890/890/890 829/828/828
f 893/893/893 566/568/568 567/567/567
f 567/567/567 894/894/894 893/893/893
f 851/850/850 571/571/571 572/570/570
f 572/570/570 876/876/876 851/850/850
f 830/830/830 581/580/580 850/851/851
f 850/851/851 892/892/892 830/830/830
f 547/549/549 548/548/548 850/851/851
f 850/851/851 851/850/850 547/549/549
f 891/891/891 896/895/895 895/896/896
f 895/896/896 897/897/897 891/891/891
f 548/548/548 852/853/853 892/892/892
f 892/892/892 850/851/851 548/548/548
f 898/898/898 550/550/550 547/549/549
f 547/549/549 875/875/875 898/898/898
f 852/853/853 899/899/899 890/890/890
f 890/890/890 892/892/892 852/853/853
f 899/899/899 896/895/895 891/891/891
f 891/891/891 890/890/890 899/899/899
f 856/854/854 901/900/900 900/901/901
f 900/901/901 855/855/855 856/854/854
f 902/902/902 554/556/556 555/555/555
f 555/555/555 903/903/903 902/902/902
f 854/856/856 904/904/904 858/858/858
f 858/858/858 857/857/857 854/856/856
f 907/905/905 906/906/906 905/907/907
f 905/907/907 908/908/908 907/905/905
f 904/904/904 909/909/909 879/879/879
f 879/879/879 858/858/858 904/904/904
f 910/910/910 884/884/884 883/883/883
f 883/883/883 871/873/873 910/910/910
f 911/911/911 910/910/910 871/873/873
f 871/873/873 872/872/872 911/911/911
f 912/912/912 861/859/859 901/900/900
f 901/900/900 913/913/913 912/912/912
f 914/914/914 885/887/887 886/886/886
f 886/886/886 915/915/915 914/914/914
f 917/916/916 916/917/917 885/887/887
f 885/887/887 914/914/914 917/916/916
f 916/917/917 917/916/916 918/918/918
f 919/919/919 847/847/847 916/917/917
f 916/917/917 918/918/918 919/919/919
f 914/914/914 915/915/915 555/555/555
f 555/555/555 556/554/554 914/914/914
f 555/555/555 915/915/915 920/920/920
f 920/920/920 903/903/903 555/555/555
f 847/847/847 848/846/846 885/887/887
f 885/887/887 916/917/917 847/847/847
f 887/885/885 848/846/846 849/849/849
f 849/849/849 921/921/921 887/885/885
f 846/848/848 847/847/847 919/919/919
f 919/919/919 870/869/869 846/848/848
f 868/868/868 887/885/885 921/921/921
f 921/921/921 862/862/862 868/868/868
f 869/870/870 870/869/869 895/896/896
f 895/896/896 922/922/922 869/870/870
f 918/918/918 872/872/872 919/919/919
f 744/744/744 765/765/765 766/766/766
f 766/766/766 753/753/753 744/744/744
f 753/753/753 766/766/766 837/837/837
f 837/837/837 883/883/883 753/753/753
f 873/871/871 874/874/874 836/836/836
f 836/836/836 897/897/897 873/871/871
f 836/836/836 874/874/874 837/837/837
f 837/837/837 835/835/835 836/836/836
f 919/919/919 872/872/872 873/871/871
f 873/871/871 870/869/869 919/919/919
f 870/869/869 873/871/871 897/897/897
f 897/897/897 895/896/896 870/869/869
f 619/619/619 765/765/765 633/633/633
f 843/843/843 839/838/838 832/833/833
f 832/833/833 833/832/832 843/843/843
f 843/843/843 844/844/844 840/840/840
f 840/840/840 838/839/839 843/843/843
f 844/844/844 877/877/877 842/842/842
f 842/842/842 840/840/840 844/844/844
f 872/872/872 918/918/918 917/916/916
f 917/916/916 911/911/911 872/872/872
f 864/863/863 537/539/539 538/538/538
f 538/538/538 923/923/923 864/863/863
f 889/889/889 924/924/924 923/923/923
f 923/923/923 538/538/538 889/889/889
f 841/841/841 877/877/877 577/577/577
f 577/577/577 574/576/576 841/841/841
f 841/841/841 842/842/842 877/877/877
f 615/615/615 625/625/625 925/925/925
f 925/925/925 790/790/790 615/615/615
f 616/616/616 615/615/615 659/660/660
f 925/925/925 620/620/620 582/584/584
f 582/584/584 790/790/790 925/925/925
f 790/790/790 672/674/674 659/660/660
f 659/660/660 615/615/615 790/790/790
f 790/790/790 675/675/675 672/674/674
f 625/625/625 624/624/624 926/926/926
f 926/926/926 927/927/927 625/625/625
f 625/625/625 927/927/927 928/928/928
f 928/928/928 925/925/925 625/625/625
f 624/624/624 623/623/623 926/926/926
f 927/927/927 757/755/755 759/760/760
f 759/760/760 928/928/928 927/927/927
f 757/755/755 927/927/927 926/926/926
f 926/926/926 756/756/756 757/755/755
f 926/926/926 623/623/623 756/756/756
f 621/621/621 620/620/620 929/929/929
f 929/929/929 930/930/930 621/621/621
f 929/929/929 759/760/760 761/762/762
f 761/762/762 930/930/930 929/929/929
f 593/593/593 621/621/621 930/930/930
f 930/930/930 592/590/590 593/593/593
f 761/762/762 592/590/590 930/930/930
f 929/929/929 928/928/928 759/760/760
f 929/929/929 620/620/620 925/925/925
f 925/925/925 928/928/928 929/929/929
f 904/904/904 854/856/856 881/881/881
f 881/881/881 853/852/852 904/904/904
f 881/881/881 882/882/882 896/895/895
f 896/895/895 899/899/899 881/881/881
f 853/852/852 881/881/881 899/899/899
f 899/899/899 852/853/853 853/852/852
f 860/860/860 539/537/537 540/540/540
f 540/540/540 859/861/861 860/860/860
f 910/910/910 911/911/911 894/894/894
f 894/894/894 567/567/567 910/910/910
f 884/884/884 910/910/910 567/567/567
f 567/567/567 568/566/566 884/884/884
f 754/754/754 884/884/884 568/566/566
f 568/566/566 770/770/770 754/754/754
f 767/769/769 752/752/752 754/754/754
f 754/754/754 770/770/770 767/769/769
f 751/751/751 626/626/626 752/752/752
f 752/752/752 767/769/769 751/751/751
f 886/886/886 887/885/885 868/868/868
f 868/868/868 931/931/931 886/886/886
f 556/554/554 932/932/932 917/916/916
f 917/916/916 914/914/914 556/554/554
f 932/932/932 894/894/894 911/911/911
f 911/911/911 917/916/916 932/932/932
f 849/849/849 869/870/870 933/933/933
f 933/933/933 921/921/921 849/849/849
f 934/934/934 931/931/931 868/868/868
f 868/868/868 867/867/867 934/934/934
f 931/931/931 920/920/920 915/915/915
f 915/915/915 886/886/886 931/931/931
f 936/935/935 935/936/936 560/558/558
f 560/558/558 561/561/561 936/935/935
f 922/922/922 895/896/896 896/895/895
f 896/895/895 882/882/882 922/922/922
f 922/922/922 882/882/882 855/855/855
f 855/855/855 900/901/901 922/922/922
f 828/829/829 891/891/891 897/897/897
f 897/897/897 836/836/836 828/829/829
f 933/933/933 869/870/870 922/922/922
f 922/922/922 900/901/901 933/933/933
f 893/893/893 894/894/894 932/932/932
f 932/932/932 937/937/937 893/893/893
f 938/938/938 449/447/447 450/450/450
f 450/450/450 939/939/939 938/938/938
f 556/554/554 557/557/557 937/937/937
f 937/937/937 932/932/932 556/554/554
f 422/422/422 421/421/421 532/532/532
f 532/532/532 415/415/415 422/422/422
f 865/865/865 863/864/864 935/936/936
f 935/936/936 936/935/935 865/865/865
f 442/443/443 518/518/518 469/468/468
f 469/468/468 440/440/440 442/443/443
f 518/518/518 473/473/473 469/468/468
f 461/459/459 465/463/463 466/466/466
f 466/466/466 460/460/460 461/459/459
f 132/130/130 133/133/133 940/940/940
f 940/940/940 941/941/941 132/130/130
f 941/941/941 940/940/940 942/942/942
f 942/942/942 459/461/461 941/941/941
f 459/461/461 942/942/942 943/943/943
f 943/943/943 462/462/462 459/461/461
f 462/462/462 943/943/943 944/944/944
f 944/944/944 945/945/945 462/462/462
f 474/476/476 475/475/475 946/946/946
f 946/946/946 947/947/947 474/476/476
f 495/495/495 946/946/946 475/475/475
f 475/475/475 494/492/492 495/495/495
f 946/946/946 495/495/495 490/489/489
f 490/489/489 491/491/491 946/946/946
f 946/946/946 491/491/491 948/948/948
f 948/948/948 947/947/947 946/946/946
f 949/949/949 948/948/948 491/491/491
f 491/491/491 489/490/490 949/949/949
f 949/949/949 489/490/490 362/362/362
f 362/362/362 486/488/488 949/949/949
f 390/389/389 391/391/391 433/431/431
f 465/463/463 458/458/458 455/457/457
f 455/457/457 464/464/464 465/463/463
f 950/950/950 458/458/458 465/463/463
f 465/463/463 461/459/459 950/950/950
f 945/945/945 950/950/950 461/459/459
f 461/459/459 462/462/462 945/945/945
f 951/951/951 941/941/941 459/461/461
f 459/461/461 460/460/460 951/951/951
f 460/460/460 466/466/466 478/479/479
f 478/479/479 951/951/951 460/460/460
f 483/483/483 952/952/952 467/467/467
f 467/467/467 482/480/480 483/483/483
f 953/953/953 132/130/130 941/941/941
f 941/941/941 951/951/951 953/953/953
f 955/954/954 954/955/955 478/479/479
f 478/479/479 479/478/478 955/954/954
f 957/956/956 956/957/957 952/952/952
f 952/952/952 483/483/483 957/956/956
f 483/483/483 480/482/482 957/956/956
f 954/955/955 953/953/953 951/951/951
f 951/951/951 478/479/479 954/955/955
f 125/124/124 363/363/363 953/953/953
f 953/953/953 954/955/955 125/124/124
f 113/113/113 958/958/958 363/363/363
f 363/363/363 125/124/124 113/113/113
f 959/959/959 958/958/958 113/113/113
f 113/113/113 110/112/112 959/959/959
f 123/121/121 121/123/123 960/960/960
f 960/960/960 126/128/128 123/121/121
f 124/125/125 125/124/124 954/955/955
f 954/955/955 955/954/954 124/125/125
f 377/375/375 484/484/484 956/957/957
f 956/957/957 957/956/956 377/375/375
f 376/376/376 377/375/375 957/956/956
f 957/956/956 480/482/482 376/376/376
f 952/952/952 479/478/478 463/465/465
f 463/465/465 467/467/467 952/952/952
f 956/957/957 955/954/954 479/478/478
f 479/478/478 952/952/952 956/957/957
f 484/484/484 124/125/125 955/954/954
f 955/954/954 956/957/957 484/484/484
f 112/110/110 124/125/125 484/484/484
f 484/484/484 407/408/408 112/110/110
f 111/111/111 112/110/110 407/408/408
f 407/408/408 408/407/407 111/111/111
f 470/472/472 428/428/428 429/427/427
f 429/427/427 468/469/469 470/472/472
f 948/948/948 949/949/949 961/961/961
f 961/961/961 962/962/962 948/948/948
f 947/947/947 948/948/948 962/962/962
f 962/962/962 963/963/963 947/947/947
f 474/476/476 947/947/947 963/963/963
f 963/963/963 964/964/964 474/476/476
f 477/477/477 474/476/476 964/964/964
f 964/964/964 965/965/965 477/477/477
f 122/122/122 389/390/390 130/132/132
f 130/132/132 131/131/131 122/122/122
f 131/131/131 132/130/130 953/953/953
f 953/953/953 363/363/363 131/131/131
f 391/391/391 122/122/122 123/121/121
f 123/121/121 388/388/388 391/391/391
f 472/470/470 477/477/477 965/965/965
f 965/965/965 471/471/471 472/470/470
f 388/388/388 434/435/435 433/431/431
f 433/431/431 391/391/391 388/388/388
f 434/435/435 967/966/966 966/967/967
f 961/961/961 949/949/949 486/488/488
f 486/488/488 968/968/968 961/961/961
f 457/455/455 458/458/458 950/950/950
f 950/950/950 969/969/969 457/455/455
f 970/970/970 969/969/969 950/950/950
f 950/950/950 945/945/945 970/970/970
f 971/971/971 970/970/970 945/945/945
f 945/945/945 944/944/944 971/971/971
f 974/972/972 973/973/973 972/974/974
f 972/974/974 975/975/975 974/972/972
f 972/974/974 977/976/976 976/977/977
f 976/977/977 975/975/975 972/974/974
f 936/935/935 978/978/978 866/866/866
f 866/866/866 865/865/865 936/935/935
f 978/978/978 936/935/935 561/561/561
f 561/561/561 563/563/563 978/978/978
f 920/920/920 931/931/931 934/934/934
f 978/978/978 934/934/934 867/867/867
f 867/867/867 866/866/866 978/978/978
f 563/563/563 920/920/920 934/934/934
f 934/934/934 978/978/978 563/563/563
f 562/562/562 903/903/903 920/920/920
f 920/920/920 563/563/563 562/562/562
f 981/979/979 980/980/980 979/981/981
f 979/981/981 448/448/448 981/979/979
f 406/406/406 397/397/397 398/398/398
f 398/398/398 405/403/403 406/406/406
f 982/982/982 879/879/879 909/909/909
f 452/452/452 984/983/983 983/984/984
f 983/984/984 451/451/451 452/452/452
f 452/452/452 448/448/448 979/981/981
f 412/413/413 108/106/106 109/109/109
f 981/979/979 448/448/448 449/447/447
f 449/447/447 938/938/938 981/979/979
f 987/985/985 986/986/986 985/987/987
f 985/987/987 988/988/988 987/985/985
f 989/989/989 535/533/533 985/987/987
f 985/987/987 986/986/986 989/989/989
f 535/533/533 536/536/536 990/990/990
f 990/990/990 985/987/987 535/533/533
f 991/991/991 988/988/988 985/987/987
f 985/987/987 990/990/990 991/991/991
f 984/983/983 993/992/992 992/993/993
f 992/993/993 983/984/984 984/983/983
f 564/565/565 994/994/994 990/990/990
f 990/990/990 536/536/536 564/565/565
f 990/990/990 994/994/994 995/995/995
f 995/995/995 991/991/991 990/990/990
f 996/996/996 992/993/993 993/992/992
f 993/992/992 997/997/997 996/996/996
f 550/550/550 898/898/898 906/906/906
f 906/906/906 907/905/905 550/550/550
f 909/909/909 549/547/547 550/550/550
f 550/550/550 907/905/905 909/909/909
f 853/852/852 549/547/547 909/909/909
f 909/909/909 904/904/904 853/852/852
f 903/903/903 562/562/562 998/998/998
f 998/998/998 902/902/902 903/903/903
f 998/998/998 562/562/562 558/560/560
f 558/560/560 999/999/999 998/998/998
f 1000/1000/1000 529/528/528 424/424/424
f 424/424/424 1001/1001/1001 1000/1000/1000
f 1001/1001/1001 424/424/424 116/114/114
f 999/999/999 558/560/560 559/559/559
f 909/909/909 907/905/905 908/908/908
f 908/908/908 982/982/982 909/909/909
f 1002/1002/1002 880/880/880 878/878/878
f 878/878/878 982/982/982 1002/1002/1002
f 994/994/994 1002/1002/1002 1003/1003/1003
f 1003/1003/1003 995/995/995 994/994/994
f 1004/1004/1004 996/996/996 997/997/997
f 997/997/997 1005/1005/1005 1004/1004/1004
f 878/878/878 879/879/879 982/982/982
f 1006/1006/1006 1004/1004/1004 1005/1005/1005
f 1005/1005/1005 1007/1007/1007 1006/1006/1006
f 880/880/880 1002/1002/1002 994/994/994
f 994/994/994 564/565/565 880/880/880
f 1007/1007/1007 1009/1008/1008 1008/1009/1009
f 1008/1009/1009 1006/1006/1006 1007/1007/1007
f 1003/1003/1003 1002/1002/1002 1010/1010/1010
f 1010/1010/1010 1011/1011/1011 1003/1003/1003
f 1013/1012/1012 1012/1013/1013 1011/1011/1011
f 1011/1011/1011 1010/1010/1010 1013/1012/1012
f 982/982/982 908/908/908 1010/1010/1010
f 1010/1010/1010 1002/1002/1002 982/982/982
f 1013/1012/1012 1010/1010/1010 908/908/908
f 908/908/908 905/907/907 1013/1012/1012
f 426/426/426 425/425/425 958/958/958
f 958/958/958 959/959/959 426/426/426
f 363/363/363 958/958/958 425/425/425
f 425/425/425 121/123/123 363/363/363
f 913/913/913 1014/1014/1014 888/888/888
f 888/888/888 912/912/912 913/913/913
f 900/901/901 901/900/900 861/859/859
f 861/859/859 933/933/933 900/901/901
f 551/552/552 924/924/924 889/889/889
f 889/889/889 553/553/553 551/552/552
f 1014/1014/1014 553/553/553 889/889/889
f 889/889/889 888/888/888 1014/1014/1014
f 912/912/912 888/888/888 539/537/537
f 539/537/537 860/860/860 912/912/912
f 912/912/912 860/860/860 861/859/859
f 1014/1014/1014 544/544/544 552/551/551
f 552/551/551 553/553/553 1014/1014/1014
f 543/541/541 544/544/544 1014/1014/1014
f 1014/1014/1014 913/913/913 543/541/541
f 856/854/854 543/541/541 913/913/913
f 913/913/913 901/900/900 856/854/854
f 861/859/859 862/862/862 921/921/921
f 921/921/921 933/933/933 861/859/859
f 533/535/535 552/551/551 544/544/544
f 544/544/544 565/564/564 533/535/535
f 545/546/546 880/880/880 564/565/565
f 564/565/565 565/564/564 545/546/546
f 565/564/564 544/544/544 541/543/543
f 541/543/543 545/546/546 565/564/564
f 477/477/477 472/470/470 473/473/473
f 473/473/473 476/474/474 477/477/477
f 1016/1015/1015 524/523/523 1015/1016/1016
f 1015/1016/1016 1017/1017/1017 1016/1015/1015
f 1020/1018/1018 1019/1019/1019 1018/1020/1020
f 1018/1020/1020 1021/1021/1021 1020/1018/1018
f 1019/1019/1019 1022/1022/1022 294/296/296
f 294/296/296 1018/1020/1020 1019/1019/1019
f 374/374/374 1015/1016/1016 524/523/523
f 524/523/523 387/387/387 374/374/374
f 1015/1016/1016 374/374/374 372/373/373
f 372/373/373 522/522/522 1015/1016/1016
f 522/522/522 1020/1018/1018 1017/1017/1017
f 1017/1017/1017 1015/1016/1016 522/522/522
f 522/522/522 521/521/521 1019/1019/1019
f 1019/1019/1019 1020/1018/1018 522/522/522
f 516/515/515 1023/1023/1023 513/513/513
f 513/513/513 512/512/512 516/515/515
f 1023/1023/1023 1022/1022/1022 514/514/514
f 514/514/514 513/513/513 1023/1023/1023
f 1022/1022/1022 1019/1019/1019 521/521/521
f 521/521/521 514/514/514 1022/1022/1022
f 1016/1015/1015 1024/1024/1024 523/524/524
f 523/524/524 524/523/523 1016/1015/1015
f 121/123/123 425/425/425 394/394/394
f 394/394/394 960/960/960 121/123/123
f 1025/1025/1025 973/973/973 974/972/972
f 974/972/972 1026/1026/1026 1025/1025/1025
f 1027/1027/1027 454/453/453 117/119/119
f 117/119/119 1028/1028/1028 1027/1027/1027
f 1029/1029/1029 1027/1027/1027 1028/1028/1028
f 1028/1028/1028 1030/1030/1030 1029/1029/1029
f 632/631/631 633/633/633 765/765/765
f 619/619/619 609/609/609 765/765/765
f 629/628/628 630/630/630 744/744/744
f 365/365/365 1032/1031/1031 1031/1032/1032
f 1031/1032/1032 364/366/366 365/365/365
f 1035/1033/1033 1034/1034/1034 1033/1035/1035
f 1033/1035/1035 1036/1036/1036 1035/1033/1033
f 1037/1037/1037 1036/1036/1036 1033/1035/1035
f 1033/1035/1035 1038/1038/1038 1037/1037/1037
f 1037/1037/1037 1038/1038/1038 1039/1039/1039
f 1039/1039/1039 1040/1040/1040 1037/1037/1037
f 1033/1035/1035 1034/1034/1034 1041/1041/1041
f 1041/1041/1041 1042/1042/1042 1033/1035/1035
f 1033/1035/1035 1042/1042/1042 1043/1043/1043
f 1043/1043/1043 1038/1038/1038 1033/1035/1035
f 1039/1039/1039 1038/1038/1038 1043/1043/1043
f 1037/1037/1037 1040/1040/1040 1044/1044/1044
f 1036/1036/1036 1037/1037/1037 1045/1045/1045
f 1045/1045/1045 1046/1046/1046 1036/1036/1036
f 1035/1033/1033 1036/1036/1036 1047/1047/1047
f 1047/1047/1047 1048/1048/1048 1035/1033/1033
f 1051/1049/1049 1050/1050/1050 1049/1051/1051
f 1049/1051/1051 1052/1052/1052 1051/1049/1049
f 1054/1053/1053 1053/1054/1054 1051/1049/1049
f 1051/1049/1049 1052/1052/1052 1054/1053/1053
f 1054/1053/1053 1055/1055/1055 1039/1039/1039
f 1039/1039/1039 1053/1054/1054 1054/1053/1053
f 1042/1042/1042 1041/1041/1041 1050/1050/1050
f 1050/1050/1050 1051/1049/1049 1042/1042/1042
f 1051/1049/1049 1053/1054/1054 1043/1043/1043
f 1043/1043/1043 1042/1042/1042 1051/1049/1049
f 1043/1043/1043 1053/1054/1054 1039/1039/1039
f 1058/1056/1056 1057/1057/1057 1056/1058/1058
f 1056/1058/1058 1059/1059/1059 1058/1056/1056
f 1060/1060/1060 1059/1059/1059 1056/1058/1058
f 1056/1058/1058 1061/1061/1061 1060/1060/1060
f 1060/1060/1060 1061/1061/1061 1062/1062/1062
f 1062/1062/1062 1063/1063/1063 1060/1060/1060
f 1057/1057/1057 1065/1064/1064 1064/1065/1065
f 1064/1065/1065 1056/1058/1058 1057/1057/1057
f 1056/1058/1058 1064/1065/1065 1066/1066/1066
f 1066/1066/1066 1061/1061/1061 1056/1058/1058
f 1062/1062/1062 1061/1061/1061 1066/1066/1066
f 1069/1067/1067 1068/1068/1068 1067/1069/1069
f 1071/1070/1070 1070/1071/1071 1067/1069/1069
f 1067/1069/1069 1072/1072/1072 1071/1070/1070
f 1074/1073/1073 1072/1072/1072 1073/1074/1074
f 1073/1074/1074 1075/1075/1075 1074/1073/1073
f 1077/1076/1076 1076/1077/1077 1073/1074/1074
f 1073/1074/1074 1072/1072/1072 1077/1076/1076
f 1067/1069/1069 1078/1078/1078 1077/1076/1076
f 1077/1076/1076 1072/1072/1072 1067/1069/1069
f 1067/1069/1069 1068/1068/1068 1062/1062/1062
f 1062/1062/1062 1078/1078/1078 1067/1069/1069
f 1064/1065/1065 1065/1064/1064 1076/1077/1077
f 1076/1077/1077 1077/1076/1076 1064/1065/1065
f 1077/1076/1076 1078/1078/1078 1066/1066/1066
f 1066/1066/1066 1064/1065/1065 1077/1076/1076
f 1066/1066/1066 1078/1078/1078 1062/1062/1062
f 1081/1079/1079 1080/1080/1080 1079/1081/1081
f 1079/1081/1081 1082/1082/1082 1081/1079/1079
f 1083/1083/1083 1082/1082/1082 1079/1081/1081
f 1079/1081/1081 1084/1084/1084 1083/1083/1083
f 1083/1083/1083 1084/1084/1084 1085/1085/1085
f 1085/1085/1085 1086/1086/1086 1083/1083/1083
f 1080/1080/1080 1088/1087/1087 1087/1088/1088
f 1087/1088/1088 1079/1081/1081 1080/1080/1080
f 1079/1081/1081 1087/1088/1088 1089/1089/1089
f 1089/1089/1089 1084/1084/1084 1079/1081/1081
f 1085/1085/1085 1084/1084/1084 1089/1089/1089
f 1092/1090/1090 1091/1091/1091 1090/1092/1092
f 1090/1092/1092 1093/1093/1093 1092/1090/1090
f 1095/1094/1094 1094/1095/1095 1092/1090/1090
f 1092/1090/1090 1093/1093/1093 1095/1094/1094
f 1095/1094/1094 1096/1096/1096 1085/1085/1085
f 1085/1085/1085 1094/1095/1095 1095/1094/1094
f 1087/1088/1088 1088/1087/1087 1091/1091/1091
f 1091/1091/1091 1092/1090/1090 1087/1088/1088
f 1092/1090/1090 1094/1095/1095 1089/1089/1089
f 1089/1089/1089 1087/1088/1088 1092/1090/1090
f 1089/1089/1089 1094/1095/1095 1085/1085/1085
f 1095/1094/1094 1097/1097/1097 1096/1096/1096
f 1097/1097/1097 1095/1094/1094 1093/1093/1093
f 1093/1093/1093 1098/1098/1098 1097/1097/1097
f 1090/1092/1092 1099/1099/1099 1098/1098/1098
f 1098/1098/1098 1093/1093/1093 1090/1092/1092
f 1102/1100/1100 1101/1101/1101 1100/1102/1102
f 1100/1102/1102 1103/1103/1103 1102/1100/1100
f 1104/1104/1104 1103/1103/1103 1100/1102/1102
f 1100/1102/1102 1105/1105/1105 1104/1104/1104
f 1104/1104/1104 1105/1105/1105 1106/1106/1106
f 1106/1106/1106 1107/1107/1107 1104/1104/1104
f 1101/1101/1101 1109/1108/1108 1108/1109/1109
f 1108/1109/1109 1100/1102/1102 1101/1101/1101
f 1100/1102/1102 1108/1109/1109 1110/1110/1110
f 1110/1110/1110 1105/1105/1105 1100/1102/1102
f 1106/1106/1106 1105/1105/1105 1110/1110/1110
f 1113/1111/1111 1112/1112/1112 1111/1113/1113
f 1111/1113/1113 1114/1114/1114 1113/1111/1111
f 1116/1115/1115 1115/1116/1116 1113/1111/1111
f 1113/1111/1111 1114/1114/1114 1116/1115/1115
f 1116/1115/1115 1117/1117/1117 1106/1106/1106
f 1106/1106/1106 1115/1116/1116 1116/1115/1115
f 1108/1109/1109 1109/1108/1108 1112/1112/1112
f 1112/1112/1112 1113/1111/1111 1108/1109/1109
f 1113/1111/1111 1115/1116/1116 1110/1110/1110
f 1110/1110/1110 1108/1109/1109 1113/1111/1111
f 1110/1110/1110 1115/1116/1116 1106/1106/1106
f 1116/1115/1115 1118/1118/1118 1117/1117/1117
f 1118/1118/1118 1116/1115/1115 1114/1114/1114
f 1114/1114/1114 1119/1119/1119 1118/1118/1118
f 1120/1120/1120 1119/1119/1119 1114/1114/1114
f 1114/1114/1114 1111/1113/1113 1120/1120/1120
f 1123/1121/1121 1122/1122/1122 1121/1123/1123
f 1121/1123/1123 1124/1124/1124 1123/1121/1121
f 1125/1125/1125 1123/1121/1121 1124/1124/1124
f 1124/1124/1124 1126/1126/1126 1125/1125/1125
f 1125/1125/1125 1126/1126/1126 1127/1127/1127
f 1127/1127/1127 1128/1128/1128 1125/1125/1125
f 1121/1123/1123 1130/1129/1129 1129/1130/1130
f 1129/1130/1130 1124/1124/1124 1121/1123/1123
f 1124/1124/1124 1129/1130/1130 1131/1131/1131
f 1131/1131/1131 1126/1126/1126 1124/1124/1124
f 1127/1127/1127 1126/1126/1126 1131/1131/1131
f 1134/1132/1132 1133/1133/1133 1132/1134/1134
f 1132/1134/1134 1135/1135/1135 1134/1132/1132
f 1137/1136/1136 1136/1137/1137 1134/1132/1132
f 1134/1132/1132 1135/1135/1135 1137/1136/1136
f 1137/1136/1136 1138/1138/1138 1127/1127/1127
f 1127/1127/1127 1136/1137/1137 1137/1136/1136
f 1130/1129/1129 1133/1133/1133 1134/1132/1132
f 1134/1132/1132 1129/1130/1130 1130/1129/1129
f 1134/1132/1132 1136/1137/1137 1131/1131/1131
f 1131/1131/1131 1129/1130/1130 1134/1132/1132
f 1131/1131/1131 1136/1137/1137 1127/1127/1127
f 1137/1136/1136 1139/1139/1139 1138/1138/1138
f 1139/1139/1139 1137/1136/1136 1135/1135/1135
f 1135/1135/1135 1140/1140/1140 1139/1139/1139
f 1132/1134/1134 1141/1141/1141 1140/1140/1140
f 1140/1140/1140 1135/1135/1135 1132/1134/1134
f 332/331/331 244/244/244 242/243/243
f 242/243/243 243/242/242 331/332/332
f 336/335/335 249/249/249 250/250/250
f 250/250/250 316/316/316 335/336/336
f 341/340/340 255/255/255 256/256/256
f 256/256/256 318/318/318 340/341/341
f 346/345/345 261/262/262 262/261/261
f 262/261/261 321/321/321 345/346/346
f 327/326/326 237/237/237 238/238/238
f 238/238/238 309/309/309 326/327/327
f 699/699/699 700/700/700 1142/1142/1142
f 699/699/699 1142/1142/1142 802/802/802
f 706/706/706 787/787/787 1143/1143/1143
f 706/706/706 1143/1143/1143 805/805/805
f 712/712/712 789/789/789 1144/1144/1144
f 712/712/712 1144/1144/1144 809/809/809
f 719/718/718 791/792/792 1145/1145/1145
f 719/718/718 1145/1145/1145 813/813/813
f 694/694/694 777/777/777 1146/1146/1146
f 694/694/694 1146/1146/1146 798/798/798
f 164/166/166 165/165/165 181/181/181
f 181/181/181 1147/1147/1147 164/166/166
f 383/383/383 1148/1148/1148 384/384/384
f 118/118/118 1149/1149/1149 1028/1028/1028
f 1028/1028/1028 117/119/119 118/118/118
f 1149/1149/1149 1150/1150/1150 1030/1030/1030
f 1030/1030/1030 1028/1028/1028 1149/1149/1149
f 552/551/551 533/535/535 534/534/534
f 531/531/531 527/527/527 379/381/381
f 118/118/118 531/531/531 379/381/381
f 379/381/381 1149/1149/1149 118/118/118
f 379/381/381 380/380/380 1150/1150/1150
f 1150/1150/1150 1149/1149/1149 379/381/381
f 419/419/419 417/417/417 119/117/117
f 119/117/117 120/120/120 419/419/419
f 368/370/370 481/481/481 482/480/480
f 482/480/480 371/371/371 368/370/370
f 482/480/480 467/467/467 386/385/385
f 386/385/385 371/371/371 482/480/480
f 128/126/126 410/410/410 1151/1151/1151
f 1151/1151/1151 1152/1152/1152 128/126/126
f 1151/1151/1151 410/410/410 411/411/411
f 411/411/411 1153/1153/1153 1151/1151/1151
f 416/414/414 1154/1154/1154 422/422/422
f 422/422/422 415/415/415 416/414/414
f 422/422/422 1154/1154/1154 1155/1155/1155
f 1155/1155/1155 402/402/402 422/422/422
f 402/402/402 1155/1155/1155 1156/1156/1156
f 1156/1156/1156 401/399/399 402/402/402
f 416/414/414 418/418/418 1157/1157/1157
f 1157/1157/1157 1154/1154/1154 416/414/414
f 1154/1154/1154 1157/1157/1157 1158/1158/1158
f 1158/1158/1158 1155/1155/1155 1154/1154/1154
f 1155/1155/1155 1158/1158/1158 1159/1159/1159
f 1159/1159/1159 1156/1156/1156 1155/1155/1155
f 1162/1160/1160 1161/1161/1161 1160/1162/1162
f 1160/1162/1162 1163/1163/1163 1162/1160/1160
f 432/432/432 975/975/975 976/977/977
f 976/977/977 431/433/433 432/432/432
f 432/432/432 433/431/431 434/435/435
f 434/435/435 966/967/967 432/432/432
f 435/434/434 1164/1164/1164 967/966/966
f 967/966/966 434/435/435 435/434/434
f 1165/1165/1165 419/419/419 120/120/120
f 120/120/120 453/454/454 1165/1165/1165
f 966/967/967 974/972/972 975/975/975
f 975/975/975 432/432/432 966/967/967
f 1166/1166/1166 457/455/455 1025/1025/1025
f 457/455/455 969/969/969 973/973/973
f 973/973/973 1025/1025/1025 457/455/455
f 969/969/969 970/970/970 972/974/974
f 972/974/974 973/973/973 969/969/969
f 970/970/970 971/971/971 977/976/976
f 977/976/976 972/974/974 970/970/970
f 487/487/487 968/968/968 486/488/488
f 1166/1166/1166 1025/1025/1025 1026/1026/1026
f 1026/1026/1026 1167/1167/1167 1166/1166/1166
f 385/386/386 1161/1161/1161 1162/1160/1160
f 1162/1160/1160 370/368/368 385/386/386
f 370/368/368 1031/1032/1032 1032/1031/1031
f 1032/1031/1031 369/369/369 370/368/368
f 1162/1160/1160 1031/1032/1032 370/368/368
f 385/386/386 455/457/457 456/456/456
f 456/456/456 1161/1161/1161 385/386/386
f 1166/1166/1166 1160/1162/1162 1161/1161/1161
f 1161/1161/1161 456/456/456 1166/1166/1166
f 419/419/419 1165/1165/1165 1168/1168/1168
f 1168/1168/1168 418/418/418 419/419/419
f 418/418/418 1168/1168/1168 1152/1152/1152
f 1152/1152/1152 1157/1157/1157 418/418/418
f 1152/1152/1152 1151/1151/1151 1158/1158/1158
f 1158/1158/1158 1157/1157/1157 1152/1152/1152
f 1158/1158/1158 1151/1151/1151 1153/1153/1153
f 1153/1153/1153 1159/1159/1159 1158/1158/1158
f 1167/1167/1167 1169/1169/1169 1160/1162/1162
f 1160/1162/1162 1166/1166/1166 1167/1167/1167
f 1169/1169/1169 1170/1170/1170 1163/1163/1163
f 1163/1163/1163 1160/1162/1162 1169/1169/1169
f 1170/1170/1170 1171/1171/1171 1148/1148/1148
f 1148/1148/1148 1163/1163/1163 1170/1170/1170
f 364/366/366 1031/1032/1032 1162/1160/1160
f 1162/1160/1160 383/383/383 364/366/366
f 383/383/383 1162/1160/1160 1163/1163/1163
f 1163/1163/1163 1148/1148/1148 383/383/383
f 453/454/454 1164/1164/1164 435/434/434
f 435/434/434 1165/1165/1165 453/454/454
f 435/434/434 127/127/127 1168/1168/1168
f 1168/1168/1168 1165/1165/1165 435/434/434
f 127/127/127 128/126/126 1152/1152/1152
f 1152/1152/1152 1168/1168/1168 127/127/127
f 453/454/454 454/453/453 1172/1172/1172
f 1172/1172/1172 1164/1164/1164 453/454/454
f 1172/1172/1172 454/453/453 1027/1027/1027
f 1027/1027/1027 1173/1173/1173 1172/1172/1172
f 1027/1027/1027 1029/1029/1029 1174/1174/1174
f 1174/1174/1174 1173/1173/1173 1027/1027/1027
f 974/972/972 966/967/967 967/966/966
f 967/966/966 1026/1026/1026 974/972/972
f 967/966/966 1164/1164/1164 1167/1167/1167
f 1167/1167/1167 1026/1026/1026 967/966/966
f 1164/1164/1164 1172/1172/1172 1169/1169/1169
f 1169/1169/1169 1167/1167/1167 1164/1164/1164
f 1169/1169/1169 1172/1172/1172 1173/1173/1173
f 1173/1173/1173 1170/1170/1170 1169/1169/1169
f 1173/1173/1173 1174/1174/1174 1171/1171/1171
f 1171/1171/1171 1170/1170/1170 1173/1173/1173
f 126/128/128 960/960/960 129/129/129
f 960/960/960 394/394/394 395/393/393
f 395/393/393 129/129/129 960/960/960
f 129/129/129 395/393/393 410/410/410
f 410/410/410 128/126/126 129/129/129
f 1166/1166/1166 456/456/456 457/455/455
f 167/167/167 164/166/166 1175/1175/1175
f 1175/1175/1175 301/301/301 167/167/167
f 1175/1175/1175 1177/1176/1176 1176/1177/1177
f 1176/1177/1177 1178/1178/1178 1175/1175/1175
f 508/508/508 302/303/303 392/392/392
f 392/392/392 507/506/506 508/508/508
f 1022/1022/1022 1023/1023/1023 298/297/297
f 298/297/297 294/296/296 1022/1022/1022
f 1023/1023/1023 516/515/515 1179/1179/1179
f 1179/1179/1179 298/297/297 1023/1023/1023
f 1179/1179/1179 516/515/515 517/517/517
f 517/517/517 510/510/510 1179/1179/1179
f 517/517/517 506/507/507 507/506/506
f 507/506/506 510/510/510 517/517/517
f 297/298/298 298/297/297 1179/1179/1179
f 297/298/298 1179/1179/1179 1180/1180/1180
f 296/294/294 297/298/298 1180/1180/1180
f 296/294/294 1180/1180/1180 168/169/169
f 168/169/169 293/293/293 296/294/294
f 1180/1180/1180 509/509/509 143/143/143
f 143/143/143 168/169/169 1180/1180/1180
f 143/143/143 509/509/509 392/392/392
f 392/392/392 142/144/144 143/143/143
f 299/300/300 187/187/187 166/164/164
f 166/164/164 167/167/167 299/300/300
f 164/166/166 1147/1147/1147 1177/1176/1176
f 1177/1176/1176 1175/1175/1175 164/166/166
f 508/508/508 1181/1181/1181 304/304/304
f 304/304/304 302/303/303 508/508/508
f 1180/1180/1180 1179/1179/1179 510/510/510
f 510/510/510 509/509/509 1180/1180/1180
f 512/512/512 499/499/499 505/505/505
f 505/505/505 515/516/516 512/512/512
f 505/505/505 519/519/519 520/520/520
f 520/520/520 515/516/516 505/505/505
f 519/519/519 445/445/445 501/501/501
f 501/501/501 520/520/520 519/519/519
f 1182/1182/1182 1017/1017/1017 1020/1018/1018
f 1020/1018/1018 1021/1021/1021 1182/1182/1182
f 1017/1017/1017 1182/1182/1182 1178/1178/1178
f 1178/1178/1178 1016/1015/1015 1017/1017/1017
f 1016/1015/1015 1178/1178/1178 1176/1177/1177
f 1176/1177/1177 1024/1024/1024 1016/1015/1015
f 502/500/500 503/503/503 1181/1181/1181
f 1181/1181/1181 508/508/508 502/500/500
f 287/286/286 420/420/420 295/295/295
f 295/295/295 286/287/287 287/286/286
f 286/287/287 295/295/295 296/294/294
f 296/294/294 293/293/293 286/287/287
f 1182/1182/1182 301/301/301 1175/1175/1175
f 1175/1175/1175 1178/1178/1178 1182/1182/1182
f 301/301/301 1182/1182/1182 1021/1021/1021
f 1021/1021/1021 300/299/299 301/301/301
f 300/299/299 1021/1021/1021 1018/1020/1020
f 1018/1020/1020 420/420/420 300/299/299
f 1018/1020/1020 294/296/296 295/295/295
f 295/295/295 420/420/420 1018/1020/1020
f 1185/1/1183 1184/4/1184 1183/3/1185
f 1183/3/1185 1186/2/1186 1185/1/1183
f 1187/5/1187 1185/1/1183 1186/2/1186
f 1186/2/1186 1188/6/1188 1187/5/1187
f 1187/5/1187 1188/6/1188 1189/8/1189
f 1189/8/1189 1190/7/1190 1187/5/1187
f 1192/9/1191 1191/10/1192 1184/4/1184
f 1184/4/1184 1185/1/1183 1192/9/1191
f 1187/5/1187 1193/11/1193 1192/9/1191
f 1192/9/1191 1185/1/1183 1187/5/1187
f 1193/11/1193 1187/5/1187 1190/7/1190
f 1196/12/1194 1195/14/1195 1194/13/1196
f 1198/15/1197 1197/16/1198 1195/14/1195
f 1195/14/1195 1196/12/1194 1198/15/1197
f 1198/15/1197 1200/18/1199 1199/17/1200
f 1199/17/1200 1197/16/1198 1198/15/1197
f 1201/19/1201 1197/16/1198 1199/17/1200
f 1199/17/1200 1202/20/1202 1201/19/1201
f 1197/16/1198 1201/19/1201 1203/21/1203
f 1203/21/1203 1195/14/1195 1197/16/1198
f 1195/14/1195 1203/21/1203 1190/7/1190
f 1190/7/1190 1194/13/1196 1195/14/1195
f 1192/9/1191 1201/19/1201 1202/20/1202
f 1202/20/1202 1191/10/1192 1192/9/1191
f 1192/9/1191 1193/11/1193 1203/21/1203
f 1203/21/1203 1201/19/1201 1192/9/1191
f 1190/7/1190 1203/21/1203 1193/11/1193
f 1206/22/1204 1205/25/1205 1204/24/1206
f 1204/24/1206 1207/23/1207 1206/22/1204
f 1208/26/1208 1206/22/1204 1207/23/1207
f 1207/23/1207 1209/27/1209 1208/26/1208
f 1208/26/1208 1209/27/1209 1210/29/1210
f 1210/29/1210 1211/28/1211 1208/26/1208
f 1213/30/1212 1212/31/1213 1205/25/1205
f 1205/25/1205 1206/22/1204 1213/30/1212
f 1208/26/1208 1214/32/1214 1213/30/1212
f 1213/30/1212 1206/22/1204 1208/26/1208
f 1214/32/1214 1208/26/1208 1211/28/1211
f 1217/33/1215 1216/35/1216 1215/34/1217
f 1219/36/1218 1218/37/1219 1216/35/1216
f 1216/35/1216 1217/33/1215 1219/36/1218
f 1218/37/1219 1219/36/1218 1220/39/1220
f 1220/39/1220 1221/38/1221 1218/37/1219
f 1222/40/1222 1218/37/1219 1221/38/1221
f 1221/38/1221 1223/41/1223 1222/40/1222
f 1218/37/1219 1222/40/1222 1224/42/1224
f 1224/42/1224 1216/35/1216 1218/37/1219
f 1216/35/1216 1224/42/1224 1211/28/1211
f 1211/28/1211 1215/34/1217 1216/35/1216
f 1212/31/1213 1213/30/1212 1222/40/1222
f 1222/40/1222 1223/41/1223 1212/31/1213
f 1213/30/1212 1214/32/1214 1224/42/1224
f 1224/42/1224 1222/40/1222 1213/30/1212
f 1211/28/1211 1224/42/1224 1214/32/1214
f 1227/43/1225 1226/46/1226 1225/45/1227
f 1225/45/1227 1228/44/1228 1227/43/1225
f 1229/47/1229 1227/43/1225 1228/44/1228
f 1228/44/1228 1230/48/1230 1229/47/1229
f 1229/47/1229 1230/48/1230 1231/50/1231
f 1231/50/1231 1232/49/1232 1229/47/1229
f 1234/51/1233 1233/52/1234 1226/46/1226
f 1226/46/1226 1227/43/1225 1234/51/1233
f 1229/47/1229 1235/53/1235 1234/51/1233
f 1234/51/1233 1227/43/1225 1229/47/1229
f 1235/53/1235 1229/47/1229 1232/49/1232
f 1238/54/1236 1237/56/1237 1236/55/1238
f 1240/57/1239 1239/58/1240 1237/56/1237
f 1237/56/1237 1238/54/1236 1240/57/1239
f 1240/57/1239 1242/60/1241 1241/59/1242
f 1241/59/1242 1239/58/1240 1240/57/1239
f 1243/61/1243 1239/58/1240 1241/59/1242
f 1241/59/1242 1244/62/1244 1243/61/1243
f 1239/58/1240 1243/61/1243 1245/63/1245
f 1245/63/1245 1237/56/1237 1239/58/1240
f 1237/56/1237 1245/63/1245 1232/49/1232
f 1232/49/1232 1236/55/1238 1237/56/1237
f 1234/51/1233 1243/61/1243 1244/62/1244
f 1244/62/1244 1233/52/1234 1234/51/1233
f 1234/51/1233 1235/53/1235 1245/63/1245
f 1245/63/1245 1243/61/1243 1234/51/1233
f 1232/49/1232 1245/63/1245 1235/53/1235
f 1248/64/1246 1247/67/1247 1246/66/1248
f 1246/66/1248 1249/65/1249 1248/64/1246
f 1250/68/1250 1248/64/1246 1249/65/1249
f 1249/65/1249 1251/69/1251 1250/68/1250
f 1250/68/1250 1251/69/1251 1252/71/1252
f 1252/71/1252 1253/70/1253 1250/68/1250
f 1255/72/1254 1254/73/1255 1247/67/1247
f 1247/67/1247 1248/64/1246 1255/72/1254
f 1250/68/1250 1256/74/1256 1255/72/1254
f 1255/72/1254 1248/64/1246 1250/68/1250
f 1256/74/1256 1250/68/1250 1253/70/1253
f 1259/75/1257 1258/77/1258 1257/76/1259
f 1261/78/1260 1260/79/1261 1258/77/1258
f 1258/77/1258 1259/75/1257 1261/78/1260
f 1260/79/1261 1261/78/1260 1262/81/1262
f 1262/81/1262 1263/80/1263 1260/79/1261
f 1264/82/1264 1260/79/1261 1263/80/1263
f 1263/80/1263 1265/83/1265 1264/82/1264
f 1260/79/1261 1264/82/1264 1266/84/1266
f 1266/84/1266 1258/77/1258 1260/79/1261
f 1258/77/1258 1266/84/1266 1253/70/1253
f 1253/70/1253 1257/76/1259 1258/77/1258
f 1255/72/1254 1264/82/1264 1265/83/1265
f 1265/83/1265 1254/73/1255 1255/72/1254
f 1255/72/1254 1256/74/1256 1266/84/1266
f 1266/84/1266 1264/82/1264 1255/72/1254
f 1253/70/1253 1266/84/1266 1256/74/1256
f 1269/85/1267 1268/88/1268 1267/87/1269
f 1267/87/1269 1270/86/1270 1269/85/1267
f 1271/89/1271 1269/85/1267 1270/86/1270
f 1270/86/1270 1272/90/1272 1271/89/1271
f 1271/89/1271 1272/90/1272 1273/92/1273
f 1273/92/1273 1274/91/1274 1271/89/1271
f 1276/93/1275 1275/94/1276 1268/88/1268
f 1268/88/1268 1269/85/1267 1276/93/1275
f 1271/89/1271 1277/95/1277 1276/93/1275
f 1276/93/1275 1269/85/1267 1271/89/1271
f 1277/95/1277 1271/89/1271 1274/91/1274
f 1280/96/1278 1279/98/1279 1278/97/1280
f 1282/99/1281 1281/100/1282 1279/98/1279
f 1279/98/1279 1280/96/1278 1282/99/1281
f 1282/99/1281 1284/102/1283 1283/101/1284
f 1283/101/1284 1281/100/1282 1282/99/1281
f 1285/103/1285 1281/100/1282 1283/101/1284
f 1283/101/1284 1286/104/1286 1285/103/1285
f 1281/100/1282 1285/103/1285 1287/105/1287
f 1287/105/1287 1279/98/1279 1281/100/1282
f 1279/98/1279 1287/105/1287 1274/91/1274
f 1274/91/1274 1278/97/1280 1279/98/1279
f 1276/93/1275 1285/103/1285 1286/104/1286
f 1286/104/1286 1275/94/1276 1276/93/1275
f 1276/93/1275 1277/95/1277 1287/105/1287
f 1287/105/1287 1285/103/1285 1276/93/1275
f 1274/91/1274 1287/105/1287 1277/95/1277
f 1289/106/1288 1288/109/1289 106/108/108
f 106/108/108 107/107/107 1289/106/1288
f 1291/110/1290 1290/113/1291 110/112/112
f 110/112/112 111/111/111 1291/110/1290
f 116/114/114 114/116/116 1292/115/1292
f 1295/117/1293 1294/120/1294 1293/119/1295
f 1293/119/1295 1296/118/1296 1295/117/1293
f 1299/121/1297 1298/123/1298 1297/122/1299
f 1290/113/1291 1291/110/1290 1300/125/1300
f 1300/125/1300 1301/124/1301 1290/113/1291
f 1304/126/1302 1303/129/1303 1302/128/1304
f 1302/128/1304 1305/127/1305 1304/126/1302
f 1308/130/1306 1307/133/1307 1306/132/1308
f 1306/132/1308 1309/131/1309 1308/130/1306
f 1312/134/1310 1311/137/1311 1310/136/1312
f 1310/136/1312 1313/135/1313 1312/134/1310
f 1316/138/1314 1315/141/1315 1314/140/1316
f 1314/140/1316 1317/139/1317 1316/138/1314
f 1320/142/1318 1319/145/1319 1318/144/1320
f 1318/144/1320 1321/143/1321 1320/142/1318
f 1324/146/1322 1323/149/1323 1322/148/1324
f 1322/148/1324 1325/147/1325 1324/146/1322
f 1328/150/1326 1327/153/1327 1326/152/1328
f 1326/152/1328 1329/151/1329 1328/150/1326
f 1332/154/1330 1331/157/1331 1330/156/1332
f 1330/156/1332 1333/155/1333 1332/154/1330
f 1319/145/1319 1335/159/1334 1334/158/1335
f 1334/158/1335 1318/144/1320 1319/145/1319
f 1338/160/1336 1337/163/1337 1336/162/1338
f 1336/162/1338 1339/161/1339 1338/160/1336
f 1342/164/1340 1341/167/1341 1340/166/1342
f 1340/166/1342 1343/165/1343 1342/164/1340
f 1344/168/1344 1320/142/1318 1321/143/1321
f 1321/143/1321 1345/169/1345 1344/168/1344
f 1348/170/1346 1347/173/1347 1346/172/1348
f 1346/172/1348 1349/171/1349 1348/170/1346
f 1350/174/1350 1315/141/1315 1316/138/1314
f 1352/175/1351 1351/176/1352 1315/141/1315
f 1315/141/1315 1350/174/1350 1352/175/1351
f 1354/177/1353 1353/179/1354 1311/137/1311
f 1311/137/1311 1355/178/1355 1354/177/1353
f 1311/137/1311 1312/134/1310 1335/159/1334
f 1349/171/1349 1356/180/1356 1342/164/1340
f 1342/164/1340 1343/165/1343 1349/171/1349
f 1320/142/1318 1344/168/1344 1314/140/1316
f 1314/140/1316 1315/141/1315 1320/142/1318
f 1343/165/1343 1357/181/1357 1348/170/1346
f 1348/170/1346 1349/171/1349 1343/165/1343
f 1315/141/1315 1351/176/1352 1319/145/1319
f 1319/145/1319 1320/142/1318 1315/141/1315
f 1358/182/1358 1325/147/1325 1322/148/1324
f 1319/145/1319 1351/176/1352 1355/178/1355
f 1360/183/1359 1359/184/1360 1326/152/1328
f 1355/178/1355 1311/137/1311 1335/159/1334
f 1335/159/1334 1319/145/1319 1355/178/1355
f 1362/185/1361 1361/187/1362 1342/164/1340
f 1342/164/1340 1363/186/1363 1362/185/1361
f 1310/136/1312 1365/189/1364 1364/188/1365
f 1364/188/1365 1313/135/1313 1310/136/1312
f 1339/161/1339 1367/192/1366 1366/191/1367
f 1366/191/1367 1368/190/1368 1339/161/1339
f 1346/172/1348 1370/195/1369 1369/194/1370
f 1369/194/1370 1371/193/1371 1346/172/1348
f 1370/195/1369 1346/172/1348 1347/173/1347
f 1347/173/1347 1372/196/1372 1370/195/1369
f 1316/138/1314 1374/198/1373 1373/197/1374
f 1373/197/1374 1350/174/1350 1316/138/1314
f 1374/198/1373 1316/138/1314 1317/139/1317
f 1317/139/1317 1375/199/1375 1374/198/1373
f 1378/200/1376 1377/203/1377 1376/202/1378
f 1376/202/1378 1379/201/1379 1378/200/1376
f 1382/204/1380 1381/207/1381 1380/206/1382
f 1380/206/1382 1383/205/1383 1382/204/1380
f 1384/208/1384 1352/175/1351 1350/174/1350
f 1350/174/1350 1385/209/1385 1384/208/1384
f 1383/205/1383 1387/211/1386 1386/210/1387
f 1386/210/1387 1382/204/1380 1383/205/1383
f 1328/150/1326 1389/213/1388 1388/212/1389
f 1388/212/1389 1327/153/1327 1328/150/1326
f 1392/214/1390 1391/217/1391 1390/216/1392
f 1390/216/1392 1393/215/1393 1392/214/1390
f 1396/218/1394 1395/221/1395 1394/220/1396
f 1394/220/1396 1397/219/1397 1396/218/1394
f 1393/215/1393 1399/223/1398 1398/222/1399
f 1398/222/1399 1392/214/1390 1393/215/1393
f 1400/224/1400 1331/157/1331 1332/154/1330
f 1332/154/1330 1401/225/1401 1400/224/1400
f 1404/226/1402 1403/229/1403 1402/228/1404
f 1402/228/1404 1405/227/1405 1404/226/1402
f 1353/179/1354 1354/177/1353 1406/231/1406
f 1406/231/1406 1407/230/1407 1353/179/1354
f 1405/227/1405 1409/233/1408 1408/232/1409
f 1408/232/1409 1404/226/1402 1405/227/1405
f 1410/234/1410 1338/160/1336 1339/161/1339
f 1339/161/1339 1411/235/1411 1410/234/1410
f 1368/190/1368 1412/236/1412 1411/235/1411
f 1411/235/1411 1339/161/1339 1368/190/1368
f 1414/237/1413 1413/238/1414 1364/188/1365
f 1364/188/1365 1365/189/1364 1414/237/1413
f 1370/195/1369 1416/240/1415 1415/239/1416
f 1415/239/1416 1369/194/1370 1370/195/1369
f 1416/240/1415 1370/195/1369 1372/196/1372
f 1372/196/1372 1417/241/1417 1416/240/1415
f 1418/242/1418 1373/197/1374 1374/198/1373
f 1374/198/1373 1419/243/1419 1418/242/1418
f 1420/244/1420 1419/243/1419 1374/198/1373
f 1374/198/1373 1375/199/1375 1420/244/1420
f 1422/245/1421 1421/246/1422 1376/202/1378
f 1376/202/1378 1377/203/1377 1422/245/1421
f 1423/247/1423 1380/206/1382 1381/207/1381
f 1381/207/1381 1424/248/1424 1423/247/1423
f 1426/249/1425 1425/250/1426 1384/208/1384
f 1384/208/1384 1385/209/1385 1426/249/1425
f 1428/251/1427 1427/252/1428 1388/212/1389
f 1388/212/1389 1389/213/1388 1428/251/1427
f 1430/253/1429 1429/254/1430 1390/216/1392
f 1390/216/1392 1391/217/1391 1430/253/1429
f 1432/255/1431 1431/256/1432 1397/219/1397
f 1397/219/1397 1394/220/1396 1432/255/1431
f 1434/257/1433 1433/258/1434 1400/224/1400
f 1400/224/1400 1401/225/1401 1434/257/1433
f 1436/259/1435 1435/260/1436 1402/228/1404
f 1402/228/1404 1403/229/1403 1436/259/1435
f 1407/230/1407 1406/231/1406 1437/262/1437
f 1437/262/1437 1438/261/1438 1407/230/1407
f 1440/263/1439 1439/264/1440 1410/234/1410
f 1410/234/1410 1411/235/1411 1440/263/1439
f 1441/265/1441 1440/263/1439 1411/235/1411
f 1411/235/1411 1412/236/1412 1441/265/1441
f 1444/266/1442 1443/269/1443 1442/268/1444
f 1442/268/1444 1445/267/1445 1444/266/1442
f 1444/266/1442 1445/267/1445 1446/271/1446
f 1446/271/1446 1447/270/1447 1444/266/1442
f 1446/271/1446 1448/272/1448 1362/185/1361
f 1362/185/1361 1447/270/1447 1446/271/1446
f 1451/273/1449 1450/275/1450 1449/274/1451
f 1449/274/1451 1367/192/1366 1451/273/1449
f 1451/273/1449 1367/192/1366 1339/161/1339
f 1339/161/1339 1452/276/1452 1451/273/1449
f 1336/162/1338 1453/277/1453 1452/276/1452
f 1452/276/1452 1339/161/1339 1336/162/1338
f 1363/186/1363 1342/164/1340 1356/180/1356
f 1400/224/1400 1433/258/1434 1454/279/1454
f 1454/279/1454 1455/278/1455 1400/224/1400
f 1400/224/1400 1455/278/1455 1456/280/1456
f 1456/280/1456 1331/157/1331 1400/224/1400
f 1456/280/1456 1457/281/1457 1330/156/1332
f 1330/156/1332 1331/157/1331 1456/280/1456
f 1359/184/1360 1360/183/1359 1330/156/1332
f 1388/212/1389 1427/252/1428 1458/283/1458
f 1458/283/1458 1459/282/1459 1388/212/1389
f 1388/212/1389 1459/282/1459 1460/284/1460
f 1460/284/1460 1327/153/1327 1388/212/1389
f 1460/284/1460 1461/285/1461 1326/152/1328
f 1326/152/1328 1327/153/1327 1460/284/1460
f 1360/183/1359 1358/182/1358 1462/287/1462
f 1462/287/1462 1463/286/1463 1360/183/1359
f 1465/288/1464 1464/289/1465 1376/202/1378
f 1376/202/1378 1421/246/1422 1465/288/1464
f 1466/290/1466 1379/201/1379 1376/202/1378
f 1376/202/1378 1464/289/1465 1466/290/1466
f 1467/291/1467 1322/148/1324 1379/201/1379
f 1379/201/1379 1466/290/1466 1467/291/1467
f 1467/291/1467 1468/292/1468 1358/182/1358
f 1358/182/1358 1322/148/1324 1467/291/1467
f 1358/182/1358 1468/292/1468 1469/293/1469
f 1469/293/1469 1462/287/1462 1358/182/1358
f 1472/298/1470 1471/297/1471 1470/296/1472
f 1473/294/1473 1472/298/1470 1470/296/1472
f 1473/294/1473 1470/296/1472 1474/295/1474
f 1476/299/1475 1475/301/1476 1341/167/1341
f 1341/167/1341 1477/300/1477 1476/299/1475
f 1344/168/1344 1345/169/1345 1469/293/1469
f 1469/293/1469 1468/292/1468 1344/168/1344
f 1468/292/1468 1467/291/1467 1314/140/1316
f 1314/140/1316 1344/168/1344 1468/292/1468
f 1467/291/1467 1466/290/1466 1317/139/1317
f 1317/139/1317 1314/140/1316 1467/291/1467
f 1466/290/1466 1464/289/1465 1375/199/1375
f 1375/199/1375 1317/139/1317 1466/290/1466
f 1480/302/1478 1479/304/1479 1478/303/1480
f 1478/303/1480 1334/158/1335 1480/302/1478
f 1335/159/1334 1481/305/1481 1480/302/1478
f 1480/302/1478 1334/158/1335 1335/159/1334
f 1335/159/1334 1312/134/1310 1482/306/1482
f 1482/306/1482 1481/305/1481 1335/159/1334
f 1312/134/1310 1313/135/1313 1483/307/1483
f 1483/307/1483 1482/306/1482 1312/134/1310
f 1313/135/1313 1364/188/1365 1484/308/1484
f 1484/308/1484 1483/307/1483 1313/135/1313
f 1364/188/1365 1413/238/1414 1485/309/1485
f 1485/309/1485 1484/308/1484 1364/188/1365
f 1445/267/1445 1442/268/1444 1486/310/1486
f 1486/310/1486 1409/233/1408 1445/267/1445
f 1405/227/1405 1446/271/1446 1445/267/1445
f 1445/267/1445 1409/233/1408 1405/227/1405
f 1446/271/1446 1405/227/1405 1487/311/1487
f 1487/311/1487 1448/272/1448 1446/271/1446
f 1487/311/1487 1405/227/1405 1332/154/1330
f 1332/154/1330 1333/155/1333 1487/311/1487
f 1405/227/1405 1402/228/1404 1401/225/1401
f 1401/225/1401 1332/154/1330 1405/227/1405
f 1401/225/1401 1402/228/1404 1435/260/1436
f 1435/260/1436 1434/257/1433 1401/225/1401
f 1455/278/1455 1454/279/1454 1488/312/1488
f 1488/312/1488 1399/223/1398 1455/278/1455
f 1393/215/1393 1456/280/1456 1455/278/1455
f 1455/278/1455 1399/223/1398 1393/215/1393
f 1456/280/1456 1393/215/1393 1489/313/1489
f 1489/313/1489 1457/281/1457 1456/280/1456
f 1489/313/1489 1393/215/1393 1328/150/1326
f 1328/150/1326 1329/151/1329 1489/313/1489
f 1393/215/1393 1390/216/1392 1389/213/1388
f 1389/213/1388 1328/150/1326 1393/215/1393
f 1389/213/1388 1390/216/1392 1429/254/1430
f 1429/254/1430 1428/251/1427 1389/213/1388
f 1459/282/1459 1458/283/1458 1490/314/1490
f 1490/314/1490 1387/211/1386 1459/282/1459
f 1383/205/1383 1460/284/1460 1459/282/1459
f 1459/282/1459 1387/211/1386 1383/205/1383
f 1460/284/1460 1383/205/1383 1324/146/1322
f 1324/146/1322 1461/285/1461 1460/284/1460
f 1324/146/1322 1383/205/1383 1378/200/1376
f 1378/200/1376 1323/149/1323 1324/146/1322
f 1383/205/1383 1380/206/1382 1377/203/1377
f 1377/203/1377 1378/200/1376 1383/205/1383
f 1377/203/1377 1380/206/1382 1423/247/1423
f 1423/247/1423 1422/245/1421 1377/203/1377
f 1439/264/1440 1443/269/1443 1444/266/1442
f 1444/266/1442 1410/234/1410 1439/264/1440
f 1444/266/1442 1447/270/1447 1338/160/1336
f 1338/160/1336 1410/234/1410 1444/266/1442
f 1447/270/1447 1362/185/1361 1337/163/1337
f 1337/163/1337 1338/160/1336 1447/270/1447
f 1452/276/1452 1453/277/1453 1356/180/1356
f 1356/180/1356 1371/193/1371 1452/276/1452
f 1369/194/1370 1451/273/1449 1452/276/1452
f 1452/276/1452 1371/193/1371 1369/194/1370
f 1369/194/1370 1415/239/1416 1450/275/1450
f 1450/275/1450 1451/273/1449 1369/194/1370
f 1378/200/1376 1379/201/1379 1322/148/1324
f 1322/148/1324 1323/149/1323 1378/200/1376
f 1324/146/1322 1325/147/1325 1326/152/1328
f 1326/152/1328 1461/285/1461 1324/146/1322
f 1489/313/1489 1329/151/1329 1326/152/1328
f 1326/152/1328 1359/184/1360 1489/313/1489
f 1489/313/1489 1359/184/1360 1330/156/1332
f 1330/156/1332 1457/281/1457 1489/313/1489
f 1487/311/1487 1333/155/1333 1330/156/1332
f 1330/156/1332 1491/315/1491 1487/311/1487
f 1487/311/1487 1491/315/1491 1362/185/1361
f 1362/185/1361 1448/272/1448 1487/311/1487
f 1336/162/1338 1337/163/1337 1362/185/1361
f 1362/185/1361 1363/186/1363 1336/162/1338
f 1336/162/1338 1363/186/1363 1356/180/1356
f 1356/180/1356 1453/277/1453 1336/162/1338
f 1493/316/1492 1492/317/1493 1384/208/1384
f 1384/208/1384 1425/250/1426 1493/316/1492
f 1492/317/1493 1395/221/1395 1352/175/1351
f 1352/175/1351 1384/208/1384 1492/317/1493
f 1495/318/1494 1494/319/1495 1397/219/1397
f 1397/219/1397 1431/256/1432 1495/318/1494
f 1354/177/1353 1396/218/1394 1397/219/1397
f 1397/219/1397 1494/319/1495 1354/177/1353
f 1351/176/1352 1395/221/1395 1396/218/1394
f 1396/218/1394 1355/178/1355 1351/176/1352
f 1438/261/1438 1497/321/1496 1496/320/1497
f 1496/320/1497 1407/230/1407 1438/261/1438
f 1310/136/1312 1353/179/1354 1407/230/1407
f 1407/230/1407 1496/320/1497 1310/136/1312
f 1367/192/1366 1449/274/1451 1498/322/1498
f 1498/322/1498 1366/191/1367 1367/192/1366
f 1409/233/1408 1486/310/1486 1499/323/1499
f 1499/323/1499 1408/232/1409 1409/233/1408
f 1399/223/1398 1488/312/1488 1500/324/1500
f 1500/324/1500 1398/222/1399 1399/223/1398
f 1387/211/1386 1490/314/1490 1501/325/1501
f 1501/325/1501 1386/210/1387 1387/211/1386
f 1375/199/1375 1464/289/1465 1465/288/1464
f 1465/288/1464 1420/244/1420 1375/199/1375
f 1503/326/1502 1502/327/1503 1413/238/1414
f 1415/239/1416 1416/240/1415 1504/329/1504
f 1504/329/1504 1505/328/1505 1415/239/1416
f 1416/240/1415 1417/241/1417 1506/330/1506
f 1506/330/1506 1504/329/1504 1416/240/1415
f 1508/331/1507 1507/332/1508 1419/243/1419
f 1423/247/1423 1424/248/1424 1509/334/1509
f 1509/334/1509 1510/333/1510 1423/247/1423
f 1512/335/1511 1511/336/1512 1425/250/1426
f 1427/252/1428 1428/251/1427 1513/338/1513
f 1513/338/1513 1514/337/1514 1427/252/1428
f 1429/254/1430 1430/253/1429 1515/339/1515
f 1515/339/1515 1513/338/1513 1429/254/1430
f 1517/340/1516 1516/341/1517 1431/256/1432
f 1433/258/1434 1434/257/1433 1518/343/1518
f 1518/343/1518 1519/342/1519 1433/258/1434
f 1435/260/1436 1436/259/1435 1520/344/1520
f 1520/344/1520 1518/343/1518 1435/260/1436
f 1522/345/1521 1521/346/1522 1438/261/1438
f 1442/268/1444 1443/269/1443 1523/348/1523
f 1523/348/1523 1524/347/1524 1442/268/1444
f 1449/274/1451 1450/275/1450 1505/328/1505
f 1505/328/1505 1525/349/1525 1449/274/1451
f 1454/279/1454 1433/258/1434 1519/342/1519
f 1519/342/1519 1526/350/1526 1454/279/1454
f 1458/283/1458 1427/252/1428 1514/337/1514
f 1514/337/1514 1527/351/1527 1458/283/1458
f 1465/288/1464 1421/246/1422 1528/353/1528
f 1528/353/1528 1529/352/1529 1465/288/1464
f 1422/245/1421 1423/247/1423 1510/333/1510
f 1510/333/1510 1528/353/1528 1422/245/1421
f 1443/269/1443 1439/264/1440 1530/354/1530
f 1530/354/1530 1523/348/1523 1443/269/1443
f 1498/322/1498 1449/274/1451 1525/349/1525
f 1525/349/1525 1531/355/1531 1498/322/1498
f 1499/323/1499 1486/310/1486 1524/347/1524
f 1524/347/1524 1532/356/1532 1499/323/1499
f 1500/324/1500 1488/312/1488 1526/350/1526
f 1526/350/1526 1533/357/1533 1500/324/1500
f 1501/325/1501 1490/314/1490 1527/351/1527
f 1527/351/1527 1534/358/1534 1501/325/1501
f 1420/244/1420 1465/288/1464 1529/352/1529
f 1529/352/1529 1508/331/1507 1420/244/1420
f 1421/246/1422 1422/245/1421 1528/353/1528
f 1439/264/1440 1440/263/1439 1530/354/1530
f 1486/310/1486 1442/268/1444 1524/347/1524
f 1434/257/1433 1435/260/1436 1518/343/1518
f 1488/312/1488 1454/279/1454 1526/350/1526
f 1428/251/1427 1429/254/1430 1513/338/1513
f 1490/314/1490 1458/283/1458 1527/351/1527
f 1450/275/1450 1415/239/1416 1505/328/1505
f 1371/193/1371 1356/180/1356 1346/172/1348
f 1346/172/1348 1356/180/1356 1349/171/1349
f 1311/137/1311 1353/179/1354 1310/136/1312
f 1537/359/1535 1536/362/1536 1535/361/1537
f 1535/361/1537 1538/360/1538 1537/359/1535
f 1298/123/1298 1539/363/1539 1309/131/1309
f 1309/131/1309 1297/122/1299 1298/123/1298
f 1541/364/1540 367/367/367 1540/366/1541
f 1540/366/1541 1542/365/1542 1541/364/1540
f 1545/368/1543 1544/371/1544 1543/370/1545
f 1543/370/1545 1546/369/1546 1545/368/1543
f 1537/359/1535 1548/374/1547 1547/373/1548
f 1547/373/1548 1549/372/1549 1537/359/1535
f 1552/375/1550 1551/378/1551 1550/377/1552
f 1550/377/1552 1553/376/1553 1552/375/1550
f 381/379/379 1555/382/1554 1554/381/1555
f 1554/381/1555 380/380/380 381/379/379
f 367/367/367 384/384/384 1556/383/1556
f 1556/383/1556 1540/366/1541 367/367/367
f 1544/371/1544 1545/368/1543 1557/386/1557
f 1557/386/1557 1558/385/1558 1544/371/1544
f 1538/360/1538 1559/387/1559 1548/374/1547
f 1548/374/1547 1537/359/1535 1538/360/1538
f 1299/121/1297 1560/388/1560 1305/127/1305
f 1305/127/1305 1302/128/1304 1299/121/1297
f 1562/389/1561 1561/391/1562 1297/122/1299
f 1297/122/1299 1563/390/1563 1562/389/1561
f 1564/392/1564 1318/144/1320 1334/158/1335
f 1334/158/1335 1478/303/1480 1564/392/1564
f 1565/393/1565 396/396/396 393/395/395
f 393/395/395 1566/394/1566 1565/393/1565
f 1396/218/1394 1354/177/1353 1355/178/1355
f 397/397/397 1567/398/1567 1555/382/1554
f 1555/382/1554 381/379/379 397/397/397
f 401/399/399 1569/402/1568 1568/401/1569
f 1568/401/1569 400/400/400 401/399/399
f 1570/403/1570 406/406/406 403/405/405
f 403/405/405 1571/404/1571 1570/403/1570
f 408/407/407 409/409/409 1551/378/1551
f 1551/378/1551 1572/408/1572 408/407/407
f 1573/410/1573 411/411/411 396/396/396
f 396/396/396 1565/393/1565 1573/410/1573
f 1571/404/1571 1288/109/1289 1574/413/1574
f 1574/413/1574 1575/412/1575 1571/404/1571
f 1571/404/1571 403/405/405 106/108/108
f 106/108/108 1288/109/1289 1571/404/1571
f 400/400/400 1568/401/1569 1292/115/1292
f 1292/115/1292 114/116/116 400/400/400
f 1578/414/1576 1577/417/1577 1576/416/1578
f 1576/416/1578 1579/415/1579 1578/414/1576
f 1581/418/1580 1580/419/1581 1577/417/1577
f 1577/417/1577 1578/414/1576 1581/418/1580
f 1352/175/1351 1395/221/1395 1351/176/1352
f 1463/286/1463 1582/420/1582 1476/299/1475
f 1476/299/1475 1477/300/1477 1463/286/1463
f 1463/286/1463 1477/300/1477 1361/187/1362
f 1361/187/1362 1360/183/1359 1463/286/1463
f 1491/315/1491 1330/156/1332 1360/183/1359
f 1360/183/1359 1361/187/1362 1491/315/1491
f 1569/402/1568 1584/422/1583 1583/421/1584
f 1583/421/1584 1568/401/1569 1569/402/1568
f 1585/423/1585 1292/115/1292 1568/401/1569
f 1568/401/1569 1583/421/1584 1585/423/1585
f 1586/424/1586 116/114/114 1292/115/1292
f 1292/115/1292 1585/423/1585 1586/424/1586
f 393/395/395 426/426/426 1587/425/1587
f 1587/425/1587 1566/394/1566 393/395/395
f 1590/427/1588 1589/430/1589 1588/429/1590
f 1588/429/1590 1591/428/1591 1590/427/1588
f 1593/431/1592 1562/389/1561 1592/433/1593
f 1592/433/1593 1594/432/1594 1593/431/1592
f 1595/434/1595 1305/127/1305 1560/388/1560
f 1560/388/1560 1596/435/1596 1595/434/1595
f 1599/436/1597 1598/438/1598 1597/437/1599
f 1597/437/1599 1535/361/1537 1599/436/1597
f 1535/361/1537 1597/437/1599 1600/439/1600
f 1600/439/1600 1538/360/1538 1535/361/1537
f 1602/440/1601 1601/441/1602 1589/430/1589
f 1589/430/1589 1590/427/1588 1602/440/1601
f 1601/441/1602 1602/440/1601 1603/443/1603
f 1603/443/1603 1604/442/1604 1601/441/1602
f 1538/360/1538 1600/439/1600 1605/444/1605
f 1605/444/1605 1559/387/1559 1538/360/1538
f 1607/445/1606 1606/446/1607 1604/442/1604
f 1604/442/1604 1603/443/1603 1607/445/1606
f 1608/447/1608 450/450/450 447/449/449
f 447/449/449 1609/448/1609 1608/447/1608
f 451/451/451 1610/452/1610 1609/448/1609
f 1609/448/1609 447/449/449 451/451/451
f 1611/453/1611 1293/119/1295 1294/120/1294
f 1294/120/1294 1612/454/1612 1611/453/1611
f 1615/455/1613 1614/458/1614 1613/457/1615
f 1613/457/1615 1616/456/1616 1615/455/1613
f 1619/459/1617 1618/462/1618 1617/461/1619
f 1617/461/1619 1620/460/1620 1619/459/1617
f 1623/463/1621 1622/466/1622 1621/465/1623
f 1621/465/1623 1624/464/1624 1623/463/1621
f 1558/385/1558 1557/386/1557 1613/457/1615
f 1613/457/1615 1624/464/1624 1558/385/1558
f 1624/464/1624 1621/465/1623 1625/467/1625
f 1625/467/1625 1558/385/1558 1624/464/1624
f 1602/440/1601 1590/427/1588 1626/469/1626
f 1626/469/1626 1627/468/1627 1602/440/1601
f 1629/470/1628 1626/469/1626 1628/472/1629
f 1628/472/1629 1630/471/1630 1629/470/1628
f 1627/468/1627 1626/469/1626 1629/470/1628
f 1629/470/1628 1631/473/1631 1627/468/1627
f 1634/474/1632 1633/477/1633 1632/476/1634
f 1632/476/1634 1635/475/1635 1634/474/1632
f 1636/478/1636 1621/465/1623 1622/466/1622
f 1622/466/1622 1637/479/1637 1636/478/1636
f 1640/480/1638 1639/483/1639 1638/482/1640
f 1638/482/1640 1641/481/1641 1640/480/1638
f 1642/484/1642 1572/408/1572 1551/378/1551
f 1551/378/1551 1552/375/1550 1642/484/1642
f 409/409/409 485/485/485 1550/377/1552
f 1550/377/1552 1551/378/1551 409/409/409
f 1644/486/1643 1599/436/1597 1643/488/1644
f 1643/488/1644 1645/487/1645 1644/486/1643
f 1535/361/1537 1536/362/1536 1643/488/1644
f 1643/488/1644 1599/436/1597 1535/361/1537
f 1648/489/1646 1647/491/1647 1646/490/1648
f 1646/490/1648 1549/372/1549 1648/489/1646
f 1646/490/1648 1536/362/1536 1537/359/1535
f 1537/359/1535 1549/372/1549 1646/490/1648
f 1651/492/1649 1650/495/1650 1649/494/1651
f 1649/494/1651 1652/493/1652 1651/492/1649
f 1648/489/1646 1549/372/1549 1547/373/1548
f 1547/373/1548 1653/496/1653 1648/489/1646
f 1654/497/1654 1598/438/1598 1599/436/1597
f 1599/436/1597 1644/486/1643 1654/497/1654
f 1635/475/1635 1651/492/1649 1655/498/1655
f 1655/498/1655 1634/474/1632 1635/475/1635
f 1656/499/1656 1655/498/1655 1651/492/1649
f 1651/492/1649 1652/493/1652 1656/499/1656
f 1361/187/1362 1362/185/1361 1491/315/1491
f 1659/500/1657 1658/503/1658 1657/502/1659
f 1657/502/1659 1660/501/1660 1659/500/1657
f 1656/499/1656 1662/505/1661 1661/504/1662
f 1661/504/1662 1655/498/1655 1656/499/1656
f 1634/474/1632 1655/498/1655 1661/504/1662
f 1661/504/1662 1631/473/1631 1634/474/1632
f 1326/152/1328 1325/147/1325 1358/182/1358
f 1358/182/1358 1360/183/1359 1326/152/1328
f 1664/506/1663 1663/508/1664 1659/500/1657
f 1659/500/1657 1665/507/1665 1664/506/1663
f 1664/506/1663 1667/510/1666 1666/509/1667
f 1666/509/1667 1564/392/1564 1664/506/1663
f 1668/511/1668 1530/354/1530 1440/263/1439
f 1440/263/1439 1441/265/1441 1668/511/1668
f 1650/495/1650 1648/489/1646 1653/496/1653
f 1653/496/1653 1649/494/1651 1650/495/1650
f 1652/493/1652 1670/513/1669 1669/512/1670
f 1669/512/1670 1656/499/1656 1652/493/1652
f 1652/493/1652 1649/494/1651 1671/514/1671
f 1671/514/1671 1670/513/1669 1652/493/1652
f 1674/515/1672 1673/517/1673 1672/516/1674
f 1672/516/1674 1669/512/1670 1674/515/1672
f 1662/505/1661 1676/519/1675 1675/518/1676
f 1675/518/1676 1661/504/1662 1662/505/1661
f 1675/518/1676 1631/473/1631 1661/504/1662
f 1677/520/1677 1672/516/1674 1673/517/1673
f 1673/517/1673 1665/507/1665 1677/520/1677
f 1659/500/1657 1660/501/1660 1677/520/1677
f 1677/520/1677 1665/507/1665 1659/500/1657
f 1649/494/1651 1653/496/1653 1678/521/1678
f 1678/521/1678 1671/514/1671 1649/494/1651
f 1678/521/1678 1653/496/1653 1547/373/1548
f 1547/373/1548 1679/522/1679 1678/521/1678
f 1657/502/1659 1606/446/1607 1607/445/1606
f 1607/445/1606 1660/501/1660 1657/502/1659
f 1680/523/1680 1559/387/1559 1605/444/1605
f 1605/444/1605 1681/524/1681 1680/523/1680
f 1676/519/1675 1607/445/1606 1603/443/1603
f 1603/443/1603 1675/518/1676 1676/519/1675
f 1570/403/1570 1683/526/1682 1682/525/1683
f 1682/525/1683 1567/398/1567 1570/403/1570
f 1555/382/1554 1567/398/1567 1682/525/1683
f 1682/525/1683 1684/527/1684 1555/382/1554
f 1685/528/1685 1586/424/1586 1585/423/1585
f 1585/423/1585 1686/529/1686 1685/528/1685
f 1554/381/1555 1555/382/1554 1684/527/1684
f 1577/417/1577 1295/117/1293 1687/530/1687
f 1687/530/1687 1576/416/1578 1577/417/1577
f 1296/118/1296 1688/531/1688 1687/530/1687
f 1687/530/1687 1295/117/1293 1296/118/1296
f 1686/529/1686 1585/423/1585 1583/421/1584
f 1583/421/1584 1689/532/1689 1686/529/1686
f 1571/404/1571 1575/412/1575 1683/526/1682
f 1683/526/1682 1570/403/1570 1571/404/1571
f 1692/533/1690 1691/536/1691 1690/535/1692
f 1690/535/1692 1693/534/1693 1692/533/1690
f 1696/537/1694 1695/540/1695 1694/539/1696
f 1694/539/1696 1697/538/1697 1696/537/1694
f 1700/541/1698 1699/544/1699 1698/543/1700
f 1698/543/1700 1701/542/1701 1700/541/1698
f 1701/542/1701 1698/543/1700 1702/546/1702
f 1702/546/1702 1703/545/1703 1701/542/1701
f 1706/547/1704 1705/550/1705 1704/549/1706
f 1704/549/1706 1707/548/1707 1706/547/1704
f 1710/551/1708 1709/553/1709 1708/552/1710
f 1708/552/1710 1693/534/1693 1710/551/1708
f 1713/554/1711 1712/557/1712 1711/556/1713
f 1711/556/1713 1714/555/1714 1713/554/1711
f 1717/558/1715 1716/561/1716 1715/560/1717
f 1715/560/1717 1718/559/1718 1717/558/1715
f 1716/561/1716 1720/563/1719 1719/562/1720
f 1719/562/1720 1715/560/1717 1716/561/1716
f 1721/564/1721 1690/535/1692 1691/536/1691
f 1691/536/1691 1722/565/1722 1721/564/1721
f 1725/566/1723 1724/569/1724 1723/568/1725
f 1723/568/1725 1726/567/1726 1725/566/1723
f 1729/570/1727 1728/573/1728 1727/572/1729
f 1727/572/1729 1730/571/1730 1729/570/1727
f 1733/574/1731 1732/577/1732 1731/576/1733
f 1731/576/1733 1734/575/1734 1733/574/1731
f 1734/575/1734 1731/576/1733 1735/579/1735
f 1735/579/1735 1736/578/1736 1734/575/1734
f 1737/580/1737 1730/571/1730 1727/572/1729
f 1727/572/1729 1738/581/1738 1737/580/1737
f 1741/582/1739 1740/585/1740 1739/584/1741
f 1739/584/1741 1742/583/1742 1741/582/1739
f 1745/586/1743 1744/589/1744 1743/588/1745
f 1743/588/1745 1746/587/1746 1745/586/1743
f 1749/590/1747 1748/593/1748 1747/592/1749
f 1747/592/1749 1750/591/1750 1749/590/1747
f 1753/594/1751 1752/596/1752 1751/595/1753
f 1756/597/1754 1755/600/1755 1754/599/1756
f 1754/599/1756 1757/598/1757 1756/597/1754
f 1760/601/1758 1759/604/1759 1758/603/1760
f 1758/603/1760 1761/602/1761 1760/601/1758
f 1764/605/1762 1763/607/1763 1762/606/1764
f 1767/608/1765 1766/610/1766 1765/609/1767
f 1770/611/1768 1769/614/1769 1768/613/1770
f 1768/613/1770 1771/612/1771 1770/611/1768
f 1744/589/1744 1773/616/1772 1772/615/1773
f 1772/615/1773 1743/588/1745 1744/589/1744
f 1739/584/1741 1775/618/1774 1774/617/1775
f 1765/609/1767 1766/610/1766 1776/619/1776
f 1740/585/1740 1778/621/1777 1777/620/1778
f 1777/620/1778 1739/584/1741 1740/585/1740
f 1747/592/1749 1770/611/1768 1779/622/1779
f 1779/622/1779 1767/608/1765 1747/592/1749
f 1743/588/1745 1781/624/1780 1780/623/1781
f 1780/623/1781 1746/587/1746 1743/588/1745
f 1770/611/1768 1747/592/1749 1748/593/1748
f 1748/593/1748 1769/614/1769 1770/611/1768
f 1781/624/1780 1743/588/1745 1772/615/1773
f 1772/615/1773 1782/625/1782 1781/624/1780
f 1784/626/1783 1783/627/1784 1751/595/1753
f 1751/595/1753 1752/596/1752 1784/626/1783
f 1787/628/1785 1786/630/1786 1785/629/1787
f 1785/629/1787 1757/598/1757 1787/628/1785
f 1790/631/1788 1789/633/1789 1788/632/1790
f 1788/632/1790 1761/602/1761 1790/631/1788
f 1776/619/1776 1766/610/1766 1791/635/1791
f 1791/635/1791 1792/634/1792 1776/619/1776
f 1741/582/1739 1742/583/1742 1793/637/1793
f 1793/637/1793 1794/636/1794 1741/582/1739
f 1797/638/1795 1796/641/1796 1795/640/1797
f 1795/640/1797 1798/639/1798 1797/638/1795
f 1801/642/1799 1800/645/1800 1799/644/1801
f 1799/644/1801 1802/643/1802 1801/642/1799
f 1803/646/1803 1799/644/1801 1800/645/1800
f 1800/645/1800 1804/647/1804 1803/646/1803
f 1773/616/1772 1744/589/1744 1805/649/1805
f 1805/649/1805 1806/648/1806 1773/616/1772
f 1807/650/1807 1805/649/1805 1744/589/1744
f 1744/589/1744 1745/586/1743 1807/650/1807
f 1810/651/1808 1809/654/1809 1808/653/1810
f 1808/653/1810 1811/652/1811 1810/651/1808
f 1814/655/1812 1813/658/1813 1812/657/1814
f 1812/657/1814 1815/656/1815 1814/655/1812
f 1818/659/1816 1817/661/1817 1816/660/1818
f 1816/660/1818 1773/616/1772 1818/659/1816
f 1813/658/1813 1814/655/1812 1819/663/1819
f 1819/663/1819 1820/662/1820 1813/658/1813
f 1823/664/1821 1822/667/1822 1821/666/1823
f 1821/666/1823 1824/665/1824 1823/664/1821
f 1827/668/1825 1826/671/1826 1825/670/1827
f 1825/670/1827 1828/669/1828 1827/668/1825
f 1831/672/1829 1830/675/1830 1829/674/1831
f 1829/674/1831 1832/673/1832 1831/672/1829
f 1826/671/1826 1827/668/1825 1833/677/1833
f 1833/677/1833 1834/676/1834 1826/671/1826
f 1837/678/1835 1836/681/1836 1835/680/1837
f 1835/680/1837 1838/679/1838 1837/678/1835
f 1841/682/1839 1840/685/1840 1839/684/1841
f 1839/684/1841 1842/683/1842 1841/682/1839
f 1843/686/1843 1774/617/1775 1775/618/1774
f 1775/618/1774 1844/687/1844 1843/686/1843
f 1840/685/1840 1841/682/1839 1845/689/1845
f 1845/689/1845 1846/688/1846 1840/685/1840
f 1849/690/1847 1848/692/1848 1847/691/1849
f 1847/691/1849 1796/641/1796 1849/690/1847
f 1796/641/1796 1797/638/1795 1850/693/1850
f 1850/693/1850 1849/690/1847 1796/641/1796
f 1793/637/1793 1852/695/1851 1851/694/1852
f 1851/694/1852 1794/636/1794 1793/637/1793
f 1802/643/1802 1799/644/1801 1853/697/1853
f 1853/697/1853 1854/696/1854 1802/643/1802
f 1855/698/1855 1853/697/1853 1799/644/1801
f 1799/644/1801 1803/646/1803 1855/698/1855
f 1857/699/1856 1856/700/1857 1806/648/1806
f 1806/648/1806 1805/649/1805 1857/699/1856
f 1807/650/1807 1858/701/1858 1857/699/1856
f 1857/699/1856 1805/649/1805 1807/650/1807
f 1808/653/1810 1860/703/1859 1859/702/1860
f 1859/702/1860 1811/652/1811 1808/653/1810
f 1862/704/1861 1861/705/1862 1815/656/1815
f 1815/656/1815 1812/657/1814 1862/704/1861
f 1818/659/1816 1864/707/1863 1863/706/1864
f 1863/706/1864 1817/661/1817 1818/659/1816
f 1821/666/1823 1866/709/1865 1865/708/1866
f 1865/708/1866 1824/665/1824 1821/666/1823
f 1825/670/1827 1868/711/1867 1867/710/1868
f 1867/710/1868 1828/669/1828 1825/670/1827
f 1832/673/1832 1870/713/1869 1869/712/1870
f 1869/712/1870 1831/672/1829 1832/673/1832
f 1837/678/1835 1872/715/1871 1871/714/1872
f 1871/714/1872 1836/681/1836 1837/678/1835
f 1839/684/1841 1874/717/1873 1873/716/1874
f 1873/716/1874 1842/683/1842 1839/684/1841
f 1875/718/1875 1843/686/1843 1844/687/1844
f 1844/687/1844 1876/719/1876 1875/718/1875
f 1849/690/1847 1878/721/1877 1877/720/1878
f 1877/720/1878 1848/692/1848 1849/690/1847
f 1850/693/1850 1879/722/1879 1878/721/1877
f 1878/721/1877 1849/690/1847 1850/693/1850
f 1882/723/1880 1881/726/1881 1880/725/1882
f 1880/725/1882 1883/724/1883 1882/723/1880
f 1884/727/1884 1881/726/1881 1882/723/1880
f 1882/723/1880 1885/728/1885 1884/727/1884
f 1887/729/1886 1886/730/1887 1760/601/1758
f 1760/601/1758 1792/634/1792 1887/729/1886
f 1792/634/1792 1788/632/1790 1789/633/1789
f 1789/633/1789 1776/619/1776 1792/634/1792
f 1795/640/1797 1889/733/1888 1888/732/1889
f 1888/732/1889 1890/731/1890 1795/640/1797
f 1891/734/1891 1889/733/1888 1795/640/1797
f 1795/640/1797 1796/641/1796 1891/734/1891
f 1763/607/1763 1892/735/1892 1762/606/1764
f 1779/622/1779 1791/635/1791 1766/610/1766
f 1766/610/1766 1767/608/1765 1779/622/1779
f 1893/736/1893 1836/681/1836 1871/714/1872
f 1871/714/1872 1894/737/1894 1893/736/1893
f 1835/680/1837 1836/681/1836 1893/736/1893
f 1893/736/1893 1895/738/1895 1835/680/1837
f 1758/603/1760 1896/739/1896 1756/597/1754
f 1756/597/1754 1761/602/1761 1758/603/1760
f 1761/602/1761 1785/629/1787 1786/630/1786
f 1786/630/1786 1790/631/1788 1761/602/1761
f 1897/740/1897 1824/665/1824 1865/708/1866
f 1865/708/1866 1898/741/1898 1897/740/1897
f 1823/664/1821 1824/665/1824 1897/740/1897
f 1897/740/1897 1899/742/1899 1823/664/1821
f 1754/599/1756 1900/743/1900 1753/594/1751
f 1753/594/1751 1757/598/1757 1754/599/1756
f 1757/598/1757 1751/595/1753 1783/627/1784
f 1783/627/1784 1787/628/1785 1757/598/1757
f 1783/627/1784 1901/744/1901 1787/628/1785
f 1859/702/1860 1903/746/1902 1902/745/1903
f 1902/745/1903 1811/652/1811 1859/702/1860
f 1902/745/1903 1904/747/1904 1810/651/1808
f 1810/651/1808 1811/652/1811 1902/745/1903
f 1906/748/1905 1905/750/1906 1752/596/1752
f 1752/596/1752 1907/749/1907 1906/748/1905
f 1908/751/1908 1784/626/1783 1752/596/1752
f 1752/596/1752 1905/750/1906 1908/751/1908
f 1901/744/1901 1783/627/1784 1784/626/1783
f 1784/626/1783 1909/752/1909 1901/744/1901
f 1909/752/1909 1911/754/1910 1910/753/1911
f 1910/753/1911 1901/744/1901 1909/752/1909
f 1914/755/1912 1913/758/1913 1912/757/1914
f 1912/757/1914 1915/756/1915 1914/755/1912
f 1913/758/1913 1914/755/1912 1916/760/1916
f 1916/760/1916 1917/759/1917 1913/758/1913
f 1917/759/1917 1916/760/1916 1918/762/1918
f 1918/762/1918 1919/761/1919 1917/759/1917
f 1735/579/1735 1920/763/1920 1749/590/1747
f 1749/590/1747 1750/591/1750 1735/579/1735
f 1750/591/1750 1765/609/1767 1921/764/1921
f 1921/764/1921 1735/579/1735 1750/591/1750
f 1923/765/1922 1922/766/1923 1921/764/1921
f 1921/764/1921 1765/609/1767 1923/765/1922
f 1926/767/1924 1925/770/1925 1924/769/1926
f 1924/769/1926 1927/768/1927 1926/767/1924
f 1927/768/1927 1924/769/1926 1908/751/1908
f 1908/751/1908 1928/771/1928 1927/768/1927
f 1928/771/1928 1908/751/1908 1905/750/1906
f 1905/750/1906 1929/772/1929 1928/771/1928
f 1929/772/1929 1905/750/1906 1906/748/1905
f 1906/748/1905 1930/773/1930 1929/772/1929
f 1931/774/1931 1904/747/1904 1902/745/1903
f 1902/745/1903 1932/775/1932 1931/774/1931
f 1749/590/1747 1920/763/1920 1919/761/1919
f 1919/761/1919 1918/762/1918 1749/590/1747
f 1748/593/1748 1778/621/1777 1740/585/1740
f 1740/585/1740 1769/614/1769 1748/593/1748
f 1769/614/1769 1740/585/1740 1741/582/1739
f 1741/582/1739 1768/613/1770 1769/614/1769
f 1768/613/1770 1741/582/1739 1794/636/1794
f 1794/636/1794 1933/776/1933 1768/613/1770
f 1933/776/1933 1794/636/1794 1851/694/1852
f 1851/694/1852 1934/777/1934 1933/776/1933
f 1845/689/1845 1882/723/1880 1883/724/1883
f 1883/724/1883 1935/778/1935 1845/689/1845
f 1845/689/1845 1841/682/1839 1885/728/1885
f 1885/728/1885 1882/723/1880 1845/689/1845
f 1936/779/1936 1760/601/1758 1886/730/1887
f 1936/779/1936 1759/604/1759 1760/601/1758
f 1838/679/1838 1841/682/1839 1842/683/1842
f 1842/683/1842 1837/678/1835 1838/679/1838
f 1872/715/1871 1837/678/1835 1842/683/1842
f 1842/683/1842 1873/716/1874 1872/715/1871
f 1833/677/1833 1893/736/1893 1894/737/1894
f 1894/737/1894 1937/780/1937 1833/677/1833
f 1833/677/1833 1827/668/1825 1895/738/1895
f 1895/738/1895 1893/736/1893 1833/677/1833
f 1938/781/1938 1756/597/1754 1896/739/1896
f 1938/781/1938 1755/600/1755 1756/597/1754
f 1822/667/1822 1827/668/1825 1828/669/1828
f 1828/669/1828 1821/666/1823 1822/667/1822
f 1866/709/1865 1821/666/1823 1828/669/1828
f 1828/669/1828 1867/710/1868 1866/709/1865
f 1819/663/1819 1897/740/1897 1898/741/1898
f 1898/741/1898 1939/782/1939 1819/663/1819
f 1819/663/1819 1814/655/1812 1899/742/1899
f 1899/742/1899 1897/740/1897 1819/663/1819
f 1940/783/1940 1753/594/1751 1900/743/1900
f 1940/783/1940 1941/784/1941 1753/594/1751
f 1809/654/1809 1814/655/1812 1815/656/1815
f 1815/656/1815 1808/653/1810 1809/654/1809
f 1860/703/1859 1808/653/1810 1815/656/1815
f 1815/656/1815 1861/705/1862 1860/703/1859
f 1848/692/1848 1877/720/1878 1880/725/1882
f 1880/725/1882 1881/726/1881 1848/692/1848
f 1848/692/1848 1881/726/1881 1884/727/1884
f 1884/727/1884 1847/691/1849 1848/692/1848
f 1764/605/1762 1887/729/1886 1792/634/1792
f 1792/634/1792 1763/607/1763 1764/605/1762
f 1942/785/1942 1892/735/1892 1763/607/1763
f 1763/607/1763 1779/622/1779 1942/785/1942
f 1801/642/1799 1802/643/1802 1889/733/1888
f 1889/733/1888 1891/734/1891 1801/642/1799
f 1889/733/1888 1802/643/1802 1854/696/1854
f 1854/696/1854 1888/732/1889 1889/733/1888
f 1753/594/1751 1941/784/1941 1907/749/1907
f 1907/749/1907 1752/596/1752 1753/594/1751
f 1751/595/1753 1757/598/1757 1753/594/1751
f 1756/597/1754 1757/598/1757 1785/629/1787
f 1785/629/1787 1761/602/1761 1756/597/1754
f 1760/601/1758 1761/602/1761 1788/632/1790
f 1788/632/1790 1792/634/1792 1760/601/1758
f 1763/607/1763 1792/634/1792 1791/635/1791
f 1791/635/1791 1779/622/1779 1763/607/1763
f 1863/706/1864 1944/787/1943 1943/786/1944
f 1943/786/1944 1817/661/1817 1863/706/1864
f 1817/661/1817 1943/786/1944 1829/674/1831
f 1829/674/1831 1816/660/1818 1817/661/1817
f 1869/712/1870 1946/789/1945 1945/788/1946
f 1945/788/1946 1831/672/1829 1869/712/1870
f 1945/788/1946 1775/618/1774 1830/675/1830
f 1830/675/1830 1831/672/1829 1945/788/1946
f 1775/618/1774 1739/584/1741 1947/790/1947
f 1947/790/1947 1830/675/1830 1775/618/1774
f 1843/686/1843 1875/718/1875 1948/792/1948
f 1948/792/1948 1949/791/1949 1843/686/1843
f 1949/791/1949 1742/583/1742 1774/617/1775
f 1774/617/1775 1843/686/1843 1949/791/1949
f 1798/639/1798 1795/640/1797 1890/731/1890
f 1890/731/1890 1950/793/1950 1798/639/1798
f 1846/688/1846 1845/689/1845 1935/778/1935
f 1935/778/1935 1951/794/1951 1846/688/1846
f 1834/676/1834 1833/677/1833 1937/780/1937
f 1937/780/1937 1952/795/1952 1834/676/1834
f 1820/662/1820 1819/663/1819 1939/782/1939
f 1939/782/1939 1953/796/1953 1820/662/1820
f 1954/797/1954 1932/775/1932 1902/745/1903
f 1902/745/1903 1903/746/1902 1954/797/1954
f 1852/695/1851 1955/798/1955 1851/694/1852
f 1956/799/1956 1854/696/1854 1853/697/1853
f 1853/697/1853 1957/800/1957 1956/799/1956
f 1957/800/1957 1853/697/1853 1855/698/1855
f 1855/698/1855 1958/801/1958 1957/800/1957
f 1857/699/1856 1858/701/1858 1959/802/1959
f 1960/803/1960 1861/705/1862 1862/704/1861
f 1862/704/1861 1961/804/1961 1960/803/1960
f 1864/707/1863 1962/805/1962 1863/706/1864
f 1963/806/1963 1865/708/1866 1866/709/1865
f 1866/709/1865 1964/807/1964 1963/806/1963
f 1964/807/1964 1867/710/1868 1868/711/1867
f 1868/711/1867 1965/808/1965 1964/807/1964
f 1870/713/1869 1966/809/1966 1869/712/1870
f 1967/810/1967 1871/714/1872 1872/715/1871
f 1872/715/1871 1968/811/1968 1967/810/1967
f 1968/811/1968 1873/716/1874 1874/717/1873
f 1874/717/1873 1969/812/1969 1968/811/1968
f 1876/719/1876 1970/813/1970 1875/718/1875
f 1971/814/1971 1878/721/1877 1879/722/1879
f 1879/722/1879 1972/815/1972 1971/814/1971
f 1973/816/1973 1883/724/1883 1880/725/1882
f 1880/725/1882 1974/817/1974 1973/816/1973
f 1975/818/1975 1890/731/1890 1888/732/1889
f 1888/732/1889 1956/799/1956 1975/818/1975
f 1976/819/1976 1894/737/1894 1871/714/1872
f 1871/714/1872 1967/810/1967 1976/819/1976
f 1977/820/1977 1898/741/1898 1865/708/1866
f 1865/708/1866 1963/806/1963 1977/820/1977
f 1978/821/1978 1903/746/1902 1859/702/1860
f 1859/702/1860 1979/822/1979 1978/821/1978
f 1979/822/1979 1860/703/1859 1861/705/1862
f 1861/705/1862 1960/803/1960 1979/822/1979
f 1974/817/1974 1880/725/1882 1877/720/1878
f 1877/720/1878 1971/814/1971 1974/817/1974
f 1980/823/1980 1950/793/1950 1890/731/1890
f 1890/731/1890 1975/818/1975 1980/823/1980
f 1981/824/1981 1951/794/1951 1935/778/1935
f 1935/778/1935 1973/816/1973 1981/824/1981
f 1982/825/1982 1952/795/1952 1937/780/1937
f 1937/780/1937 1976/819/1976 1982/825/1982
f 1983/826/1983 1953/796/1953 1939/782/1939
f 1939/782/1939 1977/820/1977 1983/826/1983
f 1984/827/1984 1954/797/1954 1903/746/1902
f 1903/746/1902 1978/821/1978 1984/827/1984
f 1985/828/1985 1734/575/1734 1736/578/1736
f 1736/578/1736 1986/829/1986 1985/828/1985
f 1987/830/1987 1733/574/1731 1734/575/1734
f 1734/575/1734 1985/828/1985 1987/830/1987
f 1724/569/1724 1725/566/1723 1925/770/1925
f 1925/770/1925 1988/831/1988 1724/569/1724
f 1989/832/1989 1727/572/1729 1728/573/1728
f 1728/573/1728 1990/833/1990 1989/832/1989
f 1989/832/1989 1991/834/1991 1738/581/1738
f 1738/581/1738 1727/572/1729 1989/832/1989
f 1993/835/1992 1992/836/1993 1986/829/1986
f 1986/829/1986 1736/578/1736 1993/835/1992
f 1922/766/1923 1994/837/1994 1993/835/1992
f 1993/835/1992 1921/764/1921 1922/766/1923
f 1912/757/1914 1913/758/1913 1995/839/1995
f 1995/839/1995 1996/838/1996 1912/757/1914
f 1913/758/1913 1917/759/1917 1997/840/1997
f 1997/840/1997 1995/839/1995 1913/758/1913
f 1999/841/1998 1998/842/1999 1919/761/1919
f 1919/761/1919 1920/763/1920 1999/841/1998
f 1996/838/1996 1995/839/1995 2000/843/2000
f 1989/832/1989 2000/843/2000 2001/844/2001
f 2001/844/2001 1991/834/1991 1989/832/1989
f 1979/822/1979 1859/702/1860 1860/703/1859
f 1971/814/1971 1877/720/1878 1878/721/1877
f 1973/816/1973 1935/778/1935 1883/724/1883
f 1968/811/1968 1872/715/1871 1873/716/1874
f 1976/819/1976 1937/780/1937 1894/737/1894
f 1964/807/1964 1866/709/1865 1867/710/1868
f 1977/820/1977 1939/782/1939 1898/741/1898
f 1956/799/1956 1888/732/1889 1854/696/1854
f 1771/612/1771 1942/785/1942 1779/622/1779
f 1790/631/1788 1786/630/1786 1901/744/1901
f 1901/744/1901 1923/765/1922 1790/631/1788
f 1770/611/1768 1771/612/1771 1779/622/1779
f 1742/583/1742 1739/584/1741 1774/617/1775
f 1735/579/1735 1731/576/1733 1999/841/1998
f 1999/841/1998 1920/763/1920 1735/579/1735
f 2002/845/2002 1988/831/1988 1925/770/1925
f 1925/770/1925 1926/767/1924 2002/845/2002
f 2005/846/2003 2004/849/2004 2003/848/2005
f 2003/848/2005 2006/847/2006 2005/846/2003
f 1730/571/1730 1737/580/1737 2007/851/2007
f 2007/851/2007 2008/850/2008 1730/571/1730
f 1706/547/1704 1707/548/1707 2009/853/2009
f 2009/853/2009 2010/852/2010 1706/547/1704
f 2013/854/2011 2012/857/2012 2011/856/2013
f 2011/856/2013 2014/855/2014 2013/854/2011
f 2013/854/2011 1700/541/1698 1701/542/1701
f 1701/542/1701 2012/857/2012 2013/854/2011
f 1703/545/1703 2015/858/2015 2012/857/2012
f 2012/857/2012 1701/542/1701 1703/545/1703
f 2018/859/2016 2017/862/2017 2016/861/2018
f 2016/861/2018 2019/860/2019 2018/859/2016
f 1694/539/1696 2021/865/2020 2020/864/2021
f 2020/864/2021 2022/863/2022 1694/539/1696
f 1695/540/1695 2023/866/2023 2021/865/2020
f 2021/865/2020 1694/539/1696 1695/540/1695
f 2016/861/2018 2024/867/2024 2023/866/2023
f 2023/866/2023 1695/540/1695 2016/861/2018
f 2017/862/2017 2025/868/2025 2024/867/2024
f 2024/867/2024 2016/861/2018 2017/862/2017
f 2003/848/2005 2004/849/2004 2026/870/2026
f 2026/870/2026 2027/869/2027 2003/848/2005
f 2030/871/2028 2029/874/2029 2028/873/2030
f 2028/873/2030 2031/872/2031 2030/871/2028
f 2033/875/2032 2032/876/2033 2008/850/2008
f 2008/850/2008 1704/549/1706 2033/875/2032
f 1738/581/1738 1991/834/1991 1732/577/1732
f 1732/577/1732 1733/574/1731 1738/581/1738
f 1737/580/1737 1738/581/1738 1733/574/1731
f 1733/574/1731 1987/830/1987 1737/580/1737
f 2001/844/2001 2034/877/2034 1732/577/1732
f 1732/577/1732 1991/834/1991 2001/844/2001
f 2036/878/2035 2035/879/2036 2015/858/2015
f 2015/858/2015 1703/545/1703 2036/878/2035
f 2037/880/2037 2036/878/2035 1703/545/1703
f 1703/545/1703 1702/546/1702 2037/880/2037
f 1997/840/1997 1917/759/1917 1919/761/1919
f 1919/761/1919 1998/842/1999 1997/840/1997
f 2039/881/2038 2038/882/2039 2014/855/2014
f 2014/855/2014 2011/856/2013 2039/881/2038
f 2029/874/2029 1994/837/1994 2040/883/2040
f 2040/883/2040 2028/873/2030 2029/874/2029
f 2041/884/2041 2040/883/2040 1910/753/1911
f 1910/753/1911 1911/754/1910 2041/884/2041
f 2043/885/2042 2005/846/2003 2042/887/2043
f 2042/887/2043 2044/886/2044 2043/885/2042
f 1750/591/1750 1747/592/1749 1767/608/1765
f 1767/608/1765 1765/609/1767 1750/591/1750
f 1697/538/1697 2046/889/2045 2045/888/2046
f 2045/888/2046 1696/537/1694 1697/538/1697
f 1736/578/1736 1735/579/1735 1921/764/1921
f 1921/764/1921 1993/835/1992 1736/578/1736
f 1986/829/1986 2048/891/2047 2047/890/2048
f 2047/890/2048 1985/828/1985 1986/829/1986
f 1985/828/1985 2047/890/2048 2049/892/2049
f 2049/892/2049 1987/830/1987 1985/828/1985
f 2051/893/2050 2050/894/2051 1726/567/1726
f 1726/567/1726 1723/568/1725 2051/893/2050
f 2008/850/2008 2032/876/2033 1729/570/1727
f 1729/570/1727 1730/571/1730 2008/850/2008
f 1987/830/1987 2049/892/2049 2007/851/2007
f 2007/851/2007 1737/580/1737 1987/830/1987
f 1704/549/1706 2008/850/2008 2007/851/2007
f 2007/851/2007 1707/548/1707 1704/549/1706
f 2048/891/2047 2053/897/2052 2052/896/2053
f 2052/896/2053 2054/895/2054 2048/891/2047
f 1707/548/1707 2007/851/2007 2049/892/2049
f 2049/892/2049 2009/853/2009 1707/548/1707
f 2055/898/2055 2033/875/2032 1704/549/1706
f 1704/549/1706 1705/550/1705 2055/898/2055
f 2009/853/2009 2049/892/2049 2047/890/2048
f 2047/890/2048 2056/899/2056 2009/853/2009
f 2056/899/2056 2047/890/2048 2048/891/2047
f 2048/891/2047 2054/895/2054 2056/899/2056
f 2013/854/2011 2014/855/2014 2057/901/2057
f 2057/901/2057 2058/900/2058 2013/854/2011
f 2060/902/2059 2059/903/2060 1714/555/1714
f 1714/555/1714 1711/556/1713 2060/902/2059
f 2011/856/2013 2012/857/2012 2015/858/2015
f 2015/858/2015 2061/904/2061 2011/856/2013
f 2064/905/2062 2063/908/2063 2062/907/2064
f 2062/907/2064 2065/906/2065 2064/905/2062
f 2061/904/2061 2015/858/2015 2035/879/2036
f 2035/879/2036 2066/909/2066 2061/904/2061
f 2067/910/2067 2028/873/2030 2040/883/2040
f 2040/883/2040 2041/884/2041 2067/910/2067
f 2068/911/2068 2031/872/2031 2028/873/2030
f 2028/873/2030 2067/910/2067 2068/911/2068
f 2070/912/2069 2069/913/2070 2058/900/2058
f 2058/900/2058 2018/859/2016 2070/912/2069
f 2072/914/2071 2071/915/2072 2044/886/2044
f 2044/886/2044 2042/887/2043 2072/914/2071
f 2073/916/2073 2072/914/2071 2042/887/2043
f 2042/887/2043 2074/917/2074 2073/916/2073
f 2074/917/2074 2075/918/2075 2073/916/2073
f 2076/919/2076 2075/918/2075 2074/917/2074
f 2074/917/2074 2006/847/2006 2076/919/2076
f 2072/914/2071 1713/554/1711 1714/555/1714
f 1714/555/1714 2071/915/2072 2072/914/2071
f 1714/555/1714 2059/903/2060 2077/920/2077
f 2077/920/2077 2071/915/2072 1714/555/1714
f 2006/847/2006 2074/917/2074 2042/887/2043
f 2042/887/2043 2005/846/2003 2006/847/2006
f 2043/885/2042 2078/921/2078 2004/849/2004
f 2004/849/2004 2005/846/2003 2043/885/2042
f 2003/848/2005 2027/869/2027 2076/919/2076
f 2076/919/2076 2006/847/2006 2003/848/2005
f 2025/868/2025 2017/862/2017 2078/921/2078
f 2078/921/2078 2043/885/2042 2025/868/2025
f 2026/870/2026 2079/922/2079 2052/896/2053
f 2052/896/2053 2027/869/2027 2026/870/2026
f 2075/918/2075 2076/919/2076 2031/872/2031
f 1901/744/1901 1910/753/1911 1922/766/1923
f 1922/766/1923 1923/765/1922 1901/744/1901
f 1910/753/1911 2040/883/2040 1994/837/1994
f 1994/837/1994 1922/766/1923 1910/753/1911
f 2030/871/2028 2053/897/2052 1992/836/1993
f 1992/836/1993 2029/874/2029 2030/871/2028
f 1992/836/1993 1993/835/1992 1994/837/1994
f 1994/837/1994 2029/874/2029 1992/836/1993
f 2076/919/2076 2027/869/2027 2030/871/2028
f 2030/871/2028 2031/872/2031 2076/919/2076
f 2027/869/2027 2052/896/2053 2053/897/2052
f 2053/897/2052 2030/871/2028 2027/869/2027
f 1776/619/1776 1789/633/1789 1923/765/1922
f 2000/843/2000 1989/832/1989 1990/833/1990
f 1990/833/1990 1996/838/1996 2000/843/2000
f 2000/843/2000 1995/839/1995 1997/840/1997
f 1997/840/1997 2001/844/2001 2000/843/2000
f 2001/844/2001 1997/840/1997 1998/842/1999
f 1998/842/1999 2034/877/2034 2001/844/2001
f 2031/872/2031 2068/911/2068 2073/916/2073
f 2073/916/2073 2075/918/2075 2031/872/2031
f 2022/863/2022 2080/923/2080 1697/538/1697
f 1697/538/1697 1694/539/1696 2022/863/2022
f 2046/889/2045 1697/538/1697 2080/923/2080
f 2080/923/2080 2081/924/2081 2046/889/2045
f 1999/841/1998 1731/576/1733 1732/577/1732
f 1732/577/1732 2034/877/2034 1999/841/1998
f 1999/841/1998 2034/877/2034 1998/842/1999
f 1772/615/1773 1947/790/1947 2082/925/2082
f 2082/925/2082 1782/625/1782 1772/615/1773
f 1773/616/1772 1816/660/1818 1772/615/1773
f 2082/925/2082 1947/790/1947 1739/584/1741
f 1739/584/1741 1777/620/1778 2082/925/2082
f 1947/790/1947 1772/615/1773 1816/660/1818
f 1816/660/1818 1829/674/1831 1947/790/1947
f 1947/790/1947 1829/674/1831 1830/675/1830
f 1782/625/1782 2084/927/2083 2083/926/2084
f 2083/926/2084 1781/624/1780 1782/625/1782
f 1782/625/1782 2082/925/2082 2085/928/2085
f 2085/928/2085 2084/927/2083 1782/625/1782
f 1781/624/1780 2083/926/2084 1780/623/1781
f 2084/927/2083 2085/928/2085 1916/760/1916
f 1916/760/1916 1914/755/1912 2084/927/2083
f 1914/755/1912 1915/756/1915 2083/926/2084
f 2083/926/2084 2084/927/2083 1914/755/1912
f 2083/926/2084 1915/756/1915 1780/623/1781
f 1778/621/1777 2087/930/2086 2086/929/2087
f 2086/929/2087 1777/620/1778 1778/621/1777
f 2086/929/2087 2087/930/2086 1918/762/1918
f 1918/762/1918 1916/760/1916 2086/929/2087
f 1748/593/1748 1749/590/1747 2087/930/2086
f 2087/930/2086 1778/621/1777 1748/593/1748
f 1918/762/1918 2087/930/2086 1749/590/1747
f 2086/929/2087 1916/760/1916 2085/928/2085
f 2086/929/2087 2085/928/2085 2082/925/2082
f 2082/925/2082 1777/620/1778 2086/929/2087
f 2061/904/2061 2010/852/2010 2039/881/2038
f 2039/881/2038 2011/856/2013 2061/904/2061
f 2039/881/2038 2056/899/2056 2054/895/2054
f 2054/895/2054 2038/882/2039 2039/881/2038
f 2010/852/2010 2009/853/2009 2056/899/2056
f 2056/899/2056 2039/881/2038 2010/852/2010
f 2019/860/2019 2016/861/2018 1695/540/1695
f 1695/540/1695 1696/537/1694 2019/860/2019
f 2067/910/2067 1726/567/1726 2050/894/2051
f 2050/894/2051 2068/911/2068 2067/910/2067
f 2041/884/2041 1725/566/1723 1726/567/1726
f 1726/567/1726 2067/910/2067 2041/884/2041
f 1911/754/1910 1925/770/1925 1725/566/1723
f 1725/566/1723 2041/884/2041 1911/754/1910
f 1924/769/1926 1925/770/1925 1911/754/1910
f 1911/754/1910 1909/752/1909 1924/769/1926
f 1908/751/1908 1924/769/1926 1909/752/1909
f 1909/752/1909 1784/626/1783 1908/751/1908
f 2044/886/2044 2088/931/2088 2025/868/2025
f 2025/868/2025 2043/885/2042 2044/886/2044
f 1713/554/1711 2072/914/2071 2073/916/2073
f 2073/916/2073 2089/932/2089 1713/554/1711
f 2089/932/2089 2073/916/2073 2068/911/2068
f 2068/911/2068 2050/894/2051 2089/932/2089
f 2004/849/2004 2078/921/2078 2090/933/2090
f 2090/933/2090 2026/870/2026 2004/849/2004
f 2091/934/2091 2024/867/2024 2025/868/2025
f 2025/868/2025 2088/931/2088 2091/934/2091
f 2088/931/2088 2044/886/2044 2071/915/2072
f 2071/915/2072 2077/920/2077 2088/931/2088
f 2092/935/2092 1716/561/1716 1717/558/1715
f 1717/558/1715 2093/936/2093 2092/935/2092
f 2079/922/2079 2038/882/2039 2054/895/2054
f 2054/895/2054 2052/896/2053 2079/922/2079
f 2079/922/2079 2057/901/2057 2014/855/2014
f 2014/855/2014 2038/882/2039 2079/922/2079
f 1986/829/1986 1992/836/1993 2053/897/2052
f 2053/897/2052 2048/891/2047 1986/829/1986
f 2090/933/2090 2057/901/2057 2079/922/2079
f 2079/922/2079 2026/870/2026 2090/933/2090
f 2051/893/2050 2094/937/2094 2089/932/2089
f 2089/932/2089 2050/894/2051 2051/893/2050
f 2095/938/2095 939/939/939 450/450/450
f 450/450/450 1608/447/1608 2095/938/2095
f 1713/554/1711 2089/932/2089 2094/937/2094
f 2094/937/2094 1712/557/1712 1713/554/1711
f 1584/422/1583 1579/415/1579 1689/532/1689
f 1689/532/1689 1583/421/1584 1584/422/1583
f 2021/865/2020 2092/935/2092 2093/936/2093
f 2093/936/2093 2020/864/2021 2021/865/2020
f 1603/443/1603 1602/440/1601 1627/468/1627
f 1627/468/1627 1675/518/1676 1603/443/1603
f 1675/518/1676 1627/468/1627 1631/473/1631
f 1619/459/1617 1620/460/1620 1622/466/1622
f 1622/466/1622 1623/463/1621 1619/459/1617
f 1308/130/1306 2097/941/2096 2096/940/2097
f 2096/940/2097 1307/133/1307 1308/130/1306
f 2097/941/2096 1617/461/1619 2098/942/2098
f 2098/942/2098 2096/940/2097 2097/941/2096
f 1617/461/1619 1618/462/1618 2099/943/2099
f 2099/943/2099 2098/942/2098 1617/461/1619
f 1618/462/1618 2101/945/2100 2100/944/2101
f 2100/944/2101 2099/943/2099 1618/462/1618
f 1632/476/1634 2103/947/2102 2102/946/2103
f 2102/946/2103 1635/475/1635 1632/476/1634
f 1650/495/1650 1651/492/1649 1635/475/1635
f 1635/475/1635 2102/946/2103 1650/495/1650
f 2102/946/2103 1647/491/1647 1648/489/1646
f 1648/489/1646 1650/495/1650 2102/946/2103
f 2102/946/2103 2103/947/2102 2104/948/2104
f 2104/948/2104 1647/491/1647 2102/946/2103
f 2105/949/2105 1646/490/1648 1647/491/1647
f 1647/491/1647 2104/948/2104 2105/949/2105
f 2105/949/2105 1643/488/1644 1536/362/1536
f 1536/362/1536 1646/490/1648 2105/949/2105
f 1562/389/1561 1593/431/1592 1561/391/1562
f 1623/463/1621 1624/464/1624 1613/457/1615
f 1613/457/1615 1614/458/1614 1623/463/1621
f 2106/950/2106 1619/459/1617 1623/463/1621
f 1623/463/1621 1614/458/1614 2106/950/2106
f 2101/945/2100 1618/462/1618 1619/459/1617
f 1619/459/1617 2106/950/2106 2101/945/2100
f 2107/951/2107 1620/460/1620 1617/461/1619
f 1617/461/1619 2097/941/2096 2107/951/2107
f 1620/460/1620 2107/951/2107 1637/479/1637
f 1637/479/1637 1622/466/1622 1620/460/1620
f 1639/483/1639 1640/480/1638 1625/467/1625
f 1625/467/1625 2108/952/2108 1639/483/1639
f 2109/953/2109 2107/951/2107 2097/941/2096
f 2097/941/2096 1308/130/1306 2109/953/2109
f 2110/954/2110 1636/478/1636 1637/479/1637
f 1637/479/1637 2111/955/2111 2110/954/2110
f 2112/956/2112 1639/483/1639 2108/952/2108
f 2108/952/2108 2113/957/2113 2112/956/2112
f 1639/483/1639 2112/956/2112 1638/482/1640
f 2111/955/2111 1637/479/1637 2107/951/2107
f 2107/951/2107 2109/953/2109 2111/955/2111
f 1301/124/1301 2111/955/2111 2109/953/2109
f 2109/953/2109 1539/363/1539 1301/124/1301
f 1290/113/1291 1301/124/1301 1539/363/1539
f 1539/363/1539 2114/958/2114 1290/113/1291
f 959/959/959 110/112/112 1290/113/1291
f 1290/113/1291 2114/958/2114 959/959/959
f 1299/121/1297 1302/128/1304 2115/960/2115
f 2115/960/2115 1298/123/1298 1299/121/1297
f 1300/125/1300 2110/954/2110 2111/955/2111
f 2111/955/2111 1301/124/1301 1300/125/1300
f 1552/375/1550 2112/956/2112 2113/957/2113
f 2113/957/2113 1642/484/1642 1552/375/1550
f 1553/376/1553 1638/482/1640 2112/956/2112
f 2112/956/2112 1552/375/1550 1553/376/1553
f 2108/952/2108 1625/467/1625 1621/465/1623
f 1621/465/1623 1636/478/1636 2108/952/2108
f 2113/957/2113 2108/952/2108 1636/478/1636
f 1636/478/1636 2110/954/2110 2113/957/2113
f 1642/484/1642 2113/957/2113 2110/954/2110
f 2110/954/2110 1300/125/1300 1642/484/1642
f 1291/110/1290 1572/408/1572 1642/484/1642
f 1642/484/1642 1300/125/1300 1291/110/1290
f 111/111/111 408/407/407 1572/408/1572
f 1572/408/1572 1291/110/1290 111/111/111
f 1628/472/1629 1626/469/1626 1590/427/1588
f 1590/427/1588 1591/428/1591 1628/472/1629
f 2104/948/2104 2117/962/2116 2116/961/2117
f 2116/961/2117 2105/949/2105 2104/948/2104
f 2103/947/2102 2118/963/2118 2117/962/2116
f 2117/962/2116 2104/948/2104 2103/947/2102
f 1632/476/1634 2119/964/2119 2118/963/2118
f 2118/963/2118 2103/947/2102 1632/476/1634
f 1633/477/1633 2120/965/2120 2119/964/2119
f 2119/964/2119 1632/476/1634 1633/477/1633
f 1297/122/1299 1309/131/1309 1306/132/1308
f 1306/132/1308 1563/390/1563 1297/122/1299
f 1309/131/1309 1539/363/1539 2109/953/2109
f 2109/953/2109 1308/130/1306 1309/131/1309
f 1561/391/1562 1560/388/1560 1299/121/1297
f 1299/121/1297 1297/122/1299 1561/391/1562
f 1629/470/1628 1630/471/1630 2120/965/2120
f 2120/965/2120 1633/477/1633 1629/470/1628
f 1560/388/1560 1561/391/1562 1593/431/1592
f 1593/431/1592 1596/435/1596 1560/388/1560
f 1596/435/1596 2122/967/2121 2121/966/2122
f 2116/961/2117 2123/968/2123 1643/488/1644
f 1643/488/1644 2105/949/2105 2116/961/2117
f 1615/455/1613 2124/969/2124 2106/950/2106
f 2106/950/2106 1614/458/1614 1615/455/1613
f 2125/970/2125 2101/945/2100 2106/950/2106
f 2106/950/2106 2124/969/2124 2125/970/2125
f 2126/971/2126 2100/944/2101 2101/945/2100
f 2101/945/2100 2125/970/2125 2126/971/2126
f 2129/972/2127 2128/975/2128 2127/974/2129
f 2127/974/2129 2130/973/2130 2129/972/2127
f 2127/974/2129 2128/975/2128 2131/977/2131
f 2131/977/2131 2132/976/2132 2127/974/2129
f 2092/935/2092 2021/865/2020 2023/866/2023
f 2023/866/2023 2133/978/2133 2092/935/2092
f 2133/978/2133 1720/563/1719 1716/561/1716
f 1716/561/1716 2092/935/2092 2133/978/2133
f 2077/920/2077 2091/934/2091 2088/931/2088
f 2133/978/2133 2023/866/2023 2024/867/2024
f 2024/867/2024 2091/934/2091 2133/978/2133
f 1720/563/1719 2133/978/2133 2091/934/2091
f 2091/934/2091 2077/920/2077 1720/563/1719
f 1719/562/1720 1720/563/1719 2077/920/2077
f 2077/920/2077 2059/903/2060 1719/562/1720
f 2135/979/2134 1609/448/1609 2134/981/2135
f 2134/981/2135 2136/980/2136 2135/979/2134
f 406/406/406 1570/403/1570 1567/398/1567
f 1567/398/1567 397/397/397 406/406/406
f 2137/982/2137 2066/909/2066 2035/879/2036
f 1610/452/1610 451/451/451 983/984/984
f 983/984/984 2138/983/2138 1610/452/1610
f 1610/452/1610 2134/981/2135 1609/448/1609
f 1574/413/1574 1288/109/1289 1289/106/1288
f 2135/979/2134 2095/938/2095 1608/447/1608
f 1608/447/1608 1609/448/1609 2135/979/2134
f 2141/985/2139 2140/988/2140 2139/987/2141
f 2139/987/2141 2142/986/2142 2141/985/2139
f 2143/989/2143 2142/986/2142 2139/987/2141
f 2139/987/2141 1692/533/1690 2143/989/2143
f 1692/533/1690 2139/987/2141 2144/990/2144
f 2144/990/2144 1691/536/1691 1692/533/1690
f 2145/991/2145 2144/990/2144 2139/987/2141
f 2139/987/2141 2140/988/2140 2145/991/2145
f 2138/983/2138 983/984/984 992/993/993
f 992/993/993 2146/992/2146 2138/983/2138
f 1722/565/1722 1691/536/1691 2144/990/2144
f 2144/990/2144 2147/994/2147 1722/565/1722
f 2144/990/2144 2145/991/2145 2148/995/2148
f 2148/995/2148 2147/994/2147 2144/990/2144
f 996/996/996 2149/997/2149 2146/992/2146
f 2146/992/2146 992/993/993 996/996/996
f 1705/550/1705 2064/905/2062 2065/906/2065
f 2065/906/2065 2055/898/2055 1705/550/1705
f 2066/909/2066 2064/905/2062 1705/550/1705
f 1705/550/1705 1706/547/1704 2066/909/2066
f 2010/852/2010 2061/904/2061 2066/909/2066
f 2066/909/2066 1706/547/1704 2010/852/2010
f 2059/903/2060 2060/902/2059 2150/998/2150
f 2150/998/2150 1719/562/1720 2059/903/2060
f 2150/998/2150 2151/999/2151 1715/560/1717
f 1715/560/1717 1719/562/1720 2150/998/2150
f 2152/1000/2152 1001/1001/1001 1586/424/1586
f 1586/424/1586 1685/528/1685 2152/1000/2152
f 1001/1001/1001 116/114/114 1586/424/1586
f 2151/999/2151 1718/559/1718 1715/560/1717
f 2066/909/2066 2137/982/2137 2063/908/2063
f 2063/908/2063 2064/905/2062 2066/909/2066
f 2153/1002/2153 2137/982/2137 2036/878/2035
f 2036/878/2035 2037/880/2037 2153/1002/2153
f 2147/994/2147 2148/995/2148 2154/1003/2154
f 2154/1003/2154 2153/1002/2153 2147/994/2147
f 1004/1004/1004 2155/1005/2155 2149/997/2149
f 2149/997/2149 996/996/996 1004/1004/1004
f 2036/878/2035 2137/982/2137 2035/879/2036
f 1006/1006/1006 2156/1007/2156 2155/1005/2155
f 2155/1005/2155 1004/1004/1004 1006/1006/1006
f 2037/880/2037 1722/565/1722 2147/994/2147
f 2147/994/2147 2153/1002/2153 2037/880/2037
f 2156/1007/2156 1006/1006/1006 1008/1009/1009
f 1008/1009/1009 2157/1008/2157 2156/1007/2156
f 2154/1003/2154 2159/1011/2158 2158/1010/2159
f 2158/1010/2159 2153/1002/2153 2154/1003/2154
f 2160/1012/2160 2158/1010/2159 2159/1011/2158
f 2159/1011/2158 2161/1013/2161 2160/1012/2160
f 2137/982/2137 2153/1002/2153 2158/1010/2159
f 2158/1010/2159 2063/908/2063 2137/982/2137
f 2160/1012/2160 2062/907/2064 2063/908/2063
f 2063/908/2063 2158/1010/2159 2160/1012/2160
f 426/426/426 959/959/959 2114/958/2114
f 2114/958/2114 1587/425/1587 426/426/426
f 1539/363/1539 1298/123/1298 1587/425/1587
f 1587/425/1587 2114/958/2114 1539/363/1539
f 2069/913/2070 2070/912/2069 2045/888/2046
f 2045/888/2046 2162/1014/2162 2069/913/2070
f 2057/901/2057 2090/933/2090 2018/859/2016
f 2018/859/2016 2058/900/2058 2057/901/2057
f 1708/552/1710 1709/553/1709 2046/889/2045
f 2046/889/2045 2081/924/2081 1708/552/1710
f 2162/1014/2162 2045/888/2046 2046/889/2045
f 2046/889/2045 1709/553/1709 2162/1014/2162
f 2070/912/2069 2019/860/2019 1696/537/1694
f 1696/537/1694 2045/888/2046 2070/912/2069
f 2070/912/2069 2018/859/2016 2019/860/2019
f 2162/1014/2162 1709/553/1709 1710/551/1708
f 1710/551/1708 1699/544/1699 2162/1014/2162
f 1700/541/1698 2069/913/2070 2162/1014/2162
f 2162/1014/2162 1699/544/1699 1700/541/1698
f 2013/854/2011 2058/900/2058 2069/913/2070
f 2069/913/2070 1700/541/1698 2013/854/2011
f 2018/859/2016 2090/933/2090 2078/921/2078
f 2078/921/2078 2017/862/2017 2018/859/2016
f 1690/535/1692 1721/564/1721 1699/544/1699
f 1699/544/1699 1710/551/1708 1690/535/1692
f 1702/546/1702 1721/564/1721 1722/565/1722
f 1722/565/1722 2037/880/2037 1702/546/1702
f 1721/564/1721 1702/546/1702 1698/543/1700
f 1698/543/1700 1699/544/1699 1721/564/1721
f 1633/477/1633 1634/474/1632 1631/473/1631
f 1631/473/1631 1629/470/1628 1633/477/1633
f 2165/1015/2163 2164/1017/2164 2163/1016/2165
f 2163/1016/2165 1680/523/1680 2165/1015/2163
f 2168/1018/2166 2167/1021/2167 2166/1020/2168
f 2166/1020/2168 2169/1019/2169 2168/1018/2166
f 2169/1019/2169 2166/1020/2168 1470/296/1472
f 1470/296/1472 2170/1022/2170 2169/1019/2169
f 1548/374/1547 1559/387/1559 1680/523/1680
f 1680/523/1680 2163/1016/2165 1548/374/1547
f 2163/1016/2165 1679/522/1679 1547/373/1548
f 1547/373/1548 1548/374/1547 2163/1016/2165
f 1679/522/1679 2163/1016/2165 2164/1017/2164
f 2164/1017/2164 2168/1018/2166 1679/522/1679
f 1679/522/1679 2168/1018/2166 2169/1019/2169
f 2169/1019/2169 1678/521/1678 1679/522/1679
f 1674/515/1672 1669/512/1670 1670/513/1669
f 1670/513/1669 2171/1023/2171 1674/515/1672
f 2171/1023/2171 1670/513/1669 1671/514/1671
f 1671/514/1671 2170/1022/2170 2171/1023/2171
f 2170/1022/2170 1671/514/1671 1678/521/1678
f 1678/521/1678 2169/1019/2169 2170/1022/2170
f 2165/1015/2163 1680/523/1680 1681/524/1681
f 1681/524/1681 2172/1024/2172 2165/1015/2163
f 1298/123/1298 2115/960/2115 1566/394/1566
f 1566/394/1566 1587/425/1587 1298/123/1298
f 2174/1025/2173 2173/1026/2174 2129/972/2127
f 2129/972/2127 2130/973/2130 2174/1025/2173
f 2176/1027/2175 2175/1028/2176 1293/119/1295
f 1293/119/1295 1611/453/1611 2176/1027/2175
f 1029/1029/1029 1030/1030/1030 2175/1028/2176
f 2175/1028/2176 2176/1027/2175 1029/1029/1029
f 1790/631/1788 1923/765/1922 1789/633/1789
f 1776/619/1776 1923/765/1922 1765/609/1767
f 1787/628/1785 1901/744/1901 1786/630/1786
f 1542/365/1542 1540/366/1541 2177/1032/2177
f 2177/1032/2177 2178/1031/2178 1542/365/1542
f 2181/1033/2179 2180/1036/2180 2179/1035/2181
f 2179/1035/2181 2182/1034/2182 2181/1033/2179
f 2184/1037/2183 2183/1038/2184 2179/1035/2181
f 2179/1035/2181 2180/1036/2180 2184/1037/2183
f 2184/1037/2183 2186/1040/2185 2185/1039/2186
f 2185/1039/2186 2183/1038/2184 2184/1037/2183
f 2179/1035/2181 2188/1042/2187 2187/1041/2188
f 2187/1041/2188 2182/1034/2182 2179/1035/2181
f 2179/1035/2181 2183/1038/2184 2189/1043/2189
f 2189/1043/2189 2188/1042/2187 2179/1035/2181
f 2185/1039/2186 2189/1043/2189 2183/1038/2184
f 2184/1037/2183 2190/1044/2190 2186/1040/2185
f 2180/1036/2180 2192/1046/2191 2191/1045/2192
f 2191/1045/2192 2184/1037/2183 2180/1036/2180
f 2181/1033/2179 2194/1048/2193 2193/1047/2194
f 2193/1047/2194 2180/1036/2180 2181/1033/2179
f 2197/1049/2195 2196/1052/2196 2195/1051/2197
f 2195/1051/2197 2198/1050/2198 2197/1049/2195
f 2199/1053/2199 2196/1052/2196 2197/1049/2195
f 2197/1049/2195 2200/1054/2200 2199/1053/2199
f 2199/1053/2199 2200/1054/2200 2185/1039/2186
f 2185/1039/2186 2201/1055/2201 2199/1053/2199
f 2188/1042/2187 2197/1049/2195 2198/1050/2198
f 2198/1050/2198 2187/1041/2188 2188/1042/2187
f 2197/1049/2195 2188/1042/2187 2189/1043/2189
f 2189/1043/2189 2200/1054/2200 2197/1049/2195
f 2189/1043/2189 2185/1039/2186 2200/1054/2200
f 2204/1056/2202 2203/1059/2203 2202/1058/2204
f 2202/1058/2204 2205/1057/2205 2204/1056/2202
f 2207/1060/2206 2206/1061/2207 2202/1058/2204
f 2202/1058/2204 2203/1059/2203 2207/1060/2206
f 2207/1060/2206 2209/1063/2208 2208/1062/2209
f 2208/1062/2209 2206/1061/2207 2207/1060/2206
f 2205/1057/2205 2202/1058/2204 2210/1065/2210
f 2210/1065/2210 2211/1064/2211 2205/1057/2205
f 2202/1058/2204 2206/1061/2207 2212/1066/2212
f 2212/1066/2212 2210/1065/2210 2202/1058/2204
f 2208/1062/2209 2212/1066/2212 2206/1061/2207
f 2215/1067/2213 2214/1069/2214 2213/1068/2215
f 2217/1070/2216 2216/1072/2217 2214/1069/2214
f 2214/1069/2214 2218/1071/2218 2217/1070/2216
f 2221/1073/2219 2220/1075/2220 2219/1074/2221
f 2219/1074/2221 2216/1072/2217 2221/1073/2219
f 2222/1076/2222 2216/1072/2217 2219/1074/2221
f 2219/1074/2221 2223/1077/2223 2222/1076/2222
f 2214/1069/2214 2216/1072/2217 2222/1076/2222
f 2222/1076/2222 2224/1078/2224 2214/1069/2214
f 2214/1069/2214 2224/1078/2224 2208/1062/2209
f 2208/1062/2209 2213/1068/2215 2214/1069/2214
f 2210/1065/2210 2222/1076/2222 2223/1077/2223
f 2223/1077/2223 2211/1064/2211 2210/1065/2210
f 2222/1076/2222 2210/1065/2210 2212/1066/2212
f 2212/1066/2212 2224/1078/2224 2222/1076/2222
f 2212/1066/2212 2208/1062/2209 2224/1078/2224
f 2227/1079/2225 2226/1082/2226 2225/1081/2227
f 2225/1081/2227 2228/1080/2228 2227/1079/2225
f 2230/1083/2229 2229/1084/2230 2225/1081/2227
f 2225/1081/2227 2226/1082/2226 2230/1083/2229
f 2230/1083/2229 2232/1086/2231 2231/1085/2232
f 2231/1085/2232 2229/1084/2230 2230/1083/2229
f 2228/1080/2228 2225/1081/2227 2233/1088/2233
f 2233/1088/2233 2234/1087/2234 2228/1080/2228
f 2225/1081/2227 2229/1084/2230 2235/1089/2235
f 2235/1089/2235 2233/1088/2233 2225/1081/2227
f 2231/1085/2232 2235/1089/2235 2229/1084/2230
f 2238/1090/2236 2237/1093/2237 2236/1092/2238
f 2236/1092/2238 2239/1091/2239 2238/1090/2236
f 2240/1094/2240 2237/1093/2237 2238/1090/2236
f 2238/1090/2236 2241/1095/2241 2240/1094/2240
f 2240/1094/2240 2241/1095/2241 2231/1085/2232
f 2231/1085/2232 2242/1096/2242 2240/1094/2240
f 2233/1088/2233 2238/1090/2236 2239/1091/2239
f 2239/1091/2239 2234/1087/2234 2233/1088/2233
f 2238/1090/2236 2233/1088/2233 2235/1089/2235
f 2235/1089/2235 2241/1095/2241 2238/1090/2236
f 2235/1089/2235 2231/1085/2232 2241/1095/2241
f 2240/1094/2240 2242/1096/2242 2243/1097/2243
f 2243/1097/2243 2244/1098/2244 2237/1093/2237
f 2237/1093/2237 2240/1094/2240 2243/1097/2243
f 2236/1092/2238 2237/1093/2237 2244/1098/2244
f 2244/1098/2244 2245/1099/2245 2236/1092/2238
f 2248/1100/2246 2247/1103/2247 2246/1102/2248
f 2246/1102/2248 2249/1101/2249 2248/1100/2246
f 2251/1104/2250 2250/1105/2251 2246/1102/2248
f 2246/1102/2248 2247/1103/2247 2251/1104/2250
f 2251/1104/2250 2253/1107/2252 2252/1106/2253
f 2252/1106/2253 2250/1105/2251 2251/1104/2250
f 2249/1101/2249 2246/1102/2248 2254/1109/2254
f 2254/1109/2254 2255/1108/2255 2249/1101/2249
f 2246/1102/2248 2250/1105/2251 2256/1110/2256
f 2256/1110/2256 2254/1109/2254 2246/1102/2248
f 2252/1106/2253 2256/1110/2256 2250/1105/2251
f 2259/1111/2257 2258/1114/2258 2257/1113/2259
f 2257/1113/2259 2260/1112/2260 2259/1111/2257
f 2261/1115/2261 2258/1114/2258 2259/1111/2257
f 2259/1111/2257 2262/1116/2262 2261/1115/2261
f 2261/1115/2261 2262/1116/2262 2252/1106/2253
f 2252/1106/2253 2263/1117/2263 2261/1115/2261
f 2254/1109/2254 2259/1111/2257 2260/1112/2260
f 2260/1112/2260 2255/1108/2255 2254/1109/2254
f 2259/1111/2257 2254/1109/2254 2256/1110/2256
f 2256/1110/2256 2262/1116/2262 2259/1111/2257
f 2256/1110/2256 2252/1106/2253 2262/1116/2262
f 2261/1115/2261 2263/1117/2263 2264/1118/2264
f 2264/1118/2264 2265/1119/2265 2258/1114/2258
f 2258/1114/2258 2261/1115/2261 2264/1118/2264
f 2266/1120/2266 2257/1113/2259 2258/1114/2258
f 2258/1114/2258 2265/1119/2265 2266/1120/2266
f 2269/1121/2267 2268/1124/2268 2267/1123/2269
f 2267/1123/2269 2270/1122/2270 2269/1121/2267
f 2272/1125/2271 2271/1126/2272 2268/1124/2268
f 2268/1124/2268 2269/1121/2267 2272/1125/2271
f 2272/1125/2271 2274/1128/2273 2273/1127/2274
f 2273/1127/2274 2271/1126/2272 2272/1125/2271
f 2267/1123/2269 2268/1124/2268 2275/1130/2275
f 2275/1130/2275 2276/1129/2276 2267/1123/2269
f 2268/1124/2268 2271/1126/2272 2277/1131/2277
f 2277/1131/2277 2275/1130/2275 2268/1124/2268
f 2273/1127/2274 2277/1131/2277 2271/1126/2272
f 2280/1132/2278 2279/1135/2279 2278/1134/2280
f 2278/1134/2280 2281/1133/2281 2280/1132/2278
f 2282/1136/2282 2279/1135/2279 2280/1132/2278
f 2280/1132/2278 2283/1137/2283 2282/1136/2282
f 2282/1136/2282 2283/1137/2283 2273/1127/2274
f 2273/1127/2274 2284/1138/2284 2282/1136/2282
f 2276/1129/2276 2275/1130/2275 2280/1132/2278
f 2280/1132/2278 2281/1133/2281 2276/1129/2276
f 2280/1132/2278 2275/1130/2275 2277/1131/2277
f 2277/1131/2277 2283/1137/2283 2280/1132/2278
f 2277/1131/2277 2273/1127/2274 2283/1137/2283
f 2282/1136/2282 2284/1138/2284 2285/1139/2285
f 2285/1139/2285 2286/1140/2286 2279/1135/2279
f 2279/1135/2279 2282/1136/2282 2285/1139/2285
f 2278/1134/2280 2279/1135/2279 2286/1140/2286
f 2286/1140/2286 2287/1141/2287 2278/1134/2280
f 1508/331/1507 1419/243/1419 1420/244/1420
f 1419/243/1419 1507/332/1508 1418/242/1418
f 1512/335/1511 1425/250/1426 1426/249/1425
f 1425/250/1426 1511/336/1512 1493/316/1492
f 1517/340/1516 1431/256/1432 1432/255/1431
f 1431/256/1432 1516/341/1517 1495/318/1494
f 1522/345/1521 1438/261/1438 1437/262/1437
f 1438/261/1438 1521/346/1522 1497/321/1496
f 1503/326/1502 1413/238/1414 1414/237/1413
f 1413/238/1414 1502/327/1503 1485/309/1485
f 1857/699/1856 2288/1142/2288 1856/700/1857
f 1857/699/1856 1959/802/1959 2288/1142/2288
f 1863/706/1864 2289/1143/2289 1944/787/1943
f 1863/706/1864 1962/805/1962 2289/1143/2289
f 1869/712/1870 2290/1144/2290 1946/789/1945
f 1869/712/1870 1966/809/1966 2290/1144/2290
f 1875/718/1875 2291/1145/2291 1948/792/1948
f 1875/718/1875 1970/813/1970 2291/1145/2291
f 1851/694/1852 2292/1146/2292 1934/777/1934
f 1851/694/1852 1955/798/1955 2292/1146/2292
f 1340/166/1342 2293/1147/2293 1357/181/1357
f 1357/181/1357 1343/165/1343 1340/166/1342
f 1556/383/1556 384/384/384 1148/1148/1148
f 1296/118/1296 1293/119/1295 2175/1028/2176
f 2175/1028/2176 2294/1149/2294 1296/118/1296
f 2294/1149/2294 2175/1028/2176 1030/1030/1030
f 1030/1030/1030 1150/1150/1150 2294/1149/2294
f 1710/551/1708 1693/534/1693 1690/535/1692
f 1688/531/1688 1554/381/1555 1684/527/1684
f 1296/118/1296 2294/1149/2294 1554/381/1555
f 1554/381/1555 1688/531/1688 1296/118/1296
f 1554/381/1555 2294/1149/2294 1150/1150/1150
f 1150/1150/1150 380/380/380 1554/381/1555
f 1580/419/1581 1294/120/1294 1295/117/1293
f 1295/117/1293 1577/417/1577 1580/419/1581
f 1543/370/1545 1544/371/1544 1640/480/1638
f 1640/480/1638 1641/481/1641 1543/370/1545
f 1640/480/1638 1544/371/1544 1558/385/1558
f 1558/385/1558 1625/467/1625 1640/480/1638
f 1304/126/1302 2296/1152/2295 2295/1151/2296
f 2295/1151/2296 1573/410/1573 1304/126/1302
f 2295/1151/2296 1153/1153/1153 411/411/411
f 411/411/411 1573/410/1573 2295/1151/2296
f 1578/414/1576 1579/415/1579 1584/422/1583
f 1584/422/1583 2297/1154/2297 1578/414/1576
f 1584/422/1583 1569/402/1568 2298/1155/2298
f 2298/1155/2298 2297/1154/2297 1584/422/1583
f 1569/402/1568 401/399/399 1156/1156/1156
f 1156/1156/1156 2298/1155/2298 1569/402/1568
f 1578/414/1576 2297/1154/2297 2299/1157/2299
f 2299/1157/2299 1581/418/1580 1578/414/1576
f 2297/1154/2297 2298/1155/2298 2300/1158/2300
f 2300/1158/2300 2299/1157/2299 2297/1154/2297
f 2298/1155/2298 1156/1156/1156 1159/1159/1159
f 1159/1159/1159 2300/1158/2300 2298/1155/2298
f 2303/1160/2301 2302/1163/2302 2301/1162/2303
f 2301/1162/2303 2304/1161/2304 2303/1160/2301
f 1594/432/1594 1592/433/1593 2131/977/2131
f 2131/977/2131 2128/975/2128 1594/432/1594
f 1594/432/1594 2122/967/2121 1596/435/1596
f 1596/435/1596 1593/431/1592 1594/432/1594
f 1595/434/1595 1596/435/1596 2121/966/2122
f 2121/966/2122 2305/1164/2305 1595/434/1595
f 2306/1165/2306 1612/454/1612 1294/120/1294
f 1294/120/1294 1580/419/1581 2306/1165/2306
f 2122/967/2121 1594/432/1594 2128/975/2128
f 2128/975/2128 2129/972/2127 2122/967/2121
f 2307/1166/2307 2174/1025/2173 1615/455/1613
f 1615/455/1613 2174/1025/2173 2130/973/2130
f 2130/973/2130 2124/969/2124 1615/455/1613
f 2124/969/2124 2130/973/2130 2127/974/2129
f 2127/974/2129 2125/970/2125 2124/969/2124
f 2125/970/2125 2127/974/2129 2132/976/2132
f 2132/976/2132 2126/971/2126 2125/970/2125
f 1645/487/1645 1643/488/1644 2123/968/2123
f 2307/1166/2307 2308/1167/2308 2173/1026/2174
f 2173/1026/2174 2174/1025/2173 2307/1166/2307
f 1557/386/1557 1545/368/1543 2303/1160/2301
f 2303/1160/2301 2304/1161/2304 1557/386/1557
f 1545/368/1543 1546/369/1546 2178/1031/2178
f 2178/1031/2178 2177/1032/2177 1545/368/1543
f 2303/1160/2301 1545/368/1543 2177/1032/2177
f 1557/386/1557 2304/1161/2304 1616/456/1616
f 1616/456/1616 1613/457/1615 1557/386/1557
f 2307/1166/2307 1616/456/1616 2304/1161/2304
f 2304/1161/2304 2301/1162/2303 2307/1166/2307
f 1580/419/1581 1581/418/1580 2309/1168/2309
f 2309/1168/2309 2306/1165/2306 1580/419/1581
f 1581/418/1580 2299/1157/2299 2296/1152/2295
f 2296/1152/2295 2309/1168/2309 1581/418/1580
f 2296/1152/2295 2299/1157/2299 2300/1158/2300
f 2300/1158/2300 2295/1151/2296 2296/1152/2295
f 2300/1158/2300 1159/1159/1159 1153/1153/1153
f 1153/1153/1153 2295/1151/2296 2300/1158/2300
f 2308/1167/2308 2307/1166/2307 2301/1162/2303
f 2301/1162/2303 2310/1169/2310 2308/1167/2308
f 2310/1169/2310 2301/1162/2303 2302/1163/2302
f 2302/1163/2302 2311/1170/2311 2310/1169/2310
f 2311/1170/2311 2302/1163/2302 1148/1148/1148
f 1148/1148/1148 1171/1171/1171 2311/1170/2311
f 1540/366/1541 1556/383/1556 2303/1160/2301
f 2303/1160/2301 2177/1032/2177 1540/366/1541
f 1556/383/1556 1148/1148/1148 2302/1163/2302
f 2302/1163/2302 2303/1160/2301 1556/383/1556
f 1612/454/1612 2306/1165/2306 1595/434/1595
f 1595/434/1595 2305/1164/2305 1612/454/1612
f 1595/434/1595 2306/1165/2306 2309/1168/2309
f 2309/1168/2309 1305/127/1305 1595/434/1595
f 1305/127/1305 2309/1168/2309 2296/1152/2295
f 2296/1152/2295 1304/126/1302 1305/127/1305
f 1612/454/1612 2305/1164/2305 2312/1172/2312
f 2312/1172/2312 1611/453/1611 1612/454/1612
f 2312/1172/2312 2313/1173/2313 2176/1027/2175
f 2176/1027/2175 1611/453/1611 2312/1172/2312
f 2176/1027/2175 2313/1173/2313 1174/1174/1174
f 1174/1174/1174 1029/1029/1029 2176/1027/2175
f 2129/972/2127 2173/1026/2174 2121/966/2122
f 2121/966/2122 2122/967/2121 2129/972/2127
f 2121/966/2122 2173/1026/2174 2308/1167/2308
f 2308/1167/2308 2305/1164/2305 2121/966/2122
f 2305/1164/2305 2308/1167/2308 2310/1169/2310
f 2310/1169/2310 2312/1172/2312 2305/1164/2305
f 2310/1169/2310 2311/1170/2311 2313/1173/2313
f 2313/1173/2313 2312/1172/2312 2310/1169/2310
f 2313/1173/2313 2311/1170/2311 1171/1171/1171
f 1171/1171/1171 1174/1174/1174 2313/1173/2313
f 1302/128/1304 1303/129/1303 2115/960/2115
f 2115/960/2115 1303/129/1303 1565/393/1565
f 1565/393/1565 1566/394/1566 2115/960/2115
f 1303/129/1303 1304/126/1302 1573/410/1573
f 1573/410/1573 1565/393/1565 1303/129/1303
f 2307/1166/2307 1615/455/1613 1616/456/1616
f 1341/167/1341 1475/301/1476 2314/1175/2314
f 2314/1175/2314 1340/166/1342 1341/167/1341
f 2314/1175/2314 2316/1178/2315 2315/1177/2316
f 2315/1177/2316 2317/1176/2317 2314/1175/2314
f 1663/508/1664 1664/506/1663 1564/392/1564
f 1564/392/1564 1478/303/1480 1663/508/1664
f 2170/1022/2170 1470/296/1472 1471/297/1471
f 1471/297/1471 2171/1023/2171 2170/1022/2170
f 2171/1023/2171 1471/297/1471 2318/1179/2318
f 2318/1179/2318 1674/515/1672 2171/1023/2171
f 2318/1179/2318 1667/510/1666 1673/517/1673
f 1673/517/1673 1674/515/1672 2318/1179/2318
f 1673/517/1673 1667/510/1666 1664/506/1663
f 1664/506/1663 1665/507/1665 1673/517/1673
f 2318/1179/2318 1471/297/1471 1472/298/1470
f 2319/1180/2319 2318/1179/2318 1472/298/1470
f 1473/294/1473 2319/1180/2319 1472/298/1470
f 1473/294/1473 1469/293/1469 1345/169/1345
f 1345/169/1345 2319/1180/2319 1473/294/1473
f 2319/1180/2319 1345/169/1345 1321/143/1321
f 1321/143/1321 1666/509/1667 2319/1180/2319
f 1321/143/1321 1318/144/1320 1564/392/1564
f 1564/392/1564 1666/509/1667 1321/143/1321
f 1477/300/1477 1341/167/1341 1342/164/1340
f 1342/164/1340 1361/187/1362 1477/300/1477
f 1340/166/1342 2314/1175/2314 2317/1176/2317
f 2317/1176/2317 2293/1147/2293 1340/166/1342
f 1663/508/1664 1478/303/1480 1479/304/1479
f 1479/304/1479 2320/1181/2320 1663/508/1664
f 2319/1180/2319 1666/509/1667 1667/510/1666
f 1667/510/1666 2318/1179/2318 2319/1180/2319
f 1669/512/1670 1672/516/1674 1662/505/1661
f 1662/505/1661 1656/499/1656 1669/512/1670
f 1662/505/1661 1672/516/1674 1677/520/1677
f 1677/520/1677 1676/519/1675 1662/505/1661
f 1676/519/1675 1677/520/1677 1660/501/1660
f 1660/501/1660 1607/445/1606 1676/519/1675
f 2321/1182/2321 2167/1021/2167 2168/1018/2166
f 2168/1018/2166 2164/1017/2164 2321/1182/2321
f 2164/1017/2164 2165/1015/2163 2316/1178/2315
f 2316/1178/2315 2321/1182/2321 2164/1017/2164
f 2165/1015/2163 2172/1024/2172 2315/1177/2316
f 2315/1177/2316 2316/1178/2315 2165/1015/2163
f 1659/500/1657 1663/508/1664 2320/1181/2320
f 2320/1181/2320 1658/503/1658 1659/500/1657
f 1463/286/1463 1462/287/1462 1474/295/1474
f 1474/295/1474 1582/420/1582 1463/286/1463
f 1462/287/1462 1469/293/1469 1473/294/1473
f 1473/294/1473 1474/295/1474 1462/287/1462
f 2321/1182/2321 2316/1178/2315 2314/1175/2314
f 2314/1175/2314 1475/301/1476 2321/1182/2321
f 1475/301/1476 1476/299/1475 2167/1021/2167
f 2167/1021/2167 2321/1182/2321 1475/301/1476
f 1476/299/1475 1582/420/1582 2166/1020/2168
f 2166/1020/2168 2167/1021/2167 1476/299/1475
f 2166/1020/2168 1582/420/1582 1474/295/1474
f 1474/295/1474 1470/296/1472 2166/1020/2168
f 2324/1183/2322 2323/1184/2323 2322/1185/2324
f 2322/1185/2324 2325/1186/2325 2324/1183/2322
f 2328/1187/2326 2327/1188/2327 2326/1189/2328
f 2326/1189/2328 2329/1190/2329 2328/1187/2326
f 2332/1191/2330 2331/1192/2331 2330/1193/2332
f 2334/1194/2333 2333/1195/2334 2328/1187/2326
f 2328/1187/2326 2335/1196/2335 2334/1194/2333
f 2338/1197/2336 2337/1198/2337 2336/1199/2338
f 2336/1199/2338 2339/1200/2339 2338/1197/2336
f 2342/1201/2340 2341/1202/2341 2340/1184/2342
f 2340/1184/2342 2343/1183/2343 2342/1201/2340
f 2346/1203/2344 2345/1204/2345 2344/1205/2346
f 2344/1205/2346 2347/1206/2347 2346/1203/2344
f 2326/1189/2328 2348/1207/2348 2329/1190/2329
f 2351/1208/2349 2350/1209/2350 2349/1210/2351
f 2346/1203/2344 2347/1206/2347 2352/1211/2352
f 2352/1211/2352 2333/1195/2334 2346/1203/2344
f 2355/1212/2353 2354/1213/2354 2353/1214/2355
f 2353/1214/2355 2356/1215/2356 2355/1212/2353
f 2357/1216/2357 2356/1215/2356 2353/1214/2355
f 2353/1214/2355 2358/1217/2358 2357/1216/2357
f 2361/1218/2359 2360/1219/2360 2359/1220/2361
f 2359/1220/2361 2362/1221/2362 2361/1218/2359
f 2365/1222/2363 2364/1223/2364 2363/1224/2365
f 2363/1224/2365 2366/1225/2366 2365/1222/2363
f 2369/1226/2367 2368/1227/2368 2367/1228/2369
f 2367/1228/2369 2370/1229/2370 2369/1226/2367
f 2373/1230/2371 2372/1231/2372 2371/1232/2373
f 2373/1230/2371 2371/1232/2373 2374/1233/2374
f 2364/1223/2364 2376/1234/2375 2375/1235/2376
f 2359/1220/2361 2360/1219/2360 2377/1236/2377
f 2377/1236/2377 2360/1219/2360 2378/1237/2378
f 2378/1237/2378 2379/1238/2379 2377/1236/2377
f 2382/1239/2380 2381/1240/2381 2380/1241/2382
f 2380/1241/2382 2383/1242/2383 2382/1239/2380
f 2382/1239/2380 2385/1243/2384 2384/1244/2385
f 2387/1245/2386 2384/1244/2385 2386/1246/2387
f 2388/1247/2388 2376/1234/2375 2364/1223/2364
f 2364/1223/2364 2365/1222/2363 2388/1247/2388
f 2354/1213/2354 2355/1212/2353 2389/1248/2389
f 2391/1249/2390 2390/1250/2391 2382/1239/2380
f 2382/1239/2380 2383/1242/2383 2391/1249/2390
f 2394/1251/2392 2393/1252/2393 2392/1253/2394
f 2392/1253/2394 2395/1254/2395 2394/1251/2392
f 2393/1252/2393 2394/1251/2392 2396/1255/2396
f 2396/1255/2396 2397/1256/2397 2393/1252/2393
f 2337/1198/2337 2398/1257/2398 2332/1191/2330
f 2332/1191/2330 2330/1193/2332 2337/1198/2337
f 2401/1258/2399 2400/1259/2400 2399/1260/2401
f 2404/1261/2402 2403/1258/2403 2402/1260/2404
f 2407/1262/2405 2406/1263/2406 2405/1264/2407
f 2410/1265/2408 2409/1262/2409 2408/1264/2410
f 2411/1266/2411 2357/1216/2357 2358/1217/2358
f 2414/1267/2412 2413/1268/2413 2412/1269/2414
f 2412/1269/2414 2415/1270/2415 2414/1267/2412
f 2418/1263/2416 2417/1271/2417 2416/1264/2418
f 2421/1272/2419 2420/1273/2420 2419/1274/2421
f 2424/1272/2422 2423/1274/2423 2422/1275/2424
f 2427/1276/2425 2426/1277/2426 2425/1278/2427
f 2430/1276/2428 2429/1278/2429 2428/1279/2430
f 2433/1280/2431 2432/1281/2432 2431/1282/2433
f 2436/1276/2434 2435/1283/2435 2434/1277/2436
f 2439/1284/2437 2438/1285/2438 2437/1286/2439
f 2437/1286/2439 2440/1287/2440 2439/1284/2437
f 2437/1286/2439 2438/1285/2438 2441/1288/2441
f 2441/1288/2441 2442/1289/2442 2437/1286/2439
f 2443/1290/2443 2381/1240/2381 2382/1239/2380
f 2382/1239/2380 2384/1244/2385 2443/1290/2443
f 2446/1291/2444 2445/1292/2445 2444/1293/2446
f 2448/1294/2447 2447/1295/2448 2415/1270/2415
f 2415/1270/2415 2412/1269/2414 2448/1294/2447
f 2413/1268/2413 2351/1208/2349 2349/1210/2351
f 2349/1210/2351 2412/1269/2414 2413/1268/2413
f 2449/1296/2449 2448/1294/2447 2412/1269/2414
f 2412/1269/2414 2349/1210/2351 2449/1296/2449
f 2450/1297/2450 2449/1296/2449 2349/1210/2351
f 2349/1210/2351 2451/1298/2451 2450/1297/2450
f 2452/1299/2452 2353/1214/2355 2354/1213/2354
f 2354/1213/2354 2453/1300/2453 2452/1299/2452
f 2394/1251/2392 2395/1254/2395 2453/1300/2453
f 2453/1300/2453 2354/1213/2354 2394/1251/2392
f 2396/1255/2396 2394/1251/2392 2354/1213/2354
f 2354/1213/2354 2389/1248/2389 2396/1255/2396
f 2454/1301/2454 2415/1270/2415 2447/1295/2448
f 2411/1266/2411 2358/1217/2358 2329/1190/2329
f 2329/1190/2329 2348/1207/2348 2411/1266/2411
f 2455/1302/2455 2451/1298/2451 2349/1210/2351
f 2349/1210/2351 2350/1209/2350 2455/1302/2455
f 2458/1303/2456 2457/1304/2457 2456/1205/2458
f 2456/1205/2458 2459/1204/2459 2458/1303/2456
f 2461/1201/2460 2346/1203/2344 2460/1305/2461
f 2337/1198/2337 2330/1193/2332 2462/1306/2462
f 2462/1306/2462 2336/1199/2338 2337/1198/2337
f 2342/1201/2340 2343/1183/2343 2463/1204/2463
f 2463/1204/2463 2464/1203/2464 2342/1201/2340
f 2366/1225/2366 2361/1218/2359 2365/1222/2363
f 2361/1218/2359 2366/1225/2366 2465/1307/2465
f 2465/1307/2465 2360/1219/2360 2361/1218/2359
f 2468/1308/2466 2467/1309/2467 2466/1310/2468
f 2466/1310/2468 2432/1281/2432 2468/1308/2466
f 2469/1311/2469 2446/1291/2444 2468/1308/2466
f 2468/1308/2466 2470/1312/2470 2469/1311/2469
f 2368/1227/2368 2472/1313/2471 2471/1314/2472
f 2471/1314/2472 2466/1310/2468 2368/1227/2368
f 2432/1281/2432 2466/1310/2468 2471/1314/2472
f 2370/1229/2370 2473/1315/2473 2472/1313/2471
f 2472/1313/2471 2369/1226/2367 2370/1229/2370
f 2472/1313/2471 2368/1227/2368 2369/1226/2367
f 2465/1307/2465 2474/1316/2474 2378/1237/2378
f 2378/1237/2378 2360/1219/2360 2465/1307/2465
f 2387/1245/2386 2379/1238/2379 2378/1237/2378
f 2400/1259/2400 2401/1258/2399 2475/1191/2475
f 2475/1191/2475 2476/1317/2476 2400/1259/2400
f 2477/1191/2477 2403/1258/2403 2404/1261/2402
f 2404/1261/2402 2478/1192/2478 2477/1191/2477
f 2406/1263/2406 2407/1262/2405 2479/1187/2479
f 2479/1187/2479 2480/1195/2480 2406/1263/2406
f 2481/1187/2481 2409/1262/2409 2410/1265/2408
f 2410/1265/2408 2482/1188/2482 2481/1187/2481
f 2483/1211/2483 2417/1271/2417 2418/1263/2416
f 2418/1263/2416 2484/1195/2484 2483/1211/2483
f 2387/1245/2386 2378/1237/2378 2384/1244/2385
f 2384/1244/2385 2378/1237/2378 2474/1316/2474
f 2474/1316/2474 2443/1290/2443 2384/1244/2385
f 2444/1293/2446 2467/1309/2467 2468/1308/2466
f 2468/1308/2466 2446/1291/2444 2444/1293/2446
f 2380/1241/2382 2441/1288/2441 2438/1285/2438
f 2438/1285/2438 2383/1242/2383 2380/1241/2382
f 2383/1242/2383 2438/1285/2438 2439/1284/2437
f 2439/1284/2437 2391/1249/2390 2383/1242/2383
f 2486/1318/2485 2485/1319/2486 2363/1224/2365
f 2363/1224/2365 2374/1233/2374 2486/1318/2485
f 2363/1224/2365 2364/1223/2364 2374/1233/2374
f 2371/1232/2373 2372/1231/2372 2487/1320/2487
f 2487/1320/2487 2488/1321/2488 2371/1232/2373
f 2374/1233/2374 2371/1232/2373 2488/1321/2488
f 2488/1321/2488 2486/1318/2485 2374/1233/2374
f 2375/1235/2376 2373/1230/2371 2374/1233/2374
f 2374/1233/2374 2364/1223/2364 2375/1235/2376
f 2451/1298/2451 2489/1317/2489 2450/1297/2450
f 2333/1195/2334 2334/1194/2333 2460/1305/2461
f 2460/1305/2461 2346/1203/2344 2333/1195/2334
f 2490/1322/2490 2454/1301/2454 2447/1295/2448
f 2329/1190/2329 2335/1196/2335 2328/1187/2326
f 2491/1323/2491 2358/1217/2358 2353/1214/2355
f 2353/1214/2355 2452/1299/2452 2491/1323/2491
f 2358/1217/2358 2491/1323/2491 2335/1196/2335
f 2335/1196/2335 2329/1190/2329 2358/1217/2358
f 2460/1305/2461 2493/1324/2492 2492/1202/2493
f 2492/1202/2493 2461/1201/2460 2460/1305/2461
f 2494/1325/2494 2445/1292/2445 2446/1291/2444
f 2446/1291/2444 2495/1326/2495 2494/1325/2494
f 2368/1227/2368 2497/1327/2496 2496/1328/2497
f 2496/1328/2497 2367/1228/2369 2368/1227/2368
f 2499/1329/2498 2498/1330/2499 2445/1292/2445
f 2445/1292/2445 2494/1325/2494 2499/1329/2498
f 2420/1273/2420 2501/1314/2500 2500/1313/2501
f 2500/1313/2501 2419/1274/2421 2420/1273/2420
f 2423/1274/2423 2503/1313/2502 2502/1315/2503
f 2502/1315/2503 2422/1275/2424 2423/1274/2423
f 2505/1222/2504 2504/1218/2505 2425/1278/2427
f 2425/1278/2427 2426/1277/2426 2505/1222/2504
f 2429/1278/2429 2507/1218/2506 2506/1221/2507
f 2506/1221/2507 2428/1279/2430 2429/1278/2429
f 2509/1247/2508 2508/1222/2509 2434/1277/2436
f 2434/1277/2436 2435/1283/2435 2509/1247/2508
f 2512/1183/2510 2511/1186/2511 2510/1304/2510
f 2510/1304/2510 2513/1303/2512 2512/1183/2510
f 2514/1303/2513 2463/1204/2463 2343/1183/2343
f 2517/1331/2514 2516/1332/2515 2515/1333/2516
f 2515/1333/2516 2518/1334/2517 2517/1331/2514
f 2520/1335/2518 2519/1336/2519 2518/1334/2517
f 2518/1334/2517 2515/1333/2516 2520/1335/2518
f 2521/1337/2520 2516/1332/2515 2517/1331/2514
f 2517/1331/2514 2522/1338/2521 2521/1337/2520
f 2447/1295/2448 2448/1294/2447 2516/1332/2515
f 2516/1332/2515 2521/1337/2520 2447/1295/2448
f 2516/1332/2515 2448/1294/2447 2449/1296/2449
f 2449/1296/2449 2515/1333/2516 2516/1332/2515
f 2337/1198/2337 2520/1335/2518 2398/1257/2398
f 2523/1339/2522 2521/1337/2520 2522/1338/2521
f 2522/1338/2521 2524/1340/2523 2523/1339/2522
f 2521/1337/2520 2523/1339/2522 2525/1341/2524
f 2525/1341/2524 2447/1295/2448 2521/1337/2520
f 2528/1342/2525 2527/1343/2526 2526/1344/2527
f 2526/1344/2527 2529/1345/2528 2528/1342/2525
f 2530/1346/2529 2445/1292/2445 2498/1330/2499
f 2498/1330/2499 2526/1344/2527 2530/1346/2529
f 2520/1335/2518 2337/1198/2337 2338/1197/2336
f 2338/1197/2336 2519/1336/2519 2520/1335/2518
f 2531/1347/2530 2444/1293/2446 2445/1292/2445
f 2445/1292/2445 2532/1348/2531 2531/1347/2530
f 2445/1292/2445 2530/1346/2529 2532/1348/2531
f 2467/1309/2467 2534/1349/2532 2533/1350/2533
f 2533/1350/2533 2466/1310/2468 2467/1309/2467
f 2535/1351/2534 2530/1346/2529 2526/1344/2527
f 2526/1344/2527 2527/1343/2526 2535/1351/2534
f 2535/1351/2534 2527/1343/2526 2528/1342/2525
f 2528/1342/2525 2536/1352/2535 2535/1351/2534
f 2515/1333/2516 2449/1296/2449 2450/1297/2450
f 2450/1297/2450 2520/1335/2518 2515/1333/2516
f 2520/1335/2518 2450/1297/2450 2398/1257/2398
f 2398/1257/2398 2450/1297/2450 2489/1317/2489
f 2489/1317/2489 2332/1191/2330 2398/1257/2398
f 2534/1349/2532 2467/1309/2467 2444/1293/2446
f 2444/1293/2446 2531/1347/2530 2534/1349/2532
f 2368/1227/2368 2466/1310/2468 2533/1350/2533
f 2533/1350/2533 2497/1327/2496 2368/1227/2368
f 2447/1295/2448 2525/1341/2524 2537/1353/2536
f 2537/1353/2536 2490/1322/2490 2447/1295/2448
f 2538/1354/2537 2393/1252/2393 2397/1256/2397
f 2397/1256/2397 2539/1355/2538 2538/1354/2537
f 2540/1356/2539 2392/1253/2394 2393/1252/2393
f 2393/1252/2393 2538/1354/2537 2540/1356/2539
f 2372/1231/2372 2373/1230/2371 2375/1235/2376
f 2375/1235/2376 2376/1234/2375 2372/1231/2372
f 2462/1306/2462 2541/1357/2540 2336/1199/2338
f 2542/1358/2541 2470/1312/2470 2468/1308/2466
f 2468/1308/2466 2433/1280/2431 2542/1358/2541
f 2530/1346/2529 2535/1351/2534 2536/1352/2535
f 2536/1352/2535 2532/1348/2531 2530/1346/2529
f 2385/1243/2384 2386/1246/2387 2384/1244/2385
f 2382/1239/2380 2390/1250/2391 2385/1243/2384
f 2433/1280/2431 2468/1308/2466 2432/1281/2432
f 2545/1359/2542 2544/1360/2543 2543/1361/2544
f 2543/1361/2544 2546/1362/2545 2545/1359/2542
f 2549/1363/2546 2548/1364/2547 2547/1365/2548
f 2547/1365/2548 2550/1366/2549 2549/1363/2546
f 2553/1367/2550 2552/1368/2551 2551/1369/2552
f 2551/1369/2552 2554/1370/2553 2553/1367/2550
f 2557/1371/2554 2556/1372/2555 2555/1373/2556
f 2555/1373/2556 2558/1374/2557 2557/1371/2554
f 2559/1375/2558 2543/1361/2544 2544/1360/2543
f 2544/1360/2543 2560/1376/2559 2559/1375/2558
f 2552/1368/2551 2562/1377/2560 2561/1378/2561
f 2561/1378/2561 2551/1369/2552 2552/1368/2551
f 2564/1379/2562 2563/1380/2563 2544/1360/2543
f 2544/1360/2543 2545/1359/2542 2564/1379/2562
f 2565/1381/2564 2549/1363/2546 2550/1366/2549
f 2550/1366/2549 2566/1382/2565 2565/1381/2564
f 2568/1383/2566 2567/1384/2567 2563/1380/2563
f 2563/1380/2563 2564/1379/2562 2568/1383/2566
f 2569/1385/2568 2565/1381/2564 2566/1382/2565
f 2566/1382/2565 2570/1386/2569 2569/1385/2568
f 2554/1370/2553 2551/1369/2552 2567/1384/2567
f 2567/1384/2567 2568/1383/2566 2554/1370/2553
f 2558/1374/2557 2555/1373/2556 2569/1385/2568
f 2569/1385/2568 2570/1386/2569 2558/1374/2557
f 2563/1380/2563 2560/1376/2559 2544/1360/2543
f 2551/1369/2552 2561/1378/2561 2563/1380/2563
f 2563/1380/2563 2567/1384/2567 2551/1369/2552
f 2572/1387/2570 2571/1388/2571 2548/1364/2547
f 2548/1364/2547 2549/1363/2546 2572/1387/2570
f 2556/1372/2555 2574/1389/2572 2573/1390/2573
f 2573/1390/2573 2555/1373/2556 2556/1372/2555
f 2575/1391/2574 2572/1387/2570 2549/1363/2546
f 2549/1363/2546 2565/1381/2564 2575/1391/2574
f 2576/1392/2575 2575/1391/2574 2565/1381/2564
f 2565/1381/2564 2569/1385/2568 2576/1392/2575
f 2555/1373/2556 2573/1390/2573 2576/1392/2575
f 2576/1392/2575 2569/1385/2568 2555/1373/2556
f 2577/1393/2576 2550/1366/2549 2547/1365/2548
f 2547/1365/2548 2578/1394/2577 2577/1393/2576
f 2557/1371/2554 2558/1374/2557 2579/1395/2578
f 2579/1395/2578 2580/1396/2579 2557/1371/2554
f 2581/1397/2580 2566/1382/2565 2550/1366/2549
f 2550/1366/2549 2577/1393/2576 2581/1397/2580
f 2582/1398/2581 2570/1386/2569 2566/1382/2565
f 2566/1382/2565 2581/1397/2580 2582/1398/2581
f 2558/1374/2557 2570/1386/2569 2582/1398/2581
f 2582/1398/2581 2579/1395/2578 2558/1374/2557
f 2572/1387/2570 2545/1359/2542 2546/1362/2545
f 2546/1362/2545 2571/1388/2571 2572/1387/2570
f 2574/1389/2572 2553/1367/2550 2554/1370/2553
f 2554/1370/2553 2573/1390/2573 2574/1389/2572
f 2575/1391/2574 2564/1379/2562 2545/1359/2542
f 2545/1359/2542 2572/1387/2570 2575/1391/2574
f 2576/1392/2575 2568/1383/2566 2564/1379/2562
f 2564/1379/2562 2575/1391/2574 2576/1392/2575
f 2573/1390/2573 2554/1370/2553 2568/1383/2566
f 2568/1383/2566 2576/1392/2575 2573/1390/2573
f 2583/1399/2582 2577/1393/2576 2578/1394/2577
f 2578/1394/2577 2584/1400/2583 2583/1399/2582
f 2580/1396/2579 2579/1395/2578 2585/1401/2584
f 2585/1401/2584 2586/1402/2585 2580/1396/2579
f 2587/1403/2586 2581/1397/2580 2577/1393/2576
f 2577/1393/2576 2583/1399/2582 2587/1403/2586
f 2588/1404/2587 2582/1398/2581 2581/1397/2580
f 2581/1397/2580 2587/1403/2586 2588/1404/2587
f 2579/1395/2578 2582/1398/2581 2588/1404/2587
f 2588/1404/2587 2585/1401/2584 2579/1395/2578
f 2591/1405/2588 2590/1406/2589 2589/1407/2590
f 2589/1407/2590 2592/1408/2591 2591/1405/2588
f 2589/1407/2590 2594/1409/2592 2593/1410/2593
f 2593/1410/2593 2592/1408/2591 2589/1407/2590
f 2596/1411/2594 2595/1412/2595 2592/1408/2591
f 2592/1408/2591 2593/1410/2593 2596/1411/2594
f 2595/1412/2595 2596/1411/2594 2597/1413/2596
f 2597/1413/2596 2598/1414/2597 2595/1412/2595
f 2598/1414/2597 2597/1413/2596 2599/1415/2598
f 2599/1415/2598 2600/1416/2599 2598/1414/2597
f 2601/1417/2600 2591/1405/2588 2592/1408/2591
f 2592/1408/2591 2595/1412/2595 2601/1417/2600
f 2595/1412/2595 2598/1414/2597 2602/1418/2601
f 2602/1418/2601 2601/1417/2600 2595/1412/2595
f 2598/1414/2597 2600/1416/2599 2603/1419/2602
f 2603/1419/2602 2602/1418/2601 2598/1414/2597
f 2606/1420/2603 2605/1421/2604 2604/1422/2605
f 2604/1422/2605 2607/1423/2606 2606/1420/2603
f 2610/1424/2607 2609/1425/2608 2608/1426/2609
f 2608/1426/2609 2611/1427/2610 2610/1424/2607
f 2613/1428/2611 2612/1429/2612 2604/1422/2605
f 2604/1422/2605 2614/1430/2613 2613/1428/2611
f 2606/1420/2603 2616/1431/2614 2615/1432/2615
f 2615/1432/2615 2605/1421/2604 2606/1420/2603
f 2619/1433/2616 2618/1434/2617 2617/1435/2618
f 2617/1435/2618 2620/1436/2619 2619/1433/2616
f 2621/1437/2620 2605/1421/2604 2615/1432/2615
f 2607/1423/2606 2610/1424/2607 2620/1436/2619
f 2620/1436/2619 2606/1420/2603 2607/1423/2606
f 2606/1420/2603 2620/1436/2619 2617/1435/2618
f 2617/1435/2618 2616/1431/2614 2606/1420/2603
f 2607/1423/2606 2604/1422/2605 2612/1429/2612
f 2612/1429/2612 2622/1438/2621 2607/1423/2606
f 2610/1424/2607 2611/1427/2610 2619/1433/2616
f 2619/1433/2616 2620/1436/2619 2610/1424/2607
f 2610/1424/2607 2607/1423/2606 2622/1438/2621
f 2622/1438/2621 2609/1425/2608 2610/1424/2607
f 2625/1439/2622 2624/1440/2623 2623/1441/2624
f 2623/1441/2624 2626/1442/2625 2625/1439/2622
f 2629/1443/2626 2628/1444/2627 2627/1445/2628
f 2627/1445/2628 2630/1446/2629 2629/1443/2626
f 2633/1447/2630 2632/1448/2631 2631/1449/2632
f 2631/1449/2632 2634/1450/2633 2633/1447/2630
f 2635/1451/2634 2633/1447/2630 2634/1450/2633
f 2634/1450/2633 2636/1452/2635 2635/1451/2634
f 2639/1453/2636 2638/1454/2637 2637/1455/2638
f 2637/1455/2638 2640/1456/2639 2639/1453/2636
f 2638/1454/2637 2639/1453/2636 2630/1446/2629
f 2630/1446/2629 2627/1445/2628 2638/1454/2637
f 2628/1444/2627 2629/1443/2626 2631/1449/2632
f 2631/1449/2632 2632/1448/2631 2628/1444/2627
f 2624/1440/2623 2625/1439/2622 2635/1451/2634
f 2635/1451/2634 2636/1452/2635 2624/1440/2623
f 2639/1453/2636 2642/1457/2640 2641/1458/2641
f 2641/1458/2641 2630/1446/2629 2639/1453/2636
f 2643/1459/2642 2623/1441/2624 2624/1440/2623
f 2624/1440/2623 2644/1460/2643 2643/1459/2642
f 2636/1452/2635 2645/1461/2644 2644/1460/2643
f 2644/1460/2643 2624/1440/2623 2636/1452/2635
f 2629/1443/2626 2647/1462/2645 2646/1463/2646
f 2646/1463/2646 2631/1449/2632 2629/1443/2626
f 2630/1446/2629 2641/1458/2641 2647/1462/2645
f 2647/1462/2645 2629/1443/2626 2630/1446/2629
f 2631/1449/2632 2646/1463/2646 2648/1464/2647
f 2648/1464/2647 2634/1450/2633 2631/1449/2632
f 2634/1450/2633 2648/1464/2647 2645/1461/2644
f 2645/1461/2644 2636/1452/2635 2634/1450/2633
f 2640/1456/2639 2649/1465/2648 2642/1457/2640
f 2642/1457/2640 2639/1453/2636 2640/1456/2639
f 2626/1442/2625 2651/1466/2649 2650/1467/2650
f 2650/1467/2650 2625/1439/2622 2626/1442/2625
f 2652/1468/2651 2627/1445/2628 2628/1444/2627
f 2628/1444/2627 2653/1469/2652 2652/1468/2651
f 2654/1470/2653 2632/1448/2631 2633/1447/2630
f 2633/1447/2630 2655/1471/2654 2654/1470/2653
f 2655/1471/2654 2633/1447/2630 2635/1451/2634
f 2635/1451/2634 2656/1472/2655 2655/1471/2654
f 2657/1473/2656 2637/1455/2638 2638/1454/2637
f 2638/1454/2637 2658/1474/2657 2657/1473/2656
f 2658/1474/2657 2638/1454/2637 2627/1445/2628
f 2627/1445/2628 2652/1468/2651 2658/1474/2657
f 2653/1469/2652 2628/1444/2627 2632/1448/2631
f 2632/1448/2631 2654/1470/2653 2653/1469/2652
f 2656/1472/2655 2635/1451/2634 2625/1439/2622
f 2625/1439/2622 2650/1467/2650 2656/1472/2655
f 2661/1475/2658 2660/1476/2659 2659/1477/2660
f 2659/1477/2660 2662/1478/2661 2661/1475/2658
f 2665/1479/2662 2664/1480/2663 2663/1481/2664
f 2663/1481/2664 2666/1482/2665 2665/1479/2662
f 2669/1483/2666 2668/1484/2667 2667/1485/2668
f 2667/1485/2668 2670/1486/2669 2669/1483/2666
f 2663/1481/2664 2668/1484/2667 2669/1483/2666
f 2669/1483/2666 2666/1482/2665 2663/1481/2664
f 2662/1478/2661 2664/1480/2663 2665/1479/2662
f 2665/1479/2662 2661/1475/2658 2662/1478/2661
f 2673/1487/2670 2672/1488/2671 2671/1489/2672
f 2671/1489/2672 2674/1490/2673 2673/1487/2670
f 2671/1489/2672 2672/1488/2671 2675/1491/2674
f 2675/1491/2674 2676/1492/2675 2671/1489/2672
f 2674/1490/2673 2659/1477/2660 2660/1476/2659
f 2660/1476/2659 2673/1487/2670 2674/1490/2673
f 2660/1476/2659 2678/1493/2676 2677/1494/2677
f 2677/1494/2677 2673/1487/2670 2660/1476/2659
f 2669/1483/2666 2680/1495/2678 2679/1496/2679
f 2679/1496/2679 2666/1482/2665 2669/1483/2666
f 2665/1479/2662 2682/1497/2680 2681/1498/2681
f 2681/1498/2681 2661/1475/2658 2665/1479/2662
f 2670/1486/2669 2683/1499/2682 2680/1495/2678
f 2680/1495/2678 2669/1483/2666 2670/1486/2669
f 2666/1482/2665 2679/1496/2679 2682/1497/2680
f 2682/1497/2680 2665/1479/2662 2666/1482/2665
f 2661/1475/2658 2681/1498/2681 2678/1493/2676
f 2678/1493/2676 2660/1476/2659 2661/1475/2658
f 2673/1487/2670 2677/1494/2677 2684/1500/2683
f 2684/1500/2683 2672/1488/2671 2673/1487/2670
f 2672/1488/2671 2684/1500/2683 2685/1501/2684
f 2685/1501/2684 2675/1491/2674 2672/1488/2671
f 2686/1502/2685 2662/1478/2661 2659/1477/2660
f 2659/1477/2660 2687/1503/2686 2686/1502/2685
f 2664/1480/2663 2688/1504/2687 2663/1481/2664
f 2689/1505/2688 2667/1485/2668 2668/1484/2667
f 2668/1484/2667 2690/1506/2689 2689/1505/2688
f 2690/1506/2689 2668/1484/2667 2663/1481/2664
f 2663/1481/2664 2691/1507/2690 2690/1506/2689
f 2692/1508/2691 2664/1480/2663 2662/1478/2661
f 2662/1478/2661 2686/1502/2685 2692/1508/2691
f 2671/1489/2672 2693/1509/2692 2674/1490/2673
f 2676/1492/2675 2694/1510/2693 2671/1489/2672
f 2674/1490/2673 2695/1511/2694 2659/1477/2660
f 2676/1492/2675 2696/1512/2695 2694/1510/2693
f 2694/1510/2693 2697/1513/2696 2671/1489/2672
f 2671/1489/2672 2697/1513/2696 2693/1509/2692
f 2693/1509/2692 2698/1514/2697 2674/1490/2673
f 2674/1490/2673 2698/1514/2697 2695/1511/2694
f 2695/1511/2694 2687/1503/2686 2659/1477/2660
f 2664/1480/2663 2692/1508/2691 2688/1504/2687
f 2688/1504/2687 2691/1507/2690 2663/1481/2664
f 2701/1515/2698 2700/1516/2699 2699/1517/2700
f 2699/1517/2700 2702/1518/2701 2701/1515/2698
f 2705/1519/2702 2704/1520/2703 2703/1521/2704
f 2703/1521/2704 2706/1522/2705 2705/1519/2702
f 2708/1523/2706 2707/1524/2707 2703/1521/2704
f 2703/1521/2704 2704/1520/2703 2708/1523/2706
f 2711/1525/2708 2710/1526/2709 2709/1527/2710
f 2709/1527/2710 2712/1528/2711 2711/1525/2708
f 2715/1529/2712 2714/1530/2713 2713/1531/2714
f 2713/1531/2714 2716/1532/2715 2715/1529/2712
f 2711/1525/2708 2702/1518/2701 2717/1533/2716
f 2717/1533/2716 2710/1526/2709 2711/1525/2708
f 2709/1527/2710 2718/1534/2717 2706/1522/2705
f 2706/1522/2705 2719/1535/2718 2709/1527/2710
f 2703/1521/2704 2707/1524/2707 2720/1536/2719
f 2720/1536/2719 2721/1537/2720 2703/1521/2704
f 2724/1538/2721 2723/1539/2722 2722/1540/2723
f 2722/1540/2723 2725/1541/2724 2724/1538/2721
f 2728/1542/2725 2727/1543/2726 2726/1544/2727
f 2726/1544/2727 2729/1545/2728 2728/1542/2725
f 2732/1546/2729 2731/1547/2730 2730/1548/2731
f 2730/1548/2731 2733/1549/2732 2732/1546/2729
f 2736/1550/2733 2735/1551/2734 2734/1552/2735
f 2738/1553/2736 2736/1550/2733 2737/1554/2737
f 2738/1553/2736 2735/1551/2734 2736/1550/2733
f 2736/1550/2733 2740/1555/2738 2739/1556/2739
f 2743/1557/2740 2742/1558/2741 2741/1559/2742
f 2741/1559/2742 2744/1560/2743 2743/1557/2740
f 2706/1522/2705 2718/1534/2717 2745/1561/2744
f 2745/1561/2744 2705/1519/2702 2706/1522/2705
f 2745/1561/2744 2747/1562/2745 2746/1563/2746
f 2746/1563/2746 2705/1519/2702 2745/1561/2744
f 2750/1564/2747 2749/1565/2748 2748/1566/2749
f 2748/1566/2749 2751/1567/2750 2750/1564/2747
f 2752/1568/2751 2722/1540/2723 2723/1539/2722
f 2723/1539/2722 2753/1569/2752 2752/1568/2751
f 2736/1550/2733 2754/1570/2753 2740/1555/2738
f 2756/1571/2754 2725/1541/2724 2755/1572/2755
f 2755/1572/2755 2757/1573/2756 2756/1571/2754
f 2758/1574/2757 2728/1542/2725 2729/1545/2728
f 2729/1545/2728 2759/1575/2758 2758/1574/2757
f 2761/1576/2759 2760/1577/2760 2722/1540/2723
f 2722/1540/2723 2752/1568/2751 2761/1576/2759
f 2757/1573/2756 2727/1543/2726 2762/1578/2761
f 2762/1578/2761 2756/1571/2754 2757/1573/2756
f 2764/1579/2762 2730/1548/2731 2763/1580/2763
f 2763/1580/2763 2765/1581/2764 2764/1579/2762
f 2768/1582/2765 2767/1583/2766 2766/1584/2767
f 2766/1584/2767 2769/1585/2768 2768/1582/2765
f 2772/1586/2769 2771/1587/2770 2770/1588/2771
f 2770/1588/2771 2773/1589/2772 2772/1586/2769
f 2775/1590/2773 2772/1586/2769 2774/1591/2774
f 2774/1591/2774 2776/1592/2775 2775/1590/2773
f 2778/1593/2776 2775/1590/2773 2777/1594/2777
f 2777/1594/2777 2779/1595/2778 2778/1593/2776
f 2781/1596/2779 2779/1595/2778 2780/1597/2780
f 2780/1597/2780 2782/1598/2781 2781/1596/2779
f 2785/1599/2782 2784/1600/2783 2783/1601/2784
f 2783/1601/2784 2786/1602/2785 2785/1599/2782
f 2789/1603/2786 2788/1604/2787 2787/1605/2788
f 2787/1605/2788 2790/1606/2789 2789/1603/2786
f 2792/1607/2790 2791/1608/2791 2766/1584/2767
f 2766/1584/2767 2767/1583/2766 2792/1607/2790
f 2795/1609/2792 2794/1610/2793 2793/1611/2794
f 2793/1611/2794 2796/1612/2795 2795/1609/2792
f 2798/1613/2796 2797/1614/2797 2793/1611/2794
f 2793/1611/2794 2799/1615/2798 2798/1613/2796
f 2802/1616/2799 2801/1617/2800 2800/1618/2801
f 2800/1618/2801 2803/1619/2802 2802/1616/2799
f 2756/1571/2754 2762/1578/2761 2804/1620/2803
f 2804/1620/2803 2805/1621/2804 2756/1571/2754
f 2808/1622/2805 2807/1623/2806 2806/1624/2807
f 2789/1603/2786 2797/1614/2797 2798/1613/2796
f 2798/1613/2796 2809/1625/2808 2789/1603/2786
f 2811/1626/2809 2810/1627/2810 2790/1606/2789
f 2790/1606/2789 2812/1628/2811 2811/1626/2809
f 2736/1550/2733 2739/1556/2739 2813/1629/2812
f 2805/1621/2804 2724/1538/2721 2725/1541/2724
f 2725/1541/2724 2756/1571/2754 2805/1621/2804
f 2814/1630/2813 2749/1565/2748 2750/1564/2747
f 2750/1564/2747 2815/1631/2814 2814/1630/2813
f 2816/1632/2815 2762/1578/2761 2728/1542/2725
f 2728/1542/2725 2758/1574/2757 2816/1632/2815
f 2818/1633/2816 2817/1634/2817 2800/1618/2801
f 2800/1618/2801 2801/1617/2800 2818/1633/2816
f 2819/1635/2818 2816/1632/2815 2758/1574/2757
f 2758/1574/2757 2820/1636/2819 2819/1635/2818
f 2821/1637/2820 2820/1636/2819 2758/1574/2757
f 2758/1574/2757 2759/1575/2758 2821/1637/2820
f 2824/1638/2821 2823/1639/2822 2822/1640/2823
f 2822/1640/2823 2811/1626/2809 2824/1638/2821
f 2797/1614/2797 2810/1627/2810 2796/1612/2795
f 2796/1612/2795 2793/1611/2794 2797/1614/2797
f 2824/1638/2821 2826/1641/2824 2825/1642/2825
f 2825/1642/2825 2823/1639/2822 2824/1638/2821
f 2827/1643/2826 2799/1615/2798 2793/1611/2794
f 2793/1611/2794 2794/1610/2793 2827/1643/2826
f 2765/1581/2764 2768/1582/2765 2828/1644/2827
f 2828/1644/2827 2829/1645/2828 2765/1581/2764
f 2831/1646/2829 2830/1647/2830 2786/1602/2785
f 2786/1602/2785 2783/1601/2784 2831/1646/2829
f 2832/1648/2831 2828/1644/2827 2768/1582/2765
f 2768/1582/2765 2769/1585/2768 2832/1648/2831
f 2834/1649/2832 2833/1650/2833 2788/1604/2787
f 2788/1604/2787 2835/1651/2834 2834/1649/2832
f 2834/1649/2832 2835/1651/2834 2836/1652/2835
f 2787/1605/2788 2838/1653/2836 2837/1654/2837
f 2837/1654/2837 2839/1655/2838 2787/1605/2788
f 2839/1655/2838 2837/1654/2837 2769/1585/2768
f 2769/1585/2768 2766/1584/2767 2839/1655/2838
f 2832/1648/2831 2769/1585/2768 2837/1654/2837
f 2840/1656/2839 2830/1647/2830 2831/1646/2829
f 2831/1646/2829 2841/1657/2840 2840/1656/2839
f 2837/1654/2837 2838/1653/2836 2842/1658/2841
f 2842/1658/2841 2832/1648/2831 2837/1654/2837
f 2716/1532/2715 2844/1659/2842 2843/1660/2843
f 2843/1660/2843 2715/1529/2712 2716/1532/2715
f 2715/1529/2712 2843/1660/2843 2845/1661/2844
f 2845/1661/2844 2846/1662/2845 2715/1529/2712
f 2849/1663/2846 2848/1664/2847 2847/1665/2848
f 2847/1665/2848 2850/1666/2849 2849/1663/2846
f 2702/1518/2701 2699/1517/2700 2717/1533/2716
f 2851/1667/2850 2701/1515/2698 2702/1518/2701
f 2702/1518/2701 2711/1525/2708 2851/1667/2850
f 2852/1668/2851 2845/1661/2844 2843/1660/2843
f 2705/1519/2702 2746/1563/2746 2853/1669/2852
f 2853/1669/2852 2704/1520/2703 2705/1519/2702
f 2704/1520/2703 2853/1669/2852 2854/1670/2853
f 2854/1670/2853 2708/1523/2706 2704/1520/2703
f 2857/1671/2854 2856/1672/2855 2855/1673/2856
f 2855/1673/2856 2858/1674/2857 2857/1671/2854
f 2854/1670/2853 2859/1675/2858 2844/1659/2842
f 2844/1659/2842 2708/1523/2706 2854/1670/2853
f 2852/1668/2851 2843/1660/2843 2844/1659/2842
f 2844/1659/2842 2859/1675/2858 2852/1668/2851
f 2862/1676/2859 2861/1677/2860 2860/1678/2861
f 2860/1678/2861 2863/1679/2862 2862/1676/2859
f 2861/1677/2860 2862/1676/2859 2864/1680/2863
f 2864/1680/2863 2865/1681/2864 2861/1677/2860
f 2865/1681/2864 2864/1680/2863 2866/1682/2865
f 2866/1682/2865 2867/1683/2866 2865/1681/2864
f 2870/1684/2867 2869/1685/2868 2868/1686/2869
f 2871/1687/2870 2747/1562/2745 2745/1561/2744
f 2745/1561/2744 2872/1688/2871 2871/1687/2870
f 2871/1687/2870 2872/1688/2871 2873/1689/2872
f 2876/1690/2873 2875/1691/2874 2874/1692/2875
f 2874/1692/2875 2877/1693/2876 2876/1690/2873
f 2699/1517/2700 2700/1516/2699 2878/1694/2877
f 2878/1694/2877 2873/1689/2872 2699/1517/2700
f 2714/1530/2713 2715/1529/2712 2846/1662/2845
f 2846/1662/2845 2879/1695/2878 2714/1530/2713
f 2881/1696/2879 2880/1697/2880 2862/1676/2859
f 2862/1676/2859 2863/1679/2862 2881/1696/2879
f 2880/1697/2880 2850/1666/2849 2864/1680/2863
f 2864/1680/2863 2862/1676/2859 2880/1697/2880
f 2864/1680/2863 2850/1666/2849 2847/1665/2848
f 2847/1665/2848 2866/1682/2865 2864/1680/2863
f 2883/1698/2881 2882/1699/2882 2876/1690/2873
f 2876/1690/2873 2877/1693/2876 2883/1698/2881
f 2700/1516/2699 2701/1515/2698 2884/1700/2883
f 2884/1700/2883 2885/1701/2884 2700/1516/2699
f 2701/1515/2698 2851/1667/2850 2884/1700/2883
f 2886/1702/2885 2878/1694/2877 2700/1516/2699
f 2700/1516/2699 2885/1701/2884 2886/1702/2885
f 2875/1691/2874 2869/1685/2868 2870/1684/2867
f 2870/1684/2867 2874/1692/2875 2875/1691/2874
f 2778/1593/2776 2779/1595/2778 2781/1596/2779
f 2781/1596/2779 2887/1703/2886 2778/1593/2776
f 2718/1534/2717 2717/1533/2716 2872/1688/2871
f 2872/1688/2871 2745/1561/2744 2718/1534/2717
f 2718/1534/2717 2709/1527/2710 2710/1526/2709
f 2710/1526/2709 2717/1533/2716 2718/1534/2717
f 2889/1704/2887 2888/1705/2888 2821/1637/2820
f 2890/1706/2889 2833/1650/2833 2834/1649/2832
f 2858/1674/2857 2892/1707/2890 2891/1708/2891
f 2891/1708/2891 2857/1671/2854 2858/1674/2857
f 2894/1709/2892 2893/1710/2893 2869/1685/2868
f 2869/1685/2868 2875/1691/2874 2894/1709/2892
f 2895/1711/2894 2894/1709/2892 2875/1691/2874
f 2875/1691/2874 2876/1690/2873 2895/1711/2894
f 2898/1712/2895 2897/1713/2896 2896/1714/2897
f 2896/1714/2897 2899/1715/2898 2898/1712/2895
f 2900/1716/2899 2895/1711/2894 2876/1690/2873
f 2876/1690/2873 2882/1699/2882 2900/1716/2899
f 2897/1713/2896 2902/1717/2900 2901/1718/2901
f 2901/1718/2901 2903/1719/2902 2897/1713/2896
f 2904/1720/2903 2896/1714/2897 2897/1713/2896
f 2897/1713/2896 2903/1719/2902 2904/1720/2903
f 2906/1721/2904 2905/1722/2905 2889/1704/2887
f 2889/1704/2887 2907/1723/2906 2906/1721/2904
f 2907/1723/2906 2908/1724/2907 2741/1559/2742
f 2741/1559/2742 2906/1721/2904 2907/1723/2906
f 2744/1560/2743 2741/1559/2742 2908/1724/2907
f 2908/1724/2907 2909/1725/2908 2744/1560/2743
f 2910/1726/2909 2736/1550/2733 2813/1629/2812
f 2907/1723/2906 2889/1704/2887 2821/1637/2820
f 2821/1637/2820 2759/1575/2758 2907/1723/2906
f 2909/1725/2908 2908/1724/2907 2729/1545/2728
f 2729/1545/2728 2726/1544/2727 2909/1725/2908
f 2737/1554/2737 2736/1550/2733 2910/1726/2909
f 2759/1575/2758 2729/1545/2728 2908/1724/2907
f 2908/1724/2907 2907/1723/2906 2759/1575/2758
f 2902/1717/2900 2912/1727/2910 2911/1728/2911
f 2911/1728/2911 2913/1729/2912 2902/1717/2900
f 2914/1730/2913 2731/1547/2730 2913/1729/2912
f 2913/1729/2912 2911/1728/2911 2914/1730/2913
f 2768/1582/2765 2765/1581/2764 2763/1580/2763
f 2763/1580/2763 2767/1583/2766 2768/1582/2765
f 2917/1731/2914 2916/1732/2915 2915/1733/2916
f 2915/1733/2916 2918/1734/2917 2917/1731/2914
f 2734/1552/2735 2754/1570/2753 2736/1550/2733
f 2760/1577/2760 2755/1572/2755 2725/1541/2724
f 2725/1541/2724 2722/1540/2723 2760/1577/2760
f 2803/1619/2802 2920/1735/2918 2919/1736/2919
f 2919/1736/2919 2802/1616/2799 2803/1619/2802
f 2802/1616/2799 2919/1736/2919 2815/1631/2814
f 2815/1631/2814 2750/1564/2747 2802/1616/2799
f 2921/1737/2920 2881/1696/2879 2863/1679/2862
f 2863/1679/2862 2922/1738/2921 2921/1737/2920
f 2923/1739/2922 2794/1610/2793 2795/1609/2792
f 2795/1609/2792 2924/1740/2923 2923/1739/2922
f 2927/1741/2924 2926/1742/2925 2925/1743/2926
f 2925/1743/2926 2928/1744/2927 2927/1741/2924
f 2888/1705/2888 2930/1745/2928 2929/1746/2929
f 2929/1746/2929 2931/1747/2930 2888/1705/2888
f 2795/1609/2792 2822/1640/2823 2932/1748/2931
f 2932/1748/2931 2924/1740/2923 2795/1609/2792
f 2822/1640/2823 2823/1639/2822 2933/1749/2932
f 2933/1749/2932 2932/1748/2931 2822/1640/2823
f 2934/1750/2933 2820/1636/2819 2821/1637/2820
f 2821/1637/2820 2935/1751/2934 2934/1750/2933
f 2823/1639/2822 2825/1642/2825 2936/1752/2935
f 2936/1752/2935 2933/1749/2932 2823/1639/2822
f 2937/1753/2936 2890/1706/2889 2834/1649/2832
f 2834/1649/2832 2836/1652/2835 2937/1753/2936
f 2863/1679/2862 2939/1754/2937 2938/1755/2938
f 2938/1755/2938 2922/1738/2921 2863/1679/2862
f 2940/1756/2939 2927/1741/2924 2928/1744/2927
f 2928/1744/2927 2941/1757/2940 2940/1756/2939
f 2939/1754/2937 2857/1671/2854 2942/1758/2941
f 2942/1758/2941 2938/1755/2938 2939/1754/2937
f 2857/1671/2854 2891/1708/2891 2943/1759/2942
f 2943/1759/2942 2942/1758/2941 2857/1671/2854
f 2904/1720/2903 2903/1719/2902 2944/1760/2943
f 2944/1760/2943 2945/1761/2944 2904/1720/2903
f 2946/1762/2945 2819/1635/2818 2820/1636/2819
f 2820/1636/2819 2934/1750/2933 2946/1762/2945
f 2803/1619/2802 2800/1618/2801 2753/1569/2752
f 2753/1569/2752 2723/1539/2722 2803/1619/2802
f 2753/1569/2752 2800/1618/2801 2817/1634/2817
f 2817/1634/2817 2947/1763/2946 2753/1569/2752
f 2905/1722/2905 2948/1764/2947 2888/1705/2888
f 2888/1705/2888 2889/1704/2887 2905/1722/2905
f 2920/1735/2918 2803/1619/2802 2723/1539/2722
f 2723/1539/2722 2724/1538/2721 2920/1735/2918
f 2825/1642/2825 2819/1635/2818 2946/1762/2945
f 2946/1762/2945 2936/1752/2935 2825/1642/2825
f 2888/1705/2888 2931/1747/2930 2935/1751/2934
f 2935/1751/2934 2821/1637/2820 2888/1705/2888
f 2776/1592/2775 2774/1591/2774 2949/1765/2948
f 2949/1765/2948 2950/1766/2949 2776/1592/2775
f 2953/1767/2950 2952/1768/2951 2951/1769/2952
f 2951/1769/2952 2954/1770/2953 2953/1767/2950
f 2764/1579/2762 2780/1597/2780 2733/1549/2732
f 2733/1549/2732 2730/1548/2731 2764/1579/2762
f 2731/1547/2730 2732/1546/2729 2955/1771/2954
f 2955/1771/2954 2913/1729/2912 2731/1547/2730
f 2764/1579/2762 2782/1598/2781 2780/1597/2780
f 2955/1771/2954 2957/1772/2955 2956/1773/2956
f 2956/1773/2956 2901/1718/2901 2955/1771/2954
f 2779/1595/2778 2777/1594/2777 2733/1549/2732
f 2733/1549/2732 2780/1597/2780 2779/1595/2778
f 2960/1774/2957 2959/1775/2958 2958/1776/2959
f 2962/1777/2960 2961/1778/2961 2955/1771/2954
f 2955/1771/2954 2732/1546/2729 2962/1777/2960
f 2958/1776/2959 2964/1779/2962 2963/1780/2963
f 2963/1780/2963 2965/1781/2964 2958/1776/2959
f 2961/1778/2961 2950/1766/2949 2966/1782/2965
f 2966/1782/2965 2957/1772/2955 2961/1778/2961
f 2776/1592/2775 2950/1766/2949 2961/1778/2961
f 2961/1778/2961 2962/1777/2960 2776/1592/2775
f 2775/1590/2773 2778/1593/2776 2771/1587/2770
f 2771/1587/2770 2772/1586/2769 2775/1590/2773
f 2968/1783/2966 2967/1784/2967 2887/1703/2886
f 2887/1703/2886 2969/1785/2968 2968/1783/2966
f 2778/1593/2776 2887/1703/2886 2967/1784/2967
f 2967/1784/2967 2771/1587/2770 2778/1593/2776
f 2949/1765/2948 2952/1768/2951 2970/1786/2969
f 2970/1786/2969 2950/1766/2949 2949/1765/2948
f 2789/1603/2786 2809/1625/2808 2835/1651/2834
f 2835/1651/2834 2788/1604/2787 2789/1603/2786
f 2971/1787/2970 2774/1591/2774 2772/1586/2769
f 2772/1586/2769 2773/1589/2772 2971/1787/2970
f 2812/1628/2811 2790/1606/2789 2787/1605/2788
f 2787/1605/2788 2839/1655/2838 2812/1628/2811
f 2763/1580/2763 2914/1730/2913 2792/1607/2790
f 2792/1607/2790 2767/1583/2766 2763/1580/2763
f 2836/1652/2835 2835/1651/2834 2809/1625/2808
f 2809/1625/2808 2972/1788/2971 2836/1652/2835
f 2766/1584/2767 2791/1608/2791 2812/1628/2811
f 2812/1628/2811 2839/1655/2838 2766/1584/2767
f 2731/1547/2730 2914/1730/2913 2763/1580/2763
f 2763/1580/2763 2730/1548/2731 2731/1547/2730
f 2954/1770/2953 2951/1769/2952 2973/1789/2972
f 2973/1789/2972 2974/1790/2973 2954/1770/2953
f 2777/1594/2777 2962/1777/2960 2732/1546/2729
f 2732/1546/2729 2733/1549/2732 2777/1594/2777
f 2775/1590/2773 2776/1592/2775 2962/1777/2960
f 2962/1777/2960 2777/1594/2777 2775/1590/2773
f 2774/1591/2774 2951/1769/2952 2952/1768/2951
f 2952/1768/2951 2949/1765/2948 2774/1591/2774
f 2971/1787/2970 2973/1789/2972 2951/1769/2952
f 2951/1769/2952 2774/1591/2774 2971/1787/2970
f 2789/1603/2786 2790/1606/2789 2810/1627/2810
f 2810/1627/2810 2797/1614/2797 2789/1603/2786
f 2975/1791/2974 2827/1643/2826 2794/1610/2793
f 2794/1610/2793 2923/1739/2922 2975/1791/2974
f 2833/1650/2833 2838/1653/2836 2787/1605/2788
f 2787/1605/2788 2788/1604/2787 2833/1650/2833
f 2967/1784/2967 2968/1783/2966 2976/1792/2975
f 2976/1792/2975 2770/1588/2771 2771/1587/2770
f 2771/1587/2770 2967/1784/2967 2976/1792/2975
f 2842/1658/2841 2838/1653/2836 2833/1650/2833
f 2833/1650/2833 2890/1706/2889 2842/1658/2841
f 2773/1589/2772 2925/1743/2926 2973/1789/2972
f 2973/1789/2972 2971/1787/2970 2773/1589/2772
f 2930/1745/2928 2888/1705/2888 2948/1764/2947
f 2948/1764/2947 2977/1793/2976 2930/1745/2928
f 2902/1717/2900 2897/1713/2896 2898/1712/2895
f 2898/1712/2895 2978/1794/2977 2902/1717/2900
f 2903/1719/2902 2901/1718/2901 2956/1773/2956
f 2956/1773/2956 2944/1760/2943 2903/1719/2902
f 2915/1733/2916 2916/1732/2915 2898/1712/2895
f 2898/1712/2895 2899/1715/2898 2915/1733/2916
f 2814/1630/2813 2911/1728/2911 2912/1727/2910
f 2912/1727/2910 2749/1565/2748 2814/1630/2813
f 2911/1728/2911 2814/1630/2813 2914/1730/2913
f 2812/1628/2811 2791/1608/2791 2824/1638/2821
f 2824/1638/2821 2811/1626/2809 2812/1628/2811
f 2791/1608/2791 2792/1607/2790 2826/1641/2824
f 2826/1641/2824 2824/1638/2821 2791/1608/2791
f 2792/1607/2790 2815/1631/2814 2979/1795/2978
f 2979/1795/2978 2826/1641/2824 2792/1607/2790
f 2977/1793/2976 2880/1697/2880 2881/1696/2879
f 2881/1696/2879 2930/1745/2928 2977/1793/2976
f 2930/1745/2928 2881/1696/2879 2921/1737/2920
f 2921/1737/2920 2929/1746/2929 2930/1745/2928
f 2761/1576/2759 2752/1568/2751 2742/1558/2741
f 2742/1558/2741 2743/1557/2740 2761/1576/2759
f 2947/1763/2946 2742/1558/2741 2752/1568/2751
f 2752/1568/2751 2753/1569/2752 2947/1763/2946
f 2980/1796/2979 2900/1716/2899 2882/1699/2882
f 2882/1699/2882 2883/1698/2881 2866/1682/2865
f 2866/1682/2865 2847/1665/2848 2882/1699/2882
f 2902/1717/2900 2913/1729/2912 2955/1771/2954
f 2955/1771/2954 2901/1718/2901 2902/1717/2900
f 2863/1679/2862 2860/1678/2861 2981/1797/2980
f 2981/1797/2980 2939/1754/2937 2863/1679/2862
f 2981/1797/2980 2856/1672/2855 2857/1671/2854
f 2857/1671/2854 2939/1754/2937 2981/1797/2980
f 2720/1536/2719 2713/1531/2714 2714/1530/2713
f 2714/1530/2713 2982/1798/2981 2720/1536/2719
f 2713/1531/2714 2720/1536/2719 2707/1524/2707
f 2707/1524/2707 2716/1532/2715 2713/1531/2714
f 2716/1532/2715 2707/1524/2707 2708/1523/2706
f 2708/1523/2706 2844/1659/2842 2716/1532/2715
f 2947/1763/2946 2817/1634/2817 2905/1722/2905
f 2905/1722/2905 2906/1721/2904 2947/1763/2946
f 2818/1633/2816 2977/1793/2976 2948/1764/2947
f 2906/1721/2904 2741/1559/2742 2742/1558/2741
f 2742/1558/2741 2947/1763/2946 2906/1721/2904
f 2880/1697/2880 2977/1793/2976 2818/1633/2816
f 2818/1633/2816 2850/1666/2849 2880/1697/2880
f 2811/1626/2809 2796/1612/2795 2810/1627/2810
f 2807/1623/2806 2984/1799/2982 2983/1800/2983
f 2975/1791/2974 2986/1801/2984 2985/1802/2985
f 2985/1802/2985 2827/1643/2826 2975/1791/2974
f 2987/1803/2986 2849/1663/2846 2801/1617/2800
f 2801/1617/2800 2751/1567/2750 2987/1803/2986
f 2850/1666/2849 2818/1633/2816 2801/1617/2800
f 2801/1617/2800 2849/1663/2846 2850/1666/2849
f 2848/1664/2847 2980/1796/2979 2882/1699/2882
f 2882/1699/2882 2847/1665/2848 2848/1664/2847
f 2987/1803/2986 2988/1804/2987 2916/1732/2915
f 2916/1732/2915 2917/1731/2914 2987/1803/2986
f 2918/1734/2917 2980/1796/2979 2848/1664/2847
f 2848/1664/2847 2917/1731/2914 2918/1734/2917
f 2989/1805/2988 2798/1613/2796 2985/1802/2985
f 2985/1802/2985 2986/1801/2984 2989/1805/2988
f 2806/1624/2807 2807/1623/2806 2983/1800/2983
f 2989/1805/2988 2972/1788/2971 2809/1625/2808
f 2809/1625/2808 2798/1613/2796 2989/1805/2988
f 2959/1775/2958 2960/1774/2957 2784/1600/2783
f 2784/1600/2783 2785/1599/2782 2959/1775/2958
f 2829/1645/2828 2782/1598/2781 2764/1579/2762
f 2764/1579/2762 2765/1581/2764 2829/1645/2828
f 2964/1779/2962 2958/1776/2959 2959/1775/2958
f 2959/1775/2958 2990/1806/2989 2964/1779/2962
f 2805/1621/2804 2804/1620/2803 2991/1807/2990
f 2991/1807/2990 2979/1795/2978 2805/1621/2804
f 2804/1620/2803 2762/1578/2761 2816/1632/2815
f 2816/1632/2815 2991/1807/2990 2804/1620/2803
f 2825/1642/2825 2991/1807/2990 2816/1632/2815
f 2816/1632/2815 2819/1635/2818 2825/1642/2825
f 2991/1807/2990 2825/1642/2825 2826/1641/2824
f 2826/1641/2824 2979/1795/2978 2991/1807/2990
f 2792/1607/2790 2914/1730/2913 2814/1630/2813
f 2814/1630/2813 2815/1631/2814 2792/1607/2790
f 2724/1538/2721 2805/1621/2804 2979/1795/2978
f 2979/1795/2978 2920/1735/2918 2724/1538/2721
f 2815/1631/2814 2919/1736/2919 2920/1735/2918
f 2920/1735/2918 2979/1795/2978 2815/1631/2814
f 2970/1786/2969 2992/1808/2991 2966/1782/2965
f 2966/1782/2965 2950/1766/2949 2970/1786/2969
f 2952/1768/2951 2953/1767/2950 2992/1808/2991
f 2992/1808/2991 2970/1786/2969 2952/1768/2951
f 2925/1743/2926 2926/1742/2925 2974/1790/2973
f 2974/1790/2973 2973/1789/2972 2925/1743/2926
f 2968/1783/2966 2941/1757/2940 2976/1792/2975
f 2770/1588/2771 2976/1792/2975 2941/1757/2940
f 2941/1757/2940 2928/1744/2927 2770/1588/2771
f 2925/1743/2926 2773/1589/2772 2770/1588/2771
f 2770/1588/2771 2928/1744/2927 2925/1743/2926
f 2961/1778/2961 2957/1772/2955 2955/1771/2954
f 2993/1809/2992 2968/1783/2966 2969/1785/2968
f 2969/1785/2968 2994/1810/2993 2993/1809/2992
f 2968/1783/2966 2993/1809/2992 2940/1756/2939
f 2940/1756/2939 2941/1757/2940 2968/1783/2966
f 2959/1775/2958 2785/1599/2782 2995/1811/2994
f 2995/1811/2994 2990/1806/2989 2959/1775/2958
f 2996/1812/2995 2990/1806/2989 2995/1811/2994
f 2785/1599/2782 2786/1602/2785 2997/1813/2996
f 2997/1813/2996 2995/1811/2994 2785/1599/2782
f 2995/1811/2994 2997/1813/2996 2998/1814/2997
f 2998/1814/2997 2996/1812/2995 2995/1811/2994
f 2727/1543/2726 2728/1542/2725 2762/1578/2761
f 2817/1634/2817 2818/1633/2816 2948/1764/2947
f 2948/1764/2947 2905/1722/2905 2817/1634/2817
f 2699/1517/2700 2873/1689/2872 2872/1688/2871
f 2872/1688/2871 2717/1533/2716 2699/1517/2700
f 2748/1566/2749 2988/1804/2987 2987/1803/2986
f 2987/1803/2986 2751/1567/2750 2748/1566/2749
f 2988/1804/2987 2748/1566/2749 2978/1794/2977
f 2748/1566/2749 2749/1565/2748 2912/1727/2910
f 2912/1727/2910 2978/1794/2977 2748/1566/2749
f 2978/1794/2977 2912/1727/2910 2902/1717/2900
f 2848/1664/2847 2987/1803/2986 2917/1731/2914
f 2988/1804/2987 2978/1794/2977 2898/1712/2895
f 2898/1712/2895 2916/1732/2915 2988/1804/2987
f 2848/1664/2847 2849/1663/2846 2987/1803/2986
f 3001/1815/2998 3000/1816/2999 2999/1817/3000
f 3004/1818/3001 3003/1819/3002 3002/1820/3003
f 3002/1820/3003 3005/1821/3004 3004/1818/3001
f 3008/1822/3005 3007/1823/3006 3006/1824/3007
f 3006/1824/3007 3009/1825/3008 3008/1822/3005
f 3000/1816/2999 3001/1815/2998 3010/1826/3009
f 3010/1826/3009 3011/1827/3010 3000/1816/2999
f 3014/1828/3011 3013/1829/3012 3012/1830/3013
f 3012/1830/3013 3015/1831/3014 3014/1828/3011
f 3017/1832/3015 3016/1833/3016 3003/1819/3002
f 3003/1819/3002 3010/1826/3009 3017/1832/3015
f 3019/1834/3017 3015/1831/3014 3018/1835/3018
f 3018/1835/3018 3020/1836/3019 3019/1834/3017
f 3020/1836/3019 3018/1835/3018 3007/1823/3006
f 3007/1823/3006 3008/1822/3005 3020/1836/3019
f 3009/1825/3008 3006/1824/3007 2999/1817/3000
f 2999/1817/3000 3000/1816/2999 3009/1825/3008
f 2999/1817/3000 3022/1837/3020 3021/1838/3021
f 3021/1838/3021 3001/1815/2998 2999/1817/3000
f 3023/1839/3022 3002/1820/3003 3003/1819/3002
f 3003/1819/3002 3016/1833/3016 3023/1839/3022
f 3024/1840/3023 3006/1824/3007 3007/1823/3006
f 3007/1823/3006 3025/1841/3024 3024/1840/3023
f 3021/1838/3021 3017/1832/3015 3010/1826/3009
f 3010/1826/3009 3001/1815/2998 3021/1838/3021
f 3015/1831/3014 3019/1834/3017 3026/1842/3025
f 3026/1842/3025 3014/1828/3011 3015/1831/3014
f 3003/1819/3002 3004/1818/3001 3011/1827/3010
f 3011/1827/3010 3010/1826/3009 3003/1819/3002
f 3027/1843/3026 3018/1835/3018 3015/1831/3014
f 3015/1831/3014 3012/1830/3013 3027/1843/3026
f 3025/1841/3024 3007/1823/3006 3018/1835/3018
f 3018/1835/3018 3027/1843/3026 3025/1841/3024
f 3006/1824/3007 3024/1840/3023 3028/1844/3027
f 3013/1829/3012 3030/1845/3028 3029/1846/3029
f 3029/1846/3029 3012/1830/3013 3013/1829/3012
f 3017/1832/3015 3032/1847/3030 3031/1848/3031
f 3031/1848/3031 3016/1833/3016 3017/1832/3015
f 3022/1837/3020 3034/1849/3032 3033/1850/3033
f 3033/1850/3033 3021/1838/3021 3022/1837/3020
f 3016/1833/3016 3031/1848/3031 3035/1851/3034
f 3035/1851/3034 3023/1839/3022 3016/1833/3016
f 3025/1841/3024 3037/1852/3035 3036/1853/3036
f 3036/1853/3036 3024/1840/3023 3025/1841/3024
f 3021/1838/3021 3033/1850/3033 3032/1847/3030
f 3032/1847/3030 3017/1832/3015 3021/1838/3021
f 3012/1830/3013 3029/1846/3029 3038/1854/3037
f 3038/1854/3037 3027/1843/3026 3012/1830/3013
f 3027/1843/3026 3038/1854/3037 3037/1852/3035
f 3037/1852/3035 3025/1841/3024 3027/1843/3026
f 3036/1853/3036 3039/1855/3038 3028/1844/3027
f 3028/1844/3027 3024/1840/3023 3036/1853/3036
f 3008/1822/3005 3041/1856/3039 3040/1857/3040
f 3040/1857/3040 3020/1836/3019 3008/1822/3005
f 3020/1836/3019 3040/1857/3040 3042/1858/3041
f 3042/1858/3041 3019/1834/3017 3020/1836/3019
f 3019/1834/3017 3042/1858/3041 3043/1859/3042
f 3043/1859/3042 3026/1842/3025 3019/1834/3017
f 3011/1827/3010 3045/1860/3043 3044/1861/3044
f 3044/1861/3044 3000/1816/2999 3011/1827/3010
f 3004/1818/3001 3046/1862/3045 3045/1860/3043
f 3045/1860/3043 3011/1827/3010 3004/1818/3001
f 3009/1825/3008 3047/1863/3046 3041/1856/3039
f 3041/1856/3039 3008/1822/3005 3009/1825/3008
f 3000/1816/2999 3044/1861/3044 3047/1863/3046
f 3047/1863/3046 3009/1825/3008 3000/1816/2999
f 3005/1821/3004 3048/1864/3047 3046/1862/3045
f 3046/1862/3045 3004/1818/3001 3005/1821/3004
f 3051/1865/3048 3050/1866/3049 3049/1867/3050
f 3049/1867/3050 3052/1868/3051 3051/1865/3048
f 3050/1866/3049 3051/1865/3048 3053/1869/3052
f 3053/1869/3052 3054/1870/3053 3050/1866/3049
f 3057/1871/3054 3056/1872/3055 3055/1873/3056
f 3055/1873/3056 3058/1874/3057 3057/1871/3054
f 3059/1875/3058 3057/1871/3054 3058/1874/3057
f 3058/1874/3057 3060/1876/3059 3059/1875/3058
f 3056/1872/3055 3050/1866/3049 3054/1870/3053
f 3054/1870/3053 3055/1873/3056 3056/1872/3055
f 3056/1872/3055 3057/1871/3054 3061/1877/3060
f 3061/1877/3060 3062/1878/3061 3056/1872/3055
f 3057/1871/3054 3059/1875/3058 3063/1879/3062
f 3063/1879/3062 3061/1877/3060 3057/1871/3054
f 3050/1866/3049 3056/1872/3055 3062/1878/3061
f 3062/1878/3061 3049/1867/3050 3050/1866/3049
f 3064/1880/3063 3054/1870/3053 3053/1869/3052
f 3053/1869/3052 3065/1881/3064 3064/1880/3063
f 3058/1874/3057 3067/1882/3065 3066/1883/3066
f 3066/1883/3066 3060/1876/3059 3058/1874/3057
f 3068/1884/3067 3055/1873/3056 3054/1870/3053
f 3054/1870/3053 3064/1880/3063 3068/1884/3067
f 3055/1873/3056 3068/1884/3067 3067/1882/3065
f 3067/1882/3065 3058/1874/3057 3055/1873/3056
f 3039/1855/3038 3034/1849/3032 3022/1837/3020
f 3022/1837/3020 3028/1844/3027 3039/1855/3038
f 2999/1817/3000 3006/1824/3007 3028/1844/3027
f 3028/1844/3027 3022/1837/3020 2999/1817/3000
f 2822/1640/2823 2795/1609/2792 2796/1612/2795
f 2796/1612/2795 2811/1626/2809 2822/1640/2823
f 2807/1623/2806 2808/1622/2805 2984/1799/2982
f 2802/1616/2799 2750/1564/2747 2751/1567/2750
f 2751/1567/2750 2801/1617/2800 2802/1616/2799
f 3071/1885/3068 3070/1886/3069 3069/1887/3070
f 3069/1887/3070 3072/1888/3071 3071/1885/3068
f 3074/1889/3072 3073/1890/3073 3069/1887/3070
f 3069/1887/3070 3070/1886/3069 3074/1889/3072
f 3076/1891/3074 3075/1892/3075 3073/1890/3073
f 3073/1890/3073 3074/1889/3072 3076/1891/3074
f 3071/1885/3068 3078/1893/3076 3077/1894/3077
f 3077/1894/3077 3070/1886/3069 3071/1885/3068
f 3070/1886/3069 3077/1894/3077 3079/1895/3078
f 3079/1895/3078 3074/1889/3072 3070/1886/3069
f 3074/1889/3072 3079/1895/3078 3080/1896/3079
f 3080/1896/3079 3076/1891/3074 3074/1889/3072
f 3076/1891/3074 3082/1897/3080 3081/1898/3081
f 3081/1898/3081 3075/1892/3075 3076/1891/3074
f 3082/1897/3080 3076/1891/3074 3080/1896/3079
f 3080/1896/3079 3083/1899/3082 3082/1897/3080
f 2604/1422/2605 2605/1421/2604 2614/1430/2613
f 2605/1421/2604 2621/1437/2620 3084/1900/3083
f 3084/1900/3083 2614/1430/2613 2605/1421/2604
f 3084/1900/3083 3085/1901/3084 2613/1428/2611
f 2613/1428/2611 2614/1430/2613 3084/1900/3083
f 3087/1183/3085 3086/1186/3086 2322/1185/2324
f 2322/1185/2324 2323/1184/2323 3087/1183/3085
f 3090/1187/3087 3089/1190/3088 3088/1189/3089
f 3088/1189/3089 3091/1188/3090 3090/1187/3087
f 3094/1191/3091 3093/1193/3092 3092/1192/3093
f 3096/1194/3094 3095/1196/3095 3090/1187/3087
f 3090/1187/3087 3097/1195/3096 3096/1194/3094
f 2338/1197/2336 2339/1200/2339 3098/1199/3097
f 3098/1199/3097 3099/1198/3098 2338/1197/2336
f 3101/1201/3099 3100/1183/3100 2340/1184/2342
f 2340/1184/2342 2341/1202/2341 3101/1201/3099
f 3104/1203/3101 3103/1206/3102 3102/1205/3103
f 3102/1205/3103 3105/1204/3104 3104/1203/3101
f 3088/1189/3089 3089/1190/3088 3106/1207/3105
f 3109/1208/3106 3108/1210/3107 3107/1209/3108
f 3104/1203/3101 3097/1195/3096 3110/1211/3109
f 3110/1211/3109 3103/1206/3102 3104/1203/3101
f 3113/1212/3110 3112/1215/3111 3111/1214/3112
f 3111/1214/3112 3114/1213/3113 3113/1212/3110
f 3116/1216/3114 3115/1217/3115 3111/1214/3112
f 3111/1214/3112 3112/1215/3111 3116/1216/3114
f 3119/1218/3116 3118/1221/3117 3117/1220/3118
f 3117/1220/3118 3120/1219/3119 3119/1218/3116
f 3123/1222/3120 3122/1225/3121 3121/1224/3122
f 3121/1224/3122 3124/1223/3123 3123/1222/3120
f 3127/1226/3124 3126/1229/3125 3125/1228/3126
f 3125/1228/3126 3128/1227/3127 3127/1226/3124
f 3131/1230/3128 3130/1232/3129 3129/1231/3130
f 3131/1230/3128 3132/1233/3131 3130/1232/3129
f 3124/1223/3123 3134/1235/3132 3133/1234/3133
f 3117/1220/3118 3135/1236/3134 3120/1219/3119
f 3135/1236/3134 3137/1238/3135 3136/1237/3136
f 3136/1237/3136 3120/1219/3119 3135/1236/3134
f 3140/1239/3137 3139/1242/3138 3138/1241/3139
f 3138/1241/3139 3141/1240/3140 3140/1239/3137
f 3140/1239/3137 3143/1244/3141 3142/1243/3142
f 3145/1245/3143 3144/1246/3144 3143/1244/3141
f 3146/1247/3145 3123/1222/3120 3124/1223/3123
f 3124/1223/3123 3133/1234/3133 3146/1247/3145
f 3114/1213/3113 3147/1248/3146 3113/1212/3110
f 3148/1249/3147 3139/1242/3138 3140/1239/3137
f 3140/1239/3137 3149/1250/3148 3148/1249/3147
f 3152/1251/3149 3151/1254/3150 3150/1253/3151
f 3150/1253/3151 3153/1252/3152 3152/1251/3149
f 3153/1252/3152 3155/1256/3153 3154/1255/3154
f 3154/1255/3154 3152/1251/3149 3153/1252/3152
f 3099/1198/3098 3093/1193/3092 3094/1191/3091
f 3094/1191/3091 3156/1257/3155 3099/1198/3098
f 3159/1258/3156 3158/1260/3157 3157/1259/3158
f 3162/1261/3159 3161/1260/3160 3160/1258/3161
f 3165/1262/3162 3164/1264/3163 3163/1263/3164
f 3168/1265/3165 3167/1264/3166 3166/1262/3167
f 3169/1266/3168 3115/1217/3115 3116/1216/3114
f 3172/1267/3169 3171/1270/3170 3170/1269/3171
f 3170/1269/3171 3173/1268/3172 3172/1267/3169
f 3176/1263/3173 3175/1264/3174 3174/1271/3175
f 3179/1272/3176 3178/1274/3177 3177/1273/3178
f 3182/1272/3179 3181/1275/3180 3180/1274/3181
f 3185/1276/3182 3184/1278/3183 3183/1277/3184
f 3188/1276/3185 3187/1279/3186 3186/1278/3187
f 3191/1280/3188 3190/1282/3189 3189/1281/3190
f 3194/1276/3191 3193/1277/3192 3192/1283/3193
f 3197/1284/3194 3196/1287/3195 3195/1286/3196
f 3195/1286/3196 3198/1285/3197 3197/1284/3194
f 3195/1286/3196 3200/1289/3198 3199/1288/3199
f 3199/1288/3199 3198/1285/3197 3195/1286/3196
f 3201/1290/3200 3143/1244/3141 3140/1239/3137
f 3140/1239/3137 3141/1240/3140 3201/1290/3200
f 3204/1291/3201 3203/1293/3202 3202/1292/3203
f 3205/1294/3204 3170/1269/3171 3171/1270/3170
f 3171/1270/3170 3206/1295/3205 3205/1294/3204
f 3173/1268/3172 3170/1269/3171 3108/1210/3107
f 3108/1210/3107 3109/1208/3106 3173/1268/3172
f 3207/1296/3206 3108/1210/3107 3170/1269/3171
f 3170/1269/3171 3205/1294/3204 3207/1296/3206
f 3209/1297/3207 3208/1298/3208 3108/1210/3107
f 3108/1210/3107 3207/1296/3206 3209/1297/3207
f 3211/1299/3209 3210/1300/3210 3114/1213/3113
f 3114/1213/3113 3111/1214/3112 3211/1299/3209
f 3152/1251/3149 3114/1213/3113 3210/1300/3210
f 3210/1300/3210 3151/1254/3150 3152/1251/3149
f 3154/1255/3154 3147/1248/3146 3114/1213/3113
f 3114/1213/3113 3152/1251/3149 3154/1255/3154
f 3212/1301/3211 3206/1295/3205 3171/1270/3170
f 3169/1266/3168 3106/1207/3105 3089/1190/3088
f 3089/1190/3088 3115/1217/3115 3169/1266/3168
f 3213/1302/3212 3107/1209/3108 3108/1210/3107
f 3108/1210/3107 3208/1298/3208 3213/1302/3212
f 3216/1303/3213 3215/1204/3214 3214/1205/3215
f 3214/1205/3215 3217/1304/3216 3216/1303/3213
f 3219/1201/3217 3218/1305/3218 3104/1203/3101
f 3099/1198/3098 3098/1199/3097 3220/1306/3219
f 3220/1306/3219 3093/1193/3092 3099/1198/3098
f 3101/1201/3099 3222/1203/3220 3221/1204/3221
f 3221/1204/3221 3100/1183/3100 3101/1201/3099
f 3122/1225/3121 3123/1222/3120 3119/1218/3116
f 3119/1218/3116 3120/1219/3119 3223/1307/3222
f 3223/1307/3222 3122/1225/3121 3119/1218/3116
f 3225/1308/3223 3189/1281/3190 3224/1310/3224
f 3224/1310/3224 3226/1309/3225 3225/1308/3223
f 3228/1311/3226 3227/1312/3227 3225/1308/3223
f 3225/1308/3223 3204/1291/3201 3228/1311/3226
f 3128/1227/3127 3224/1310/3224 3229/1314/3228
f 3229/1314/3228 3230/1313/3229 3128/1227/3127
f 3189/1281/3190 3229/1314/3228 3224/1310/3224
f 3126/1229/3125 3127/1226/3124 3230/1313/3229
f 3230/1313/3229 3231/1315/3230 3126/1229/3125
f 3230/1313/3229 3127/1226/3124 3128/1227/3127
f 3223/1307/3222 3120/1219/3119 3136/1237/3136
f 3136/1237/3136 3232/1316/3231 3223/1307/3222
f 3145/1245/3143 3136/1237/3136 3137/1238/3135
f 3157/1259/3158 3234/1317/3232 3233/1191/3233
f 3233/1191/3233 3159/1258/3156 3157/1259/3158
f 3236/1191/3234 3235/1192/3235 3162/1261/3159
f 3162/1261/3159 3160/1258/3161 3236/1191/3234
f 3163/1263/3164 3238/1195/3236 3237/1187/3237
f 3237/1187/3237 3165/1262/3162 3163/1263/3164
f 3240/1187/3238 3239/1188/3239 3168/1265/3165
f 3168/1265/3165 3166/1262/3167 3240/1187/3238
f 3242/1211/3240 3241/1195/3241 3176/1263/3173
f 3176/1263/3173 3174/1271/3175 3242/1211/3240
f 3145/1245/3143 3143/1244/3141 3136/1237/3136
f 3143/1244/3141 3201/1290/3200 3232/1316/3231
f 3232/1316/3231 3136/1237/3136 3143/1244/3141
f 3203/1293/3202 3204/1291/3201 3225/1308/3223
f 3225/1308/3223 3226/1309/3225 3203/1293/3202
f 3138/1241/3139 3139/1242/3138 3198/1285/3197
f 3198/1285/3197 3199/1288/3199 3138/1241/3139
f 3139/1242/3138 3148/1249/3147 3197/1284/3194
f 3197/1284/3194 3198/1285/3197 3139/1242/3138
f 2486/1318/2485 3132/1233/3131 3121/1224/3122
f 3121/1224/3122 2485/1319/2486 2486/1318/2485
f 3121/1224/3122 3132/1233/3131 3124/1223/3123
f 3130/1232/3129 2488/1321/2488 2487/1320/2487
f 2487/1320/2487 3129/1231/3130 3130/1232/3129
f 3132/1233/3131 2486/1318/2485 2488/1321/2488
f 2488/1321/2488 3130/1232/3129 3132/1233/3131
f 3134/1235/3132 3124/1223/3123 3132/1233/3131
f 3132/1233/3131 3131/1230/3128 3134/1235/3132
f 3208/1298/3208 3209/1297/3207 3243/1317/3242
f 3097/1195/3096 3104/1203/3101 3218/1305/3218
f 3218/1305/3218 3096/1194/3094 3097/1195/3096
f 3244/1322/3243 3206/1295/3205 3212/1301/3211
f 3089/1190/3088 3090/1187/3087 3095/1196/3095
f 3245/1323/3244 3211/1299/3209 3111/1214/3112
f 3111/1214/3112 3115/1217/3115 3245/1323/3244
f 3115/1217/3115 3089/1190/3088 3095/1196/3095
f 3095/1196/3095 3245/1323/3244 3115/1217/3115
f 3218/1305/3218 3219/1201/3217 2492/1202/2493
f 2492/1202/2493 2493/1324/2492 3218/1305/3218
f 3247/1325/3245 3246/1326/3246 3204/1291/3201
f 3204/1291/3201 3202/1292/3203 3247/1325/3245
f 3128/1227/3127 3125/1228/3126 2496/1328/2497
f 2496/1328/2497 2497/1327/2496 3128/1227/3127
f 3248/1329/3247 3247/1325/3245 3202/1292/3203
f 3202/1292/3203 3249/1330/3248 3248/1329/3247
f 3177/1273/3178 3178/1274/3177 3250/1313/3249
f 3250/1313/3249 3251/1314/3250 3177/1273/3178
f 3180/1274/3181 3181/1275/3180 3252/1315/3251
f 3252/1315/3251 3253/1313/3252 3180/1274/3181
f 3254/1222/3253 3183/1277/3184 3184/1278/3183
f 3184/1278/3183 3255/1218/3254 3254/1222/3253
f 3186/1278/3187 3187/1279/3186 3256/1221/3255
f 3256/1221/3255 3257/1218/3256 3186/1278/3187
f 3258/1247/3257 3192/1283/3193 3193/1277/3192
f 3193/1277/3192 3259/1222/3258 3258/1247/3257
f 3262/1183/3259 3261/1303/3260 3260/1304/3261
f 3260/1304/3261 3263/1186/3262 3262/1183/3259
f 3264/1303/3263 3100/1183/3100 3221/1204/3221
f 2517/1331/2514 2518/1334/2517 3265/1333/3264
f 3265/1333/3264 3266/1332/3265 2517/1331/2514
f 3267/1335/3266 3265/1333/3264 2518/1334/2517
f 2518/1334/2517 2519/1336/2519 3267/1335/3266
f 3268/1337/3267 2522/1338/2521 2517/1331/2514
f 2517/1331/2514 3266/1332/3265 3268/1337/3267
f 3206/1295/3205 3268/1337/3267 3266/1332/3265
f 3266/1332/3265 3205/1294/3204 3206/1295/3205
f 3266/1332/3265 3265/1333/3264 3207/1296/3206
f 3207/1296/3206 3205/1294/3204 3266/1332/3265
f 3099/1198/3098 3156/1257/3155 3267/1335/3266
f 3269/1339/3268 2524/1340/2523 2522/1338/2521
f 2522/1338/2521 3268/1337/3267 3269/1339/3268
f 3268/1337/3267 3206/1295/3205 3270/1341/3269
f 3270/1341/3269 3269/1339/3268 3268/1337/3267
f 2528/1342/2525 2529/1345/2528 3271/1344/3270
f 3271/1344/3270 3272/1343/3271 2528/1342/2525
f 3273/1346/3272 3271/1344/3270 3249/1330/3248
f 3249/1330/3248 3202/1292/3203 3273/1346/3272
f 3267/1335/3266 2519/1336/2519 2338/1197/2336
f 2338/1197/2336 3099/1198/3098 3267/1335/3266
f 2531/1347/2530 2532/1348/2531 3202/1292/3203
f 3202/1292/3203 3203/1293/3202 2531/1347/2530
f 3202/1292/3203 2532/1348/2531 3273/1346/3272
f 3226/1309/3225 3224/1310/3224 2533/1350/2533
f 2533/1350/2533 2534/1349/2532 3226/1309/3225
f 3274/1351/3273 3272/1343/3271 3271/1344/3270
f 3271/1344/3270 3273/1346/3272 3274/1351/3273
f 3274/1351/3273 2536/1352/2535 2528/1342/2525
f 2528/1342/2525 3272/1343/3271 3274/1351/3273
f 3265/1333/3264 3267/1335/3266 3209/1297/3207
f 3209/1297/3207 3207/1296/3206 3265/1333/3264
f 3267/1335/3266 3156/1257/3155 3209/1297/3207
f 3156/1257/3155 3094/1191/3091 3243/1317/3242
f 3243/1317/3242 3209/1297/3207 3156/1257/3155
f 2534/1349/2532 2531/1347/2530 3203/1293/3202
f 3203/1293/3202 3226/1309/3225 2534/1349/2532
f 3128/1227/3127 2497/1327/2496 2533/1350/2533
f 2533/1350/2533 3224/1310/3224 3128/1227/3127
f 3206/1295/3205 3244/1322/3243 3275/1353/3274
f 3275/1353/3274 3270/1341/3269 3206/1295/3205
f 3277/1354/3275 3276/1355/3276 3155/1256/3153
f 3155/1256/3153 3153/1252/3152 3277/1354/3275
f 3278/1356/3277 3277/1354/3275 3153/1252/3152
f 3153/1252/3152 3150/1253/3151 3278/1356/3277
f 3129/1231/3130 3133/1234/3133 3134/1235/3132
f 3134/1235/3132 3131/1230/3128 3129/1231/3130
f 3220/1306/3219 3098/1199/3097 3279/1357/3278
f 3280/1358/3279 3191/1280/3188 3225/1308/3223
f 3225/1308/3223 3227/1312/3227 3280/1358/3279
f 3273/1346/3272 2532/1348/2531 2536/1352/2535
f 2536/1352/2535 3274/1351/3273 3273/1346/3272
f 3142/1243/3142 3143/1244/3141 3144/1246/3144
f 3140/1239/3137 3142/1243/3142 3149/1250/3148
f 3191/1280/3188 3189/1281/3190 3225/1308/3223
f 3281/1359/3280 2546/1362/2545 2543/1361/2544
f 2543/1361/2544 3282/1360/3281 3281/1359/3280
f 3284/1363/3282 3283/1366/3283 2547/1365/2548
f 2547/1365/2548 2548/1364/2547 3284/1363/3282
f 2553/1367/2550 3286/1370/3284 3285/1369/3285
f 3285/1369/3285 2552/1368/2551 2553/1367/2550
f 2557/1371/2554 3288/1374/3286 3287/1373/3287
f 3287/1373/3287 2556/1372/2555 2557/1371/2554
f 2559/1375/2558 3289/1376/3288 3282/1360/3281
f 3282/1360/3281 2543/1361/2544 2559/1375/2558
f 2552/1368/2551 3285/1369/3285 3290/1378/3289
f 3290/1378/3289 2562/1377/2560 2552/1368/2551
f 3291/1379/3290 3281/1359/3280 3282/1360/3281
f 3282/1360/3281 3292/1380/3291 3291/1379/3290
f 3294/1381/3292 3293/1382/3293 3283/1366/3283
f 3283/1366/3283 3284/1363/3282 3294/1381/3292
f 3295/1383/3294 3291/1379/3290 3292/1380/3291
f 3292/1380/3291 3296/1384/3295 3295/1383/3294
f 3298/1385/3296 3297/1386/3297 3293/1382/3293
f 3293/1382/3293 3294/1381/3292 3298/1385/3296
f 3286/1370/3284 3295/1383/3294 3296/1384/3295
f 3296/1384/3295 3285/1369/3285 3286/1370/3284
f 3288/1374/3286 3297/1386/3297 3298/1385/3296
f 3298/1385/3296 3287/1373/3287 3288/1374/3286
f 3292/1380/3291 3282/1360/3281 3289/1376/3288
f 3285/1369/3285 3296/1384/3295 3292/1380/3291
f 3292/1380/3291 3290/1378/3289 3285/1369/3285
f 3299/1387/3298 3284/1363/3282 2548/1364/2547
f 2548/1364/2547 2571/1388/2571 3299/1387/3298
f 2556/1372/2555 3287/1373/3287 3300/1390/3299
f 3300/1390/3299 2574/1389/2572 2556/1372/2555
f 3301/1391/3300 3294/1381/3292 3284/1363/3282
f 3284/1363/3282 3299/1387/3298 3301/1391/3300
f 3302/1392/3301 3298/1385/3296 3294/1381/3292
f 3294/1381/3292 3301/1391/3300 3302/1392/3301
f 3287/1373/3287 3298/1385/3296 3302/1392/3301
f 3302/1392/3301 3300/1390/3299 3287/1373/3287
f 3303/1393/3302 2578/1394/2577 2547/1365/2548
f 2547/1365/2548 3283/1366/3283 3303/1393/3302
f 2557/1371/2554 2580/1396/2579 3304/1395/3303
f 3304/1395/3303 3288/1374/3286 2557/1371/2554
f 3305/1397/3304 3303/1393/3302 3283/1366/3283
f 3283/1366/3283 3293/1382/3293 3305/1397/3304
f 3306/1398/3305 3305/1397/3304 3293/1382/3293
f 3293/1382/3293 3297/1386/3297 3306/1398/3305
f 3288/1374/3286 3304/1395/3303 3306/1398/3305
f 3306/1398/3305 3297/1386/3297 3288/1374/3286
f 3299/1387/3298 2571/1388/2571 2546/1362/2545
f 2546/1362/2545 3281/1359/3280 3299/1387/3298
f 2574/1389/2572 3300/1390/3299 3286/1370/3284
f 3286/1370/3284 2553/1367/2550 2574/1389/2572
f 3301/1391/3300 3299/1387/3298 3281/1359/3280
f 3281/1359/3280 3291/1379/3290 3301/1391/3300
f 3302/1392/3301 3301/1391/3300 3291/1379/3290
f 3291/1379/3290 3295/1383/3294 3302/1392/3301
f 3300/1390/3299 3302/1392/3301 3295/1383/3294
f 3295/1383/3294 3286/1370/3284 3300/1390/3299
f 3307/1399/3306 2584/1400/2583 2578/1394/2577
f 2578/1394/2577 3303/1393/3302 3307/1399/3306
f 2580/1396/2579 2586/1402/2585 3308/1401/3307
f 3308/1401/3307 3304/1395/3303 2580/1396/2579
f 3309/1403/3308 3307/1399/3306 3303/1393/3302
f 3303/1393/3302 3305/1397/3304 3309/1403/3308
f 3310/1404/3309 3309/1403/3308 3305/1397/3304
f 3305/1397/3304 3306/1398/3305 3310/1404/3309
f 3304/1395/3303 3308/1401/3307 3310/1404/3309
f 3310/1404/3309 3306/1398/3305 3304/1395/3303
f 3312/1405/3310 3311/1408/3311 2589/1407/2590
f 2589/1407/2590 2590/1406/2589 3312/1405/3310
f 2589/1407/2590 3311/1408/3311 3313/1410/3312
f 3313/1410/3312 2594/1409/2592 2589/1407/2590
f 3314/1411/3313 3313/1410/3312 3311/1408/3311
f 3311/1408/3311 3315/1412/3314 3314/1411/3313
f 3315/1412/3314 3317/1414/3315 3316/1413/3316
f 3316/1413/3316 3314/1411/3313 3315/1412/3314
f 3317/1414/3315 3319/1416/3317 3318/1415/3318
f 3318/1415/3318 3316/1413/3316 3317/1414/3315
f 3320/1417/3319 3315/1412/3314 3311/1408/3311
f 3311/1408/3311 3312/1405/3310 3320/1417/3319
f 3315/1412/3314 3320/1417/3319 3321/1418/3320
f 3321/1418/3320 3317/1414/3315 3315/1412/3314
f 3317/1414/3315 3321/1418/3320 3322/1419/3321
f 3322/1419/3321 3319/1416/3317 3317/1414/3315
f 3325/1420/3322 3324/1423/3323 3323/1422/3324
f 3323/1422/3324 3326/1421/3325 3325/1420/3322
f 3327/1424/3326 2611/1427/2610 2608/1426/2609
f 2608/1426/2609 3328/1425/3327 3327/1424/3326
f 3330/1428/3328 3329/1430/3329 3323/1422/3324
f 3323/1422/3324 3331/1429/3330 3330/1428/3328
f 3325/1420/3322 3326/1421/3325 3332/1432/3331
f 3332/1432/3331 3333/1431/3332 3325/1420/3322
f 2619/1433/2616 3335/1436/3333 3334/1435/3334
f 3334/1435/3334 2618/1434/2617 2619/1433/2616
f 3332/1432/3331 3326/1421/3325 3336/1437/3335
f 3324/1423/3323 3325/1420/3322 3335/1436/3333
f 3335/1436/3333 3327/1424/3326 3324/1423/3323
f 3325/1420/3322 3333/1431/3332 3334/1435/3334
f 3334/1435/3334 3335/1436/3333 3325/1420/3322
f 3324/1423/3323 3337/1438/3336 3331/1429/3330
f 3331/1429/3330 3323/1422/3324 3324/1423/3323
f 3327/1424/3326 3335/1436/3333 2619/1433/2616
f 2619/1433/2616 2611/1427/2610 3327/1424/3326
f 3327/1424/3326 3328/1425/3327 3337/1438/3336
f 3337/1438/3336 3324/1423/3323 3327/1424/3326
f 3338/1439/3337 2626/1442/2625 2623/1441/2624
f 2623/1441/2624 3339/1440/3338 3338/1439/3337
f 3342/1443/3339 3341/1446/3340 3340/1445/3341
f 3340/1445/3341 3343/1444/3342 3342/1443/3339
f 3346/1447/3343 3345/1450/3344 3344/1449/3345
f 3344/1449/3345 3347/1448/3346 3346/1447/3343
f 3349/1451/3347 3348/1452/3348 3345/1450/3344
f 3345/1450/3344 3346/1447/3343 3349/1451/3347
f 3350/1453/3349 2640/1456/2639 2637/1455/2638
f 2637/1455/2638 3351/1454/3350 3350/1453/3349
f 3351/1454/3350 3340/1445/3341 3341/1446/3340
f 3341/1446/3340 3350/1453/3349 3351/1454/3350
f 3343/1444/3342 3347/1448/3346 3344/1449/3345
f 3344/1449/3345 3342/1443/3339 3343/1444/3342
f 3339/1440/3338 3348/1452/3348 3349/1451/3347
f 3349/1451/3347 3338/1439/3337 3339/1440/3338
f 3350/1453/3349 3341/1446/3340 3352/1458/3351
f 3352/1458/3351 3353/1457/3352 3350/1453/3349
f 2643/1459/2642 3354/1460/3353 3339/1440/3338
f 3339/1440/3338 2623/1441/2624 2643/1459/2642
f 3348/1452/3348 3339/1440/3338 3354/1460/3353
f 3354/1460/3353 3355/1461/3354 3348/1452/3348
f 3342/1443/3339 3344/1449/3345 3356/1463/3355
f 3356/1463/3355 3357/1462/3356 3342/1443/3339
f 3341/1446/3340 3342/1443/3339 3357/1462/3356
f 3357/1462/3356 3352/1458/3351 3341/1446/3340
f 3344/1449/3345 3345/1450/3344 3358/1464/3357
f 3358/1464/3357 3356/1463/3355 3344/1449/3345
f 3345/1450/3344 3348/1452/3348 3355/1461/3354
f 3355/1461/3354 3358/1464/3357 3345/1450/3344
f 2640/1456/2639 3350/1453/3349 3353/1457/3352
f 3353/1457/3352 2649/1465/2648 2640/1456/2639
f 2626/1442/2625 3338/1439/3337 3359/1467/3358
f 3359/1467/3358 2651/1466/2649 2626/1442/2625
f 3361/1468/3359 3360/1469/3360 3343/1444/3342
f 3343/1444/3342 3340/1445/3341 3361/1468/3359
f 3363/1470/3361 3362/1471/3362 3346/1447/3343
f 3346/1447/3343 3347/1448/3346 3363/1470/3361
f 3362/1471/3362 3364/1472/3363 3349/1451/3347
f 3349/1451/3347 3346/1447/3343 3362/1471/3362
f 2657/1473/2656 3365/1474/3364 3351/1454/3350
f 3351/1454/3350 2637/1455/2638 2657/1473/2656
f 3365/1474/3364 3361/1468/3359 3340/1445/3341
f 3340/1445/3341 3351/1454/3350 3365/1474/3364
f 3360/1469/3360 3363/1470/3361 3347/1448/3346
f 3347/1448/3346 3343/1444/3342 3360/1469/3360
f 3364/1472/3363 3359/1467/3358 3338/1439/3337
f 3338/1439/3337 3349/1451/3347 3364/1472/3363
f 3368/1475/3365 3367/1478/3366 3366/1477/3367
f 3366/1477/3367 3369/1476/3368 3368/1475/3365
f 3372/1479/3369 3371/1482/3370 3370/1481/3371
f 3370/1481/3371 3373/1480/3372 3372/1479/3369
f 3374/1483/3373 2670/1486/2669 2667/1485/2668
f 2667/1485/2668 3375/1484/3374 3374/1483/3373
f 3370/1481/3371 3371/1482/3370 3374/1483/3373
f 3374/1483/3373 3375/1484/3374 3370/1481/3371
f 3367/1478/3366 3368/1475/3365 3372/1479/3369
f 3372/1479/3369 3373/1480/3372 3367/1478/3366
f 3378/1487/3375 3377/1490/3376 3376/1489/3377
f 3376/1489/3377 3379/1488/3378 3378/1487/3375
f 3376/1489/3377 2676/1492/2675 2675/1491/2674
f 2675/1491/2674 3379/1488/3378 3376/1489/3377
f 3377/1490/3376 3378/1487/3375 3369/1476/3368
f 3369/1476/3368 3366/1477/3367 3377/1490/3376
f 3369/1476/3368 3378/1487/3375 3380/1494/3379
f 3380/1494/3379 3381/1493/3380 3369/1476/3368
f 3374/1483/3373 3371/1482/3370 3382/1496/3381
f 3382/1496/3381 3383/1495/3382 3374/1483/3373
f 3372/1479/3369 3368/1475/3365 3384/1498/3383
f 3384/1498/3383 3385/1497/3384 3372/1479/3369
f 2670/1486/2669 3374/1483/3373 3383/1495/3382
f 3383/1495/3382 2683/1499/2682 2670/1486/2669
f 3371/1482/3370 3372/1479/3369 3385/1497/3384
f 3385/1497/3384 3382/1496/3381 3371/1482/3370
f 3368/1475/3365 3369/1476/3368 3381/1493/3380
f 3381/1493/3380 3384/1498/3383 3368/1475/3365
f 3378/1487/3375 3379/1488/3378 3386/1500/3385
f 3386/1500/3385 3380/1494/3379 3378/1487/3375
f 3379/1488/3378 2675/1491/2674 2685/1501/2684
f 2685/1501/2684 3386/1500/3385 3379/1488/3378
f 3388/1502/3386 3387/1503/3387 3366/1477/3367
f 3366/1477/3367 3367/1478/3366 3388/1502/3386
f 3373/1480/3372 3370/1481/3371 3389/1504/3388
f 2689/1505/2688 3390/1506/3389 3375/1484/3374
f 3375/1484/3374 2667/1485/2668 2689/1505/2688
f 3390/1506/3389 3391/1507/3390 3370/1481/3371
f 3370/1481/3371 3375/1484/3374 3390/1506/3389
f 3392/1508/3391 3388/1502/3386 3367/1478/3366
f 3367/1478/3366 3373/1480/3372 3392/1508/3391
f 3376/1489/3377 3377/1490/3376 3393/1509/3392
f 2676/1492/2675 3376/1489/3377 3394/1510/3393
f 3377/1490/3376 3366/1477/3367 3395/1511/3394
f 2676/1492/2675 3394/1510/3393 2696/1512/2695
f 3394/1510/3393 3376/1489/3377 3396/1513/3395
f 3376/1489/3377 3393/1509/3392 3396/1513/3395
f 3393/1509/3392 3377/1490/3376 3397/1514/3396
f 3377/1490/3376 3395/1511/3394 3397/1514/3396
f 3395/1511/3394 3366/1477/3367 3387/1503/3387
f 3373/1480/3372 3389/1504/3388 3392/1508/3391
f 3389/1504/3388 3370/1481/3371 3391/1507/3390
f 3400/1515/3397 3399/1518/3398 3398/1517/3399
f 3398/1517/3399 3401/1516/3400 3400/1515/3397
f 3404/1519/3401 3403/1522/3402 3402/1521/3403
f 3402/1521/3403 3405/1520/3404 3404/1519/3401
f 3406/1523/3405 3405/1520/3404 3402/1521/3403
f 3402/1521/3403 3407/1524/3406 3406/1523/3405
f 3410/1525/3407 3409/1528/3408 3408/1527/3409
f 3408/1527/3409 3411/1526/3410 3410/1525/3407
f 3414/1529/3411 3413/1532/3412 3412/1531/3413
f 3412/1531/3413 3415/1530/3414 3414/1529/3411
f 3410/1525/3407 3411/1526/3410 3416/1533/3415
f 3416/1533/3415 3399/1518/3398 3410/1525/3407
f 3408/1527/3409 3417/1535/3416 3403/1522/3402
f 3403/1522/3402 3418/1534/3417 3408/1527/3409
f 3402/1521/3403 3420/1537/3418 3419/1536/3419
f 3419/1536/3419 3407/1524/3406 3402/1521/3403
f 3423/1538/3420 3422/1541/3421 3421/1540/3422
f 3421/1540/3422 3424/1539/3423 3423/1538/3420
f 3427/1542/3424 3426/1545/3425 3425/1544/3426
f 3425/1544/3426 3428/1543/3427 3427/1542/3424
f 3431/1546/3428 3430/1549/3429 3429/1548/3430
f 3429/1548/3430 3432/1547/3431 3431/1546/3428
f 3435/1550/3432 3434/1552/3433 3433/1551/3434
f 3437/1553/3435 3436/1554/3436 3435/1550/3432
f 3437/1553/3435 3435/1550/3432 3433/1551/3434
f 3435/1550/3432 3439/1556/3437 3438/1555/3438
f 3442/1557/3439 3441/1560/3440 3440/1559/3441
f 3440/1559/3441 3443/1558/3442 3442/1557/3439
f 3403/1522/3402 3404/1519/3401 3444/1561/3443
f 3444/1561/3443 3418/1534/3417 3403/1522/3402
f 3444/1561/3443 3404/1519/3401 3445/1563/3444
f 3445/1563/3444 3446/1562/3445 3444/1561/3443
f 3449/1564/3446 3448/1567/3447 3447/1566/3448
f 3447/1566/3448 3450/1565/3449 3449/1564/3446
f 3452/1568/3450 3451/1569/3451 3424/1539/3423
f 3424/1539/3423 3421/1540/3422 3452/1568/3450
f 3435/1550/3432 3438/1555/3438 3453/1570/3452
f 3456/1571/3453 3455/1573/3454 3454/1572/3455
f 3454/1572/3455 3422/1541/3421 3456/1571/3453
f 3458/1574/3456 3457/1575/3457 3426/1545/3425
f 3426/1545/3425 3427/1542/3424 3458/1574/3456
f 3459/1576/3458 3452/1568/3450 3421/1540/3422
f 3421/1540/3422 3460/1577/3459 3459/1576/3458
f 3455/1573/3454 3456/1571/3453 3461/1578/3460
f 3461/1578/3460 3428/1543/3427 3455/1573/3454
f 3464/1579/3461 3463/1581/3462 3462/1580/3463
f 3462/1580/3463 3429/1548/3430 3464/1579/3461
f 3467/1582/3464 3466/1585/3465 3465/1584/3466
f 3465/1584/3466 3468/1583/3467 3467/1582/3464
f 3471/1586/3468 3470/1589/3469 3469/1588/3470
f 3469/1588/3470 3472/1587/3471 3471/1586/3468
f 3475/1590/3472 3474/1592/3473 3473/1591/3474
f 3473/1591/3474 3471/1586/3468 3475/1590/3472
f 3478/1593/3475 3477/1595/3476 3476/1594/3477
f 3476/1594/3477 3475/1590/3472 3478/1593/3475
f 3481/1596/3478 3480/1598/3479 3479/1597/3480
f 3479/1597/3480 3477/1595/3476 3481/1596/3478
f 3484/1599/3481 3483/1602/3482 3482/1601/3483
f 3482/1601/3483 3485/1600/3484 3484/1599/3481
f 3488/1603/3485 3487/1606/3486 3486/1605/3487
f 3486/1605/3487 3489/1604/3488 3488/1603/3485
f 3490/1607/3489 3468/1583/3467 3465/1584/3466
f 3465/1584/3466 3491/1608/3490 3490/1607/3489
f 3494/1609/3491 3493/1612/3492 3492/1611/3493
f 3492/1611/3493 3495/1610/3494 3494/1609/3491
f 3497/1613/3495 3496/1615/3496 3492/1611/3493
f 3492/1611/3493 3498/1614/3497 3497/1613/3495
f 3501/1616/3498 3500/1619/3499 3499/1618/3500
f 3499/1618/3500 3502/1617/3501 3501/1616/3498
f 3456/1571/3453 3504/1621/3502 3503/1620/3503
f 3503/1620/3503 3461/1578/3460 3456/1571/3453
f 3507/1622/3504 3506/1624/3505 3505/1623/3506
f 3488/1603/3485 3508/1625/3507 3497/1613/3495
f 3497/1613/3495 3498/1614/3497 3488/1603/3485
f 3510/1626/3508 3509/1628/3509 3487/1606/3486
f 3487/1606/3486 3511/1627/3510 3510/1626/3508
f 3435/1550/3432 3512/1629/3511 3439/1556/3437
f 3504/1621/3502 3456/1571/3453 3422/1541/3421
f 3422/1541/3421 3423/1538/3420 3504/1621/3502
f 3514/1630/3512 3513/1631/3513 3449/1564/3446
f 3449/1564/3446 3450/1565/3449 3514/1630/3512
f 3515/1632/3514 3458/1574/3456 3427/1542/3424
f 3427/1542/3424 3461/1578/3460 3515/1632/3514
f 3516/1633/3515 3502/1617/3501 3499/1618/3500
f 3499/1618/3500 3517/1634/3516 3516/1633/3515
f 3519/1635/3517 3518/1636/3518 3458/1574/3456
f 3458/1574/3456 3515/1632/3514 3519/1635/3517
f 3520/1637/3519 3457/1575/3457 3458/1574/3456
f 3458/1574/3456 3518/1636/3518 3520/1637/3519
f 3522/1638/3520 3510/1626/3508 3521/1640/3521
f 3521/1640/3521 3523/1639/3522 3522/1638/3520
f 3498/1614/3497 3492/1611/3493 3493/1612/3492
f 3493/1612/3492 3511/1627/3510 3498/1614/3497
f 3522/1638/3520 3523/1639/3522 3524/1642/3523
f 3524/1642/3523 3525/1641/3524 3522/1638/3520
f 3526/1643/3525 3495/1610/3494 3492/1611/3493
f 3492/1611/3493 3496/1615/3496 3526/1643/3525
f 3463/1581/3462 3528/1645/3526 3527/1644/3527
f 3527/1644/3527 3467/1582/3464 3463/1581/3462
f 3529/1646/3528 3482/1601/3483 3483/1602/3482
f 3483/1602/3482 3530/1647/3529 3529/1646/3528
f 3531/1648/3530 3466/1585/3465 3467/1582/3464
f 3467/1582/3464 3527/1644/3527 3531/1648/3530
f 3533/1649/3531 3532/1651/3532 3489/1604/3488
f 3489/1604/3488 3534/1650/3533 3533/1649/3531
f 3533/1649/3531 3535/1652/3534 3532/1651/3532
f 3486/1605/3487 3537/1655/3535 3536/1654/3536
f 3536/1654/3536 3538/1653/3537 3486/1605/3487
f 3537/1655/3535 3465/1584/3466 3466/1585/3465
f 3466/1585/3465 3536/1654/3536 3537/1655/3535
f 3531/1648/3530 3536/1654/3536 3466/1585/3465
f 3540/1656/3538 3539/1657/3539 3529/1646/3528
f 3529/1646/3528 3530/1647/3529 3540/1656/3538
f 3536/1654/3536 3531/1648/3530 3541/1658/3540
f 3541/1658/3540 3538/1653/3537 3536/1654/3536
f 3413/1532/3412 3414/1529/3411 3542/1660/3541
f 3542/1660/3541 3543/1659/3542 3413/1532/3412
f 3414/1529/3411 3545/1662/3543 3544/1661/3544
f 3544/1661/3544 3542/1660/3541 3414/1529/3411
f 3548/1663/3545 3547/1666/3546 3546/1665/3547
f 3546/1665/3547 3549/1664/3548 3548/1663/3545
f 3399/1518/3398 3416/1533/3415 3398/1517/3399
f 3550/1667/3549 3410/1525/3407 3399/1518/3398
f 3399/1518/3398 3400/1515/3397 3550/1667/3549
f 3551/1668/3550 3542/1660/3541 3544/1661/3544
f 3404/1519/3401 3405/1520/3404 3552/1669/3551
f 3552/1669/3551 3445/1563/3444 3404/1519/3401
f 3405/1520/3404 3406/1523/3405 3553/1670/3552
f 3553/1670/3552 3552/1669/3551 3405/1520/3404
f 3556/1671/3553 3555/1674/3554 3554/1673/3555
f 3554/1673/3555 3557/1672/3556 3556/1671/3553
f 3553/1670/3552 3406/1523/3405 3543/1659/3542
f 3543/1659/3542 3558/1675/3557 3553/1670/3552
f 3551/1668/3550 3558/1675/3557 3543/1659/3542
f 3543/1659/3542 3542/1660/3541 3551/1668/3550
f 3561/1676/3558 3560/1679/3559 3559/1678/3560
f 3559/1678/3560 3562/1677/3561 3561/1676/3558
f 3562/1677/3561 3564/1681/3562 3563/1680/3563
f 3563/1680/3563 3561/1676/3558 3562/1677/3561
f 3564/1681/3562 3566/1683/3564 3565/1682/3565
f 3565/1682/3565 3563/1680/3563 3564/1681/3562
f 3569/1684/3566 3568/1686/3567 3567/1685/3568
f 3571/1687/3569 3570/1688/3570 3444/1561/3443
f 3444/1561/3443 3446/1562/3445 3571/1687/3569
f 3571/1687/3569 3572/1689/3571 3570/1688/3570
f 3575/1690/3572 3574/1693/3573 3573/1692/3574
f 3573/1692/3574 3576/1691/3575 3575/1690/3572
f 3398/1517/3399 3572/1689/3571 3577/1694/3576
f 3577/1694/3576 3401/1516/3400 3398/1517/3399
f 3415/1530/3414 3578/1695/3577 3545/1662/3543
f 3545/1662/3543 3414/1529/3411 3415/1530/3414
f 3579/1696/3578 3560/1679/3559 3561/1676/3558
f 3561/1676/3558 3580/1697/3579 3579/1696/3578
f 3580/1697/3579 3561/1676/3558 3563/1680/3563
f 3563/1680/3563 3547/1666/3546 3580/1697/3579
f 3563/1680/3563 3565/1682/3565 3546/1665/3547
f 3546/1665/3547 3547/1666/3546 3563/1680/3563
f 3581/1698/3580 3574/1693/3573 3575/1690/3572
f 3575/1690/3572 3582/1699/3581 3581/1698/3580
f 3401/1516/3400 3584/1701/3582 3583/1700/3583
f 3583/1700/3583 3400/1515/3397 3401/1516/3400
f 3400/1515/3397 3583/1700/3583 3550/1667/3549
f 3585/1702/3584 3584/1701/3582 3401/1516/3400
f 3401/1516/3400 3577/1694/3576 3585/1702/3584
f 3576/1691/3575 3573/1692/3574 3569/1684/3566
f 3569/1684/3566 3567/1685/3568 3576/1691/3575
f 3478/1593/3475 3586/1703/3585 3481/1596/3478
f 3481/1596/3478 3477/1595/3476 3478/1593/3475
f 3418/1534/3417 3444/1561/3443 3570/1688/3570
f 3570/1688/3570 3416/1533/3415 3418/1534/3417
f 3418/1534/3417 3416/1533/3415 3411/1526/3410
f 3411/1526/3410 3408/1527/3409 3418/1534/3417
f 3588/1704/3586 3520/1637/3519 3587/1705/3587
f 3589/1706/3588 3533/1649/3531 3534/1650/3533
f 3555/1674/3554 3556/1671/3553 3590/1708/3589
f 3590/1708/3589 3591/1707/3590 3555/1674/3554
f 3592/1709/3591 3576/1691/3575 3567/1685/3568
f 3567/1685/3568 3593/1710/3592 3592/1709/3591
f 3594/1711/3593 3575/1690/3572 3576/1691/3575
f 3576/1691/3575 3592/1709/3591 3594/1711/3593
f 3597/1712/3594 3596/1715/3595 3595/1714/3596
f 3595/1714/3596 3598/1713/3597 3597/1712/3594
f 3599/1716/3598 3582/1699/3581 3575/1690/3572
f 3575/1690/3572 3594/1711/3593 3599/1716/3598
f 3598/1713/3597 3601/1719/3599 3600/1718/3600
f 3600/1718/3600 3602/1717/3601 3598/1713/3597
f 3603/1720/3602 3601/1719/3599 3598/1713/3597
f 3598/1713/3597 3595/1714/3596 3603/1720/3602
f 3605/1721/3603 3604/1723/3604 3588/1704/3586
f 3588/1704/3586 3606/1722/3605 3605/1721/3603
f 3604/1723/3604 3605/1721/3603 3440/1559/3441
f 3440/1559/3441 3607/1724/3606 3604/1723/3604
f 3441/1560/3440 3608/1725/3607 3607/1724/3606
f 3607/1724/3606 3440/1559/3441 3441/1560/3440
f 3609/1726/3608 3512/1629/3511 3435/1550/3432
f 3604/1723/3604 3457/1575/3457 3520/1637/3519
f 3520/1637/3519 3588/1704/3586 3604/1723/3604
f 3608/1725/3607 3425/1544/3426 3426/1545/3425
f 3426/1545/3425 3607/1724/3606 3608/1725/3607
f 3436/1554/3436 3609/1726/3608 3435/1550/3432
f 3457/1575/3457 3604/1723/3604 3607/1724/3606
f 3607/1724/3606 3426/1545/3425 3457/1575/3457
f 3602/1717/3601 3611/1729/3609 3610/1728/3610
f 3610/1728/3610 3612/1727/3611 3602/1717/3601
f 3613/1730/3612 3610/1728/3610 3611/1729/3609
f 3611/1729/3609 3432/1547/3431 3613/1730/3612
f 3467/1582/3464 3468/1583/3467 3462/1580/3463
f 3462/1580/3463 3463/1581/3462 3467/1582/3464
f 3616/1731/3613 3615/1734/3614 3614/1733/3615
f 3614/1733/3615 3617/1732/3616 3616/1731/3613
f 3434/1552/3433 3435/1550/3432 3453/1570/3452
f 3460/1577/3459 3421/1540/3422 3422/1541/3421
f 3422/1541/3421 3454/1572/3455 3460/1577/3459
f 3500/1619/3499 3501/1616/3498 3618/1736/3617
f 3618/1736/3617 3619/1735/3618 3500/1619/3499
f 3501/1616/3498 3449/1564/3446 3513/1631/3513
f 3513/1631/3513 3618/1736/3617 3501/1616/3498
f 2921/1737/2920 2922/1738/2921 3560/1679/3559
f 3560/1679/3559 3579/1696/3578 2921/1737/2920
f 2923/1739/2922 2924/1740/2923 3494/1609/3491
f 3494/1609/3491 3495/1610/3494 2923/1739/2922
f 2927/1741/2924 3621/1744/3619 3620/1743/3620
f 3620/1743/3620 2926/1742/2925 2927/1741/2924
f 3587/1705/3587 2931/1747/2930 2929/1746/2929
f 2929/1746/2929 3622/1745/3621 3587/1705/3587
f 3494/1609/3491 2924/1740/2923 2932/1748/2931
f 2932/1748/2931 3521/1640/3521 3494/1609/3491
f 3521/1640/3521 2932/1748/2931 2933/1749/2932
f 2933/1749/2932 3523/1639/3522 3521/1640/3521
f 2934/1750/2933 2935/1751/2934 3520/1637/3519
f 3520/1637/3519 3518/1636/3518 2934/1750/2933
f 3523/1639/3522 2933/1749/2932 2936/1752/2935
f 2936/1752/2935 3524/1642/3523 3523/1639/3522
f 2937/1753/2936 3535/1652/3534 3533/1649/3531
f 3533/1649/3531 3589/1706/3588 2937/1753/2936
f 3560/1679/3559 2922/1738/2921 2938/1755/2938
f 2938/1755/2938 3623/1754/3622 3560/1679/3559
f 2940/1756/2939 3624/1757/3623 3621/1744/3619
f 3621/1744/3619 2927/1741/2924 2940/1756/2939
f 3623/1754/3622 2938/1755/2938 2942/1758/2941
f 2942/1758/2941 3556/1671/3553 3623/1754/3622
f 3556/1671/3553 2942/1758/2941 2943/1759/2942
f 2943/1759/2942 3590/1708/3589 3556/1671/3553
f 3603/1720/3602 2945/1761/2944 2944/1760/2943
f 2944/1760/2943 3601/1719/3599 3603/1720/3602
f 2946/1762/2945 2934/1750/2933 3518/1636/3518
f 3518/1636/3518 3519/1635/3517 2946/1762/2945
f 3500/1619/3499 3424/1539/3423 3451/1569/3451
f 3451/1569/3451 3499/1618/3500 3500/1619/3499
f 3451/1569/3451 3625/1763/3624 3517/1634/3516
f 3517/1634/3516 3499/1618/3500 3451/1569/3451
f 3606/1722/3605 3588/1704/3586 3587/1705/3587
f 3587/1705/3587 3626/1764/3625 3606/1722/3605
f 3619/1735/3618 3423/1538/3420 3424/1539/3423
f 3424/1539/3423 3500/1619/3499 3619/1735/3618
f 3524/1642/3523 2936/1752/2935 2946/1762/2945
f 2946/1762/2945 3519/1635/3517 3524/1642/3523
f 3587/1705/3587 3520/1637/3519 2935/1751/2934
f 2935/1751/2934 2931/1747/2930 3587/1705/3587
f 3474/1592/3473 3628/1766/3626 3627/1765/3627
f 3627/1765/3627 3473/1591/3474 3474/1592/3473
f 2953/1767/2950 2954/1770/2953 3629/1769/3628
f 3629/1769/3628 3630/1768/3629 2953/1767/2950
f 3464/1579/3461 3429/1548/3430 3430/1549/3429
f 3430/1549/3429 3479/1597/3480 3464/1579/3461
f 3432/1547/3431 3611/1729/3609 3631/1771/3630
f 3631/1771/3630 3431/1546/3428 3432/1547/3431
f 3464/1579/3461 3479/1597/3480 3480/1598/3479
f 3631/1771/3630 3600/1718/3600 2956/1773/2956
f 2956/1773/2956 2957/1772/2955 3631/1771/3630
f 3477/1595/3476 3479/1597/3480 3430/1549/3429
f 3430/1549/3429 3476/1594/3477 3477/1595/3476
f 3634/1774/3631 3633/1776/3632 3632/1775/3633
f 3635/1777/3634 3431/1546/3428 3631/1771/3630
f 3631/1771/3630 3636/1778/3635 3635/1777/3634
f 3633/1776/3632 3638/1781/3636 3637/1780/3637
f 3637/1780/3637 3639/1779/3638 3633/1776/3632
f 3636/1778/3635 2957/1772/2955 2966/1782/2965
f 2966/1782/2965 3628/1766/3626 3636/1778/3635
f 3474/1592/3473 3635/1777/3634 3636/1778/3635
f 3636/1778/3635 3628/1766/3626 3474/1592/3473
f 3475/1590/3472 3471/1586/3468 3472/1587/3471
f 3472/1587/3471 3478/1593/3475 3475/1590/3472
f 3641/1783/3639 3640/1785/3640 3586/1703/3585
f 3586/1703/3585 3642/1784/3641 3641/1783/3639
f 3478/1593/3475 3472/1587/3471 3642/1784/3641
f 3642/1784/3641 3586/1703/3585 3478/1593/3475
f 3627/1765/3627 3628/1766/3626 3643/1786/3642
f 3643/1786/3642 3630/1768/3629 3627/1765/3627
f 3488/1603/3485 3489/1604/3488 3532/1651/3532
f 3532/1651/3532 3508/1625/3507 3488/1603/3485
f 3644/1787/3643 3470/1589/3469 3471/1586/3468
f 3471/1586/3468 3473/1591/3474 3644/1787/3643
f 3509/1628/3509 3537/1655/3535 3486/1605/3487
f 3486/1605/3487 3487/1606/3486 3509/1628/3509
f 3462/1580/3463 3468/1583/3467 3490/1607/3489
f 3490/1607/3489 3613/1730/3612 3462/1580/3463
f 3535/1652/3534 3645/1788/3644 3508/1625/3507
f 3508/1625/3507 3532/1651/3532 3535/1652/3534
f 3465/1584/3466 3537/1655/3535 3509/1628/3509
f 3509/1628/3509 3491/1608/3490 3465/1584/3466
f 3432/1547/3431 3429/1548/3430 3462/1580/3463
f 3462/1580/3463 3613/1730/3612 3432/1547/3431
f 2954/1770/2953 2974/1790/2973 3646/1789/3645
f 3646/1789/3645 3629/1769/3628 2954/1770/2953
f 3476/1594/3477 3430/1549/3429 3431/1546/3428
f 3431/1546/3428 3635/1777/3634 3476/1594/3477
f 3475/1590/3472 3476/1594/3477 3635/1777/3634
f 3635/1777/3634 3474/1592/3473 3475/1590/3472
f 3473/1591/3474 3627/1765/3627 3630/1768/3629
f 3630/1768/3629 3629/1769/3628 3473/1591/3474
f 3644/1787/3643 3473/1591/3474 3629/1769/3628
f 3629/1769/3628 3646/1789/3645 3644/1787/3643
f 3488/1603/3485 3498/1614/3497 3511/1627/3510
f 3511/1627/3510 3487/1606/3486 3488/1603/3485
f 2975/1791/2974 2923/1739/2922 3495/1610/3494
f 3495/1610/3494 3526/1643/3525 2975/1791/2974
f 3534/1650/3533 3489/1604/3488 3486/1605/3487
f 3486/1605/3487 3538/1653/3537 3534/1650/3533
f 3642/1784/3641 3647/1792/3646 3641/1783/3639
f 3647/1792/3646 3642/1784/3641 3472/1587/3471
f 3472/1587/3471 3469/1588/3470 3647/1792/3646
f 3541/1658/3540 3589/1706/3588 3534/1650/3533
f 3534/1650/3533 3538/1653/3537 3541/1658/3540
f 3470/1589/3469 3644/1787/3643 3646/1789/3645
f 3646/1789/3645 3620/1743/3620 3470/1589/3469
f 3622/1745/3621 3648/1793/3647 3626/1764/3625
f 3626/1764/3625 3587/1705/3587 3622/1745/3621
f 3602/1717/3601 3649/1794/3648 3597/1712/3594
f 3597/1712/3594 3598/1713/3597 3602/1717/3601
f 3601/1719/3599 2944/1760/2943 2956/1773/2956
f 2956/1773/2956 3600/1718/3600 3601/1719/3599
f 3614/1733/3615 3596/1715/3595 3597/1712/3594
f 3597/1712/3594 3617/1732/3616 3614/1733/3615
f 3514/1630/3512 3450/1565/3449 3612/1727/3611
f 3612/1727/3611 3610/1728/3610 3514/1630/3512
f 3610/1728/3610 3613/1730/3612 3514/1630/3512
f 3509/1628/3509 3510/1626/3508 3522/1638/3520
f 3522/1638/3520 3491/1608/3490 3509/1628/3509
f 3491/1608/3490 3522/1638/3520 3525/1641/3524
f 3525/1641/3524 3490/1607/3489 3491/1608/3490
f 3490/1607/3489 3525/1641/3524 3650/1795/3649
f 3650/1795/3649 3513/1631/3513 3490/1607/3489
f 3648/1793/3647 3622/1745/3621 3579/1696/3578
f 3579/1696/3578 3580/1697/3579 3648/1793/3647
f 3622/1745/3621 2929/1746/2929 2921/1737/2920
f 2921/1737/2920 3579/1696/3578 3622/1745/3621
f 3459/1576/3458 3442/1557/3439 3443/1558/3442
f 3443/1558/3442 3452/1568/3450 3459/1576/3458
f 3625/1763/3624 3451/1569/3451 3452/1568/3450
f 3452/1568/3450 3443/1558/3442 3625/1763/3624
f 3651/1796/3650 3582/1699/3581 3599/1716/3598
f 3582/1699/3581 3546/1665/3547 3565/1682/3565
f 3565/1682/3565 3581/1698/3580 3582/1699/3581
f 3602/1717/3601 3600/1718/3600 3631/1771/3630
f 3631/1771/3630 3611/1729/3609 3602/1717/3601
f 3560/1679/3559 3623/1754/3622 3652/1797/3651
f 3652/1797/3651 3559/1678/3560 3560/1679/3559
f 3652/1797/3651 3623/1754/3622 3556/1671/3553
f 3556/1671/3553 3557/1672/3556 3652/1797/3651
f 3419/1536/3419 3653/1798/3652 3415/1530/3414
f 3415/1530/3414 3412/1531/3413 3419/1536/3419
f 3412/1531/3413 3413/1532/3412 3407/1524/3406
f 3407/1524/3406 3419/1536/3419 3412/1531/3413
f 3413/1532/3412 3543/1659/3542 3406/1523/3405
f 3406/1523/3405 3407/1524/3406 3413/1532/3412
f 3625/1763/3624 3605/1721/3603 3606/1722/3605
f 3606/1722/3605 3517/1634/3516 3625/1763/3624
f 3516/1633/3515 3626/1764/3625 3648/1793/3647
f 3605/1721/3603 3625/1763/3624 3443/1558/3442
f 3443/1558/3442 3440/1559/3441 3605/1721/3603
f 3580/1697/3579 3547/1666/3546 3516/1633/3515
f 3516/1633/3515 3648/1793/3647 3580/1697/3579
f 3510/1626/3508 3511/1627/3510 3493/1612/3492
f 3505/1623/3506 3655/1800/3653 3654/1799/3654
f 2975/1791/2974 3526/1643/3525 3656/1802/3655
f 3656/1802/3655 2986/1801/2984 2975/1791/2974
f 3657/1803/3656 3448/1567/3447 3502/1617/3501
f 3502/1617/3501 3548/1663/3545 3657/1803/3656
f 3547/1666/3546 3548/1663/3545 3502/1617/3501
f 3502/1617/3501 3516/1633/3515 3547/1666/3546
f 3549/1664/3548 3546/1665/3547 3582/1699/3581
f 3582/1699/3581 3651/1796/3650 3549/1664/3548
f 3657/1803/3656 3616/1731/3613 3617/1732/3616
f 3617/1732/3616 3658/1804/3657 3657/1803/3656
f 3615/1734/3614 3616/1731/3613 3549/1664/3548
f 3549/1664/3548 3651/1796/3650 3615/1734/3614
f 2989/1805/2988 2986/1801/2984 3656/1802/3655
f 3656/1802/3655 3497/1613/3495 2989/1805/2988
f 3506/1624/3505 3655/1800/3653 3505/1623/3506
f 2989/1805/2988 3497/1613/3495 3508/1625/3507
f 3508/1625/3507 3645/1788/3644 2989/1805/2988
f 3632/1775/3633 3484/1599/3481 3485/1600/3484
f 3485/1600/3484 3634/1774/3631 3632/1775/3633
f 3528/1645/3526 3463/1581/3462 3464/1579/3461
f 3464/1579/3461 3480/1598/3479 3528/1645/3526
f 3639/1779/3638 3659/1806/3658 3632/1775/3633
f 3632/1775/3633 3633/1776/3632 3639/1779/3638
f 3504/1621/3502 3650/1795/3649 3660/1807/3659
f 3660/1807/3659 3503/1620/3503 3504/1621/3502
f 3503/1620/3503 3660/1807/3659 3515/1632/3514
f 3515/1632/3514 3461/1578/3460 3503/1620/3503
f 3524/1642/3523 3519/1635/3517 3515/1632/3514
f 3515/1632/3514 3660/1807/3659 3524/1642/3523
f 3660/1807/3659 3650/1795/3649 3525/1641/3524
f 3525/1641/3524 3524/1642/3523 3660/1807/3659
f 3490/1607/3489 3513/1631/3513 3514/1630/3512
f 3514/1630/3512 3613/1730/3612 3490/1607/3489
f 3423/1538/3420 3619/1735/3618 3650/1795/3649
f 3650/1795/3649 3504/1621/3502 3423/1538/3420
f 3513/1631/3513 3650/1795/3649 3619/1735/3618
f 3619/1735/3618 3618/1736/3617 3513/1631/3513
f 3643/1786/3642 3628/1766/3626 2966/1782/2965
f 2966/1782/2965 2992/1808/2991 3643/1786/3642
f 3630/1768/3629 3643/1786/3642 2992/1808/2991
f 2992/1808/2991 2953/1767/2950 3630/1768/3629
f 3620/1743/3620 3646/1789/3645 2974/1790/2973
f 2974/1790/2973 2926/1742/2925 3620/1743/3620
f 3641/1783/3639 3647/1792/3646 3624/1757/3623
f 3469/1588/3470 3621/1744/3619 3624/1757/3623
f 3624/1757/3623 3647/1792/3646 3469/1588/3470
f 3620/1743/3620 3621/1744/3619 3469/1588/3470
f 3469/1588/3470 3470/1589/3469 3620/1743/3620
f 3636/1778/3635 3631/1771/3630 2957/1772/2955
f 2993/1809/2992 2994/1810/2993 3640/1785/3640
f 3640/1785/3640 3641/1783/3639 2993/1809/2992
f 3641/1783/3639 3624/1757/3623 2940/1756/2939
f 2940/1756/2939 2993/1809/2992 3641/1783/3639
f 3632/1775/3633 3659/1806/3658 3661/1811/3660
f 3661/1811/3660 3484/1599/3481 3632/1775/3633
f 3662/1812/3661 3661/1811/3660 3659/1806/3658
f 3484/1599/3481 3661/1811/3660 3663/1813/3662
f 3663/1813/3662 3483/1602/3482 3484/1599/3481
f 3661/1811/3660 3662/1812/3661 3664/1814/3663
f 3664/1814/3663 3663/1813/3662 3661/1811/3660
f 3428/1543/3427 3461/1578/3460 3427/1542/3424
f 3517/1634/3516 3606/1722/3605 3626/1764/3625
f 3626/1764/3625 3516/1633/3515 3517/1634/3516
f 3398/1517/3399 3416/1533/3415 3570/1688/3570
f 3570/1688/3570 3572/1689/3571 3398/1517/3399
f 3447/1566/3448 3448/1567/3447 3657/1803/3656
f 3657/1803/3656 3658/1804/3657 3447/1566/3448
f 3658/1804/3657 3649/1794/3648 3447/1566/3448
f 3447/1566/3448 3649/1794/3648 3612/1727/3611
f 3612/1727/3611 3450/1565/3449 3447/1566/3448
f 3649/1794/3648 3602/1717/3601 3612/1727/3611
f 3549/1664/3548 3616/1731/3613 3657/1803/3656
f 3658/1804/3657 3617/1732/3616 3597/1712/3594
f 3597/1712/3594 3649/1794/3648 3658/1804/3657
f 3549/1664/3548 3657/1803/3656 3548/1663/3545
f 3667/1815/3664 3666/1817/3665 3665/1816/3666
f 3668/1818/3667 3005/1821/3004 3002/1820/3003
f 3002/1820/3003 3669/1819/3668 3668/1818/3667
f 3672/1822/3669 3671/1825/3670 3670/1824/3671
f 3670/1824/3671 3673/1823/3672 3672/1822/3669
f 3665/1816/3666 3675/1827/3673 3674/1826/3674
f 3674/1826/3674 3667/1815/3664 3665/1816/3666
f 3014/1828/3011 3677/1831/3675 3676/1830/3676
f 3676/1830/3676 3013/1829/3012 3014/1828/3011
f 3678/1832/3677 3674/1826/3674 3669/1819/3668
f 3669/1819/3668 3679/1833/3678 3678/1832/3677
f 3682/1834/3679 3681/1836/3680 3680/1835/3681
f 3680/1835/3681 3677/1831/3675 3682/1834/3679
f 3681/1836/3680 3672/1822/3669 3673/1823/3672
f 3673/1823/3672 3680/1835/3681 3681/1836/3680
f 3671/1825/3670 3665/1816/3666 3666/1817/3665
f 3666/1817/3665 3670/1824/3671 3671/1825/3670
f 3666/1817/3665 3667/1815/3664 3683/1838/3682
f 3683/1838/3682 3684/1837/3683 3666/1817/3665
f 3023/1839/3022 3679/1833/3678 3669/1819/3668
f 3669/1819/3668 3002/1820/3003 3023/1839/3022
f 3686/1840/3684 3685/1841/3685 3673/1823/3672
f 3673/1823/3672 3670/1824/3671 3686/1840/3684
f 3683/1838/3682 3667/1815/3664 3674/1826/3674
f 3674/1826/3674 3678/1832/3677 3683/1838/3682
f 3677/1831/3675 3014/1828/3011 3026/1842/3025
f 3026/1842/3025 3682/1834/3679 3677/1831/3675
f 3669/1819/3668 3674/1826/3674 3675/1827/3673
f 3675/1827/3673 3668/1818/3667 3669/1819/3668
f 3687/1843/3686 3676/1830/3676 3677/1831/3675
f 3677/1831/3675 3680/1835/3681 3687/1843/3686
f 3685/1841/3685 3687/1843/3686 3680/1835/3681
f 3680/1835/3681 3673/1823/3672 3685/1841/3685
f 3670/1824/3671 3688/1844/3687 3686/1840/3684
f 3013/1829/3012 3676/1830/3676 3689/1846/3688
f 3689/1846/3688 3030/1845/3028 3013/1829/3012
f 3678/1832/3677 3679/1833/3678 3690/1848/3689
f 3690/1848/3689 3691/1847/3690 3678/1832/3677
f 3684/1837/3683 3683/1838/3682 3692/1850/3691
f 3692/1850/3691 3693/1849/3692 3684/1837/3683
f 3679/1833/3678 3023/1839/3022 3035/1851/3034
f 3035/1851/3034 3690/1848/3689 3679/1833/3678
f 3685/1841/3685 3686/1840/3684 3694/1853/3693
f 3694/1853/3693 3695/1852/3694 3685/1841/3685
f 3683/1838/3682 3678/1832/3677 3691/1847/3690
f 3691/1847/3690 3692/1850/3691 3683/1838/3682
f 3676/1830/3676 3687/1843/3686 3696/1854/3695
f 3696/1854/3695 3689/1846/3688 3676/1830/3676
f 3687/1843/3686 3685/1841/3685 3695/1852/3694
f 3695/1852/3694 3696/1854/3695 3687/1843/3686
f 3694/1853/3693 3686/1840/3684 3688/1844/3687
f 3688/1844/3687 3697/1855/3696 3694/1853/3693
f 3672/1822/3669 3681/1836/3680 3698/1857/3697
f 3698/1857/3697 3699/1856/3698 3672/1822/3669
f 3681/1836/3680 3682/1834/3679 3700/1858/3699
f 3700/1858/3699 3698/1857/3697 3681/1836/3680
f 3682/1834/3679 3026/1842/3025 3043/1859/3042
f 3043/1859/3042 3700/1858/3699 3682/1834/3679
f 3675/1827/3673 3665/1816/3666 3701/1861/3700
f 3701/1861/3700 3702/1860/3701 3675/1827/3673
f 3668/1818/3667 3675/1827/3673 3702/1860/3701
f 3702/1860/3701 3703/1862/3702 3668/1818/3667
f 3671/1825/3670 3672/1822/3669 3699/1856/3698
f 3699/1856/3698 3704/1863/3703 3671/1825/3670
f 3665/1816/3666 3671/1825/3670 3704/1863/3703
f 3704/1863/3703 3701/1861/3700 3665/1816/3666
f 3005/1821/3004 3668/1818/3667 3703/1862/3702
f 3703/1862/3702 3048/1864/3047 3005/1821/3004
f 3051/1865/3048 3052/1868/3051 3705/1867/3704
f 3705/1867/3704 3706/1866/3705 3051/1865/3048
f 3706/1866/3705 3707/1870/3706 3053/1869/3052
f 3053/1869/3052 3051/1865/3048 3706/1866/3705
f 3710/1871/3707 3709/1874/3708 3708/1873/3709
f 3708/1873/3709 3711/1872/3710 3710/1871/3707
f 3713/1875/3711 3712/1876/3712 3709/1874/3708
f 3709/1874/3708 3710/1871/3707 3713/1875/3711
f 3711/1872/3710 3708/1873/3709 3707/1870/3706
f 3707/1870/3706 3706/1866/3705 3711/1872/3710
f 3711/1872/3710 3715/1878/3713 3714/1877/3714
f 3714/1877/3714 3710/1871/3707 3711/1872/3710
f 3710/1871/3707 3714/1877/3714 3716/1879/3715
f 3716/1879/3715 3713/1875/3711 3710/1871/3707
f 3706/1866/3705 3705/1867/3704 3715/1878/3713
f 3715/1878/3713 3711/1872/3710 3706/1866/3705
f 3717/1880/3716 3065/1881/3064 3053/1869/3052
f 3053/1869/3052 3707/1870/3706 3717/1880/3716
f 3709/1874/3708 3712/1876/3712 3718/1883/3717
f 3718/1883/3717 3719/1882/3718 3709/1874/3708
f 3720/1884/3719 3717/1880/3716 3707/1870/3706
f 3707/1870/3706 3708/1873/3709 3720/1884/3719
f 3708/1873/3709 3709/1874/3708 3719/1882/3718
f 3719/1882/3718 3720/1884/3719 3708/1873/3709
f 3697/1855/3696 3688/1844/3687 3684/1837/3683
f 3684/1837/3683 3693/1849/3692 3697/1855/3696
f 3666/1817/3665 3684/1837/3683 3688/1844/3687
f 3688/1844/3687 3670/1824/3671 3666/1817/3665
f 3521/1640/3521 3510/1626/3508 3493/1612/3492
f 3493/1612/3492 3494/1609/3491 3521/1640/3521
f 3505/1623/3506 3654/1799/3654 3507/1622/3504
f 3501/1616/3498 3502/1617/3501 3448/1567/3447
f 3448/1567/3447 3449/1564/3446 3501/1616/3498
f 3071/1885/3068 3072/1888/3071 3721/1887/3720
f 3721/1887/3720 3722/1886/3721 3071/1885/3068
f 3723/1889/3722 3722/1886/3721 3721/1887/3720
f 3721/1887/3720 3724/1890/3723 3723/1889/3722
f 3725/1891/3724 3723/1889/3722 3724/1890/3723
f 3724/1890/3723 3726/1892/3725 3725/1891/3724
f 3071/1885/3068 3722/1886/3721 3727/1894/3726
f 3727/1894/3726 3078/1893/3076 3071/1885/3068
f 3722/1886/3721 3723/1889/3722 3728/1895/3727
f 3728/1895/3727 3727/1894/3726 3722/1886/3721
f 3723/1889/3722 3725/1891/3724 3729/1896/3728
f 3729/1896/3728 3728/1895/3727 3723/1889/3722
f 3725/1891/3724 3726/1892/3725 3730/1898/3729
f 3730/1898/3729 3731/1897/3730 3725/1891/3724
f 3731/1897/3730 3732/1899/3731 3729/1896/3728
f 3729/1896/3728 3725/1891/3724 3731/1897/3730
f 3323/1422/3324 3329/1430/3329 3326/1421/3325
f 3326/1421/3325 3329/1430/3329 3733/1900/3732
f 3733/1900/3732 3336/1437/3335 3326/1421/3325
f 3733/1900/3732 3329/1430/3329 3330/1428/3328
f 3330/1428/3328 3734/1901/3733 3733/1900/3732
f 3737/1902/3734 3736/1903/3735 3735/1904/3736
f 3735/1904/3736 3738/1905/3737 3737/1902/3734
f 3740/1906/3738 3739/1907/3739 3736/1903/3735
f 3736/1903/3735 3737/1902/3734 3740/1906/3738
f 3742/1908/3740 3741/1909/3741 3739/1907/3739
f 3739/1907/3739 3740/1906/3738 3742/1908/3740
f 3744/1910/3742 3743/1911/3743 3741/1909/3741
f 3741/1909/3741 3742/1908/3740 3744/1910/3742
f 3745/1912/3744 3737/1902/3734 3738/1905/3737
f 3738/1905/3737 3746/1913/3745 3745/1912/3744
f 3747/1914/3746 3740/1906/3738 3737/1902/3734
f 3737/1902/3734 3745/1912/3744 3747/1914/3746
f 3748/1915/3747 3742/1908/3740 3740/1906/3738
f 3740/1906/3738 3747/1914/3746 3748/1915/3747
f 3749/1916/3748 3744/1910/3742 3742/1908/3740
f 3742/1908/3740 3748/1915/3747 3749/1916/3748
f 3750/1917/3749 3745/1912/3744 3746/1913/3745
f 3746/1913/3745 3751/1918/3750 3750/1917/3749
f 3752/1919/3751 3747/1914/3746 3745/1912/3744
f 3745/1912/3744 3750/1917/3749 3752/1919/3751
f 3753/1920/3752 3748/1915/3747 3747/1914/3746
f 3747/1914/3746 3752/1919/3751 3753/1920/3752
f 3754/1921/3753 3749/1916/3748 3748/1915/3747
f 3748/1915/3747 3753/1920/3752 3754/1921/3753
f 3755/1922/3754 3750/1917/3749 3751/1918/3750
f 3751/1918/3750 3756/1923/3755 3755/1922/3754
f 3757/1924/3756 3752/1919/3751 3750/1917/3749
f 3750/1917/3749 3755/1922/3754 3757/1924/3756
f 3758/1925/3757 3753/1920/3752 3752/1919/3751
f 3752/1919/3751 3757/1924/3756 3758/1925/3757
f 3759/1926/3758 3754/1921/3753 3753/1920/3752
f 3753/1920/3752 3758/1925/3757 3759/1926/3758
f 3762/1902/3759 3761/1905/3760 3760/1904/3761
f 3760/1904/3761 3763/1903/3762 3762/1902/3759
f 3764/1906/3763 3762/1902/3759 3763/1903/3762
f 3763/1903/3762 3765/1907/3764 3764/1906/3763
f 3766/1908/3765 3764/1906/3763 3765/1907/3764
f 3765/1907/3764 3767/1909/3766 3766/1908/3765
f 3768/1910/3767 3766/1908/3765 3767/1909/3766
f 3767/1909/3766 3769/1911/3768 3768/1910/3767
f 3771/1912/3769 3770/1913/3770 3761/1905/3760
f 3761/1905/3760 3762/1902/3759 3771/1912/3769
f 3772/1914/3771 3771/1912/3769 3762/1902/3759
f 3762/1902/3759 3764/1906/3763 3772/1914/3771
f 3773/1915/3772 3772/1914/3771 3764/1906/3763
f 3764/1906/3763 3766/1908/3765 3773/1915/3772
f 3774/1916/3773 3773/1915/3772 3766/1908/3765
f 3766/1908/3765 3768/1910/3767 3774/1916/3773
f 3776/1917/3774 3775/1918/3775 3770/1913/3770
f 3770/1913/3770 3771/1912/3769 3776/1917/3774
f 3777/1919/3776 3776/1917/3774 3771/1912/3769
f 3771/1912/3769 3772/1914/3771 3777/1919/3776
f 3778/1920/3777 3777/1919/3776 3772/1914/3771
f 3772/1914/3771 3773/1915/3772 3778/1920/3777
f 3779/1921/3778 3778/1920/3777 3773/1915/3772
f 3773/1915/3772 3774/1916/3773 3779/1921/3778
f 3781/1922/3779 3780/1923/3780 3775/1918/3775
f 3775/1918/3775 3776/1917/3774 3781/1922/3779
f 3782/1924/3781 3781/1922/3779 3776/1917/3774
f 3776/1917/3774 3777/1919/3776 3782/1924/3781
f 3783/1925/3782 3782/1924/3781 3777/1919/3776
f 3777/1919/3776 3778/1920/3777 3783/1925/3782
f 3784/1926/3783 3783/1925/3782 3778/1920/3777
f 3778/1920/3777 3779/1921/3778 3784/1926/3783
