####
#
# OBJ File Generated by Meshlab
#
####
# Object cat.obj
#
# Vertices: 1740
# Faces: 3476
#
####
vn -1.7921121 -1.6207120 -1.6482334
v -0.3635902 -0.0003233 0.1087314
vn -2.6921992 -2.1567297 1.3442538
v -0.3635902 -0.0003233 0.1095090
vn -0.2024448 -3.0719962 -3.2215981
v -0.3572990 -0.0008282 0.1083831
vn -2.4286633 -3.5743170 1.8406223
v -0.3567584 -0.0011798 0.1141527
vn -2.2243495 -2.2689409 2.6934142
v -0.3523608 -0.0008621 0.1217619
vn 1.3390710 -2.1302137 -2.9721498
v -0.3493579 -0.0007810 0.1084504
vn 0.9232799 -3.8122759 -2.5163288
v -0.3452672 -0.0025604 0.1143664
vn -1.3236197 -3.1578138 2.8906064
v -0.3451872 -0.0026148 0.1235429
vn 0.4669574 -3.1978614 -2.8142338
v -0.3330753 -0.0039748 0.1171455
vn -1.6836431 -3.7419343 2.5537481
v -0.3324493 -0.0036423 0.1275166
vn -2.3611183 -1.9571167 3.8449655
v -0.3279946 -0.0007707 0.1336752
vn 0.7169802 -3.0507312 -3.6690817
v -0.3209635 -0.0029129 0.1189185
vn -0.1656159 -5.6532631 0.1595811
v -0.3209635 -0.0054249 0.1271742
vn -1.0891455 -3.0073242 3.7895472
v -0.3209635 -0.0025119 0.1351524
vn 2.1939220 -1.9234574 -3.6985755
v -0.3123401 -0.0012084 0.1203036
vn 1.2277149 -3.8544474 -2.5954936
v -0.3085223 -0.0043762 0.1262595
vn -0.9443013 -3.1512942 2.8760285
v -0.3088517 -0.0045640 0.1376742
vn 0.6766666 -3.1978502 -2.9992161
v -0.2967398 -0.0047581 0.1288671
vn -1.6025329 -3.9175987 2.3508399
v -0.2976358 -0.0050183 0.1403593
vn -2.4098098 -1.8706317 3.5579038
v -0.2941958 -0.0020197 0.1466895
vn 0.7082606 -2.9653232 -4.0684247
v -0.2846280 -0.0033577 0.1307422
vn -0.0779953 -5.4110308 -0.2246004
v -0.2846280 -0.0073200 0.1392860
vn -0.9617534 -3.1064827 3.7584734
v -0.2846280 -0.0039623 0.1485081
vn 2.3236406 -1.7505543 -3.7873693
v -0.2750458 -0.0016396 0.1321871
vn 1.3545237 -3.8965361 -2.5038967
v -0.2716116 -0.0053540 0.1381707
vn -1.8050086 -3.7120054 2.7865341
v -0.2719002 -0.0048478 0.1519111
vn -2.4753661 -1.5914321 4.3191271
v -0.2674523 -0.0007960 0.1578264
vn 0.4925920 -3.1509686 -3.4525132
v -0.2604043 -0.0055232 0.1404568
vn -0.7597555 -5.2860498 0.8747306
v -0.2604043 -0.0081642 0.1513979
vn -1.2333262 -2.6075993 4.6888471
v -0.2604043 -0.0026411 0.1590966
vn 0.8942295 -2.8535252 -4.3278503
v -0.2482925 -0.0041312 0.1423318
vn -0.0573295 -5.4173155 -0.3010444
v -0.2482925 -0.0089551 0.1513979
vn -1.0233562 -2.9406345 4.0975676
v -0.2482925 -0.0048238 0.1612433
vn -1.4069819 -4.6593747 -1.5857019
v -0.2322038 -0.0123984 0.1568872
vn -1.8706397 -4.5651608 1.4904125
v -0.2322038 -0.0123984 0.1582248
vn 1.1477031 -2.4662530 -4.9258194
v -0.2361807 -0.0018151 0.1442165
vn -0.4008931 -5.2295594 -2.1775739
v -0.2362169 -0.0085206 0.1522691
vn -2.2620852 -3.4551592 3.7631798
v -0.2360801 -0.0065413 0.1634941
vn -2.5597672 -1.5065629 4.1726294
v -0.2318819 -0.0013018 0.1701725
vn 1.5858228 -4.2948265 -1.9078751
v -0.2282610 -0.0123984 0.1568872
vn 1.3068998 -5.3680487 1.1725732
v -0.2282610 -0.0123984 0.1582248
vn 2.4365072 -1.4555734 -4.4213738
v -0.2297358 -0.0002556 0.1452189
vn 2.0528510 -3.2467239 -4.2193928
v -0.2249611 -0.0059605 0.1517055
vn 0.4419422 -5.2911897 1.5788815
v -0.2241618 -0.0095867 0.1627611
vn -1.1845798 -2.6075335 4.7177787
v -0.2240689 -0.0032343 0.1715229
vn 0.9789542 -2.7761879 -4.5183058
v -0.2119570 -0.0044900 0.1541604
vn 0.0498736 -5.4509516 -0.1262915
v -0.2119570 -0.0097028 0.1635097
vn -0.9714320 -2.9265156 4.1422253
v -0.2119570 -0.0052129 0.1736621
vn -1.6292499 -4.8777366 -1.3058743
v -0.1968246 -0.0123614 0.1690641
vn -1.7067552 -4.4593105 1.5897148
v -0.1968246 -0.0123614 0.1703080
vn 1.4590867 -2.3642974 -4.9373984
v -0.1998452 -0.0019127 0.1562481
vn -0.1270980 -5.3081350 -2.0909913
v -0.2004552 -0.0087388 0.1644200
vn -2.1878030 -3.5269775 3.6676188
v -0.2005578 -0.0068771 0.1757037
vn -2.5302660 -1.5631874 4.1366096
v -0.1962164 -0.0017398 0.1825361
vn -3.7973113 -1.8634868 -2.1242092
v -0.1459603 -0.0252405 0.0338174
vn -4.3423195 -2.8384905 -0.6984597
v -0.1470046 -0.0264536 0.0423914
vn -4.1243558 -2.8129771 -0.0118463
v -0.1481026 -0.0271958 0.0545032
vn -4.4625378 -2.6675954 0.8243337
v -0.1472661 -0.0261806 0.0666151
vn -4.1281147 -1.7509055 2.3865311
v -0.1458251 -0.0248264 0.0739009
vn -3.7594714 1.8778559 -2.1653883
v -0.1459603 -0.0233533 0.0338174
vn -4.3573737 2.8186607 -0.7945559
v -0.1470046 -0.0219275 0.0423914
vn -4.1309485 2.8068376 -0.0463166
v -0.1481026 -0.0207623 0.0545032
vn -4.3969045 2.6838663 0.9053224
v -0.1472661 -0.0218881 0.0666151
vn -4.0712471 1.7812839 2.4302001
v -0.1458251 -0.0235335 0.0739009
vn -2.4933679 -3.0549114 -1.5940592
v -0.1353947 -0.0381313 0.0085992
vn -2.2970672 -3.4053779 1.5377146
v -0.1353947 -0.0381313 0.0148726
vn -3.7512922 -0.2915786 -2.8616252
v -0.1376534 -0.0302796 0.0066210
vn -4.1763558 -2.4280894 0.9276601
v -0.1388373 -0.0308541 0.0186130
vn -3.0781324 -3.8933544 -1.1937881
v -0.1401434 -0.0282303 0.0299799
vn -0.8153825 -5.8509493 -0.4304641
v -0.1392860 -0.0300956 0.0423914
vn -0.6776013 -5.9093719 -0.1438141
v -0.1392860 -0.0307590 0.0545032
vn -2.2574084 -5.6198835 -0.1651506
v -0.1392860 -0.0308500 0.0666151
vn -4.4453664 -3.2442760 1.6555382
v -0.1397793 -0.0288671 0.0782536
vn -5.3308535 -2.2891455 0.7167932
v -0.1369596 -0.0292151 0.0908387
vn -2.2700014 2.3218117 -2.0039310
v -0.1369632 -0.0210999 0.0083033
vn -3.0739865 3.1335797 -0.4794364
v -0.1386157 -0.0201574 0.0181677
vn -2.8886735 3.9309053 -1.6077430
v -0.1401434 -0.0207834 0.0299799
vn -0.7762117 5.8314571 -0.6981964
v -0.1392860 -0.0182800 0.0423914
vn -0.8444255 5.8504415 -0.4285247
v -0.1392860 -0.0170342 0.0545032
vn -2.1795840 5.6985273 0.4945321
v -0.1392860 -0.0174485 0.0666151
vn -3.9963274 3.4749529 1.8782203
v -0.1397793 -0.0201069 0.0782536
vn -4.5186582 2.8774273 0.9007287
v -0.1369596 -0.0204113 0.0908387
vn 0.1080492 -4.4224539 -2.6082587
v -0.1271742 -0.0388546 0.0070850
vn 0.2667169 -4.7969451 2.4206116
v -0.1271742 -0.0388546 0.0150692
vn -0.4810753 -5.9106269 -1.7340484
v -0.1211227 -0.0363359 0.0726700
vn -1.4502184 -5.9380164 -1.3607297
v -0.1235047 -0.0373645 0.0787269
vn -2.4655604 -5.6541376 -0.1774827
v -0.1258105 -0.0386786 0.0908387
vn -0.0586004 -0.1056280 -4.5391541
v -0.1271742 -0.0302796 0.0015082
vn 2.3229296 -2.7335486 4.1836638
v -0.1263340 -0.0308541 0.0212859
vn 3.3393857 -3.2869437 0.8934039
v -0.1287484 -0.0284694 0.0302796
vn 3.9123855 -3.3004062 -0.2647076
v -0.1294657 -0.0278656 0.0423914
vn 2.7574065 -3.9050398 -2.4604745
v -0.1269078 -0.0283927 0.0542977
vn -0.1887953 -5.6330576 -2.2467680
v -0.1259657 -0.0341223 0.0678257
vn -2.5010345 -5.5875063 -0.6091397
v -0.1295606 -0.0356317 0.0787269
vn -3.8927140 -4.6293774 0.1356828
v -0.1318664 -0.0352710 0.0908387
vn 0.0353321 3.8261166 -2.8505931
v -0.1271742 -0.0201916 0.0065350
vn 1.8912661 4.4317808 1.4967508
v -0.1263340 -0.0196192 0.0189201
vn 3.2567766 3.3187587 0.4202242
v -0.1287484 -0.0205762 0.0302796
vn 3.9240608 3.2957931 -0.3964580
v -0.1294657 -0.0205762 0.0423914
vn 3.1575017 3.8265412 -2.4775286
v -0.1269078 -0.0200214 0.0542977
vn 0.5715808 5.9495811 -1.3210351
v -0.1271742 -0.0159189 0.0666151
vn -1.0960307 5.9835577 0.0471235
v -0.1271742 -0.0144489 0.0787269
vn -1.9598750 5.7841330 0.3838386
v -0.1271742 -0.0149489 0.0908387
vn 2.4958262 -3.5052438 -1.7022163
v -0.1189958 -0.0378985 0.0089220
vn 2.5768461 -3.5635047 1.6362004
v -0.1189958 -0.0378985 0.0132942
vn 0.1196164 -5.6097612 -2.5301256
v -0.1210733 -0.0363359 0.0726700
vn -0.2074481 -5.9480109 -1.8491080
v -0.1162466 -0.0382332 0.0775592
vn -0.8803244 -5.9861031 -0.9208459
v -0.1150624 -0.0419743 0.0908387
vn 3.0952041 -1.4498671 -3.4643145
v -0.1150001 -0.0296699 0.0067725
vn 3.7073867 -2.0349462 3.3219929
v -0.1150001 -0.0296699 0.0149549
vn 3.2846012 -1.8890041 -3.3041089
v -0.1185036 -0.0264211 0.0581980
vn 2.2717195 -3.5381155 -4.2433443
v -0.1157512 -0.0313419 0.0673364
vn 1.1310275 -4.6605330 -3.4392552
v -0.1129988 -0.0362628 0.0727435
vn 1.3117580 3.2681069 -2.9693999
v -0.1150624 -0.0222298 0.0078300
vn 1.9122658 3.2790172 2.7958639
v -0.1150624 -0.0222298 0.0147789
vn 3.1375012 2.0377152 -3.1989467
v -0.1185036 -0.0221906 0.0581980
vn 2.9039149 3.3032174 -3.2793989
v -0.1147047 -0.0197310 0.0662701
vn 0.8643537 5.8733530 -1.4144328
v -0.1150624 -0.0145179 0.0787269
vn -0.2981517 6.1882868 -0.2724262
v -0.1150624 -0.0130804 0.0908387
vn 1.3794650 -5.0003977 -3.0549507
v -0.1029506 -0.0384020 0.0808454
vn 0.3663155 -5.8766565 -1.8073100
v -0.1029506 -0.0423305 0.0908387
vn 3.4439931 -1.4819613 -1.9928663
v -0.1086480 -0.0252263 0.0100300
vn 3.4117880 -1.5236195 2.0081589
v -0.1086480 -0.0252263 0.0123954
vn 3.1511385 -1.3551286 -4.5019979
v -0.1059745 -0.0281882 0.0700773
vn 3.3601587 -1.9070147 -4.4575877
v -0.1023425 -0.0314471 0.0749015
vn 2.6096601 1.8367504 -1.7033890
v -0.1086480 -0.0238176 0.0100300
vn 2.6579354 1.8608105 1.6861446
v -0.1086480 -0.0238176 0.0123954
vn 3.0786941 2.0795746 -3.4662299
v -0.1059745 -0.0218895 0.0700773
vn 2.7900355 3.9743433 -3.2223656
v -0.1023425 -0.0189797 0.0780515
vn 1.1308806 5.8729210 -1.3053972
v -0.1029506 -0.0137632 0.0908387
vn 1.6845758 -4.5027957 -1.8384101
v -0.1924275 -0.0123614 0.1690641
vn 0.9288860 -5.3205719 1.4297895
v -0.1924275 -0.0123614 0.1703080
vn 2.5769935 -1.4385002 -4.3671222
v -0.1935957 -0.0001546 0.1573820
vn 2.2146664 -3.1862926 -4.2554970
v -0.1889744 -0.0057978 0.1639882
vn 0.4993385 -5.3143330 1.3018425
v -0.1881275 -0.0098632 0.1748558
vn -1.1414409 -2.6989124 4.5950470
v -0.1877334 -0.0037483 0.1840415
vn 1.2667960 -2.7307775 -4.5166616
v -0.1756215 -0.0039284 0.1668104
vn 0.6824706 -5.2538662 -0.3251171
v -0.1756215 -0.0093897 0.1756215
vn -0.7377752 -3.0839219 3.7462697
v -0.1756215 -0.0054613 0.1863384
vn 2.5753622 -1.6389416 -3.9845829
v -0.1669361 -0.0018715 0.1684709
vn 0.9796275 -4.0030508 -3.0970926
v -0.1631432 -0.0058219 0.1747731
vn -2.2711449 -3.8717511 2.5724061
v -0.1645627 -0.0063169 0.1888749
vn -3.8081832 -1.8023474 -1.9040370
v -0.1470858 -0.0139378 0.1679703
vn -4.5272131 -3.6862545 0.1676424
v -0.1477152 -0.0135751 0.1756215
vn -2.8675504 -5.4620099 0.3157594
v -0.1467625 -0.0122368 0.1848381
vn -4.2066040 0.8553039 -3.3282256
v -0.1470858 -0.0101397 0.1679703
vn -3.1127400 -2.1422892 -3.8225782
v -0.1509614 -0.0069739 0.1749167
vn -1.9734678 -5.4999757 0.8138324
v -0.1510390 -0.0111478 0.1884186
vn -5.6491785 -1.9671382 0.5792968
v -0.1355585 -0.0275496 0.1029506
vn -5.3491993 -2.2861843 -0.3242931
v -0.1359453 -0.0267383 0.1150624
vn -4.9169731 -2.4437549 -0.0941032
v -0.1371549 -0.0271923 0.1271742
vn -5.0243688 -2.3600836 0.2951848
v -0.1366730 -0.0268765 0.1392860
vn -4.9535952 -2.8100328 0.2539908
v -0.1360977 -0.0267454 0.1513979
vn -4.4580770 -3.9783092 0.6229131
v -0.1352896 -0.0260403 0.1635097
vn -3.8551817 -4.5734725 1.4808739
v -0.1341579 -0.0249460 0.1708824
vn -4.8938875 2.7211411 0.4158964
v -0.1355585 -0.0221226 0.1029506
vn -4.8565202 2.6705976 -0.5043439
v -0.1359453 -0.0221837 0.1150624
vn -4.8939443 2.3815589 -0.6614299
v -0.1371549 -0.0205056 0.1271742
vn -5.6183891 2.0387454 -0.4716328
v -0.1361582 -0.0176508 0.1398767
vn -5.9988647 0.4372486 -0.8100694
v -0.1372309 -0.0181677 0.1513979
vn -4.9737282 -2.3035722 -1.7339590
v -0.1404553 -0.0180522 0.1637637
vn -3.5676336 -4.9840808 1.0966072
v -0.1386315 -0.0196996 0.1752004
vn -2.3346887 -5.5360837 1.6898652
v -0.1403757 -0.0141013 0.1884186
vn -4.7218037 3.6298616 -1.4301013
v -0.1335197 -0.0117552 0.1443077
vn -5.1297264 2.9457843 -1.8439575
v -0.1343634 -0.0103907 0.1513979
vn -4.5411682 1.3822776 -3.9586787
v -0.1388330 -0.0061194 0.1635870
vn -3.7573943 1.0951577 -4.0637541
v -0.1432145 -0.0020652 0.1715887
vn -1.8696491 -5.1503401 2.3179011
v -0.1451395 -0.0120753 0.1929127
vn -3.1095691 -5.2869563 0.4236636
v -0.1250184 -0.0387224 0.1029506
vn -3.3030469 -5.2806005 0.5130046
v -0.1233349 -0.0378648 0.1150624
vn -3.2996702 -5.3404841 0.1711078
v -0.1225175 -0.0373419 0.1271742
vn -3.4097483 -5.2544150 0.2192306
v -0.1225509 -0.0373557 0.1392860
vn -3.2182221 -5.3510017 0.5694386
v -0.1218387 -0.0368367 0.1513979
vn -2.9318495 -5.4185367 1.0299288
v -0.1212002 -0.0363764 0.1576577
vn -4.4281812 -4.3032069 0.8299962
v -0.1310743 -0.0336055 0.1029506
vn -4.1409965 -4.6980829 0.2808965
v -0.1293908 -0.0327942 0.1150624
vn -3.6350415 -5.1221285 0.1372578
v -0.1285734 -0.0332482 0.1271742
vn -3.7156451 -5.0615911 0.2139741
v -0.1286068 -0.0329324 0.1392860
vn -3.5903687 -5.1228247 0.5043385
v -0.1278946 -0.0328014 0.1513979
vn -3.2607832 -5.2124095 1.1851919
v -0.1260122 -0.0324849 0.1624209
vn -3.1889868 -5.0206680 1.9613047
v -0.1272959 -0.0277403 0.1752004
vn -3.2577963 -4.8959289 2.1381388
v -0.1233398 -0.0260904 0.1853997
vn -2.5173345 5.7038274 0.5057322
v -0.1271742 -0.0170841 0.1029506
vn -2.5547657 5.6633921 -0.6941958
v -0.1271742 -0.0169874 0.1150624
vn -2.7587562 5.3265929 -1.7706825
v -0.1273491 -0.0141531 0.1264624
vn -3.8365474 4.6143332 -1.6870875
v -0.1315030 -0.0132688 0.1362332
vn -3.3187180 -4.8599720 2.1618252
v -0.1314143 -0.0228071 0.1789570
vn -3.3129776 -4.7955327 2.2990661
v -0.1272959 -0.0212023 0.1887555
vn -2.5603373 5.1607757 -2.4565334
v -0.1234284 -0.0108706 0.1300251
vn -3.4861200 4.6628318 -2.3420992
v -0.1273491 -0.0087689 0.1398767
vn -4.5293288 2.5614374 -2.9300547
v -0.1275209 -0.0035060 0.1502332
vn -4.1389546 1.4367050 -3.4753041
v -0.1317893 -0.0020992 0.1592037
vn -1.6241721 -5.9629698 -0.0600955
v -0.1150624 -0.0427157 0.1029506
vn -2.2936468 -5.8167596 0.1846440
v -0.1150624 -0.0419808 0.1150624
vn -2.7180386 -5.6463451 -0.0279108
v -0.1150624 -0.0416806 0.1271742
vn -2.7661855 -5.5727682 0.2943389
v -0.1150624 -0.0419102 0.1392860
vn -2.4801781 -5.6474562 0.9442893
v -0.1150624 -0.0404908 0.1513979
vn -2.0855775 -5.7670922 1.3533528
v -0.1149951 -0.0378353 0.1624209
vn -1.9072444 -5.7649221 1.5734777
v -0.1109129 -0.0369768 0.1718553
vn -2.5857363 -5.4910712 1.4948343
v -0.1189875 -0.0355702 0.1657322
vn -2.4509850 -5.4490128 1.8652341
v -0.1149951 -0.0342807 0.1757841
vn -2.5071504 -5.2688680 2.2689424
v -0.1161205 -0.0287569 0.1887555
vn -0.9454784 6.1745124 0.0213350
v -0.1150624 -0.0134404 0.1029506
vn -1.0394489 6.1480274 -0.5890167
v -0.1140969 -0.0129238 0.1160218
vn -1.4182533 5.7623339 -1.9812473
v -0.1174905 -0.0123968 0.1219506
vn -3.0271323 -4.7280622 2.6622949
v -0.1208633 -0.0240718 0.1934742
vn -1.1946080 5.4729347 -2.0627964
v -0.1094159 -0.0120840 0.1206986
vn -1.6525548 5.0962734 -3.2494957
v -0.1140969 -0.0093011 0.1264624
vn -3.3487711 2.8300228 -3.9154034
v -0.1162203 -0.0020888 0.1385473
vn -4.0126777 1.7012371 -3.7474284
v -0.1210295 -0.0000636 0.1454194
vn -0.5488936 -6.1239820 -0.7773921
v -0.1029506 -0.0448146 0.1029506
vn -1.2458863 -6.0728126 -0.4900525
v -0.1029506 -0.0458724 0.1150624
vn -1.5573124 -6.0150261 -0.2652028
v -0.1029506 -0.0465780 0.1271742
vn -1.6092281 -5.9529738 0.3785262
v -0.1029506 -0.0468338 0.1392860
vn -1.5366236 -5.8779039 1.2635804
v -0.1029506 -0.0450183 0.1513979
vn -1.3993548 -5.8906708 1.6065308
v -0.1029506 -0.0414843 0.1635097
vn -1.2984660 -5.9324846 1.5903502
v -0.1030068 -0.0380226 0.1757841
vn -1.1832700 -5.9069095 1.7163013
v -0.0990070 -0.0368699 0.1835582
vn -1.8535210 -5.6885257 1.8510551
v -0.1070816 -0.0358466 0.1799298
vn -1.7244087 -5.5389342 2.3054073
v -0.1030068 -0.0345072 0.1876506
vn -0.0366091 6.2390685 -0.5669731
v -0.1021882 -0.0125559 0.1038438
vn -0.6011960 6.2319050 -0.4836794
v -0.1057173 -0.0123189 0.1126241
vn -0.3776285 6.1846108 -0.9363363
v -0.0976428 -0.0120626 0.1084767
vn -1.2834224 5.7419171 -1.8451685
v -0.1021882 -0.0114702 0.1160218
vn -2.3192489 3.1912827 -4.2668514
v -0.1030130 -0.0046056 0.1279500
vn -3.2076426 1.7643864 -4.0417004
v -0.1070920 -0.0006217 0.1340175
vn -2.7664208 -1.6149271 3.7918363
v -0.1612275 -0.0026965 0.1954377
vn -1.8498266 -2.4258900 4.7670164
v -0.1513979 -0.0050229 0.1976169
vn -2.3105633 -5.0576520 2.8676243
v -0.1370649 -0.0126819 0.1956210
vn -2.7695951 -2.8535063 4.4671421
v -0.1405618 -0.0073184 0.2004700
vn -3.0685422 -1.0799345 4.5173993
v -0.1359841 -0.0025614 0.2071351
vn -2.8501751 -4.7996073 2.8762865
v -0.1273423 -0.0154659 0.1997330
vn -2.5364361 -3.8596029 3.9873333
v -0.1234171 -0.0132465 0.2071759
vn -2.7826462 -4.0677605 3.7634346
v -0.1314917 -0.0106360 0.2036955
vn -2.5117664 -1.8006046 5.2465682
v -0.1273423 -0.0063816 0.2092626
vn -2.2649820 -4.9819198 2.9981003
v -0.1127887 -0.0263638 0.1967000
vn -2.5334136 -4.6196356 3.4150462
v -0.1161205 -0.0218567 0.2003804
vn -2.2143600 -3.9973490 4.2345057
v -0.1150624 -0.0153229 0.2093506
vn -2.8583565 -1.6905529 5.1547070
v -0.1149912 -0.0062992 0.2153617
vn -2.6097660 -0.6503952 5.3512487
v -0.1109064 -0.0024242 0.2188234
vn -1.7117045 -5.1430149 3.1268573
v -0.1028173 -0.0279574 0.2003804
vn -1.6755943 -4.7841444 3.6697340
v -0.0986912 -0.0249303 0.2067680
vn -2.0516803 -4.6247973 3.6872826
v -0.1067658 -0.0233331 0.2047745
vn -1.9706372 -4.2835112 4.1478934
v -0.1030289 -0.0182758 0.2120341
vn -1.8848642 -3.3248556 4.8242598
v -0.0992920 -0.0132185 0.2189644
vn -2.2624791 -2.9723549 4.8968325
v -0.1073665 -0.0104987 0.2173002
vn -1.9288929 -1.2822878 5.7358713
v -0.1031778 -0.0062992 0.2205242
vn 2.6387169 -3.9662917 -3.3829813
v -0.0952999 -0.0373000 0.0834976
vn 2.3047903 -4.7732110 -3.0269809
v -0.0910931 -0.0393784 0.0908085
vn 3.7111406 -1.0680519 -4.7171626
v -0.0930230 -0.0302796 0.0814607
vn 3.8047261 -0.7926644 -4.3880472
v -0.0869671 -0.0302796 0.0865741
vn 3.1297486 2.5795267 -3.5264320
v -0.0933272 -0.0215628 0.0816385
vn 2.8119543 4.4227452 -2.8755352
v -0.0899094 -0.0188270 0.0898796
vn 2.9005105 -3.8536615 -3.4335785
v -0.0821415 -0.0378078 0.0948257
vn 3.8987434 -0.8149756 -4.5678196
v -0.0798156 -0.0302796 0.0926300
vn 3.1423542 2.9745574 -3.4461677
v -0.0808011 -0.0216020 0.0932774
vn -0.0653825 -6.2785091 -0.1757048
v -0.0851111 -0.0484514 0.1331366
vn -0.1086034 -6.2804523 -0.0698386
v -0.0866307 -0.0485323 0.1392860
vn -0.3657876 -6.0828009 0.9383569
v -0.0869184 -0.0485565 0.1457515
vn 0.8979649 -5.8437104 -1.7765752
v -0.0908387 -0.0444600 0.1029506
vn -0.0546169 -6.1289048 -0.9574425
v -0.0908387 -0.0471902 0.1150624
vn -0.2776681 -6.2426744 -0.3718201
v -0.0898245 -0.0482228 0.1283293
vn -0.6790200 -6.2026825 0.2417011
v -0.0926866 -0.0483352 0.1392860
vn -0.5750330 -6.0465646 1.4471289
v -0.0909089 -0.0470244 0.1504324
vn -0.4329691 -6.0256643 1.6719590
v -0.0908387 -0.0433017 0.1635097
vn -0.4380569 -6.0451546 1.5923731
v -0.0908387 -0.0400204 0.1756215
vn -0.3998653 -6.0428929 1.6080865
v -0.0908387 -0.0374083 0.1857639
vn -0.7067197 -5.7011971 2.2789264
v -0.0908387 -0.0357459 0.1918199
vn 1.2853212 5.8982835 -1.5595136
v -0.0918373 -0.0134621 0.1038438
vn 0.4979013 5.4135046 -2.8826027
v -0.0884657 -0.0126213 0.1096748
vn 0.3354332 5.9956121 -1.7739868
v -0.0965403 -0.0120626 0.1084767
vn -0.8009903 5.4015689 -3.0203881
v -0.0918373 -0.0098071 0.1142522
vn -1.5798975 2.6698627 -4.5576715
v -0.0908387 -0.0032120 0.1246302
vn 0.2762258 -6.2598433 -0.2510515
v -0.0847250 -0.0484514 0.1331366
vn 0.3082796 -6.2664995 -0.0742444
v -0.0840668 -0.0485323 0.1392860
vn 0.4721024 -6.0512352 0.9306451
v -0.0838860 -0.0485565 0.1457515
vn 2.5706697 -4.7032290 -2.9393334
v -0.0783533 -0.0403629 0.1024604
vn 1.7590613 -5.6850591 -1.4050069
v -0.0787269 -0.0457953 0.1150624
vn 1.3255175 -6.0029321 -0.5583053
v -0.0799034 -0.0478577 0.1283293
vn 1.5621026 -5.9728184 0.1379039
v -0.0780109 -0.0479495 0.1392860
vn 1.1269990 -5.9397645 1.3040345
v -0.0794000 -0.0468797 0.1504324
vn 0.8072503 -5.9797182 1.5537229
v -0.0787269 -0.0432881 0.1635097
vn 0.5986037 -6.0340362 1.5607655
v -0.0787269 -0.0399255 0.1756215
vn 0.4367829 -6.0633879 1.5283253
v -0.0787269 -0.0373560 0.1857798
vn 4.0076327 -0.5571021 -4.0534368
v -0.0737597 -0.0302796 0.0978378
vn 0.4991581 -5.8674073 1.9698269
v -0.0787269 -0.0358571 0.1918357
vn 2.5240326 4.4181037 -3.3084455
v -0.0775491 -0.0184640 0.1017729
vn 0.8502436 4.4841013 -4.2346544
v -0.0787269 -0.0129343 0.1098917
vn -1.1148176 3.0241640 -5.0111399
v -0.0780218 -0.0055873 0.1167850
vn -2.6080461 1.6401267 -4.0848427
v -0.0815890 -0.0012377 0.1224893
vn 3.5443778 -3.5711603 -2.9032388
v -0.0703942 -0.0381962 0.1061709
vn 3.5708258 -4.5481668 -1.8919181
v -0.0679406 -0.0403616 0.1150624
vn 3.1730309 -5.2606378 -0.9166894
v -0.0654080 -0.0414148 0.1259772
vn 2.8733468 -5.4539289 -0.0297995
v -0.0666151 -0.0435973 0.1392860
vn 2.4795454 -5.6166921 0.7168143
v -0.0666151 -0.0427388 0.1513979
vn 2.1600795 -5.7127757 1.3445852
v -0.0656507 -0.0395710 0.1643173
vn 1.7808211 -5.8572292 1.3452225
v -0.0687921 -0.0378684 0.1756215
vn 1.4069482 -5.9157171 1.4580590
v -0.0711251 -0.0368002 0.1835793
vn 4.8091187 -0.5502785 -3.5534887
v -0.0685420 -0.0302796 0.1038938
vn 4.6827588 -1.6495652 -3.5486560
v -0.0621049 -0.0314848 0.1144435
vn 4.2385550 -3.8357205 -2.1373389
v -0.0605661 -0.0363256 0.1211420
vn 2.2781639 -5.7345042 1.0743153
v -0.0609705 -0.0361550 0.1688930
vn 1.8054999 -5.9259043 1.0150757
v -0.0627362 -0.0356531 0.1756215
vn 1.4308206 -5.9006872 1.5792185
v -0.0668987 -0.0345554 0.1876633
vn 3.5900693 2.5279357 -3.6801085
v -0.0694425 -0.0207735 0.1050251
vn 2.9957812 1.7377559 -4.9660654
v -0.0658892 -0.0173089 0.1114800
vn 0.5108826 1.5055215 -5.9321990
v -0.0666151 -0.0060559 0.1162786
vn 4.0762501 -4.6250796 -0.8763527
v -0.0594605 -0.0375377 0.1292165
vn 3.8203940 -4.9604769 -0.2087936
v -0.0589370 -0.0380392 0.1392860
vn 3.5277758 -5.1735201 0.2507678
v -0.0587948 -0.0378909 0.1513979
vn 3.0345333 -5.3932247 0.8454334
v -0.0592709 -0.0373400 0.1608184
vn 4.0802317 -1.9460685 -4.0629449
v -0.0574371 -0.0282511 0.1180682
vn 4.0396404 -4.0905638 -2.2994673
v -0.0544115 -0.0310242 0.1257901
vn 3.1617272 -5.2741838 -0.7271692
v -0.0528811 -0.0327921 0.1392860
vn 2.5744860 -5.6010199 -0.1392832
v -0.0527389 -0.0333697 0.1513979
vn 2.0050833 -5.8807101 0.3671349
v -0.0549415 -0.0343756 0.1643173
vn 1.2376821 -6.1078968 0.7039513
v -0.0545032 -0.0334663 0.1756215
vn 0.9078192 -6.0889187 1.2060074
v -0.0545032 -0.0317714 0.1877334
vn 2.5832410 -1.0566353 -5.5665789
v -0.0538412 -0.0179016 0.1182044
vn 2.6472783 -3.1081696 -4.6687217
v -0.0493625 -0.0217614 0.1223638
vn 0.7532068 0.0530576 -6.1643133
v -0.0545032 -0.0060559 0.1176362
vn 1.0671169 -5.2310247 -3.0328848
v -0.0423914 -0.0262929 0.1297656
vn 0.7507043 -6.0022783 -1.3364034
v -0.0423914 -0.0291664 0.1392860
vn 0.4641410 -6.1178322 -0.6456386
v -0.0423914 -0.0306733 0.1513979
vn 0.3415675 -6.2170749 -0.2397470
v -0.0423914 -0.0318841 0.1635097
vn 0.1890384 -6.2486777 0.3650965
v -0.0423914 -0.0319555 0.1756215
vn -0.0087851 -6.2051201 0.9269530
v -0.0423914 -0.0308550 0.1877334
vn 0.1023272 -2.4068050 -5.7398567
v -0.0423914 -0.0145313 0.1200312
vn 0.5176227 -3.9402897 -4.7966847
v -0.0423914 -0.0205872 0.1237097
vn -0.6429916 -1.0952289 -6.0871100
v -0.0423914 -0.0060559 0.1170411
vn -0.7225996 -5.3583016 -3.0831571
v -0.0302796 -0.0267741 0.1296349
vn -0.9582312 -5.9881988 -1.5505157
v -0.0302796 -0.0304436 0.1392860
vn -1.0116199 -6.1586413 -0.6954354
v -0.0302796 -0.0322433 0.1513979
vn -0.8681133 -6.2176566 -0.1069932
v -0.0302796 -0.0330810 0.1635097
vn -0.7249527 -6.2281432 0.3437824
v -0.0302796 -0.0328219 0.1756215
vn -0.6669340 -6.1756921 0.9099110
v -0.0302796 -0.0316896 0.1877334
vn -0.8896990 -3.0106220 -5.4008617
v -0.0302796 -0.0155757 0.1189254
vn -0.8210642 -4.2653599 -4.5121551
v -0.0302796 -0.0216316 0.1235790
vn -1.0895621 -1.2095957 -5.9469838
v -0.0302796 -0.0060559 0.1148966
vn -1.1462594 -6.1629295 -0.1900704
v -0.0122758 -0.0363665 0.1570127
vn -1.0732929 -6.1885071 0.0310996
v -0.0122758 -0.0363665 0.1592115
vn -1.0069830 -4.2751637 -4.3179770
v -0.0123760 -0.0242781 0.1210485
vn -0.9892878 -5.2895193 -3.1873124
v -0.0171151 -0.0272316 0.1266058
vn -1.1189141 -5.8680654 -1.7369395
v -0.0181677 -0.0329638 0.1392860
vn -1.2908229 -6.1188011 -0.5489593
v -0.0170549 -0.0350659 0.1523444
vn -1.1655643 -6.1715841 0.0515782
v -0.0170549 -0.0354174 0.1633531
vn -1.0288458 -6.1794982 0.4485142
v -0.0181677 -0.0347231 0.1756215
vn -0.8255019 -6.1362014 0.9963931
v -0.0181677 -0.0334747 0.1877334
vn -1.0834093 -3.1131475 -5.3284812
v -0.0171151 -0.0187371 0.1183526
vn -1.1547815 -4.2368183 -4.3975964
v -0.0204506 -0.0231540 0.1221896
vn -1.1031229 -1.2805191 -5.9089856
v -0.0181677 -0.0060559 0.1126062
vn -0.9118565 -6.0453305 -1.2197018
v -0.0026912 -0.0368351 0.1433224
vn -0.9339146 -6.1980419 -0.3328116
v -0.0064594 -0.0370846 0.1523444
vn -0.8757989 -6.2174039 0.1100679
v -0.0071119 -0.0371334 0.1633531
vn -0.8400084 -6.2043643 0.4792881
v -0.0041042 -0.0369592 0.1756215
vn -0.7060421 -6.1039119 1.1227860
v -0.0016937 -0.0365861 0.1826826
vn -0.6588997 -4.3254175 -4.3159137
v -0.0060559 -0.0248148 0.1202860
vn -0.7545072 -5.3721409 -3.1050484
v -0.0060559 -0.0295056 0.1271742
vn -1.0360283 -5.8309760 -1.9591409
v -0.0064594 -0.0350903 0.1392855
vn -1.2008109 -6.1095743 -0.7461723
v -0.0107657 -0.0360805 0.1489381
vn -1.0348542 -6.1883559 0.2488356
v -0.0118531 -0.0362953 0.1672861
vn -0.9633549 -6.1796217 0.5635685
v -0.0101601 -0.0360435 0.1756215
vn -0.6667814 -6.1009154 1.2873155
v -0.0058610 -0.0350805 0.1871253
vn -0.8698668 -3.0587881 -5.3728456
v -0.0060559 -0.0181677 0.1157276
vn -1.3606207 -0.6008307 -5.8894753
v -0.0025768 -0.0017109 0.1085570
vn -1.2382519 -1.4482226 -5.8750458
v -0.0063908 -0.0058713 0.1103624
vn -0.9207406 -5.3515086 3.0780609
v -0.0908387 -0.0315282 0.1998452
vn -1.0310551 -5.0111561 3.5604005
v -0.0908387 -0.0260619 0.2085552
vn -1.2213227 -4.4938002 4.1366892
v -0.0908387 -0.0211415 0.2146111
vn -1.1706294 -3.5024276 4.9290304
v -0.0908387 -0.0150856 0.2204189
vn -1.5066121 -1.3749566 5.6992946
v -0.0908387 -0.0060559 0.2249304
vn 0.2373373 -5.5307894 2.8462660
v -0.0787269 -0.0323901 0.1998452
vn -0.0354404 -5.1800790 3.4286952
v -0.0787269 -0.0268125 0.2095599
vn -0.1216517 -4.6408639 4.1208582
v -0.0787269 -0.0221715 0.2156158
vn -0.3352746 -3.7681727 4.8676739
v -0.0787269 -0.0161156 0.2215560
vn -1.1005081 -1.8521037 5.6636739
v -0.0782745 -0.0051952 0.2278471
vn -1.2063994 -0.9908634 5.6176028
v -0.0739357 -0.0005841 0.2303240
vn 0.9070103 -5.7233772 2.3641031
v -0.0666151 -0.0306037 0.1998452
vn 0.4976781 -5.3288274 3.2290709
v -0.0666151 -0.0262258 0.2087240
vn 0.3897188 -4.7993155 4.0286136
v -0.0666151 -0.0215967 0.2147799
vn 0.2722374 -4.0924578 4.6957402
v -0.0666151 -0.0155407 0.2214924
vn 0.1503521 -3.0675786 5.4418073
v -0.0666151 -0.0066764 0.2275483
vn 0.0795653 -1.3330587 5.9755774
v -0.0666151 -0.0006205 0.2303396
vn 0.4778807 -5.9593554 1.8921502
v -0.0545032 -0.0288666 0.1998452
vn 0.2825219 -5.4559412 3.0127656
v -0.0545032 -0.0256294 0.2081304
vn 0.3002110 -4.8680105 3.9539604
v -0.0545032 -0.0211740 0.2141863
vn 0.3262557 -4.0445848 4.7255163
v -0.0545032 -0.0151181 0.2210193
vn 0.8769963 -2.0016036 5.6896143
v -0.0550793 -0.0049907 0.2275277
vn 1.3561765 -0.9638183 5.5906253
v -0.0595007 -0.0002432 0.2302120
vn -0.0742268 -6.0268116 1.7262061
v -0.0423914 -0.0284893 0.1998452
vn -0.0427698 -5.4587173 3.0066381
v -0.0423914 -0.0255057 0.2078322
vn 0.0275786 -4.8285360 4.0149341
v -0.0423914 -0.0209173 0.2138881
vn 0.1574182 -3.9689624 4.7966895
v -0.0423914 -0.0148614 0.2205988
vn 0.3639517 -1.7239614 5.8010130
v -0.0423914 -0.0060559 0.2260710
vn -0.5894809 -5.9607339 1.8295108
v -0.0302796 -0.0292506 0.1998452
vn -0.4367459 -5.3553061 3.1491776
v -0.0302796 -0.0258756 0.2081120
vn -0.2733742 -4.6646709 4.1954441
v -0.0302796 -0.0208623 0.2141679
vn -0.0229294 -3.7996867 4.9449701
v -0.0302796 -0.0148064 0.2204093
vn 0.1580963 -1.6178797 5.8446541
v -0.0302796 -0.0060559 0.2255838
vn -0.6398238 -5.8815918 1.9327929
v -0.0181677 -0.0309910 0.1998452
vn -0.4716023 -5.1576166 3.3805418
v -0.0181677 -0.0267790 0.2090714
vn -0.2553502 -4.3529158 4.5055122
v -0.0181677 -0.0211475 0.2151273
vn 0.0187799 -3.5406919 5.1378169
v -0.0181677 -0.0150916 0.2203807
vn 0.1935309 -1.5239749 5.8649497
v -0.0181677 -0.0060559 0.2253481
vn -0.2396950 -5.8281517 2.1545339
v -0.0060559 -0.0319683 0.1998452
vn -0.0242751 -5.0480533 3.5393586
v -0.0060559 -0.0272192 0.2095286
vn 0.0584770 -4.1248484 4.6928930
v -0.0060559 -0.0212758 0.2155845
vn 0.2051141 -3.2743592 5.2961082
v -0.0060559 -0.0152199 0.2202011
vn 0.4619001 -1.3966142 5.9045315
v -0.0060559 -0.0060559 0.2246872
vn -1.7921047 1.6207126 -1.6482290
v -0.3635902 0.0003233 0.1087314
vn -2.6921856 2.1567309 1.3442513
v -0.3635902 0.0003233 0.1095090
vn -0.2024381 3.0719969 -3.2215929
v -0.3572990 0.0008282 0.1083831
vn -2.4286554 3.5743191 1.8406373
v -0.3567584 0.0011797 0.1141527
vn -2.2243280 2.2689471 2.6933961
v -0.3523608 0.0008620 0.1217619
vn 1.3390678 2.1302195 -2.9721224
v -0.3493579 0.0007809 0.1084504
vn 0.9233109 3.8122821 -2.5163264
v -0.3452672 0.0025603 0.1143664
vn -1.3236005 3.1578174 2.8906126
v -0.3451872 0.0026146 0.1235429
vn 0.4669602 3.1978626 -2.8142416
v -0.3330753 0.0039746 0.1171455
vn -1.6836427 3.7419379 2.5537469
v -0.3324493 0.0036421 0.1275166
vn -2.3610895 1.9571500 3.8449194
v -0.3279946 0.0007707 0.1336752
vn 0.7169706 3.0507390 -3.6690488
v -0.3209635 0.0029128 0.1189185
vn -0.1656112 5.6533194 0.1595843
v -0.3209635 0.0054246 0.1271742
vn -1.0891286 3.0073349 3.7895188
v -0.3209635 0.0025118 0.1351524
vn 2.1938963 1.9234867 -3.6985297
v -0.3123401 0.0012084 0.1203036
vn 1.2277267 3.8544531 -2.5954874
v -0.3085223 0.0043760 0.1262595
vn -0.9442940 3.1512954 2.8760357
v -0.3088517 0.0045638 0.1376742
vn 0.6766615 3.1978507 -2.9992142
v -0.2967398 0.0047579 0.1288671
vn -1.6025350 3.9176035 2.3508425
v -0.2976358 0.0050181 0.1403593
vn -2.4097848 1.8706574 3.5578656
v -0.2941958 0.0020196 0.1466895
vn 0.7082529 2.9653382 -4.0683851
v -0.2846280 0.0033575 0.1307422
vn -0.0780239 5.4111090 -0.2246057
v -0.2846280 0.0073197 0.1392860
vn -0.9617763 3.1064875 3.7584567
v -0.2846280 0.0039621 0.1485081
vn 2.3236151 1.7505695 -3.7873523
v -0.2750458 0.0016395 0.1321871
vn 1.3544642 3.8965323 -2.5039034
v -0.2716116 0.0053540 0.1381707
vn -1.8050090 3.7120047 2.7865245
v -0.2719002 0.0048478 0.1519111
vn -2.4753540 1.5914384 4.3191242
v -0.2674523 0.0007959 0.1578264
vn 0.4926094 3.1509733 -3.4524682
v -0.2604043 0.0055232 0.1404568
vn -0.7596855 5.2860575 0.8747720
v -0.2604043 0.0081641 0.1513979
vn -1.2332939 2.6076045 4.6888499
v -0.2604043 0.0026409 0.1590966
vn 0.8942469 2.8535357 -4.3278236
v -0.2482925 0.0041311 0.1423318
vn -0.0573297 5.4173903 -0.3010446
v -0.2482925 0.0089547 0.1513979
vn -1.0233473 2.9406404 4.0975461
v -0.2482925 0.0048236 0.1612433
vn 1.1476675 2.4662678 -4.9258113
v -0.2361807 0.0018150 0.1442165
vn -0.4009134 5.2295756 -2.1775417
v -0.2362165 0.0085205 0.1522692
vn -2.2620800 3.4553323 3.7631006
v -0.2360797 0.0065412 0.1634939
vn -2.5597916 1.5065957 4.1725492
v -0.2318819 0.0013017 0.1701725
vn -1.4069256 4.6594305 -1.5857244
v -0.2322031 0.0123983 0.1568874
vn -1.8705807 4.5652871 1.4903946
v -0.2322031 0.0123983 0.1582245
vn 2.4365251 1.4556053 -4.4213171
v -0.2297358 0.0002556 0.1452189
vn 2.0528579 3.2468679 -4.2193379
v -0.2249614 0.0059605 0.1517056
vn 0.4419225 5.2912097 1.5788362
v -0.2241621 0.0095866 0.1627610
vn -1.1845584 2.6075449 4.7177687
v -0.2240689 0.0032342 0.1715229
vn 1.5857595 4.2949333 -1.9078799
v -0.2282616 0.0123983 0.1568874
vn 1.3068606 5.3680735 1.1725858
v -0.2282616 0.0123983 0.1582245
vn 0.9789329 2.7761941 -4.5182981
v -0.2119570 0.0044898 0.1541604
vn 0.0498450 5.4510150 -0.1262818
v -0.2119570 0.0097025 0.1635097
vn -0.9714224 2.9265203 4.1422071
v -0.2119570 0.0052127 0.1736621
vn 1.4590663 2.3642831 -4.9374275
v -0.1998452 0.0019127 0.1562481
vn -0.1271067 5.3081336 -2.0909827
v -0.2004547 0.0087387 0.1644201
vn -2.1878176 3.5271375 3.6675379
v -0.2005573 0.0068770 0.1757036
vn -2.5303016 1.5632091 4.1365314
v -0.1962164 0.0017397 0.1825361
vn -1.6291656 4.8778191 -1.3058984
v -0.1968237 0.0123614 0.1690643
vn -1.7066696 4.4594302 1.5897323
v -0.1968237 0.0123614 0.1703079
vn -3.7594831 -1.8778353 -2.1653848
v -0.1459604 0.0233532 0.0338173
vn -4.3573852 -2.8186569 -0.7945300
v -0.1470046 0.0219274 0.0423914
vn -4.1309667 -2.8068395 -0.0462991
v -0.1481026 0.0207622 0.0545032
vn -4.3969326 -2.6838560 0.9053199
v -0.1472661 0.0218880 0.0666151
vn -4.0712938 -1.7812556 2.4301941
v -0.1458251 0.0235335 0.0739008
vn -3.7972274 1.8635285 -2.1241570
v -0.1459604 0.0252405 0.0338173
vn -4.3422489 2.8385253 -0.6984050
v -0.1470046 0.0264535 0.0423914
vn -4.1243153 2.8129995 -0.0118342
v -0.1481026 0.0271956 0.0545032
vn -4.4625072 2.6676202 0.8242906
v -0.1472661 0.0261805 0.0666151
vn -4.1280956 1.7509363 2.3864813
v -0.1458251 0.0248264 0.0739008
vn -2.2700276 -2.3217680 -2.0039399
v -0.1369633 0.0210998 0.0083032
vn -3.0739696 -3.1335378 -0.4794320
v -0.1386158 0.0201571 0.0181677
vn -2.8886793 -3.9309163 -1.6076961
v -0.1401435 0.0207832 0.0299798
vn -0.7761855 -5.8314447 -0.6981626
v -0.1392860 0.0182799 0.0423914
vn -0.8444442 -5.8504343 -0.4285341
v -0.1392860 0.0170341 0.0545032
vn -2.1796544 -5.6985011 0.4945155
v -0.1392860 0.0174484 0.0666151
vn -3.9963756 -3.4749346 1.8781793
v -0.1397793 0.0201068 0.0782536
vn -4.5186806 -2.8774188 0.9007123
v -0.1369597 0.0204111 0.0908387
vn -3.7513080 0.2916808 -2.8616300
v -0.1376533 0.0302796 0.0066209
vn -4.1762953 2.4281745 0.9276308
v -0.1388373 0.0308541 0.0186128
vn -3.0781021 3.8933735 -1.1937492
v -0.1401435 0.0282302 0.0299798
vn -0.8153192 5.8510065 -0.4304141
v -0.1392860 0.0300952 0.0423914
vn -0.6776080 5.9094224 -0.1438356
v -0.1392860 0.0307585 0.0545032
vn -2.2573957 5.6199107 -0.1651850
v -0.1392860 0.0308496 0.0666151
vn -4.4452987 3.2443297 1.6554892
v -0.1397793 0.0288669 0.0782536
vn -5.3307886 2.2892187 0.7167384
v -0.1369597 0.0292150 0.0908387
vn -2.4933374 3.0550172 -1.5940347
v -0.1353945 0.0381311 0.0085992
vn -2.2970021 3.4054766 1.5376949
v -0.1353945 0.0381311 0.0148723
vn 0.0353685 -3.8260543 -2.8505919
v -0.1271742 0.0201914 0.0065348
vn 1.8913115 -4.4316955 1.4967272
v -0.1263339 0.0196189 0.0189201
vn 3.2567837 -3.3187485 0.4202724
v -0.1287485 0.0205760 0.0302796
vn 3.9241152 -3.2957957 -0.3964393
v -0.1294658 0.0205762 0.0423914
vn 3.1574650 -3.8265371 -2.4776013
v -0.1269078 0.0200212 0.0542977
vn 0.5715466 -5.9495687 -1.3210685
v -0.1271742 0.0159186 0.0666151
vn -1.0960529 -5.9835424 0.0470959
v -0.1271742 0.0144486 0.0787269
vn -1.9598818 -5.7841163 0.3838425
v -0.1271742 0.0149485 0.0908387
vn -0.0585744 0.1057138 -4.5390577
v -0.1271742 0.0302796 0.0015080
vn 2.3229232 2.7336373 4.1836400
v -0.1263339 0.0308541 0.0212856
vn 3.3393886 3.2869291 0.8934433
v -0.1287485 0.0284692 0.0302796
vn 3.9123578 3.3004303 -0.2647033
v -0.1294658 0.0278654 0.0423914
vn 2.7572820 3.9050541 -2.4605441
v -0.1269078 0.0283925 0.0542977
vn -0.1885356 5.6330595 -2.2466462
v -0.1259653 0.0341222 0.0678257
vn -2.5009742 5.5875540 -0.6092042
v -0.1295600 0.0356316 0.0787269
vn -3.8926468 4.6294456 0.1355866
v -0.1318662 0.0352710 0.0908387
vn 0.1080899 4.4225578 -2.6082339
v -0.1271742 0.0388542 0.0070850
vn 0.2667519 4.7970486 2.4205751
v -0.1271742 0.0388542 0.0150687
vn -0.4810673 5.9106264 -1.7340460
v -0.1211220 0.0363358 0.0726702
vn -1.4505486 5.9379969 -1.3605809
v -0.1235041 0.0373644 0.0787269
vn -2.4655344 5.6541471 -0.1775387
v -0.1258103 0.0386785 0.0908387
vn 1.3119135 -3.2681017 -2.9693732
v -0.1150624 0.0222299 0.0078302
vn 1.9123507 -3.2789168 2.7958608
v -0.1150624 0.0222299 0.0147788
vn 3.1374702 -2.0377011 -3.1989489
v -0.1185034 0.0221904 0.0581979
vn 2.9038858 -3.3028741 -3.2794373
v -0.1147046 0.0197307 0.0662700
vn 0.8643818 -5.8733425 -1.4144434
v -0.1150624 0.0145176 0.0787269
vn -0.2981126 -6.1882887 -0.2724154
v -0.1150624 0.0130801 0.0908387
vn 3.0952990 1.4498541 -3.4642639
v -0.1150003 0.0296696 0.0067726
vn 3.7074111 2.0350466 3.3219507
v -0.1150003 0.0296696 0.0149546
vn 3.2846589 1.8890806 -3.3036885
v -0.1185034 0.0264212 0.0581979
vn 2.2718198 3.5389960 -4.2427707
v -0.1157545 0.0313419 0.0673364
vn 1.1303713 4.6611862 -3.4391768
v -0.1130056 0.0362627 0.0727436
vn 2.4958451 3.5053129 -1.7021925
v -0.1189962 0.0378981 0.0089220
vn 2.5768290 3.5635633 1.6361930
v -0.1189962 0.0378981 0.0132939
vn 0.1196896 5.6100755 -2.5294778
v -0.1210801 0.0363358 0.0726702
vn -0.2076673 5.9480186 -1.8489493
v -0.1162507 0.0382331 0.0775593
vn -0.8803141 5.9861107 -0.9208428
v -0.1150624 0.0419740 0.0908387
vn 2.6097884 -1.8367736 -1.7033867
v -0.1086481 0.0238177 0.0100304
vn 2.6580160 -1.8608093 1.6861575
v -0.1086481 0.0238177 0.0123952
vn 3.0787196 -2.0795424 -3.4662273
v -0.1059744 0.0218893 0.0700773
vn 2.7900622 -3.9743197 -3.2223661
v -0.1023425 0.0189795 0.0780514
vn 1.1137854 -5.8748341 -1.3254455
v -0.1029506 0.0137629 0.0908387
vn 3.4440989 1.4819679 -1.9928533
v -0.1086481 0.0252257 0.0100304
vn 3.4118257 1.5236132 2.0081725
v -0.1086481 0.0252257 0.0123952
vn 3.1507158 1.3556268 -4.5017495
v -0.1059744 0.0281881 0.0700773
vn 3.3596499 1.9073471 -4.4576254
v -0.1023425 0.0314471 0.0749016
vn 1.3792795 5.0003195 -3.0551119
v -0.1029506 0.0384019 0.0808455
vn 0.3663052 5.8766613 -1.8073106
v -0.1029506 0.0423303 0.0908387
vn 2.5770037 1.4385117 -4.3670988
v -0.1935957 0.0001546 0.1573820
vn 2.2146645 3.1863680 -4.2554674
v -0.1889745 0.0057978 0.1639882
vn 0.4993150 5.3143425 1.3018153
v -0.1881277 0.0098632 0.1748557
vn -1.1414373 2.6989164 4.5950413
v -0.1877334 0.0037483 0.1840415
vn 1.6845446 4.5028634 -1.8384002
v -0.1924278 0.0123614 0.1690643
vn 0.9288658 5.3205776 1.4298010
v -0.1924278 0.0123614 0.1703079
vn 1.2667873 2.7307804 -4.5166588
v -0.1756215 0.0039284 0.1668104
vn 0.6824625 5.2538853 -0.3251179
v -0.1756215 0.0093896 0.1756215
vn -0.7377848 3.0839238 3.7462599
v -0.1756215 0.0054612 0.1863384
vn 2.5753551 1.6389476 -3.9845777
v -0.1669361 0.0018714 0.1684709
vn 0.9796172 4.0030518 -3.0970936
v -0.1631432 0.0058219 0.1747731
vn -2.2711654 3.8717504 2.5723910
v -0.1645627 0.0063169 0.1888749
vn -4.2142258 -0.8546884 -3.3249636
v -0.1470858 0.0101397 0.1679703
vn -3.1127560 2.1422896 -3.8225589
v -0.1509614 0.0069739 0.1749167
vn -1.9734960 5.4999614 0.8138252
v -0.1510390 0.0111479 0.1884189
vn -3.8128915 1.8049248 -1.8978087
v -0.1470858 0.0139378 0.1679703
vn -4.5211439 3.6898191 0.1678769
v -0.1477152 0.0135751 0.1756215
vn -2.8579772 5.4666333 0.3166050
v -0.1467624 0.0122368 0.1848386
vn -4.6217413 -3.6496358 -1.5775754
v -0.1335227 0.0117515 0.1443166
vn -5.1163635 -2.9453232 -1.8698313
v -0.1344133 0.0103324 0.1513979
vn -4.5497403 -1.3940907 -3.9467056
v -0.1388648 0.0060824 0.1635870
vn -3.7597756 -1.0981743 -4.0572844
v -0.1432145 0.0020652 0.1715887
vn -1.8631923 5.1524925 2.3121278
v -0.1451396 0.0120753 0.1929131
vn -4.8937869 -2.7211013 0.4162950
v -0.1355586 0.0221224 0.1029506
vn -4.8561764 -2.6712174 -0.5025261
v -0.1359442 0.0221854 0.1150624
vn -4.8461456 -2.4216511 -0.6361629
v -0.1371543 0.0205209 0.1271742
vn -5.5362272 -2.1188836 -0.5511691
v -0.1361602 0.0176616 0.1398820
vn -5.9932756 -0.4153627 -0.8237584
v -0.1372805 0.0181677 0.1513979
vn -4.9725137 2.3089795 -1.7190201
v -0.1404934 0.0180522 0.1637637
vn -3.5616040 4.9860067 1.1112043
v -0.1386315 0.0196690 0.1752004
vn -2.3219688 5.5429926 1.6791872
v -0.1403758 0.0140707 0.1884189
vn -5.6490707 1.9671686 0.5795813
v -0.1355586 0.0275496 0.1029506
vn -5.3494973 2.2860126 -0.3240935
v -0.1359442 0.0267371 0.1150624
vn -4.9170723 2.4437203 -0.0944723
v -0.1371543 0.0271916 0.1271742
vn -5.0241895 2.3604882 0.2949340
v -0.1366733 0.0268769 0.1392860
vn -4.9523659 2.8240061 0.2506326
v -0.1360974 0.0267452 0.1513979
vn -4.4530110 3.9888458 0.6249130
v -0.1352895 0.0260403 0.1635097
vn -3.8528185 4.5699515 1.4947039
v -0.1341579 0.0249459 0.1708824
vn -2.6299760 -5.2305312 -2.1953928
v -0.1228559 0.0112876 0.1304443
vn -3.3734725 -4.6330166 -2.5536442
v -0.1270056 0.0090314 0.1398820
vn -4.5043530 -2.5431752 -3.0076194
v -0.1275209 0.0034739 0.1502332
vn -4.1350656 -1.4389589 -3.4762089
v -0.1317893 0.0020250 0.1592037
vn -2.5444877 -5.6950159 0.4781277
v -0.1271742 0.0170838 0.1029506
vn -2.6666019 -5.6228309 -0.6728473
v -0.1271742 0.0169890 0.1150624
vn -2.7273374 -5.4295444 -1.5293607
v -0.1270056 0.0141653 0.1267139
vn -3.6000903 -4.7674665 -1.8092970
v -0.1309305 0.0132869 0.1362420
vn -3.3244352 4.8500233 2.1699293
v -0.1314143 0.0227561 0.1789569
vn -3.3222415 4.7917771 2.2910428
v -0.1272959 0.0211718 0.1887555
vn -4.4280496 4.3032928 0.8301700
v -0.1310742 0.0336055 0.1029506
vn -4.1413045 4.6977887 0.2809726
v -0.1293907 0.0327930 0.1150624
vn -3.6352620 5.1219769 0.1370367
v -0.1285733 0.0332475 0.1271742
vn -3.7155221 5.0616789 0.2138813
v -0.1286067 0.0329328 0.1392860
vn -3.5904195 5.1227956 0.5043807
v -0.1278945 0.0328011 0.1513979
vn -3.2607882 5.2124114 1.1851469
v -0.1260121 0.0324848 0.1624208
vn -3.1955209 5.0128603 1.9675117
v -0.1272959 0.0277402 0.1752004
vn -3.2672753 4.8881483 2.1382787
v -0.1233397 0.0260903 0.1853996
vn -3.1095793 5.2869301 0.4237247
v -0.1250183 0.0387223 0.1029506
vn -3.3032937 5.2804089 0.5129758
v -0.1233348 0.0378647 0.1150624
vn -3.2998445 5.3403721 0.1711005
v -0.1225174 0.0373419 0.1271742
vn -3.4097123 5.2544413 0.2192035
v -0.1225508 0.0373556 0.1392860
vn -3.2182879 5.3509555 0.5694421
v -0.1218386 0.0368367 0.1513979
vn -2.9318788 5.4185190 1.0299076
v -0.1212002 0.0363764 0.1576575
vn -1.3166006 -5.7859564 -1.7544788
v -0.1112550 0.0118226 0.1188424
vn -2.0768976 -5.2552733 -2.6916876
v -0.1152003 0.0094636 0.1267139
vn -3.4009707 -2.8139100 -3.8973823
v -0.1162203 0.0024227 0.1385473
vn -4.0343752 -1.6308336 -3.8105583
v -0.1210295 0.0000878 0.1454194
vn -0.9409267 -6.1800060 -0.0561749
v -0.1150624 0.0134401 0.1029506
vn -1.2743951 -6.0939245 -0.7057774
v -0.1152003 0.0129236 0.1149080
vn -1.8578342 -5.7555065 -1.6666983
v -0.1193295 0.0123967 0.1223697
vn -3.0313482 4.7258301 2.6597989
v -0.1208632 0.0240720 0.1934741
vn -2.5857289 5.4910779 1.4948303
v -0.1189874 0.0355702 0.1657321
vn -2.4509838 5.4490147 1.8652326
v -0.1149950 0.0342806 0.1757841
vn -2.5071208 5.2688980 2.2689142
v -0.1161205 0.0287568 0.1887555
vn -1.6241646 5.9629726 -0.0601140
v -0.1150624 0.0427155 0.1029506
vn -2.2936444 5.8167620 0.1846261
v -0.1150624 0.0419806 0.1150624
vn -2.7180412 5.6463432 -0.0279227
v -0.1150624 0.0416805 0.1271742
vn -2.7661836 5.5727696 0.2943401
v -0.1150624 0.0419101 0.1392860
vn -2.4801710 5.6474595 0.9442915
v -0.1150624 0.0404907 0.1513979
vn -2.0855718 5.7670946 1.3533502
v -0.1149950 0.0378353 0.1624208
vn -1.9072385 5.7649240 1.5734744
v -0.1109128 0.0369768 0.1718552
vn -0.1741984 -6.2265821 -0.7750973
v -0.0988020 0.0119249 0.1075011
vn -1.0294440 -5.8319511 -1.8971397
v -0.1028838 0.0111121 0.1149080
vn -2.3141301 -3.3254447 -4.0578022
v -0.1030130 0.0043994 0.1279500
vn -3.2105765 -1.7957894 -4.0018978
v -0.1070920 0.0007370 0.1340175
vn -0.1179063 -6.2324100 -0.6572583
v -0.1028838 0.0125558 0.1032585
vn -0.6748058 -6.2051353 -0.6604685
v -0.1068765 0.0123188 0.1107678
vn -1.8535037 5.6885309 1.8510534
v -0.1070815 0.0358466 0.1799297
vn -1.7243918 5.5389390 2.3054113
v -0.1030067 0.0345071 0.1876505
vn -0.5489014 6.1239796 -0.7774128
v -0.1029506 0.0448144 0.1029506
vn -1.2458938 6.0728092 -0.4900739
v -0.1029506 0.0458723 0.1150624
vn -1.5572999 6.0150261 -0.2652005
v -0.1029506 0.0465779 0.1271742
vn -1.6091808 5.9529772 0.3785335
v -0.1029506 0.0468337 0.1392860
vn -1.5366083 5.8779082 1.2635732
v -0.1029506 0.0450182 0.1513979
vn -1.3993518 5.8906722 1.6065279
v -0.1029506 0.0414841 0.1635097
vn -1.2984509 5.9324903 1.5903447
v -0.1030067 0.0380225 0.1757841
vn -1.1832544 5.9069118 1.7163044
v -0.0990069 0.0368699 0.1835580
vn -2.7664335 1.6149142 3.7918477
v -0.1612275 0.0026965 0.1954377
vn -1.8498633 2.4258451 4.7670565
v -0.1513979 0.0050229 0.1976169
vn -2.7695765 2.8534434 4.4671974
v -0.1405619 0.0073184 0.2004700
vn -3.0685394 1.0799172 4.5174208
v -0.1359841 0.0025615 0.2071351
vn -2.3103762 5.0620675 2.8587475
v -0.1370651 0.0126819 0.1956210
vn -2.7826335 4.0677333 3.7634671
v -0.1314917 0.0106360 0.2036956
vn -2.5117531 1.8005903 5.2465835
v -0.1273423 0.0063816 0.2092626
vn -2.8511908 4.8010817 2.8726060
v -0.1273423 0.0154661 0.1997330
vn -2.5364130 3.8595986 3.9873605
v -0.1234172 0.0132465 0.2071759
vn -2.8583448 1.6905580 5.1547103
v -0.1149912 0.0062992 0.2153617
vn -2.6097558 0.6504040 5.3512487
v -0.1109064 0.0024242 0.2188234
vn -2.5333519 4.6196685 3.4150438
v -0.1161205 0.0218568 0.2003804
vn -2.2143304 3.9973545 4.2345166
v -0.1150624 0.0153229 0.2093506
vn -2.2649238 4.9819660 2.9980800
v -0.1127886 0.0263638 0.1966999
vn -2.2624524 2.9723728 4.8968325
v -0.1073665 0.0104987 0.2173002
vn -1.9288880 1.2823147 5.7358694
v -0.1031777 0.0062992 0.2205242
vn -2.0516353 4.6248188 3.6872816
v -0.1067657 0.0233331 0.2047745
vn -1.9706026 4.2835326 4.1478868
v -0.1030288 0.0182758 0.2120341
vn -1.8848569 3.3248844 4.8242474
v -0.0992919 0.0132185 0.2189643
vn -1.7116814 5.1430221 3.1268570
v -0.1028173 0.0279573 0.2003804
vn -1.6755644 4.7841578 3.6697345
v -0.0986911 0.0249303 0.2067679
vn 3.1297655 -2.5794630 -3.5264285
v -0.0933271 0.0215627 0.0816384
vn 2.8136125 -4.4028001 -2.9348285
v -0.0899094 0.0188269 0.0898795
vn 3.7111311 1.0681596 -4.7171469
v -0.0930230 0.0302796 0.0814607
vn 3.8047161 0.7927431 -4.3880415
v -0.0869671 0.0302796 0.0865741
vn 2.6386874 3.9663541 -3.3829651
v -0.0953001 0.0372999 0.0834977
vn 2.3047645 4.7732306 -3.0269797
v -0.0910932 0.0393783 0.0908086
vn 3.1693349 -2.9520314 -3.4729953
v -0.0808011 0.0216020 0.0932774
vn 3.8987348 0.8150580 -4.5678144
v -0.0798156 0.0302796 0.0926301
vn 2.9004872 3.8537054 -3.4335699
v -0.0821416 0.0378078 0.0948258
vn 0.2742338 -6.0728321 -1.4887576
v -0.0957857 0.0119249 0.1075011
vn -0.5082323 -5.4140711 -3.0417900
v -0.0913845 0.0097529 0.1143517
vn -1.4568782 -2.7101972 -4.5447340
v -0.0908387 0.0032475 0.1246302
vn 1.3800018 -5.8463421 -1.6513733
v -0.0913845 0.0134621 0.1032585
vn 0.6440679 -5.3740764 -2.8811576
v -0.0877111 0.0126213 0.1098407
vn -0.7067209 5.7012033 2.2789264
v -0.0908387 0.0357458 0.1918196
vn 0.8979550 5.8437099 -1.7765863
v -0.0908387 0.0444598 0.1029506
vn -0.0546155 6.1289005 -0.9574583
v -0.0908387 0.0471901 0.1150624
vn -0.2776496 6.2426724 -0.3718245
v -0.0898238 0.0482227 0.1283294
vn -0.6789950 6.2026944 0.2416850
v -0.0926852 0.0483351 0.1392860
vn -0.5750341 6.0465703 1.4470969
v -0.0909084 0.0470243 0.1504323
vn -0.4329799 6.0256643 1.6719576
v -0.0908387 0.0433016 0.1635097
vn -0.4380657 6.0451546 1.5923723
v -0.0908387 0.0400203 0.1756215
vn -0.3998695 6.0428905 1.6080968
v -0.0908387 0.0374083 0.1857637
vn -0.0653936 6.2785082 -0.1757199
v -0.0851100 0.0484514 0.1331369
vn -0.1086092 6.2804518 -0.0698359
v -0.0866293 0.0485322 0.1392860
vn -0.3658093 6.0827937 0.9383507
v -0.0869176 0.0485565 0.1457513
vn -1.1518877 -3.0138388 -4.9876161
v -0.0780218 0.0057344 0.1168774
vn -2.5806878 -1.6548893 -4.0824442
v -0.0815890 0.0014828 0.1224893
vn 2.5759299 -4.4149733 -3.2852275
v -0.0775490 0.0184639 0.1017729
vn 0.8249792 -4.5107217 -4.2106500
v -0.0787269 0.0129343 0.1100071
vn 4.0076308 0.5571620 -4.0534325
v -0.0737597 0.0302796 0.0978379
vn 0.4991323 5.8674064 1.9698372
v -0.0787269 0.0358571 0.1918355
vn 2.5706604 4.7032404 -2.9393282
v -0.0783534 0.0403628 0.1024604
vn 1.7590652 5.6850586 -1.4050149
v -0.0787269 0.0457952 0.1150624
vn 1.3255266 6.0029325 -0.5583165
v -0.0799035 0.0478576 0.1283294
vn 1.5620897 5.9728270 0.1379065
v -0.0780113 0.0479495 0.1392860
vn 1.1269913 5.9397664 1.3040280
v -0.0794001 0.0468796 0.1504323
vn 0.8072385 5.9797206 1.5537148
v -0.0787269 0.0432880 0.1635097
vn 0.5985808 6.0340385 1.5607655
v -0.0787269 0.0399254 0.1756215
vn 0.4367585 6.0633879 1.5283343
v -0.0787269 0.0373560 0.1857796
vn 0.2762404 6.2598405 -0.2510572
v -0.0847252 0.0484514 0.1331369
vn 0.3082768 6.2664976 -0.0742353
v -0.0840672 0.0485322 0.1392860
vn 0.4720982 6.0512352 0.9306459
v -0.0838862 0.0485565 0.1457513
vn 0.4865880 -1.5031433 -5.9379215
v -0.0666151 0.0060559 0.1162696
vn 3.5839632 -2.5343826 -3.6757362
v -0.0694425 0.0207735 0.1050251
vn 2.9819789 -1.7439214 -4.9682107
v -0.0658891 0.0173088 0.1114727
vn 4.8091149 0.5503457 -3.5534852
v -0.0685420 0.0302796 0.1038938
vn 4.6827168 1.6503390 -3.5486474
v -0.0621049 0.0314848 0.1144435
vn 4.2385569 3.8357611 -2.1373127
v -0.0605661 0.0363255 0.1211422
vn 2.2781453 5.7345133 1.0743049
v -0.0609705 0.0361550 0.1688929
vn 1.8054819 5.9259095 1.0150748
v -0.0627362 0.0356531 0.1756215
vn 1.4307963 5.9006901 1.5792296
v -0.0668987 0.0345554 0.1876632
vn 3.5443740 3.5711973 -2.9032261
v -0.0703942 0.0381962 0.1061709
vn 3.5708246 4.5481739 -1.8919142
v -0.0679407 0.0403615 0.1150624
vn 3.1730313 5.2606325 -0.9166967
v -0.0654081 0.0414147 0.1259773
vn 2.8733435 5.4539289 -0.0298018
v -0.0666151 0.0435972 0.1392860
vn 2.4795408 5.6166968 0.7168003
v -0.0666151 0.0427387 0.1513979
vn 2.1600680 5.7127833 1.3445692
v -0.0656507 0.0395710 0.1643173
vn 1.7808039 5.8572340 1.3452208
v -0.0687921 0.0378684 0.1756215
vn 1.4069247 5.9157205 1.4580649
v -0.0711251 0.0368002 0.1835792
vn 0.7543839 -0.0537842 -6.1639977
v -0.0545032 0.0060559 0.1176357
vn 2.5839996 1.0570387 -5.5660791
v -0.0538412 0.0179023 0.1182041
vn 2.6469514 3.1088068 -4.6684279
v -0.0493625 0.0217626 0.1223638
vn 4.0806727 1.9468117 -4.0625124
v -0.0574371 0.0282510 0.1180682
vn 4.0395632 4.0906992 -2.2994008
v -0.0544115 0.0310241 0.1257903
vn 3.1617060 5.2741938 -0.7271824
v -0.0528812 0.0327921 0.1392860
vn 2.5744572 5.6010337 -0.1393025
v -0.0527390 0.0333697 0.1513979
vn 2.0050530 5.8807220 0.3671212
v -0.0549415 0.0343756 0.1643173
vn 1.2376543 6.1079025 0.7039493
v -0.0545032 0.0334664 0.1756215
vn 0.9077891 6.0889211 1.2060158
v -0.0545032 0.0317714 0.1877334
vn 4.0762424 4.6250877 -0.8763543
v -0.0594605 0.0375377 0.1292167
vn 3.8203864 4.9604845 -0.2087975
v -0.0589371 0.0380391 0.1392860
vn 3.5277581 5.1735349 0.2507478
v -0.0587949 0.0378909 0.1513979
vn 3.0345137 5.3932395 0.8454125
v -0.0592709 0.0373400 0.1608184
vn -0.6433571 1.0941237 -6.0871763
v -0.0423914 0.0060559 0.1170394
vn 0.1019179 2.4071705 -5.7397022
v -0.0423914 0.0145335 0.1200295
vn 0.5173494 3.9413760 -4.7958555
v -0.0423914 0.0205894 0.1237097
vn 1.0670054 5.2313428 -3.0324976
v -0.0423914 0.0262929 0.1297656
vn 0.7506717 6.0022769 -1.3364204
v -0.0423914 0.0291663 0.1392860
vn 0.4641089 6.1178312 -0.6456584
v -0.0423914 0.0306733 0.1513979
vn 0.3415349 6.2170763 -0.2397586
v -0.0423914 0.0318841 0.1635097
vn 0.1890028 6.2486792 0.3650927
v -0.0423914 0.0319556 0.1756215
vn -0.0088226 6.2051187 0.9269574
v -0.0423914 0.0308551 0.1877334
vn -1.0896310 1.2082212 -5.9470277
v -0.0302796 0.0060559 0.1148941
vn -0.8895957 3.0110543 -5.4005060
v -0.0302796 0.0155774 0.1189229
vn -0.8208046 4.2663527 -4.5112853
v -0.0302796 0.0216333 0.1235790
vn -0.7225427 5.3585601 -3.0828381
v -0.0302796 0.0267741 0.1296349
vn -0.9582689 5.9881883 -1.5505329
v -0.0302796 0.0304437 0.1392860
vn -1.0116589 6.1586328 -0.6954505
v -0.0302796 0.0322434 0.1513979
vn -0.8681442 6.2176514 -0.1070082
v -0.0302796 0.0330812 0.1635097
vn -0.7249895 6.2281389 0.3437755
v -0.0302796 0.0328220 0.1756215
vn -0.6669736 6.1756873 0.9099133
v -0.0302796 0.0316898 0.1877334
vn -1.1030232 1.2793964 -5.9090261
v -0.0181677 0.0060559 0.1126041
vn -1.0832096 3.1138737 -5.3280482
v -0.0171152 0.0187374 0.1183509
vn -1.1545358 4.2375984 -4.3970399
v -0.0204508 0.0231544 0.1221896
vn -1.0069306 4.2757597 -4.3176103
v -0.0123762 0.0242781 0.1210484
vn -0.9892571 5.2895775 -3.1872475
v -0.0171152 0.0272317 0.1266058
vn -1.1189587 5.8680515 -1.7369668
v -0.0181677 0.0329640 0.1392860
vn -1.2908673 6.1187892 -0.5489674
v -0.0170552 0.0350660 0.1523437
vn -1.1655957 6.1715775 0.0516127
v -0.0170552 0.0354175 0.1633559
vn -1.0289036 6.1794887 0.4485270
v -0.0181677 0.0347233 0.1756215
vn -0.8255323 6.1361971 0.9963903
v -0.0181677 0.0334750 0.1877334
vn -1.1463201 6.1629167 -0.1900782
v -0.0122762 0.0363666 0.1570116
vn -1.0733305 6.1885009 0.0311017
v -0.0122762 0.0363666 0.1592160
vn -1.3602456 0.5999633 -5.8899632
v -0.0025768 0.0017132 0.1085570
vn -1.2383728 1.4472635 -5.8751163
v -0.0063908 0.0058727 0.1103607
vn -0.8699802 3.0594027 -5.3724065
v -0.0060559 0.0181677 0.1157254
vn -0.6589326 4.3259554 -4.3155651
v -0.0060559 0.0248149 0.1202859
vn -0.7545435 5.3721223 -3.1050725
v -0.0060559 0.0295058 0.1271742
vn -1.0360512 5.8309598 -1.9591838
v -0.0064597 0.0350905 0.1392853
vn -1.2008384 6.1095581 -0.7462316
v -0.0107661 0.0360805 0.1489370
vn -1.0348840 6.1883454 0.2488864
v -0.0118537 0.0362954 0.1672906
vn -0.9633813 6.1796136 0.5636346
v -0.0101611 0.0360436 0.1756215
vn -0.6667994 6.1009140 1.2873137
v -0.0058614 0.0350807 0.1871255
vn -0.9118612 6.0453300 -1.2197348
v -0.0026916 0.0368352 0.1433221
vn -0.9339468 6.1980348 -0.3328383
v -0.0064597 0.0370848 0.1523437
vn -0.8758254 6.2173996 0.1100808
v -0.0071122 0.0371336 0.1633559
vn -0.8400235 6.2043595 0.4793261
v -0.0041052 0.0369593 0.1756215
vn -0.7060670 6.1039095 1.1228013
v -0.0016944 0.0365862 0.1826830
vn -1.5066160 1.3749704 5.6992841
v -0.0908387 0.0060559 0.2249304
vn -1.2213192 4.4938273 4.1366682
v -0.0908387 0.0211414 0.2146110
vn -1.1706403 3.5024600 4.9289980
v -0.0908387 0.0150855 0.2204189
vn -0.9207402 5.3515129 3.0780563
v -0.0908387 0.0315281 0.1998452
vn -1.0310515 5.0111580 3.5604036
v -0.0908387 0.0260618 0.2085551
vn -1.1005386 1.8521073 5.6636753
v -0.0782745 0.0051952 0.2278471
vn -1.2064224 0.9908381 5.6176124
v -0.0739357 0.0005841 0.2303240
vn -0.1216696 4.6408906 4.1208348
v -0.0787269 0.0221714 0.2156157
vn -0.3353038 3.7682095 4.8676448
v -0.0787269 0.0161155 0.2215560
vn 0.2373139 5.5307860 2.8462741
v -0.0787269 0.0323900 0.1998452
vn -0.0354577 5.1800790 3.4286981
v -0.0787269 0.0268124 0.2095598
vn 0.1502597 3.0675254 5.4418335
v -0.0666151 0.0066765 0.2275485
vn 0.0795589 1.3330016 5.9756055
v -0.0666151 0.0006205 0.2303396
vn 0.3896642 4.7993598 4.0285687
v -0.0666151 0.0215966 0.2147798
vn 0.2721221 4.0925140 4.6956987
v -0.0666151 0.0155407 0.2214926
vn 0.9069800 5.7233758 2.3641171
v -0.0666151 0.0306036 0.1998452
vn 0.4976474 5.3288293 3.2290750
v -0.0666151 0.0262258 0.2087239
vn 0.8768906 2.0013313 5.6896610
v -0.0550793 0.0049907 0.2275282
vn 1.3560961 0.9636959 5.5907254
v -0.0595007 0.0002433 0.2302120
vn 0.3001609 4.8681059 3.9538553
v -0.0545032 0.0211740 0.2141863
vn 0.3261209 4.0446568 4.7254419
v -0.0545032 0.0151181 0.2210199
vn 0.4778471 5.9593544 1.8921620
v -0.0545032 0.0288666 0.1998452
vn 0.2824905 5.4559431 3.0127676
v -0.0545032 0.0256293 0.2081303
vn 0.3638909 1.7235279 5.8010168
v -0.0423914 0.0060559 0.2260718
vn 0.0275489 4.8286653 4.0147858
v -0.0423914 0.0209173 0.2138882
vn 0.1573514 3.9690742 4.7965608
v -0.0423914 0.0148614 0.2205997
vn -0.0742623 6.0268064 1.7262223
v -0.0423914 0.0284894 0.1998452
vn -0.0427985 5.4587159 3.0066442
v -0.0423914 0.0255057 0.2078323
vn 0.1581025 1.6174175 5.8446598
v -0.0302796 0.0060559 0.2255846
vn -0.2734023 4.6648130 4.1952877
v -0.0302796 0.0208624 0.2141680
vn -0.0229374 3.7998176 4.9448342
v -0.0302796 0.0148065 0.2204102
vn -0.5895201 5.9607220 1.8295335
v -0.0302796 0.0292508 0.1998452
vn -0.4367773 5.3553023 3.1491864
v -0.0302796 0.0258757 0.2081121
vn 0.1935475 1.5235333 5.8649535
v -0.0181677 0.0060559 0.2253490
vn -0.2553724 4.3530822 4.5053668
v -0.0181677 0.0211476 0.2151274
vn 0.0187862 3.5408320 5.1376877
v -0.0181677 0.0150917 0.2203815
vn -0.6398586 5.8815780 1.9328139
v -0.0181677 0.0309912 0.1998452
vn -0.4716318 5.1576118 3.3805530
v -0.0181677 0.0267791 0.2090715
vn 0.4619247 1.3961964 5.9045305
v -0.0060559 0.0060559 0.2246880
vn 0.0584457 4.1250291 4.6927614
v -0.0060559 0.0212760 0.2155846
vn 0.2051138 3.2744925 5.2959905
v -0.0060559 0.0152201 0.2202019
vn -0.2397165 5.8281403 2.1545506
v -0.0060559 0.0319685 0.1998452
vn -0.0242947 5.0480504 3.5393720
v -0.0060559 0.0272193 0.2095287
vn -3.5467396 -1.8438560 -1.8835378
v 0.0595841 -0.0372747 0.0945432
vn -4.2105541 1.1356566 -2.5879507
v 0.0595841 -0.0355528 0.0945432
vn -3.5986986 -2.1770287 -2.6233120
v 0.0725037 -0.0364698 0.0722422
vn -3.9971476 -2.8689089 -1.8360797
v 0.0702614 -0.0376723 0.0787269
vn -3.3645160 -3.3329453 -2.4178224
v 0.0659989 -0.0394584 0.0906390
vn -5.1476221 0.2478366 -3.0208457
v 0.0725037 -0.0356096 0.0722422
vn -5.4740386 1.5567992 -2.0817304
v 0.0702614 -0.0330378 0.0787269
vn -4.5309196 3.2030945 -2.4785442
v 0.0670749 -0.0300714 0.0911657
vn -3.6146011 4.1320820 -2.3212736
v 0.0725990 -0.0241296 0.0958627
vn -1.5819327 -4.0628281 -2.5632670
v 0.0829599 -0.0371133 0.0584462
vn -2.5260026 -4.6488161 -2.1692228
v 0.0788443 -0.0379843 0.0675690
vn -1.3295395 -5.8660984 -1.4994152
v 0.0787269 -0.0409524 0.0787269
vn -1.0322841 -5.9870124 -1.2035306
v 0.0787269 -0.0437714 0.0908387
vn -3.1304402 -1.5765878 -2.5936980
v 0.0828146 -0.0275521 0.0092689
vn -4.1687856 -2.8224149 -0.2104646
v 0.0813580 -0.0287248 0.0181677
vn -3.3070633 -3.0825610 -0.0856472
v 0.0805028 -0.0281619 0.0302796
vn -3.3160846 -3.0980849 -0.4011994
v 0.0802928 -0.0284710 0.0423914
vn -3.9323528 -2.5009468 -1.9986753
v 0.0800459 -0.0309195 0.0544466
vn -5.2551804 0.2189664 -2.3693724
v 0.0749131 -0.0310552 0.0675690
vn -5.2015486 3.1121693 -1.3187711
v 0.0733299 -0.0269819 0.0787269
vn -4.4231524 4.2545967 -0.9338300
v 0.0728706 -0.0245900 0.0877881
vn -2.7667038 1.7084835 -2.5523112
v 0.0828146 -0.0218747 0.0092689
vn -4.2805095 2.7979269 -0.7172084
v 0.0813580 -0.0204776 0.0181677
vn -3.5124481 3.0410051 0.1811553
v 0.0805028 -0.0203138 0.0302796
vn -3.1620288 3.1287115 0.0282835
v 0.0802928 -0.0206890 0.0423914
vn -3.3892505 3.1906285 -0.2839631
v 0.0802289 -0.0208133 0.0545032
vn -3.5795746 4.2310510 -0.7439021
v 0.0798688 -0.0205379 0.0666151
vn -3.2487996 5.1375489 -0.5557303
v 0.0793859 -0.0201511 0.0787269
vn -3.4683647 5.0358496 -1.1573430
v 0.0776355 -0.0203813 0.0914307
vn -2.1237369 -3.6110749 -1.7463161
v 0.0940201 -0.0377002 0.0094025
vn -1.8117058 -4.2593441 1.4377818
v 0.0940201 -0.0377002 0.0139135
vn 0.7423932 -4.7468491 -2.8826942
v 0.0870421 -0.0371133 0.0584462
vn 1.1780475 -5.7657800 -1.7167637
v 0.0909831 -0.0384162 0.0664386
vn 0.8839175 -5.9120588 -1.3466827
v 0.0908387 -0.0417436 0.0787269
vn 1.0874417 -5.9650612 -0.9017773
v 0.0908387 -0.0440273 0.0908387
vn -2.4756088 -2.1390188 -4.0319467
v 0.0903252 -0.0310654 0.0067635
vn -1.7468404 -5.0236268 1.5384167
v 0.0903252 -0.0338988 0.0180375
vn 2.3032939 -4.0561886 2.0379109
v 0.0918396 -0.0286038 0.0311029
vn 3.2981844 -3.3483553 -0.4261172
v 0.0905407 -0.0284710 0.0423914
vn 2.9346752 -3.5088019 -3.2061298
v 0.0919450 -0.0310299 0.0535025
vn 3.6968012 -4.0883498 -2.4550254
v 0.0951166 -0.0347509 0.0622836
vn -0.7672778 3.2233231 -3.6266444
v 0.0908387 -0.0199128 0.0074584
vn -0.1153873 5.4055848 -0.2847635
v 0.0908387 -0.0160668 0.0181677
vn 2.3120852 4.0603051 2.1424296
v 0.0918396 -0.0196065 0.0311029
vn 3.1474450 3.3866217 0.0888171
v 0.0905407 -0.0206890 0.0423914
vn 2.6475060 3.9845471 -1.7848830
v 0.0920219 -0.0206980 0.0533589
vn 0.5635902 5.8511238 -0.7680506
v 0.0908387 -0.0178636 0.0666151
vn 0.1766805 5.8017416 -0.7369164
v 0.0908387 -0.0161620 0.0787269
vn 0.2199169 5.8375297 -1.0318276
v 0.0908387 -0.0148595 0.0908387
vn -0.5421000 -6.0609155 -1.4541845
v 0.0060559 -0.0374073 0.1418016
vn -0.6946238 -6.2102976 -0.4358573
v 0.0060559 -0.0388065 0.1513979
vn -0.7021285 -6.2341738 0.1678659
v 0.0060559 -0.0388892 0.1635097
vn -0.5778483 -6.2209120 0.6004387
v 0.0060559 -0.0381328 0.1756215
vn -0.4373092 -6.0790720 1.4266338
v 0.0060559 -0.0369783 0.1837166
vn -0.2348648 -4.4276061 -4.2809072
v 0.0060559 -0.0253019 0.1195476
vn -0.2613739 -5.2845840 -3.3696361
v 0.0060559 -0.0304926 0.1271742
vn -0.4996096 -5.6836643 -2.5077405
v 0.0060559 -0.0354704 0.1357457
vn -0.2190724 -5.9825916 1.8977352
v 0.0060559 -0.0350689 0.1897725
vn -0.4297788 -3.3480775 -5.2548728
v 0.0060559 -0.0181677 0.1142342
vn -0.4230569 -0.8465018 -6.1461520
v 0.0060559 -0.0033739 0.1080848
vn -0.6243741 -2.2482834 -5.7870083
v 0.0060559 -0.0094299 0.1097490
vn -0.2898251 -6.0059161 -1.7399219
v 0.0181677 -0.0379329 0.1409851
vn -0.4864534 -6.2066674 -0.5995968
v 0.0181677 -0.0399755 0.1513979
vn -0.5724596 -6.2446551 0.2154882
v 0.0181677 -0.0400987 0.1635097
vn -0.4633837 -6.2037292 0.8049300
v 0.0181677 -0.0391300 0.1756215
vn -0.2667044 -5.9979725 1.7665174
v 0.0181677 -0.0374095 0.1844711
vn -0.0295310 -4.5259218 -4.2611408
v 0.0181677 -0.0252726 0.1195680
vn -0.0785939 -5.1973200 -3.5283346
v 0.0181677 -0.0305915 0.1271742
vn -0.1988183 -5.5803413 -2.8132455
v 0.0181677 -0.0355985 0.1349292
vn -0.0621619 -5.8068919 2.3951406
v 0.0181677 -0.0349842 0.1905270
vn -0.1764326 -3.6645176 -5.0871515
v 0.0181677 -0.0181677 0.1138764
vn -0.2795657 -0.8561367 -6.1496248
v 0.0181677 -0.0048053 0.1076072
vn -0.3918218 -2.4765563 -5.7051926
v 0.0181677 -0.0108612 0.1093708
vn -0.2416469 -5.9871421 -1.8354720
v 0.0302796 -0.0381970 0.1404700
vn -0.1831308 -6.1791658 -0.7915239
v 0.0302796 -0.0408314 0.1513979
vn -0.3606625 -6.2405715 0.1778133
v 0.0302796 -0.0412513 0.1635097
vn -0.2848940 -6.1666346 1.0374371
v 0.0302796 -0.0400169 0.1756215
vn -0.0858598 -5.9078336 2.0377829
v 0.0302796 -0.0377356 0.1849409
vn -0.6140736 -4.3723621 -4.4007320
v 0.0302796 -0.0253240 0.1195918
vn -0.7471343 -5.1415272 -3.4742482
v 0.0302796 -0.0308347 0.1271742
vn -0.2943916 -5.5232735 -2.9156461
v 0.0302796 -0.0357903 0.1344141
vn 0.0443672 -5.6643257 2.7088518
v 0.0302796 -0.0350084 0.1909968
vn -0.1662815 -2.8373375 -5.4389677
v 0.0341218 -0.0124259 0.1088489
vn -0.1544118 -3.8842316 -4.9281340
v 0.0301625 -0.0171450 0.1127068
vn -0.2151228 -0.9443068 -6.1328039
v 0.0301625 -0.0070164 0.1074231
vn -0.3903066 -2.6750131 -5.5914741
v 0.0260472 -0.0116939 0.1091344
vn -2.8564019 -3.6064501 -2.8518512
v 0.0470306 -0.0381147 0.1193094
vn -2.9277511 -5.3852334 -0.9679444
v 0.0451101 -0.0385577 0.1271742
vn -1.4011256 -5.9773030 -1.0855662
v 0.0417828 -0.0384311 0.1384646
vn -0.4891599 -6.2223535 -0.5884504
v 0.0423914 -0.0407437 0.1513979
vn -0.0890422 -6.2529182 0.1693925
v 0.0423914 -0.0416048 0.1635097
vn 0.0474939 -6.1285295 1.1816905
v 0.0423914 -0.0404043 0.1756215
vn 0.1684114 -5.8273687 2.2152364
v 0.0423914 -0.0378115 0.1848821
vn -2.8696728 -3.0013189 -4.5866833
v 0.0427526 -0.0295318 0.1188731
vn -2.9155471 -4.7056470 -2.7641459
v 0.0390542 -0.0336644 0.1271742
vn -1.5490453 -5.5670619 -2.2297204
v 0.0373398 -0.0360390 0.1338796
vn 0.2807145 -5.5320334 2.9438710
v 0.0423914 -0.0348211 0.1909380
vn 0.1061090 -2.9278026 -5.4146967
v 0.0391761 -0.0124259 0.1088489
vn -0.7068103 -3.0533102 -5.3062096
v 0.0428846 -0.0171450 0.1127343
vn 0.0530472 -1.0378022 -6.1034503
v 0.0428846 -0.0071603 0.1072170
vn 0.1159189 -2.5535281 -5.6958127
v 0.0472506 -0.0119338 0.1090780
vn -4.6797647 -3.2812839 -1.1687233
v 0.0594378 -0.0376170 0.1029506
vn -3.1513171 -4.4015141 -2.6079726
v 0.0554023 -0.0392906 0.1151882
vn -2.0620642 -5.8046169 -0.6289139
v 0.0545032 -0.0426949 0.1271742
vn -1.6017828 -6.0551786 0.0772083
v 0.0545032 -0.0424931 0.1392860
vn -0.5773032 -6.2338161 0.3363311
v 0.0545032 -0.0416943 0.1513979
vn 0.0016344 -6.2627645 0.4648939
v 0.0545032 -0.0412759 0.1635097
vn 0.2508341 -6.1073976 1.3577139
v 0.0545032 -0.0398340 0.1756215
vn 0.3585835 -5.8455257 2.2284534
v 0.0545032 -0.0373374 0.1838277
vn -5.1571727 1.3823028 -2.9612920
v 0.0587346 -0.0310212 0.1034505
vn -3.8992441 -1.1425933 -4.5107722
v 0.0529538 -0.0302796 0.1130227
vn 0.2453663 -5.5818191 2.8666081
v 0.0545032 -0.0344195 0.1898836
vn -3.7256608 1.7511126 -4.6522846
v 0.0590134 -0.0214504 0.1078211
vn -1.4976920 -0.6061772 -5.7842774
v 0.0547870 -0.0177150 0.1112937
vn 0.0698615 -1.0937061 -6.0763354
v 0.0545032 -0.0050090 0.1070476
vn 0.2563960 -1.9158475 -5.9370794
v 0.0545032 -0.0110649 0.1095206
vn -2.5242319 -5.6224804 -0.8902744
v 0.0666151 -0.0422200 0.1029506
vn -2.0069125 -5.8313394 -1.0857275
v 0.0666151 -0.0440817 0.1150624
vn -1.2854079 -6.0921030 -0.3273385
v 0.0666151 -0.0459835 0.1271742
vn -1.2116404 -6.0844240 0.4986202
v 0.0666151 -0.0458724 0.1392860
vn -1.2161541 -6.0920291 0.9319507
v 0.0666151 -0.0437331 0.1513979
vn -0.8473023 -6.1174722 1.0001112
v 0.0666151 -0.0416587 0.1635097
vn -0.4703394 -6.0282950 1.5852154
v 0.0666151 -0.0391855 0.1756215
vn -0.3901561 -5.8537040 2.1508384
v 0.0666151 -0.0368419 0.1829238
vn -3.7057323 3.5740373 -3.4519877
v 0.0645245 -0.0274783 0.0997465
vn -0.3061381 -5.7494283 2.4585674
v 0.0666151 -0.0343914 0.1889797
vn -3.0649433 2.4366403 -4.8369250
v 0.0673209 -0.0187527 0.1037707
vn -2.2690911 0.6636570 -5.3103004
v 0.0620427 -0.0133759 0.1096204
vn -1.4135296 0.1673376 -5.9751887
v 0.0662940 -0.0065364 0.1070699
vn -1.2346833 -0.9963942 -5.5694308
v 0.0620427 -0.0108940 0.1096204
vn -0.7158920 -6.0627470 -0.8512830
v 0.0787269 -0.0459698 0.1029506
vn -0.4527048 -6.1528201 -0.5357289
v 0.0787269 -0.0471853 0.1150624
vn -0.4040435 -6.2471132 -0.0793481
v 0.0787269 -0.0475146 0.1271742
vn -0.7225258 -6.2329521 0.2576575
v 0.0787269 -0.0471329 0.1392860
vn -1.2958622 -6.1027699 0.7020166
v 0.0787269 -0.0460182 0.1513979
vn -1.6652038 -5.9606686 1.0382602
v 0.0787269 -0.0446066 0.1635097
vn -1.7791847 -5.7999411 1.5820103
v 0.0787269 -0.0417470 0.1756215
vn -2.0010426 -5.5460567 2.1136377
v 0.0792065 -0.0380132 0.1869586
vn -1.6557608 -5.5546331 2.2477341
v 0.0754890 -0.0351395 0.1904794
vn -2.1666038 3.7924163 -4.1992292
v 0.0787269 -0.0155527 0.0997598
vn -0.6761256 1.6786443 -5.8461876
v 0.0787269 -0.0060559 0.1049719
vn -0.4269738 -6.1383028 -0.7639609
v 0.0939474 -0.0490596 0.1413644
vn -0.7284343 -6.1800718 -0.0414181
v 0.0926170 -0.0493835 0.1513979
vn -0.7164168 -6.1835217 0.3258922
v 0.0938405 -0.0491230 0.1635097
vn -0.5691757 -5.8462324 1.4573045
v 0.0955787 -0.0487123 0.1720871
vn 1.3147399 -5.9698915 -0.5419784
v 0.0908387 -0.0454997 0.1029506
vn 1.2840736 -6.0623641 -0.6428740
v 0.0908387 -0.0461331 0.1150624
vn 0.6231428 -6.2071753 -0.6168911
v 0.0908387 -0.0471937 0.1271742
vn -0.2740536 -6.2354484 -0.4940675
v 0.0902816 -0.0482048 0.1381107
vn -1.3887981 -6.1111293 0.2207373
v 0.0865611 -0.0480408 0.1513979
vn -1.7997128 -5.9479284 0.6651485
v 0.0877846 -0.0477425 0.1635097
vn -1.4315108 -5.7909789 1.6133937
v 0.0912604 -0.0467350 0.1759232
vn -1.3312452 -5.6727004 2.0343521
v 0.0908387 -0.0429073 0.1877334
vn 0.7133700 5.0705323 -3.2186112
v 0.0908387 -0.0133031 0.0984774
vn 1.4618591 2.5163326 -5.3317771
v 0.0903922 -0.0053532 0.1052532
vn 2.5730300 1.0756426 -4.8368049
v 0.0941318 -0.0008475 0.1096888
vn 0.2133909 -5.7273774 2.5226507
v 0.0060559 -0.0316530 0.1998452
vn 0.3970668 -4.9822245 3.6504579
v 0.0060559 -0.0268637 0.2091060
vn 0.5067934 -4.0476146 4.7514768
v 0.0060559 -0.0206857 0.2151619
vn 0.5026785 -3.0942307 5.3827929
v 0.0060559 -0.0146298 0.2196647
vn 0.6810575 -1.2251408 5.9846883
v 0.0060559 -0.0060559 0.2232994
vn 0.2757597 -5.5821953 2.8591504
v 0.0181677 -0.0308750 0.1998452
vn 0.4834381 -4.8878212 3.7965839
v 0.0181677 -0.0261704 0.2082984
vn 0.6317144 -3.9764047 4.8155079
v 0.0181677 -0.0195990 0.2143543
vn 0.6407982 -2.9779141 5.4216399
v 0.0181677 -0.0135431 0.2189195
vn 0.7916071 -1.0215278 6.0596929
v 0.0181677 -0.0060559 0.2216236
vn 0.2667328 -5.4385614 3.1274443
v 0.0302796 -0.0303568 0.1998452
vn 0.4607173 -4.7135482 3.9999042
v 0.0302796 -0.0256280 0.2076001
vn 0.5979609 -3.8468163 4.9293065
v 0.0310140 -0.0172958 0.2144708
vn 0.6216478 -2.8643825 5.4680223
v 0.0274663 -0.0126773 0.2183639
vn 0.4744011 -2.8274951 5.5132895
v 0.0355409 -0.0118411 0.2179185
vn 0.5222621 -1.0552413 6.1137457
v 0.0310140 -0.0071047 0.2198151
vn 0.4034945 -5.3270745 3.3052413
v 0.0423914 -0.0295028 0.1998452
vn 0.4501435 -4.6665235 4.0974135
v 0.0423914 -0.0249613 0.2067929
vn 0.2822134 -3.9641807 4.8612089
v 0.0423914 -0.0181677 0.2125948
vn 0.1569834 -2.8200817 5.5252352
v 0.0423914 -0.0113542 0.2177589
vn 0.0080970 -0.9135247 6.1565199
v 0.0423914 -0.0052982 0.2196411
vn -0.0197143 -5.3414931 3.2908795
v 0.0545032 -0.0286237 0.1998452
vn -0.2977564 -4.9269586 3.8460703
v 0.0545032 -0.0244838 0.2062688
vn -0.7518010 -4.2953625 4.4982586
v 0.0538697 -0.0175519 0.2133158
vn -1.2116413 -3.1123099 5.1024823
v 0.0574846 -0.0131040 0.2187656
vn -0.5403309 -2.9785600 5.4487514
v 0.0494100 -0.0113723 0.2177687
vn -0.8987814 -1.0461571 6.0819516
v 0.0538697 -0.0068234 0.2199502
vn -0.9571599 -5.5435667 2.7412133
v 0.0666151 -0.0296074 0.1998452
vn -1.2519512 -5.1228743 3.3834641
v 0.0666151 -0.0254955 0.2076166
vn -1.3253578 -4.5095530 4.1622295
v 0.0666151 -0.0205728 0.2136725
vn -1.2229103 -3.2738857 5.0468397
v 0.0666151 -0.0145169 0.2198939
vn -1.3909105 -0.9815909 5.9727335
v 0.0666151 -0.0060559 0.2228629
vn -2.2764966 -5.5040364 1.9973142
v 0.0835636 -0.0368749 0.1955207
vn -2.0912971 -5.4617243 2.2611957
v 0.0792065 -0.0336241 0.1996728
vn -1.7001630 -4.9101090 3.4828780
v 0.0787269 -0.0277874 0.2102383
vn -1.6188358 -4.2766290 4.2784109
v 0.0787269 -0.0226409 0.2162942
vn -1.2321913 -3.1800828 5.1780963
v 0.0787269 -0.0165850 0.2214459
vn -1.3192832 -1.2165756 5.8799992
v 0.0787269 -0.0060559 0.2259361
vn -1.1926523 -5.7235765 2.1161134
v 0.0912841 -0.0382868 0.1996728
vn -0.5756041 -5.0162196 3.0472112
v 0.0956183 -0.0366715 0.2063274
vn -1.9403362 -5.2080979 2.7605522
v 0.0875438 -0.0355218 0.2035952
vn -0.9967725 -4.6661410 4.0339975
v 0.0908466 -0.0301659 0.2120223
vn -0.6160862 -4.3143616 4.4563103
v 0.0941494 -0.0248100 0.2185478
vn -1.2510897 -4.1944752 4.4265785
v 0.0860748 -0.0239360 0.2177172
vn -1.1089842 -3.3160706 5.1824546
v 0.0904027 -0.0192063 0.2221962
vn -1.5584973 -1.2642934 5.8446279
v 0.0913454 -0.0057790 0.2288144
vn -1.8303778 -0.3093565 5.9819822
v 0.0957205 -0.0015571 0.2303571
vn 0.1591185 -4.3531122 -2.7027059
v 0.1029506 -0.0381213 0.0079584
vn 0.6025769 -4.5091982 2.5782347
v 0.1029506 -0.0381213 0.0140214
vn 3.6856678 -3.9388571 -1.7864400
v 0.0979001 -0.0371895 0.0703582
vn 3.8685896 -4.1465077 -1.1979728
v 0.0995483 -0.0384636 0.0787269
vn 3.9227014 -4.2810154 -0.8332293
v 0.1011959 -0.0397907 0.0908387
vn 0.5590163 -0.4285820 -5.0596604
v 0.1029506 -0.0302796 0.0034126
vn 2.7535930 -2.4269166 4.4153528
v 0.1029593 -0.0302979 0.0197042
vn 3.3303807 -1.8461342 3.3866935
v 0.0989279 -0.0262729 0.0276145
vn 4.3104348 -0.9945089 -2.8991749
v 0.0978340 -0.0266764 0.0566333
vn 5.6732392 -1.4242940 -1.8652238
v 0.0992361 -0.0305400 0.0664386
vn 5.7034407 -0.5341011 -1.2938744
v 0.1033877 -0.0302796 0.0787269
vn 5.5098691 -0.3081424 -0.9654202
v 0.1063181 -0.0302796 0.0908387
vn 0.8116856 4.0007596 -2.8845749
v 0.1029506 -0.0200114 0.0075660
vn 2.5646801 3.9759262 1.7387965
v 0.1029593 -0.0193646 0.0181765
vn 3.1947262 2.0812259 2.9770906
v 0.0989279 -0.0217416 0.0276145
vn 3.4984989 1.8933482 -2.1918688
v 0.0978340 -0.0228946 0.0566333
vn 4.2969112 3.0936677 -1.1046206
v 0.0990674 -0.0215494 0.0666151
vn 4.1566048 3.6559837 -0.8020905
v 0.1007340 -0.0202346 0.0787269
vn 4.2062654 3.8808961 -1.1187608
v 0.1020169 -0.0195919 0.0908387
vn 2.5506692 -2.7484088 -1.5801988
v 0.1099762 -0.0373518 0.0092833
vn 2.2468314 -2.4438179 1.7517493
v 0.1099762 -0.0373518 0.0128562
vn 4.2270260 -0.3258339 -2.6881256
v 0.1113106 -0.0302796 0.0079658
vn 4.3384857 -0.8103606 2.5808728
v 0.1113106 -0.0302796 0.0141951
vn 2.8391359 2.2687147 -1.5887932
v 0.1111089 -0.0220063 0.0094123
vn 3.0592937 2.1158099 1.5416930
v 0.1111089 -0.0220063 0.0141451
vn 0.7247659 -5.9423256 -1.1275753
v 0.0990988 -0.0490596 0.1413644
vn 0.8403139 -6.1491370 -0.0920066
v 0.1004138 -0.0493835 0.1513979
vn 0.7249802 -6.1831007 0.2993769
v 0.0998024 -0.0491230 0.1635097
vn 0.4446627 -5.9453096 1.2939717
v 0.0982836 -0.0487123 0.1720871
vn 3.9662089 -4.3962626 -0.6091908
v 0.1021787 -0.0404684 0.1029506
vn 3.4375255 -4.8024564 -1.6105287
v 0.1040453 -0.0406673 0.1141619
vn 2.1676474 -5.6710153 -1.3802873
v 0.1029506 -0.0448001 0.1271742
vn 1.8055673 -5.7890558 -1.1748607
v 0.1030619 -0.0474613 0.1381107
vn 2.0264752 -5.8953748 -0.3481136
v 0.1064697 -0.0477516 0.1513979
vn 1.8213389 -5.9661493 0.4322414
v 0.1058583 -0.0477371 0.1635097
vn 1.1216199 -5.8597980 1.4492131
v 0.1025728 -0.0471766 0.1759232
vn 0.8632685 -5.6966596 2.0425670
v 0.1029506 -0.0436500 0.1877334
vn 5.7450743 -0.9103985 -1.0568134
v 0.1077367 -0.0302796 0.1029506
vn 5.6093640 -1.5463195 -2.0372825
v 0.1086399 -0.0302796 0.1096146
vn 4.2972417 2.4863751 -3.4179285
v 0.1046373 -0.0167801 0.1034970
vn 5.1489253 -0.0466967 -3.4439449
v 0.1087117 -0.0205047 0.1092995
vn 2.4913871 3.2119899 -4.7477531
v 0.1029506 -0.0096824 0.1067981
vn 1.6590995 1.6412404 -5.5650911
v 0.1029506 -0.0036264 0.1111090
vn 3.9466624 -3.6067731 -2.5513558
v 0.1102378 -0.0377760 0.1175988
vn 3.5170779 -4.6187711 -2.0287485
v 0.1129285 -0.0396101 0.1271742
vn 2.9824398 -5.3126106 -1.3707006
v 0.1162500 -0.0411862 0.1381240
vn 2.6983593 -5.5463047 -0.5333951
v 0.1150624 -0.0444836 0.1513979
vn 2.6900558 -5.5940576 0.4162418
v 0.1150624 -0.0443684 0.1635097
vn 2.5217187 -5.5933380 1.0966506
v 0.1150624 -0.0426764 0.1756215
vn 2.1614828 -5.5879073 1.8601766
v 0.1154054 -0.0389317 0.1879792
vn 5.0633259 -1.5417671 -3.3367357
v 0.1121109 -0.0302796 0.1156705
vn 4.6282740 -2.5610054 -3.3599992
v 0.1187336 -0.0314542 0.1268475
vn 4.1107059 -3.6162431 -2.4414616
v 0.1210790 -0.0362745 0.1333120
vn 2.1767795 -5.5778265 1.8430207
v 0.1196714 -0.0358609 0.1921804
vn 3.9343345 0.3098753 -4.7664766
v 0.1090283 -0.0124301 0.1089835
vn 4.3604369 -0.9283648 -4.4049454
v 0.1145086 -0.0169725 0.1149390
vn 4.3275151 -2.1140053 -3.9928451
v 0.1199889 -0.0215148 0.1225924
vn 2.9131269 0.9834162 -5.1185703
v 0.1090283 -0.0120623 0.1089835
vn 2.8237617 0.0725827 -5.4992995
v 0.1138643 -0.0072374 0.1133638
vn 4.0733199 -4.3945198 -1.3311293
v 0.1225395 -0.0379794 0.1413866
vn 3.9413068 -4.6902518 -0.5608492
v 0.1237178 -0.0391234 0.1513979
vn 3.7261636 -4.9750834 0.2465997
v 0.1239006 -0.0390226 0.1635097
vn 3.4452147 -5.1631641 0.7777668
v 0.1232143 -0.0380728 0.1756215
vn 2.9837885 -5.3242030 1.2647244
v 0.1222481 -0.0371423 0.1841058
vn 4.5202899 -2.6809206 -3.4159799
v 0.1235706 -0.0282000 0.1306670
vn 4.8289404 -3.3799894 -2.0985410
v 0.1270923 -0.0304741 0.1389047
vn 4.6834660 -4.0330787 -1.0484999
v 0.1297737 -0.0320114 0.1513979
vn 4.2846856 -4.5876141 -0.0921794
v 0.1299565 -0.0332067 0.1635097
vn 3.6639900 -5.0771794 0.2892303
v 0.1292702 -0.0333593 0.1756215
vn 2.7341573 -5.5648112 0.8837975
v 0.1266409 -0.0335643 0.1879792
vn 3.4196243 -2.1896675 -4.7645717
v 0.1224346 -0.0134403 0.1205785
vn 3.7731028 -2.9636779 -4.0315356
v 0.1270399 -0.0179032 0.1267699
vn 4.4725618 -3.4289665 -2.7271099
v 0.1316452 -0.0223662 0.1364229
vn 2.5992720 -1.2879134 -5.4631591
v 0.1267528 -0.0050618 0.1192836
vn 3.4439447 -2.5271351 -4.5057545
v 0.1305092 -0.0084364 0.1228729
vn 4.6563106 -3.7750793 -1.8632594
v 0.1336381 -0.0246738 0.1444975
vn 4.5570221 -4.0666385 -1.4606441
v 0.1349955 -0.0259555 0.1513979
vn 4.1202178 -4.6855145 -0.5994279
v 0.1369217 -0.0271508 0.1635097
vn 3.5668600 -5.1397939 -0.5577412
v 0.1380408 -0.0273033 0.1756215
vn 2.8079369 -5.5891700 -0.4511516
v 0.1401376 -0.0269466 0.1873785
vn 4.1975551 -3.0546913 -3.2989323
v 0.1348161 -0.0142916 0.1309474
vn 4.6125674 -3.5530648 -2.3454490
v 0.1366906 -0.0182645 0.1399905
vn 4.5736599 -3.9141536 -1.7836686
v 0.1417513 -0.0179683 0.1505318
vn 4.3864431 -4.2911501 -1.1437372
v 0.1429777 -0.0217527 0.1635097
vn 3.9743199 -4.7378297 -0.8361167
v 0.1440967 -0.0232282 0.1756215
vn 3.5983064 -5.0228872 -0.9931205
v 0.1447426 -0.0238399 0.1831047
vn 3.4593799 -0.6387258 -4.3566661
v 0.1333654 -0.0003619 0.1209940
vn 4.7962770 -1.3729993 -3.5354176
v 0.1365355 -0.0050618 0.1270158
vn 4.8223748 -1.8322377 -3.2716384
v 0.1435632 -0.0070599 0.1383067
vn 4.8176470 -3.2340546 -2.2049236
v 0.1450782 -0.0117665 0.1459172
vn 2.7929392 -5.3970561 -1.2790149
v 0.1464454 -0.0248315 0.1911793
vn 4.9745922 -3.4359941 -1.5730637
v 0.1465126 -0.0137980 0.1539917
vn 4.9829297 -3.5150158 -1.4277334
v 0.1479090 -0.0156968 0.1635097
vn 4.5739079 -4.0750055 -1.3331900
v 0.1499189 -0.0171723 0.1756215
vn 3.9328916 -4.5396214 -1.8169087
v 0.1518562 -0.0189321 0.1866210
vn 4.9397669 -0.8893818 -2.8090315
v 0.1474125 -0.0036919 0.1416911
vn 5.6122503 -1.6633762 -1.7364044
v 0.1492623 -0.0070599 0.1505318
vn 5.5373411 -1.6453420 -2.0885358
v 0.1542160 -0.0049893 0.1644168
vn 5.1831484 -2.9057245 -1.9856191
v 0.1559748 -0.0090021 0.1756215
vn 4.7082357 -3.4449403 -2.1758289
v 0.1572671 -0.0117618 0.1820627
vn 4.2567329 -3.8625998 -2.4558103
v 0.1593187 -0.0140242 0.1901372
vn 5.5144830 -0.7427428 -2.2426903
v 0.1575591 -0.0002410 0.1690588
vn 5.6907268 -1.3537163 -1.9958261
v 0.1587586 -0.0029462 0.1756215
vn 5.0449209 -1.8858463 -3.0075443
v 0.1632407 -0.0060754 0.1877834
vn 4.4425373 -0.8262624 -4.1593652
v 0.1698127 -0.0003889 0.1935042
vn 0.9838365 -5.6505461 2.3659081
v 0.1023566 -0.0384897 0.1997963
vn 0.5239202 -5.0465813 3.0696971
v 0.0979233 -0.0366715 0.2063274
vn 1.6983551 -5.3021145 2.8858078
v 0.1059978 -0.0353312 0.2038009
vn 0.6162924 -4.8673921 3.8568797
v 0.1023566 -0.0315356 0.2110016
vn 0.0004675 -4.5236969 4.3099217
v 0.1029506 -0.0250329 0.2188940
vn -0.8446078 -4.0002413 4.7213721
v 0.1026175 -0.0175101 0.2257317
vn -1.9985510 -3.6181440 4.5816660
v 0.1064327 -0.0130344 0.2309102
vn -1.8032062 -2.2465463 5.5003352
v 0.0983582 -0.0096317 0.2297028
vn -2.4677539 -1.0936944 5.6165433
v 0.1026175 -0.0057790 0.2322467
vn 1.8909022 -5.5021248 2.3680072
v 0.1115968 -0.0372131 0.1957264
vn 1.7165546 -5.5026331 2.4945238
v 0.1154054 -0.0341444 0.1997963
vn 0.9664275 -5.4492059 2.9489915
v 0.1157287 -0.0274576 0.2130074
vn 0.4206526 -5.0186224 3.6896677
v 0.1121356 -0.0247163 0.2186528
vn 0.2280573 -5.3564610 3.2169244
v 0.1202101 -0.0240886 0.2177449
vn -0.8140198 -5.2485194 3.2743564
v 0.1157287 -0.0213349 0.2232416
vn -2.3703768 -4.4955721 3.5610900
v 0.1150624 -0.0146581 0.2337012
vn -3.7293818 -1.7409244 4.5886011
v 0.1149168 -0.0072254 0.2393420
vn -4.1363373 -0.8301566 4.3659863
v 0.1188570 -0.0039677 0.2445433
vn 1.2260698 -5.9137058 1.6117826
v 0.1271742 -0.0308698 0.1998452
vn -0.3054608 -5.9313579 1.9746085
v 0.1263293 -0.0267154 0.2130074
vn -1.2605802 -6.0076098 1.2977319
v 0.1298034 -0.0249458 0.2220450
vn -0.6460164 -5.6186528 2.4226959
v 0.1217288 -0.0240886 0.2177449
vn -1.8023826 -5.6569586 1.9813652
v 0.1263293 -0.0232032 0.2252769
vn -2.4192104 -5.1605105 2.6248689
v 0.1259958 -0.0176487 0.2373594
vn -2.9082446 -4.5298796 3.0322089
v 0.1292474 -0.0148311 0.2461566
vn -3.3744309 -3.5784099 3.6525879
v 0.1211728 -0.0120423 0.2421824
vn -4.1185832 -1.9813334 4.0821085
v 0.1259778 -0.0079751 0.2493872
vn -4.0940890 -0.9185613 4.2032990
v 0.1307827 -0.0039078 0.2569103
vn 1.7311435 -6.0226002 -0.0508738
v 0.1392860 -0.0281472 0.1998452
vn 0.1559583 -6.1944160 0.4835772
v 0.1392860 -0.0279652 0.2119570
vn -0.9409214 -6.1176968 1.0242178
v 0.1380777 -0.0260018 0.2252769
vn -1.0911361 -6.0153713 1.4131835
v 0.1413094 -0.0249541 0.2326480
vn -1.6868993 -5.6684179 1.8063631
v 0.1332349 -0.0242228 0.2301196
vn -1.6936622 -5.5921035 2.2030461
v 0.1380777 -0.0231664 0.2364834
vn -2.3186524 -5.2182350 2.5951867
v 0.1381538 -0.0172164 0.2494334
vn -2.8355711 -4.5499430 3.1486070
v 0.1414363 -0.0143063 0.2578301
vn -3.2838018 -3.7224946 3.5248024
v 0.1333618 -0.0119824 0.2542312
vn -3.8442066 -2.0869460 4.2565370
v 0.1382099 -0.0076607 0.2614075
vn -3.4969707 -0.8534200 4.5671053
v 0.1430581 -0.0033391 0.2682722
vn 1.9554601 -5.7484951 -1.2645233
v 0.1508487 -0.0253175 0.2010209
vn 0.8288963 -6.1500983 -0.8027076
v 0.1513979 -0.0269669 0.2119570
vn -0.4716163 -6.2011852 0.0104847
v 0.1513979 -0.0278336 0.2240689
vn -1.6132240 -5.9555659 1.1373999
v 0.1509320 -0.0262603 0.2364834
vn -2.2506232 -5.7073383 1.3336246
v 0.1552505 -0.0250389 0.2482925
vn -2.9052010 -5.2762065 1.7235304
v 0.1573111 -0.0242870 0.2545010
vn 3.2772350 -4.8491936 -2.2443576
v 0.1545199 -0.0220988 0.1977674
vn -1.8805060 -5.6971350 1.8341480
v 0.1465842 -0.0237803 0.2407225
vn -2.4691560 -5.4118881 1.9911585
v 0.1491946 -0.0225090 0.2482925
vn -2.8844428 -4.8750939 2.6948421
v 0.1516284 -0.0183297 0.2602028
vn -2.8224504 -3.6597953 4.0815425
v 0.1540202 -0.0142786 0.2685339
vn -3.0232816 -3.5048313 3.9321344
v 0.1459457 -0.0114136 0.2659047
vn -2.6209059 -1.5625473 5.2962732
v 0.1505489 -0.0068482 0.2710558
vn 2.1349013 -5.3931398 -2.1729600
v 0.1575171 -0.0242498 0.2058420
vn 0.9948648 -5.7535400 -2.1045954
v 0.1623365 -0.0253114 0.2122506
vn -0.2831534 -6.1099911 -1.3105808
v 0.1635097 -0.0284994 0.2240689
vn -1.5186236 -6.0312462 0.0498534
v 0.1635097 -0.0298911 0.2361807
vn -2.4995921 -5.7113352 0.7003946
v 0.1635097 -0.0285815 0.2482925
vn -3.1653490 -5.2046041 1.3581092
v 0.1635014 -0.0267934 0.2592847
vn -3.3321564 -4.0688686 2.6869292
v 0.1675331 -0.0263385 0.2698351
vn 3.2941775 -4.2615275 -3.1848383
v 0.1624552 -0.0179651 0.2010320
vn 2.1000469 -4.6378980 -3.6342959
v 0.1655917 -0.0219059 0.2084091
vn -3.5481484 -4.5109558 2.4945254
v 0.1594586 -0.0223531 0.2625755
vn -3.4643610 -2.8626375 4.2806020
v 0.1635014 -0.0182566 0.2720748
vn 3.9648619 -3.1066058 -3.6824718
v 0.1673933 -0.0084634 0.1962220
vn -2.5640950 -1.3274270 5.4170270
v 0.1629401 -0.0069371 0.2771588
vn -1.5812163 -0.3893716 5.8113170
v 0.1665977 -0.0034874 0.2792389
vn -1.1819106 -5.7209387 -0.9407197
v 0.1812450 -0.0364944 0.2415209
vn -1.1709838 -5.7877564 0.8651887
v 0.1812450 -0.0364944 0.2456246
vn 0.5698045 -5.0370369 -3.5189819
v 0.1756215 -0.0254869 0.2162291
vn -0.4185726 -5.7496076 -2.3078890
v 0.1756215 -0.0295937 0.2240689
vn -1.4996121 -5.8141313 -1.2836592
v 0.1765733 -0.0339250 0.2369624
vn -1.8513802 -5.8545361 0.6749253
v 0.1765733 -0.0343058 0.2491141
vn -1.2985313 -5.7740183 1.2289902
v 0.1756215 -0.0326960 0.2604043
vn -1.9269187 -4.9023886 2.1796434
v 0.1746372 -0.0290232 0.2733299
vn -1.2311778 -2.3697989 3.1669130
v 0.1780183 -0.0270367 0.2820394
vn 2.6473882 -3.6303775 -4.3723898
v 0.1724052 -0.0138313 0.2042965
vn 1.5628726 -3.8055134 -4.7150397
v 0.1761141 -0.0179882 0.2096247
vn -3.7061567 -1.3618227 4.6566238
v 0.1704810 -0.0181677 0.2779791
vn -1.4549849 0.3820125 5.8094711
v 0.1765369 -0.0181677 0.2815221
vn 2.9950690 -1.9978564 -4.9911170
v 0.1751462 -0.0056903 0.2004417
vn 1.3531387 -3.2940536 -5.0757985
v 0.1804798 -0.0109917 0.2064110
vn -2.2943091 -0.7138588 5.7152605
v 0.1704080 -0.0115619 0.2784439
vn -0.3613876 0.2580261 6.2407098
v 0.1749157 -0.0069371 0.2793809
vn 0.6601406 -6.0387373 -0.7808292
v 0.1851607 -0.0364944 0.2415209
vn 0.3472767 -6.2215228 0.3419844
v 0.1851607 -0.0364944 0.2456246
vn 0.3343660 -4.5851102 -4.1112776
v 0.1877334 -0.0252424 0.2169133
vn 0.0804028 -5.5343838 -2.8712473
v 0.1877334 -0.0297785 0.2240689
vn 0.1081300 -5.9795828 -1.5480459
v 0.1886121 -0.0351043 0.2369624
vn 0.4477404 -6.0076504 0.9432884
v 0.1886121 -0.0359801 0.2491141
vn 0.9668954 -5.6470084 2.0392520
v 0.1877334 -0.0328668 0.2604043
vn 2.5626457 -4.6498404 2.2865291
v 0.1881830 -0.0283213 0.2721785
vn 1.3803185 -2.2050314 2.8839624
v 0.1844454 -0.0270367 0.2820394
vn 0.2879144 -3.7408347 -5.0312204
v 0.1877334 -0.0181677 0.2114908
vn 3.8761353 -1.3669908 4.5729055
v 0.1911838 -0.0181677 0.2761970
vn 2.0423810 0.6039738 5.3504462
v 0.1851279 -0.0181677 0.2815221
vn 0.4214210 -1.4124873 -5.9997926
v 0.1877334 -0.0046837 0.2039596
vn -0.1268618 -2.9647596 -5.5196576
v 0.1877334 -0.0107396 0.2065345
vn 1.9038509 -0.4384358 5.8383288
v 0.1911373 -0.0060559 0.2780516
vn 0.9041893 0.2181600 6.1732907
v 0.1850814 -0.0060559 0.2790830
vn -1.9820921 -4.9541249 -1.0082685
v 0.2019280 -0.0383907 0.2394366
vn -1.6964792 -4.5193834 1.5084987
v 0.2019280 -0.0383907 0.2441314
vn 0.5645442 -4.6735029 -4.0297513
v 0.1968720 -0.0247529 0.2173959
vn 0.1932137 -5.2032027 -3.4829268
v 0.2004837 -0.0279323 0.2230508
vn -1.1872807 -5.6903195 -1.9495718
v 0.1986725 -0.0348665 0.2357118
vn 0.6163474 -5.4619379 2.3244309
v 0.1986725 -0.0343674 0.2482182
vn 2.8046281 -4.6681681 3.0362694
v 0.1994193 -0.0276827 0.2600912
vn 3.3546023 -3.9080834 3.3928332
v 0.1950980 -0.0251687 0.2679162
vn -0.3333070 -3.5152578 -4.9509211
v 0.2038174 -0.0125119 0.2054461
vn 0.2190353 -4.3672028 -4.4902182
v 0.2003447 -0.0182391 0.2118158
vn 0.8693476 -4.6048760 -4.1583672
v 0.2049466 -0.0239663 0.2183348
vn 3.5002182 -3.5110919 3.8289857
v 0.2031726 -0.0212626 0.2639197
vn 3.4718852 -2.5670187 4.5175538
v 0.1994193 -0.0176023 0.2698290
vn -0.5152563 -1.4683934 -5.8754745
v 0.1998062 -0.0068414 0.2031407
vn -0.6252449 -3.3922162 -5.2174459
v 0.1957429 -0.0114023 0.2062358
vn 3.1823282 -0.6923883 5.2797718
v 0.1998452 -0.0060559 0.2736675
vn -0.1576666 -3.9103632 -3.1063535
v 0.2171062 -0.0369700 0.2294082
vn 0.8923099 -5.5507097 -0.2148445
v 0.2128832 -0.0376804 0.2352177
vn 1.4177523 -4.0343843 2.3263192
v 0.2086603 -0.0383907 0.2441314
vn 0.5089904 -3.8675189 -4.8092837
v 0.2126241 -0.0307517 0.2263292
vn -1.1998239 -5.0840683 -3.4058979
v 0.2090316 -0.0351037 0.2313620
vn 4.4082780 -3.2166727 2.3667419
v 0.2167349 -0.0337472 0.2390734
vn 3.3154361 -3.4070263 3.9480488
v 0.2120178 -0.0296443 0.2476265
vn 3.1582360 -4.0611043 3.4827516
v 0.2073008 -0.0255414 0.2558451
vn 0.5306283 -3.7526660 -4.6762819
v 0.2075067 -0.0125119 0.2054461
vn 1.4335394 -4.7193408 -3.8456211
v 0.2117092 -0.0161999 0.2112093
vn 2.0324848 -4.1621776 -4.1852303
v 0.2119570 -0.0229777 0.2198618
vn 4.1598926 -3.2908070 3.3430305
v 0.2153753 -0.0215021 0.2511216
vn 3.8272614 -3.0561554 3.8925161
v 0.2110919 -0.0173451 0.2597392
vn 3.6242278 -2.1925001 4.4291339
v 0.2068085 -0.0131881 0.2671671
vn 0.7365471 -1.6279403 -5.5898170
v 0.2117092 -0.0066250 0.2026360
vn 2.3402483 -3.6230795 -4.2397981
v 0.2155813 -0.0110417 0.2066735
vn 4.1708646 -0.9325612 4.4669294
v 0.2141133 -0.0060559 0.2629395
vn 3.7495930 -0.6509246 4.9124660
v 0.2080573 -0.0060559 0.2681321
vn 1.7374541 -2.1116800 -1.6720437
v 0.2182372 -0.0369700 0.2294082
vn 3.2332509 -3.4115319 0.4428201
v 0.2182372 -0.0369700 0.2309988
vn 4.1859016 -2.1730533 -2.8082330
v 0.2191254 -0.0302796 0.2281668
vn 5.8185697 -1.9989476 1.0685352
v 0.2191825 -0.0299378 0.2354939
vn 4.9817085 -2.5961504 2.6331868
v 0.2184790 -0.0256727 0.2430470
vn 3.3865573 -3.7645683 -3.1636021
v 0.2215257 -0.0147452 0.2147480
vn 4.4417701 -3.6846280 -1.9412311
v 0.2232843 -0.0185366 0.2241436
vn 5.4763622 -2.8050003 1.0069653
v 0.2239867 -0.0181677 0.2361807
vn 5.0751219 -2.7629695 2.4036670
v 0.2201940 -0.0177460 0.2475676
vn 4.3646455 -2.4033921 3.3307972
v 0.2189559 -0.0134276 0.2555587
vn 2.9295809 -1.0000690 -4.3732843
v 0.2195483 -0.0029672 0.2037109
vn 4.5039539 -1.8841416 -3.6576548
v 0.2245743 -0.0066842 0.2120209
vn 5.0042963 -2.9396832 -1.0438029
v 0.2297138 -0.0108109 0.2240689
vn 5.3234544 -2.9172447 1.3826270
v 0.2287488 -0.0097845 0.2361807
vn 5.1759944 -1.4463202 3.0099461
v 0.2258923 -0.0054196 0.2475213
vn 4.8007240 -0.7194895 3.7656779
v 0.2201367 -0.0060559 0.2568836
vn 4.9008398 -0.9175717 -2.9470286
v 0.2306071 -0.0023266 0.2173683
vn 5.7114301 -1.3625641 -0.7890418
v 0.2322807 -0.0047550 0.2240689
vn 5.5117893 -1.5970557 1.0191849
v 0.2323348 -0.0037286 0.2361807
vn 5.0001559 -0.9498636 2.8059354
v 0.2306792 -0.0009581 0.2429698
vn -4.2105012 -1.1356765 -2.5880187
v 0.0595842 0.0355528 0.0945435
vn -3.5468202 1.8438370 -1.8835709
v 0.0595842 0.0372747 0.0945435
vn -3.6143308 -4.1317835 -2.3217046
v 0.0725991 0.0241297 0.0958642
vn -5.1476274 -0.2479267 -3.0207009
v 0.0725035 0.0356090 0.0722417
vn -5.4741049 -1.5568879 -2.0814748
v 0.0702614 0.0330375 0.0787269
vn -4.5308065 -3.2032719 -2.4785857
v 0.0670751 0.0300715 0.0911666
vn -3.5986969 2.1769745 -2.6232231
v 0.0725035 0.0364699 0.0722417
vn -3.9972405 2.8689256 -1.8359756
v 0.0702614 0.0376725 0.0787269
vn -3.3646259 3.3328128 -2.4178100
v 0.0659990 0.0394585 0.0906392
vn -2.7667034 -1.7084929 -2.5523064
v 0.0828146 0.0218747 0.0092688
vn -4.2804880 -2.7979319 -0.7172002
v 0.0813580 0.0204776 0.0181677
vn -3.5124385 -3.0410042 0.1811716
v 0.0805028 0.0203138 0.0302796
vn -3.1620326 -3.1287143 0.0282995
v 0.0802929 0.0206891 0.0423914
vn -3.3892381 -3.1906757 -0.2839628
v 0.0802290 0.0208134 0.0545032
vn -3.5795114 -4.2311468 -0.7439030
v 0.0798689 0.0205380 0.0666151
vn -3.2487321 -5.1376128 -0.5556826
v 0.0793860 0.0201512 0.0787269
vn -3.4684370 -5.0357652 -1.1574442
v 0.0776355 0.0203814 0.0914316
vn -3.1304560 1.5765899 -2.5937021
v 0.0828146 0.0275520 0.0092688
vn -4.1687732 2.8224158 -0.2104728
v 0.0813580 0.0287248 0.0181677
vn -3.3070593 3.0825596 -0.0856447
v 0.0805028 0.0281620 0.0302796
vn -3.3160825 3.0980883 -0.4012053
v 0.0802929 0.0284710 0.0423914
vn -3.9323723 2.5008614 -1.9987080
v 0.0800458 0.0309195 0.0544464
vn -5.2551751 -0.2191911 -2.3693590
v 0.0749130 0.0310548 0.0675687
vn -5.2014661 -3.1123571 -1.3185638
v 0.0733300 0.0269815 0.0787269
vn -4.4231162 -4.2547092 -0.9336809
v 0.0728707 0.0245901 0.0877896
vn -1.5819850 4.0627232 -2.5632885
v 0.0829596 0.0371134 0.0584459
vn -2.5260406 4.6487217 -2.1692567
v 0.0788442 0.0379846 0.0675687
vn -1.3295803 5.8660879 -1.4993967
v 0.0787269 0.0409527 0.0787269
vn -1.0323386 5.9869962 -1.2035426
v 0.0787269 0.0437717 0.0908387
vn -0.7673038 -3.2233477 -3.6266234
v 0.0908387 0.0199128 0.0074583
vn -0.1153854 -5.4056048 -0.2847495
v 0.0908387 0.0160669 0.0181677
vn 2.3120840 -4.0603056 2.1424394
v 0.0918395 0.0196066 0.0311029
vn 3.1474469 -3.3866262 0.0888205
v 0.0905407 0.0206891 0.0423914
vn 2.6474998 -3.9845798 -1.7848722
v 0.0920218 0.0206981 0.0533589
vn 0.5635777 -5.8511505 -0.7680289
v 0.0908387 0.0178639 0.0666151
vn 0.1766699 -5.8017697 -0.7369167
v 0.0908387 0.0161623 0.0787269
vn 0.2198932 -5.8375378 -1.0318810
v 0.0908387 0.0148597 0.0908387
vn -2.4756494 2.1390133 -4.0319333
v 0.0903252 0.0310654 0.0067634
vn -1.7468101 5.0236397 1.5383998
v 0.0903252 0.0338988 0.0180375
vn 2.3033032 4.0561886 2.0379002
v 0.0918395 0.0286038 0.0311029
vn 3.2981799 3.3483596 -0.4261478
v 0.0905407 0.0284710 0.0423914
vn 2.9347003 3.5086758 -3.2062054
v 0.0919451 0.0310300 0.0535023
vn 3.6968596 4.0882182 -2.4550166
v 0.0951169 0.0347511 0.0622833
vn -2.1237383 3.6111093 -1.7462919
v 0.0940201 0.0377002 0.0094024
vn -1.8116728 4.2593641 1.4377683
v 0.0940201 0.0377002 0.0139134
vn 0.7423960 4.7468047 -2.8827505
v 0.0870424 0.0371134 0.0584459
vn 1.1780528 5.7657819 -1.7167704
v 0.0909833 0.0384164 0.0664384
vn 0.8839344 5.9120460 -1.3466890
v 0.0908387 0.0417440 0.0787269
vn 1.0874591 5.9650483 -0.9017752
v 0.0908387 0.0440276 0.0908387
vn -0.4230509 0.8455901 -6.1464133
v 0.0060559 0.0033780 0.1080848
vn -0.6244851 2.2477872 -5.7869978
v 0.0060559 0.0094339 0.1097470
vn -0.4297688 3.3490267 -5.2542782
v 0.0060559 0.0181677 0.1142320
vn -0.2348710 4.4280610 -4.2805967
v 0.0060559 0.0253020 0.1195474
vn -0.2613970 5.2845583 -3.3696780
v 0.0060559 0.0304929 0.1271742
vn -0.4996287 5.6836429 -2.5077703
v 0.0060559 0.0354705 0.1357452
vn -0.2190790 5.9825878 1.8977432
v 0.0060559 0.0350690 0.1897731
vn -0.5421232 6.0609093 -1.4542133
v 0.0060559 0.0374075 0.1418011
vn -0.6946567 6.2102885 -0.4358899
v 0.0060559 0.0388068 0.1513979
vn -0.7021560 6.2341704 0.1678529
v 0.0060559 0.0388895 0.1635097
vn -0.5778760 6.2209053 0.6004633
v 0.0060559 0.0381331 0.1756215
vn -0.4373264 6.0790629 1.4266711
v 0.0060559 0.0369784 0.1837172
vn -0.2795869 0.8553149 -6.1498709
v 0.0181677 0.0048102 0.1076072
vn -0.3917646 2.4764445 -5.7050042
v 0.0181677 0.0108661 0.1093690
vn -0.1763667 3.6656172 -5.0863948
v 0.0181677 0.0181677 0.1138744
vn -0.0295404 4.5262876 -4.2608542
v 0.0181677 0.0252727 0.1195678
vn -0.0786193 5.1972947 -3.5283718
v 0.0181677 0.0305918 0.1271742
vn -0.1988360 5.5803218 -2.8132746
v 0.0181677 0.0355986 0.1349288
vn -0.0621646 5.8068862 2.3951550
v 0.0181677 0.0349843 0.1905275
vn -0.2898410 6.0059109 -1.7399486
v 0.0181677 0.0379330 0.1409847
vn -0.4864771 6.2066603 -0.5996286
v 0.0181677 0.0399759 0.1513979
vn -0.5724810 6.2446537 0.2154838
v 0.0181677 0.0400990 0.1635097
vn -0.4634017 6.2037230 0.8049549
v 0.0181677 0.0391304 0.1756215
vn -0.2667086 5.9979658 1.7665489
v 0.0181677 0.0374097 0.1844716
vn -0.2149870 0.9433032 -6.1329885
v 0.0301522 0.0070184 0.1074223
vn -0.3902229 2.6749372 -5.5912485
v 0.0260300 0.0116974 0.1091333
vn -0.1660274 2.8372748 -5.4386873
v 0.0341045 0.0124283 0.1088476
vn -0.1541286 3.8852165 -4.9273777
v 0.0301522 0.0171465 0.1127059
vn -0.6140063 4.3726244 -4.4005113
v 0.0302796 0.0253242 0.1195916
vn -0.7471260 5.1415057 -3.4742851
v 0.0302796 0.0308351 0.1271742
vn -0.2943666 5.5232496 -2.9156785
v 0.0302796 0.0357905 0.1344136
vn 0.0443614 5.6643171 2.7088673
v 0.0302796 0.0350086 0.1909973
vn -0.2416454 5.9871330 -1.8355074
v 0.0302796 0.0381972 0.1404696
vn -0.1831525 6.1791592 -0.7915499
v 0.0302796 0.0408318 0.1513979
vn -0.3606792 6.2405705 0.1778114
v 0.0302796 0.0412517 0.1635097
vn -0.2849092 6.1666279 1.0374606
v 0.0302796 0.0400173 0.1756215
vn -0.0858668 5.9078269 2.0378106
v 0.0302796 0.0377358 0.1849414
vn 0.0538879 1.0375392 -6.1033792
v 0.0428807 0.0071586 0.1072163
vn 0.1169124 2.5537171 -5.6959810
v 0.0472441 0.0119311 0.1090791
vn 0.1071877 2.9276810 -5.4141717
v 0.0391696 0.0124283 0.1088476
vn -0.7059321 3.0534134 -5.3062329
v 0.0428807 0.0171465 0.1127348
vn -2.8697000 3.0014877 -4.5865774
v 0.0427525 0.0295319 0.1188729
vn -2.9155090 4.7056456 -2.7641873
v 0.0390538 0.0336646 0.1271742
vn -1.5490006 5.5670633 -2.2297428
v 0.0373395 0.0360391 0.1338793
vn 0.2807037 5.5320277 2.9438827
v 0.0423914 0.0348213 0.1909385
vn -2.8564003 3.6064200 -2.8518839
v 0.0470304 0.0381149 0.1193093
vn -2.9277656 5.3852320 -0.9679467
v 0.0451097 0.0385578 0.1271742
vn -1.4011205 5.9772906 -1.0856001
v 0.0417827 0.0384312 0.1384644
vn -0.4891736 6.2223487 -0.5884843
v 0.0423914 0.0407442 0.1513979
vn -0.0890513 6.2529182 0.1693930
v 0.0423914 0.0416052 0.1635097
vn 0.0474852 6.1285219 1.1817124
v 0.0423914 0.0404047 0.1756215
vn 0.1684054 5.8273625 2.2152615
v 0.0423914 0.0378117 0.1848826
vn 0.0695407 1.0938387 -6.0763059
v 0.0545032 0.0050077 0.1070476
vn 0.2550802 1.9159992 -5.9370794
v 0.0545032 0.0110636 0.1095209
vn -3.7258055 -1.7509145 -4.6522737
v 0.0590133 0.0214494 0.1078209
vn -1.4980452 0.6058658 -5.7841940
v 0.0547869 0.0177144 0.1112940
vn -5.1571550 -1.3821694 -2.9613819
v 0.0587345 0.0310211 0.1034504
vn -3.8991399 1.1426296 -4.5108166
v 0.0529537 0.0302796 0.1130226
vn 0.2453436 5.5818157 2.8666153
v 0.0545032 0.0344197 0.1898841
vn -4.6797915 3.2812862 -1.1687980
v 0.0594378 0.0376170 0.1029506
vn -3.1513062 4.4015026 -2.6080222
v 0.0554023 0.0392909 0.1151882
vn -2.0621052 5.8045945 -0.6289156
v 0.0545032 0.0426953 0.1271742
vn -1.6018199 6.0551677 0.0771986
v 0.0545032 0.0424934 0.1392860
vn -0.5773051 6.2338190 0.3363089
v 0.0545032 0.0416947 0.1513979
vn 0.0016233 6.2627645 0.4648944
v 0.0545032 0.0412764 0.1635097
vn 0.2508243 6.1073918 1.3577356
v 0.0545032 0.0398345 0.1756215
vn 0.3585691 5.8455224 2.2284727
v 0.0545032 0.0373376 0.1838282
vn -1.4135582 -0.1676380 -5.9752107
v 0.0662935 0.0065370 0.1070695
vn -1.2350308 0.9961309 -5.5697660
v 0.0620419 0.0108949 0.1096198
vn -3.0647027 -2.4363601 -4.8372793
v 0.0673205 0.0187523 0.1037704
vn -2.2693353 -0.6635528 -5.3105216
v 0.0620419 0.0133749 0.1096198
vn -3.7055194 -3.5739474 -3.4522943
v 0.0645246 0.0274783 0.0997464
vn -0.3061311 5.7494359 2.4585612
v 0.0666151 0.0343917 0.1889803
vn -2.5243113 5.6224294 -0.8903415
v 0.0666151 0.0422203 0.1029506
vn -2.0069332 5.8313193 -1.0857776
v 0.0666151 0.0440821 0.1150624
vn -1.2854110 6.0920973 -0.3273478
v 0.0666151 0.0459840 0.1271742
vn -1.2116576 6.0844183 0.4986324
v 0.0666151 0.0458728 0.1392860
vn -1.2161626 6.0920291 0.9319397
v 0.0666151 0.0437336 0.1513979
vn -0.8473141 6.1174712 1.0001036
v 0.0666151 0.0416592 0.1635097
vn -0.4703555 6.0282893 1.5852323
v 0.0666151 0.0391860 0.1756215
vn -0.3901651 5.8536973 2.1508534
v 0.0666151 0.0368422 0.1829244
vn -0.6760684 -1.6787879 -5.8462076
v 0.0787269 0.0060559 0.1049715
vn -2.1665783 -3.7923076 -4.1993876
v 0.0787269 0.0155528 0.0997594
vn -1.6557554 5.5546384 2.2477124
v 0.0754886 0.0351397 0.1904799
vn -0.7159075 6.0627379 -0.8513085
v 0.0787269 0.0459702 0.1029506
vn -0.4526901 6.1528211 -0.5357329
v 0.0787269 0.0471857 0.1150624
vn -0.4039672 6.2471132 -0.0793513
v 0.0787269 0.0475150 0.1271742
vn -0.7224497 6.2329607 0.2576424
v 0.0787269 0.0471333 0.1392860
vn -1.2958879 6.1027646 0.7020041
v 0.0787269 0.0460186 0.1513979
vn -1.6652586 5.9606552 1.0382419
v 0.0787269 0.0446071 0.1635097
vn -1.7792442 5.7999182 1.5820186
v 0.0787269 0.0417475 0.1756215
vn -2.0010538 5.5460567 2.1136241
v 0.0792063 0.0380135 0.1869589
vn 1.4613810 -2.5165062 -5.3318090
v 0.0903922 0.0053532 0.1052533
vn 2.5726926 -1.0760614 -4.8366461
v 0.0941318 0.0008475 0.1096888
vn 0.7140467 -5.0701141 -3.2187884
v 0.0908387 0.0133032 0.0984775
vn 1.3147683 5.9698782 -0.5419930
v 0.0908387 0.0455001 0.1029506
vn 1.2840865 6.0623569 -0.6428478
v 0.0908387 0.0461335 0.1150624
vn 0.6231757 6.2071838 -0.6167967
v 0.0908387 0.0471940 0.1271742
vn -0.2739916 6.2354593 -0.4940596
v 0.0902812 0.0482049 0.1381114
vn -1.3887918 6.1111283 0.2207015
v 0.0865601 0.0480410 0.1513979
vn -1.7997537 5.9479113 0.6651315
v 0.0877835 0.0477428 0.1635097
vn -1.4315819 5.7909298 1.6134531
v 0.0912599 0.0467354 0.1759243
vn -1.3312449 5.6726880 2.0343888
v 0.0908387 0.0429079 0.1877334
vn -0.4269905 6.1383147 -0.7639661
v 0.0939468 0.0490598 0.1413655
vn -0.7284328 6.1800680 -0.0414802
v 0.0926160 0.0493837 0.1513979
vn -0.7164083 6.1835251 0.3258764
v 0.0938394 0.0491232 0.1635097
vn -0.5691830 5.8461738 1.4573946
v 0.0955779 0.0487124 0.1720888
vn 0.6810629 1.2247429 5.9847088
v 0.0060559 0.0060559 0.2233000
vn 0.5067337 4.0478091 4.7513332
v 0.0060559 0.0206860 0.2151621
vn 0.5026368 3.0943279 5.3827109
v 0.0060559 0.0146301 0.2196654
vn 0.2133789 5.7273645 2.5226774
v 0.0060559 0.0316533 0.1998452
vn 0.3970510 4.9822402 3.6504533
v 0.0060559 0.0268639 0.2091062
vn 0.7917044 1.0211204 6.0596986
v 0.0181677 0.0060559 0.2216243
vn 0.6317355 3.9765973 4.8153434
v 0.0181677 0.0195997 0.2143544
vn 0.6408821 2.9779654 5.4215460
v 0.0181677 0.0135438 0.2189202
vn 0.2757428 5.5821786 2.8591838
v 0.0181677 0.0308753 0.1998452
vn 0.4834057 4.8878908 3.7965341
v 0.0181677 0.0261705 0.2082985
vn 0.4745961 2.8274417 5.5134354
v 0.0355397 0.0118404 0.2179183
vn 0.5225725 1.0551635 6.1137176
v 0.0310133 0.0071042 0.2198153
vn 0.5982531 3.8466904 4.9293671
v 0.0310133 0.0172962 0.2144708
vn 0.6221304 2.8643599 5.4679093
v 0.0274652 0.0126779 0.2183644
vn 0.2667115 5.4385443 3.1274748
v 0.0302796 0.0303572 0.1998452
vn 0.4607268 4.7135310 3.9999266
v 0.0302796 0.0256282 0.2076003
vn 0.1564735 2.8200121 5.5253024
v 0.0423914 0.0113541 0.2177589
vn 0.0079877 0.9135301 6.1565199
v 0.0423914 0.0052981 0.2196411
vn 0.2820479 3.9640591 4.8613133
v 0.0423914 0.0181677 0.2125950
vn 0.4034718 5.3270640 3.3052595
v 0.0423914 0.0295033 0.1998452
vn 0.4501086 4.6664772 4.0974598
v 0.0423914 0.0249615 0.2067931
vn -0.5404562 2.9784791 5.4487567
v 0.0494091 0.0113730 0.2177689
vn -0.8987945 1.0459654 6.0819826
v 0.0538691 0.0068238 0.2199503
vn -0.7518235 4.2954187 4.4982076
v 0.0538691 0.0175520 0.2133163
vn -1.2116001 3.1122649 5.1025023
v 0.0574836 0.0131043 0.2187658
vn -0.0197288 5.3414888 3.2908864
v 0.0545032 0.0286242 0.1998452
vn -0.2977978 4.9269576 3.8460686
v 0.0545032 0.0244841 0.2062692
vn -1.3909287 0.9813441 5.9727449
v 0.0666151 0.0060559 0.2228633
vn -1.3253479 4.5095825 4.1622009
v 0.0666151 0.0205732 0.2136729
vn -1.2229041 3.2738614 5.0468440
v 0.0666151 0.0145172 0.2198943
vn -0.9571683 5.5435615 2.7412221
v 0.0666151 0.0296079 0.1998452
vn -1.2519537 5.1228790 3.3834605
v 0.0666151 0.0254958 0.2076170
vn -1.3192828 1.2163292 5.8800092
v 0.0787269 0.0060559 0.2259365
vn -1.6188574 4.2766519 4.2783871
v 0.0787269 0.0226412 0.2162946
vn -1.2321829 3.1800718 5.1780953
v 0.0787269 0.0165853 0.2214464
vn -2.0913548 5.4617009 2.2611921
v 0.0792063 0.0336245 0.1996732
vn -1.7001965 4.9100847 3.4829051
v 0.0787269 0.0277877 0.2102387
vn -2.2765195 5.5040445 1.9972659
v 0.0835631 0.0368751 0.1955213
vn -1.5584935 1.2640742 5.8446522
v 0.0913454 0.0057793 0.2288147
vn -1.8303355 0.3092000 5.9820199
v 0.0957205 0.0015576 0.2303571
vn -1.2511055 4.1944981 4.4265490
v 0.0860739 0.0239362 0.2177174
vn -1.1089739 3.3160849 5.1824408
v 0.0904022 0.0192064 0.2221966
vn -1.9403116 5.2080574 2.7605796
v 0.0875431 0.0355220 0.2035959
vn -0.9967556 4.6661186 4.0340323
v 0.0908458 0.0301661 0.2120225
vn -0.6161069 4.3143816 4.4563031
v 0.0941485 0.0248102 0.2185479
vn -1.1926121 5.7235804 2.1161234
v 0.0912837 0.0382871 0.1996732
vn -0.5755591 5.0162344 3.0472846
v 0.0956176 0.0366717 0.2063276
vn 0.8116828 -4.0008121 -2.8845484
v 0.1029506 0.0200115 0.0075659
vn 2.5646734 -3.9759135 1.7388114
v 0.1029594 0.0193647 0.0181765
vn 3.1947136 -2.0812306 2.9770932
v 0.0989280 0.0217416 0.0276145
vn 3.4984748 -1.8933666 -2.1918511
v 0.0978340 0.0228947 0.0566333
vn 4.2968693 -3.0937266 -1.1046258
v 0.0990674 0.0215495 0.0666151
vn 4.1565599 -3.6560562 -0.8020806
v 0.1007340 0.0202347 0.0787269
vn 4.2061186 -3.8812752 -1.1176001
v 0.1020168 0.0195920 0.0908387
vn 0.5590110 0.4285668 -5.0595789
v 0.1029506 0.0302796 0.0034123
vn 2.7536049 2.4269454 4.4153347
v 0.1029594 0.0302979 0.0197041
vn 3.3303869 1.8461307 3.3866954
v 0.0989280 0.0262729 0.0276145
vn 4.3105206 0.9944197 -2.8992014
v 0.0978340 0.0266765 0.0566333
vn 5.6732988 1.4241500 -1.8652070
v 0.0992362 0.0305401 0.0664384
vn 5.7034378 0.5340074 -1.2938496
v 0.1033879 0.0302796 0.0787269
vn 5.5098848 0.3080612 -0.9653668
v 0.1063182 0.0302796 0.0908387
vn 0.1591324 4.3531408 -2.7026978
v 0.1029506 0.0381211 0.0079582
vn 0.6026068 4.5092320 2.5782237
v 0.1029506 0.0381211 0.0140212
vn 3.6857159 3.9388089 -1.7864246
v 0.0979002 0.0371896 0.0703579
vn 3.8686326 4.1464696 -1.1979582
v 0.0995485 0.0384637 0.0787269
vn 3.9227545 4.2809672 -0.8332078
v 0.1011960 0.0397908 0.0908387
vn 2.8391595 -2.2687283 -1.5887675
v 0.1111089 0.0220063 0.0094123
vn 3.0592823 -2.1157858 1.5416889
v 0.1111089 0.0220063 0.0141451
vn 4.2270584 0.3258382 -2.6881151
v 0.1113105 0.0302796 0.0079656
vn 4.3384943 0.8104030 2.5808678
v 0.1113105 0.0302796 0.0141950
vn 2.5506966 2.7484360 -1.5801861
v 0.1099761 0.0373516 0.0092831
vn 2.2468390 2.4438334 1.7517498
v 0.1099761 0.0373516 0.0128561
vn 2.4922373 -3.2087243 -4.7489214
v 0.1029506 0.0096791 0.1067966
vn 1.6585418 -1.6417464 -5.5649776
v 0.1029506 0.0036232 0.1111090
vn 4.2996593 -2.4847326 -3.4166598
v 0.1046371 0.0167930 0.1034960
vn 5.1497951 0.0474628 -3.4421406
v 0.1087116 0.0205303 0.1092996
vn 5.7450371 0.9098070 -1.0567296
v 0.1077366 0.0302796 0.1029506
vn 5.6093383 1.5463817 -2.0373607
v 0.1086398 0.0302796 0.1096146
vn 3.9662695 4.3962035 -0.6091939
v 0.1021788 0.0404686 0.1029506
vn 3.4375672 4.8024158 -1.6105363
v 0.1040453 0.0406676 0.1141618
vn 2.1676304 5.6710334 -1.3802328
v 0.1029506 0.0448003 0.1271742
vn 1.8054922 5.7890954 -1.1748924
v 0.1030622 0.0474614 0.1381114
vn 2.0264704 5.8953614 -0.3481951
v 0.1064706 0.0477519 0.1513979
vn 1.8213823 5.9661312 0.4322161
v 0.1058595 0.0477374 0.1635097
vn 1.1216911 5.8597660 1.4492553
v 0.1025733 0.0471769 0.1759243
vn 0.8632624 5.6966472 2.0426085
v 0.1029506 0.0436505 0.1877334
vn 0.7247502 5.9423676 -1.1275517
v 0.0990994 0.0490598 0.1413655
vn 0.8403038 6.1491351 -0.0920741
v 0.1004147 0.0493837 0.1513979
vn 0.7249784 6.1831017 0.2993583
v 0.0998035 0.0491232 0.1635097
vn 0.4446590 5.9452777 1.2940322
v 0.0982845 0.0487124 0.1720888
vn 2.9128401 -0.9840406 -5.1180058
v 0.1090302 0.0120580 0.1089814
vn 2.8238328 -0.0738993 -5.4992123
v 0.1138654 0.0072348 0.1133629
vn 3.9369674 -0.3089648 -4.7645288
v 0.1090302 0.0124557 0.1089814
vn 4.3612146 0.9292676 -4.4039278
v 0.1145096 0.0169864 0.1149383
vn 4.3275661 2.1153502 -3.9920282
v 0.1199890 0.0215172 0.1225924
vn 5.0632305 1.5423806 -3.3367131
v 0.1121110 0.0302796 0.1156705
vn 4.6282220 2.5610676 -3.3600368
v 0.1187337 0.0314544 0.1268475
vn 4.1106954 3.6161387 -2.4414749
v 0.1210792 0.0362749 0.1333116
vn 2.1767750 5.5778217 1.8430439
v 0.1196719 0.0358611 0.1921810
vn 3.9466593 3.6067212 -2.5514166
v 0.1102379 0.0377761 0.1175987
vn 3.5170183 4.6187773 -2.0288022
v 0.1129287 0.0396103 0.1271742
vn 2.9824059 5.3126187 -1.3707265
v 0.1162501 0.0411866 0.1381238
vn 2.6984069 5.5462751 -0.5334022
v 0.1150624 0.0444841 0.1513979
vn 2.6901293 5.5940289 0.4162265
v 0.1150624 0.0443689 0.1635097
vn 2.5217614 5.5933242 1.0966294
v 0.1150624 0.0426770 0.1756215
vn 2.1614842 5.5878944 1.8602026
v 0.1154057 0.0389321 0.1879796
vn 2.5992420 1.2865555 -5.4634461
v 0.1267543 0.0050619 0.1192828
vn 3.4443083 2.5262372 -4.5058312
v 0.1305116 0.0084365 0.1228716
vn 3.4199228 2.1895010 -4.7643752
v 0.1224371 0.0134426 0.1205770
vn 3.7729843 2.9644518 -4.0310755
v 0.1270412 0.0179050 0.1267692
vn 4.4726820 3.4294755 -2.7262664
v 0.1316452 0.0223674 0.1364234
vn 4.5202551 2.6812150 -3.4158072
v 0.1235707 0.0282003 0.1306669
vn 4.8290510 3.3799376 -2.0983992
v 0.1270924 0.0304742 0.1389048
vn 4.6835785 4.0329084 -1.0486382
v 0.1297740 0.0320113 0.1513979
vn 4.2846823 4.5876145 -0.0922492
v 0.1299568 0.0332070 0.1635097
vn 3.6639874 5.0771837 0.2892043
v 0.1292706 0.0333596 0.1756215
vn 2.7341597 5.5648098 0.8837904
v 0.1266411 0.0335646 0.1879796
vn 4.0733976 4.3944468 -1.3311166
v 0.1225396 0.0379796 0.1413862
vn 3.9413590 4.6901984 -0.5608739
v 0.1237180 0.0391237 0.1513979
vn 3.7261751 4.9750886 0.2465769
v 0.1239008 0.0390229 0.1635097
vn 3.4452250 5.1631641 0.7777144
v 0.1232147 0.0380731 0.1756215
vn 2.9838009 5.3241906 1.2647303
v 0.1222485 0.0371425 0.1841064
vn 3.4596479 0.6380132 -4.3570662
v 0.1333654 0.0003619 0.1209940
vn 4.7966976 1.3717437 -3.5351353
v 0.1365367 0.0050619 0.1270150
vn 4.8231449 1.8325732 -3.2701168
v 0.1435628 0.0070579 0.1383067
vn 4.8183002 3.2345395 -2.2046676
v 0.1450756 0.0117632 0.1459226
vn 4.1978545 3.0545940 -3.2980311
v 0.1348181 0.0142928 0.1309461
vn 4.6134772 3.5528722 -2.3439527
v 0.1366900 0.0182652 0.1399908
vn 4.5743876 3.9130652 -1.7842753
v 0.1417495 0.0179679 0.1505351
vn 4.3865185 4.2909040 -1.1443131
v 0.1429779 0.0217523 0.1635097
vn 3.9741416 4.7379670 -0.8362589
v 0.1440971 0.0232285 0.1756215
vn 3.5981746 5.0230055 -0.9930997
v 0.1447429 0.0238401 0.1831039
vn 4.6567025 3.7748086 -1.8629023
v 0.1336378 0.0246735 0.1444979
vn 4.5573959 4.0660634 -1.4610531
v 0.1349953 0.0259554 0.1513979
vn 4.1203547 4.6853542 -0.5995827
v 0.1369220 0.0271511 0.1635097
vn 3.5668826 5.1397686 -0.5578036
v 0.1380412 0.0273036 0.1756215
vn 2.8079579 5.5891585 -0.4511621
v 0.1401378 0.0269470 0.1873781
vn 4.9394512 0.8901701 -2.8085938
v 0.1474125 0.0036887 0.1416911
vn 5.6116834 1.6643748 -1.7371724
v 0.1492622 0.0070579 0.1505351
vn 5.5371823 1.6451951 -2.0890541
v 0.1542163 0.0049894 0.1644168
vn 5.1831474 2.9053109 -1.9860941
v 0.1559761 0.0090035 0.1756215
vn 4.7080364 3.4448180 -2.1761010
v 0.1572680 0.0117636 0.1820606
vn 4.9742646 3.4358294 -1.5744991
v 0.1465123 0.0137973 0.1539971
vn 4.9827046 3.5149381 -1.4286437
v 0.1479093 0.0156964 0.1635097
vn 4.5735421 4.0753002 -1.3335133
v 0.1499202 0.0171726 0.1756215
vn 3.9323969 4.5400715 -1.8168643
v 0.1518569 0.0189326 0.1866195
vn 2.7928302 5.3971581 -1.2790114
v 0.1464457 0.0248317 0.1911785
vn 5.5146012 0.7424036 -2.2427874
v 0.1575591 0.0002411 0.1690588
vn 5.6908717 1.3531971 -1.9960446
v 0.1587586 0.0029476 0.1756215
vn 5.0450935 1.8847353 -3.0078583
v 0.1632417 0.0060765 0.1877824
vn 4.2565136 3.8627074 -2.4558313
v 0.1593207 0.0140250 0.1901351
vn 4.4426875 0.8252781 -4.1597414
v 0.1698127 0.0003893 0.1935042
vn -1.8031800 2.2464368 5.5003543
v 0.0983575 0.0096322 0.2297030
vn -2.4677219 1.0934594 5.6165957
v 0.1026171 0.0057793 0.2322469
vn -0.8445755 4.0002594 4.7213664
v 0.1026171 0.0175102 0.2257321
vn -1.9984858 3.6180990 4.5817113
v 0.1064320 0.0130346 0.2309104
vn 1.6983132 5.3021221 2.8858135
v 0.1059984 0.0353314 0.2038013
vn 0.6162444 4.8674002 3.8568809
v 0.1023569 0.0315360 0.2110017
vn 0.0004210 4.5236883 4.3099132
v 0.1029506 0.0250332 0.2188943
vn 0.9838325 5.6505318 2.3659487
v 0.1023569 0.0384900 0.1997965
vn 0.5239111 5.0465927 3.0697563
v 0.0979238 0.0366717 0.2063276
vn -3.7294097 1.7407533 4.5886354
v 0.1149168 0.0072256 0.2393423
vn -4.1363873 0.8300353 4.3660269
v 0.1188570 0.0039681 0.2445433
vn 0.2280495 5.3564529 3.2169251
v 0.1202114 0.0240888 0.2177452
vn -0.8141525 5.2485542 3.2742519
v 0.1157294 0.0213352 0.2232418
vn -2.3704345 4.4955602 3.5610604
v 0.1150624 0.0146584 0.2337016
vn 1.7165502 5.5026436 2.4945059
v 0.1154057 0.0341447 0.1997965
vn 0.9664352 5.4492087 2.9489880
v 0.1157294 0.0274580 0.2130076
vn 0.4206596 5.0186472 3.6896353
v 0.1121368 0.0247165 0.2186531
vn 1.8908973 5.5021181 2.3680286
v 0.1115973 0.0372133 0.1957268
vn -3.3744960 3.5783043 3.6525781
v 0.1211726 0.0120427 0.2421827
vn -4.1186686 1.9811422 4.0821099
v 0.1259776 0.0079755 0.2493875
vn -4.0941720 0.9183911 4.2033615
v 0.1307827 0.0039083 0.2569103
vn -0.6460908 5.6185970 2.4227371
v 0.1217280 0.0240888 0.2177452
vn -1.8025672 5.6569004 1.9813548
v 0.1263288 0.0232035 0.2252776
vn -2.4193079 5.1604562 2.6249011
v 0.1259956 0.0176492 0.2373596
vn -2.9083488 4.5298271 3.0321960
v 0.1292471 0.0148315 0.2461571
vn 1.2260492 5.9137130 1.6117685
v 0.1271742 0.0308703 0.1998452
vn -0.3055111 5.9313431 1.9746234
v 0.1263288 0.0267158 0.2130076
vn -1.2607155 6.0075850 1.2977135
v 0.1298025 0.0249460 0.2220462
vn -3.2838447 3.7223246 3.5248127
v 0.1333613 0.0119828 0.2542316
vn -3.8442378 2.0867252 4.2566042
v 0.1382097 0.0076611 0.2614077
vn -3.4970174 0.8532770 4.5671949
v 0.1430581 0.0033394 0.2682722
vn -1.6870409 5.6683145 1.8064641
v 0.1332338 0.0242230 0.2301208
vn -1.6936990 5.5920677 2.2030811
v 0.1380770 0.0231668 0.2364840
vn -2.3186870 5.2182112 2.5952101
v 0.1381535 0.0172170 0.2494336
vn -2.8356071 4.5498810 3.1486700
v 0.1414358 0.0143066 0.2578305
vn 1.7311666 6.0225911 -0.0509186
v 0.1392860 0.0281478 0.1998452
vn 0.1559142 6.1944108 0.4835533
v 0.1392860 0.0279659 0.2119570
vn -0.9409884 6.1176786 1.0242534
v 0.1380770 0.0260023 0.2252776
vn -1.0911664 6.0153589 1.4132249
v 0.1413083 0.0249544 0.2326490
vn -3.0232990 3.5046425 3.9322228
v 0.1459453 0.0114140 0.2659051
vn -2.6209056 1.5623395 5.2963343
v 0.1505487 0.0068484 0.2710560
vn 3.2767353 4.8496461 -2.2441397
v 0.1545203 0.0220996 0.1977668
vn -1.8805599 5.6971092 1.8341651
v 0.1465833 0.0237806 0.2407235
vn -2.4692199 5.4118466 1.9911817
v 0.1491933 0.0225095 0.2482925
vn -2.8844900 4.8750048 2.6949496
v 0.1516278 0.0183300 0.2602035
vn -2.8224218 3.6596839 4.0816703
v 0.1540198 0.0142789 0.2685342
vn 1.9553311 5.7485967 -1.2644755
v 0.1508490 0.0253179 0.2010205
vn 0.8289140 6.1500778 -0.8027831
v 0.1513979 0.0269677 0.2119570
vn -0.4716644 6.2011709 0.0104707
v 0.1513979 0.0278344 0.2240689
vn -1.6132786 5.9555526 1.1374031
v 0.1509315 0.0262609 0.2364840
vn -2.2506244 5.7073293 1.3336552
v 0.1552492 0.0250395 0.2482925
vn -2.9051929 5.2761645 1.7236558
v 0.1573102 0.0242874 0.2545019
vn 3.9649374 3.1057749 -3.6830580
v 0.1673952 0.0084639 0.1962196
vn -2.5640552 1.3272741 5.4170666
v 0.1629401 0.0069374 0.2771590
vn -1.5810945 0.3893030 5.8113861
v 0.1665977 0.0034878 0.2792389
vn 3.2935717 4.2621098 -3.1846626
v 0.1624565 0.0179661 0.2010305
vn 2.0995653 4.6386237 -3.6336827
v 0.1655923 0.0219071 0.2084086
vn -3.5481000 4.5108838 2.4947143
v 0.1594581 0.0223534 0.2625764
vn -3.4642851 2.8625536 4.2807360
v 0.1635011 0.0182568 0.2720751
vn 2.1346545 5.3933702 -2.1728497
v 0.1575178 0.0242501 0.2058414
vn 0.9947191 5.7536926 -2.1044288
v 0.1623369 0.0253119 0.2122504
vn -0.2831656 6.1099620 -1.3106771
v 0.1635097 0.0285003 0.2240689
vn -1.5186176 6.0312438 0.0498505
v 0.1635097 0.0298921 0.2361807
vn -2.4995515 5.7113504 0.7003946
v 0.1635097 0.0285825 0.2482925
vn -3.1653228 5.2046061 1.3582044
v 0.1635011 0.0267940 0.2592852
vn -3.3321161 4.0688162 2.6870744
v 0.1675327 0.0263388 0.2698353
vn 2.9951572 1.9962012 -4.9916582
v 0.1751482 0.0056920 0.2004405
vn 1.3532492 3.2939630 -5.0760608
v 0.1804837 0.0109946 0.2064093
vn -2.2941132 0.7137913 5.7153463
v 0.1704077 0.0115623 0.2784440
vn -0.3612625 -0.2579695 6.2407274
v 0.1749156 0.0069374 0.2793807
vn 2.6469922 3.6306748 -4.3723440
v 0.1724091 0.0138326 0.2042942
vn 1.5627868 3.8065009 -4.7142754
v 0.1761165 0.0179890 0.2096233
vn -3.7059088 1.3617568 4.6568007
v 0.1704808 0.0181677 0.2779793
vn -1.4547803 -0.3820395 5.8096194
v 0.1765367 0.0181677 0.2815216
vn 0.5698310 5.0372715 -3.5187750
v 0.1756215 0.0254873 0.2162286
vn -0.4185660 5.7495747 -2.3079526
v 0.1756215 0.0295945 0.2240689
vn -1.4995067 5.8141608 -1.2836218
v 0.1765729 0.0339256 0.2369618
vn -1.8513427 5.8545260 0.6750501
v 0.1765729 0.0343063 0.2491183
vn -1.2985641 5.7739596 1.2291105
v 0.1756215 0.0326970 0.2604043
vn -1.9268469 4.9023457 2.1798413
v 0.1746372 0.0290237 0.2733300
vn -1.2311531 2.3697822 3.1671114
v 0.1780183 0.0270367 0.2820391
vn -1.1818416 5.7209587 -0.9407499
v 0.1812444 0.0364946 0.2415198
vn -1.1707702 5.7874937 0.8659380
v 0.1812444 0.0364946 0.2456315
vn 0.4218855 1.4120095 -5.9999347
v 0.1877334 0.0046861 0.2039596
vn -0.1258971 2.9644947 -5.5197492
v 0.1877334 0.0107421 0.2065331
vn 1.9036869 0.4384803 5.8384171
v 0.1911368 0.0060559 0.2780515
vn 0.9040933 -0.2180189 6.1733227
v 0.1850809 0.0060559 0.2790827
vn 0.2883055 3.7412624 -5.0308952
v 0.1877334 0.0181677 0.2114889
vn 3.8759279 1.3667865 4.5731616
v 0.1911832 0.0181677 0.2761972
vn 2.0422282 -0.6040654 5.3506317
v 0.1851273 0.0181677 0.2815216
vn 0.3343555 4.5853271 -4.1111512
v 0.1877334 0.0252428 0.2169129
vn 0.0803482 5.5343566 -2.8712807
v 0.1877334 0.0297794 0.2240689
vn 0.1082239 5.9796257 -1.5479257
v 0.1886162 0.0351049 0.2369618
vn 0.4483806 6.0074649 0.9437197
v 0.1886162 0.0359807 0.2491183
vn 0.9669236 5.6469159 2.0394385
v 0.1877334 0.0328679 0.2604043
vn 2.5626292 4.6497092 2.2867846
v 0.1881829 0.0283218 0.2721787
vn 1.3803585 2.2049439 2.8840806
v 0.1844454 0.0270367 0.2820391
vn 0.6606311 6.0386372 -0.7806422
v 0.1851676 0.0364946 0.2415198
vn 0.3472717 6.2215247 0.3419752
v 0.1851676 0.0364946 0.2456315
vn -0.5152038 1.4681230 -5.8755445
v 0.1998051 0.0068416 0.2031405
vn -0.6247216 3.3921435 -5.2175655
v 0.1957411 0.0114027 0.2062355
vn 3.1822042 0.6922944 5.2798529
v 0.1998452 0.0060559 0.2736676
vn -0.3333799 3.5151708 -4.9509230
v 0.2038157 0.0125123 0.2054457
vn 0.2190380 4.3671618 -4.4902763
v 0.2003449 0.0182396 0.2118155
vn 0.8693789 4.6048017 -4.1584139
v 0.2049487 0.0239668 0.2183341
vn 3.5002134 3.5110347 3.8290339
v 0.2031730 0.0212630 0.2639200
vn 3.4717433 2.5668814 4.5177336
v 0.1994195 0.0176025 0.2698293
vn 0.5645061 4.6735206 -4.0298109
v 0.1968741 0.0247533 0.2173955
vn 0.1931122 5.2031512 -3.4830189
v 0.2004849 0.0279332 0.2230503
vn -1.1872754 5.6903410 -1.9495280
v 0.1986720 0.0348673 0.2357115
vn 0.6165791 5.4619679 2.3243392
v 0.1986720 0.0343681 0.2482183
vn 2.8046615 4.6681662 3.0362303
v 0.1994195 0.0276833 0.2600914
vn 3.3545413 3.9079309 3.3930438
v 0.1950984 0.0251690 0.2679165
vn -1.9820427 4.9542336 -1.0082057
v 0.2019271 0.0383910 0.2394359
vn -1.6964922 4.5194678 1.5084462
v 0.2019271 0.0383910 0.2441316
vn 0.7365471 1.6276159 -5.5899372
v 0.2117102 0.0066254 0.2026357
vn 2.3404603 3.6227098 -4.2396955
v 0.2155830 0.0110424 0.2066728
vn 4.1708770 0.9323368 4.4669404
v 0.2141135 0.0060559 0.2629398
vn 3.7495604 0.6507285 4.9125032
v 0.2080576 0.0060559 0.2681322
vn 0.5305467 3.7525864 -4.6763530
v 0.2075085 0.0125123 0.2054457
vn 1.4335450 4.7193627 -3.8455582
v 0.2117102 0.0162007 0.2112089
vn 2.0328345 4.1621876 -4.1850514
v 0.2119570 0.0229785 0.2198612
vn 4.1599159 3.2907441 3.3430586
v 0.2153757 0.0215025 0.2511220
vn 3.8272934 3.0560749 3.8925405
v 0.2110922 0.0173455 0.2597395
vn 3.6242104 2.1923866 4.4291840
v 0.2068088 0.0131884 0.2671673
vn 0.5092787 3.8675370 -4.8092351
v 0.2126237 0.0307521 0.2263286
vn 4.4081416 3.2167895 2.3665257
v 0.2167351 0.0337479 0.2390738
vn -1.1996102 5.0841813 -3.4057362
v 0.2090309 0.0351044 0.2313614
vn 3.3153596 3.4070697 3.9480672
v 0.2120181 0.0296449 0.2476268
vn 3.1582310 4.0611038 3.4827528
v 0.2073011 0.0255418 0.2558455
vn -0.1575464 3.9104338 -3.1063664
v 0.2171054 0.0369703 0.2294079
vn 0.8922536 5.5510445 -0.2147933
v 0.2128830 0.0376806 0.2352176
vn 1.4177270 4.0344539 2.3263085
v 0.2086606 0.0383910 0.2441316
vn 2.9297566 0.9998221 -4.3734136
v 0.2195483 0.0029678 0.2037109
vn 4.5042315 1.8838818 -3.6575081
v 0.2245742 0.0066843 0.2120206
vn 5.0043721 2.9396060 -1.0438442
v 0.2297139 0.0108108 0.2240689
vn 5.3234949 2.9171643 1.3825388
v 0.2287491 0.0097848 0.2361807
vn 5.1760201 1.4461495 3.0099664
v 0.2258926 0.0054196 0.2475213
vn 4.8007412 0.7192937 3.7656748
v 0.2201368 0.0060559 0.2568838
vn 3.3868020 3.7645628 -3.1633780
v 0.2215256 0.0147457 0.2147474
vn 4.4418988 3.6845915 -1.9411356
v 0.2232843 0.0185369 0.2241436
vn 5.4763699 2.8050389 1.0068207
v 0.2239870 0.0181677 0.2361807
vn 5.0751867 2.7628648 2.4036484
v 0.2201944 0.0177462 0.2475678
vn 4.3646846 2.4032884 3.3308148
v 0.2189562 0.0134279 0.2555590
vn 4.1860485 2.1730905 -2.8082709
v 0.2191253 0.0302796 0.2281666
vn 5.8186393 1.9988859 1.0682944
v 0.2191826 0.0299382 0.2354942
vn 4.9817324 2.5961142 2.6331172
v 0.2184792 0.0256734 0.2430475
vn 1.7374412 2.1115918 -1.6720244
v 0.2182373 0.0369703 0.2294079
vn 3.2332206 3.4115057 0.4427693
v 0.2182373 0.0369703 0.2309992
vn 4.9009190 0.9174724 -2.9470189
v 0.2306071 0.0023262 0.2173683
vn 5.7114587 1.3625028 -0.7891096
v 0.2322807 0.0047549 0.2240689
vn 5.5118470 1.5969803 1.0191681
v 0.2323348 0.0037289 0.2361807
vn 5.0002151 0.9497787 2.8059368
v 0.2306792 0.0009582 0.2429698
# 1740 vertices, 0 vertices normals

f 2//2 3//3 4//4
f 4//4 6//6 7//7
f 5//5 7//7 8//8
f 8//8 9//9 10//10
f 10//10 12//12 13//13
f 11//11 13//13 14//14
f 13//13 15//15 16//16
f 14//14 16//16 17//17
f 17//17 18//18 19//19
f 19//19 21//21 22//22
f 20//20 22//22 23//23
f 22//22 24//24 25//25
f 23//23 25//25 26//26
f 26//26 28//28 29//29
f 27//27 29//29 30//30
f 29//29 31//31 32//32
f 30//30 32//32 33//33
f 32//32 36//36 37//37
f 37//37 35//35 38//38
f 33//33 37//37 38//38
f 35//35 40//40 41//41
f 37//37 42//42 43//43
f 43//43 34//34 37//37
f 44//44 40//40 43//43
f 44//44 35//35 41//41
f 39//39 44//44 45//45
f 44//44 46//46 47//47
f 45//45 47//47 48//48
f 52//52 46//46 51//51
f 52//52 50//50 53//53
f 48//48 52//52 53//53
f 60//60 56//56 61//61
f 61//61 57//57 62//62
f 63//63 57//57 58//58
f 64//64 58//58 59//59
f 67//67 66//66 68//68
f 70//70 55//55 69//69
f 71//71 56//56 70//70
f 58//58 71//71 72//72
f 59//59 72//72 73//73
f 75//75 68//68 76//76
f 76//76 69//69 77//77
f 77//77 55//55 60//60
f 78//78 60//60 61//61
f 79//79 61//61 62//62
f 63//63 79//79 62//62
f 64//64 80//80 63//63
f 81//81 59//59 73//73
f 82//82 73//73 74//74
f 84//84 65//65 83//83
f 88//88 65//65 67//67
f 89//89 66//66 84//84
f 90//90 68//68 89//89
f 70//70 90//90 91//91
f 71//71 91//91 92//92
f 72//72 92//92 93//93
f 94//94 85//85 86//86
f 94//94 72//72 93//93
f 94//94 87//87 95//95
f 74//74 94//94 95//95
f 96//96 67//67 75//75
f 97//97 75//75 76//76
f 98//98 89//89 97//97
f 98//98 76//76 77//77
f 98//98 91//91 90//90
f 78//78 98//98 77//77
f 99//99 92//92 91//91
f 79//79 99//99 78//78
f 101//101 79//79 80//80
f 102//102 80//80 81//81
f 82//82 102//102 81//81
f 84//84 104//104 105//105
f 86//86 106//106 107//107
f 108//108 86//86 107//107
f 88//88 104//104 83//83
f 110//110 104//104 109//109
f 89//89 105//105 110//110
f 93//93 111//111 112//112
f 93//93 106//106 85//85
f 113//113 106//106 112//112
f 96//96 109//109 88//88
f 115//115 96//96 97//97
f 115//115 89//89 110//110
f 116//116 92//92 100//100
f 117//117 111//111 116//116
f 101//101 116//116 100//100
f 118//118 101//101 102//102
f 103//103 118//118 102//102
f 108//108 120//120 121//121
f 110//110 122//122 123//123
f 113//113 124//124 125//125
f 113//113 120//120 107//107
f 114//114 122//122 109//109
f 127//127 122//122 126//126
f 127//127 114//114 115//115
f 115//115 123//123 127//127
f 117//117 124//124 112//112
f 128//128 125//125 124//124
f 118//118 128//128 117//117
f 130//130 118//118 119//119
f 50//50 131//131 132//132
f 52//52 133//133 134//134
f 52//52 131//131 49//49
f 135//135 131//131 134//134
f 53//53 132//132 135//135
f 54//54 135//135 136//136
f 135//135 137//137 138//138
f 136//136 138//138 139//139
f 138//138 140//140 141//141
f 139//139 141//141 142//142
f 146//146 144//144 147//147
f 147//147 145//145 148//148
f 148//148 141//141 147//147
f 156//156 74//74 149//149
f 156//156 150//150 157//157
f 157//157 151//151 158//158
f 158//158 152//152 159//159
f 159//159 153//153 160//160
f 160//160 154//154 161//161
f 161//161 155//155 162//162
f 162//162 143//143 161//161
f 145//145 162//162 163//163
f 164//164 160//160 165//165
f 165//165 161//161 166//166
f 146//146 161//161 143//143
f 167//167 146//146 147//147
f 168//168 145//145 163//163
f 175//175 87//87 169//169
f 175//175 74//74 95//95
f 176//176 169//169 170//170
f 176//176 149//149 175//175
f 177//177 170//170 171//171
f 151//151 176//176 177//177
f 177//177 172//172 178//178
f 178//178 151//151 177//177
f 179//179 172//172 173//173
f 153//153 178//178 179//179
f 179//179 174//174 180//180
f 154//154 179//179 180//180
f 155//155 180//180 181//181
f 183//183 82//82 156//156
f 184//184 156//156 157//157
f 158//158 184//184 157//157
f 186//186 158//158 159//159
f 187//187 155//155 181//181
f 187//187 182//182 188//188
f 163//163 187//187 188//188
f 189//189 186//186 190//190
f 164//164 186//186 159//159
f 191//191 164//164 165//165
f 192//192 165//165 166//166
f 169//169 108//108 193//193
f 170//170 193//193 194//194
f 171//171 194//194 195//195
f 172//172 195//195 196//196
f 197//197 172//172 196//196
f 174//174 197//197 198//198
f 200//200 174//174 198//198
f 200//200 199//199 201//201
f 181//181 200//200 201//201
f 182//182 201//201 202//202
f 203//203 103//103 183//183
f 184//184 203//203 183//183
f 205//205 184//184 185//185
f 206//206 182//182 202//202
f 207//207 205//205 208//208
f 189//189 205//205 185//185
f 209//209 189//189 190//190
f 210//210 190//190 191//191
f 193//193 121//121 211//211
f 194//194 211//211 212//212
f 195//195 212//212 213//213
f 196//196 213//213 214//214
f 215//215 196//196 214//214
f 216//216 197//197 215//215
f 199//199 216//216 217//217
f 219//219 199//199 217//217
f 219//219 218//218 220//220
f 202//202 219//219 220//220
f 203//203 130//130 119//119
f 222//222 203//203 204//204
f 223//223 222//222 224//224
f 207//207 222//222 204//204
f 225//225 207//207 208//208
f 226//226 208//208 209//209
f 227//227 148//148 228//228
f 168//168 229//229 230//230
f 228//228 168//168 230//230
f 229//229 188//188 232//232
f 234//234 229//229 232//232
f 234//234 233//233 235//235
f 231//231 234//234 235//235
f 206//206 236//236 237//237
f 232//232 206//206 237//237
f 233//233 237//237 238//238
f 239//239 233//233 238//238
f 236//236 220//220 241//241
f 243//243 236//236 241//241
f 243//243 242//242 244//244
f 238//238 243//243 244//244
f 246//246 238//238 244//244
f 246//246 245//245 247//247
f 240//240 246//246 247//247
f 121//121 248//248 249//249
f 125//125 248//248 120//120
f 251//251 248//248 250//250
f 252//252 125//125 129//129
f 252//252 251//251 250//250
f 130//130 252//252 129//129
f 251//251 254//254 249//249
f 256//256 251//251 253//253
f 260//260 121//121 249//249
f 212//212 260//260 261//261
f 213//213 261//261 262//262
f 263//263 257//257 258//258
f 263//263 213//213 262//262
f 263//263 259//259 264//264
f 215//215 263//263 264//264
f 265//265 215//215 264//264
f 266//266 216//216 265//265
f 218//218 266//266 267//267
f 268//268 218//218 267//267
f 269//269 130//130 221//221
f 271//271 221//221 223//223
f 271//271 270//270 269//269
f 272//272 223//223 224//224
f 273//273 224//224 225//225
f 275//275 257//257 274//274
f 276//276 258//258 275//275
f 260//260 254//254 277//277
f 278//278 260//260 277//277
f 279//279 261//261 278//278
f 262//262 274//274 257//257
f 280//280 274//274 279//279
f 280//280 276//276 275//275
f 264//264 276//276 281//281
f 265//265 281//281 282//282
f 266//266 282//282 283//283
f 267//267 283//283 284//284
f 285//285 254//254 255//255
f 268//268 284//284 286//286
f 256//256 285//285 255//255
f 269//269 256//256 253//253
f 270//270 287//287 269//269
f 289//289 270//270 272//272
f 290//290 272//272 273//273
f 278//278 291//291 292//292
f 293//293 278//278 292//292
f 294//294 279//279 293//293
f 281//281 294//294 295//295
f 282//282 295//295 296//296
f 297//297 282//282 296//296
f 298//298 283//283 297//297
f 285//285 291//291 277//277
f 300//300 291//291 299//299
f 301//301 292//292 300//300
f 302//302 297//297 296//296
f 303//303 298//298 297//297
f 286//286 298//298 304//304
f 305//305 285//285 287//287
f 305//305 300//300 299//299
f 288//288 305//305 287//287
f 307//307 288//288 289//289
f 294//294 308//308 309//309
f 295//295 309//309 310//310
f 311//311 295//295 310//310
f 301//301 312//312 313//313
f 301//301 308//308 293//293
f 314//314 308//308 313//313
f 315//315 309//309 314//314
f 315//315 311//311 310//310
f 302//302 311//311 316//316
f 317//317 302//302 316//316
f 318//318 303//303 317//317
f 306//306 312//312 300//300
f 320//320 312//312 319//319
f 321//321 306//306 307//307
f 314//314 322//322 323//323
f 324//324 314//314 323//323
f 325//325 315//315 324//324
f 326//326 316//316 325//325
f 318//318 326//326 327//327
f 320//320 328//328 329//329
f 320//320 322//322 313//313
f 321//321 328//328 319//319
f 323//323 331//331 332//332
f 324//324 332//332 333//333
f 325//325 333//333 334//334
f 335//335 325//325 334//334
f 336//336 326//326 335//335
f 329//329 337//337 338//338
f 338//338 322//322 329//329
f 330//330 337//337 328//328
f 344//344 331//331 343//343
f 333//333 344//344 345//345
f 346//346 340//340 341//341
f 334//334 345//345 346//346
f 347//347 334//334 346//346
f 348//348 335//335 347//347
f 350//350 342//342 343//343
f 350//350 337//337 349//349
f 350//350 331//331 338//338
f 351//351 337//337 339//339
f 354//354 340//340 353//353
f 358//358 342//342 357//357
f 344//344 358//358 359//359
f 360//360 352//352 353//353
f 360//360 344//344 359//359
f 360//360 340//340 345//345
f 361//361 341//341 354//354
f 361//361 355//355 362//362
f 347//347 361//361 362//362
f 362//362 356//356 363//363
f 348//348 362//362 363//363
f 364//364 342//342 349//349
f 351//351 364//364 349//349
f 241//241 268//268 367//367
f 242//242 367//367 368//368
f 369//369 242//242 368//368
f 245//245 369//369 370//370
f 371//371 245//245 370//370
f 372//372 268//268 286//286
f 368//368 372//372 373//373
f 369//369 373//373 374//374
f 370//370 374//374 375//375
f 371//371 375//375 376//376
f 378//378 286//286 304//304
f 373//373 378//378 379//379
f 380//380 373//373 379//379
f 375//375 380//380 381//381
f 382//382 375//375 381//381
f 377//377 382//382 383//383
f 378//378 318//318 384//384
f 379//379 384//384 385//385
f 386//386 379//379 385//385
f 387//387 380//380 386//386
f 382//382 387//387 388//388
f 389//389 382//382 388//388
f 384//384 327//327 390//390
f 391//391 384//384 390//390
f 392//392 385//385 391//391
f 393//393 386//386 392//392
f 394//394 387//387 393//393
f 395//395 327//327 336//336
f 396//396 390//390 395//395
f 392//392 396//396 397//397
f 393//393 397//397 398//398
f 399//399 393//393 398//398
f 400//400 336//336 348//348
f 401//401 395//395 400//400
f 397//397 401//401 402//402
f 398//398 402//402 403//403
f 404//404 398//398 403//403
f 405//405 348//348 363//363
f 406//406 400//400 405//405
f 402//402 406//406 407//407
f 408//408 402//402 407//407
f 409//409 403//403 408//408
f 410//410 2//2 411//411
f 412//412 1//1 410//410
f 411//411 412//412 410//410
f 413//413 2//2 4//4
f 413//413 5//5 414//414
f 412//412 6//6 3//3
f 416//416 6//6 415//415
f 413//413 415//415 412//412
f 414//414 416//416 413//413
f 417//417 5//5 8//8
f 418//418 7//7 416//416
f 417//417 418//418 416//416
f 419//419 8//8 10//10
f 419//419 11//11 420//420
f 418//418 12//12 9//9
f 419//419 421//421 418//418
f 420//420 422//422 419//419
f 423//423 11//11 14//14
f 421//421 15//15 12//12
f 425//425 15//15 424//424
f 422//422 424//424 421//421
f 423//423 425//425 422//422
f 426//426 14//14 17//17
f 427//427 16//16 425//425
f 426//426 427//427 425//425
f 428//428 17//17 19//19
f 428//428 20//20 429//429
f 427//427 21//21 18//18
f 428//428 430//430 427//427
f 429//429 431//431 428//428
f 432//432 20//20 23//23
f 430//430 24//24 21//21
f 433//433 25//25 24//24
f 431//431 433//433 430//430
f 432//432 434//434 431//431
f 432//432 26//26 435//435
f 436//436 26//26 27//27
f 434//434 28//28 25//25
f 435//435 437//437 434//434
f 436//436 438//438 435//435
f 439//439 27//27 30//30
f 440//440 28//28 437//437
f 438//438 440//440 437//437
f 439//439 441//441 438//438
f 442//442 30//30 33//33
f 440//440 36//36 31//31
f 441//441 443//443 440//440
f 442//442 444//444 441//441
f 442//442 38//38 445//445
f 445//445 39//39 446//446
f 448//448 444//444 445//445
f 443//443 42//42 36//36
f 450//450 42//42 449//449
f 444//444 449//449 443//443
f 446//446 451//451 445//445
f 452//452 39//39 45//45
f 447//447 450//450 444//444
f 453//453 451//451 450//450
f 454//454 447//447 448//448
f 448//448 451//451 454//454
f 455//455 43//43 450//450
f 451//451 455//455 450//450
f 452//452 456//456 451//451
f 457//457 45//45 48//48
f 455//455 51//51 46//46
f 459//459 455//455 456//456
f 457//457 459//459 456//456
f 457//457 53//53 460//460
f 460//460 54//54 461//461
f 463//463 459//459 460//460
f 470//470 464//464 465//465
f 471//471 465//465 466//466
f 471//471 467//467 472//472
f 472//472 468//468 473//473
f 477//477 464//464 476//476
f 478//478 465//465 477//477
f 467//467 478//478 479//479
f 468//468 479//479 480//480
f 483//483 474//474 475//475
f 484//484 475//475 476//476
f 469//469 476//476 464//464
f 485//485 469//469 470//470
f 486//486 470//470 471//471
f 472//472 486//486 471//471
f 473//473 487//487 472//472
f 473//473 480//480 488//488
f 488//488 481//481 489//489
f 491//491 482//482 483//483
f 493//493 474//474 492//492
f 494//494 475//475 493//493
f 477//477 494//494 495//495
f 478//478 495//495 496//496
f 497//497 478//478 496//496
f 498//498 479//479 497//497
f 481//481 498//498 499//499
f 482//482 492//492 474//474
f 501//501 494//494 493//493
f 502//502 483//483 484//484
f 503//503 494//494 502//502
f 485//485 502//502 484//484
f 504//504 495//495 503//503
f 486//486 503//503 485//485
f 487//487 504//504 486//486
f 506//506 487//487 488//488
f 489//489 506//506 488//488
f 490//490 500//500 482//482
f 509//509 490//490 491//491
f 491//491 501//501 509//509
f 510//510 506//506 511//511
f 512//512 506//506 507//507
f 514//514 492//492 513//513
f 497//497 515//515 516//516
f 517//517 497//497 516//516
f 499//499 517//517 518//518
f 519//519 492//492 500//500
f 501//501 514//514 520//520
f 504//504 515//515 496//496
f 521//521 516//516 515//515
f 505//505 521//521 504//504
f 524//524 500//500 508//508
f 524//524 520//520 519//519
f 509//509 524//524 508//508
f 525//525 501//501 520//520
f 526//526 505//505 510//510
f 526//526 523//523 522//522
f 511//511 526//526 510//510
f 528//528 511//511 512//512
f 530//530 513//513 529//529
f 517//517 531//531 532//532
f 533//533 517//517 532//532
f 534//534 513//513 519//519
f 535//535 529//529 534//534
f 520//520 534//534 519//519
f 535//535 514//514 530//530
f 536//536 516//516 522//522
f 537//537 531//531 536//536
f 523//523 536//536 522//522
f 538//538 523//523 527//527
f 528//528 538//538 527//527
f 458//458 133//133 51//51
f 541//541 133//133 540//540
f 459//459 540//540 458//458
f 461//461 542//542 460//460
f 543//543 54//54 136//136
f 544//544 459//459 462//462
f 544//544 542//542 541//541
f 545//545 462//462 463//463
f 545//545 460//460 542//542
f 546//546 134//134 541//541
f 542//542 546//546 541//541
f 543//543 547//547 542//542
f 543//543 139//139 548//548
f 546//546 140//140 137//137
f 549//549 141//141 140//140
f 547//547 549//549 546//546
f 548//548 550//550 547//547
f 548//548 142//142 551//551
f 550//550 147//147 141//141
f 554//554 550//550 551//551
f 556//556 552//552 553//553
f 557//557 553//553 554//554
f 560//560 167//167 561//561
f 561//561 552//552 560//560
f 553//553 167//167 147//147
f 567//567 558//558 559//559
f 568//568 559//559 560//560
f 568//568 552//552 555//555
f 569//569 555//555 556//556
f 557//557 569//569 556//556
f 557//557 562//562 570//570
f 489//489 563//563 571//571
f 572//572 563//563 564//564
f 573//573 564//564 565//565
f 574//574 565//565 566//566
f 575//575 566//566 567//567
f 576//576 567//567 568//568
f 577//577 568//568 569//569
f 580//580 558//558 579//579
f 581//581 191//191 192//192
f 581//581 559//559 580//580
f 581//581 166//166 560//560
f 582//582 481//481 499//499
f 583//583 563//563 582//582
f 565//565 583//583 584//584
f 585//585 578//578 579//579
f 585//585 565//565 584//584
f 585//585 558//558 566//566
f 570//570 586//586 569//569
f 588//588 489//489 571//571
f 589//589 571//571 572//572
f 573//573 589//589 572//572
f 591//591 573//573 574//574
f 575//575 591//591 574//574
f 576//576 592//592 575//575
f 577//577 593//593 576//576
f 577//577 586//586 594//594
f 595//595 586//586 587//587
f 512//512 588//588 596//596
f 596//596 589//589 597//597
f 597//597 590//590 598//598
f 599//599 590//590 591//591
f 599//599 592//592 600//600
f 601//601 592//592 593//593
f 604//604 578//578 603//603
f 605//605 209//209 210//210
f 605//605 579//579 604//604
f 580//580 210//210 191//191
f 606//606 499//499 518//518
f 607//607 582//582 606//606
f 608//608 602//602 603//603
f 608//608 583//583 607//607
f 608//608 578//578 584//584
f 594//594 610//610 593//593
f 595//595 611//611 594//594
f 595//595 609//609 612//612
f 596//596 528//528 512//512
f 597//597 613//613 596//596
f 598//598 614//614 597//597
f 599//599 615//615 598//598
f 617//617 599//599 600//600
f 601//601 617//617 600//600
f 601//601 610//610 618//618
f 619//619 610//610 611//611
f 622//622 602//602 621//621
f 622//622 226//226 623//623
f 623//623 603//603 622//622
f 623//623 209//209 604//604
f 606//606 533//533 624//624
f 625//625 620//620 621//621
f 625//625 606//606 624//624
f 625//625 602//602 607//607
f 612//612 626//626 611//611
f 613//613 539//539 528//528
f 614//614 628//628 613//613
f 615//615 629//629 614//614
f 616//616 630//630 615//615
f 632//632 616//616 617//617
f 633//633 617//617 618//618
f 619//619 633//633 618//618
f 619//619 626//626 634//634
f 635//635 626//626 627//627
f 551//551 227//227 636//636
f 636//636 554//554 551//551
f 636//636 228//228 637//637
f 637//637 562//562 554//554
f 638//638 228//228 230//230
f 639//639 230//230 231//231
f 640//640 562//562 638//638
f 639//639 641//641 638//638
f 642//642 231//231 235//235
f 640//640 587//587 570//570
f 640//640 641//641 643//643
f 644//644 641//641 642//642
f 645//645 235//235 239//239
f 646//646 239//239 240//240
f 643//643 609//609 587//587
f 644//644 647//647 643//643
f 644//644 645//645 648//648
f 649//649 609//609 647//647
f 646//646 650//650 645//645
f 646//646 247//247 651//651
f 648//648 652//652 647//647
f 648//648 650//650 653//653
f 654//654 650//650 651//651
f 649//649 627//627 612//612
f 649//649 652//652 655//655
f 656//656 652//652 653//653
f 533//533 657//657 658//658
f 537//537 657//657 532//532
f 660//660 657//657 659//659
f 661//661 537//537 538//538
f 661//661 660//660 659//659
f 539//539 661//661 538//538
f 660//660 663//663 658//658
f 665//665 660//660 662//662
f 621//621 666//666 667//667
f 668//668 621//621 667//667
f 622//622 273//273 225//225
f 669//669 533//533 658//658
f 624//624 666//666 620//620
f 670//670 666//666 669//669
f 672//672 539//539 628//628
f 629//629 672//672 628//628
f 630//630 673//673 629//629
f 675//675 630//630 631//631
f 632//632 675//675 631//631
f 677//677 632//632 633//633
f 678//678 633//633 634//634
f 635//635 678//678 634//634
f 635//635 671//671 679//679
f 680//680 675//675 681//681
f 682//682 675//675 676//676
f 683//683 290//290 684//684
f 684//684 667//667 683//683
f 668//668 290//290 273//273
f 669//669 663//663 685//685
f 670//670 685//685 686//686
f 670//670 683//683 667//667
f 687//687 663//663 664//664
f 665//665 687//687 664//664
f 672//672 665//665 662//662
f 690//690 672//672 673//673
f 691//691 673//673 674//674
f 677//677 693//693 676//676
f 678//678 694//694 677//677
f 679//679 695//695 678//678
f 696//696 671//671 688//688
f 697//697 674//674 680//680
f 697//697 692//692 691//691
f 698//698 680//680 681//681
f 699//699 692//692 698//698
f 699//699 681//681 682//682
f 699//699 676//676 693//693
f 700//700 289//289 683//683
f 686//686 701//701 702//702
f 686//686 700//700 683//683
f 687//687 701//701 685//685
f 704//704 701//701 703//703
f 709//709 687//687 689//689
f 709//709 704//704 703//703
f 690//690 709//709 689//689
f 710//710 705//705 704//704
f 711//711 690//690 691//691
f 712//712 691//691 692//692
f 693//693 712//712 692//692
f 694//694 713//713 693//693
f 715//715 706//706 714//714
f 715//715 694//694 695//695
f 716//716 707//707 715//715
f 716//716 695//695 696//696
f 716//716 688//688 708//708
f 717//717 307//307 700//700
f 702//702 717//717 700//700
f 720//720 702//702 704//704
f 720//720 719//719 718//718
f 705//705 720//720 704//704
f 725//725 706//706 707//707
f 726//726 707//707 708//708
f 727//727 705//705 711//711
f 727//727 722//722 721//721
f 712//712 727//727 711//711
f 728//728 723//723 722//722
f 713//713 728//728 712//712
f 730//730 723//723 729//729
f 730//730 713//713 714//714
f 730//730 706//706 724//724
f 717//717 330//330 321//321
f 732//732 717//717 718//718
f 719//719 732//732 718//718
f 734//734 719//719 721//721
f 722//722 734//734 721//721
f 736//736 722//722 723//723
f 737//737 723//723 724//724
f 738//738 724//724 725//725
f 726//726 738//738 725//725
f 731//731 339//339 330//330
f 741//741 731//731 732//732
f 733//733 741//741 732//732
f 734//734 742//742 733//733
f 735//735 743//743 734//734
f 736//736 744//744 735//735
f 737//737 745//745 736//736
f 747//747 737//737 738//738
f 748//748 738//738 739//739
f 740//740 351//351 339//339
f 741//741 749//749 740//740
f 751//751 741//741 742//742
f 752//752 751//751 753//753
f 743//743 751//751 742//742
f 754//754 743//743 744//744
f 745//745 754//754 744//744
f 746//746 755//755 745//745
f 757//757 746//746 747//747
f 758//758 747//747 748//748
f 759//759 756//756 760//760
f 762//762 365//365 366//366
f 749//749 366//366 351//351
f 763//763 749//749 750//750
f 752//752 763//763 750//750
f 765//765 752//752 753//753
f 754//754 765//765 753//753
f 767//767 754//754 755//755
f 757//757 768//768 756//756
f 758//758 769//769 757//757
f 771//771 767//767 772//772
f 759//759 767//767 755//755
f 773//773 759//759 760//760
f 760//760 768//768 773//773
f 774//774 768//768 769//769
f 775//775 769//769 770//770
f 651//651 371//371 776//776
f 654//654 777//777 653//653
f 654//654 776//776 778//778
f 655//655 671//671 627//627
f 656//656 779//779 655//655
f 656//656 777//777 780//780
f 781//781 371//371 376//376
f 781//781 377//377 782//782
f 778//778 783//783 777//777
f 784//784 776//776 781//781
f 785//785 671//671 779//779
f 780//780 785//785 779//779
f 786//786 777//777 783//783
f 782//782 787//787 781//781
f 782//782 383//383 788//788
f 784//784 789//789 783//783
f 784//784 787//787 790//790
f 791//791 688//688 785//785
f 786//786 791//791 785//785
f 786//786 789//789 792//792
f 793//793 389//389 388//388
f 794//794 787//787 788//788
f 788//788 389//389 794//794
f 796//796 789//789 790//790
f 796//796 787//787 793//793
f 791//791 726//726 708//708
f 792//792 797//797 791//791
f 792//792 795//795 798//798
f 799//799 388//388 394//394
f 801//801 795//795 796//796
f 796//796 799//799 801//801
f 797//797 739//739 726//726
f 803//803 797//797 798//798
f 798//798 800//800 803//803
f 804//804 394//394 399//399
f 801//801 805//805 800//800
f 801//801 804//804 806//806
f 807//807 739//739 802//802
f 808//808 802//802 803//803
f 808//808 800//800 805//805
f 809//809 399//399 404//404
f 806//806 810//810 805//805
f 806//806 809//809 811//811
f 812//812 748//748 807//807
f 813//813 807//807 808//808
f 813//813 805//805 810//810
f 814//814 404//404 409//409
f 816//816 810//810 811//811
f 811//811 814//814 816//816
f 817//817 758//758 812//812
f 818//818 812//812 813//813
f 818//818 810//810 815//815
f 824//824 822//822 825//825
f 825//825 823//823 826//826
f 820//820 823//823 819//819
f 830//830 821//821 829//829
f 831//831 822//822 830//830
f 837//837 828//828 829//829
f 824//824 829//829 821//821
f 838//838 824//824 825//825
f 839//839 825//825 826//826
f 840//840 833//833 841//841
f 841//841 834//834 842//842
f 843//843 834//834 835//835
f 844//844 835//835 836//836
f 845//845 836//836 837//837
f 845//845 838//838 846//846
f 846//846 839//839 847//847
f 827//827 839//839 826//826
f 851//851 828//828 850//850
f 852//852 829//829 851//851
f 831//831 852//852 853//853
f 854//854 849//849 855//855
f 855//855 832//832 854//854
f 856//856 833//833 855//855
f 857//857 834//834 856//856
f 836//836 857//857 858//858
f 836//836 850//850 828//828
f 859//859 850//850 858//858
f 860//860 832//832 840//840
f 861//861 840//840 841//841
f 842//842 861//861 841//841
f 863//863 856//856 862//862
f 863//863 842//842 843//843
f 864//864 857//857 863//863
f 844//844 863//863 843//843
f 865//865 844//844 845//845
f 846//846 865//865 845//845
f 867//867 846//846 847//847
f 869//869 352//352 868//868
f 870//870 353//353 869//869
f 355//355 870//870 871//871
f 356//356 871//871 872//872
f 358//358 873//873 874//874
f 875//875 358//358 874//874
f 875//875 352//352 359//359
f 876//876 356//356 872//872
f 364//364 873//873 357//357
f 879//879 365//365 878//878
f 879//879 364//364 366//366
f 881//881 868//868 880//880
f 870//870 881//881 882//882
f 883//883 870//870 882//882
f 872//872 883//883 884//884
f 874//874 885//885 886//886
f 887//887 874//874 886//886
f 875//875 880//880 868//868
f 876//876 884//884 888//888
f 877//877 885//885 873//873
f 879//879 890//890 891//891
f 891//891 877//877 879//879
f 893//893 880//880 892//892
f 882//882 893//893 894//894
f 895//895 882//882 894//894
f 884//884 895//895 896//896
f 886//886 897//897 898//898
f 899//899 886//886 898//898
f 887//887 892//892 880//880
f 888//888 896//896 900//900
f 889//889 897//897 885//885
f 904//904 901//901 902//902
f 904//904 890//890 903//903
f 904//904 889//889 891//891
f 908//908 892//892 907//907
f 894//894 908//908 909//909
f 910//910 894//894 909//909
f 911//911 895//895 910//910
f 913//913 905//905 906//906
f 913//913 897//897 912//912
f 914//914 906//906 907//907
f 914//914 898//898 913//913
f 914//914 892//892 899//899
f 915//915 896//896 911//911
f 917//917 901//901 916//916
f 917//917 897//897 902//902
f 918//918 901//901 903//903
f 919//919 916//916 918//918
f 922//922 905//905 921//921
f 923//923 906//906 922//922
f 908//908 923//923 924//924
f 909//909 924//924 925//925
f 910//910 925//925 926//926
f 927//927 910//910 926//926
f 820//820 920//920 928//928
f 929//929 920//920 921//921
f 929//929 905//905 912//912
f 930//930 911//911 927//927
f 931//931 929//929 932//932
f 917//917 929//929 912//912
f 919//919 933//933 934//934
f 919//919 932//932 917//917
f 935//935 819//819 823//823
f 936//936 920//920 935//935
f 922//922 936//936 937//937
f 938//938 922//922 937//937
f 939//939 923//923 938//938
f 940//940 924//924 939//939
f 926//926 940//940 941//941
f 942//942 926//926 941//941
f 943//943 820//820 928//928
f 944//944 927//927 942//942
f 827//827 943//943 945//945
f 931//931 943//943 928//928
f 946//946 931//931 932//932
f 947//947 946//946 948//948
f 948//948 933//933 947//947
f 934//934 946//946 932//932
f 935//935 831//831 949//949
f 936//936 949//949 950//950
f 937//937 950//950 951//951
f 952//952 937//937 951//951
f 953//953 938//938 952//952
f 954//954 939//939 953//953
f 955//955 940//940 954//954
f 942//942 955//955 956//956
f 957//957 942//942 956//956
f 958//958 827//827 945//945
f 947//947 958//958 945//945
f 964//964 831//831 853//853
f 965//965 949//949 964//964
f 966//966 950//950 965//965
f 967//967 951//951 966//966
f 968//968 960//960 961//961
f 968//968 952//952 967//967
f 969//969 961//961 962//962
f 954//954 968//968 969//969
f 969//969 963//963 970//970
f 955//955 969//969 970//970
f 971//971 955//955 970//970
f 958//958 867//867 847//847
f 959//959 972//972 958//958
f 405//405 876//876 975//975
f 976//976 405//405 975//975
f 407//407 976//976 977//977
f 408//408 977//977 978//978
f 979//979 408//408 978//978
f 975//975 888//888 980//980
f 981//981 975//975 980//980
f 977//977 981//981 982//982
f 978//978 982//982 983//983
f 979//979 983//983 984//984
f 980//980 900//900 985//985
f 986//986 980//980 985//985
f 982//982 986//986 987//987
f 988//988 982//982 987//987
f 989//989 988//988 987//987
f 984//984 988//988 990//990
f 985//985 915//915 991//991
f 986//986 991//991 992//992
f 993//993 986//986 992//992
f 989//989 993//993 994//994
f 995//995 989//989 994//994
f 996//996 915//915 930//930
f 992//992 996//996 997//997
f 993//993 997//997 998//998
f 1000//1000 993//993 998//998
f 1000//1000 999//999 1001//1001
f 995//995 1000//1000 1001//1001
f 1002//1002 930//930 944//944
f 997//997 1002//1002 1003//1003
f 1004//1004 997//997 1003//1003
f 999//999 1004//1004 1005//1005
f 1006//1006 999//999 1005//1005
f 957//957 1007//1007 1008//1008
f 1002//1002 957//957 1008//1008
f 1009//1009 1002//1002 1008//1008
f 1004//1004 1009//1009 1010//1010
f 1011//1011 1004//1004 1010//1010
f 1012//1012 1005//1005 1011//1011
f 1007//1007 971//971 1013//1013
f 1015//1015 1007//1007 1013//1013
f 1015//1015 1014//1014 1016//1016
f 1009//1009 1015//1015 1016//1016
f 1018//1018 1009//1009 1016//1016
f 1018//1018 1017//1017 1019//1019
f 1011//1011 1018//1018 1019//1019
f 1012//1012 1019//1019 1020//1020
f 1023//1023 848//848 1022//1022
f 852//852 1024//1024 1025//1025
f 853//853 1025//1025 1026//1026
f 1027//1027 848//848 854//854
f 1028//1028 849//849 1023//1023
f 1029//1029 855//855 1028//1028
f 859//859 1030//1030 1031//1031
f 859//859 1024//1024 851//851
f 1032//1032 1024//1024 1031//1031
f 1032//1032 1026//1026 1025//1025
f 860//860 1027//1027 854//854
f 1035//1035 860//860 861//861
f 1035//1035 1029//1029 1028//1028
f 1036//1036 861//861 862//862
f 862//862 1029//1029 1036//1036
f 864//864 1030//1030 858//858
f 1038//1038 1030//1030 1037//1037
f 865//865 1037//1037 864//864
f 1038//1038 1032//1032 1031//1031
f 866//866 1038//1038 865//865
f 1040//1040 1032//1032 1039//1039
f 867//867 1039//1039 866//866
f 1023//1023 1041//1041 1042//1042
f 1027//1027 1041//1041 1022//1022
f 1043//1043 1042//1042 1041//1041
f 1044//1044 1023//1023 1042//1042
f 1045//1045 1027//1027 1034//1034
f 1045//1045 1044//1044 1043//1043
f 1046//1046 1034//1034 1035//1035
f 1046//1046 1028//1028 1044//1044
f 1048//1048 960//960 1047//1047
f 962//962 1048//1048 1049//1049
f 963//963 1049//1049 1050//1050
f 964//964 1026//1026 1051//1051
f 965//965 1051//1051 1052//1052
f 1053//1053 965//965 1052//1052
f 1054//1054 966//966 1053//1053
f 967//967 1047//1047 960//960
f 1055//1055 1047//1047 1054//1054
f 1056//1056 1048//1048 1055//1055
f 1056//1056 1050//1050 1049//1049
f 970//970 1050//1050 1057//1057
f 1058//1058 970//970 1057//1057
f 1033//1033 1051//1051 1026//1026
f 1060//1060 1051//1051 1059//1059
f 1040//1040 1059//1059 1033//1033
f 972//972 1040//1040 867//867
f 1062//1062 1059//1059 1061//1061
f 1063//1063 972//972 973//973
f 974//974 1063//1063 973//973
f 1053//1053 1065//1065 1066//1066
f 1054//1054 1066//1066 1067//1067
f 1055//1055 1067//1067 1068//1068
f 1069//1069 1055//1055 1068//1068
f 1070//1070 1056//1056 1069//1069
f 1058//1058 1070//1070 1071//1071
f 1060//1060 1065//1065 1052//1052
f 1073//1073 1065//1065 1072//1072
f 1074//1074 1066//1066 1073//1073
f 1062//1062 1076//1076 1077//1077
f 1062//1062 1072//1072 1060//1060
f 1078//1078 1072//1072 1077//1077
f 1063//1063 1076//1076 1061//1061
f 1080//1080 1076//1076 1079//1079
f 1064//1064 1079//1079 1063//1063
f 1068//1068 1081//1081 1082//1082
f 1069//1069 1082//1082 1083//1083
f 1070//1070 1083//1083 1084//1084
f 1085//1085 1070//1070 1084//1084
f 1074//1074 1086//1086 1087//1087
f 1074//1074 1081//1081 1067//1067
f 1088//1088 1081//1081 1087//1087
f 1089//1089 1082//1082 1088//1088
f 1090//1090 1083//1083 1089//1089
f 1090//1090 1085//1085 1084//1084
f 1075//1075 1085//1085 1091//1091
f 1078//1078 1092//1092 1093//1093
f 1078//1078 1086//1086 1073//1073
f 1094//1094 1086//1086 1093//1093
f 1080//1080 1092//1092 1077//1077
f 1096//1096 1092//1092 1095//1095
f 1088//1088 1097//1097 1098//1098
f 1099//1099 1088//1088 1098//1098
f 1090//1090 1099//1099 1100//1100
f 1101//1101 1090//1090 1100//1100
f 1094//1094 1102//1102 1103//1103
f 1094//1094 1097//1097 1087//1087
f 1104//1104 1097//1097 1103//1103
f 1105//1105 1098//1098 1104//1104
f 1105//1105 1100//1100 1099//1099
f 1107//1107 1100//1100 1106//1106
f 1096//1096 1108//1108 1109//1109
f 1096//1096 1102//1102 1093//1093
f 1110//1110 1102//1102 1109//1109
f 1111//1111 1103//1103 1110//1110
f 1105//1105 1113//1113 1114//1114
f 1115//1115 1105//1105 1114//1114
f 1107//1107 1115//1115 1116//1116
f 1107//1107 1112//1112 1101//1101
f 1111//1111 1117//1117 1118//1118
f 1111//1111 1113//1113 1104//1104
f 1119//1119 1113//1113 1118//1118
f 1120//1120 1114//1114 1119//1119
f 1121//1121 1115//1115 1120//1120
f 1120//1120 1123//1123 1124//1124
f 1121//1121 1124//1124 1125//1125
f 1121//1121 1122//1122 1116//1116
f 1127//1127 971//971 1058//1058
f 1128//1128 1013//1013 1127//1127
f 1129//1129 1128//1128 1127//1127
f 1130//1130 1014//1014 1128//1128
f 1017//1017 1130//1130 1131//1131
f 1132//1132 1017//1017 1131//1131
f 1134//1134 1019//1019 1132//1132
f 1134//1134 1133//1133 1135//1135
f 1021//1021 1134//1134 1135//1135
f 1136//1136 1058//1058 1071//1071
f 1075//1075 1136//1136 1071//1071
f 1129//1129 1136//1136 1137//1137
f 1138//1138 1129//1129 1137//1137
f 1139//1139 1130//1130 1138//1138
f 1140//1140 1139//1139 1138//1138
f 1132//1132 1139//1139 1141//1141
f 1133//1133 1141//1141 1142//1142
f 1143//1143 1133//1133 1142//1142
f 1145//1145 1075//1075 1091//1091
f 1138//1138 1145//1145 1146//1146
f 1148//1148 1138//1138 1146//1146
f 1148//1148 1147//1147 1149//1149
f 1141//1141 1148//1148 1149//1149
f 1142//1142 1149//1149 1150//1150
f 1152//1152 1142//1142 1150//1150
f 1152//1152 1151//1151 1153//1153
f 1144//1144 1152//1152 1153//1153
f 1155//1155 1091//1091 1101//1101
f 1156//1156 1145//1145 1155//1155
f 1147//1147 1156//1156 1157//1157
f 1159//1159 1147//1147 1157//1157
f 1159//1159 1158//1158 1160//1160
f 1150//1150 1159//1159 1160//1160
f 1151//1151 1160//1160 1161//1161
f 1163//1163 1151//1151 1161//1161
f 1163//1163 1162//1162 1164//1164
f 1154//1154 1163//1163 1164//1164
f 1155//1155 1112//1112 1166//1166
f 1156//1156 1166//1166 1167//1167
f 1168//1168 1156//1156 1167//1167
f 1158//1158 1168//1168 1169//1169
f 1172//1172 1112//1112 1116//1116
f 1173//1173 1158//1158 1169//1169
f 1173//1173 1170//1170 1174//1174
f 1161//1161 1173//1173 1174//1174
f 1174//1174 1171//1171 1175//1175
f 1162//1162 1174//1174 1175//1175
f 1177//1177 1162//1162 1175//1175
f 1177//1177 1176//1176 1178//1178
f 1165//1165 1177//1177 1178//1178
f 1167//1167 1179//1179 1180//1180
f 1168//1168 1180//1180 1181//1181
f 1182//1182 1168//1168 1181//1181
f 1170//1170 1182//1182 1183//1183
f 1171//1171 1183//1183 1184//1184
f 1172//1172 1122//1122 1186//1186
f 1172//1172 1179//1179 1166//1166
f 1187//1187 1179//1179 1186//1186
f 1188//1188 1171//1171 1184//1184
f 1188//1188 1185//1185 1189//1189
f 1176//1176 1188//1188 1189//1189
f 1190//1190 1122//1122 1125//1125
f 1191//1191 1176//1176 1189//1189
f 1181//1181 1195//1195 1196//1196
f 1182//1182 1196//1196 1197//1197
f 1198//1198 1193//1193 1194//1194
f 1183//1183 1197//1197 1198//1198
f 1199//1199 1183//1183 1198//1198
f 1185//1185 1199//1199 1200//1200
f 1187//1187 1202//1202 1203//1203
f 1187//1187 1195//1195 1180//1180
f 1204//1204 1185//1185 1200//1200
f 1204//1204 1201//1201 1205//1205
f 1190//1190 1126//1126 1206//1206
f 1190//1190 1202//1202 1186//1186
f 1207//1207 1202//1202 1206//1206
f 1208//1208 1189//1189 1204//1204
f 1208//1208 1205//1205 1209//1209
f 1192//1192 1208//1208 1209//1209
f 1194//1194 1210//1210 1211//1211
f 1196//1196 1212//1212 1213//1213
f 1197//1197 1213//1213 1214//1214
f 1214//1214 1193//1193 1197//1197
f 1215//1215 1210//1210 1214//1214
f 1215//1215 1194//1194 1211//1211
f 1216//1216 1198//1198 1215//1215
f 1217//1217 1199//1199 1216//1216
f 1218//1218 1200//1200 1217//1217
f 1219//1219 1195//1195 1203//1203
f 1220//1220 1218//1218 1217//1217
f 1221//1221 1201//1201 1218//1218
f 1207//1207 1222//1222 1223//1223
f 1207//1207 1219//1219 1203//1203
f 1225//1225 1220//1220 1224//1224
f 1225//1225 1205//1205 1221//1221
f 1213//1213 1228//1228 1229//1229
f 1230//1230 1213//1213 1229//1229
f 1230//1230 1227//1227 1231//1231
f 1231//1231 1214//1214 1230//1230
f 1216//1216 1231//1231 1232//1232
f 1233//1233 1216//1216 1232//1232
f 1219//1219 1228//1228 1212//1212
f 1236//1236 1228//1228 1235//1235
f 1237//1237 1233//1233 1232//1232
f 1220//1220 1233//1233 1238//1238
f 1240//1240 1234//1234 1235//1235
f 1240//1240 1222//1222 1239//1239
f 1240//1240 1219//1219 1223//1223
f 1241//1241 1220//1220 1238//1238
f 1244//1244 1226//1226 1243//1243
f 1246//1246 1242//1242 1243//1243
f 1246//1246 1229//1229 1245//1245
f 1246//1246 1226//1226 1230//1230
f 1247//1247 1244//1244 1243//1243
f 1231//1231 1244//1244 1248//1248
f 1249//1249 1231//1231 1248//1248
f 1235//1235 1250//1250 1251//1251
f 1236//1236 1251//1251 1252//1252
f 1236//1236 1245//1245 1229//1229
f 1253//1253 1249//1249 1248//1248
f 1237//1237 1249//1249 1254//1254
f 1255//1255 1237//1237 1254//1254
f 1239//1239 1250//1250 1234//1234
f 1257//1257 1250//1250 1256//1256
f 1258//1258 1255//1255 1254//1254
f 1241//1241 1255//1255 1259//1259
f 1261//1261 1242//1242 1260//1260
f 1262//1262 1242//1242 1245//1245
f 1262//1262 1261//1261 1260//1260
f 1247//1247 1261//1261 1263//1263
f 1264//1264 1247//1247 1263//1263
f 1252//1252 1265//1265 1266//1266
f 1252//1252 1262//1262 1245//1245
f 1267//1267 1262//1262 1266//1266
f 1267//1267 1264//1264 1263//1263
f 1253//1253 1264//1264 1268//1268
f 1269//1269 1253//1253 1268//1268
f 1257//1257 1270//1270 1271//1271
f 1257//1257 1265//1265 1251//1251
f 1272//1272 1265//1265 1271//1271
f 1272//1272 1267//1267 1266//1266
f 1273//1273 1268//1268 1267//1267
f 1274//1274 1269//1269 1268//1268
f 1258//1258 1269//1269 1275//1275
f 1272//1272 1276//1276 1277//1277
f 1273//1273 1277//1277 1278//1278
f 1279//1279 1273//1273 1278//1278
f 1287//1287 1283//1283 1284//1284
f 1288//1288 1284//1284 1285//1285
f 1288//1288 1280//1280 1281//1281
f 1298//1298 1289//1289 1290//1290
f 1299//1299 1290//1290 1291//1291
f 1299//1299 1292//1292 1300//1300
f 1300//1300 1293//1293 1301//1301
f 1301//1301 1294//1294 1302//1302
f 1303//1303 1294//1294 1295//1295
f 1303//1303 1283//1283 1302//1302
f 1304//1304 1295//1295 1296//1296
f 1304//1304 1284//1284 1303//1303
f 1304//1304 1282//1282 1285//1285
f 1305//1305 1302//1302 1306//1306
f 1306//1306 1283//1283 1286//1286
f 1307//1307 1286//1286 1287//1287
f 1308//1308 1287//1287 1288//1288
f 1310//1310 1289//1289 1309//1309
f 1291//1291 1310//1310 1311//1311
f 1312//1312 1291//1291 1311//1311
f 1293//1293 1312//1312 1313//1313
f 1314//1314 1293//1293 1313//1313
f 1295//1295 1314//1314 1315//1315
f 1316//1316 1295//1295 1315//1315
f 1297//1297 1309//1309 1289//1289
f 1318//1318 1297//1297 1298//1298
f 1319//1319 1298//1298 1299//1299
f 1319//1319 1312//1312 1311//1311
f 1320//1320 1299//1299 1300//1300
f 1320//1320 1313//1313 1312//1312
f 1301//1301 1320//1320 1300//1300
f 1324//1324 1317//1317 1318//1318
f 1325//1325 1301//1301 1305//1305
f 1325//1325 1322//1322 1321//1321
f 1326//1326 1305//1305 1306//1306
f 1327//1327 1306//1306 1307//1307
f 1308//1308 1327//1327 1307//1307
f 761//761 878//878 365//365
f 1330//1330 761//761 762//762
f 763//763 1330//1330 762//762
f 1332//1332 763//763 764//764
f 765//765 1332//1332 764//764
f 1334//1334 765//765 766//766
f 771//771 1334//1334 766//766
f 1337//1337 771//771 772//772
f 1338//1338 772//772 773//773
f 774//774 1338//1338 773//773
f 775//775 1339//1339 774//774
f 775//775 1335//1335 1340//1340
f 1329//1329 890//890 878//878
f 1330//1330 1341//1341 1329//1329
f 1331//1331 1342//1342 1330//1330
f 1344//1344 1331//1331 1332//1332
f 1333//1333 1344//1344 1332//1332
f 1346//1346 1333//1333 1334//1334
f 1348//1348 1334//1334 1336//1336
f 1349//1349 1336//1336 1337//1337
f 1338//1338 1349//1349 1337//1337
f 1351//1351 1338//1338 1339//1339
f 1340//1340 1351//1351 1339//1339
f 1352//1352 1335//1335 1347//1347
f 1353//1353 890//890 1341//1341
f 1354//1354 1341//1341 1342//1342
f 1355//1355 1354//1354 1356//1356
f 1343//1343 1354//1354 1342//1342
f 1357//1357 1343//1343 1344//1344
f 1345//1345 1357//1357 1344//1344
f 1359//1359 1345//1345 1346//1346
f 1361//1361 1346//1346 1348//1348
f 1362//1362 1348//1348 1349//1349
f 1350//1350 1362//1362 1349//1349
f 1364//1364 1350//1350 1351//1351
f 1352//1352 1364//1364 1351//1351
f 1365//1365 1347//1347 1360//1360
f 1366//1366 903//903 1353//1353
f 1355//1355 1366//1366 1353//1353
f 1368//1368 1367//1367 1366//1366
f 1369//1369 1355//1355 1356//1356
f 1357//1357 1369//1369 1356//1356
f 1371//1371 1357//1357 1358//1358
f 1372//1372 1358//1358 1359//1359
f 1374//1374 1371//1371 1375//1375
f 1375//1375 1372//1372 1376//1376
f 1361//1361 1372//1372 1359//1359
f 1377//1377 1361//1361 1362//1362
f 1363//1363 1377//1377 1362//1362
f 1379//1379 1363//1363 1364//1364
f 1380//1380 1364//1364 1365//1365
f 1365//1365 1373//1373 1380//1380
f 1381//1381 918//918 1366//1366
f 1367//1367 1381//1381 1366//1366
f 1384//1384 1367//1367 1369//1369
f 1386//1386 1383//1383 1384//1384
f 1386//1386 1369//1369 1370//1370
f 1388//1388 1280//1280 1385//1385
f 1388//1388 1386//1386 1389//1389
f 1374//1374 1386//1386 1370//1370
f 1390//1390 1374//1374 1375//1375
f 1391//1391 1375//1375 1376//1376
f 1377//1377 1391//1391 1376//1376
f 1378//1378 1392//1392 1377//1377
f 1379//1379 1393//1393 1378//1378
f 1395//1395 1379//1379 1380//1380
f 1380//1380 1387//1387 1395//1395
f 1381//1381 947//947 933//933
f 1397//1397 1381//1381 1382//1382
f 1399//1399 1396//1396 1397//1397
f 1399//1399 1383//1383 1398//1398
f 1399//1399 1382//1382 1384//1384
f 1400//1400 1282//1282 1398//1398
f 1400//1400 1280//1280 1285//1285
f 1400//1400 1383//1383 1385//1385
f 1402//1402 1281//1281 1388//1388
f 1403//1403 1388//1388 1389//1389
f 1390//1390 1403//1403 1389//1389
f 1405//1405 1390//1390 1391//1391
f 1406//1406 1391//1391 1392//1392
f 1407//1407 1392//1392 1393//1393
f 1394//1394 1407//1407 1393//1393
f 1409//1409 1394//1394 1395//1395
f 1395//1395 1401//1401 1409//1409
f 1410//1410 947//947 1396//1396
f 1411//1411 1282//1282 1296//1296
f 1411//1411 1396//1396 1398//1398
f 1402//1402 1308//1308 1288//1288
f 1403//1403 1413//1413 1402//1402
f 1404//1404 1414//1414 1403//1403
f 1416//1416 1404//1404 1405//1405
f 1417//1417 1405//1405 1406//1406
f 1418//1418 1406//1406 1407//1407
f 1419//1419 1407//1407 1408//1408
f 1409//1409 1419//1419 1408//1408
f 1409//1409 1412//1412 1420//1420
f 1421//1421 959//959 1410//1410
f 1422//1422 973//973 1421//1421
f 1411//1411 1316//1316 1423//1423
f 1423//1423 1410//1410 1411//1411
f 1424//1424 1308//1308 1413//1413
f 1425//1425 1413//1413 1414//1414
f 1426//1426 1414//1414 1415//1415
f 1427//1427 1415//1415 1416//1416
f 1428//1428 1416//1416 1417//1417
f 1418//1418 1428//1428 1417//1417
f 1419//1419 1429//1429 1418//1418
f 1431//1431 1419//1419 1420//1420
f 1432//1432 1428//1428 1433//1433
f 1433//1433 1429//1429 1434//1434
f 1435//1435 1429//1429 1430//1430
f 1436//1436 409//409 979//979
f 816//816 1437//1437 815//815
f 816//816 1436//1436 1438//1438
f 817//817 1335//1335 770//770
f 1440//1440 817//817 818//818
f 1440//1440 815//815 1437//1437
f 1441//1441 979//979 984//984
f 1438//1438 1442//1442 1437//1437
f 1443//1443 1436//1436 1441//1441
f 1439//1439 1347//1347 1335//1335
f 1445//1445 1439//1439 1440//1440
f 1445//1445 1437//1437 1442//1442
f 1447//1447 984//984 990//990
f 1449//1449 1446//1446 1448//1448
f 1449//1449 1442//1442 1443//1443
f 1449//1449 1441//1441 1447//1447
f 1444//1444 1360//1360 1347//1347
f 1451//1451 1444//1444 1445//1445
f 1451//1451 1442//1442 1448//1448
f 1453//1453 1446//1446 1447//1447
f 1453//1453 990//990 995//995
f 1454//1454 1446//1446 1452//1452
f 1450//1450 1373//1373 1360//1360
f 1451//1451 1455//1455 1450//1450
f 1451//1451 1454//1454 1456//1456
f 1453//1453 1457//1457 1452//1452
f 1453//1453 1001//1001 1458//1458
f 1454//1454 1457//1457 1459//1459
f 1460//1460 1457//1457 1458//1458
f 1461//1461 1373//1373 1455//1455
f 1456//1456 1461//1461 1455//1455
f 1462//1462 1454//1454 1459//1459
f 1463//1463 1001//1001 1006//1006
f 1460//1460 1464//1464 1459//1459
f 1460//1460 1463//1463 1465//1465
f 1466//1466 1387//1387 1461//1461
f 1462//1462 1466//1466 1461//1461
f 1462//1462 1464//1464 1467//1467
f 1463//1463 1012//1012 1468//1468
f 1470//1470 1464//1464 1465//1465
f 1465//1465 1468//1468 1470//1470
f 1466//1466 1412//1412 1401//1401
f 1472//1472 1466//1466 1467//1467
f 1472//1472 1464//1464 1469//1469
f 1473//1473 1412//1412 1471//1471
f 1468//1468 1020//1020 1474//1474
f 1474//1474 1021//1021 1475//1475
f 1470//1470 1476//1476 1469//1469
f 1477//1477 1468//1468 1474//1474
f 1472//1472 1478//1478 1471//1471
f 1472//1472 1476//1476 1479//1479
f 1480//1480 1476//1476 1477//1477
f 1473//1473 1431//1431 1420//1420
f 1473//1473 1478//1478 1481//1481
f 1482//1482 1478//1478 1479//1479
f 1484//1484 1309//1309 1483//1483
f 1485//1485 1310//1310 1484//1484
f 1314//1314 1486//1486 1487//1487
f 1315//1315 1487//1487 1488//1488
f 1316//1316 1488//1488 1489//1489
f 1490//1490 1309//1309 1317//1317
f 1492//1492 1484//1484 1491//1491
f 1492//1492 1318//1318 1319//1319
f 1492//1492 1311//1311 1485//1485
f 1493//1493 1313//1313 1321//1321
f 1493//1493 1487//1487 1486//1486
f 1322//1322 1493//1493 1321//1321
f 1495//1495 1487//1487 1494//1494
f 1495//1495 1489//1489 1488//1488
f 1323//1323 1490//1490 1317//1317
f 1498//1498 1323//1323 1324//1324
f 1324//1324 1491//1491 1498//1498
f 1499//1499 1322//1322 1326//1326
f 1499//1499 1495//1495 1494//1494
f 1327//1327 1499//1499 1326//1326
f 1501//1501 1495//1495 1500//1500
f 1328//1328 1500//1500 1327//1327
f 1503//1503 1483//1483 1502//1502
f 1490//1490 1502//1502 1483//1483
f 1505//1505 1502//1502 1504//1504
f 1491//1491 1503//1503 1505//1505
f 1506//1506 1490//1490 1497//1497
f 1507//1507 1504//1504 1506//1506
f 1498//1498 1506//1506 1497//1497
f 1498//1498 1505//1505 1507//1507
f 1422//1422 1508//1508 1509//1509
f 1509//1509 974//974 1422//1422
f 1423//1423 1489//1489 1510//1510
f 1423//1423 1508//1508 1421//1421
f 1512//1512 1489//1489 1496//1496
f 1512//1512 1511//1511 1510//1510
f 1514//1514 1496//1496 1501//1501
f 1424//1424 1501//1501 1328//1328
f 1514//1514 1513//1513 1512//1512
f 1425//1425 1514//1514 1424//1424
f 1516//1516 1425//1425 1426//1426
f 1517//1517 1426//1426 1427//1427
f 1521//1521 1430//1430 1431//1431
f 1522//1522 1427//1427 1432//1432
f 1522//1522 1518//1518 1517//1517
f 1523//1523 1432//1432 1433//1433
f 1523//1523 1519//1519 1518//1518
f 1434//1434 1523//1523 1433//1433
f 1525//1525 1519//1519 1524//1524
f 1435//1435 1524//1524 1434//1434
f 1525//1525 1430//1430 1520//1520
f 1509//1509 1526//1526 1527//1527
f 1509//1509 1080//1080 1064//1064
f 1528//1528 1508//1508 1510//1510
f 1528//1528 1527//1527 1526//1526
f 1511//1511 1528//1528 1510//1510
f 1531//1531 1511//1511 1513//1513
f 1531//1531 1530//1530 1529//1529
f 1535//1535 1513//1513 1515//1515
f 1535//1535 1532//1532 1531//1531
f 1516//1516 1535//1535 1515//1515
f 1536//1536 1533//1533 1532//1532
f 1517//1517 1536//1536 1516//1516
f 1518//1518 1537//1537 1517//1517
f 1539//1539 1518//1518 1519//1519
f 1540//1540 1519//1519 1520//1520
f 1521//1521 1540//1540 1520//1520
f 1527//1527 1095//1095 1080//1080
f 1544//1544 1527//1527 1529//1529
f 1544//1544 1543//1543 1542//1542
f 1530//1530 1544//1544 1529//1529
f 1547//1547 1530//1530 1532//1532
f 1547//1547 1546//1546 1545//1545
f 1533//1533 1547//1547 1532//1532
f 1553//1553 1533//1533 1537//1537
f 1553//1553 1549//1549 1548//1548
f 1538//1538 1553//1553 1537//1537
f 1554//1554 1550//1550 1549//1549
f 1539//1539 1554//1554 1538//1538
f 1555//1555 1551//1551 1550//1550
f 1540//1540 1555//1555 1539//1539
f 1557//1557 1551//1551 1556//1556
f 1557//1557 1540//1540 1541//1541
f 1557//1557 1534//1534 1552//1552
f 1542//1542 1108//1108 1095//1095
f 1558//1558 1109//1109 1108//1108
f 1543//1543 1558//1558 1542//1542
f 1560//1560 1109//1109 1559//1559
f 1562//1562 1543//1543 1545//1545
f 1562//1562 1560//1560 1559//1559
f 1546//1546 1562//1562 1545//1545
f 1563//1563 1561//1561 1560//1560
f 1568//1568 1546//1546 1548//1548
f 1568//1568 1564//1564 1563//1563
f 1549//1549 1568//1568 1548//1548
f 1569//1569 1565//1565 1564//1564
f 1570//1570 1549//1549 1550//1550
f 1571//1571 1565//1565 1570//1570
f 1551//1551 1570//1570 1550//1550
f 1571//1571 1567//1567 1566//1566
f 1572//1572 1551//1551 1552//1552
f 1573//1573 1110//1110 1560//1560
f 1573//1573 1118//1118 1117//1117
f 1561//1561 1573//1573 1560//1560
f 1574//1574 1119//1119 1118//1118
f 1578//1578 1561//1561 1564//1564
f 1578//1578 1575//1575 1574//1574
f 1565//1565 1578//1578 1564//1564
f 1579//1579 1576//1576 1575//1575
f 1580//1580 1565//1565 1566//1566
f 1580//1580 1577//1577 1576//1576
f 1567//1567 1580//1580 1566//1566
f 1582//1582 1567//1567 1572//1572
f 1575//1575 1123//1123 1119//1119
f 1583//1583 1124//1124 1123//1123
f 1576//1576 1583//1583 1575//1575
f 1585//1585 1124//1124 1584//1584
f 1577//1577 1584//1584 1576//1576
f 1586//1586 1577//1577 1581//1581
f 1587//1587 1125//1125 1585//1585
f 1475//1475 1588//1588 1474//1474
f 1589//1589 1021//1021 1135//1135
f 1477//1477 1588//1588 1590//1590
f 1591//1591 1588//1588 1589//1589
f 1480//1480 1593//1593 1479//1479
f 1480//1480 1590//1590 1594//1594
f 1595//1595 1431//1431 1481//1481
f 1596//1596 1592//1592 1595//1595
f 1596//1596 1481//1481 1482//1482
f 1482//1482 1593//1593 1596//1596
f 1597//1597 1135//1135 1143//1143
f 1597//1597 1144//1144 1598//1598
f 1591//1591 1600//1600 1590//1590
f 1591//1591 1597//1597 1601//1601
f 1603//1603 1592//1592 1593//1593
f 1604//1604 1599//1599 1603//1603
f 1604//1604 1593//1593 1594//1594
f 1604//1604 1590//1590 1600//1600
f 1605//1605 1534//1534 1541//1541
f 1605//1605 1521//1521 1595//1595
f 1605//1605 1592//1592 1602//1602
f 1598//1598 1606//1606 1597//1597
f 1598//1598 1153//1153 1607//1607
f 1607//1607 1154//1154 1608//1608
f 1600//1600 1609//1609 1599//1599
f 1601//1601 1610//1610 1600//1600
f 1601//1601 1606//1606 1611//1611
f 1612//1612 1606//1606 1607//1607
f 1613//1613 1534//1534 1602//1602
f 1603//1603 1613//1613 1602//1602
f 1603//1603 1609//1609 1614//1614
f 1615//1615 1609//1609 1610//1610
f 1608//1608 1616//1616 1607//1607
f 1617//1617 1154//1154 1164//1164
f 1618//1618 1164//1164 1165//1165
f 1611//1611 1619//1619 1610//1610
f 1612//1612 1620//1620 1611//1611
f 1612//1612 1616//1616 1621//1621
f 1622//1622 1616//1616 1617//1617
f 1623//1623 1552//1552 1613//1613
f 1624//1624 1613//1613 1614//1614
f 1615//1615 1624//1624 1614//1614
f 1615//1615 1619//1619 1625//1625
f 1626//1626 1619//1619 1620//1620
f 1618//1618 1627//1627 1617//1617
f 1628//1628 1165//1165 1178//1178
f 1621//1621 1630//1630 1620//1620
f 1622//1622 1631//1631 1621//1621
f 1622//1622 1627//1627 1632//1632
f 1633//1633 1627//1627 1628//1628
f 1582//1582 1629//1629 1581//1581
f 1623//1623 1582//1582 1572//1572
f 1624//1624 1634//1634 1623//1623
f 1636//1636 1624//1624 1625//1625
f 1626//1626 1636//1636 1625//1625
f 1626//1626 1630//1630 1637//1637
f 1638//1638 1630//1630 1631//1631
f 1639//1639 1631//1631 1632//1632
f 1628//1628 1191//1191 1641//1641
f 1641//1641 1192//1192 1642//1642
f 1586//1586 1640//1640 1585//1585
f 1629//1629 1586//1586 1581//1581
f 1633//1633 1645//1645 1632//1632
f 1633//1633 1641//1641 1646//1646
f 1647//1647 1629//1629 1634//1634
f 1647//1647 1644//1644 1643//1643
f 1635//1635 1647//1647 1634//1634
f 1636//1636 1648//1648 1635//1635
f 1650//1650 1636//1636 1637//1637
f 1638//1638 1650//1650 1637//1637
f 1639//1639 1651//1651 1638//1638
f 1639//1639 1645//1645 1652//1652
f 1653//1653 1645//1645 1646//1646
f 1587//1587 1206//1206 1126//1126
f 1640//1640 1587//1587 1585//1585
f 1642//1642 1656//1656 1641//1641
f 1657//1657 1192//1192 1209//1209
f 1658//1658 1640//1640 1643//1643
f 1658//1658 1655//1655 1654//1654
f 1644//1644 1658//1658 1643//1643
f 1646//1646 1656//1656 1660//1660
f 1661//1661 1656//1656 1657//1657
f 1662//1662 1644//1644 1648//1648
f 1649//1649 1662//1662 1648//1648
f 1650//1650 1663//1663 1649//1649
f 1651//1651 1664//1664 1650//1650
f 1666//1666 1651//1651 1652//1652
f 1653//1653 1666//1666 1652//1652
f 1653//1653 1660//1660 1667//1667
f 1668//1668 1660//1660 1661//1661
f 1669//1669 1665//1665 1670//1670
f 1654//1654 1222//1222 1206//1206
f 1655//1655 1671//1671 1654//1654
f 1673//1673 1225//1225 1224//1224
f 1674//1674 1209//1209 1225//1225
f 1675//1675 1655//1655 1659//1659
f 1676//1676 1674//1674 1673//1673
f 1661//1661 1674//1674 1677//1677
f 1662//1662 1675//1675 1659//1659
f 1663//1663 1678//1678 1662//1662
f 1664//1664 1679//1679 1663//1663
f 1682//1682 1665//1665 1666//1666
f 1683//1683 1666//1666 1667//1667
f 1684//1684 1676//1676 1683//1683
f 1684//1684 1667//1667 1668//1668
f 1668//1668 1677//1677 1684//1684
f 1669//1669 1680//1680 1664//1664
f 1685//1685 1681//1681 1680//1680
f 1686//1686 1669//1669 1670//1670
f 1670//1670 1681//1681 1686//1686
f 1687//1687 1222//1222 1671//1671
f 1688//1688 1671//1671 1672//1672
f 1689//1689 1224//1224 1241//1241
f 1690//1690 1688//1688 1691//1691
f 1675//1675 1688//1688 1672//1672
f 1676//1676 1689//1689 1694//1694
f 1695//1695 1675//1675 1678//1678
f 1695//1695 1692//1692 1691//1691
f 1679//1679 1695//1695 1678//1678
f 1697//1697 1679//1679 1680//1680
f 1698//1698 1680//1680 1681//1681
f 1682//1682 1698//1698 1681//1681
f 1700//1700 1693//1693 1699//1699
f 1700//1700 1682//1682 1683//1683
f 1700//1700 1676//1676 1694//1694
f 1702//1702 1697//1697 1698//1698
f 1687//1687 1256//1256 1239//1239
f 1706//1706 1258//1258 1705//1705
f 1689//1689 1259//1259 1706//1706
f 1707//1707 1687//1687 1690//1690
f 1707//1707 1704//1704 1703//1703
f 1691//1691 1707//1707 1690//1690
f 1692//1692 1708//1708 1691//1691
f 1712//1712 1705//1705 1711//1711
f 1712//1712 1693//1693 1694//1694
f 1712//1712 1689//1689 1706//1706
f 1713//1713 1692//1692 1696//1696
f 1715//1715 1696//1696 1697//1697
f 1717//1717 1710//1710 1716//1716
f 1717//1717 1698//1698 1699//1699
f 1717//1717 1693//1693 1711//1711
f 1718//1718 1715//1715 1719//1719
f 1701//1701 1715//1715 1697//1697
f 1720//1720 1714//1714 1719//1719
f 1720//1720 1701//1701 1702//1702
f 1720//1720 1698//1698 1716//1716
f 1703//1703 1270//1270 1256//1256
f 1722//1722 1270//1270 1721//1721
f 1704//1704 1721//1721 1703//1703
f 1726//1726 1274//1274 1725//1725
f 1705//1705 1275//1275 1726//1726
f 1727//1727 1704//1704 1708//1708
f 1727//1727 1723//1723 1722//1722
f 1709//1709 1727//1727 1708//1708
f 1729//1729 1723//1723 1728//1728
f 1730//1730 1724//1724 1729//1729
f 1731//1731 1725//1725 1730//1730
f 1731//1731 1710//1710 1711//1711
f 1731//1731 1705//1705 1726//1726
f 1732//1732 1709//1709 1713//1713
f 1732//1732 1729//1729 1728//1728
f 1734//1734 1729//1729 1733//1733
f 1734//1734 1714//1714 1716//1716
f 1734//1734 1710//1710 1730//1730
f 1718//1718 1732//1732 1713//1713
f 1736//1736 1732//1732 1735//1735
f 1736//1736 1718//1718 1719//1719
f 1736//1736 1714//1714 1733//1733
f 1737//1737 1271//1271 1722//1722
f 1737//1737 1277//1277 1276//1276
f 1723//1723 1737//1737 1722//1722
f 1738//1738 1278//1278 1277//1277
f 1724//1724 1738//1738 1723//1723
f 1740//1740 1278//1278 1739//1739
f 1740//1740 1724//1724 1725//1725
f 1725//1725 1279//1279 1740//1740
f 2//2 1//1 3//3
f 4//4 3//3 6//6
f 5//5 4//4 7//7
f 8//8 7//7 9//9
f 10//10 9//9 12//12
f 11//11 10//10 13//13
f 13//13 12//12 15//15
f 14//14 13//13 16//16
f 17//17 16//16 18//18
f 19//19 18//18 21//21
f 20//20 19//19 22//22
f 22//22 21//21 24//24
f 23//23 22//22 25//25
f 26//26 25//25 28//28
f 27//27 26//26 29//29
f 29//29 28//28 31//31
f 30//30 29//29 32//32
f 32//32 31//31 36//36
f 37//37 34//34 35//35
f 33//33 32//32 37//37
f 35//35 34//34 40//40
f 37//37 36//36 42//42
f 43//43 40//40 34//34
f 44//44 41//41 40//40
f 44//44 38//38 35//35
f 39//39 38//38 44//44
f 44//44 43//43 46//46
f 45//45 44//44 47//47
f 52//52 47//47 46//46
f 52//52 49//49 50//50
f 48//48 47//47 52//52
f 60//60 55//55 56//56
f 61//61 56//56 57//57
f 63//63 62//62 57//57
f 64//64 63//63 58//58
f 67//67 65//65 66//66
f 70//70 56//56 55//55
f 71//71 57//57 56//56
f 58//58 57//57 71//71
f 59//59 58//58 72//72
f 75//75 67//67 68//68
f 76//76 68//68 69//69
f 77//77 69//69 55//55
f 78//78 77//77 60//60
f 79//79 78//78 61//61
f 63//63 80//80 79//79
f 64//64 81//81 80//80
f 81//81 64//64 59//59
f 82//82 81//81 73//73
f 84//84 66//66 65//65
f 88//88 83//83 65//65
f 89//89 68//68 66//66
f 90//90 69//69 68//68
f 70//70 69//69 90//90
f 71//71 70//70 91//91
f 72//72 71//71 92//92
f 94//94 93//93 85//85
f 94//94 73//73 72//72
f 94//94 86//86 87//87
f 74//74 73//73 94//94
f 96//96 88//88 67//67
f 97//97 96//96 75//75
f 98//98 90//90 89//89
f 98//98 97//97 76//76
f 98//98 99//99 91//91
f 78//78 99//99 98//98
f 99//99 100//100 92//92
f 79//79 100//100 99//99
f 101//101 100//100 79//79
f 102//102 101//101 80//80
f 82//82 103//103 102//102
f 84//84 83//83 104//104
f 86//86 85//85 106//106
f 108//108 87//87 86//86
f 88//88 109//109 104//104
f 110//110 105//105 104//104
f 89//89 84//84 105//105
f 93//93 92//92 111//111
f 93//93 112//112 106//106
f 113//113 107//107 106//106
f 96//96 114//114 109//109
f 115//115 114//114 96//96
f 115//115 97//97 89//89
f 116//116 111//111 92//92
f 117//117 112//112 111//111
f 101//101 117//117 116//116
f 118//118 117//117 101//101
f 103//103 119//119 118//118
f 108//108 107//107 120//120
f 110//110 109//109 122//122
f 113//113 112//112 124//124
f 113//113 125//125 120//120
f 114//114 126//126 122//122
f 127//127 123//123 122//122
f 127//127 126//126 114//114
f 115//115 110//110 123//123
f 117//117 128//128 124//124
f 128//128 129//129 125//125
f 118//118 129//129 128//128
f 130//130 129//129 118//118
f 50//50 49//49 131//131
f 52//52 51//51 133//133
f 52//52 134//134 131//131
f 135//135 132//132 131//131
f 53//53 50//50 132//132
f 54//54 53//53 135//135
f 135//135 134//134 137//137
f 136//136 135//135 138//138
f 138//138 137//137 140//140
f 139//139 138//138 141//141
f 146//146 143//143 144//144
f 147//147 144//144 145//145
f 148//148 142//142 141//141
f 156//156 82//82 74//74
f 156//156 149//149 150//150
f 157//157 150//150 151//151
f 158//158 151//151 152//152
f 159//159 152//152 153//153
f 160//160 153//153 154//154
f 161//161 154//154 155//155
f 162//162 144//144 143//143
f 145//145 144//144 162//162
f 164//164 159//159 160//160
f 165//165 160//160 161//161
f 146//146 166//166 161//161
f 167//167 166//166 146//146
f 168//168 148//148 145//145
f 175//175 95//95 87//87
f 175//175 149//149 74//74
f 176//176 175//175 169//169
f 176//176 150//150 149//149
f 177//177 176//176 170//170
f 151//151 150//150 176//176
f 177//177 171//171 172//172
f 178//178 152//152 151//151
f 179//179 178//178 172//172
f 153//153 152//152 178//178
f 179//179 173//173 174//174
f 154//154 153//153 179//179
f 155//155 154//154 180//180
f 183//183 103//103 82//82
f 184//184 183//183 156//156
f 158//158 185//185 184//184
f 186//186 185//185 158//158
f 187//187 162//162 155//155
f 187//187 181//181 182//182
f 163//163 162//162 187//187
f 189//189 185//185 186//186
f 164//164 190//190 186//186
f 191//191 190//190 164//164
f 192//192 191//191 165//165
f 169//169 87//87 108//108
f 170//170 169//169 193//193
f 171//171 170//170 194//194
f 172//172 171//171 195//195
f 197//197 173//173 172//172
f 174//174 173//173 197//197
f 200//200 180//180 174//174
f 200//200 198//198 199//199
f 181//181 180//180 200//200
f 182//182 181//181 201//201
f 203//203 119//119 103//103
f 184//184 204//204 203//203
f 205//205 204//204 184//184
f 206//206 188//188 182//182
f 207//207 204//204 205//205
f 189//189 208//208 205//205
f 209//209 208//208 189//189
f 210//210 209//209 190//190
f 193//193 108//108 121//121
f 194//194 193//193 211//211
f 195//195 194//194 212//212
f 196//196 195//195 213//213
f 215//215 197//197 196//196
f 216//216 198//198 197//197
f 199//199 198//198 216//216
f 219//219 201//201 199//199
f 219//219 217//217 218//218
f 202//202 201//201 219//219
f 203//203 221//221 130//130
f 222//222 221//221 203//203
f 223//223 221//221 222//222
f 207//207 224//224 222//222
f 225//225 224//224 207//207
f 226//226 225//225 208//208
f 227//227 142//142 148//148
f 168//168 163//163 229//229
f 228//228 148//148 168//168
f 229//229 163//163 188//188
f 234//234 230//230 229//229
f 234//234 232//232 233//233
f 231//231 230//230 234//234
f 206//206 202//202 236//236
f 232//232 188//188 206//206
f 233//233 232//232 237//237
f 239//239 235//235 233//233
f 236//236 202//202 220//220
f 243//243 237//237 236//236
f 243//243 241//241 242//242
f 238//238 237//237 243//243
f 246//246 239//239 238//238
f 246//246 244//244 245//245
f 240//240 239//239 246//246
f 121//121 120//120 248//248
f 125//125 250//250 248//248
f 251//251 249//249 248//248
f 252//252 250//250 125//125
f 252//252 253//253 251//251
f 130//130 253//253 252//252
f 251//251 255//255 254//254
f 256//256 255//255 251//251
f 260//260 211//211 121//121
f 212//212 211//211 260//260
f 213//213 212//212 261//261
f 263//263 262//262 257//257
f 263//263 214//214 213//213
f 263//263 258//258 259//259
f 215//215 214//214 263//263
f 265//265 216//216 215//215
f 266//266 217//217 216//216
f 218//218 217//217 266//266
f 268//268 220//220 218//218
f 269//269 253//253 130//130
f 271//271 269//269 221//221
f 271//271 272//272 270//270
f 272//272 271//271 223//223
f 273//273 272//272 224//224
f 275//275 258//258 257//257
f 276//276 259//259 258//258
f 260//260 249//249 254//254
f 278//278 261//261 260//260
f 279//279 262//262 261//261
f 262//262 279//279 274//274
f 280//280 275//275 274//274
f 280//280 281//281 276//276
f 264//264 259//259 276//276
f 265//265 264//264 281//281
f 266//266 265//265 282//282
f 267//267 266//266 283//283
f 285//285 277//277 254//254
f 268//268 267//267 284//284
f 256//256 287//287 285//285
f 269//269 287//287 256//256
f 270//270 288//288 287//287
f 289//289 288//288 270//270
f 290//290 289//289 272//272
f 278//278 277//277 291//291
f 293//293 279//279 278//278
f 294//294 280//280 279//279
f 281//281 280//280 294//294
f 282//282 281//281 295//295
f 297//297 283//283 282//282
f 298//298 284//284 283//283
f 285//285 299//299 291//291
f 300//300 292//292 291//291
f 301//301 293//293 292//292
f 302//302 303//303 297//297
f 303//303 304//304 298//298
f 286//286 284//284 298//298
f 305//305 299//299 285//285
f 305//305 306//306 300//300
f 288//288 306//306 305//305
f 307//307 306//306 288//288
f 294//294 293//293 308//308
f 295//295 294//294 309//309
f 311//311 296//296 295//295
f 301//301 300//300 312//312
f 301//301 313//313 308//308
f 314//314 309//309 308//308
f 315//315 310//310 309//309
f 315//315 316//316 311//311
f 302//302 296//296 311//311
f 317//317 303//303 302//302
f 318//318 304//304 303//303
f 306//306 319//319 312//312
f 320//320 313//313 312//312
f 321//321 319//319 306//306
f 314//314 313//313 322//322
f 324//324 315//315 314//314
f 325//325 316//316 315//315
f 326//326 317//317 316//316
f 318//318 317//317 326//326
f 320//320 319//319 328//328
f 320//320 329//329 322//322
f 321//321 330//330 328//328
f 323//323 322//322 331//331
f 324//324 323//323 332//332
f 325//325 324//324 333//333
f 335//335 326//326 325//325
f 336//336 327//327 326//326
f 329//329 328//328 337//337
f 338//338 331//331 322//322
f 330//330 339//339 337//337
f 344//344 332//332 331//331
f 333//333 332//332 344//344
f 346//346 345//345 340//340
f 334//334 333//333 345//345
f 347//347 335//335 334//334
f 348//348 336//336 335//335
f 350//350 349//349 342//342
f 350//350 338//338 337//337
f 350//350 343//343 331//331
f 351//351 349//349 337//337
f 354//354 341//341 340//340
f 358//358 343//343 342//342
f 344//344 343//343 358//358
f 360//360 359//359 352//352
f 360//360 345//345 344//344
f 360//360 353//353 340//340
f 361//361 346//346 341//341
f 361//361 354//354 355//355
f 347//347 346//346 361//361
f 362//362 355//355 356//356
f 348//348 347//347 362//362
f 364//364 357//357 342//342
f 351//351 366//366 364//364
f 241//241 220//220 268//268
f 242//242 241//241 367//367
f 369//369 244//244 242//242
f 245//245 244//244 369//369
f 371//371 247//247 245//245
f 372//372 367//367 268//268
f 368//368 367//367 372//372
f 369//369 368//368 373//373
f 370//370 369//369 374//374
f 371//371 370//370 375//375
f 378//378 372//372 286//286
f 373//373 372//372 378//378
f 380//380 374//374 373//373
f 375//375 374//374 380//380
f 382//382 376//376 375//375
f 377//377 376//376 382//382
f 378//378 304//304 318//318
f 379//379 378//378 384//384
f 386//386 380//380 379//379
f 387//387 381//381 380//380
f 382//382 381//381 387//387
f 389//389 383//383 382//382
f 384//384 318//318 327//327
f 391//391 385//385 384//384
f 392//392 386//386 385//385
f 393//393 387//387 386//386
f 394//394 388//388 387//387
f 395//395 390//390 327//327
f 396//396 391//391 390//390
f 392//392 391//391 396//396
f 393//393 392//392 397//397
f 399//399 394//394 393//393
f 400//400 395//395 336//336
f 401//401 396//396 395//395
f 397//397 396//396 401//401
f 398//398 397//397 402//402
f 404//404 399//399 398//398
f 405//405 400//400 348//348
f 406//406 401//401 400//400
f 402//402 401//401 406//406
f 408//408 403//403 402//402
f 409//409 404//404 403//403
f 410//410 1//1 2//2
f 412//412 3//3 1//1
f 411//411 413//413 412//412
f 413//413 411//411 2//2
f 413//413 4//4 5//5
f 412//412 415//415 6//6
f 416//416 7//7 6//6
f 413//413 416//416 415//415
f 414//414 417//417 416//416
f 417//417 414//414 5//5
f 418//418 9//9 7//7
f 417//417 419//419 418//418
f 419//419 417//417 8//8
f 419//419 10//10 11//11
f 418//418 421//421 12//12
f 419//419 422//422 421//421
f 420//420 423//423 422//422
f 423//423 420//420 11//11
f 421//421 424//424 15//15
f 425//425 16//16 15//15
f 422//422 425//425 424//424
f 423//423 426//426 425//425
f 426//426 423//423 14//14
f 427//427 18//18 16//16
f 426//426 428//428 427//427
f 428//428 426//426 17//17
f 428//428 19//19 20//20
f 427//427 430//430 21//21
f 428//428 431//431 430//430
f 429//429 432//432 431//431
f 432//432 429//429 20//20
f 430//430 433//433 24//24
f 433//433 434//434 25//25
f 431//431 434//434 433//433
f 432//432 435//435 434//434
f 432//432 23//23 26//26
f 436//436 435//435 26//26
f 434//434 437//437 28//28
f 435//435 438//438 437//437
f 436//436 439//439 438//438
f 439//439 436//436 27//27
f 440//440 31//31 28//28
f 438//438 441//441 440//440
f 439//439 442//442 441//441
f 442//442 439//439 30//30
f 440//440 443//443 36//36
f 441//441 444//444 443//443
f 442//442 445//445 444//444
f 442//442 33//33 38//38
f 445//445 38//38 39//39
f 448//448 447//447 444//444
f 443//443 449//449 42//42
f 450//450 43//43 42//42
f 444//444 450//450 449//449
f 446//446 452//452 451//451
f 452//452 446//446 39//39
f 447//447 453//453 450//450
f 453//453 454//454 451//451
f 454//454 453//453 447//447
f 448//448 445//445 451//451
f 455//455 46//46 43//43
f 451//451 456//456 455//455
f 452//452 457//457 456//456
f 457//457 452//452 45//45
f 455//455 458//458 51//51
f 459//459 458//458 455//455
f 457//457 460//460 459//459
f 457//457 48//48 53//53
f 460//460 53//53 54//54
f 463//463 462//462 459//459
f 470//470 469//469 464//464
f 471//471 470//470 465//465
f 471//471 466//466 467//467
f 472//472 467//467 468//468
f 477//477 465//465 464//464
f 478//478 466//466 465//465
f 467//467 466//466 478//478
f 468//468 467//467 479//479
f 483//483 482//482 474//474
f 484//484 483//483 475//475
f 469//469 484//484 476//476
f 485//485 484//484 469//469
f 486//486 485//485 470//470
f 472//472 487//487 486//486
f 473//473 488//488 487//487
f 473//473 468//468 480//480
f 488//488 480//480 481//481
f 491//491 490//490 482//482
f 493//493 475//475 474//474
f 494//494 476//476 475//475
f 477//477 476//476 494//494
f 478//478 477//477 495//495
f 497//497 479//479 478//478
f 498//498 480//480 479//479
f 481//481 480//480 498//498
f 482//482 500//500 492//492
f 501//501 502//502 494//494
f 502//502 501//501 483//483
f 503//503 495//495 494//494
f 485//485 503//503 502//502
f 504//504 496//496 495//495
f 486//486 504//504 503//503
f 487//487 505//505 504//504
f 506//506 505//505 487//487
f 489//489 507//507 506//506
f 490//490 508//508 500//500
f 509//509 508//508 490//490
f 491//491 483//483 501//501
f 510//510 505//505 506//506
f 512//512 511//511 506//506
f 514//514 493//493 492//492
f 497//497 496//496 515//515
f 517//517 498//498 497//497
f 499//499 498//498 517//517
f 519//519 513//513 492//492
f 501//501 493//493 514//514
f 504//504 521//521 515//515
f 521//521 522//522 516//516
f 505//505 522//522 521//521
f 524//524 519//519 500//500
f 524//524 525//525 520//520
f 509//509 525//525 524//524
f 525//525 509//509 501//501
f 526//526 522//522 505//505
f 526//526 527//527 523//523
f 511//511 527//527 526//526
f 528//528 527//527 511//511
f 530//530 514//514 513//513
f 517//517 516//516 531//531
f 533//533 518//518 517//517
f 534//534 529//529 513//513
f 535//535 530//530 529//529
f 520//520 535//535 534//534
f 535//535 520//520 514//514
f 536//536 531//531 516//516
f 537//537 532//532 531//531
f 523//523 537//537 536//536
f 538//538 537//537 523//523
f 528//528 539//539 538//538
f 458//458 540//540 133//133
f 541//541 134//134 133//133
f 459//459 541//541 540//540
f 461//461 543//543 542//542
f 543//543 461//461 54//54
f 544//544 541//541 459//459
f 544//544 545//545 542//542
f 545//545 544//544 462//462
f 545//545 463//463 460//460
f 546//546 137//137 134//134
f 542//542 547//547 546//546
f 543//543 548//548 547//547
f 543//543 136//136 139//139
f 546//546 549//549 140//140
f 549//549 550//550 141//141
f 547//547 550//550 549//549
f 548//548 551//551 550//550
f 548//548 139//139 142//142
f 550//550 553//553 147//147
f 554//554 553//553 550//550
f 556//556 555//555 552//552
f 557//557 556//556 553//553
f 560//560 166//166 167//167
f 561//561 553//553 552//552
f 553//553 561//561 167//167
f 567//567 566//566 558//558
f 568//568 567//567 559//559
f 568//568 560//560 552//552
f 569//569 568//568 555//555
f 557//557 570//570 569//569
f 557//557 554//554 562//562
f 489//489 481//481 563//563
f 572//572 571//571 563//563
f 573//573 572//572 564//564
f 574//574 573//573 565//565
f 575//575 574//574 566//566
f 576//576 575//575 567//567
f 577//577 576//576 568//568
f 580//580 559//559 558//558
f 581//581 580//580 191//191
f 581//581 560//560 559//559
f 581//581 192//192 166//166
f 582//582 563//563 481//481
f 583//583 564//564 563//563
f 565//565 564//564 583//583
f 585//585 584//584 578//578
f 585//585 566//566 565//565
f 585//585 579//579 558//558
f 570//570 587//587 586//586
f 588//588 507//507 489//489
f 589//589 588//588 571//571
f 573//573 590//590 589//589
f 591//591 590//590 573//573
f 575//575 592//592 591//591
f 576//576 593//593 592//592
f 577//577 594//594 593//593
f 577//577 569//569 586//586
f 595//595 594//594 586//586
f 512//512 507//507 588//588
f 596//596 588//588 589//589
f 597//597 589//589 590//590
f 599//599 598//598 590//590
f 599//599 591//591 592//592
f 601//601 600//600 592//592
f 604//604 579//579 578//578
f 605//605 604//604 209//209
f 605//605 580//580 579//579
f 580//580 605//605 210//210
f 606//606 582//582 499//499
f 607//607 583//583 582//582
f 608//608 607//607 602//602
f 608//608 584//584 583//583
f 608//608 603//603 578//578
f 594//594 611//611 610//610
f 595//595 612//612 611//611
f 595//595 587//587 609//609
f 596//596 613//613 528//528
f 597//597 614//614 613//613
f 598//598 615//615 614//614
f 599//599 616//616 615//615
f 617//617 616//616 599//599
f 601//601 618//618 617//617
f 601//601 593//593 610//610
f 619//619 618//618 610//610
f 622//622 603//603 602//602
f 622//622 225//225 226//226
f 623//623 604//604 603//603
f 623//623 226//226 209//209
f 606//606 518//518 533//533
f 625//625 624//624 620//620
f 625//625 607//607 606//606
f 625//625 621//621 602//602
f 612//612 627//627 626//626
f 613//613 628//628 539//539
f 614//614 629//629 628//628
f 615//615 630//630 629//629
f 616//616 631//631 630//630
f 632//632 631//631 616//616
f 633//633 632//632 617//617
f 619//619 634//634 633//633
f 619//619 611//611 626//626
f 635//635 634//634 626//626
f 551//551 142//142 227//227
f 636//636 637//637 554//554
f 636//636 227//227 228//228
f 637//637 638//638 562//562
f 638//638 637//637 228//228
f 639//639 638//638 230//230
f 640//640 570//570 562//562
f 639//639 642//642 641//641
f 642//642 639//639 231//231
f 640//640 643//643 587//587
f 640//640 638//638 641//641
f 644//644 643//643 641//641
f 645//645 642//642 235//235
f 646//646 645//645 239//239
f 643//643 647//647 609//609
f 644//644 648//648 647//647
f 644//644 642//642 645//645
f 649//649 612//612 609//609
f 646//646 651//651 650//650
f 646//646 240//240 247//247
f 648//648 653//653 652//652
f 648//648 645//645 650//650
f 654//654 653//653 650//650
f 649//649 655//655 627//627
f 649//649 647//647 652//652
f 656//656 655//655 652//652
f 533//533 532//532 657//657
f 537//537 659//659 657//657
f 660//660 658//658 657//657
f 661//661 659//659 537//537
f 661//661 662//662 660//660
f 539//539 662//662 661//661
f 660//660 664//664 663//663
f 665//665 664//664 660//660
f 621//621 620//620 666//666
f 668//668 622//622 621//621
f 622//622 668//668 273//273
f 669//669 624//624 533//533
f 624//624 669//669 666//666
f 670//670 667//667 666//666
f 672//672 662//662 539//539
f 629//629 673//673 672//672
f 630//630 674//674 673//673
f 675//675 674//674 630//630
f 632//632 676//676 675//675
f 677//677 676//676 632//632
f 678//678 677//677 633//633
f 635//635 679//679 678//678
f 635//635 627//627 671//671
f 680//680 674//674 675//675
f 682//682 681//681 675//675
f 683//683 289//289 290//290
f 684//684 668//668 667//667
f 668//668 684//684 290//290
f 669//669 658//658 663//663
f 670//670 669//669 685//685
f 670//670 686//686 683//683
f 687//687 685//685 663//663
f 665//665 689//689 687//687
f 672//672 689//689 665//665
f 690//690 689//689 672//672
f 691//691 690//690 673//673
f 677//677 694//694 693//693
f 678//678 695//695 694//694
f 679//679 696//696 695//695
f 696//696 679//679 671//671
f 697//697 691//691 674//674
f 697//697 698//698 692//692
f 698//698 697//697 680//680
f 699//699 693//693 692//692
f 699//699 698//698 681//681
f 699//699 682//682 676//676
f 700//700 307//307 289//289
f 686//686 685//685 701//701
f 686//686 702//702 700//700
f 687//687 703//703 701//701
f 704//704 702//702 701//701
f 709//709 703//703 687//687
f 709//709 710//710 704//704
f 690//690 710//710 709//709
f 710//710 711//711 705//705
f 711//711 710//710 690//690
f 712//712 711//711 691//691
f 693//693 713//713 712//712
f 694//694 714//714 713//713
f 715//715 707//707 706//706
f 715//715 714//714 694//694
f 716//716 708//708 707//707
f 716//716 715//715 695//695
f 716//716 696//696 688//688
f 717//717 321//321 307//307
f 702//702 718//718 717//717
f 720//720 718//718 702//702
f 720//720 721//721 719//719
f 705//705 721//721 720//720
f 725//725 724//724 706//706
f 726//726 725//725 707//707
f 727//727 721//721 705//705
f 727//727 728//728 722//722
f 712//712 728//728 727//727
f 728//728 729//729 723//723
f 713//713 729//729 728//728
f 730//730 724//724 723//723
f 730//730 729//729 713//713
f 730//730 714//714 706//706
f 717//717 731//731 330//330
f 732//732 731//731 717//717
f 719//719 733//733 732//732
f 734//734 733//733 719//719
f 722//722 735//735 734//734
f 736//736 735//735 722//722
f 737//737 736//736 723//723
f 738//738 737//737 724//724
f 726//726 739//739 738//738
f 731//731 740//740 339//339
f 741//741 740//740 731//731
f 733//733 742//742 741//741
f 734//734 743//743 742//742
f 735//735 744//744 743//743
f 736//736 745//745 744//744
f 737//737 746//746 745//745
f 747//747 746//746 737//737
f 748//748 747//747 738//738
f 740//740 749//749 351//351
f 741//741 750//750 749//749
f 751//751 750//750 741//741
f 752//752 750//750 751//751
f 743//743 753//753 751//751
f 754//754 753//753 743//743
f 745//745 755//755 754//754
f 746//746 756//756 755//755
f 757//757 756//756 746//746
f 758//758 757//757 747//747
f 759//759 755//755 756//756
f 762//762 761//761 365//365
f 749//749 762//762 366//366
f 763//763 762//762 749//749
f 752//752 764//764 763//763
f 765//765 764//764 752//752
f 754//754 766//766 765//765
f 767//767 766//766 754//754
f 757//757 769//769 768//768
f 758//758 770//770 769//769
f 771//771 766//766 767//767
f 759//759 772//772 767//767
f 773//773 772//772 759//759
f 760//760 756//756 768//768
f 774//774 773//773 768//768
f 775//775 774//774 769//769
f 651//651 247//247 371//371
f 654//654 778//778 777//777
f 654//654 651//651 776//776
f 655//655 779//779 671//671
f 656//656 780//780 779//779
f 656//656 653//653 777//777
f 781//781 776//776 371//371
f 781//781 376//376 377//377
f 778//778 784//784 783//783
f 784//784 778//778 776//776
f 785//785 688//688 671//671
f 780//780 786//786 785//785
f 786//786 780//780 777//777
f 782//782 788//788 787//787
f 782//782 377//377 383//383
f 784//784 790//790 789//789
f 784//784 781//781 787//787
f 791//791 708//708 688//688
f 786//786 792//792 791//791
f 786//786 783//783 789//789
f 793//793 794//794 389//389
f 794//794 793//793 787//787
f 788//788 383//383 389//389
f 796//796 795//795 789//789
f 796//796 790//790 787//787
f 791//791 797//797 726//726
f 792//792 798//798 797//797
f 792//792 789//789 795//795
f 799//799 793//793 388//388
f 801//801 800//800 795//795
f 796//796 793//793 799//799
f 797//797 802//802 739//739
f 803//803 802//802 797//797
f 798//798 795//795 800//800
f 804//804 799//799 394//394
f 801//801 806//806 805//805
f 801//801 799//799 804//804
f 807//807 748//748 739//739
f 808//808 807//807 802//802
f 808//808 803//803 800//800
f 809//809 804//804 399//399
f 806//806 811//811 810//810
f 806//806 804//804 809//809
f 812//812 758//758 748//748
f 813//813 812//812 807//807
f 813//813 808//808 805//805
f 814//814 809//809 404//404
f 816//816 815//815 810//810
f 811//811 809//809 814//814
f 817//817 770//770 758//758
f 818//818 817//817 812//812
f 818//818 813//813 810//810
f 824//824 821//821 822//822
f 825//825 822//822 823//823
f 820//820 826//826 823//823
f 830//830 822//822 821//821
f 831//831 823//823 822//822
f 837//837 836//836 828//828
f 824//824 837//837 829//829
f 838//838 837//837 824//824
f 839//839 838//838 825//825
f 840//840 832//832 833//833
f 841//841 833//833 834//834
f 843//843 842//842 834//834
f 844//844 843//843 835//835
f 845//845 844//844 836//836
f 845//845 837//837 838//838
f 846//846 838//838 839//839
f 827//827 847//847 839//839
f 851//851 829//829 828//828
f 852//852 830//830 829//829
f 831//831 830//830 852//852
f 854//854 848//848 849//849
f 855//855 833//833 832//832
f 856//856 834//834 833//833
f 857//857 835//835 834//834
f 836//836 835//835 857//857
f 836//836 858//858 850//850
f 859//859 851//851 850//850
f 860//860 854//854 832//832
f 861//861 860//860 840//840
f 842//842 862//862 861//861
f 863//863 857//857 856//856
f 863//863 862//862 842//842
f 864//864 858//858 857//857
f 844//844 864//864 863//863
f 865//865 864//864 844//844
f 846//846 866//866 865//865
f 867//867 866//866 846//846
f 869//869 353//353 352//352
f 870//870 354//354 353//353
f 355//355 354//354 870//870
f 356//356 355//355 871//871
f 358//358 357//357 873//873
f 875//875 359//359 358//358
f 875//875 868//868 352//352
f 876//876 363//363 356//356
f 364//364 877//877 873//873
f 879//879 366//366 365//365
f 879//879 877//877 364//364
f 881//881 869//869 868//868
f 870//870 869//869 881//881
f 883//883 871//871 870//870
f 872//872 871//871 883//883
f 874//874 873//873 885//885
f 887//887 875//875 874//874
f 875//875 887//887 880//880
f 876//876 872//872 884//884
f 877//877 889//889 885//885
f 879//879 878//878 890//890
f 891//891 889//889 877//877
f 893//893 881//881 880//880
f 882//882 881//881 893//893
f 895//895 883//883 882//882
f 884//884 883//883 895//895
f 886//886 885//885 897//897
f 899//899 887//887 886//886
f 887//887 899//899 892//892
f 888//888 884//884 896//896
f 889//889 902//902 897//897
f 904//904 903//903 901//901
f 904//904 891//891 890//890
f 904//904 902//902 889//889
f 908//908 893//893 892//892
f 894//894 893//893 908//908
f 910//910 895//895 894//894
f 911//911 896//896 895//895
f 913//913 912//912 905//905
f 913//913 898//898 897//897
f 914//914 913//913 906//906
f 914//914 899//899 898//898
f 914//914 907//907 892//892
f 915//915 900//900 896//896
f 917//917 902//902 901//901
f 917//917 912//912 897//897
f 918//918 916//916 901//901
f 919//919 917//917 916//916
f 922//922 906//906 905//905
f 923//923 907//907 906//906
f 908//908 907//907 923//923
f 909//909 908//908 924//924
f 910//910 909//909 925//925
f 927//927 911//911 910//910
f 820//820 819//819 920//920
f 929//929 928//928 920//920
f 929//929 921//921 905//905
f 930//930 915//915 911//911
f 931//931 928//928 929//929
f 917//917 932//932 929//929
f 919//919 918//918 933//933
f 919//919 934//934 932//932
f 935//935 920//920 819//819
f 936//936 921//921 920//920
f 922//922 921//921 936//936
f 938//938 923//923 922//922
f 939//939 924//924 923//923
f 940//940 925//925 924//924
f 926//926 925//925 940//940
f 942//942 927//927 926//926
f 943//943 826//826 820//820
f 944//944 930//930 927//927
f 827//827 826//826 943//943
f 931//931 945//945 943//943
f 946//946 945//945 931//931
f 947//947 945//945 946//946
f 948//948 934//934 933//933
f 934//934 948//948 946//946
f 935//935 823//823 831//831
f 936//936 935//935 949//949
f 937//937 936//936 950//950
f 952//952 938//938 937//937
f 953//953 939//939 938//938
f 954//954 940//940 939//939
f 955//955 941//941 940//940
f 942//942 941//941 955//955
f 957//957 944//944 942//942
f 958//958 847//847 827//827
f 947//947 959//959 958//958
f 964//964 949//949 831//831
f 965//965 950//950 949//949
f 966//966 951//951 950//950
f 967//967 952//952 951//951
f 968//968 967//967 960//960
f 968//968 953//953 952//952
f 969//969 968//968 961//961
f 954//954 953//953 968//968
f 969//969 962//962 963//963
f 955//955 954//954 969//969
f 971//971 956//956 955//955
f 958//958 972//972 867//867
f 959//959 973//973 972//972
f 405//405 363//363 876//876
f 976//976 406//406 405//405
f 407//407 406//406 976//976
f 408//408 407//407 977//977
f 979//979 409//409 408//408
f 975//975 876//876 888//888
f 981//981 976//976 975//975
f 977//977 976//976 981//981
f 978//978 977//977 982//982
f 979//979 978//978 983//983
f 980//980 888//888 900//900
f 986//986 981//981 980//980
f 982//982 981//981 986//986
f 988//988 983//983 982//982
f 989//989 990//990 988//988
f 984//984 983//983 988//988
f 985//985 900//900 915//915
f 986//986 985//985 991//991
f 993//993 987//987 986//986
f 989//989 987//987 993//993
f 995//995 990//990 989//989
f 996//996 991//991 915//915
f 992//992 991//991 996//996
f 993//993 992//992 997//997
f 1000//1000 994//994 993//993
f 1000//1000 998//998 999//999
f 995//995 994//994 1000//1000
f 1002//1002 996//996 930//930
f 997//997 996//996 1002//1002
f 1004//1004 998//998 997//997
f 999//999 998//998 1004//1004
f 1006//1006 1001//1001 999//999
f 957//957 956//956 1007//1007
f 1002//1002 944//944 957//957
f 1009//1009 1003//1003 1002//1002
f 1004//1004 1003//1003 1009//1009
f 1011//1011 1005//1005 1004//1004
f 1012//1012 1006//1006 1005//1005
f 1007//1007 956//956 971//971
f 1015//1015 1008//1008 1007//1007
f 1015//1015 1013//1013 1014//1014
f 1009//1009 1008//1008 1015//1015
f 1018//1018 1010//1010 1009//1009
f 1018//1018 1016//1016 1017//1017
f 1011//1011 1010//1010 1018//1018
f 1012//1012 1011//1011 1019//1019
f 1023//1023 849//849 848//848
f 852//852 851//851 1024//1024
f 853//853 852//852 1025//1025
f 1027//1027 1022//1022 848//848
f 1028//1028 855//855 849//849
f 1029//1029 856//856 855//855
f 859//859 858//858 1030//1030
f 859//859 1031//1031 1024//1024
f 1032//1032 1025//1025 1024//1024
f 1032//1032 1033//1033 1026//1026
f 860//860 1034//1034 1027//1027
f 1035//1035 1034//1034 860//860
f 1035//1035 1036//1036 1029//1029
f 1036//1036 1035//1035 861//861
f 862//862 856//856 1029//1029
f 864//864 1037//1037 1030//1030
f 1038//1038 1031//1031 1030//1030
f 865//865 1038//1038 1037//1037
f 1038//1038 1039//1039 1032//1032
f 866//866 1039//1039 1038//1038
f 1040//1040 1033//1033 1032//1032
f 867//867 1040//1040 1039//1039
f 1023//1023 1022//1022 1041//1041
f 1027//1027 1043//1043 1041//1041
f 1043//1043 1044//1044 1042//1042
f 1044//1044 1028//1028 1023//1023
f 1045//1045 1043//1043 1027//1027
f 1045//1045 1046//1046 1044//1044
f 1046//1046 1045//1045 1034//1034
f 1046//1046 1035//1035 1028//1028
f 1048//1048 961//961 960//960
f 962//962 961//961 1048//1048
f 963//963 962//962 1049//1049
f 964//964 853//853 1026//1026
f 965//965 964//964 1051//1051
f 1053//1053 966//966 965//965
f 1054//1054 967//967 966//966
f 967//967 1054//1054 1047//1047
f 1055//1055 1048//1048 1047//1047
f 1056//1056 1049//1049 1048//1048
f 1056//1056 1057//1057 1050//1050
f 970//970 963//963 1050//1050
f 1058//1058 971//971 970//970
f 1033//1033 1059//1059 1051//1051
f 1060//1060 1052//1052 1051//1051
f 1040//1040 1061//1061 1059//1059
f 972//972 1061//1061 1040//1040
f 1062//1062 1060//1060 1059//1059
f 1063//1063 1061//1061 972//972
f 974//974 1064//1064 1063//1063
f 1053//1053 1052//1052 1065//1065
f 1054//1054 1053//1053 1066//1066
f 1055//1055 1054//1054 1067//1067
f 1069//1069 1056//1056 1055//1055
f 1070//1070 1057//1057 1056//1056
f 1058//1058 1057//1057 1070//1070
f 1060//1060 1072//1072 1065//1065
f 1073//1073 1066//1066 1065//1065
f 1074//1074 1067//1067 1066//1066
f 1062//1062 1061//1061 1076//1076
f 1062//1062 1077//1077 1072//1072
f 1078//1078 1073//1073 1072//1072
f 1063//1063 1079//1079 1076//1076
f 1080//1080 1077//1077 1076//1076
f 1064//1064 1080//1080 1079//1079
f 1068//1068 1067//1067 1081//1081
f 1069//1069 1068//1068 1082//1082
f 1070//1070 1069//1069 1083//1083
f 1085//1085 1071//1071 1070//1070
f 1074//1074 1073//1073 1086//1086
f 1074//1074 1087//1087 1081//1081
f 1088//1088 1082//1082 1081//1081
f 1089//1089 1083//1083 1082//1082
f 1090//1090 1084//1084 1083//1083
f 1090//1090 1091//1091 1085//1085
f 1075//1075 1071//1071 1085//1085
f 1078//1078 1077//1077 1092//1092
f 1078//1078 1093//1093 1086//1086
f 1094//1094 1087//1087 1086//1086
f 1080//1080 1095//1095 1092//1092
f 1096//1096 1093//1093 1092//1092
f 1088//1088 1087//1087 1097//1097
f 1099//1099 1089//1089 1088//1088
f 1090//1090 1089//1089 1099//1099
f 1101//1101 1091//1091 1090//1090
f 1094//1094 1093//1093 1102//1102
f 1094//1094 1103//1103 1097//1097
f 1104//1104 1098//1098 1097//1097
f 1105//1105 1099//1099 1098//1098
f 1105//1105 1106//1106 1100//1100
f 1107//1107 1101//1101 1100//1100
f 1096//1096 1095//1095 1108//1108
f 1096//1096 1109//1109 1102//1102
f 1110//1110 1103//1103 1102//1102
f 1111//1111 1104//1104 1103//1103
f 1105//1105 1104//1104 1113//1113
f 1115//1115 1106//1106 1105//1105
f 1107//1107 1106//1106 1115//1115
f 1107//1107 1116//1116 1112//1112
f 1111//1111 1110//1110 1117//1117
f 1111//1111 1118//1118 1113//1113
f 1119//1119 1114//1114 1113//1113
f 1120//1120 1115//1115 1114//1114
f 1121//1121 1116//1116 1115//1115
f 1120//1120 1119//1119 1123//1123
f 1121//1121 1120//1120 1124//1124
f 1121//1121 1125//1125 1122//1122
f 1127//1127 1013//1013 971//971
f 1128//1128 1014//1014 1013//1013
f 1129//1129 1130//1130 1128//1128
f 1130//1130 1016//1016 1014//1014
f 1017//1017 1016//1016 1130//1130
f 1132//1132 1019//1019 1017//1017
f 1134//1134 1020//1020 1019//1019
f 1134//1134 1132//1132 1133//1133
f 1021//1021 1020//1020 1134//1134
f 1136//1136 1127//1127 1058//1058
f 1075//1075 1137//1137 1136//1136
f 1129//1129 1127//1127 1136//1136
f 1138//1138 1130//1130 1129//1129
f 1139//1139 1131//1131 1130//1130
f 1140//1140 1141//1141 1139//1139
f 1132//1132 1131//1131 1139//1139
f 1133//1133 1132//1132 1141//1141
f 1143//1143 1135//1135 1133//1133
f 1145//1145 1137//1137 1075//1075
f 1138//1138 1137//1137 1145//1145
f 1148//1148 1140//1140 1138//1138
f 1148//1148 1146//1146 1147//1147
f 1141//1141 1140//1140 1148//1148
f 1142//1142 1141//1141 1149//1149
f 1152//1152 1143//1143 1142//1142
f 1152//1152 1150//1150 1151//1151
f 1144//1144 1143//1143 1152//1152
f 1155//1155 1145//1145 1091//1091
f 1156//1156 1146//1146 1145//1145
f 1147//1147 1146//1146 1156//1156
f 1159//1159 1149//1149 1147//1147
f 1159//1159 1157//1157 1158//1158
f 1150//1150 1149//1149 1159//1159
f 1151//1151 1150//1150 1160//1160
f 1163//1163 1153//1153 1151//1151
f 1163//1163 1161//1161 1162//1162
f 1154//1154 1153//1153 1163//1163
f 1155//1155 1101//1101 1112//1112
f 1156//1156 1155//1155 1166//1166
f 1168//1168 1157//1157 1156//1156
f 1158//1158 1157//1157 1168//1168
f 1172//1172 1166//1166 1112//1112
f 1173//1173 1160//1160 1158//1158
f 1173//1173 1169//1169 1170//1170
f 1161//1161 1160//1160 1173//1173
f 1174//1174 1170//1170 1171//1171
f 1162//1162 1161//1161 1174//1174
f 1177//1177 1164//1164 1162//1162
f 1177//1177 1175//1175 1176//1176
f 1165//1165 1164//1164 1177//1177
f 1167//1167 1166//1166 1179//1179
f 1168//1168 1167//1167 1180//1180
f 1182//1182 1169//1169 1168//1168
f 1170//1170 1169//1169 1182//1182
f 1171//1171 1170//1170 1183//1183
f 1172//1172 1116//1116 1122//1122
f 1172//1172 1186//1186 1179//1179
f 1187//1187 1180//1180 1179//1179
f 1188//1188 1175//1175 1171//1171
f 1188//1188 1184//1184 1185//1185
f 1176//1176 1175//1175 1188//1188
f 1190//1190 1186//1186 1122//1122
f 1191//1191 1178//1178 1176//1176
f 1181//1181 1180//1180 1195//1195
f 1182//1182 1181//1181 1196//1196
f 1198//1198 1197//1197 1193//1193
f 1183//1183 1182//1182 1197//1197
f 1199//1199 1184//1184 1183//1183
f 1185//1185 1184//1184 1199//1199
f 1187//1187 1186//1186 1202//1202
f 1187//1187 1203//1203 1195//1195
f 1204//1204 1189//1189 1185//1185
f 1204//1204 1200//1200 1201//1201
f 1190//1190 1125//1125 1126//1126
f 1190//1190 1206//1206 1202//1202
f 1207//1207 1203//1203 1202//1202
f 1208//1208 1191//1191 1189//1189
f 1208//1208 1204//1204 1205//1205
f 1192//1192 1191//1191 1208//1208
f 1194//1194 1193//1193 1210//1210
f 1196//1196 1195//1195 1212//1212
f 1197//1197 1196//1196 1213//1213
f 1214//1214 1210//1210 1193//1193
f 1215//1215 1211//1211 1210//1210
f 1215//1215 1198//1198 1194//1194
f 1216//1216 1199//1199 1198//1198
f 1217//1217 1200//1200 1199//1199
f 1218//1218 1201//1201 1200//1200
f 1219//1219 1212//1212 1195//1195
f 1220//1220 1221//1221 1218//1218
f 1221//1221 1205//1205 1201//1201
f 1207//1207 1206//1206 1222//1222
f 1207//1207 1223//1223 1219//1219
f 1225//1225 1221//1221 1220//1220
f 1225//1225 1209//1209 1205//1205
f 1213//1213 1212//1212 1228//1228
f 1230//1230 1214//1214 1213//1213
f 1230//1230 1226//1226 1227//1227
f 1231//1231 1215//1215 1214//1214
f 1216//1216 1215//1215 1231//1231
f 1233//1233 1217//1217 1216//1216
f 1219//1219 1235//1235 1228//1228
f 1236//1236 1229//1229 1228//1228
f 1237//1237 1238//1238 1233//1233
f 1220//1220 1217//1217 1233//1233
f 1240//1240 1239//1239 1234//1234
f 1240//1240 1223//1223 1222//1222
f 1240//1240 1235//1235 1219//1219
f 1241//1241 1224//1224 1220//1220
f 1244//1244 1227//1227 1226//1226
f 1246//1246 1245//1245 1242//1242
f 1246//1246 1230//1230 1229//1229
f 1246//1246 1243//1243 1226//1226
f 1247//1247 1248//1248 1244//1244
f 1231//1231 1227//1227 1244//1244
f 1249//1249 1232//1232 1231//1231
f 1235//1235 1234//1234 1250//1250
f 1236//1236 1235//1235 1251//1251
f 1236//1236 1252//1252 1245//1245
f 1253//1253 1254//1254 1249//1249
f 1237//1237 1232//1232 1249//1249
f 1255//1255 1238//1238 1237//1237
f 1239//1239 1256//1256 1250//1250
f 1257//1257 1251//1251 1250//1250
f 1258//1258 1259//1259 1255//1255
f 1241//1241 1238//1238 1255//1255
f 1261//1261 1243//1243 1242//1242
f 1262//1262 1260//1260 1242//1242
f 1262//1262 1263//1263 1261//1261
f 1247//1247 1243//1243 1261//1261
f 1264//1264 1248//1248 1247//1247
f 1252//1252 1251//1251 1265//1265
f 1252//1252 1266//1266 1262//1262
f 1267//1267 1263//1263 1262//1262
f 1267//1267 1268//1268 1264//1264
f 1253//1253 1248//1248 1264//1264
f 1269//1269 1254//1254 1253//1253
f 1257//1257 1256//1256 1270//1270
f 1257//1257 1271//1271 1265//1265
f 1272//1272 1266//1266 1265//1265
f 1272//1272 1273//1273 1267//1267
f 1273//1273 1274//1274 1268//1268
f 1274//1274 1275//1275 1269//1269
f 1258//1258 1254//1254 1269//1269
f 1272//1272 1271//1271 1276//1276
f 1273//1273 1272//1272 1277//1277
f 1279//1279 1274//1274 1273//1273
f 1287//1287 1286//1286 1283//1283
f 1288//1288 1287//1287 1284//1284
f 1288//1288 1285//1285 1280//1280
f 1298//1298 1297//1297 1289//1289
f 1299//1299 1298//1298 1290//1290
f 1299//1299 1291//1291 1292//1292
f 1300//1300 1292//1292 1293//1293
f 1301//1301 1293//1293 1294//1294
f 1303//1303 1302//1302 1294//1294
f 1303//1303 1284//1284 1283//1283
f 1304//1304 1303//1303 1295//1295
f 1304//1304 1285//1285 1284//1284
f 1304//1304 1296//1296 1282//1282
f 1305//1305 1301//1301 1302//1302
f 1306//1306 1302//1302 1283//1283
f 1307//1307 1306//1306 1286//1286
f 1308//1308 1307//1307 1287//1287
f 1310//1310 1290//1290 1289//1289
f 1291//1291 1290//1290 1310//1310
f 1312//1312 1292//1292 1291//1291
f 1293//1293 1292//1292 1312//1312
f 1314//1314 1294//1294 1293//1293
f 1295//1295 1294//1294 1314//1314
f 1316//1316 1296//1296 1295//1295
f 1297//1297 1317//1317 1309//1309
f 1318//1318 1317//1317 1297//1297
f 1319//1319 1318//1318 1298//1298
f 1319//1319 1320//1320 1312//1312
f 1320//1320 1319//1319 1299//1299
f 1320//1320 1321//1321 1313//1313
f 1301//1301 1321//1321 1320//1320
f 1324//1324 1323//1323 1317//1317
f 1325//1325 1321//1321 1301//1301
f 1325//1325 1326//1326 1322//1322
f 1326//1326 1325//1325 1305//1305
f 1327//1327 1326//1326 1306//1306
f 1308//1308 1328//1328 1327//1327
f 761//761 1329//1329 878//878
f 1330//1330 1329//1329 761//761
f 763//763 1331//1331 1330//1330
f 1332//1332 1331//1331 763//763
f 765//765 1333//1333 1332//1332
f 1334//1334 1333//1333 765//765
f 771//771 1336//1336 1334//1334
f 1337//1337 1336//1336 771//771
f 1338//1338 1337//1337 772//772
f 774//774 1339//1339 1338//1338
f 775//775 1340//1340 1339//1339
f 775//775 770//770 1335//1335
f 1329//1329 1341//1341 890//890
f 1330//1330 1342//1342 1341//1341
f 1331//1331 1343//1343 1342//1342
f 1344//1344 1343//1343 1331//1331
f 1333//1333 1345//1345 1344//1344
f 1346//1346 1345//1345 1333//1333
f 1348//1348 1346//1346 1334//1334
f 1349//1349 1348//1348 1336//1336
f 1338//1338 1350//1350 1349//1349
f 1351//1351 1350//1350 1338//1338
f 1340//1340 1352//1352 1351//1351
f 1352//1352 1340//1340 1335//1335
f 1353//1353 903//903 890//890
f 1354//1354 1353//1353 1341//1341
f 1355//1355 1353//1353 1354//1354
f 1343//1343 1356//1356 1354//1354
f 1357//1357 1356//1356 1343//1343
f 1345//1345 1358//1358 1357//1357
f 1359//1359 1358//1358 1345//1345
f 1361//1361 1359//1359 1346//1346
f 1362//1362 1361//1361 1348//1348
f 1350//1350 1363//1363 1362//1362
f 1364//1364 1363//1363 1350//1350
f 1352//1352 1365//1365 1364//1364
f 1365//1365 1352//1352 1347//1347
f 1366//1366 918//918 903//903
f 1355//1355 1368//1368 1366//1366
f 1368//1368 1369//1369 1367//1367
f 1369//1369 1368//1368 1355//1355
f 1357//1357 1370//1370 1369//1369
f 1371//1371 1370//1370 1357//1357
f 1372//1372 1371//1371 1358//1358
f 1374//1374 1370//1370 1371//1371
f 1375//1375 1371//1371 1372//1372
f 1361//1361 1376//1376 1372//1372
f 1377//1377 1376//1376 1361//1361
f 1363//1363 1378//1378 1377//1377
f 1379//1379 1378//1378 1363//1363
f 1380//1380 1379//1379 1364//1364
f 1365//1365 1360//1360 1373//1373
f 1381//1381 933//933 918//918
f 1367//1367 1382//1382 1381//1381
f 1384//1384 1382//1382 1367//1367
f 1386//1386 1385//1385 1383//1383
f 1386//1386 1384//1384 1369//1369
f 1388//1388 1281//1281 1280//1280
f 1388//1388 1385//1385 1386//1386
f 1374//1374 1389//1389 1386//1386
f 1390//1390 1389//1389 1374//1374
f 1391//1391 1390//1390 1375//1375
f 1377//1377 1392//1392 1391//1391
f 1378//1378 1393//1393 1392//1392
f 1379//1379 1394//1394 1393//1393
f 1395//1395 1394//1394 1379//1379
f 1380//1380 1373//1373 1387//1387
f 1381//1381 1396//1396 947//947
f 1397//1397 1396//1396 1381//1381
f 1399//1399 1398//1398 1396//1396
f 1399//1399 1384//1384 1383//1383
f 1399//1399 1397//1397 1382//1382
f 1400//1400 1285//1285 1282//1282
f 1400//1400 1385//1385 1280//1280
f 1400//1400 1398//1398 1383//1383
f 1402//1402 1288//1288 1281//1281
f 1403//1403 1402//1402 1388//1388
f 1390//1390 1404//1404 1403//1403
f 1405//1405 1404//1404 1390//1390
f 1406//1406 1405//1405 1391//1391
f 1407//1407 1406//1406 1392//1392
f 1394//1394 1408//1408 1407//1407
f 1409//1409 1408//1408 1394//1394
f 1395//1395 1387//1387 1401//1401
f 1410//1410 959//959 947//947
f 1411//1411 1398//1398 1282//1282
f 1411//1411 1410//1410 1396//1396
f 1402//1402 1413//1413 1308//1308
f 1403//1403 1414//1414 1413//1413
f 1404//1404 1415//1415 1414//1414
f 1416//1416 1415//1415 1404//1404
f 1417//1417 1416//1416 1405//1405
f 1418//1418 1417//1417 1406//1406
f 1419//1419 1418//1418 1407//1407
f 1409//1409 1420//1420 1419//1419
f 1409//1409 1401//1401 1412//1412
f 1421//1421 973//973 959//959
f 1422//1422 974//974 973//973
f 1411//1411 1296//1296 1316//1316
f 1423//1423 1421//1421 1410//1410
f 1424//1424 1328//1328 1308//1308
f 1425//1425 1424//1424 1413//1413
f 1426//1426 1425//1425 1414//1414
f 1427//1427 1426//1426 1415//1415
f 1428//1428 1427//1427 1416//1416
f 1418//1418 1429//1429 1428//1428
f 1419//1419 1430//1430 1429//1429
f 1431//1431 1430//1430 1419//1419
f 1432//1432 1427//1427 1428//1428
f 1433//1433 1428//1428 1429//1429
f 1435//1435 1434//1434 1429//1429
f 1436//1436 814//814 409//409
f 816//816 1438//1438 1437//1437
f 816//816 814//814 1436//1436
f 817//817 1439//1439 1335//1335
f 1440//1440 1439//1439 817//817
f 1440//1440 818//818 815//815
f 1441//1441 1436//1436 979//979
f 1438//1438 1443//1443 1442//1442
f 1443//1443 1438//1438 1436//1436
f 1439//1439 1444//1444 1347//1347
f 1445//1445 1444//1444 1439//1439
f 1445//1445 1440//1440 1437//1437
f 1447//1447 1441//1441 984//984
f 1449//1449 1447//1447 1446//1446
f 1449//1449 1448//1448 1442//1442
f 1449//1449 1443//1443 1441//1441
f 1444//1444 1450//1450 1360//1360
f 1451//1451 1450//1450 1444//1444
f 1451//1451 1445//1445 1442//1442
f 1453//1453 1452//1452 1446//1446
f 1453//1453 1447//1447 990//990
f 1454//1454 1448//1448 1446//1446
f 1450//1450 1455//1455 1373//1373
f 1451//1451 1456//1456 1455//1455
f 1451//1451 1448//1448 1454//1454
f 1453//1453 1458//1458 1457//1457
f 1453//1453 995//995 1001//1001
f 1454//1454 1452//1452 1457//1457
f 1460//1460 1459//1459 1457//1457
f 1461//1461 1387//1387 1373//1373
f 1456//1456 1462//1462 1461//1461
f 1462//1462 1456//1456 1454//1454
f 1463//1463 1458//1458 1001//1001
f 1460//1460 1465//1465 1464//1464
f 1460//1460 1458//1458 1463//1463
f 1466//1466 1401//1401 1387//1387
f 1462//1462 1467//1467 1466//1466
f 1462//1462 1459//1459 1464//1464
f 1463//1463 1006//1006 1012//1012
f 1470//1470 1469//1469 1464//1464
f 1465//1465 1463//1463 1468//1468
f 1466//1466 1471//1471 1412//1412
f 1472//1472 1471//1471 1466//1466
f 1472//1472 1467//1467 1464//1464
f 1473//1473 1420//1420 1412//1412
f 1468//1468 1012//1012 1020//1020
f 1474//1474 1020//1020 1021//1021
f 1470//1470 1477//1477 1476//1476
f 1477//1477 1470//1470 1468//1468
f 1472//1472 1479//1479 1478//1478
f 1472//1472 1469//1469 1476//1476
f 1480//1480 1479//1479 1476//1476
f 1473//1473 1481//1481 1431//1431
f 1473//1473 1471//1471 1478//1478
f 1482//1482 1481//1481 1478//1478
f 1484//1484 1310//1310 1309//1309
f 1485//1485 1311//1311 1310//1310
f 1314//1314 1313//1313 1486//1486
f 1315//1315 1314//1314 1487//1487
f 1316//1316 1315//1315 1488//1488
f 1490//1490 1483//1483 1309//1309
f 1492//1492 1485//1485 1484//1484
f 1492//1492 1491//1491 1318//1318
f 1492//1492 1319//1319 1311//1311
f 1493//1493 1486//1486 1313//1313
f 1493//1493 1494//1494 1487//1487
f 1322//1322 1494//1494 1493//1493
f 1495//1495 1488//1488 1487//1487
f 1495//1495 1496//1496 1489//1489
f 1323//1323 1497//1497 1490//1490
f 1498//1498 1497//1497 1323//1323
f 1324//1324 1318//1318 1491//1491
f 1499//1499 1494//1494 1322//1322
f 1499//1499 1500//1500 1495//1495
f 1327//1327 1500//1500 1499//1499
f 1501//1501 1496//1496 1495//1495
f 1328//1328 1501//1501 1500//1500
f 1503//1503 1484//1484 1483//1483
f 1490//1490 1504//1504 1502//1502
f 1505//1505 1503//1503 1502//1502
f 1491//1491 1484//1484 1503//1503
f 1506//1506 1504//1504 1490//1490
f 1507//1507 1505//1505 1504//1504
f 1498//1498 1507//1507 1506//1506
f 1498//1498 1491//1491 1505//1505
f 1422//1422 1421//1421 1508//1508
f 1509//1509 1064//1064 974//974
f 1423//1423 1316//1316 1489//1489
f 1423//1423 1510//1510 1508//1508
f 1512//1512 1510//1510 1489//1489
f 1512//1512 1513//1513 1511//1511
f 1514//1514 1512//1512 1496//1496
f 1424//1424 1514//1514 1501//1501
f 1514//1514 1515//1515 1513//1513
f 1425//1425 1515//1515 1514//1514
f 1516//1516 1515//1515 1425//1425
f 1517//1517 1516//1516 1426//1426
f 1521//1521 1520//1520 1430//1430
f 1522//1522 1517//1517 1427//1427
f 1522//1522 1523//1523 1518//1518
f 1523//1523 1522//1522 1432//1432
f 1523//1523 1524//1524 1519//1519
f 1434//1434 1524//1524 1523//1523
f 1525//1525 1520//1520 1519//1519
f 1435//1435 1525//1525 1524//1524
f 1525//1525 1435//1435 1430//1430
f 1509//1509 1508//1508 1526//1526
f 1509//1509 1527//1527 1080//1080
f 1528//1528 1526//1526 1508//1508
f 1528//1528 1529//1529 1527//1527
f 1511//1511 1529//1529 1528//1528
f 1531//1531 1529//1529 1511//1511
f 1531//1531 1532//1532 1530//1530
f 1535//1535 1531//1531 1513//1513
f 1535//1535 1536//1536 1532//1532
f 1516//1516 1536//1536 1535//1535
f 1536//1536 1537//1537 1533//1533
f 1517//1517 1537//1537 1536//1536
f 1518//1518 1538//1538 1537//1537
f 1539//1539 1538//1538 1518//1518
f 1540//1540 1539//1539 1519//1519
f 1521//1521 1541//1541 1540//1540
f 1527//1527 1542//1542 1095//1095
f 1544//1544 1542//1542 1527//1527
f 1544//1544 1545//1545 1543//1543
f 1530//1530 1545//1545 1544//1544
f 1547//1547 1545//1545 1530//1530
f 1547//1547 1548//1548 1546//1546
f 1533//1533 1548//1548 1547//1547
f 1553//1553 1548//1548 1533//1533
f 1553//1553 1554//1554 1549//1549
f 1538//1538 1554//1554 1553//1553
f 1554//1554 1555//1555 1550//1550
f 1539//1539 1555//1555 1554//1554
f 1555//1555 1556//1556 1551//1551
f 1540//1540 1556//1556 1555//1555
f 1557//1557 1552//1552 1551//1551
f 1557//1557 1556//1556 1540//1540
f 1557//1557 1541//1541 1534//1534
f 1542//1542 1558//1558 1108//1108
f 1558//1558 1559//1559 1109//1109
f 1543//1543 1559//1559 1558//1558
f 1560//1560 1110//1110 1109//1109
f 1562//1562 1559//1559 1543//1543
f 1562//1562 1563//1563 1560//1560
f 1546//1546 1563//1563 1562//1562
f 1563//1563 1564//1564 1561//1561
f 1568//1568 1563//1563 1546//1546
f 1568//1568 1569//1569 1564//1564
f 1549//1549 1569//1569 1568//1568
f 1569//1569 1570//1570 1565//1565
f 1570//1570 1569//1569 1549//1549
f 1571//1571 1566//1566 1565//1565
f 1551//1551 1571//1571 1570//1570
f 1571//1571 1572//1572 1567//1567
f 1572//1572 1571//1571 1551//1551
f 1573//1573 1117//1117 1110//1110
f 1573//1573 1574//1574 1118//1118
f 1561//1561 1574//1574 1573//1573
f 1574//1574 1575//1575 1119//1119
f 1578//1578 1574//1574 1561//1561
f 1578//1578 1579//1579 1575//1575
f 1565//1565 1579//1579 1578//1578
f 1579//1579 1580//1580 1576//1576
f 1580//1580 1579//1579 1565//1565
f 1580//1580 1581//1581 1577//1577
f 1567//1567 1581//1581 1580//1580
f 1582//1582 1581//1581 1567//1567
f 1575//1575 1583//1583 1123//1123
f 1583//1583 1584//1584 1124//1124
f 1576//1576 1584//1584 1583//1583
f 1585//1585 1125//1125 1124//1124
f 1577//1577 1585//1585 1584//1584
f 1586//1586 1585//1585 1577//1577
f 1587//1587 1126//1126 1125//1125
f 1475//1475 1589//1589 1588//1588
f 1589//1589 1475//1475 1021//1021
f 1477//1477 1474//1474 1588//1588
f 1591//1591 1590//1590 1588//1588
f 1480//1480 1594//1594 1593//1593
f 1480//1480 1477//1477 1590//1590
f 1595//1595 1521//1521 1431//1431
f 1596//1596 1593//1593 1592//1592
f 1596//1596 1595//1595 1481//1481
f 1482//1482 1479//1479 1593//1593
f 1597//1597 1589//1589 1135//1135
f 1597//1597 1143//1143 1144//1144
f 1591//1591 1601//1601 1600//1600
f 1591//1591 1589//1589 1597//1597
f 1603//1603 1602//1602 1592//1592
f 1604//1604 1600//1600 1599//1599
f 1604//1604 1603//1603 1593//1593
f 1604//1604 1594//1594 1590//1590
f 1605//1605 1602//1602 1534//1534
f 1605//1605 1541//1541 1521//1521
f 1605//1605 1595//1595 1592//1592
f 1598//1598 1607//1607 1606//1606
f 1598//1598 1144//1144 1153//1153
f 1607//1607 1153//1153 1154//1154
f 1600//1600 1610//1610 1609//1609
f 1601//1601 1611//1611 1610//1610
f 1601//1601 1597//1597 1606//1606
f 1612//1612 1611//1611 1606//1606
f 1613//1613 1552//1552 1534//1534
f 1603//1603 1614//1614 1613//1613
f 1603//1603 1599//1599 1609//1609
f 1615//1615 1614//1614 1609//1609
f 1608//1608 1617//1617 1616//1616
f 1617//1617 1608//1608 1154//1154
f 1618//1618 1617//1617 1164//1164
f 1611//1611 1620//1620 1619//1619
f 1612//1612 1621//1621 1620//1620
f 1612//1612 1607//1607 1616//1616
f 1622//1622 1621//1621 1616//1616
f 1623//1623 1572//1572 1552//1552
f 1624//1624 1623//1623 1613//1613
f 1615//1615 1625//1625 1624//1624
f 1615//1615 1610//1610 1619//1619
f 1626//1626 1625//1625 1619//1619
f 1618//1618 1628//1628 1627//1627
f 1628//1628 1618//1618 1165//1165
f 1621//1621 1631//1631 1630//1630
f 1622//1622 1632//1632 1631//1631
f 1622//1622 1617//1617 1627//1627
f 1633//1633 1632//1632 1627//1627
f 1582//1582 1634//1634 1629//1629
f 1623//1623 1634//1634 1582//1582
f 1624//1624 1635//1635 1634//1634
f 1636//1636 1635//1635 1624//1624
f 1626//1626 1637//1637 1636//1636
f 1626//1626 1620//1620 1630//1630
f 1638//1638 1637//1637 1630//1630
f 1639//1639 1638//1638 1631//1631
f 1628//1628 1178//1178 1191//1191
f 1641//1641 1191//1191 1192//1192
f 1586//1586 1643//1643 1640//1640
f 1629//1629 1643//1643 1586//1586
f 1633//1633 1646//1646 1645//1645
f 1633//1633 1628//1628 1641//1641
f 1647//1647 1643//1643 1629//1629
f 1647//1647 1648//1648 1644//1644
f 1635//1635 1648//1648 1647//1647
f 1636//1636 1649//1649 1648//1648
f 1650//1650 1649//1649 1636//1636
f 1638//1638 1651//1651 1650//1650
f 1639//1639 1652//1652 1651//1651
f 1639//1639 1632//1632 1645//1645
f 1653//1653 1652//1652 1645//1645
f 1587//1587 1654//1654 1206//1206
f 1640//1640 1654//1654 1587//1587
f 1642//1642 1657//1657 1656//1656
f 1657//1657 1642//1642 1192//1192
f 1658//1658 1654//1654 1640//1640
f 1658//1658 1659//1659 1655//1655
f 1644//1644 1659//1659 1658//1658
f 1646//1646 1641//1641 1656//1656
f 1661//1661 1660//1660 1656//1656
f 1662//1662 1659//1659 1644//1644
f 1649//1649 1663//1663 1662//1662
f 1650//1650 1664//1664 1663//1663
f 1651//1651 1665//1665 1664//1664
f 1666//1666 1665//1665 1651//1651
f 1653//1653 1667//1667 1666//1666
f 1653//1653 1646//1646 1660//1660
f 1668//1668 1667//1667 1660//1660
f 1669//1669 1664//1664 1665//1665
f 1654//1654 1671//1671 1222//1222
f 1655//1655 1672//1672 1671//1671
f 1673//1673 1674//1674 1225//1225
f 1674//1674 1657//1657 1209//1209
f 1675//1675 1672//1672 1655//1655
f 1676//1676 1677//1677 1674//1674
f 1661//1661 1657//1657 1674//1674
f 1662//1662 1678//1678 1675//1675
f 1663//1663 1679//1679 1678//1678
f 1664//1664 1680//1680 1679//1679
f 1682//1682 1681//1681 1665//1665
f 1683//1683 1682//1682 1666//1666
f 1684//1684 1677//1677 1676//1676
f 1684//1684 1683//1683 1667//1667
f 1668//1668 1661//1661 1677//1677
f 1669//1669 1685//1685 1680//1680
f 1685//1685 1686//1686 1681//1681
f 1686//1686 1685//1685 1669//1669
f 1670//1670 1665//1665 1681//1681
f 1687//1687 1239//1239 1222//1222
f 1688//1688 1687//1687 1671//1671
f 1689//1689 1673//1673 1224//1224
f 1690//1690 1687//1687 1688//1688
f 1675//1675 1691//1691 1688//1688
f 1676//1676 1673//1673 1689//1689
f 1695//1695 1691//1691 1675//1675
f 1695//1695 1696//1696 1692//1692
f 1679//1679 1696//1696 1695//1695
f 1697//1697 1696//1696 1679//1679
f 1698//1698 1697//1697 1680//1680
f 1682//1682 1699//1699 1698//1698
f 1700//1700 1694//1694 1693//1693
f 1700//1700 1699//1699 1682//1682
f 1700//1700 1683//1683 1676//1676
f 1702//1702 1701//1701 1697//1697
f 1687//1687 1703//1703 1256//1256
f 1706//1706 1259//1259 1258//1258
f 1689//1689 1241//1241 1259//1259
f 1707//1707 1703//1703 1687//1687
f 1707//1707 1708//1708 1704//1704
f 1691//1691 1708//1708 1707//1707
f 1692//1692 1709//1709 1708//1708
f 1712//1712 1706//1706 1705//1705
f 1712//1712 1711//1711 1693//1693
f 1712//1712 1694//1694 1689//1689
f 1713//1713 1709//1709 1692//1692
f 1715//1715 1713//1713 1696//1696
f 1717//1717 1711//1711 1710//1710
f 1717//1717 1716//1716 1698//1698
f 1717//1717 1699//1699 1693//1693
f 1718//1718 1713//1713 1715//1715
f 1701//1701 1719//1719 1715//1715
f 1720//1720 1716//1716 1714//1714
f 1720//1720 1719//1719 1701//1701
f 1720//1720 1702//1702 1698//1698
f 1703//1703 1721//1721 1270//1270
f 1722//1722 1271//1271 1270//1270
f 1704//1704 1722//1722 1721//1721
f 1726//1726 1275//1275 1274//1274
f 1705//1705 1258//1258 1275//1275
f 1727//1727 1722//1722 1704//1704
f 1727//1727 1728//1728 1723//1723
f 1709//1709 1728//1728 1727//1727
f 1729//1729 1724//1724 1723//1723
f 1730//1730 1725//1725 1724//1724
f 1731//1731 1726//1726 1725//1725
f 1731//1731 1730//1730 1710//1710
f 1731//1731 1711//1711 1705//1705
f 1732//1732 1728//1728 1709//1709
f 1732//1732 1733//1733 1729//1729
f 1734//1734 1730//1730 1729//1729
f 1734//1734 1733//1733 1714//1714
f 1734//1734 1716//1716 1710//1710
f 1718//1718 1735//1735 1732//1732
f 1736//1736 1733//1733 1732//1732
f 1736//1736 1735//1735 1718//1718
f 1736//1736 1719//1719 1714//1714
f 1737//1737 1276//1276 1271//1271
f 1737//1737 1738//1738 1277//1277
f 1723//1723 1738//1738 1737//1737
f 1738//1738 1739//1739 1278//1278
f 1724//1724 1739//1739 1738//1738
f 1740//1740 1279//1279 1278//1278
f 1740//1740 1739//1739 1724//1724
f 1725//1725 1274//1274 1279//1279
# 3476 faces, 0 coords texture

# End of File
